{"type":"FeatureCollection","name":"aceh_kecamatan","crs":{"type":"name","properties":{"name":"urn:ogc:def:crs:OGC:1.3:CRS84"}},"features":[{"type":"Feature","properties":{"nmkec":"Simeulue Timur","nmkab":"Simeulue","nmprov":"Aceh","kdkec":"020","kdkab":"01","kodekab":"1101","idkec":"1101020","index":0},"geometry":{"type":"MultiPolygon","coordinates":[[[[96.245546,2.600435],[96.251653,2.587646],[96.25941,2.583017],[96.270157,2.573699],[96.273135,2.573043],[96.2804,2.573844],[96.294081,2.563147],[96.30566,2.559368],[96.310719,2.560212],[96.312971,2.561752],[96.318925,2.560661],[96.324808,2.557023],[96.327384,2.55301],[96.332995,2.550217],[96.337584,2.55065],[96.343499,2.554458],[96.344342,2.554128],[96.344489,2.552845],[96.340369,2.550664],[96.342755,2.547134],[96.345579,2.546289],[96.349731,2.54742],[96.352444,2.545294],[96.347812,2.543714],[96.344253,2.539684],[96.342993,2.532223],[96.339565,2.530255],[96.34013,2.528554],[96.344768,2.526789],[96.345382,2.525279],[96.344607,2.523647],[96.342697,2.522398],[96.340542,2.524768],[96.339437,2.524166],[96.341136,2.521574],[96.345985,2.519263],[96.349813,2.522828],[96.354405,2.523377],[96.355492,2.522435],[96.351076,2.519776],[96.356515,2.515833],[96.36044,2.514703],[96.362728,2.516005],[96.362382,2.517911],[96.361276,2.517855],[96.361533,2.516664],[96.360374,2.517103],[96.357876,2.519755],[96.361955,2.520602],[96.367744,2.51357],[96.367676,2.512722],[96.365561,2.512392],[96.363893,2.51001],[96.365405,2.498401],[96.366294,2.497005],[96.373248,2.495416],[96.371231,2.489333],[96.376934,2.483379],[96.379861,2.483471],[96.382793,2.481398],[96.384327,2.475381],[96.382865,2.474123],[96.38236,2.47133],[96.386647,2.470635],[96.390353,2.472841],[96.390476,2.471712],[96.387415,2.467595],[96.384106,2.466917],[96.385614,2.462595],[96.38424,2.458981],[96.384956,2.456007],[96.385884,2.455473],[96.388012,2.456767],[96.387316,2.459305],[96.38889,2.461856],[96.391056,2.461963],[96.394218,2.460549],[96.401941,2.465246],[96.402574,2.464275],[96.398281,2.460556],[96.396743,2.457293],[96.400994,2.454987],[96.406696,2.459275],[96.408309,2.468378],[96.407805,2.470213],[96.405466,2.472483],[96.39988,2.474911],[96.400357,2.477648],[96.401934,2.479143],[96.402172,2.483274],[96.400076,2.484806],[96.399268,2.487373],[96.401264,2.488833],[96.404071,2.494895],[96.407272,2.505096],[96.405636,2.506761],[96.404697,2.506592],[96.403903,2.504242],[96.402796,2.50514],[96.401533,2.50903],[96.402126,2.511088],[96.404222,2.512613],[96.409044,2.511168],[96.411248,2.504695],[96.411966,2.495883],[96.410067,2.494363],[96.410444,2.480784],[96.427924,2.459485],[96.428287,2.451256],[96.428141,2.445567],[96.425173,2.443517],[96.420251,2.43649],[96.417494,2.434613],[96.415223,2.429195],[96.409006,2.422211],[96.395454,2.412627],[96.379236,2.419583],[96.373367,2.423317],[96.359687,2.437231],[96.359405,2.44056],[96.357374,2.445037],[96.363334,2.457661],[96.362685,2.469009],[96.357568,2.47806],[96.356414,2.487889],[96.342059,2.482542],[96.329502,2.481228],[96.320021,2.478823],[96.321607,2.485368],[96.314669,2.488881],[96.30634,2.496127],[96.300864,2.499302],[96.294459,2.502814],[96.28629,2.505075],[96.282719,2.509021],[96.280145,2.51695],[96.276711,2.521506],[96.27145,2.525049],[96.264024,2.527308],[96.24943,2.52687],[96.241391,2.528474],[96.232873,2.531044],[96.229248,2.53392],[96.225525,2.538785],[96.22281,2.540281],[96.210877,2.544449],[96.20083,2.545468],[96.207274,2.553066],[96.210751,2.560092],[96.217315,2.579241],[96.217546,2.584123],[96.225913,2.592762],[96.229111,2.597803],[96.232668,2.599992],[96.242697,2.603512],[96.245546,2.600435]]],[[[96.36515,2.663508],[96.366154,2.662563],[96.366035,2.659215],[96.369678,2.656504],[96.374929,2.65501],[96.387182,2.654609],[96.395288,2.648304],[96.397095,2.645311],[96.388447,2.646228],[96.382309,2.644175],[96.374734,2.646775],[96.366087,2.652348],[96.361849,2.653734],[96.354796,2.654099],[96.352583,2.655659],[96.35259,2.657634],[96.362016,2.662803],[96.36515,2.663508]]],[[[96.379994,2.526983],[96.381772,2.522918],[96.377733,2.519562],[96.379427,2.515454],[96.383092,2.515716],[96.386037,2.51818],[96.387428,2.518183],[96.391819,2.513911],[96.390477,2.510391],[96.385324,2.516483],[96.38402,2.515336],[96.385709,2.513729],[96.381707,2.51317],[96.374708,2.514809],[96.373067,2.513788],[96.369271,2.515476],[96.362855,2.520761],[96.363439,2.523813],[96.366932,2.526109],[96.371111,2.522769],[96.374399,2.521886],[96.376506,2.521933],[96.376668,2.525451],[96.378012,2.527361],[96.379994,2.526983]]]]}},{"type":"Feature","properties":{"nmkec":"Teupah Barat","nmkab":"Simeulue","nmprov":"Aceh","kdkec":"021","kdkab":"01","kodekab":"1101","idkec":"1101021","index":1},"geometry":{"type":"MultiPolygon","coordinates":[[[[96.189368,2.548392],[96.190123,2.544548],[96.191322,2.543557],[96.20083,2.545468],[96.207419,2.54512],[96.22281,2.540281],[96.225525,2.538785],[96.229248,2.53392],[96.232873,2.531044],[96.241391,2.528474],[96.24943,2.52687],[96.264024,2.527308],[96.27145,2.525049],[96.276711,2.521506],[96.280145,2.51695],[96.282719,2.509021],[96.28629,2.505075],[96.294459,2.502814],[96.300864,2.499302],[96.30634,2.496127],[96.314669,2.488881],[96.321607,2.485368],[96.317722,2.469495],[96.310938,2.458131],[96.306306,2.445871],[96.30171,2.438393],[96.297247,2.425857],[96.286356,2.427575],[96.281251,2.429349],[96.272519,2.429129],[96.264688,2.430828],[96.250623,2.435094],[96.240843,2.441165],[96.228212,2.441814],[96.225622,2.44526],[96.225607,2.450681],[96.217312,2.464322],[96.210188,2.46859],[96.203756,2.469734],[96.200856,2.471216],[96.195318,2.481268],[96.188829,2.488386],[96.186604,2.488473],[96.183996,2.487104],[96.183043,2.484997],[96.18136,2.484613],[96.178167,2.48637],[96.177363,2.489425],[96.173064,2.491381],[96.170805,2.489752],[96.169917,2.490362],[96.165097,2.498059],[96.163719,2.508551],[96.160552,2.511922],[96.151561,2.517789],[96.149954,2.518353],[96.146866,2.517645],[96.144673,2.513721],[96.141814,2.513093],[96.138832,2.513896],[96.128404,2.52019],[96.126375,2.522942],[96.126716,2.526531],[96.125623,2.529355],[96.119106,2.539341],[96.120106,2.540737],[96.13175,2.547433],[96.140034,2.547579],[96.143174,2.547015],[96.143629,2.54436],[96.152769,2.539128],[96.157616,2.533155],[96.15899,2.533869],[96.159844,2.539815],[96.162278,2.54334],[96.164531,2.542732],[96.167112,2.54405],[96.169461,2.549098],[96.175159,2.550153],[96.180424,2.548862],[96.183915,2.552138],[96.189368,2.548392]]],[[[96.261761,2.3623],[96.257089,2.358211],[96.256236,2.355934],[96.255856,2.350677],[96.250483,2.34643],[96.246976,2.345011],[96.235346,2.344519],[96.225386,2.350303],[96.220711,2.356648],[96.217586,2.358913],[96.222364,2.360593],[96.225574,2.360894],[96.230647,2.359492],[96.241356,2.361566],[96.250114,2.366461],[96.255545,2.374087],[96.258309,2.372727],[96.256755,2.369586],[96.258009,2.366293],[96.261761,2.3623]]],[[[96.19441,2.358965],[96.204598,2.358645],[96.206249,2.355521],[96.197148,2.348278],[96.194248,2.347965],[96.191318,2.351393],[96.191892,2.355727],[96.19441,2.358965]]]]}},{"type":"Feature","properties":{"nmkec":"Salang","nmkab":"Simeulue","nmprov":"Aceh","kdkec":"040","kdkab":"01","kodekab":"1101","idkec":"1101040","index":2},"geometry":{"type":"Polygon","coordinates":[[[95.808271,2.74923],[95.838156,2.739027],[95.853738,2.735474],[95.85687,2.733428],[95.860146,2.728403],[95.863488,2.726961],[95.877241,2.724822],[95.891224,2.718135],[95.904284,2.705024],[95.909567,2.703984],[95.918224,2.698176],[95.922469,2.697212],[95.930427,2.701215],[95.939994,2.701639],[95.947866,2.700709],[95.950298,2.698317],[95.950132,2.692772],[95.946867,2.686929],[95.947685,2.682911],[95.953408,2.675653],[95.952046,2.663318],[95.947291,2.654232],[95.941643,2.639577],[95.92663,2.625852],[95.92514,2.623861],[95.924529,2.619569],[95.92153,2.615587],[95.912894,2.610973],[95.912278,2.600116],[95.910007,2.598678],[95.902044,2.601095],[95.89761,2.598445],[95.894885,2.598184],[95.88648,2.602731],[95.88424,2.610541],[95.88998,2.615969],[95.888811,2.619587],[95.886163,2.622371],[95.872932,2.628089],[95.865735,2.634333],[95.860883,2.636594],[95.850778,2.638504],[95.844423,2.636845],[95.841314,2.633279],[95.841795,2.62895],[95.839386,2.622598],[95.83696,2.62304],[95.829693,2.629715],[95.828271,2.634539],[95.828805,2.638622],[95.828155,2.641133],[95.826613,2.64424],[95.824952,2.645331],[95.818813,2.64631],[95.812639,2.644458],[95.80975,2.641962],[95.810944,2.639651],[95.809232,2.638114],[95.805437,2.640418],[95.803991,2.640105],[95.803205,2.636604],[95.804773,2.633588],[95.803522,2.62943],[95.801519,2.628852],[95.795715,2.630412],[95.788203,2.639916],[95.788007,2.648774],[95.788747,2.649945],[95.792826,2.651324],[95.79383,2.655383],[95.7928,2.666578],[95.787619,2.676449],[95.774469,2.688174],[95.765701,2.689511],[95.762413,2.691476],[95.758467,2.69468],[95.754568,2.69987],[95.756342,2.703389],[95.763147,2.70725],[95.766266,2.710601],[95.784633,2.723178],[95.793384,2.73223],[95.800023,2.737461],[95.805052,2.747017],[95.808271,2.74923]]]}},{"type":"Feature","properties":{"nmkec":"Simeulue","nmkab":"Simeulue","nmprov":"Aceh","kdkec":"040","kdkab":"01","kodekab":"1101","idkec":"1101040","index":3},"geometry":{"type":"Polygon","coordinates":[[[95.867078,2.605282],[95.865191,2.604358],[95.864876,2.608708],[95.867,2.611838],[95.872478,2.613996],[95.872727,2.612097],[95.869928,2.610558],[95.867078,2.605282]]]}},{"type":"Feature","properties":{"nmkec":"Simeulue Barat","nmkab":"Simeulue","nmprov":"Aceh","kdkec":"050","kdkab":"01","kodekab":"1101","idkec":"1101050","index":4},"geometry":{"type":"MultiPolygon","coordinates":[[[[95.834981,2.915174],[95.83582,2.912525],[95.838281,2.911327],[95.853737,2.913127],[95.862492,2.908783],[95.87013,2.912809],[95.872507,2.913196],[95.875603,2.910925],[95.878213,2.905619],[95.881603,2.903298],[95.889805,2.90192],[95.895133,2.898733],[95.90179,2.896488],[95.904676,2.894074],[95.908698,2.883748],[95.917962,2.868787],[95.917697,2.867094],[95.91576,2.86735],[95.91485,2.866245],[95.913124,2.857258],[95.911318,2.853899],[95.913063,2.84908],[95.912318,2.847361],[95.911158,2.847099],[95.908803,2.84813],[95.906096,2.854893],[95.902768,2.857072],[95.895772,2.858662],[95.891585,2.864877],[95.883249,2.872402],[95.882075,2.872568],[95.880269,2.870893],[95.877935,2.869538],[95.878802,2.870716],[95.876907,2.872282],[95.874106,2.870971],[95.873323,2.869401],[95.873757,2.866501],[95.882711,2.8618],[95.883135,2.859174],[95.872185,2.86449],[95.870143,2.858516],[95.86715,2.859339],[95.865834,2.858262],[95.870256,2.853792],[95.868446,2.84985],[95.865815,2.850058],[95.865211,2.849152],[95.870062,2.846524],[95.872806,2.84662],[95.873803,2.852492],[95.875479,2.851909],[95.876731,2.849763],[95.875216,2.84895],[95.874712,2.846517],[95.885379,2.844169],[95.885121,2.836805],[95.886003,2.836108],[95.885918,2.833219],[95.883239,2.829716],[95.881725,2.83142],[95.879761,2.830592],[95.878982,2.827095],[95.880654,2.825888],[95.881675,2.825517],[95.886361,2.828252],[95.890114,2.827818],[95.895059,2.828731],[95.898639,2.827252],[95.899355,2.823386],[95.900826,2.822858],[95.903429,2.823744],[95.90458,2.825234],[95.904787,2.828657],[95.90243,2.829751],[95.903014,2.830581],[95.904806,2.83043],[95.909831,2.828144],[95.912386,2.834835],[95.910834,2.837803],[95.913409,2.843457],[95.916304,2.844928],[95.920689,2.840246],[95.927604,2.829843],[95.930329,2.828082],[95.932304,2.823744],[95.934945,2.822914],[95.939,2.824492],[95.952155,2.816418],[95.955514,2.819265],[95.956693,2.819256],[95.958685,2.813657],[95.960822,2.811802],[95.964866,2.811252],[95.974504,2.812837],[95.977602,2.807606],[95.977385,2.797318],[95.981935,2.789779],[95.991166,2.785259],[95.998438,2.78604],[96.002483,2.784022],[96.005218,2.780816],[96.008528,2.773592],[96.006831,2.770245],[96.008132,2.767701],[96.025776,2.757337],[96.030189,2.757111],[96.038832,2.760351],[96.060577,2.760568],[96.064896,2.759984],[96.079786,2.755127],[96.083398,2.756556],[96.088396,2.757037],[96.102537,2.753327],[96.102964,2.750766],[96.093315,2.754426],[96.085522,2.752563],[96.083188,2.747549],[96.080279,2.744543],[96.078185,2.739215],[96.081222,2.732812],[96.083372,2.730851],[96.085497,2.732277],[96.087527,2.731371],[96.084121,2.7233],[96.082896,2.711081],[96.074863,2.7019],[96.063544,2.69833],[96.052397,2.68987],[96.04892,2.689756],[96.046191,2.684961],[96.045661,2.681346],[96.044451,2.680214],[96.034116,2.681092],[96.022844,2.680025],[96.017995,2.678658],[96.015309,2.674812],[96.013513,2.674536],[96.011759,2.675616],[96.007561,2.683873],[96.005969,2.691819],[96.003849,2.695383],[95.984817,2.708029],[95.971457,2.715359],[95.968396,2.718061],[95.964517,2.724195],[95.960782,2.72667],[95.958942,2.726168],[95.95796,2.723681],[95.956298,2.723451],[95.951073,2.729175],[95.950863,2.723663],[95.953528,2.717527],[95.953082,2.71617],[95.948824,2.712501],[95.941999,2.711354],[95.940292,2.70163],[95.930427,2.701215],[95.922469,2.697212],[95.915364,2.699422],[95.909567,2.703984],[95.904284,2.705024],[95.893848,2.716281],[95.877241,2.724822],[95.863488,2.726961],[95.860146,2.728403],[95.85687,2.733428],[95.853738,2.735474],[95.838156,2.739027],[95.811822,2.74891],[95.810061,2.752202],[95.810151,2.760781],[95.804127,2.777774],[95.803634,2.788537],[95.8056,2.798794],[95.80329,2.812861],[95.803653,2.815844],[95.810911,2.822528],[95.811647,2.824487],[95.810732,2.837114],[95.815428,2.848637],[95.813122,2.877942],[95.809743,2.892845],[95.809769,2.900254],[95.811371,2.907295],[95.814118,2.912401],[95.815863,2.913599],[95.818766,2.913138],[95.819935,2.91144],[95.819011,2.908158],[95.823783,2.908083],[95.824518,2.906782],[95.822887,2.899732],[95.823453,2.898389],[95.825376,2.899049],[95.82564,2.903161],[95.828545,2.90301],[95.837107,2.891637],[95.836466,2.888393],[95.833939,2.887375],[95.838086,2.88449],[95.840691,2.884282],[95.839861,2.888591],[95.835316,2.897106],[95.836136,2.90003],[95.834175,2.903109],[95.834981,2.915174]]],[[[96.014663,2.782436],[96.010608,2.781173],[96.009572,2.783195],[96.013419,2.784869],[96.014663,2.782436]]]]}},{"type":"Feature","properties":{"nmkec":"Simeulue","nmkab":"Simeulue","nmprov":"Aceh","kdkec":"051","kdkab":"01","kodekab":"1101","idkec":"1101051","index":5},"geometry":{"type":"MultiPolygon","coordinates":[[[[95.402972,2.972621],[95.396976,2.962382],[95.393855,2.964328],[95.391488,2.97477],[95.385625,2.983373],[95.38739,2.986092],[95.393289,2.984257],[95.398656,2.974385],[95.402972,2.972621]]],[[[95.401392,3.010504],[95.399766,3.011277],[95.39956,3.013741],[95.399931,3.015126],[95.402591,3.017216],[95.406229,3.017695],[95.409182,3.015544],[95.408888,3.01418],[95.401392,3.010504]]],[[[95.761137,2.895107],[95.762929,2.894191],[95.764237,2.891926],[95.76314,2.890174],[95.759456,2.889922],[95.758353,2.891704],[95.75859,2.894332],[95.761137,2.895107]]],[[[95.760573,2.929251],[95.761509,2.926837],[95.760905,2.925146],[95.758731,2.925569],[95.757523,2.927139],[95.75868,2.929344],[95.760573,2.929251]]],[[[95.757422,2.902909],[95.755227,2.902929],[95.754905,2.905083],[95.756899,2.904922],[95.757925,2.903694],[95.757422,2.902909]]]]}},{"type":"Feature","properties":{"nmkec":"Pulau Banyak Barat","nmkab":"Aceh Singkil","nmprov":"Aceh","kdkec":"011","kdkab":"02","kodekab":"1102","idkec":"1102011","index":6},"geometry":{"type":"MultiPolygon","coordinates":[[[[97.168378,2.235867],[97.171268,2.234068],[97.177842,2.233709],[97.180081,2.232744],[97.179594,2.223863],[97.177958,2.218362],[97.178677,2.216346],[97.183805,2.221763],[97.185673,2.227651],[97.187374,2.228429],[97.190019,2.225005],[97.190828,2.218851],[97.190377,2.213367],[97.193107,2.206577],[97.194924,2.205444],[97.200656,2.211507],[97.203574,2.211642],[97.207451,2.207365],[97.207634,2.204529],[97.209574,2.204203],[97.214279,2.209013],[97.217014,2.206834],[97.217897,2.204491],[97.219577,2.203853],[97.226107,2.208681],[97.229827,2.213531],[97.230229,2.217942],[97.229316,2.21917],[97.225043,2.220231],[97.223474,2.222478],[97.225782,2.226271],[97.230795,2.231411],[97.236082,2.234865],[97.2473,2.233464],[97.253207,2.233629],[97.256213,2.234812],[97.261422,2.232145],[97.270851,2.232008],[97.273837,2.230039],[97.275465,2.224334],[97.288024,2.225084],[97.295384,2.230465],[97.299805,2.2299],[97.302113,2.216961],[97.301125,2.213823],[97.302672,2.209988],[97.304375,2.209673],[97.303213,2.205719],[97.293793,2.204813],[97.292561,2.200479],[97.304957,2.187654],[97.304092,2.18237],[97.309248,2.176713],[97.311717,2.17559],[97.312976,2.177915],[97.317593,2.17349],[97.318872,2.177237],[97.323365,2.177133],[97.330669,2.171685],[97.329803,2.167939],[97.322807,2.162515],[97.323274,2.161536],[97.32705,2.161702],[97.332296,2.163724],[97.333262,2.162924],[97.333921,2.157734],[97.332214,2.153383],[97.33324,2.152277],[97.337145,2.152612],[97.338083,2.15576],[97.336754,2.163327],[97.338844,2.164172],[97.34096,2.158007],[97.341534,2.14056],[97.343389,2.139932],[97.344163,2.137369],[97.343113,2.136052],[97.338541,2.13517],[97.33625,2.131075],[97.336478,2.129914],[97.341026,2.13228],[97.342476,2.131621],[97.344203,2.129359],[97.34475,2.125673],[97.342041,2.12363],[97.339899,2.124492],[97.337765,2.123821],[97.33543,2.120929],[97.336072,2.115852],[97.338406,2.110667],[97.342607,2.112564],[97.34807,2.11307],[97.350643,2.108928],[97.349347,2.107557],[97.346732,2.107063],[97.345999,2.106174],[97.346649,2.104353],[97.35172,2.104786],[97.355661,2.102898],[97.358763,2.097462],[97.357522,2.094749],[97.351001,2.093166],[97.354225,2.091127],[97.35927,2.091623],[97.358198,2.089868],[97.357387,2.08275],[97.352373,2.081672],[97.349842,2.082739],[97.348147,2.085871],[97.349337,2.087391],[97.347345,2.088056],[97.343549,2.087902],[97.342124,2.085942],[97.341748,2.084309],[97.342598,2.083621],[97.343844,2.084689],[97.344027,2.086653],[97.345095,2.087542],[97.345982,2.087004],[97.347889,2.077414],[97.347413,2.074854],[97.345343,2.072175],[97.342582,2.07773],[97.340848,2.077084],[97.340798,2.0747],[97.34364,2.070519],[97.344913,2.066125],[97.348232,2.06844],[97.350406,2.065375],[97.348232,2.059809],[97.343988,2.054668],[97.346527,2.044454],[97.346337,2.041676],[97.345397,2.03864],[97.34158,2.035122],[97.337825,2.033667],[97.329513,2.037625],[97.327956,2.039511],[97.328198,2.040961],[97.331907,2.044333],[97.338565,2.047451],[97.341257,2.052775],[97.341093,2.055879],[97.331654,2.061104],[97.329716,2.059587],[97.3298,2.054783],[97.328811,2.054468],[97.3254,2.05458],[97.322638,2.05618],[97.317221,2.056361],[97.312255,2.058331],[97.311437,2.061125],[97.312194,2.063232],[97.309358,2.063592],[97.307297,2.062507],[97.305739,2.064704],[97.304716,2.068728],[97.305264,2.075018],[97.30328,2.077345],[97.296321,2.081683],[97.287571,2.095835],[97.274939,2.105687],[97.272095,2.106432],[97.268318,2.104956],[97.265315,2.107058],[97.2597,2.12178],[97.260506,2.128555],[97.262284,2.129494],[97.262615,2.13173],[97.261445,2.134877],[97.256213,2.138476],[97.254286,2.138771],[97.252441,2.141492],[97.248623,2.143277],[97.246863,2.14279],[97.243091,2.143656],[97.23289,2.147782],[97.231494,2.149717],[97.231519,2.156462],[97.234694,2.165194],[97.233762,2.167897],[97.231239,2.168328],[97.229414,2.167558],[97.229219,2.163518],[97.224537,2.157101],[97.21876,2.157494],[97.214364,2.16991],[97.215519,2.172731],[97.214619,2.176336],[97.213586,2.178672],[97.20886,2.182055],[97.198284,2.184348],[97.194468,2.18391],[97.183279,2.178347],[97.175876,2.178705],[97.17435,2.178002],[97.172887,2.179636],[97.169914,2.187791],[97.163006,2.190153],[97.153784,2.197991],[97.148868,2.200622],[97.144053,2.202219],[97.136134,2.201911],[97.129335,2.197997],[97.126878,2.198294],[97.117923,2.20671],[97.113232,2.21495],[97.114149,2.218943],[97.119461,2.224874],[97.124603,2.227084],[97.13634,2.224866],[97.145506,2.221973],[97.149655,2.222412],[97.151943,2.224652],[97.154067,2.225055],[97.161354,2.223396],[97.162747,2.224767],[97.163039,2.230476],[97.164862,2.23386],[97.168378,2.235867]]],[[[97.113005,2.113689],[97.11684,2.113139],[97.129364,2.10785],[97.131635,2.105082],[97.147993,2.093851],[97.153591,2.086227],[97.15423,2.081961],[97.157411,2.076777],[97.16061,2.074348],[97.162707,2.07116],[97.160911,2.068555],[97.1564,2.066523],[97.153655,2.063734],[97.152918,2.059875],[97.15362,2.05506],[97.152091,2.053778],[97.145171,2.050957],[97.140693,2.047252],[97.136452,2.045195],[97.128415,2.047134],[97.125385,2.045669],[97.120531,2.040353],[97.118779,2.037304],[97.118481,2.034669],[97.12068,2.028191],[97.127308,2.015223],[97.12823,2.010835],[97.126411,2.007618],[97.123642,2.005924],[97.115238,2.004406],[97.113792,2.004755],[97.112788,2.00665],[97.113035,2.00946],[97.111286,2.017356],[97.108546,2.019163],[97.104504,2.025004],[97.098232,2.031501],[97.096496,2.042309],[97.093702,2.044546],[97.092314,2.047112],[97.090126,2.055592],[97.087826,2.058768],[97.083809,2.061146],[97.081424,2.065084],[97.077211,2.078777],[97.078188,2.080132],[97.078692,2.086232],[97.08164,2.089081],[97.087458,2.089282],[97.09412,2.087595],[97.097509,2.089154],[97.098741,2.092924],[97.093985,2.101792],[97.093468,2.105108],[97.094414,2.108],[97.097889,2.112351],[97.099198,2.113225],[97.100109,2.112099],[97.104261,2.110974],[97.113005,2.113689]]],[[[97.220581,2.241148],[97.223823,2.237139],[97.226168,2.228687],[97.223544,2.223444],[97.222546,2.223166],[97.219827,2.224131],[97.216929,2.229367],[97.216585,2.232279],[97.213081,2.232721],[97.212131,2.234717],[97.212983,2.240444],[97.215537,2.242424],[97.216585,2.243078],[97.220581,2.241148]]],[[[97.322692,2.204363],[97.325257,2.203669],[97.327127,2.204417],[97.329425,2.202922],[97.332685,2.196513],[97.331509,2.193523],[97.329425,2.193149],[97.324883,2.196086],[97.318363,2.198649],[97.316065,2.207354],[97.31708,2.208582],[97.322104,2.206446],[97.322692,2.204363]]],[[[97.269714,2.284172],[97.280786,2.278201],[97.282942,2.274266],[97.278111,2.27282],[97.276301,2.273263],[97.262797,2.281547],[97.259105,2.282531],[97.259911,2.285037],[97.262787,2.285654],[97.269714,2.284172]]],[[[97.255741,2.27924],[97.256905,2.27925],[97.25803,2.281288],[97.259224,2.281587],[97.256798,2.278398],[97.255489,2.278039],[97.254318,2.278995],[97.249441,2.285153],[97.247029,2.290033],[97.246677,2.29216],[97.24755,2.293888],[97.24952,2.293192],[97.258179,2.285236],[97.258543,2.283415],[97.255651,2.281646],[97.255741,2.27924]]],[[[97.35276,2.075859],[97.357278,2.073198],[97.358691,2.069775],[97.359161,2.065881],[97.35516,2.062902],[97.35231,2.066325],[97.350165,2.07116],[97.350277,2.073296],[97.35276,2.075859]]],[[[97.393879,2.037161],[97.391227,2.035335],[97.386728,2.036866],[97.383368,2.040185],[97.383486,2.042364],[97.386118,2.044099],[97.391065,2.043199],[97.392858,2.041107],[97.393879,2.037161]]],[[[97.210024,2.2485],[97.20855,2.248435],[97.207951,2.249617],[97.208105,2.254393],[97.203147,2.260901],[97.202937,2.26511],[97.205796,2.264332],[97.210511,2.255801],[97.210024,2.2485]]],[[[97.24552,2.264836],[97.249967,2.256339],[97.248194,2.250252],[97.245053,2.251621],[97.243489,2.253419],[97.245923,2.260854],[97.24552,2.264836]]],[[[97.223989,2.317354],[97.219321,2.320008],[97.226331,2.325332],[97.227902,2.322839],[97.228496,2.319342],[97.223989,2.317354]]],[[[97.247571,2.305698],[97.248514,2.303329],[97.246796,2.300462],[97.242179,2.300613],[97.243173,2.305504],[97.247571,2.305698]]],[[[97.352267,2.128142],[97.350164,2.128638],[97.349173,2.13022],[97.349372,2.133664],[97.351663,2.133541],[97.353101,2.131198],[97.353295,2.129398],[97.352267,2.128142]]],[[[97.207316,2.217144],[97.211315,2.214879],[97.21077,2.212774],[97.208546,2.212529],[97.206044,2.216931],[97.207316,2.217144]]],[[[97.322045,2.190863],[97.327409,2.189131],[97.328938,2.184945],[97.326219,2.185518],[97.324191,2.189307],[97.322045,2.190863]]],[[[97.346152,2.116816],[97.34695,2.115859],[97.346282,2.115033],[97.341192,2.114207],[97.342047,2.116512],[97.346152,2.116816]]],[[[97.231551,2.276847],[97.229416,2.277769],[97.230715,2.279623],[97.232895,2.278741],[97.231551,2.276847]]],[[[97.320205,2.187733],[97.320685,2.186133],[97.318953,2.185025],[97.317295,2.185238],[97.318337,2.187183],[97.320205,2.187733]]],[[[97.208594,2.244625],[97.212188,2.243909],[97.210965,2.24297],[97.208143,2.243138],[97.208594,2.244625]]],[[[97.275959,2.242977],[97.274166,2.243785],[97.274077,2.244578],[97.277068,2.243631],[97.275959,2.242977]]],[[[97.212254,2.209436],[97.21109,2.209707],[97.211551,2.210793],[97.212713,2.210341],[97.212254,2.209436]]],[[[97.186503,2.254705],[97.184568,2.256142],[97.184541,2.256644],[97.186129,2.255794],[97.186503,2.254705]]],[[[97.323663,2.182047],[97.322466,2.182304],[97.322257,2.182904],[97.32338,2.183253],[97.323663,2.182047]]],[[[97.322366,2.184137],[97.322154,2.183397],[97.321103,2.183753],[97.32128,2.184105],[97.322366,2.184137]]],[[[97.257844,2.251264],[97.25789,2.250318],[97.257485,2.25005],[97.257844,2.251264]]]]}},{"type":"Feature","properties":{"nmkec":"Singkil Utara","nmkab":"Aceh Singkil","nmprov":"Aceh","kdkec":"021","kdkab":"02","kodekab":"1102","idkec":"1102021","index":7},"geometry":{"type":"MultiPolygon","coordinates":[[[[97.900271,2.337138],[97.899121,2.327614],[97.91582,2.3254],[97.917534,2.320819],[97.927012,2.321977],[97.927173,2.328338],[97.928612,2.330223],[97.93514,2.334006],[97.939217,2.335051],[97.964986,2.334209],[97.967803,2.330776],[97.97428,2.330434],[97.986417,2.326634],[98.010873,2.337886],[98.01946,2.345353],[98.027185,2.344806],[98.003713,2.326695],[98.00487,2.307487],[98.025525,2.307134],[98.026271,2.279239],[98.025173,2.275466],[98.022772,2.27606],[98.020854,2.27529],[98.031334,2.26513],[98.026093,2.250543],[98.025613,2.246725],[98.02726,2.243798],[98.088701,2.244932],[98.098121,2.240015],[98.104613,2.239527],[98.109513,2.238051],[98.115884,2.233743],[98.120906,2.232144],[98.123113,2.228573],[98.121647,2.222781],[98.122383,2.220071],[98.128509,2.216379],[98.139776,2.217494],[98.141491,2.216879],[98.145801,2.208866],[98.150265,2.205623],[98.155165,2.203666],[98.13005,2.165465],[98.130838,2.163808],[98.111595,2.183144],[98.103805,2.188613],[98.098362,2.190969],[98.084582,2.20076],[98.055411,2.215273],[98.031261,2.228644],[98.012878,2.23652],[97.979768,2.257099],[97.95166,2.269222],[97.94735,2.269955],[97.938321,2.267968],[97.925058,2.271559],[97.916885,2.271564],[97.912507,2.269672],[97.902947,2.261926],[97.901278,2.260143],[97.900319,2.255916],[97.897084,2.250618],[97.887472,2.243789],[97.882565,2.241646],[97.865133,2.244984],[97.859371,2.250563],[97.870293,2.259295],[97.86663,2.281678],[97.868268,2.284272],[97.868193,2.287269],[97.867042,2.289199],[97.864426,2.290362],[97.860854,2.297844],[97.861334,2.302058],[97.860608,2.303516],[97.858191,2.304567],[97.85698,2.307564],[97.85867,2.310077],[97.865434,2.312837],[97.868811,2.320213],[97.868809,2.322968],[97.866228,2.327098],[97.8622,2.327662],[97.86205,2.331513],[97.865512,2.336138],[97.868935,2.343969],[97.874962,2.350606],[97.874213,2.352474],[97.870386,2.353085],[97.870746,2.354954],[97.874977,2.355051],[97.905344,2.343606],[97.900271,2.337138]],[[97.99476,2.318974],[97.994799,2.312],[97.999636,2.31185],[97.996398,2.319041],[97.99476,2.318974]],[[97.941554,2.310521],[97.941537,2.312515],[97.938333,2.310923],[97.939725,2.310403],[97.941554,2.310521]]],[[[98.149125,2.140467],[98.146799,2.136323],[98.141775,2.136761],[98.140932,2.138277],[98.142591,2.142184],[98.144405,2.14269],[98.149125,2.140467]]],[[[98.037759,2.185982],[98.036005,2.185949],[98.034151,2.187633],[98.035112,2.190261],[98.038618,2.19133],[98.039545,2.187347],[98.037759,2.185982]]],[[[98.001621,2.211477],[97.999565,2.211679],[97.998924,2.212757],[97.999329,2.214155],[98.001927,2.215661],[98.003594,2.2137],[98.001621,2.211477]]],[[[98.127017,2.148873],[98.126022,2.145773],[98.123747,2.146531],[98.123747,2.147862],[98.125567,2.149799],[98.127017,2.148873]]]]}},{"type":"Feature","properties":{"nmkec":"Kuala Baru","nmkab":"Aceh Singkil","nmprov":"Aceh","kdkec":"022","kdkab":"02","kodekab":"1102","idkec":"1102022","index":8},"geometry":{"type":"MultiPolygon","coordinates":[[[[97.739936,2.366202],[97.733922,2.339905],[97.745506,2.333013],[97.761213,2.326251],[97.774353,2.318171],[97.781311,2.31741],[97.782537,2.316759],[97.782897,2.315237],[97.777625,2.302882],[97.772076,2.298076],[97.768173,2.296911],[97.764985,2.29803],[97.76315,2.300473],[97.761615,2.311771],[97.75714,2.316919],[97.750184,2.317219],[97.746837,2.31566],[97.745182,2.312579],[97.745746,2.306868],[97.748476,2.302614],[97.753863,2.299272],[97.753665,2.274282],[97.748111,2.2824],[97.740562,2.296826],[97.738916,2.301389],[97.738283,2.307466],[97.73654,2.311449],[97.724084,2.326326],[97.72397,2.328494],[97.722036,2.330843],[97.719215,2.337411],[97.73737,2.319812],[97.737656,2.322474],[97.732418,2.325324],[97.719924,2.337329],[97.714828,2.343976],[97.715057,2.344878],[97.719789,2.339657],[97.726594,2.335131],[97.718081,2.341758],[97.710586,2.352114],[97.712171,2.355898],[97.715472,2.355928],[97.711876,2.356002],[97.709791,2.351567],[97.718141,2.334862],[97.723959,2.327234],[97.722527,2.325927],[97.718485,2.331139],[97.714107,2.340093],[97.705402,2.352076],[97.696157,2.362821],[97.674904,2.383548],[97.665247,2.394796],[97.683742,2.401324],[97.707975,2.408206],[97.726749,2.418629],[97.734979,2.425711],[97.753667,2.448631],[97.763298,2.439919],[97.75085,2.395462],[97.739936,2.366202]]],[[[97.714328,2.344122],[97.714871,2.342949],[97.713911,2.344185],[97.714328,2.344122]]],[[[97.715454,2.342573],[97.715747,2.341693],[97.7151,2.342593],[97.715454,2.342573]]]]}},{"type":"Feature","properties":{"nmkec":"Gunung Meriah","nmkab":"Aceh Singkil","nmprov":"Aceh","kdkec":"031","kdkab":"02","kodekab":"1102","idkec":"1102031","index":9},"geometry":{"type":"MultiPolygon","coordinates":[[[[97.933979,2.449328],[97.939713,2.447369],[97.946055,2.448237],[97.961555,2.444604],[97.963417,2.443205],[97.966697,2.440384],[97.966536,2.438381],[97.96166,2.432266],[97.958191,2.430679],[97.959139,2.428457],[97.965241,2.42682],[97.968647,2.424993],[97.971899,2.420946],[97.982102,2.416338],[97.984477,2.414366],[97.986722,2.410578],[97.995457,2.417691],[97.99728,2.417145],[97.999159,2.414164],[98.007781,2.414499],[98.01291,2.409853],[98.013211,2.412379],[98.015932,2.414389],[98.01875,2.414843],[98.025779,2.415],[98.026851,2.409005],[98.028747,2.408279],[98.03572,2.412592],[98.040368,2.41295],[98.044884,2.411998],[98.044965,2.403437],[98.041097,2.400722],[98.038053,2.393761],[98.042207,2.38871],[98.046778,2.38838],[98.058574,2.384923],[98.070779,2.378858],[98.07094,2.375985],[98.067774,2.362587],[98.063357,2.357158],[98.048765,2.356689],[98.039646,2.353242],[98.030169,2.345309],[98.025332,2.344412],[98.01946,2.345353],[98.010873,2.337886],[97.986417,2.326634],[97.97428,2.330434],[97.967803,2.330776],[97.964986,2.334209],[97.939217,2.335051],[97.93514,2.334006],[97.928612,2.330223],[97.927173,2.328338],[97.927012,2.321977],[97.917534,2.320819],[97.91582,2.3254],[97.899121,2.327614],[97.900271,2.337138],[97.905344,2.343606],[97.857333,2.361287],[97.880437,2.388243],[97.896605,2.386789],[97.900053,2.385348],[97.901947,2.386447],[97.90625,2.393788],[97.909138,2.40766],[97.907474,2.42999],[97.905792,2.434254],[97.923492,2.43474],[97.926858,2.442083],[97.930987,2.447302],[97.933979,2.449328]],[[97.968429,2.4041],[97.971422,2.404351],[97.976485,2.406366],[97.972652,2.406346],[97.968429,2.4041]]],[[[97.996398,2.319041],[97.997738,2.316324],[97.999636,2.31185],[97.994799,2.312],[97.994228,2.316939],[97.99476,2.318974],[97.996398,2.319041]]],[[[97.941554,2.310521],[97.939725,2.310403],[97.938333,2.310923],[97.941537,2.312515],[97.941554,2.310521]]]]}},{"type":"Feature","properties":{"nmkec":"Danau Paris","nmkab":"Aceh Singkil","nmprov":"Aceh","kdkec":"032","kdkab":"02","kodekab":"1102","idkec":"1102032","index":10},"geometry":{"type":"Polygon","coordinates":[[[98.147951,2.421908],[98.16294,2.382567],[98.184846,2.329155],[98.197071,2.311698],[98.188006,2.295759],[98.181337,2.259099],[98.178552,2.254086],[98.174138,2.249501],[98.17856,2.242469],[98.178767,2.239955],[98.155165,2.203666],[98.150265,2.205623],[98.145801,2.208866],[98.141491,2.216879],[98.139776,2.217494],[98.128509,2.216379],[98.122383,2.220071],[98.121647,2.222781],[98.123113,2.228573],[98.120906,2.232144],[98.115884,2.233743],[98.109513,2.238051],[98.104613,2.239527],[98.098121,2.240015],[98.088701,2.244932],[98.02726,2.243798],[98.025613,2.246725],[98.026093,2.250543],[98.031334,2.26513],[98.020854,2.27529],[98.022772,2.27606],[98.025173,2.275466],[98.026271,2.279239],[98.025525,2.307134],[98.00487,2.307487],[98.003713,2.326695],[98.027185,2.344806],[98.030169,2.345309],[98.039646,2.353242],[98.048765,2.356689],[98.063357,2.357158],[98.067774,2.362587],[98.07094,2.375985],[98.070779,2.378858],[98.058574,2.384923],[98.040881,2.389576],[98.038053,2.393761],[98.041683,2.40143],[98.044851,2.403367],[98.051142,2.402312],[98.060089,2.398053],[98.071421,2.395728],[98.07754,2.391896],[98.095324,2.400594],[98.103668,2.408875],[98.108374,2.415765],[98.112657,2.419919],[98.118057,2.416729],[98.128532,2.417694],[98.147951,2.421908]]]}},{"type":"Feature","properties":{"nmkec":"Singkohor","nmkab":"Aceh Singkil","nmprov":"Aceh","kdkec":"042","kdkab":"02","kodekab":"1102","idkec":"1102042","index":11},"geometry":{"type":"MultiPolygon","coordinates":[[[[97.978536,2.577057],[97.979275,2.574884],[97.992342,2.563314],[97.999067,2.555242],[98.000512,2.554372],[98.00502,2.557643],[98.007116,2.554849],[98.008458,2.544906],[98.007776,2.540804],[98.00619,2.538334],[97.998107,2.536295],[97.993777,2.532024],[97.944179,2.467564],[97.938957,2.468792],[97.933086,2.468346],[97.93027,2.465958],[97.930955,2.468262],[97.928345,2.475037],[97.925533,2.476458],[97.917228,2.475063],[97.909069,2.475103],[97.897123,2.475945],[97.894891,2.476838],[97.893333,2.484368],[97.899051,2.490105],[97.903979,2.493158],[97.90719,2.505267],[97.905813,2.506465],[97.90352,2.505733],[97.901672,2.503811],[97.895807,2.503787],[97.89537,2.504993],[97.898338,2.506219],[97.89647,2.511662],[97.890032,2.526784],[97.884371,2.529471],[97.882534,2.531546],[97.879696,2.540466],[97.879031,2.547807],[97.882725,2.548129],[97.885794,2.550175],[97.889787,2.558845],[97.895741,2.557708],[97.904083,2.550562],[97.905941,2.550473],[97.907166,2.554961],[97.911155,2.555614],[97.920147,2.564824],[97.916812,2.566274],[97.915796,2.569393],[97.920175,2.573133],[97.930605,2.57593],[97.933527,2.573432],[97.937752,2.573905],[97.939925,2.576312],[97.940327,2.578719],[97.941507,2.579345],[97.94536,2.579504],[97.947909,2.5781],[97.956798,2.579866],[97.966377,2.589783],[97.978536,2.577057]]],[[[97.888417,2.440377],[97.905792,2.434254],[97.907474,2.42999],[97.90903,2.411378],[97.900815,2.411978],[97.878609,2.410482],[97.874957,2.410877],[97.87249,2.412436],[97.87228,2.444763],[97.880567,2.444812],[97.888417,2.440377]]]]}},{"type":"Feature","properties":{"nmkec":"Kota Baharu","nmkab":"Aceh Singkil","nmprov":"Aceh","kdkec":"043","kdkab":"02","kodekab":"1102","idkec":"1102043","index":12},"geometry":{"type":"Polygon","coordinates":[[[97.863496,2.560588],[97.870984,2.556024],[97.87492,2.547817],[97.879031,2.547807],[97.879696,2.540466],[97.882534,2.531546],[97.884371,2.529471],[97.890032,2.526784],[97.898338,2.506219],[97.89537,2.504993],[97.895807,2.503787],[97.901672,2.503811],[97.90352,2.505733],[97.905813,2.506465],[97.90719,2.505267],[97.903979,2.493158],[97.899051,2.490105],[97.893333,2.484368],[97.894891,2.476838],[97.897123,2.475945],[97.909069,2.475103],[97.926866,2.475981],[97.928345,2.475037],[97.930955,2.467785],[97.929876,2.465617],[97.929976,2.46031],[97.926071,2.453785],[97.926406,2.451483],[97.927933,2.450861],[97.933415,2.452112],[97.934656,2.451633],[97.933979,2.449328],[97.930987,2.447302],[97.926858,2.442083],[97.923492,2.43474],[97.905792,2.434254],[97.888417,2.440377],[97.880567,2.444812],[97.87228,2.444763],[97.87249,2.412436],[97.874957,2.410877],[97.878609,2.410482],[97.900815,2.411978],[97.908321,2.411492],[97.90903,2.411378],[97.909138,2.40766],[97.90625,2.393788],[97.901947,2.386447],[97.900053,2.385348],[97.896605,2.386789],[97.880437,2.388243],[97.857333,2.361287],[97.77603,2.428571],[97.753667,2.448631],[97.790943,2.499805],[97.791741,2.507346],[97.837876,2.502793],[97.838847,2.500598],[97.842028,2.49962],[97.840611,2.504055],[97.840024,2.513993],[97.842286,2.517393],[97.846596,2.518822],[97.851247,2.527853],[97.849945,2.531677],[97.84747,2.531499],[97.842795,2.538855],[97.84353,2.547032],[97.842891,2.556944],[97.850184,2.559061],[97.85369,2.563824],[97.863496,2.560588]]]}},{"type":"Feature","properties":{"nmkec":"Trumon Timur","nmkab":"Aceh Selatan","nmprov":"Aceh","kdkec":"011","kdkab":"03","kodekab":"1103","idkec":"1103011","index":13},"geometry":{"type":"Polygon","coordinates":[[[97.892557,2.965458],[97.89963,2.965767],[97.906447,2.954723],[97.908106,2.933915],[97.907879,2.923991],[97.90675,2.917897],[97.90487,2.911693],[97.90252,2.908066],[97.886434,2.894286],[97.875177,2.888933],[97.861583,2.884164],[97.858194,2.881716],[97.857034,2.873973],[97.857297,2.868565],[97.86,2.859082],[97.860244,2.84658],[97.856681,2.842089],[97.847996,2.833503],[97.765855,2.786839],[97.762434,2.785205],[97.744675,2.784861],[97.717315,2.814993],[97.721769,2.866684],[97.712609,2.868985],[97.708247,2.871309],[97.723167,2.933684],[97.743808,2.927682],[97.749977,2.926564],[97.754729,2.927262],[97.763888,2.93646],[97.768447,2.948462],[97.769499,2.957086],[97.776688,2.96553],[97.792964,2.974341],[97.796569,2.975249],[97.799255,2.974866],[97.80083,2.972759],[97.803327,2.963155],[97.804968,2.960583],[97.806399,2.960445],[97.813628,2.966356],[97.815734,2.97545],[97.814502,2.979533],[97.815001,2.982212],[97.870497,2.967595],[97.892557,2.965458]]]}},{"type":"Feature","properties":{"nmkec":"Trumon Tengah","nmkab":"Aceh Selatan","nmprov":"Aceh","kdkec":"012","kdkab":"03","kodekab":"1103","idkec":"1103012","index":14},"geometry":{"type":"Polygon","coordinates":[[[97.637569,2.958826],[97.642039,2.953007],[97.652713,2.948025],[97.69514,2.941662],[97.723167,2.933684],[97.708247,2.871309],[97.712609,2.868985],[97.721769,2.866684],[97.717315,2.814993],[97.701396,2.832526],[97.680856,2.842486],[97.680684,2.84524],[97.673141,2.852005],[97.66437,2.867365],[97.662274,2.87265],[97.655731,2.873127],[97.655698,2.879112],[97.650565,2.878864],[97.637703,2.881719],[97.592946,2.881441],[97.595488,2.888236],[97.595373,2.893877],[97.610928,2.922668],[97.610996,2.929432],[97.603874,2.9487],[97.604373,2.951112],[97.608658,2.957777],[97.614194,2.963149],[97.623018,2.969285],[97.633149,2.97346],[97.634331,2.966507],[97.637569,2.958826]]]}},{"type":"Feature","properties":{"nmkec":"Bakongan","nmkab":"Aceh Selatan","nmprov":"Aceh","kdkec":"020","kdkab":"03","kodekab":"1103","idkec":"1103020","index":15},"geometry":{"type":"Polygon","coordinates":[[[97.507664,2.949087],[97.507203,2.936885],[97.515403,2.92315],[97.513533,2.923929],[97.498558,2.912926],[97.486657,2.920245],[97.482086,2.92154],[97.456896,2.923384],[97.44732,2.923159],[97.425128,2.934293],[97.411192,2.946603],[97.449377,2.990381],[97.453548,2.99432],[97.465713,3.000822],[97.501181,2.96418],[97.509265,2.958048],[97.507664,2.949087]]]}},{"type":"Feature","properties":{"nmkec":"Tapak Tuan","nmkab":"Aceh Selatan","nmprov":"Aceh","kdkec":"050","kdkab":"03","kodekab":"1103","idkec":"1103050","index":16},"geometry":{"type":"Polygon","coordinates":[[[97.276581,3.313519],[97.275888,3.274835],[97.273292,3.259023],[97.254378,3.227962],[97.252631,3.226824],[97.242419,3.235492],[97.238294,3.235585],[97.236223,3.234626],[97.234582,3.23233],[97.230574,3.230992],[97.223607,3.232159],[97.222309,3.2382],[97.223656,3.242611],[97.217127,3.245067],[97.215423,3.248798],[97.210918,3.251793],[97.209495,3.2519],[97.204095,3.248378],[97.200673,3.24933],[97.196052,3.252556],[97.196669,3.258198],[97.19345,3.260731],[97.191889,3.260604],[97.185737,3.256265],[97.181799,3.256069],[97.180832,3.250853],[97.177955,3.250715],[97.169562,3.257193],[97.167681,3.262307],[97.167922,3.265841],[97.165103,3.270056],[97.161781,3.271674],[97.158739,3.270852],[97.157859,3.273854],[97.160415,3.274621],[97.160946,3.27874],[97.158013,3.28528],[97.155475,3.285989],[97.15305,3.288231],[97.158801,3.29055],[97.159318,3.294058],[97.165824,3.29748],[97.187455,3.30088],[97.204735,3.308687],[97.218404,3.317107],[97.230764,3.326528],[97.235524,3.332623],[97.242185,3.344024],[97.247162,3.345887],[97.255205,3.346321],[97.265167,3.345079],[97.270837,3.342554],[97.277557,3.33257],[97.278524,3.327455],[97.276581,3.313519]]]}},{"type":"Feature","properties":{"nmkec":"Meukek","nmkab":"Aceh Selatan","nmprov":"Aceh","kdkec":"080","kdkab":"03","kodekab":"1103","idkec":"1103080","index":17},"geometry":{"type":"Polygon","coordinates":[[[97.20612,3.693938],[97.224223,3.678763],[97.263525,3.652321],[97.275827,3.650755],[97.278204,3.64972],[97.283361,3.64266],[97.287407,3.627941],[97.293343,3.612483],[97.294953,3.603271],[97.294716,3.59948],[97.283252,3.583928],[97.279882,3.574111],[97.279408,3.56572],[97.280785,3.546292],[97.280188,3.538637],[97.278892,3.534665],[97.269984,3.522294],[97.267633,3.517314],[97.256745,3.520598],[97.24923,3.520583],[97.240162,3.511912],[97.229077,3.50731],[97.227262,3.505603],[97.225263,3.498884],[97.211444,3.49171],[97.198728,3.479725],[97.193487,3.471144],[97.189805,3.46782],[97.18321,3.467562],[97.180066,3.470987],[97.174262,3.47313],[97.169698,3.470966],[97.160561,3.471148],[97.156376,3.470209],[97.154035,3.468768],[97.150905,3.464533],[97.145231,3.460931],[97.141823,3.456895],[97.131931,3.451138],[97.110471,3.44491],[97.100101,3.440585],[97.093949,3.425234],[97.08657,3.416464],[97.07278,3.417534],[97.070724,3.421316],[97.072296,3.424583],[97.071915,3.427446],[97.066462,3.427746],[97.062363,3.430629],[97.061768,3.434616],[97.062482,3.43661],[97.06522,3.437116],[97.065488,3.437979],[97.063562,3.442431],[97.058704,3.44625],[97.060043,3.454165],[97.059477,3.455266],[97.055792,3.457387],[97.053884,3.456837],[97.052277,3.454433],[97.049747,3.45485],[97.04937,3.457219],[97.051741,3.457379],[97.052693,3.458331],[97.051741,3.463865],[97.039988,3.483176],[97.032163,3.490704],[97.031412,3.492692],[97.036511,3.500917],[97.039176,3.503022],[97.048065,3.50326],[97.049627,3.504174],[97.050939,3.511073],[97.054276,3.519897],[97.063125,3.532104],[97.067878,3.540472],[97.09687,3.565323],[97.109128,3.578675],[97.11041,3.583507],[97.113067,3.588382],[97.126345,3.590988],[97.145235,3.596491],[97.14888,3.598755],[97.152033,3.603687],[97.155992,3.613302],[97.156897,3.620672],[97.156011,3.631517],[97.14989,3.652057],[97.151775,3.667507],[97.150242,3.680022],[97.155221,3.698025],[97.154122,3.718731],[97.155519,3.743846],[97.180085,3.723951],[97.20612,3.693938]]]}},{"type":"Feature","properties":{"nmkec":"Aceh Tenggara","nmkab":"Aceh Tenggara","nmprov":"Aceh","kdkec":"011","kdkab":"04","kodekab":"1104","idkec":"1104011","index":18},"geometry":{"type":"MultiPolygon","coordinates":[[[[97.851603,3.363048],[97.85852,3.355001],[97.859438,3.352649],[97.856296,3.350103],[97.858383,3.346675],[97.881321,3.330896],[97.880665,3.328474],[97.860954,3.312907],[97.848874,3.298411],[97.853328,3.277129],[97.863507,3.277468],[97.882595,3.274083],[97.899331,3.273421],[97.91558,3.27557],[97.917289,3.279466],[97.917651,3.279993],[97.916279,3.276791],[97.916783,3.274409],[97.912483,3.265776],[97.904804,3.264186],[97.893142,3.25545],[97.890445,3.255908],[97.889767,3.261084],[97.870361,3.254191],[97.884994,3.235835],[97.893147,3.239016],[97.894842,3.227928],[97.904975,3.229218],[97.904596,3.226762],[97.902674,3.225761],[97.902623,3.222981],[97.909316,3.215208],[97.905738,3.211213],[97.905591,3.205736],[97.903,3.205324],[97.901447,3.203455],[97.899458,3.195314],[97.899984,3.19202],[97.902301,3.190654],[97.901329,3.189587],[97.893271,3.188354],[97.887455,3.189942],[97.880716,3.187585],[97.877503,3.184685],[97.877019,3.18218],[97.880012,3.167371],[97.883929,3.160999],[97.893443,3.166688],[97.896355,3.164563],[97.901317,3.1639],[97.908218,3.164541],[97.908586,3.156686],[97.913103,3.141116],[97.905757,3.139858],[97.90501,3.142367],[97.887714,3.139906],[97.889188,3.139505],[97.88965,3.135423],[97.89131,3.133373],[97.897791,3.131081],[97.899693,3.128479],[97.90215,3.121558],[97.906683,3.122517],[97.908726,3.117032],[97.91258,3.114319],[97.910315,3.109206],[97.905982,3.104775],[97.907138,3.097191],[97.906704,3.089215],[97.907471,3.083427],[97.910053,3.084411],[97.919735,3.075392],[97.922293,3.070593],[97.922906,3.06366],[97.927338,3.056659],[97.942363,3.047971],[97.944228,3.045648],[97.94396,3.043053],[97.939124,3.037001],[97.938528,3.0282],[97.939737,3.023184],[97.946098,3.010448],[97.946942,3.005719],[97.946064,3.003205],[97.940433,2.995109],[97.935135,2.98952],[97.930157,2.990861],[97.924511,2.994547],[97.90803,3.00081],[97.903915,3.004049],[97.901597,3.007846],[97.896843,3.008507],[97.888029,3.009229],[97.881833,3.006879],[97.871166,3.009755],[97.860023,3.003358],[97.85148,3.000984],[97.840973,3.003209],[97.833467,3.001858],[97.82743,2.998746],[97.814495,2.982435],[97.815734,2.97545],[97.813628,2.966356],[97.807826,2.961382],[97.804968,2.960583],[97.803327,2.963155],[97.80083,2.972759],[97.799255,2.974866],[97.796569,2.975249],[97.788128,2.972155],[97.777499,2.966178],[97.772327,2.961255],[97.769499,2.957086],[97.768447,2.948462],[97.763888,2.93646],[97.757937,2.929793],[97.753479,2.926899],[97.749977,2.926564],[97.743106,2.927828],[97.732227,2.93163],[97.71614,2.935286],[97.69514,2.941662],[97.657123,2.947028],[97.645185,2.951178],[97.640538,2.954299],[97.637891,2.958215],[97.634331,2.966507],[97.633149,2.97346],[97.633973,3.012361],[97.635131,3.01566],[97.641853,3.023744],[97.642768,3.026642],[97.643021,3.030537],[97.638682,3.039364],[97.648282,3.034386],[97.655694,3.029283],[97.659937,3.028198],[97.666512,3.013757],[97.680038,3.010763],[97.689839,3.005917],[97.697027,3.01069],[97.695453,3.015233],[97.696531,3.018965],[97.701852,3.02161],[97.710395,3.032781],[97.709349,3.036522],[97.709902,3.04159],[97.713654,3.049846],[97.715743,3.050436],[97.723506,3.056741],[97.720333,3.059424],[97.721425,3.066357],[97.728904,3.076732],[97.727857,3.080205],[97.732679,3.090058],[97.735614,3.093514],[97.740921,3.09269],[97.743851,3.095078],[97.749424,3.094786],[97.752361,3.098508],[97.755553,3.099028],[97.762476,3.104867],[97.767262,3.106446],[97.767392,3.109589],[97.763171,3.115479],[97.760297,3.125632],[97.760357,3.138974],[97.752169,3.148085],[97.747963,3.157177],[97.747185,3.161183],[97.749335,3.167044],[97.759205,3.177405],[97.759222,3.181141],[97.756587,3.185423],[97.757396,3.188087],[97.769646,3.196302],[97.772855,3.201357],[97.774039,3.217395],[97.770026,3.225557],[97.773328,3.238571],[97.783088,3.246668],[97.786417,3.265381],[97.797826,3.279169],[97.804365,3.291352],[97.827066,3.294499],[97.826315,3.306717],[97.828805,3.318918],[97.823971,3.324642],[97.818312,3.327113],[97.822415,3.33778],[97.826501,3.344885],[97.828785,3.345498],[97.833554,3.349776],[97.841078,3.36322],[97.843227,3.365424],[97.846282,3.367232],[97.851603,3.363048]]],[[[97.893123,3.239039],[97.893123,3.239038],[97.893122,3.239041],[97.893123,3.239039]]]]}},{"type":"Feature","properties":{"nmkec":"Tanoh Alas","nmkab":"Aceh Tenggara","nmprov":"Aceh","kdkec":"012","kdkab":"04","kodekab":"1104","idkec":"1104012","index":19},"geometry":{"type":"Polygon","coordinates":[[[97.851114,3.397412],[97.847927,3.395619],[97.845598,3.392533],[97.846542,3.387858],[97.848965,3.388032],[97.852014,3.381633],[97.857389,3.37464],[97.86327,3.371344],[97.851898,3.362864],[97.846282,3.367232],[97.844658,3.366524],[97.843219,3.36925],[97.840567,3.375569],[97.83495,3.395752],[97.828748,3.396906],[97.836157,3.399028],[97.84347,3.398096],[97.850869,3.400112],[97.851114,3.397412]]]}},{"type":"Feature","properties":{"nmkec":"Aceh Tenggara","nmkab":"Aceh Tenggara","nmprov":"Aceh","kdkec":"020","kdkab":"04","kodekab":"1104","idkec":"1104020","index":20},"geometry":{"type":"MultiPolygon","coordinates":[[[[97.948226,3.390666],[97.970668,3.378021],[97.976556,3.372458],[97.988476,3.370889],[97.993122,3.3717],[97.995628,3.373126],[98.003576,3.368226],[97.992964,3.358036],[97.989179,3.352315],[97.973851,3.334388],[97.964471,3.325589],[97.952915,3.32497],[97.946379,3.334097],[97.938735,3.341558],[97.933719,3.344225],[97.930493,3.344299],[97.927151,3.347072],[97.922711,3.35512],[97.918492,3.369731],[97.914722,3.370687],[97.909121,3.383186],[97.909224,3.385862],[97.907449,3.389958],[97.93054,3.389719],[97.946989,3.393554],[97.948226,3.390666]]],[[[97.934466,3.342164],[97.934464,3.342164],[97.934469,3.342173],[97.934466,3.342164]]]]}},{"type":"Feature","properties":{"nmkec":"Leuser","nmkab":"Aceh Tenggara","nmprov":"Aceh","kdkec":"023","kdkab":"04","kodekab":"1104","idkec":"1104023","index":21},"geometry":{"type":"MultiPolygon","coordinates":[[[[97.915357,3.264377],[97.917886,3.255176],[97.919854,3.252172],[97.920518,3.247674],[97.918996,3.244458],[97.920719,3.238568],[97.919248,3.229937],[97.92832,3.21892],[97.93248,3.20979],[97.937239,3.205337],[97.941265,3.205504],[97.944775,3.206965],[97.951493,3.184033],[97.953781,3.180782],[97.957126,3.17898],[97.95583,3.17611],[97.94413,3.166981],[97.940401,3.162253],[97.933816,3.172752],[97.935193,3.142142],[97.913104,3.141048],[97.913075,3.14334],[97.91087,3.147256],[97.91044,3.151705],[97.908586,3.156686],[97.908218,3.164541],[97.901317,3.1639],[97.896355,3.164563],[97.893443,3.166688],[97.883929,3.160999],[97.880012,3.167371],[97.877943,3.175589],[97.877019,3.18218],[97.877503,3.184685],[97.880716,3.187585],[97.887455,3.189942],[97.89665,3.188337],[97.901329,3.189587],[97.902301,3.190654],[97.899984,3.19202],[97.899829,3.197821],[97.901453,3.203468],[97.903,3.205324],[97.905591,3.205736],[97.905738,3.211213],[97.909316,3.215208],[97.902623,3.222981],[97.902674,3.225761],[97.904596,3.226762],[97.904975,3.229218],[97.894842,3.227928],[97.893147,3.239016],[97.884994,3.235835],[97.870361,3.254191],[97.889767,3.261084],[97.890445,3.255908],[97.893142,3.25545],[97.904804,3.264186],[97.912483,3.265776],[97.915357,3.264377]],[[97.893122,3.239041],[97.893123,3.239038],[97.893122,3.239041],[97.893122,3.239041]]],[[[97.953536,3.138958],[97.973459,3.1171],[97.968271,3.112553],[97.972579,3.105186],[97.969878,3.104304],[97.97048,3.102325],[97.971318,3.100643],[97.979919,3.095582],[97.982614,3.086142],[97.978987,3.079749],[97.975289,3.076562],[97.973774,3.07298],[97.971007,3.070218],[97.964568,3.067906],[97.961333,3.065642],[97.949571,3.065565],[97.948174,3.06851],[97.950318,3.073926],[97.949148,3.075145],[97.943339,3.074193],[97.940304,3.075221],[97.937329,3.074626],[97.937639,3.079282],[97.947155,3.07922],[97.951931,3.08656],[97.960177,3.082481],[97.96394,3.070008],[97.966948,3.07517],[97.968354,3.082329],[97.971511,3.088831],[97.980134,3.088194],[97.967466,3.096043],[97.961329,3.092759],[97.957413,3.092106],[97.952928,3.095023],[97.947327,3.093216],[97.942492,3.105596],[97.932029,3.112869],[97.937906,3.12097],[97.947409,3.11386],[97.947318,3.112318],[97.953434,3.103587],[97.957395,3.101983],[97.959815,3.098204],[97.965197,3.09968],[97.967251,3.100924],[97.963485,3.108515],[97.955013,3.115787],[97.942073,3.130608],[97.953536,3.138958]]],[[[97.920615,3.113065],[97.928035,3.104067],[97.922763,3.098223],[97.910315,3.109206],[97.91258,3.114319],[97.910538,3.116343],[97.914098,3.115303],[97.912195,3.119381],[97.916735,3.125466],[97.925346,3.119625],[97.920615,3.113065]]],[[[97.90501,3.142367],[97.908069,3.12997],[97.911084,3.123448],[97.90215,3.121558],[97.899693,3.128479],[97.897791,3.131081],[97.89131,3.133373],[97.88965,3.135423],[97.889188,3.139505],[97.887714,3.139906],[97.90501,3.142367]]],[[[97.963824,3.144897],[97.957485,3.138557],[97.937186,3.156167],[97.945839,3.162158],[97.9509,3.155017],[97.963824,3.144897]]]]}},{"type":"Feature","properties":{"nmkec":"Aceh Tenggara","nmkab":"Aceh Tenggara","nmprov":"Aceh","kdkec":"032","kdkab":"04","kodekab":"1104","idkec":"1104032","index":22},"geometry":{"type":"MultiPolygon","coordinates":[[[[97.900816,3.499314],[97.921174,3.498818],[97.928652,3.493215],[97.946046,3.489412],[97.951042,3.484627],[97.958191,3.483057],[97.958922,3.48188],[97.952662,3.480118],[97.944218,3.479511],[97.936406,3.475637],[97.930895,3.469628],[97.927552,3.471116],[97.924457,3.475308],[97.919796,3.477943],[97.912007,3.478505],[97.906809,3.478011],[97.89744,3.474406],[97.892765,3.47443],[97.888071,3.4708],[97.881315,3.470314],[97.876624,3.467206],[97.868826,3.466202],[97.865629,3.463218],[97.862294,3.46385],[97.862171,3.479209],[97.858846,3.479303],[97.856597,3.479964],[97.859297,3.479971],[97.859091,3.485396],[97.856963,3.490415],[97.859213,3.491048],[97.865703,3.490362],[97.867016,3.492965],[97.874155,3.492276],[97.878677,3.487684],[97.88582,3.487647],[97.886497,3.492864],[97.900816,3.499314]]],[[[97.860626,3.464162],[97.862285,3.463851],[97.859088,3.46444],[97.860626,3.464162]]],[[[97.858551,3.464545],[97.858571,3.464539],[97.858288,3.464593],[97.858551,3.464545]]],[[[97.858707,3.464516],[97.858712,3.464512],[97.858706,3.464513],[97.858707,3.464516]]]]}},{"type":"Feature","properties":{"nmkec":"Aceh Tenggara","nmkab":"Aceh Tenggara","nmprov":"Aceh","kdkec":"051","kdkab":"04","kodekab":"1104","idkec":"1104051","index":23},"geometry":{"type":"Polygon","coordinates":[[[97.623914,3.721776],[97.626914,3.718614],[97.627199,3.715465],[97.634917,3.710039],[97.637648,3.70339],[97.643896,3.700458],[97.647414,3.694847],[97.64525,3.689401],[97.646648,3.684827],[97.651951,3.682087],[97.658431,3.674921],[97.654854,3.669887],[97.655637,3.667381],[97.657374,3.665979],[97.660468,3.666536],[97.662477,3.665824],[97.670351,3.660933],[97.671273,3.656164],[97.677855,3.649795],[97.681308,3.648135],[97.68218,3.651059],[97.686477,3.649878],[97.68795,3.648128],[97.685006,3.645531],[97.696039,3.639465],[97.698633,3.635899],[97.698015,3.633275],[97.699707,3.629208],[97.704657,3.629364],[97.706902,3.625165],[97.714706,3.619364],[97.721066,3.611158],[97.724508,3.605571],[97.721265,3.602803],[97.725728,3.59836],[97.739178,3.574154],[97.74537,3.566965],[97.728929,3.560373],[97.726163,3.554852],[97.747903,3.554726],[97.75755,3.551931],[97.759379,3.546002],[97.749389,3.545198],[97.749728,3.538223],[97.757634,3.538651],[97.758099,3.534447],[97.764895,3.531845],[97.767089,3.524025],[97.770673,3.523162],[97.774223,3.516633],[97.781386,3.508781],[97.786695,3.499333],[97.789214,3.496625],[97.781706,3.495566],[97.782081,3.485215],[97.793353,3.484962],[97.795556,3.480527],[97.794736,3.472777],[97.795784,3.466504],[97.799655,3.461781],[97.799864,3.454812],[97.793829,3.454442],[97.790419,3.452667],[97.789986,3.444825],[97.78786,3.438607],[97.783656,3.435469],[97.77873,3.434884],[97.772736,3.424501],[97.760042,3.417753],[97.757467,3.417349],[97.752842,3.420093],[97.749819,3.420418],[97.634739,3.353113],[97.496514,3.274798],[97.483323,3.268767],[97.474702,3.267428],[97.468925,3.267891],[97.467012,3.273244],[97.468616,3.301274],[97.473504,3.331587],[97.468258,3.338427],[97.456467,3.361863],[97.438416,3.401664],[97.424382,3.421769],[97.412275,3.434321],[97.398067,3.452832],[97.398306,3.455148],[97.414103,3.48202],[97.44122,3.521743],[97.452089,3.539983],[97.45586,3.542191],[97.46262,3.542141],[97.479116,3.544981],[97.481507,3.546503],[97.483873,3.551704],[97.48435,3.558248],[97.482943,3.562281],[97.472459,3.569235],[97.469039,3.575528],[97.46803,3.589946],[97.462833,3.6018],[97.462566,3.615934],[97.458035,3.6266],[97.455045,3.630509],[97.450045,3.63423],[97.442672,3.63703],[97.431647,3.638479],[97.419494,3.623782],[97.410069,3.619609],[97.404286,3.618804],[97.400568,3.620693],[97.392127,3.629956],[97.380318,3.640031],[97.377819,3.641066],[97.372034,3.641117],[97.367046,3.638234],[97.358271,3.62573],[97.355533,3.624502],[97.344089,3.622769],[97.336368,3.616457],[97.330407,3.6129],[97.30202,3.600961],[97.295326,3.599236],[97.293343,3.612483],[97.287407,3.627941],[97.284587,3.639605],[97.27985,3.648256],[97.275827,3.650755],[97.263525,3.652321],[97.224223,3.678763],[97.206093,3.693908],[97.255499,3.695363],[97.258358,3.69375],[97.264235,3.685084],[97.284868,3.682316],[97.301358,3.677568],[97.311542,3.676557],[97.460333,3.697671],[97.477321,3.701672],[97.493746,3.702945],[97.497942,3.700667],[97.511499,3.700086],[97.528424,3.705962],[97.534871,3.706703],[97.5496,3.714185],[97.552658,3.714263],[97.556147,3.710697],[97.623914,3.721776]]]}},{"type":"Feature","properties":{"nmkec":"Ketambe","nmkab":"Aceh Tenggara","nmprov":"Aceh","kdkec":"052","kdkab":"04","kodekab":"1104","idkec":"1104052","index":24},"geometry":{"type":"Polygon","coordinates":[[[97.628102,3.726255],[97.640443,3.714606],[97.648735,3.704381],[97.652922,3.696809],[97.666607,3.68276],[97.668958,3.676541],[97.66922,3.674974],[97.668183,3.673673],[97.676035,3.663991],[97.678282,3.65924],[97.678566,3.655826],[97.702985,3.642154],[97.727882,3.621998],[97.743371,3.60299],[97.748082,3.603675],[97.752034,3.60066],[97.756354,3.595965],[97.757575,3.592821],[97.757002,3.58679],[97.758174,3.580795],[97.752241,3.578775],[97.741643,3.587453],[97.735146,3.594099],[97.735538,3.597078],[97.738731,3.599111],[97.736311,3.602638],[97.732383,3.604524],[97.729753,3.60715],[97.727897,3.614102],[97.720533,3.620665],[97.715925,3.6225],[97.703207,3.635407],[97.698633,3.635899],[97.696039,3.639465],[97.685006,3.645531],[97.68795,3.648128],[97.685629,3.650604],[97.68218,3.651059],[97.681308,3.648135],[97.678851,3.64923],[97.671273,3.656164],[97.670351,3.660933],[97.662477,3.665824],[97.660468,3.666536],[97.657374,3.665979],[97.655637,3.667381],[97.654854,3.669887],[97.658431,3.674921],[97.651951,3.682087],[97.646648,3.684827],[97.64525,3.689401],[97.647414,3.694847],[97.643896,3.700458],[97.637648,3.70339],[97.634917,3.710039],[97.627199,3.715465],[97.626914,3.718614],[97.623914,3.721776],[97.628102,3.726255]]]}},{"type":"Feature","properties":{"nmkec":"Aceh Tenggara","nmkab":"Aceh Tenggara","nmprov":"Aceh","kdkec":"053","kdkab":"04","kodekab":"1104","idkec":"1104053","index":25},"geometry":{"type":"Polygon","coordinates":[[[97.890087,3.559552],[97.899564,3.559903],[97.904411,3.55694],[97.907292,3.553667],[97.912349,3.543658],[97.912564,3.533824],[97.906218,3.532384],[97.90313,3.530514],[97.892287,3.52023],[97.877253,3.512554],[97.872786,3.511992],[97.853317,3.512853],[97.84951,3.506315],[97.844142,3.502572],[97.841294,3.501928],[97.840829,3.504617],[97.838734,3.504352],[97.834759,3.516233],[97.830231,3.515569],[97.830001,3.519022],[97.833893,3.520326],[97.827429,3.527746],[97.828385,3.530463],[97.821497,3.532913],[97.820083,3.531504],[97.814276,3.531359],[97.811906,3.535121],[97.806711,3.538506],[97.807812,3.543225],[97.809762,3.541509],[97.815315,3.542178],[97.822618,3.541324],[97.826694,3.544565],[97.830787,3.551069],[97.834863,3.554311],[97.841357,3.554276],[97.847065,3.55914],[97.852748,3.55911],[97.864156,3.567207],[97.870613,3.568568],[97.875595,3.565163],[97.890087,3.559552]]]}},{"type":"Feature","properties":{"nmkec":"Serba Jadi","nmkab":"Aceh Timur","nmprov":"Aceh","kdkec":"080","kdkab":"05","kodekab":"1105","idkec":"1105080","index":26},"geometry":{"type":"Polygon","coordinates":[[[97.516082,4.761591],[97.562778,4.693085],[97.574018,4.665766],[97.591081,4.634944],[97.5978,4.603343],[97.683464,4.506102],[97.66778,4.492826],[97.649691,4.468413],[97.626063,4.418866],[97.619003,4.370553],[97.618999,4.331725],[97.61264,4.287224],[97.612519,4.250584],[97.60637,4.253906],[97.601847,4.253719],[97.594533,4.249884],[97.592588,4.23961],[97.589088,4.232915],[97.585398,4.228274],[97.581369,4.217399],[97.576262,4.210821],[97.574802,4.195077],[97.573618,4.191432],[97.574455,4.189582],[97.577313,4.188692],[97.57797,4.187499],[97.576667,4.182874],[97.573367,4.186023],[97.569318,4.18734],[97.562901,4.18521],[97.547406,4.192771],[97.534903,4.194198],[97.530779,4.193535],[97.515159,4.186307],[97.512888,4.178094],[97.505433,4.16643],[97.504532,4.157921],[97.5,4.155832],[97.465653,4.15909],[97.454932,4.162157],[97.443145,4.168309],[97.419685,4.176353],[97.408466,4.18222],[97.403749,4.180978],[97.399474,4.183264],[97.392296,4.190034],[97.375787,4.200118],[97.368821,4.203417],[97.360331,4.204226],[97.357013,4.208717],[97.356228,4.213358],[97.359086,4.214613],[97.3549,4.224568],[97.350845,4.240256],[97.349406,4.249942],[97.354769,4.260378],[97.356036,4.266965],[97.356789,4.275052],[97.355611,4.283107],[97.356004,4.301728],[97.358309,4.342642],[97.3618,4.357128],[97.367588,4.363584],[97.368504,4.379888],[97.362748,4.40845],[97.360394,4.414841],[97.347608,4.434143],[97.345645,4.442359],[97.343745,4.472448],[97.344268,4.490249],[97.343221,4.499638],[97.340867,4.501333],[97.322554,4.505245],[97.31706,4.508114],[97.311828,4.508505],[97.305287,4.507201],[97.29927,4.504723],[97.295739,4.501463],[97.291422,4.50042],[97.289623,4.500811],[97.284914,4.505115],[97.283408,4.509217],[97.279327,4.513383],[97.277458,4.520893],[97.279579,4.523977],[97.28288,4.525982],[97.297259,4.526907],[97.30281,4.534146],[97.314655,4.544966],[97.317337,4.548462],[97.314758,4.57376],[97.314139,4.598748],[97.311604,4.608087],[97.306495,4.620517],[97.301315,4.628188],[97.299064,4.629435],[97.280382,4.630191],[97.274839,4.631806],[97.269981,4.627646],[97.265752,4.621348],[97.260505,4.6221],[97.259328,4.624614],[97.25652,4.643824],[97.254549,4.649088],[97.254312,4.656964],[97.25497,4.661833],[97.258563,4.663772],[97.265761,4.662615],[97.274805,4.659281],[97.288443,4.65923],[97.305672,4.662293],[97.311268,4.66667],[97.312674,4.673471],[97.311955,4.681981],[97.313202,4.68509],[97.323631,4.697619],[97.327209,4.706271],[97.327604,4.715839],[97.32413,4.734516],[97.319065,4.740977],[97.321691,4.744128],[97.324194,4.743294],[97.324299,4.744031],[97.495371,4.73907],[97.516082,4.761591]]]}},{"type":"Feature","properties":{"nmkec":"Birem Bayeun","nmkab":"Aceh Timur","nmprov":"Aceh","kdkec":"090","kdkab":"05","kodekab":"1105","idkec":"1105090","index":27},"geometry":{"type":"MultiPolygon","coordinates":[[[[98.018151,4.609389],[98.018187,4.604731],[98.016988,4.60296],[98.013206,4.603587],[98.011911,4.604935],[98.008922,4.603652],[98.001914,4.59625],[97.998486,4.591472],[97.998233,4.589077],[97.990944,4.583663],[97.985741,4.574807],[97.983976,4.568113],[97.975543,4.564054],[97.972442,4.561609],[97.972316,4.558861],[97.972883,4.55794],[97.975559,4.557725],[97.976064,4.553812],[97.980505,4.545612],[97.978548,4.540697],[97.97073,4.535025],[97.969005,4.532149],[97.962874,4.528714],[97.957417,4.535511],[97.954417,4.536784],[97.951327,4.536182],[97.950512,4.534577],[97.950973,4.532785],[97.944587,4.528954],[97.935338,4.530039],[97.936581,4.534522],[97.930507,4.535873],[97.921144,4.53402],[97.916003,4.530968],[97.907736,4.518329],[97.896119,4.505549],[97.889944,4.491856],[97.877357,4.457405],[97.87801,4.45552],[97.884966,4.447848],[97.90399,4.447486],[97.903319,4.449387],[97.905294,4.451487],[97.907202,4.452085],[97.90862,4.450946],[97.908086,4.450163],[97.906326,4.451443],[97.906054,4.449952],[97.907114,4.448487],[97.911188,4.447929],[97.912782,4.448747],[97.911941,4.451134],[97.917314,4.451344],[97.918148,4.450282],[97.916119,4.423623],[97.91974,4.422196],[97.922915,4.422962],[97.924803,4.425969],[97.926773,4.433199],[97.935262,4.431625],[97.940848,4.436734],[97.963531,4.442082],[97.966731,4.442037],[97.971657,4.436815],[97.969075,4.426586],[97.969257,4.424136],[97.974255,4.421086],[97.980207,4.423501],[97.985424,4.41268],[97.989352,4.409938],[98.011175,4.410074],[98.014955,4.415463],[98.017489,4.415318],[98.013766,4.411688],[97.994274,4.396145],[97.986751,4.392267],[97.98281,4.394068],[97.978971,4.391702],[97.975068,4.380719],[97.959214,4.393253],[97.95388,4.391544],[97.946643,4.387541],[97.938397,4.371923],[97.924332,4.357036],[97.922568,4.351093],[97.89005,4.348172],[97.883392,4.346507],[97.872322,4.346234],[97.866169,4.344691],[97.855402,4.346054],[97.819998,4.345448],[97.805085,4.346346],[97.800005,4.348226],[97.795967,4.344444],[97.78853,4.349812],[97.784579,4.350844],[97.782042,4.349707],[97.77432,4.343033],[97.766943,4.358286],[97.760148,4.36504],[97.764819,4.377934],[97.766022,4.383965],[97.764599,4.409828],[97.758786,4.459352],[97.75768,4.477086],[97.75826,4.492918],[97.757629,4.496213],[97.751466,4.503969],[97.748692,4.510147],[97.75127,4.517483],[97.748691,4.528441],[97.754035,4.541495],[97.758167,4.545838],[97.764149,4.547828],[97.765931,4.549782],[97.767393,4.555192],[97.774104,4.558164],[97.775072,4.562827],[97.772674,4.563926],[97.774333,4.569016],[97.776472,4.572722],[97.777899,4.572954],[97.779717,4.570922],[97.781445,4.571676],[97.781604,4.576007],[97.786087,4.585018],[97.788422,4.585331],[97.791355,4.584245],[97.794049,4.575826],[97.796916,4.572798],[97.7991,4.573318],[97.801187,4.577651],[97.802455,4.568606],[97.815965,4.564459],[97.816929,4.564806],[97.819447,4.572191],[97.82416,4.576281],[97.82749,4.577081],[97.830159,4.576304],[97.839268,4.578921],[97.838407,4.585124],[97.837001,4.587143],[97.838557,4.591051],[97.840769,4.594735],[97.843639,4.596639],[97.849939,4.607336],[97.852952,4.610085],[97.85535,4.610965],[97.859203,4.605489],[97.86434,4.600419],[97.865422,4.603258],[97.862117,4.606924],[97.862448,4.608801],[97.866233,4.60772],[97.86745,4.605016],[97.871483,4.602474],[97.875021,4.605421],[97.874278,4.606841],[97.875968,4.60941],[97.880767,4.607517],[97.884282,4.607449],[97.885229,4.611911],[97.888406,4.613263],[97.889623,4.61279],[97.888203,4.610018],[97.888406,4.608058],[97.890096,4.606165],[97.891245,4.606773],[97.891313,4.608058],[97.89307,4.608058],[97.893341,4.604678],[97.891757,4.601952],[97.889893,4.592337],[97.890985,4.591798],[97.893205,4.592688],[97.895546,4.598145],[97.900642,4.597445],[97.904053,4.595678],[97.904732,4.594204],[97.904472,4.587303],[97.906221,4.580461],[97.911776,4.584555],[97.914696,4.582269],[97.92024,4.581153],[97.924059,4.578453],[97.93299,4.576637],[97.939,4.576862],[97.943838,4.574325],[97.947492,4.575752],[97.947141,4.578139],[97.948985,4.580651],[97.950906,4.582614],[97.951518,4.582115],[97.954104,4.583713],[97.955579,4.586935],[97.960887,4.593032],[97.963577,4.591231],[97.967103,4.592161],[97.971175,4.600759],[97.972899,4.601708],[97.975272,4.601359],[97.97822,4.594539],[97.981592,4.590392],[97.983591,4.591341],[97.988187,4.598511],[98.000852,4.603707],[98.002401,4.606155],[98.001927,4.609078],[97.999853,4.612675],[97.995906,4.614174],[97.994957,4.616971],[97.995132,4.621068],[97.998352,4.62162],[97.998732,4.625486],[98.003727,4.624599],[98.010349,4.620516],[98.016498,4.613343],[98.018151,4.609389]]],[[[98.017357,4.587514],[98.018466,4.594472],[98.018062,4.59659],[98.016538,4.597953],[98.017256,4.60017],[98.019575,4.594119],[98.01892,4.589531],[98.017357,4.587514]]]]}},{"type":"Feature","properties":{"nmkec":"Peureulak","nmkab":"Aceh Timur","nmprov":"Aceh","kdkec":"110","kdkab":"05","kodekab":"1105","idkec":"1105110","index":28},"geometry":{"type":"Polygon","coordinates":[[[97.905941,4.889208],[97.906553,4.883288],[97.908655,4.876543],[97.919241,4.850033],[97.930676,4.815552],[97.935537,4.806717],[97.936123,4.803378],[97.946191,4.778148],[97.946127,4.769213],[97.94868,4.762865],[97.953461,4.756873],[97.956027,4.749498],[97.955671,4.745634],[97.94529,4.744136],[97.936266,4.747418],[97.93409,4.745884],[97.933127,4.742531],[97.933697,4.738464],[97.932085,4.737915],[97.927312,4.745492],[97.916825,4.74699],[97.913763,4.752392],[97.908301,4.746022],[97.904502,4.744113],[97.900395,4.743398],[97.889956,4.744537],[97.888922,4.748701],[97.89207,4.751163],[97.893847,4.751062],[97.895041,4.753346],[97.895041,4.757738],[97.894152,4.759109],[97.889284,4.75945],[97.884296,4.75704],[97.88228,4.757158],[97.878577,4.759043],[97.875461,4.76224],[97.871106,4.762265],[97.868333,4.760288],[97.867522,4.754163],[97.869641,4.75307],[97.871017,4.754506],[97.873834,4.754005],[97.868339,4.747423],[97.867925,4.741539],[97.862237,4.742845],[97.85599,4.736665],[97.855013,4.733085],[97.855584,4.727877],[97.844446,4.731051],[97.837054,4.734246],[97.839549,4.729636],[97.844963,4.724465],[97.846482,4.718035],[97.844213,4.712253],[97.839637,4.708219],[97.83734,4.706944],[97.835666,4.7073],[97.830398,4.713505],[97.814149,4.715342],[97.81076,4.708657],[97.802393,4.701909],[97.804461,4.701428],[97.807243,4.699039],[97.807328,4.696028],[97.805063,4.689576],[97.798473,4.681751],[97.788096,4.682182],[97.783249,4.674822],[97.783606,4.66823],[97.768983,4.669846],[97.761229,4.677681],[97.751693,4.675736],[97.746133,4.671679],[97.745563,4.677382],[97.746651,4.683046],[97.74569,4.684268],[97.743527,4.684524],[97.743207,4.6823],[97.742061,4.68191],[97.739933,4.686029],[97.744055,4.69068],[97.743535,4.691885],[97.742493,4.692664],[97.739514,4.689033],[97.737518,4.690968],[97.740717,4.699254],[97.74435,4.700952],[97.747017,4.701066],[97.748786,4.70484],[97.748595,4.705865],[97.746321,4.706387],[97.747662,4.708528],[97.751349,4.707846],[97.750736,4.70384],[97.751532,4.702426],[97.752959,4.702605],[97.756297,4.706982],[97.759696,4.703656],[97.762275,4.708861],[97.765731,4.712912],[97.766725,4.716639],[97.765661,4.719366],[97.766143,4.720427],[97.772925,4.72197],[97.776445,4.721359],[97.778234,4.722421],[97.781207,4.72672],[97.781314,4.727714],[97.78032,4.727714],[97.780881,4.730343],[97.789592,4.732915],[97.790781,4.732176],[97.790942,4.727258],[97.792886,4.727696],[97.793436,4.730181],[97.792602,4.735683],[97.796027,4.74067],[97.794591,4.744864],[97.795729,4.74622],[97.798051,4.746858],[97.801956,4.745199],[97.802007,4.743847],[97.805171,4.747292],[97.809586,4.748849],[97.809561,4.747088],[97.810955,4.747567],[97.811664,4.750148],[97.808948,4.754071],[97.799719,4.753183],[97.798725,4.753787],[97.800169,4.758649],[97.811693,4.765648],[97.810122,4.769138],[97.803813,4.772772],[97.80389,4.774297],[97.812769,4.779762],[97.815744,4.777306],[97.815437,4.776241],[97.81797,4.777265],[97.817839,4.779909],[97.813129,4.782039],[97.811257,4.784515],[97.811177,4.78709],[97.812362,4.789047],[97.816043,4.788259],[97.822262,4.784908],[97.827754,4.784758],[97.827873,4.785991],[97.824465,4.789257],[97.825879,4.794226],[97.832826,4.803016],[97.834687,4.811037],[97.837005,4.815107],[97.839073,4.814356],[97.839246,4.811767],[97.840074,4.811288],[97.844911,4.811238],[97.844544,4.816108],[97.84732,4.817486],[97.848101,4.818906],[97.848144,4.820057],[97.846185,4.820971],[97.845885,4.822862],[97.848114,4.825145],[97.850343,4.823592],[97.85147,4.815903],[97.856912,4.812816],[97.862769,4.810942],[97.865453,4.810896],[97.867531,4.812597],[97.865793,4.815944],[97.864174,4.816921],[97.865378,4.817714],[97.868581,4.816156],[97.869914,4.811656],[97.874726,4.809327],[97.875715,4.809946],[97.875633,4.812174],[97.874477,4.813701],[97.875426,4.815971],[97.881236,4.814869],[97.885991,4.816672],[97.889045,4.814485],[97.88694,4.81106],[97.888248,4.810209],[97.890594,4.81051],[97.892212,4.811798],[97.894235,4.815923],[97.891509,4.816047],[97.885693,4.820386],[97.885144,4.824243],[97.883793,4.826197],[97.889564,4.831508],[97.888322,4.842487],[97.89454,4.842071],[97.89792,4.845119],[97.897937,4.846035],[97.892134,4.849073],[97.891218,4.847375],[97.890319,4.847985],[97.891641,4.853274],[97.892714,4.853824],[97.896692,4.850148],[97.89882,4.849464],[97.899291,4.860748],[97.898473,4.862886],[97.897045,4.863243],[97.896841,4.856206],[97.89577,4.855543],[97.893406,4.856992],[97.89065,4.862504],[97.888915,4.863626],[97.894782,4.868969],[97.898584,4.870108],[97.901457,4.876433],[97.898463,4.876564],[97.893383,4.871476],[97.890929,4.867328],[97.889496,4.866965],[97.891632,4.874623],[97.894866,4.879191],[97.894491,4.881912],[97.892123,4.883724],[97.892177,4.885565],[97.894045,4.88869],[97.90227,4.889807],[97.905941,4.889208]]]}},{"type":"Feature","properties":{"nmkec":"Peureulak Timur","nmkab":"Aceh Timur","nmprov":"Aceh","kdkec":"111","kdkab":"05","kodekab":"1105","idkec":"1105111","index":29},"geometry":{"type":"Polygon","coordinates":[[[97.884296,4.75704],[97.886958,4.758828],[97.890964,4.759705],[97.893771,4.759363],[97.895041,4.757738],[97.895041,4.753346],[97.893847,4.751062],[97.89207,4.751163],[97.888922,4.748701],[97.889956,4.744537],[97.900395,4.743398],[97.904502,4.744113],[97.908301,4.746022],[97.913763,4.752392],[97.916825,4.74699],[97.927312,4.745492],[97.932085,4.737915],[97.933697,4.738464],[97.933305,4.743993],[97.934982,4.746954],[97.937371,4.747525],[97.943614,4.74435],[97.947324,4.744279],[97.955671,4.745634],[97.956027,4.749498],[97.957203,4.744183],[97.953965,4.743479],[97.953932,4.740449],[97.955554,4.735784],[97.960557,4.727368],[97.962078,4.717329],[97.961199,4.713916],[97.961993,4.71213],[97.95592,4.709406],[97.927888,4.702097],[97.927956,4.697611],[97.898954,4.684777],[97.89001,4.684718],[97.882482,4.682519],[97.862497,4.682351],[97.85838,4.679722],[97.860095,4.678115],[97.860129,4.669404],[97.861374,4.663409],[97.862361,4.662394],[97.859001,4.659997],[97.84351,4.657333],[97.823561,4.659997],[97.804576,4.657865],[97.799978,4.655809],[97.793597,4.659047],[97.783606,4.66823],[97.783249,4.674822],[97.788096,4.682182],[97.798473,4.681751],[97.805063,4.689576],[97.807328,4.696028],[97.807243,4.699039],[97.804461,4.701428],[97.802393,4.701909],[97.81076,4.708657],[97.814149,4.715342],[97.830398,4.713505],[97.835666,4.7073],[97.83734,4.706944],[97.839637,4.708219],[97.844213,4.712253],[97.846482,4.718035],[97.844963,4.724465],[97.839549,4.729636],[97.837054,4.734246],[97.844446,4.731051],[97.855584,4.727877],[97.855013,4.733085],[97.85599,4.736665],[97.862237,4.742845],[97.867925,4.741539],[97.868339,4.747423],[97.873834,4.754005],[97.871017,4.754506],[97.869641,4.75307],[97.867522,4.754163],[97.868333,4.760288],[97.871106,4.762265],[97.874329,4.76275],[97.876808,4.761549],[97.878577,4.759043],[97.884296,4.75704]]]}},{"type":"Feature","properties":{"nmkec":"Ranto Peureulak","nmkab":"Aceh Timur","nmprov":"Aceh","kdkec":"120","kdkab":"05","kodekab":"1105","idkec":"1105120","index":30},"geometry":{"type":"Polygon","coordinates":[[[97.774726,4.853804],[97.779322,4.846694],[97.78221,4.848181],[97.788342,4.848571],[97.792916,4.845422],[97.79966,4.847725],[97.795856,4.853127],[97.808284,4.84939],[97.807404,4.846392],[97.809631,4.834674],[97.812933,4.836242],[97.822798,4.835338],[97.830257,4.826352],[97.836354,4.820878],[97.838628,4.819225],[97.846205,4.81691],[97.844811,4.816491],[97.844327,4.815224],[97.844911,4.811238],[97.840074,4.811288],[97.838489,4.81494],[97.837005,4.815107],[97.836471,4.81429],[97.834687,4.811037],[97.83371,4.804684],[97.825879,4.794226],[97.824465,4.789257],[97.827873,4.785991],[97.827754,4.784758],[97.824448,4.784345],[97.816043,4.788259],[97.812748,4.789175],[97.811687,4.788452],[97.811257,4.784515],[97.811946,4.783175],[97.817318,4.780454],[97.81797,4.777265],[97.815437,4.776241],[97.815744,4.777306],[97.812769,4.779762],[97.803964,4.77442],[97.803813,4.772772],[97.810122,4.769138],[97.811693,4.765648],[97.800169,4.758649],[97.798512,4.754877],[97.799719,4.753183],[97.808948,4.754071],[97.811664,4.750148],[97.810955,4.747567],[97.809561,4.747088],[97.809586,4.748849],[97.805171,4.747292],[97.802007,4.743847],[97.801956,4.745199],[97.79777,4.746935],[97.79465,4.745345],[97.796027,4.74067],[97.792602,4.735683],[97.793436,4.730181],[97.792886,4.727696],[97.790942,4.727258],[97.790781,4.732176],[97.789592,4.732915],[97.780881,4.730343],[97.78032,4.727714],[97.781314,4.727714],[97.781207,4.72672],[97.778234,4.722421],[97.776445,4.721359],[97.772925,4.72197],[97.766143,4.720427],[97.765661,4.719366],[97.766725,4.716639],[97.765731,4.712912],[97.762275,4.708861],[97.759696,4.703656],[97.756297,4.706982],[97.752959,4.702605],[97.751532,4.702426],[97.750736,4.70384],[97.751349,4.707846],[97.747662,4.708528],[97.746321,4.706387],[97.748595,4.705865],[97.748786,4.70484],[97.747017,4.701066],[97.74435,4.700952],[97.740717,4.699254],[97.737518,4.690968],[97.739514,4.689033],[97.742493,4.692664],[97.743396,4.692193],[97.744055,4.69068],[97.739933,4.686029],[97.742061,4.68191],[97.743207,4.6823],[97.743527,4.684524],[97.74569,4.684268],[97.746651,4.683046],[97.745563,4.677382],[97.746373,4.670232],[97.744987,4.668677],[97.739717,4.673541],[97.741525,4.679455],[97.736115,4.680847],[97.73504,4.680313],[97.733064,4.678485],[97.734475,4.674086],[97.732436,4.670925],[97.730183,4.670066],[97.728454,4.67322],[97.71879,4.667126],[97.718308,4.665772],[97.719047,4.665088],[97.720207,4.66561],[97.721179,4.664425],[97.722397,4.660385],[97.721295,4.657407],[97.719543,4.658301],[97.719478,4.660474],[97.717837,4.661958],[97.715368,4.663033],[97.713178,4.662272],[97.712362,4.656314],[97.71452,4.652047],[97.714504,4.649689],[97.709373,4.644121],[97.706629,4.643297],[97.705698,4.644718],[97.702564,4.642782],[97.702229,4.641283],[97.690819,4.640039],[97.68829,4.637734],[97.687624,4.641058],[97.684575,4.646729],[97.684031,4.652279],[97.680125,4.664302],[97.679855,4.671663],[97.672961,4.689785],[97.666055,4.713822],[97.661289,4.722174],[97.65848,4.73271],[97.676407,4.747976],[97.682412,4.747643],[97.701526,4.80063],[97.725975,4.816368],[97.731097,4.818514],[97.746745,4.829512],[97.754679,4.82715],[97.758498,4.828116],[97.760935,4.830825],[97.762522,4.840065],[97.764722,4.844346],[97.765664,4.845154],[97.770139,4.844444],[97.767583,4.852168],[97.771714,4.850077],[97.774726,4.853804]]]}},{"type":"Feature","properties":{"nmkec":"Idi Rayeuk","nmkab":"Aceh Timur","nmprov":"Aceh","kdkec":"130","kdkab":"05","kodekab":"1105","idkec":"1105130","index":31},"geometry":{"type":"Polygon","coordinates":[[[97.748158,4.988472],[97.775839,4.964652],[97.780511,4.957809],[97.79233,4.947177],[97.79313,4.941848],[97.792298,4.940152],[97.796642,4.934089],[97.795839,4.925909],[97.793007,4.922199],[97.787843,4.922747],[97.783125,4.929484],[97.777565,4.932832],[97.771353,4.933906],[97.770535,4.942043],[97.768667,4.944369],[97.763803,4.941427],[97.76175,4.936571],[97.75965,4.934372],[97.753247,4.936846],[97.755691,4.938728],[97.754924,4.941541],[97.751178,4.939608],[97.742946,4.939361],[97.742158,4.94008],[97.745197,4.94835],[97.741227,4.949687],[97.734812,4.948223],[97.726691,4.943907],[97.719504,4.944072],[97.716701,4.938305],[97.717438,4.934648],[97.715956,4.933021],[97.710732,4.93963],[97.718616,4.950535],[97.725422,4.968078],[97.728625,4.967848],[97.735652,4.973508],[97.740346,4.974047],[97.742937,4.977169],[97.745198,4.983957],[97.748158,4.988472]]]}},{"type":"Feature","properties":{"nmkec":"Darul Aman","nmkab":"Aceh Timur","nmprov":"Aceh","kdkec":"140","kdkab":"05","kodekab":"1105","idkec":"1105140","index":32},"geometry":{"type":"Polygon","coordinates":[[[97.701397,5.02839],[97.748158,4.988472],[97.745198,4.983957],[97.742937,4.977169],[97.740346,4.974047],[97.735652,4.973508],[97.728625,4.967848],[97.725422,4.968078],[97.718616,4.950535],[97.710732,4.93963],[97.709055,4.939105],[97.705249,4.931271],[97.69147,4.933659],[97.683447,4.923495],[97.67724,4.906961],[97.675094,4.90754],[97.672976,4.913386],[97.672679,4.920206],[97.674379,4.930389],[97.67347,4.932953],[97.669042,4.936747],[97.667222,4.951621],[97.672808,4.970773],[97.67942,5.00215],[97.686792,5.007396],[97.688401,5.013008],[97.690375,5.013227],[97.693726,5.011876],[97.698034,5.008791],[97.699897,5.026823],[97.701397,5.02839]]]}},{"type":"Feature","properties":{"nmkec":"Nurussalam","nmkab":"Aceh Timur","nmprov":"Aceh","kdkec":"150","kdkab":"05","kodekab":"1105","idkec":"1105150","index":33},"geometry":{"type":"Polygon","coordinates":[[[97.66855,5.058177],[97.701016,5.028736],[97.699897,5.026823],[97.698482,5.010135],[97.697864,5.008609],[97.693726,5.011876],[97.690375,5.013227],[97.688401,5.013008],[97.686792,5.007396],[97.67942,5.00215],[97.672808,4.970773],[97.667222,4.951621],[97.669042,4.936747],[97.67347,4.932953],[97.674379,4.930389],[97.672679,4.920206],[97.672976,4.913386],[97.675094,4.90754],[97.67016,4.908201],[97.669367,4.90602],[97.670818,4.904267],[97.668541,4.897859],[97.646657,4.897881],[97.646117,4.889629],[97.635612,4.889691],[97.633647,4.891656],[97.632653,4.899911],[97.633716,4.900061],[97.632104,4.918902],[97.63904,4.91947],[97.642526,4.923033],[97.644052,4.926726],[97.644324,4.932626],[97.639964,4.936129],[97.638556,4.941643],[97.64109,4.944755],[97.641118,4.948734],[97.639314,4.953687],[97.634732,4.957887],[97.635185,4.962359],[97.628457,4.97028],[97.632762,4.974995],[97.628908,4.979326],[97.62996,4.986136],[97.633242,4.985952],[97.634129,4.994523],[97.639175,4.992617],[97.641886,4.993219],[97.641853,4.994385],[97.646682,4.994452],[97.64961,4.988445],[97.653458,4.993411],[97.651724,4.995828],[97.654414,5.00613],[97.664638,5.008121],[97.66253,5.009587],[97.659947,5.013366],[97.659613,5.015728],[97.656201,5.019139],[97.64251,5.020876],[97.640648,5.023374],[97.641889,5.026583],[97.641173,5.031163],[97.638976,5.033092],[97.632693,5.033306],[97.629518,5.036406],[97.63092,5.037942],[97.63223,5.038023],[97.638031,5.050369],[97.649506,5.055273],[97.654056,5.06049],[97.65698,5.06714],[97.66855,5.058177]]]}},{"type":"Feature","properties":{"nmkec":"Darul Falah","nmkab":"Aceh Timur","nmprov":"Aceh","kdkec":"151","kdkab":"05","kodekab":"1105","idkec":"1105151","index":34},"geometry":{"type":"Polygon","coordinates":[[[97.641173,5.031163],[97.641889,5.026583],[97.640648,5.023374],[97.64251,5.020876],[97.656201,5.019139],[97.659613,5.015728],[97.659947,5.013366],[97.66253,5.009587],[97.664638,5.008121],[97.654414,5.00613],[97.651724,4.995828],[97.653458,4.993411],[97.64961,4.988445],[97.646682,4.994452],[97.641853,4.994385],[97.641886,4.993219],[97.639175,4.992617],[97.634129,4.994523],[97.629608,5.005329],[97.628591,5.01219],[97.626585,5.014299],[97.629784,5.020888],[97.632693,5.033306],[97.638976,5.033092],[97.641173,5.031163]]]}},{"type":"Feature","properties":{"nmkec":"Simpang Ulim","nmkab":"Aceh Timur","nmprov":"Aceh","kdkec":"180","kdkab":"05","kodekab":"1105","idkec":"1105180","index":35},"geometry":{"type":"Polygon","coordinates":[[[97.581198,5.167532],[97.582685,5.165098],[97.583361,5.159711],[97.591141,5.150431],[97.594904,5.14244],[97.61365,5.131826],[97.627406,5.129249],[97.636669,5.128714],[97.652417,5.118374],[97.651602,5.115183],[97.649334,5.111764],[97.639483,5.10965],[97.629008,5.103509],[97.633565,5.087048],[97.6331,5.085542],[97.631679,5.085296],[97.623911,5.091189],[97.621958,5.09567],[97.621043,5.095578],[97.617134,5.088675],[97.620049,5.085446],[97.620332,5.083628],[97.616934,5.081414],[97.614895,5.081345],[97.61246,5.083552],[97.613195,5.084955],[97.612038,5.088972],[97.607489,5.093165],[97.606046,5.094001],[97.604474,5.093408],[97.604538,5.084614],[97.6097,5.083036],[97.606212,5.079327],[97.605956,5.077137],[97.606905,5.075094],[97.604593,5.070249],[97.602395,5.070568],[97.602601,5.073472],[97.600673,5.080554],[97.5983,5.078199],[97.590382,5.074564],[97.580086,5.074089],[97.576248,5.074965],[97.57327,5.074303],[97.571845,5.071345],[97.572543,5.063934],[97.570199,5.061729],[97.568061,5.064706],[97.564599,5.062734],[97.561199,5.063907],[97.558916,5.066516],[97.552675,5.069467],[97.548493,5.065977],[97.544155,5.066414],[97.540309,5.072554],[97.53901,5.07916],[97.53571,5.080424],[97.530786,5.080433],[97.530791,5.083004],[97.522797,5.08581],[97.52066,5.081834],[97.517067,5.082556],[97.514885,5.089184],[97.512655,5.089476],[97.511685,5.090819],[97.512177,5.095391],[97.510491,5.09679],[97.516424,5.09495],[97.520892,5.095339],[97.52294,5.096811],[97.524758,5.10697],[97.52662,5.105462],[97.528115,5.111725],[97.531971,5.119454],[97.535963,5.120322],[97.545569,5.118634],[97.548119,5.119471],[97.551301,5.12198],[97.55225,5.125095],[97.55038,5.127941],[97.552473,5.129649],[97.553832,5.129524],[97.555289,5.126542],[97.556945,5.126512],[97.558196,5.128034],[97.556987,5.131237],[97.559076,5.133484],[97.56076,5.131426],[97.560309,5.127337],[97.561825,5.126117],[97.569528,5.134313],[97.576367,5.136905],[97.576333,5.14052],[97.559194,5.14813],[97.557658,5.152304],[97.554309,5.153754],[97.550476,5.159494],[97.554795,5.15998],[97.557854,5.156011],[97.564879,5.157396],[97.56824,5.153912],[97.575636,5.153621],[97.57643,5.155503],[97.57399,5.163634],[97.574832,5.166067],[97.579305,5.168208],[97.581198,5.167532]]]}},{"type":"Feature","properties":{"nmkec":"Aceh Tengah","nmkab":"Aceh Tengah","nmprov":"Aceh","kdkec":"000","kdkab":"06","kodekab":"1106","idkec":"1106000","index":36},"geometry":{"type":"Polygon","coordinates":[[[96.868229,4.638085],[96.871029,4.636984],[96.890295,4.635178],[96.89423,4.633766],[96.904272,4.635521],[96.919385,4.634465],[96.934929,4.630565],[96.935813,4.631196],[96.939676,4.630555],[96.959207,4.623325],[96.969653,4.617566],[96.98235,4.606118],[96.988471,4.602245],[96.990947,4.599742],[96.995203,4.59246],[96.991953,4.589022],[96.990259,4.590258],[96.985835,4.591016],[96.983053,4.581154],[96.979924,4.580983],[96.979795,4.585542],[96.974103,4.588134],[96.972916,4.587877],[96.972117,4.586231],[96.973032,4.585216],[96.972503,4.582465],[96.968753,4.582099],[96.964031,4.583821],[96.962884,4.583281],[96.957187,4.58476],[96.957451,4.58949],[96.95573,4.592559],[96.950966,4.597013],[96.94831,4.596636],[96.942204,4.593532],[96.938955,4.595955],[96.935841,4.594585],[96.92936,4.595236],[96.924841,4.594048],[96.923567,4.592678],[96.916992,4.594742],[96.915049,4.598162],[96.911942,4.599547],[96.907899,4.598958],[96.893885,4.605276],[96.880547,4.606447],[96.876622,4.608179],[96.869336,4.605124],[96.865347,4.605784],[96.865861,4.610929],[96.864562,4.613112],[96.857817,4.616442],[96.857332,4.619425],[96.858815,4.630413],[96.860121,4.63197],[96.862541,4.631456],[96.862359,4.635254],[96.868229,4.638085]]]}},{"type":"Feature","properties":{"nmkec":"Linge","nmkab":"Aceh Tengah","nmprov":"Aceh","kdkec":"010","kdkab":"06","kodekab":"1106","idkec":"1106010","index":37},"geometry":{"type":"Polygon","coordinates":[[[96.885127,4.540528],[96.921537,4.536079],[96.96869,4.525543],[96.99493,4.516962],[97.002908,4.512909],[97.022524,4.512982],[97.035197,4.510419],[97.077197,4.499299],[97.08488,4.494684],[97.086962,4.49964],[97.090093,4.498957],[97.094256,4.490851],[97.10044,4.486628],[97.103624,4.479181],[97.10813,4.476837],[97.109599,4.463604],[97.114485,4.460577],[97.127727,4.461554],[97.127236,4.456702],[97.133017,4.449273],[97.134131,4.443669],[97.138325,4.438664],[97.13999,4.438762],[97.142678,4.441057],[97.147343,4.440312],[97.157338,4.434733],[97.155844,4.429166],[97.159273,4.427115],[97.16223,4.427017],[97.167024,4.425113],[97.16744,4.423575],[97.171897,4.421231],[97.175393,4.424771],[97.175344,4.428971],[97.177768,4.431852],[97.181883,4.433244],[97.18844,4.430912],[97.189836,4.432438],[97.189725,4.43571],[97.186468,4.439396],[97.182942,4.440495],[97.17824,4.445232],[97.178632,4.44782],[97.18206,4.452019],[97.182942,4.455682],[97.187301,4.458905],[97.197146,4.458172],[97.200721,4.453582],[97.205374,4.453142],[97.204529,4.447136],[97.206195,4.445525],[97.210015,4.444304],[97.212415,4.445378],[97.221023,4.452849],[97.225382,4.450554],[97.229398,4.451531],[97.23257,4.455779],[97.232839,4.476386],[97.231713,4.478583],[97.230023,4.480072],[97.223515,4.482367],[97.219058,4.475165],[97.218298,4.4758],[97.219107,4.481293],[97.215433,4.484247],[97.219498,4.496503],[97.218617,4.500458],[97.216364,4.503534],[97.215972,4.506659],[97.22469,4.508124],[97.228902,4.512323],[97.235564,4.513397],[97.241245,4.515936],[97.269947,4.518768],[97.277458,4.520893],[97.279327,4.513383],[97.283408,4.509217],[97.284914,4.505115],[97.289623,4.500811],[97.295739,4.501463],[97.29927,4.504723],[97.305287,4.507201],[97.311828,4.508505],[97.31706,4.508114],[97.322554,4.505245],[97.32844,4.50355],[97.340867,4.501333],[97.343221,4.499638],[97.344268,4.490249],[97.343745,4.472448],[97.345645,4.442359],[97.347608,4.434143],[97.360394,4.414841],[97.362748,4.40845],[97.368504,4.379888],[97.367588,4.363584],[97.3618,4.357128],[97.358309,4.342642],[97.356004,4.301728],[97.355611,4.283107],[97.356789,4.275052],[97.356036,4.266965],[97.354769,4.260378],[97.349406,4.249942],[97.350845,4.240256],[97.3549,4.224568],[97.35889,4.214328],[97.298195,4.192151],[97.274274,4.182497],[97.274209,4.178713],[97.236896,4.17643],[97.235228,4.180882],[97.235604,4.193455],[97.234361,4.19957],[97.233045,4.202795],[97.225113,4.214199],[97.223061,4.224864],[97.216423,4.235072],[97.211035,4.240877],[97.207609,4.241822],[97.203966,4.248388],[97.194488,4.257395],[97.184816,4.263314],[97.181403,4.263705],[97.177794,4.262841],[97.172694,4.267251],[97.167419,4.275738],[97.162878,4.278347],[97.154465,4.2722],[97.149536,4.265963],[97.13936,4.262969],[97.136744,4.260996],[97.123912,4.250112],[97.113907,4.239411],[97.110379,4.236802],[97.100818,4.233573],[97.088485,4.231731],[97.080231,4.228773],[97.072944,4.223205],[97.064017,4.218998],[97.049845,4.215581],[97.029823,4.208243],[97.023632,4.208415],[97.013175,4.203646],[97.006648,4.19864],[97.008191,4.19289],[97.006812,4.19048],[97.005315,4.18196],[96.999426,4.175702],[96.992661,4.178067],[96.974681,4.19881],[96.972522,4.199951],[96.968803,4.200995],[96.955534,4.197081],[96.947955,4.196364],[96.928739,4.199886],[96.909527,4.214595],[96.896771,4.21828],[96.893528,4.22029],[96.887945,4.220893],[96.877192,4.238562],[96.872667,4.242115],[96.863314,4.246159],[96.85867,4.24955],[96.855417,4.256529],[96.839344,4.278982],[96.836605,4.281591],[96.836453,4.286503],[96.825035,4.298033],[96.821018,4.306922],[96.812398,4.312685],[96.810929,4.317959],[96.812594,4.322648],[96.819096,4.335957],[96.822916,4.339278],[96.817207,4.343289],[96.804819,4.356994],[96.802321,4.361291],[96.796604,4.363672],[96.793855,4.367616],[96.791051,4.375027],[96.800745,4.388174],[96.805904,4.391992],[96.807612,4.408261],[96.808665,4.411289],[96.811213,4.413905],[96.809418,4.418858],[96.807214,4.420665],[96.807214,4.422178],[96.812357,4.422618],[96.813386,4.429113],[96.812896,4.434094],[96.815247,4.442639],[96.814757,4.445667],[96.815492,4.447425],[96.824357,4.445764],[96.825826,4.451087],[96.821143,4.46786],[96.817518,4.465126],[96.806645,4.467421],[96.808261,4.481581],[96.816049,4.484365],[96.82413,4.490566],[96.826041,4.496425],[96.837428,4.515602],[96.841444,4.529762],[96.844334,4.531227],[96.848216,4.5313],[96.854016,4.532982],[96.865989,4.537891],[96.875044,4.539796],[96.885127,4.540528]]]}},{"type":"Feature","properties":{"nmkec":"Bintang","nmkab":"Aceh Tengah","nmprov":"Aceh","kdkec":"020","kdkab":"06","kodekab":"1106","idkec":"1106020","index":38},"geometry":{"type":"Polygon","coordinates":[[[96.937211,4.651228],[96.974243,4.647676],[96.982668,4.645739],[97.010685,4.642842],[97.022858,4.640574],[97.02585,4.632973],[97.035818,4.616495],[97.041798,4.608906],[97.052183,4.601605],[97.060535,4.59876],[97.075314,4.595979],[97.092571,4.587128],[97.106601,4.583992],[97.150549,4.576999],[97.170562,4.575971],[97.175927,4.578901],[97.235142,4.602244],[97.251571,4.598388],[97.31254,4.604609],[97.314346,4.597411],[97.314758,4.57376],[97.317337,4.548462],[97.314655,4.544966],[97.30281,4.534146],[97.297259,4.526907],[97.28288,4.525982],[97.279579,4.523977],[97.277458,4.520893],[97.269947,4.518768],[97.241245,4.515936],[97.235564,4.513397],[97.228902,4.512323],[97.22469,4.508124],[97.215972,4.506659],[97.216364,4.503534],[97.218617,4.500458],[97.219498,4.496503],[97.215433,4.484247],[97.219107,4.481293],[97.218298,4.4758],[97.219058,4.475165],[97.223515,4.482367],[97.230023,4.480072],[97.231713,4.478583],[97.232839,4.476386],[97.23257,4.455779],[97.229398,4.451531],[97.225382,4.450554],[97.221023,4.452849],[97.212415,4.445378],[97.210015,4.444304],[97.206195,4.445525],[97.204529,4.447136],[97.205374,4.453142],[97.200721,4.453582],[97.197146,4.458172],[97.187301,4.458905],[97.182942,4.455682],[97.18206,4.452019],[97.178632,4.44782],[97.17824,4.445232],[97.182942,4.440495],[97.186468,4.439396],[97.189725,4.43571],[97.189836,4.432438],[97.18844,4.430912],[97.181883,4.433244],[97.177768,4.431852],[97.175344,4.428971],[97.175393,4.424771],[97.171897,4.421231],[97.170379,4.421573],[97.16744,4.423575],[97.167024,4.425113],[97.16223,4.427017],[97.159273,4.427115],[97.155844,4.429166],[97.157338,4.434733],[97.147343,4.440312],[97.142678,4.441057],[97.13999,4.438762],[97.138325,4.438664],[97.134131,4.443669],[97.133017,4.449273],[97.127236,4.456702],[97.127727,4.461554],[97.114485,4.460577],[97.109599,4.463604],[97.10813,4.476837],[97.103624,4.479181],[97.10044,4.486628],[97.094256,4.490851],[97.090093,4.498957],[97.086962,4.49964],[97.08488,4.494684],[97.077197,4.499299],[97.035197,4.510419],[97.022524,4.512982],[97.002908,4.512909],[96.99493,4.516962],[96.97098,4.524921],[96.921537,4.536079],[96.925702,4.569932],[96.929889,4.576377],[96.936684,4.580045],[96.937076,4.586343],[96.939096,4.591414],[96.938955,4.595955],[96.942204,4.593532],[96.94831,4.596636],[96.950966,4.597013],[96.95573,4.592559],[96.957451,4.58949],[96.957084,4.58537],[96.957812,4.584413],[96.962884,4.583281],[96.964031,4.583821],[96.968753,4.582099],[96.972503,4.582465],[96.973032,4.585216],[96.972117,4.586231],[96.972916,4.587877],[96.974103,4.588134],[96.979795,4.585542],[96.979924,4.580983],[96.983053,4.581154],[96.985835,4.591016],[96.990259,4.590258],[96.991953,4.589022],[96.995203,4.59246],[96.990947,4.599742],[96.988471,4.602245],[96.98235,4.606118],[96.969653,4.617566],[96.957179,4.624147],[96.939676,4.630555],[96.935813,4.631196],[96.937211,4.651228]]]}},{"type":"Feature","properties":{"nmkec":"Lut Tawar","nmkab":"Aceh Tengah","nmprov":"Aceh","kdkec":"031","kdkab":"06","kodekab":"1106","idkec":"1106031","index":39},"geometry":{"type":"Polygon","coordinates":[[[96.853677,4.623792],[96.858273,4.623304],[96.857332,4.619425],[96.857817,4.616442],[96.864562,4.613112],[96.865861,4.610929],[96.865347,4.605784],[96.869336,4.605124],[96.876622,4.608179],[96.880547,4.606447],[96.893885,4.605276],[96.907899,4.598958],[96.911942,4.599547],[96.915049,4.598162],[96.916992,4.594742],[96.923567,4.592678],[96.924841,4.594048],[96.92936,4.595236],[96.935841,4.594585],[96.938955,4.595955],[96.939096,4.591414],[96.937076,4.586343],[96.936684,4.580045],[96.929889,4.576377],[96.925702,4.569932],[96.921537,4.536079],[96.88356,4.540577],[96.875044,4.539796],[96.86684,4.537501],[96.862715,4.547528],[96.855977,4.550493],[96.853822,4.552714],[96.853088,4.556303],[96.850827,4.559409],[96.848222,4.560923],[96.848712,4.566379],[96.84797,4.571797],[96.85001,4.577266],[96.850108,4.584053],[96.847867,4.590839],[96.8455,4.593262],[96.848712,4.598675],[96.847903,4.601848],[96.839011,4.600323],[96.836849,4.601352],[96.833237,4.607499],[96.832699,4.610087],[96.837556,4.619822],[96.842741,4.619601],[96.842999,4.622653],[96.847434,4.622505],[96.853677,4.623792]]]}},{"type":"Feature","properties":{"nmkec":"Silih Nara","nmkab":"Aceh Tengah","nmprov":"Aceh","kdkec":"060","kdkab":"06","kodekab":"1106","idkec":"1106060","index":40},"geometry":{"type":"Polygon","coordinates":[[[96.744802,4.66956],[96.751918,4.667165],[96.758717,4.667647],[96.768423,4.65919],[96.774425,4.651788],[96.777254,4.650446],[96.780946,4.651205],[96.78101,4.649994],[96.773957,4.648896],[96.771165,4.646967],[96.773491,4.640523],[96.775108,4.640206],[96.776002,4.637765],[96.774418,4.631104],[96.777296,4.629127],[96.777477,4.628001],[96.775578,4.627806],[96.77365,4.622424],[96.773802,4.618234],[96.771195,4.601709],[96.777635,4.593714],[96.783892,4.592597],[96.784973,4.578996],[96.778448,4.581419],[96.770532,4.582518],[96.763528,4.582322],[96.75653,4.585569],[96.753254,4.588645],[96.750365,4.588669],[96.749032,4.587488],[96.743012,4.586147],[96.738783,4.583439],[96.725283,4.585782],[96.720351,4.590945],[96.71606,4.592727],[96.713063,4.590366],[96.714189,4.604707],[96.70008,4.618975],[96.677008,4.621879],[96.668351,4.600775],[96.659684,4.598695],[96.659664,4.60603],[96.663623,4.617011],[96.663116,4.628716],[96.666295,4.633978],[96.667011,4.637824],[96.655999,4.645781],[96.651848,4.656587],[96.652401,4.657052],[96.660822,4.661407],[96.661655,4.660301],[96.67543,4.660984],[96.685195,4.65476],[96.68814,4.649044],[96.688648,4.649939],[96.696437,4.650351],[96.696028,4.655687],[96.697473,4.658079],[96.702197,4.659629],[96.708827,4.665359],[96.719188,4.66553],[96.735493,4.669918],[96.744802,4.66956]]]}},{"type":"Feature","properties":{"nmkec":"Ketol","nmkab":"Aceh Tengah","nmprov":"Aceh","kdkec":"061","kdkab":"06","kodekab":"1106","idkec":"1106061","index":41},"geometry":{"type":"Polygon","coordinates":[[[96.61948,4.954193],[96.625718,4.953427],[96.643581,4.9553],[96.645026,4.954176],[96.65827,4.9543],[96.661859,4.952166],[96.665191,4.951348],[96.674023,4.951417],[96.67575,4.949861],[96.675897,4.948004],[96.673085,4.944249],[96.673322,4.938806],[96.677429,4.929536],[96.682586,4.925931],[96.685274,4.912841],[96.691024,4.898647],[96.690646,4.887358],[96.686979,4.875852],[96.687911,4.869873],[96.686511,4.863732],[96.689714,4.851447],[96.693148,4.843822],[96.691657,4.838772],[96.693986,4.832247],[96.70651,4.82432],[96.708217,4.819386],[96.705595,4.809868],[96.700632,4.800182],[96.699831,4.791436],[96.701505,4.77889],[96.700322,4.775981],[96.694487,4.770938],[96.68711,4.768339],[96.683843,4.756035],[96.694023,4.751519],[96.698889,4.745613],[96.701714,4.744606],[96.705721,4.746585],[96.71129,4.751496],[96.716123,4.746558],[96.71689,4.74484],[96.715757,4.743536],[96.727729,4.730211],[96.729875,4.726429],[96.733994,4.723427],[96.738324,4.723178],[96.740595,4.718434],[96.735535,4.715789],[96.727916,4.720206],[96.717069,4.720547],[96.714919,4.724676],[96.713354,4.726303],[96.712293,4.725665],[96.712712,4.721592],[96.723169,4.700363],[96.732283,4.700831],[96.735592,4.693835],[96.737272,4.692877],[96.751804,4.692426],[96.759741,4.691187],[96.756602,4.685699],[96.757375,4.68399],[96.759545,4.682686],[96.769626,4.681737],[96.773928,4.682988],[96.773769,4.6812],[96.766063,4.671337],[96.764773,4.666189],[96.766581,4.66211],[96.765465,4.661295],[96.758717,4.667647],[96.751918,4.667165],[96.744802,4.66956],[96.735493,4.669918],[96.719188,4.66553],[96.708827,4.665359],[96.702197,4.659629],[96.697473,4.658079],[96.696028,4.655687],[96.696437,4.650351],[96.688648,4.649939],[96.68814,4.649044],[96.685195,4.65476],[96.67543,4.660984],[96.661655,4.660301],[96.656537,4.669917],[96.646692,4.676849],[96.630737,4.693349],[96.612223,4.714973],[96.608623,4.720709],[96.59085,4.7262],[96.583895,4.74186],[96.580032,4.744212],[96.573328,4.752009],[96.548355,4.764645],[96.527066,4.765106],[96.50759,4.767937],[96.476268,4.791267],[96.47732,4.800546],[96.472938,4.814297],[96.478211,4.854447],[96.47618,4.871508],[96.468855,4.889755],[96.469237,4.893337],[96.477122,4.891335],[96.494218,4.89091],[96.499664,4.889022],[96.502378,4.889706],[96.50712,4.892541],[96.511788,4.899285],[96.516137,4.901827],[96.524763,4.917629],[96.539184,4.934001],[96.575483,4.947096],[96.583262,4.941346],[96.592443,4.939342],[96.598849,4.939293],[96.601494,4.940906],[96.602066,4.944424],[96.604294,4.947177],[96.609356,4.948155],[96.610489,4.950014],[96.610501,4.952869],[96.61948,4.954193]]]}},{"type":"Feature","properties":{"nmkec":"Rusip Antara","nmkab":"Aceh Tengah","nmprov":"Aceh","kdkec":"063","kdkab":"06","kodekab":"1106","idkec":"1106063","index":42},"geometry":{"type":"Polygon","coordinates":[[[96.506268,4.768498],[96.527066,4.765106],[96.548355,4.764645],[96.573328,4.752009],[96.580032,4.744212],[96.583895,4.74186],[96.59085,4.7262],[96.608623,4.720709],[96.612223,4.714973],[96.630737,4.693349],[96.646692,4.676849],[96.656537,4.669917],[96.658055,4.667965],[96.660822,4.661407],[96.651848,4.656587],[96.655999,4.645781],[96.667011,4.637824],[96.666295,4.633978],[96.663116,4.628716],[96.663623,4.617011],[96.659664,4.60603],[96.659122,4.600606],[96.659684,4.598695],[96.668351,4.600775],[96.665409,4.594058],[96.64742,4.580058],[96.644016,4.575127],[96.644555,4.573455],[96.646918,4.572198],[96.646135,4.56817],[96.638601,4.561572],[96.62253,4.561353],[96.610856,4.563929],[96.603679,4.56703],[96.57584,4.575604],[96.569745,4.579507],[96.564376,4.586594],[96.558755,4.592101],[96.551705,4.595071],[96.54134,4.601439],[96.528141,4.614656],[96.525018,4.615327],[96.521359,4.619349],[96.503471,4.631895],[96.5003,4.631775],[96.493418,4.625215],[96.490872,4.624401],[96.489191,4.625071],[96.486741,4.627513],[96.486404,4.629381],[96.483983,4.630829],[96.478242,4.62995],[96.469728,4.623677],[96.463398,4.622641],[96.448277,4.622641],[96.443761,4.625466],[96.439822,4.630111],[96.429439,4.646045],[96.423253,4.653323],[96.416474,4.658566],[96.409074,4.668061],[96.405081,4.670483],[96.392878,4.671536],[96.382886,4.675654],[96.379619,4.675654],[96.361161,4.67007],[96.346736,4.678402],[96.317743,4.688409],[96.301817,4.691042],[96.289471,4.69492],[96.270386,4.697602],[96.26145,4.702677],[96.256983,4.707226],[96.261691,4.724223],[96.260922,4.728292],[96.261787,4.734756],[96.273593,4.746677],[96.272968,4.753093],[96.274314,4.762716],[96.278493,4.77411],[96.282144,4.77976],[96.300532,4.774541],[96.30739,4.775211],[96.31157,4.778898],[96.31838,4.77885],[96.328805,4.775834],[96.335471,4.77593],[96.337536,4.774637],[96.339658,4.768554],[96.343624,4.766815],[96.352271,4.766241],[96.357267,4.764326],[96.373602,4.763751],[96.399544,4.75973],[96.420394,4.761453],[96.43913,4.764613],[96.446721,4.764805],[96.468499,4.761298],[96.471766,4.76283],[96.475994,4.775277],[96.475129,4.784661],[96.475897,4.792608],[96.476268,4.791267],[96.506268,4.768498]]]}},{"type":"Feature","properties":{"nmkec":"Bubon","nmkab":"Aceh Barat","nmprov":"Aceh","kdkec":"061","kdkab":"07","kodekab":"1107","idkec":"1107061","index":43},"geometry":{"type":"Polygon","coordinates":[[[96.155744,4.355106],[96.167315,4.340063],[96.175802,4.322611],[96.18294,4.310427],[96.18198,4.301195],[96.177275,4.290304],[96.163982,4.274952],[96.155302,4.267504],[96.103912,4.277864],[96.082653,4.278259],[96.07109,4.281017],[96.040096,4.309453],[96.061354,4.316517],[96.063531,4.315534],[96.085856,4.321311],[96.106707,4.331447],[96.11566,4.334658],[96.125423,4.341777],[96.133708,4.345719],[96.140646,4.350973],[96.141604,4.355321],[96.146275,4.355457],[96.149714,4.356729],[96.155744,4.355106]]]}},{"type":"Feature","properties":{"nmkec":"Kaway Xvi","nmkab":"Aceh Barat","nmprov":"Aceh","kdkec":"080","kdkab":"07","kodekab":"1107","idkec":"1107080","index":44},"geometry":{"type":"Polygon","coordinates":[[[96.184775,4.353706],[96.184191,4.350558],[96.188525,4.346171],[96.189532,4.34319],[96.189643,4.34058],[96.188492,4.338221],[96.189763,4.335208],[96.191189,4.335059],[96.195002,4.341062],[96.198274,4.340185],[96.194678,4.329563],[96.191723,4.32918],[96.189401,4.331982],[96.187892,4.33211],[96.186494,4.330326],[96.190462,4.320313],[96.193116,4.318968],[96.194399,4.31947],[96.197819,4.317049],[96.197881,4.315826],[96.206969,4.318474],[96.224184,4.319852],[96.226811,4.329051],[96.227241,4.33418],[96.226456,4.340484],[96.222869,4.345713],[96.222699,4.347149],[96.223948,4.347619],[96.238765,4.348211],[96.248989,4.351124],[96.294025,4.334205],[96.291516,4.324037],[96.286949,4.289213],[96.282863,4.285802],[96.283434,4.279355],[96.286827,4.270827],[96.284578,4.27249],[96.274108,4.27088],[96.273946,4.266104],[96.272087,4.261998],[96.268154,4.260983],[96.271819,4.244612],[96.269077,4.237665],[96.267248,4.227168],[96.250271,4.229615],[96.228773,4.234588],[96.223764,4.232004],[96.217567,4.230427],[96.21588,4.232352],[96.190715,4.23283],[96.189045,4.227229],[96.195237,4.217781],[96.186901,4.210008],[96.190441,4.205603],[96.19686,4.205313],[96.19988,4.202894],[96.199451,4.200782],[96.196777,4.20156],[96.193925,4.199192],[96.183924,4.202568],[96.182868,4.203956],[96.162075,4.202562],[96.161297,4.197994],[96.162171,4.194351],[96.164655,4.192247],[96.16473,4.190544],[96.160777,4.184371],[96.160703,4.181236],[96.153293,4.178363],[96.151909,4.182048],[96.155851,4.188384],[96.155621,4.190311],[96.147617,4.196326],[96.145469,4.201827],[96.140793,4.203146],[96.138855,4.208379],[96.143881,4.22493],[96.140618,4.232483],[96.130581,4.243371],[96.1272,4.249037],[96.136231,4.256244],[96.152099,4.265104],[96.163982,4.274952],[96.177275,4.290304],[96.18198,4.301195],[96.18294,4.310427],[96.175802,4.322611],[96.167315,4.340063],[96.155744,4.355106],[96.156076,4.357938],[96.157343,4.358941],[96.160932,4.358994],[96.16468,4.356724],[96.164627,4.355405],[96.168619,4.353583],[96.166803,4.359107],[96.189561,4.357034],[96.184775,4.353706]]]}},{"type":"Feature","properties":{"nmkec":"Pantai Ceuremen","nmkab":"Aceh Barat","nmprov":"Aceh","kdkec":"082","kdkab":"07","kodekab":"1107","idkec":"1107082","index":45},"geometry":{"type":"Polygon","coordinates":[[[96.245627,4.655898],[96.270481,4.652664],[96.284086,4.653351],[96.294219,4.651804],[96.296642,4.647221],[96.303441,4.643567],[96.318569,4.631088],[96.323267,4.625501],[96.339133,4.611196],[96.341877,4.604474],[96.346626,4.599971],[96.34832,4.595881],[96.347951,4.593305],[96.349655,4.591507],[96.353651,4.591417],[96.355926,4.589616],[96.37737,4.567246],[96.396251,4.556285],[96.404966,4.548356],[96.418914,4.540557],[96.42175,4.536748],[96.427578,4.532138],[96.447197,4.518546],[96.442112,4.512902],[96.441183,4.5099],[96.446611,4.49885],[96.453527,4.489441],[96.475152,4.468554],[96.480338,4.460811],[96.480466,4.458142],[96.47345,4.452474],[96.454053,4.433123],[96.442236,4.425675],[96.434111,4.422986],[96.422509,4.421299],[96.384245,4.419991],[96.371658,4.416938],[96.370778,4.412885],[96.373553,4.410466],[96.371504,4.402182],[96.373201,4.396537],[96.371614,4.392765],[96.359319,4.386672],[96.359585,4.382902],[96.358777,4.381687],[96.350996,4.38179],[96.342261,4.379875],[96.338614,4.374193],[96.329151,4.367167],[96.323619,4.368043],[96.320471,4.367682],[96.319707,4.366161],[96.315012,4.36604],[96.311178,4.36788],[96.30159,4.370189],[96.296733,4.368324],[96.297972,4.354597],[96.294025,4.334205],[96.248989,4.351124],[96.238765,4.348211],[96.223948,4.347619],[96.222699,4.347149],[96.222869,4.345713],[96.226456,4.340484],[96.227241,4.33418],[96.226811,4.329051],[96.224184,4.319852],[96.206969,4.318474],[96.197881,4.315826],[96.197819,4.317049],[96.194399,4.31947],[96.193116,4.318968],[96.190462,4.320313],[96.186494,4.330326],[96.187892,4.33211],[96.189401,4.331982],[96.191723,4.32918],[96.194678,4.329563],[96.198274,4.340185],[96.195002,4.341062],[96.191189,4.335059],[96.189763,4.335208],[96.188492,4.338221],[96.189643,4.34058],[96.189532,4.34319],[96.188525,4.346171],[96.184191,4.350558],[96.184775,4.353706],[96.189561,4.357034],[96.195659,4.356635],[96.199165,4.35934],[96.202424,4.367569],[96.211153,4.372265],[96.225742,4.374269],[96.22923,4.376818],[96.236497,4.388924],[96.233368,4.390588],[96.227518,4.390987],[96.223827,4.392459],[96.223492,4.403583],[96.227327,4.4095],[96.237246,4.419928],[96.246639,4.432287],[96.261054,4.443261],[96.262835,4.444926],[96.263955,4.448048],[96.260382,4.464503],[96.245757,4.473878],[96.241536,4.477893],[96.241553,4.481835],[96.238531,4.489314],[96.239289,4.495461],[96.23827,4.502629],[96.233267,4.515768],[96.231381,4.53236],[96.22831,4.53953],[96.237911,4.567845],[96.239631,4.569583],[96.248509,4.573687],[96.251343,4.577767],[96.255919,4.587681],[96.254521,4.594698],[96.252328,4.601376],[96.247302,4.607542],[96.230588,4.617842],[96.223278,4.619736],[96.22096,4.628239],[96.217956,4.63149],[96.215373,4.639682],[96.218947,4.646906],[96.220157,4.652555],[96.245627,4.655898]]]}},{"type":"Feature","properties":{"nmkec":"Sungai Mas","nmkab":"Aceh Barat","nmprov":"Aceh","kdkec":"090","kdkab":"07","kodekab":"1107","idkec":"1107090","index":46},"geometry":{"type":"Polygon","coordinates":[[[96.274314,4.762716],[96.272968,4.753093],[96.273593,4.746677],[96.261787,4.734756],[96.260922,4.728292],[96.261691,4.724223],[96.256983,4.707226],[96.26145,4.702677],[96.270386,4.697602],[96.289471,4.69492],[96.301817,4.691042],[96.3139,4.68951],[96.332528,4.683716],[96.346736,4.678402],[96.361161,4.67007],[96.379619,4.675654],[96.382886,4.675654],[96.392878,4.671536],[96.405081,4.670483],[96.409074,4.668061],[96.416474,4.658566],[96.423253,4.653323],[96.429439,4.646045],[96.439822,4.630111],[96.443761,4.625466],[96.448277,4.622641],[96.463398,4.622641],[96.469728,4.623677],[96.478242,4.62995],[96.483983,4.630829],[96.486404,4.629381],[96.486741,4.627513],[96.491002,4.624425],[96.493244,4.61871],[96.495198,4.603112],[96.494961,4.598543],[96.492317,4.594753],[96.494399,4.572999],[96.494036,4.560956],[96.492779,4.5551],[96.490965,4.55235],[96.484773,4.549951],[96.473653,4.548632],[96.463816,4.545306],[96.462363,4.543655],[96.461653,4.538167],[96.459484,4.532673],[96.451679,4.522222],[96.447197,4.518546],[96.427578,4.532138],[96.42175,4.536748],[96.418914,4.540557],[96.404966,4.548356],[96.396251,4.556285],[96.37737,4.567246],[96.355926,4.589616],[96.353651,4.591417],[96.349655,4.591507],[96.347951,4.593305],[96.34832,4.595881],[96.346626,4.599971],[96.341877,4.604474],[96.339133,4.611196],[96.323267,4.625501],[96.318569,4.631088],[96.303441,4.643567],[96.296642,4.647221],[96.294219,4.651804],[96.284086,4.653351],[96.270481,4.652664],[96.245627,4.655898],[96.224909,4.653596],[96.220157,4.652555],[96.218947,4.646906],[96.215373,4.639682],[96.217956,4.63149],[96.22096,4.628239],[96.223278,4.619736],[96.230588,4.617842],[96.247302,4.607542],[96.252328,4.601376],[96.255919,4.587681],[96.248509,4.573687],[96.239631,4.569583],[96.237911,4.567845],[96.225506,4.532921],[96.216142,4.522025],[96.211604,4.512541],[96.203003,4.498199],[96.182672,4.477948],[96.155403,4.475052],[96.140451,4.476291],[96.131138,4.493082],[96.127496,4.496347],[96.124158,4.497095],[96.117848,4.500715],[96.110937,4.500413],[96.101368,4.498422],[96.095048,4.499569],[96.08445,4.508691],[96.081387,4.507242],[96.079042,4.507395],[96.074857,4.50966],[96.075111,4.520114],[96.073378,4.521402],[96.061563,4.517956],[96.054192,4.511708],[96.049307,4.511159],[96.048165,4.510022],[96.048188,4.504695],[96.046998,4.502999],[96.040663,4.505058],[96.036356,4.508145],[96.034732,4.511006],[96.031783,4.511268],[96.029215,4.509103],[96.026531,4.503108],[96.029021,4.497576],[96.027254,4.494573],[96.025808,4.494161],[96.023938,4.494745],[96.023286,4.499775],[96.020078,4.506604],[96.016726,4.506051],[96.015146,4.504669],[96.01526,4.498831],[96.020108,4.487721],[96.012513,4.483614],[96.010346,4.495672],[96.00613,4.503961],[95.996102,4.513013],[95.985693,4.527154],[95.981351,4.530283],[95.988004,4.535282],[95.997265,4.538421],[96.001843,4.541033],[96.011852,4.550468],[96.02446,4.558952],[96.032016,4.562041],[96.038413,4.562654],[96.047778,4.566599],[96.048376,4.572352],[96.047611,4.58028],[96.048938,4.58304],[96.052437,4.58327],[96.051329,4.592484],[96.047334,4.597106],[96.037909,4.601606],[96.03133,4.610412],[96.029801,4.61414],[96.030111,4.617585],[96.034425,4.630037],[96.033345,4.631987],[96.03419,4.641236],[96.043196,4.657427],[96.066394,4.670848],[96.075634,4.677659],[96.087631,4.690192],[96.09224,4.696319],[96.100568,4.709969],[96.102796,4.715556],[96.105137,4.725924],[96.107109,4.729385],[96.110138,4.733382],[96.11766,4.739522],[96.119082,4.747761],[96.118534,4.752141],[96.115321,4.760494],[96.116228,4.765146],[96.117849,4.76728],[96.120483,4.768032],[96.134358,4.757535],[96.143859,4.754374],[96.151272,4.755069],[96.16211,4.76016],[96.168846,4.76457],[96.180356,4.767407],[96.186303,4.767407],[96.199426,4.761961],[96.204547,4.761039],[96.217119,4.763481],[96.219901,4.763226],[96.226648,4.765113],[96.236532,4.777371],[96.242212,4.781113],[96.255697,4.787144],[96.267227,4.795223],[96.273811,4.796923],[96.276168,4.796375],[96.277072,4.794876],[96.278298,4.788099],[96.281486,4.778874],[96.278493,4.77411],[96.274314,4.762716]]]}},{"type":"Feature","properties":{"nmkec":"Lhoknga","nmkab":"Aceh Besar","nmprov":"Aceh","kdkec":"020","kdkab":"08","kodekab":"1108","idkec":"1108020","index":47},"geometry":{"type":"Polygon","coordinates":[[[95.22641,5.531584],[95.237878,5.527467],[95.245002,5.523172],[95.25914,5.523251],[95.26219,5.517508],[95.264615,5.507479],[95.267095,5.504043],[95.280326,5.499914],[95.290281,5.499364],[95.295379,5.486051],[95.299368,5.481561],[95.303575,5.473713],[95.303655,5.463892],[95.300204,5.458808],[95.308586,5.441763],[95.308799,5.434019],[95.313601,5.429748],[95.325402,5.410621],[95.328126,5.403963],[95.303865,5.407081],[95.292435,5.410834],[95.277449,5.418367],[95.249903,5.436132],[95.236187,5.436544],[95.23595,5.43715],[95.23803,5.437267],[95.238889,5.440986],[95.242054,5.445196],[95.242264,5.448209],[95.241252,5.450138],[95.24377,5.45347],[95.244,5.456949],[95.240172,5.469095],[95.235768,5.473181],[95.23468,5.47776],[95.230637,5.482285],[95.225876,5.485055],[95.229397,5.490201],[95.229016,5.495466],[95.225998,5.499295],[95.217943,5.498172],[95.210936,5.50208],[95.20961,5.503723],[95.209264,5.508395],[95.200887,5.518617],[95.197202,5.520753],[95.193592,5.526711],[95.194079,5.527437],[95.200315,5.527536],[95.206568,5.532486],[95.22,5.530374],[95.222306,5.531882],[95.22641,5.531584]]]}},{"type":"Feature","properties":{"nmkec":"Leupung","nmkab":"Aceh Besar","nmprov":"Aceh","kdkec":"021","kdkab":"08","kodekab":"1108","idkec":"1108021","index":48},"geometry":{"type":"MultiPolygon","coordinates":[[[[95.235882,5.4371],[95.249903,5.436132],[95.277449,5.418367],[95.292435,5.410834],[95.303865,5.407081],[95.328126,5.403964],[95.328777,5.39605],[95.330274,5.390496],[95.336778,5.386623],[95.339444,5.38348],[95.341214,5.379357],[95.344165,5.362786],[95.353566,5.350316],[95.364812,5.345876],[95.369103,5.340915],[95.368809,5.337688],[95.365394,5.33289],[95.376839,5.320917],[95.378082,5.314924],[95.388252,5.301504],[95.385592,5.295594],[95.386177,5.293209],[95.393267,5.282609],[95.384456,5.270432],[95.382359,5.265972],[95.383674,5.26016],[95.383067,5.256886],[95.378744,5.252882],[95.374916,5.250299],[95.370178,5.253564],[95.370778,5.257356],[95.369389,5.262059],[95.359871,5.270514],[95.357044,5.271703],[95.34987,5.27097],[95.344896,5.275359],[95.314668,5.289416],[95.308545,5.293306],[95.30328,5.298773],[95.298803,5.300794],[95.297909,5.30198],[95.300462,5.305489],[95.305523,5.308453],[95.305932,5.312361],[95.295185,5.316263],[95.288524,5.316962],[95.282069,5.315051],[95.278296,5.311429],[95.274384,5.312084],[95.270125,5.315682],[95.262317,5.319146],[95.258668,5.322887],[95.246898,5.324511],[95.237012,5.334178],[95.235146,5.334304],[95.233442,5.332707],[95.231524,5.33793],[95.230062,5.347571],[95.230536,5.360863],[95.233526,5.350294],[95.234055,5.344572],[95.235791,5.342036],[95.240535,5.338686],[95.242012,5.339356],[95.239907,5.349459],[95.245062,5.3665],[95.246402,5.367539],[95.248977,5.366056],[95.25122,5.368722],[95.253104,5.380217],[95.250374,5.402197],[95.24491,5.418758],[95.239209,5.428605],[95.237096,5.429127],[95.235098,5.42819],[95.234511,5.42542],[95.232974,5.426964],[95.231437,5.431005],[95.231804,5.433114],[95.235882,5.4371]]],[[[95.227042,5.348489],[95.226782,5.348441],[95.22738,5.3493],[95.227042,5.348489]]],[[[95.229714,5.36058],[95.229843,5.361646],[95.229954,5.360817],[95.229714,5.36058]]],[[[95.228946,5.357601],[95.228815,5.357272],[95.22843,5.35808],[95.228946,5.357601]]],[[[95.226249,5.345331],[95.226425,5.345737],[95.22647,5.345949],[95.226515,5.345785],[95.226249,5.345331]]],[[[95.221744,5.344671],[95.221703,5.344162],[95.22235,5.345066],[95.221744,5.344671]]],[[[95.229814,5.359952],[95.229776,5.360105],[95.229704,5.360525],[95.229814,5.359952]]],[[[95.228411,5.358756],[95.228249,5.358388],[95.228368,5.358876],[95.228411,5.358756]]],[[[95.227589,5.351968],[95.227571,5.351797],[95.227482,5.352699],[95.227589,5.351968]]],[[[95.227341,5.347821],[95.227341,5.348158],[95.227373,5.347976],[95.227341,5.347821]]],[[[95.225631,5.344961],[95.225755,5.345014],[95.225728,5.344999],[95.225631,5.344961]]]]}},{"type":"Feature","properties":{"nmkec":"Indrapuri","nmkab":"Aceh Besar","nmprov":"Aceh","kdkec":"030","kdkab":"08","kodekab":"1108","idkec":"1108030","index":49},"geometry":{"type":"Polygon","coordinates":[[[95.551508,5.511507],[95.566168,5.504229],[95.570309,5.501071],[95.57242,5.496618],[95.564911,5.48777],[95.553129,5.483294],[95.557257,5.474692],[95.546462,5.471389],[95.544012,5.469472],[95.54049,5.46595],[95.534037,5.454944],[95.518376,5.434589],[95.50943,5.427032],[95.498569,5.423503],[95.489772,5.413584],[95.48452,5.40331],[95.481809,5.400463],[95.450097,5.378285],[95.445019,5.371455],[95.443809,5.366248],[95.434782,5.355671],[95.419017,5.333288],[95.415884,5.330025],[95.405843,5.323494],[95.394096,5.304943],[95.388252,5.301504],[95.378082,5.314924],[95.376839,5.320917],[95.365394,5.33289],[95.368809,5.337688],[95.369103,5.340915],[95.364812,5.345876],[95.352922,5.350999],[95.344165,5.362786],[95.343438,5.369219],[95.355833,5.372046],[95.363192,5.377228],[95.378504,5.392204],[95.388677,5.394952],[95.392768,5.397488],[95.396324,5.40085],[95.403122,5.41231],[95.409191,5.414633],[95.409613,5.425599],[95.408174,5.429573],[95.410208,5.434913],[95.408,5.43696],[95.41085,5.443885],[95.406536,5.44853],[95.408567,5.45464],[95.415644,5.455901],[95.428301,5.453604],[95.429314,5.452797],[95.430007,5.443478],[95.435463,5.442504],[95.447922,5.443969],[95.450897,5.443007],[95.451519,5.445029],[95.450925,5.449881],[95.457009,5.458501],[95.458088,5.461709],[95.484232,5.475119],[95.485627,5.47666],[95.492129,5.49221],[95.505313,5.506295],[95.508113,5.510656],[95.5119,5.513821],[95.514725,5.524145],[95.516325,5.526722],[95.527468,5.533625],[95.544285,5.521168],[95.551508,5.511507]]]}},{"type":"Feature","properties":{"nmkec":"Kuta Cot Glie","nmkab":"Aceh Besar","nmprov":"Aceh","kdkec":"031","kdkab":"08","kodekab":"1108","idkec":"1108031","index":50},"geometry":{"type":"Polygon","coordinates":[[[95.557257,5.474692],[95.56381,5.466439],[95.563173,5.462237],[95.559712,5.454833],[95.559687,5.449878],[95.567422,5.43607],[95.568685,5.432266],[95.567762,5.421647],[95.565242,5.416317],[95.564773,5.409081],[95.563724,5.406852],[95.551327,5.396048],[95.538728,5.386396],[95.532838,5.371477],[95.533628,5.367901],[95.533198,5.354419],[95.543027,5.345358],[95.550803,5.336627],[95.553914,5.334529],[95.557611,5.329912],[95.558129,5.31899],[95.554893,5.319129],[95.552226,5.316884],[95.551465,5.30078],[95.537618,5.285834],[95.540463,5.276717],[95.531582,5.264577],[95.529623,5.251889],[95.521888,5.24023],[95.519929,5.230498],[95.520215,5.225794],[95.523045,5.218897],[95.526851,5.216265],[95.515992,5.216012],[95.505611,5.217988],[95.500867,5.220092],[95.49772,5.220104],[95.492958,5.21789],[95.486101,5.211514],[95.475258,5.209922],[95.473201,5.210225],[95.471891,5.21165],[95.466941,5.211738],[95.461288,5.213702],[95.450806,5.2188],[95.439073,5.219144],[95.437155,5.222725],[95.435201,5.223924],[95.427035,5.220831],[95.422405,5.221886],[95.417544,5.22161],[95.410997,5.216013],[95.401904,5.210367],[95.401596,5.214718],[95.39985,5.216912],[95.398221,5.218259],[95.395244,5.216781],[95.391244,5.219626],[95.392312,5.226918],[95.386979,5.230871],[95.386842,5.233938],[95.381804,5.237234],[95.378107,5.241715],[95.377236,5.246931],[95.374916,5.250299],[95.383067,5.256886],[95.383674,5.26016],[95.382359,5.265972],[95.387445,5.275186],[95.393267,5.282609],[95.386177,5.293209],[95.385592,5.295594],[95.38829,5.301838],[95.392753,5.303459],[95.394096,5.304943],[95.405843,5.323494],[95.415884,5.330025],[95.419017,5.333288],[95.434782,5.355671],[95.443809,5.366248],[95.445019,5.371455],[95.450097,5.378285],[95.481809,5.400463],[95.48452,5.40331],[95.489772,5.413584],[95.498569,5.423503],[95.50943,5.427032],[95.518376,5.434589],[95.534037,5.454944],[95.54049,5.46595],[95.545922,5.471143],[95.557257,5.474692]]]}},{"type":"Feature","properties":{"nmkec":"Seulimeum","nmkab":"Aceh Besar","nmprov":"Aceh","kdkec":"040","kdkab":"08","kodekab":"1108","idkec":"1108040","index":51},"geometry":{"type":"Polygon","coordinates":[[[95.611431,5.62781],[95.615413,5.626583],[95.615714,5.623158],[95.62121,5.618455],[95.631502,5.616392],[95.648785,5.603503],[95.665783,5.593993],[95.689014,5.583523],[95.709386,5.578707],[95.727504,5.576065],[95.745714,5.568936],[95.742706,5.559086],[95.730218,5.551563],[95.728267,5.549043],[95.724231,5.53342],[95.724052,5.52747],[95.725284,5.523507],[95.729636,5.519564],[95.736642,5.515713],[95.737345,5.513321],[95.736427,5.509727],[95.73368,5.506035],[95.724842,5.499367],[95.72499,5.497176],[95.727364,5.493912],[95.717073,5.491382],[95.697158,5.491124],[95.678995,5.479372],[95.666021,5.474077],[95.66187,5.457124],[95.660735,5.446965],[95.648924,5.416193],[95.640938,5.410649],[95.635142,5.404481],[95.634085,5.382538],[95.631805,5.378348],[95.629652,5.377763],[95.624698,5.369327],[95.623225,5.349922],[95.62388,5.319491],[95.624376,5.316946],[95.625189,5.316709],[95.620064,5.314939],[95.60987,5.318604],[95.601814,5.319221],[95.59418,5.315519],[95.593442,5.313274],[95.590774,5.311199],[95.580352,5.308666],[95.57033,5.314289],[95.558129,5.31899],[95.557611,5.329912],[95.553914,5.334529],[95.550803,5.336627],[95.543027,5.345358],[95.533198,5.354419],[95.533628,5.367901],[95.532838,5.371477],[95.538728,5.386396],[95.563724,5.406852],[95.564773,5.409081],[95.565242,5.416317],[95.567762,5.421647],[95.568359,5.433989],[95.562747,5.44335],[95.559325,5.451493],[95.56381,5.466439],[95.555004,5.478091],[95.553129,5.483294],[95.564446,5.487518],[95.567809,5.490469],[95.575804,5.501617],[95.577108,5.504741],[95.577171,5.509373],[95.572574,5.52041],[95.564581,5.527153],[95.562094,5.531122],[95.560691,5.536475],[95.564952,5.54137],[95.568196,5.550297],[95.576362,5.560837],[95.578835,5.566633],[95.578882,5.574686],[95.602343,5.600539],[95.604046,5.603559],[95.606744,5.617194],[95.606707,5.627562],[95.611431,5.62781]]]}},{"type":"Feature","properties":{"nmkec":"Kota Jantho","nmkab":"Aceh Besar","nmprov":"Aceh","kdkec":"041","kdkab":"08","kodekab":"1108","idkec":"1108041","index":52},"geometry":{"type":"Polygon","coordinates":[[[95.641687,5.318195],[95.659319,5.307793],[95.673525,5.298243],[95.688615,5.29078],[95.696167,5.285792],[95.702488,5.276395],[95.703132,5.273255],[95.702611,5.253137],[95.703888,5.248744],[95.715842,5.241263],[95.735284,5.240736],[95.760989,5.242126],[95.769131,5.244055],[95.779193,5.249083],[95.782777,5.244598],[95.78488,5.239218],[95.785145,5.233825],[95.787639,5.222954],[95.790142,5.217059],[95.792939,5.212265],[95.805918,5.199506],[95.808621,5.194752],[95.823527,5.178785],[95.829302,5.171178],[95.833049,5.164118],[95.836068,5.152324],[95.840763,5.140843],[95.841113,5.135008],[95.839966,5.131306],[95.831721,5.116311],[95.825589,5.095158],[95.821237,5.085348],[95.810394,5.083402],[95.802007,5.079937],[95.795548,5.081482],[95.793241,5.081183],[95.787545,5.078844],[95.784032,5.075999],[95.771953,5.071877],[95.765538,5.07348],[95.754391,5.070653],[95.736561,5.05487],[95.73355,5.053505],[95.72831,5.053687],[95.720505,5.05552],[95.714476,5.055005],[95.707953,5.052629],[95.705386,5.052592],[95.699667,5.057537],[95.696071,5.058954],[95.688168,5.060515],[95.67299,5.061079],[95.658875,5.064058],[95.647863,5.067735],[95.639465,5.073659],[95.634445,5.080719],[95.63032,5.091659],[95.629527,5.098793],[95.629684,5.110082],[95.635252,5.131479],[95.636857,5.13379],[95.643711,5.139068],[95.644147,5.140965],[95.639536,5.148408],[95.628747,5.160447],[95.62392,5.167398],[95.619602,5.182121],[95.616432,5.188259],[95.609325,5.191193],[95.60049,5.191358],[95.597109,5.192461],[95.593868,5.196254],[95.590034,5.204911],[95.581868,5.20923],[95.574424,5.209328],[95.563252,5.207226],[95.54821,5.206147],[95.543827,5.209169],[95.537467,5.2156],[95.526851,5.216265],[95.523475,5.218323],[95.519928,5.227553],[95.521888,5.24023],[95.529623,5.251889],[95.531582,5.264577],[95.540463,5.276717],[95.537618,5.285834],[95.551465,5.30078],[95.552226,5.316884],[95.554047,5.318569],[95.555707,5.319283],[95.560269,5.318449],[95.57497,5.312119],[95.580352,5.308666],[95.590774,5.311199],[95.593442,5.313274],[95.59418,5.315519],[95.601814,5.319221],[95.60987,5.318604],[95.621099,5.314831],[95.625189,5.316709],[95.632362,5.316785],[95.63828,5.318997],[95.641687,5.318195]]]}},{"type":"Feature","properties":{"nmkec":"Lembah Seulawah","nmkab":"Aceh Besar","nmprov":"Aceh","kdkec":"042","kdkab":"08","kodekab":"1108","idkec":"1108042","index":53},"geometry":{"type":"Polygon","coordinates":[[[95.742845,5.480868],[95.749839,5.479948],[95.754539,5.478022],[95.755819,5.471195],[95.753262,5.464448],[95.753471,5.460509],[95.759573,5.454368],[95.760978,5.444394],[95.765805,5.442785],[95.77011,5.446527],[95.780785,5.441583],[95.779962,5.435167],[95.774774,5.430444],[95.772121,5.428863],[95.768436,5.429549],[95.760996,5.425884],[95.755877,5.42243],[95.753432,5.41911],[95.753217,5.415777],[95.754509,5.411297],[95.758597,5.407211],[95.763746,5.4051],[95.765214,5.401279],[95.76387,5.394701],[95.757919,5.390365],[95.756128,5.380078],[95.756953,5.375131],[95.75993,5.368572],[95.759967,5.364665],[95.757242,5.3604],[95.753299,5.358142],[95.75018,5.353518],[95.751867,5.346027],[95.747344,5.337573],[95.747149,5.328269],[95.748318,5.318034],[95.751764,5.31488],[95.755135,5.314199],[95.760979,5.314808],[95.766537,5.311331],[95.768115,5.308392],[95.76765,5.306062],[95.765929,5.305023],[95.760192,5.304951],[95.758041,5.302442],[95.758364,5.299503],[95.760696,5.294736],[95.765107,5.289467],[95.772386,5.286026],[95.785043,5.283481],[95.790063,5.28133],[95.791606,5.279108],[95.791463,5.273803],[95.788631,5.270613],[95.787485,5.262871],[95.784976,5.258642],[95.77759,5.258176],[95.774722,5.256635],[95.774328,5.254664],[95.775404,5.251366],[95.779193,5.249083],[95.769131,5.244055],[95.760989,5.242126],[95.735284,5.240736],[95.715842,5.241263],[95.703888,5.248744],[95.702611,5.253137],[95.703132,5.273255],[95.702488,5.276395],[95.696167,5.285792],[95.688615,5.29078],[95.673525,5.298243],[95.641687,5.318195],[95.63828,5.318997],[95.632362,5.316785],[95.624376,5.316946],[95.623225,5.349922],[95.623962,5.365426],[95.624698,5.369327],[95.629652,5.377763],[95.631805,5.378348],[95.634085,5.382538],[95.635142,5.404481],[95.640938,5.410649],[95.648924,5.416193],[95.656015,5.43444],[95.660735,5.446965],[95.66187,5.457124],[95.666021,5.474077],[95.678995,5.479372],[95.697158,5.491124],[95.717073,5.491382],[95.727364,5.493912],[95.732862,5.487924],[95.742845,5.480868]]]}},{"type":"Feature","properties":{"nmkec":"Mesjid Raya","nmkab":"Aceh Besar","nmprov":"Aceh","kdkec":"050","kdkab":"08","kodekab":"1108","idkec":"1108050","index":54},"geometry":{"type":"Polygon","coordinates":[[[95.438882,5.656555],[95.455513,5.651872],[95.464483,5.645275],[95.491986,5.609058],[95.50335,5.600387],[95.517524,5.595831],[95.522152,5.59542],[95.530518,5.599681],[95.531244,5.602086],[95.529745,5.605091],[95.528947,5.612063],[95.530723,5.614081],[95.531716,5.614141],[95.534857,5.610934],[95.539036,5.610098],[95.541593,5.611565],[95.544416,5.615827],[95.544728,5.614213],[95.549032,5.613541],[95.560642,5.614271],[95.576935,5.617962],[95.583982,5.617197],[95.592158,5.622941],[95.599644,5.625982],[95.606707,5.627562],[95.606744,5.617194],[95.604046,5.603559],[95.602343,5.600539],[95.578882,5.574686],[95.578835,5.566633],[95.576362,5.560837],[95.568196,5.550297],[95.564952,5.54137],[95.560691,5.536475],[95.562094,5.531122],[95.564581,5.527153],[95.572574,5.52041],[95.577171,5.509373],[95.577108,5.504741],[95.57242,5.496618],[95.57138,5.50021],[95.566168,5.504229],[95.551508,5.511507],[95.544285,5.521168],[95.522058,5.537232],[95.506085,5.538449],[95.501382,5.54042],[95.498657,5.544211],[95.494549,5.555125],[95.4896,5.557694],[95.485439,5.56274],[95.483752,5.570518],[95.481152,5.574466],[95.478988,5.582662],[95.47601,5.583994],[95.470344,5.594458],[95.469445,5.59823],[95.464167,5.60293],[95.451543,5.624983],[95.444847,5.632517],[95.441504,5.633833],[95.43487,5.634597],[95.429357,5.634011],[95.419181,5.626951],[95.417069,5.617337],[95.413078,5.617638],[95.406037,5.621642],[95.400285,5.620869],[95.399285,5.619972],[95.39952,5.61813],[95.397155,5.617487],[95.396095,5.621456],[95.38814,5.621634],[95.395296,5.62779],[95.41,5.644323],[95.41581,5.649382],[95.421854,5.65121],[95.431751,5.656727],[95.438882,5.656555]]]}},{"type":"Feature","properties":{"nmkec":"Darussalam","nmkab":"Aceh Besar","nmprov":"Aceh","kdkec":"060","kdkab":"08","kodekab":"1108","idkec":"1108060","index":55},"geometry":{"type":"Polygon","coordinates":[[[95.441504,5.633833],[95.44606,5.631675],[95.449129,5.628394],[95.464167,5.60293],[95.469445,5.59823],[95.470213,5.596049],[95.466107,5.589668],[95.465228,5.589408],[95.463042,5.591705],[95.461286,5.591889],[95.443603,5.581964],[95.441829,5.581321],[95.43498,5.581965],[95.423542,5.577436],[95.41513,5.57239],[95.402005,5.569502],[95.398101,5.567101],[95.390957,5.558828],[95.38293,5.555531],[95.379423,5.55821],[95.375776,5.559167],[95.375062,5.55878],[95.376192,5.555449],[95.372188,5.554711],[95.365538,5.565319],[95.366817,5.565954],[95.371119,5.564092],[95.376259,5.565552],[95.37668,5.566502],[95.377678,5.56909],[95.376195,5.570542],[95.372103,5.571397],[95.369937,5.576749],[95.37202,5.578708],[95.37162,5.579859],[95.373521,5.580262],[95.380428,5.585184],[95.384053,5.593417],[95.391781,5.598211],[95.394909,5.598029],[95.397728,5.594639],[95.404576,5.603997],[95.416353,5.606157],[95.417966,5.613412],[95.417191,5.614845],[95.4173,5.619936],[95.419181,5.626951],[95.430486,5.634425],[95.441504,5.633833]]]}},{"type":"Feature","properties":{"nmkec":"Kuta Baro","nmkab":"Aceh Besar","nmprov":"Aceh","kdkec":"070","kdkab":"08","kodekab":"1108","idkec":"1108070","index":56},"geometry":{"type":"Polygon","coordinates":[[[95.47601,5.583994],[95.478988,5.582662],[95.482496,5.572379],[95.465972,5.554982],[95.451101,5.530572],[95.443117,5.522777],[95.435003,5.517324],[95.431991,5.516671],[95.426756,5.517659],[95.422396,5.520366],[95.417604,5.519334],[95.409043,5.52099],[95.401026,5.518637],[95.392762,5.518515],[95.393012,5.520929],[95.386044,5.521708],[95.383775,5.522998],[95.383581,5.528281],[95.37151,5.533048],[95.373577,5.552096],[95.373503,5.554014],[95.372054,5.554265],[95.371781,5.555261],[95.376192,5.555449],[95.375062,5.55878],[95.375776,5.559167],[95.379423,5.55821],[95.38293,5.555531],[95.390957,5.558828],[95.398101,5.567101],[95.402005,5.569502],[95.41513,5.57239],[95.423542,5.577436],[95.43498,5.581965],[95.441829,5.581321],[95.443603,5.581964],[95.461286,5.591889],[95.463042,5.591705],[95.465228,5.589408],[95.466107,5.589668],[95.470213,5.596049],[95.47601,5.583994]]]}},{"type":"Feature","properties":{"nmkec":"Montasik","nmkab":"Aceh Besar","nmprov":"Aceh","kdkec":"080","kdkab":"08","kodekab":"1108","idkec":"1108080","index":57},"geometry":{"type":"Polygon","coordinates":[[[95.506085,5.538449],[95.522058,5.537232],[95.527468,5.533625],[95.516325,5.526722],[95.514725,5.524145],[95.5119,5.513821],[95.508113,5.510656],[95.505313,5.506295],[95.492129,5.49221],[95.485627,5.47666],[95.484232,5.475119],[95.458088,5.461709],[95.457009,5.458501],[95.450925,5.449881],[95.451519,5.445029],[95.450897,5.443007],[95.447922,5.443969],[95.435463,5.442504],[95.430007,5.443478],[95.429314,5.452797],[95.428301,5.453604],[95.415644,5.455901],[95.408567,5.45464],[95.404914,5.455345],[95.403855,5.45756],[95.411791,5.463172],[95.412674,5.466408],[95.410491,5.469108],[95.400474,5.461463],[95.397632,5.46225],[95.394513,5.460034],[95.391984,5.461106],[95.391312,5.466711],[95.393833,5.468847],[95.394958,5.472102],[95.394927,5.482829],[95.397843,5.485379],[95.400863,5.484531],[95.405725,5.493237],[95.411813,5.494663],[95.415248,5.489943],[95.42025,5.486413],[95.434325,5.483824],[95.442744,5.487779],[95.447725,5.488977],[95.453932,5.492719],[95.460816,5.499781],[95.467052,5.510502],[95.482729,5.531266],[95.494636,5.549497],[95.496245,5.550442],[95.498657,5.544211],[95.501382,5.54042],[95.506085,5.538449]]]}},{"type":"Feature","properties":{"nmkec":"Krueng Barona Jaya","nmkab":"Aceh Besar","nmprov":"Aceh","kdkec":"091","kdkab":"08","kodekab":"1108","idkec":"1108091","index":58},"geometry":{"type":"Polygon","coordinates":[[[95.359698,5.572392],[95.369608,5.559947],[95.372054,5.554265],[95.373581,5.553279],[95.373422,5.54545],[95.371426,5.532634],[95.367468,5.526019],[95.361171,5.532956],[95.352722,5.533658],[95.355299,5.541058],[95.358362,5.544725],[95.360596,5.544718],[95.360672,5.549044],[95.357343,5.557688],[95.353214,5.558242],[95.357945,5.569294],[95.357561,5.571126],[95.359698,5.572392]]]}},{"type":"Feature","properties":{"nmkec":"Simpang Tiga","nmkab":"Aceh Besar","nmprov":"Aceh","kdkec":"102","kdkab":"08","kodekab":"1108","idkec":"1108102","index":59},"geometry":{"type":"Polygon","coordinates":[[[95.352905,5.499162],[95.353969,5.489382],[95.355591,5.488476],[95.361343,5.487207],[95.360209,5.479604],[95.360607,5.476242],[95.368089,5.464905],[95.371736,5.463192],[95.376924,5.462295],[95.375511,5.459082],[95.363544,5.458552],[95.360527,5.451868],[95.359372,5.436787],[95.340735,5.412124],[95.328563,5.403832],[95.325402,5.410621],[95.313601,5.429748],[95.308799,5.434019],[95.308587,5.441855],[95.31754,5.433341],[95.318932,5.432993],[95.321337,5.434608],[95.321826,5.43717],[95.320811,5.440402],[95.323612,5.444351],[95.325921,5.444845],[95.332769,5.443789],[95.334646,5.444789],[95.336729,5.457713],[95.341,5.463419],[95.344589,5.471975],[95.344938,5.478345],[95.343741,5.482973],[95.34487,5.487619],[95.351383,5.499309],[95.352905,5.499162]]]}},{"type":"Feature","properties":{"nmkec":"Darul Imarah","nmkab":"Aceh Besar","nmprov":"Aceh","kdkec":"110","kdkab":"08","kodekab":"1108","idkec":"1108110","index":60},"geometry":{"type":"Polygon","coordinates":[[[95.330252,5.527924],[95.338313,5.528831],[95.343419,5.527989],[95.343776,5.524972],[95.342692,5.519725],[95.344278,5.500638],[95.345609,5.499774],[95.351383,5.499309],[95.350248,5.497114],[95.347257,5.49815],[95.337191,5.498478],[95.334791,5.49755],[95.334041,5.495338],[95.330742,5.492649],[95.322203,5.490614],[95.318414,5.492111],[95.312573,5.492082],[95.311529,5.488774],[95.299368,5.481561],[95.295379,5.486051],[95.290281,5.499364],[95.289784,5.50289],[95.278608,5.51783],[95.278722,5.522279],[95.282646,5.523715],[95.286786,5.523795],[95.28989,5.525558],[95.292783,5.52446],[95.296094,5.527712],[95.300921,5.521479],[95.313162,5.517215],[95.320619,5.51722],[95.322591,5.518486],[95.330219,5.528957],[95.330252,5.527924]]]}},{"type":"Feature","properties":{"nmkec":"Peukan Bada","nmkab":"Aceh Besar","nmprov":"Aceh","kdkec":"120","kdkab":"08","kodekab":"1108","idkec":"1108120","index":61},"geometry":{"type":"MultiPolygon","coordinates":[[[[95.227337,5.575544],[95.238896,5.570946],[95.239677,5.569874],[95.239497,5.56787],[95.236095,5.56419],[95.235848,5.557601],[95.237158,5.549549],[95.239292,5.547947],[95.243563,5.546857],[95.255096,5.548706],[95.258902,5.548019],[95.268743,5.54859],[95.274277,5.549693],[95.28251,5.55352],[95.284006,5.542611],[95.280389,5.538019],[95.280238,5.536018],[95.284294,5.531874],[95.290947,5.530405],[95.293036,5.526291],[95.286786,5.523795],[95.282646,5.523715],[95.278835,5.52238],[95.278515,5.518401],[95.282289,5.511939],[95.289784,5.50289],[95.290281,5.499364],[95.280326,5.499914],[95.267095,5.504043],[95.264615,5.507479],[95.260948,5.520999],[95.258415,5.523557],[95.245002,5.523172],[95.23265,5.52972],[95.222306,5.531882],[95.22,5.530374],[95.206568,5.532486],[95.200315,5.527536],[95.194094,5.527436],[95.202498,5.536758],[95.208945,5.540611],[95.210601,5.546374],[95.216445,5.557825],[95.216445,5.559064],[95.21556,5.558887],[95.213965,5.561011],[95.216971,5.566319],[95.220336,5.569505],[95.222815,5.569328],[95.226355,5.570567],[95.225616,5.573969],[95.224394,5.575134],[95.227337,5.575544]]],[[[95.179066,5.558658],[95.171907,5.550939],[95.167161,5.549196],[95.150523,5.552849],[95.163737,5.559027],[95.166709,5.562676],[95.173064,5.561885],[95.179071,5.559912],[95.179066,5.558658]]],[[[95.203264,5.582673],[95.214223,5.580657],[95.214921,5.579623],[95.214591,5.57892],[95.2064,5.578623],[95.184665,5.573827],[95.1827,5.574116],[95.183032,5.575381],[95.188426,5.578456],[95.194286,5.580872],[95.203264,5.582673]]],[[[95.217499,5.580504],[95.221236,5.578473],[95.220854,5.576505],[95.216834,5.577833],[95.215206,5.580466],[95.217499,5.580504]]],[[[95.181552,5.574389],[95.179747,5.573048],[95.178579,5.573428],[95.181552,5.574389]]],[[[95.215491,5.579281],[95.215292,5.578449],[95.215061,5.579481],[95.215491,5.579281]]]]}},{"type":"Feature","properties":{"nmkec":"Pidie","nmkab":"Pidie","nmprov":"Aceh","kdkec":"010","kdkab":"09","kodekab":"1109","idkec":"1109010","index":62},"geometry":{"type":"Polygon","coordinates":[[[96.372332,4.93115],[96.379059,4.932191],[96.399207,4.942139],[96.423404,4.940952],[96.434003,4.936623],[96.443059,4.93102],[96.46156,4.913924],[96.463116,4.910649],[96.466779,4.894834],[96.469237,4.893337],[96.468855,4.889755],[96.47618,4.871508],[96.478211,4.854447],[96.472938,4.814297],[96.47732,4.800546],[96.475129,4.784661],[96.475994,4.775277],[96.471766,4.76283],[96.468499,4.761298],[96.446721,4.764805],[96.43913,4.764613],[96.420394,4.761453],[96.399544,4.75973],[96.373602,4.763751],[96.357267,4.764326],[96.352271,4.766241],[96.343624,4.766815],[96.339658,4.768554],[96.337536,4.774637],[96.335471,4.77593],[96.328805,4.775834],[96.31838,4.77885],[96.313576,4.779329],[96.31157,4.778898],[96.30739,4.775211],[96.300532,4.774541],[96.282144,4.77976],[96.281486,4.778874],[96.278298,4.788099],[96.277072,4.794876],[96.276168,4.796375],[96.273811,4.796923],[96.267227,4.795223],[96.255697,4.787144],[96.242212,4.781113],[96.236532,4.777371],[96.226648,4.765113],[96.219901,4.763226],[96.217119,4.763481],[96.204547,4.761039],[96.199426,4.761961],[96.186303,4.767407],[96.180356,4.767407],[96.168846,4.76457],[96.16211,4.76016],[96.151272,4.755069],[96.143859,4.754374],[96.134358,4.757535],[96.120483,4.768032],[96.117102,4.767423],[96.118667,4.776039],[96.119506,4.792754],[96.115314,4.812812],[96.110281,4.826602],[96.106326,4.832324],[96.108391,4.83649],[96.114189,4.833332],[96.117466,4.833569],[96.122833,4.831725],[96.115127,4.816883],[96.123013,4.81507],[96.128044,4.816339],[96.132789,4.821935],[96.135596,4.822395],[96.137522,4.821511],[96.137726,4.816774],[96.146655,4.81725],[96.154021,4.825205],[96.15325,4.834542],[96.150276,4.839858],[96.161499,4.839006],[96.166304,4.855958],[96.147374,4.85464],[96.139381,4.856185],[96.134713,4.860491],[96.12761,4.864031],[96.133497,4.872177],[96.136592,4.873803],[96.143302,4.875013],[96.148295,4.877778],[96.166259,4.881889],[96.177367,4.877052],[96.180612,4.873419],[96.183305,4.872067],[96.190299,4.87125],[96.194411,4.871843],[96.196494,4.874926],[96.197871,4.874881],[96.198466,4.857117],[96.197786,4.855848],[96.182579,4.857601],[96.18102,4.846658],[96.18352,4.845208],[96.186489,4.846386],[96.190454,4.845843],[96.198041,4.83953],[96.200505,4.838919],[96.206228,4.838625],[96.207655,4.84012],[96.207701,4.842069],[96.210613,4.844879],[96.211678,4.844857],[96.214237,4.841511],[96.219056,4.84099],[96.222621,4.843153],[96.228366,4.856995],[96.229664,4.870362],[96.223651,4.877821],[96.221818,4.88371],[96.229641,4.884291],[96.23313,4.886832],[96.239029,4.887049],[96.242619,4.884252],[96.254927,4.87891],[96.267309,4.888997],[96.283912,4.909943],[96.297093,4.910986],[96.305512,4.916335],[96.308735,4.916501],[96.314804,4.914382],[96.32432,4.916355],[96.334695,4.929097],[96.344205,4.943142],[96.341692,4.944087],[96.35349,4.944805],[96.363327,4.941845],[96.368371,4.937619],[96.369711,4.932922],[96.372332,4.93115]]]}},{"type":"Feature","properties":{"nmkec":"Pidie","nmkab":"Pidie","nmprov":"Aceh","kdkec":"011","kdkab":"09","kodekab":"1109","idkec":"1109011","index":63},"geometry":{"type":"MultiPolygon","coordinates":[[[[96.153909,5.077793],[96.166924,5.068403],[96.178459,5.068996],[96.182804,5.067956],[96.18715,5.071143],[96.189226,5.075923],[96.191509,5.077123],[96.193239,5.075991],[96.194058,5.072236],[96.192967,5.065421],[96.195686,5.061718],[96.195555,5.055842],[96.201813,5.048763],[96.206034,5.040988],[96.206195,5.038876],[96.19999,5.013286],[96.189542,4.999554],[96.189776,4.995704],[96.199473,4.983123],[96.20802,4.963878],[96.211448,4.95875],[96.225327,4.94817],[96.240804,4.940694],[96.248209,4.935443],[96.250226,4.933451],[96.252225,4.923889],[96.261206,4.914916],[96.276178,4.909943],[96.283912,4.909943],[96.267309,4.888997],[96.254927,4.87891],[96.242619,4.884252],[96.239029,4.887049],[96.23313,4.886832],[96.229641,4.884291],[96.22403,4.883514],[96.218248,4.884841],[96.218746,4.883312],[96.216489,4.881177],[96.206702,4.877256],[96.196494,4.874926],[96.194411,4.871843],[96.190299,4.87125],[96.183305,4.872067],[96.180612,4.873419],[96.177367,4.877052],[96.166259,4.881889],[96.148295,4.877778],[96.140891,4.874367],[96.12821,4.893344],[96.125818,4.898948],[96.118353,4.904475],[96.095227,4.915913],[96.07434,4.924076],[96.001216,4.945422],[96.002608,4.954662],[96.005292,4.958736],[96.014334,4.964965],[96.021679,4.968423],[96.03391,4.977421],[96.040347,4.979562],[96.051504,4.979364],[96.069874,4.986949],[96.083003,4.989616],[96.087068,4.995597],[96.090184,5.00382],[96.091684,5.022029],[96.10107,5.031309],[96.107869,5.045548],[96.113642,5.049534],[96.119115,5.055022],[96.128116,5.054448],[96.129144,5.055746],[96.128688,5.072077],[96.131268,5.076431],[96.136373,5.074645],[96.139667,5.075101],[96.147264,5.079531],[96.153909,5.077793]]],[[[96.102197,4.831623],[96.106326,4.832324],[96.110281,4.826602],[96.115314,4.812812],[96.119506,4.792754],[96.118667,4.776039],[96.117102,4.767423],[96.120483,4.768032],[96.117849,4.76728],[96.116228,4.765146],[96.115321,4.760494],[96.118534,4.752141],[96.119082,4.747761],[96.11766,4.739522],[96.110138,4.733382],[96.107109,4.729385],[96.105137,4.725924],[96.102796,4.715556],[96.098071,4.705444],[96.09224,4.696319],[96.081437,4.68326],[96.075634,4.677659],[96.066394,4.670848],[96.050283,4.660954],[96.042421,4.657571],[96.032755,4.668916],[96.031441,4.68365],[96.028044,4.694025],[96.008169,4.741308],[96.004749,4.746504],[95.997016,4.751966],[95.994839,4.756417],[95.995387,4.76749],[95.993132,4.782714],[95.99113,4.786596],[95.987258,4.790339],[95.978762,4.796443],[95.983118,4.805225],[95.987472,4.821778],[95.991257,4.852649],[95.991084,4.860289],[95.988834,4.863903],[95.984977,4.874752],[95.985204,4.881704],[95.983008,4.899093],[95.984696,4.914631],[95.986769,4.922193],[95.987398,4.922818],[95.99744,4.917691],[96.028963,4.897703],[96.063286,4.874036],[96.067188,4.86416],[96.073572,4.861881],[96.085373,4.84851],[96.096245,4.832586],[96.102197,4.831623]]]]}},{"type":"Feature","properties":{"nmkec":"Glumpang Tiga","nmkab":"Pidie","nmprov":"Aceh","kdkec":"070","kdkab":"09","kodekab":"1109","idkec":"1109070","index":64},"geometry":{"type":"Polygon","coordinates":[[[96.053968,5.257869],[96.054977,5.257709],[96.055153,5.253928],[96.052026,5.253207],[96.046198,5.243945],[96.040715,5.246038],[96.039509,5.24538],[96.037066,5.237692],[96.040622,5.233477],[96.038927,5.231399],[96.03914,5.230268],[96.034494,5.228002],[96.027122,5.228572],[96.023611,5.223893],[96.019481,5.225528],[96.010281,5.226945],[96.004136,5.226527],[96.002812,5.229493],[96.002451,5.23741],[96.007542,5.242889],[96.00414,5.247059],[95.995384,5.253256],[95.995088,5.255314],[95.996385,5.257248],[96.003392,5.259236],[96.007373,5.265586],[96.015277,5.262204],[96.019233,5.263994],[96.0199,5.265803],[96.03032,5.261317],[96.03506,5.264364],[96.036411,5.267951],[96.034521,5.269127],[96.038194,5.271014],[96.046572,5.272805],[96.045329,5.267817],[96.053968,5.257869]]]}},{"type":"Feature","properties":{"nmkec":"Mutiara","nmkab":"Pidie","nmprov":"Aceh","kdkec":"080","kdkab":"09","kodekab":"1109","idkec":"1109080","index":65},"geometry":{"type":"Polygon","coordinates":[[[95.995609,5.307216],[95.987634,5.294127],[95.991758,5.291318],[95.992964,5.291028],[96.000997,5.299589],[96.009722,5.297178],[96.006468,5.291611],[96.006928,5.288858],[96.003706,5.288854],[96.001208,5.291005],[95.999101,5.290421],[96.000317,5.286739],[96.001917,5.287313],[96.002764,5.286541],[96.000424,5.284177],[95.996326,5.282748],[95.991686,5.283865],[95.989465,5.28228],[95.986601,5.27775],[95.980705,5.274928],[95.976565,5.27468],[95.97329,5.275968],[95.972098,5.274333],[95.972576,5.271743],[95.971091,5.270901],[95.968546,5.2708],[95.960446,5.274051],[95.963994,5.280886],[95.957707,5.279281],[95.946361,5.264733],[95.934626,5.269711],[95.937629,5.27249],[95.940707,5.2808],[95.93957,5.281332],[95.943213,5.290493],[95.945719,5.289342],[95.948641,5.296063],[95.964545,5.290717],[95.968894,5.294087],[95.97539,5.304856],[95.979117,5.303187],[95.98626,5.305096],[95.993277,5.311926],[95.995609,5.307216]]]}},{"type":"Feature","properties":{"nmkec":"Pidie","nmkab":"Pidie","nmprov":"Aceh","kdkec":"100","kdkab":"09","kodekab":"1109","idkec":"1109100","index":66},"geometry":{"type":"MultiPolygon","coordinates":[[[[95.800823,5.261473],[95.806207,5.252482],[95.817927,5.239974],[95.821152,5.228883],[95.826779,5.217654],[95.837746,5.20597],[95.845237,5.191836],[95.84777,5.191238],[95.854305,5.173991],[95.862789,5.157718],[95.861599,5.15578],[95.862075,5.1534],[95.863078,5.151701],[95.866001,5.150635],[95.869761,5.140882],[95.865879,5.139244],[95.869345,5.128239],[95.870624,5.12713],[95.875575,5.126095],[95.871226,5.118726],[95.87019,5.061519],[95.878207,5.045679],[95.881042,5.034103],[95.889267,5.023822],[95.896355,5.013058],[95.898282,5.00545],[95.915623,4.994925],[95.934847,4.979242],[95.961889,4.951439],[95.983932,4.931129],[95.989304,4.924548],[95.986769,4.922193],[95.985737,4.919741],[95.983008,4.899093],[95.985204,4.881704],[95.984977,4.874752],[95.988834,4.863903],[95.991084,4.860289],[95.991257,4.852649],[95.987472,4.821778],[95.983118,4.805225],[95.978789,4.796443],[95.971636,4.809959],[95.961222,4.820008],[95.957769,4.828812],[95.955729,4.831271],[95.949394,4.83538],[95.922409,4.848546],[95.91588,4.855518],[95.90179,4.866399],[95.897104,4.873162],[95.885916,4.893852],[95.882285,4.908998],[95.879031,4.91494],[95.873724,4.919046],[95.860851,4.925221],[95.855136,4.929534],[95.853916,4.931788],[95.851713,4.944682],[95.84785,4.95124],[95.83255,4.964175],[95.822767,4.97423],[95.802974,4.988408],[95.796339,5.001724],[95.788931,5.005163],[95.783913,5.008995],[95.778465,5.022271],[95.772444,5.027358],[95.770616,5.031843],[95.766387,5.037975],[95.762373,5.055709],[95.758753,5.05764],[95.743173,5.061115],[95.753136,5.069896],[95.759945,5.072431],[95.765538,5.07348],[95.771953,5.071877],[95.784032,5.075999],[95.787545,5.078844],[95.793241,5.081183],[95.795548,5.081482],[95.802007,5.079937],[95.810394,5.083402],[95.821237,5.085348],[95.825589,5.095158],[95.831721,5.116311],[95.839966,5.131306],[95.841113,5.135008],[95.840351,5.142396],[95.836068,5.152324],[95.833049,5.164118],[95.830604,5.169009],[95.823527,5.178785],[95.808621,5.194752],[95.805918,5.199506],[95.792939,5.212265],[95.787639,5.222954],[95.78375,5.242756],[95.779193,5.249083],[95.775763,5.2509],[95.774328,5.254664],[95.774973,5.256958],[95.77759,5.258176],[95.784976,5.258642],[95.787485,5.262871],[95.788631,5.270613],[95.791004,5.273397],[95.793149,5.267889],[95.800823,5.261473]]],[[[96.060441,5.105157],[96.066924,5.105411],[96.076721,5.101348],[96.080145,5.096922],[96.081201,5.093549],[96.087611,5.090755],[96.101306,5.089123],[96.108153,5.090719],[96.111832,5.090175],[96.120047,5.081322],[96.126024,5.078038],[96.131269,5.076431],[96.128688,5.072077],[96.129144,5.055746],[96.128116,5.054448],[96.119115,5.055022],[96.113642,5.049534],[96.107869,5.045548],[96.10107,5.031309],[96.091684,5.022029],[96.090184,5.00382],[96.087068,4.995597],[96.083003,4.989616],[96.069874,4.986949],[96.051504,4.979364],[96.040347,4.979562],[96.03391,4.977421],[96.021679,4.968423],[96.014334,4.964965],[96.005292,4.958736],[96.002608,4.954662],[96.001172,4.944876],[95.997344,4.943224],[95.987996,4.948198],[95.977934,4.957852],[95.973593,4.963896],[95.954133,4.982776],[95.962532,4.990805],[95.972991,4.996887],[95.993568,5.013526],[96.01179,5.010432],[96.01826,5.012023],[96.01705,5.024992],[96.020184,5.027782],[96.022519,5.046902],[96.026296,5.050239],[96.030259,5.052062],[96.036425,5.051896],[96.041202,5.054942],[96.041995,5.063116],[96.048187,5.06843],[96.050808,5.072248],[96.050457,5.075613],[96.047756,5.081573],[96.050017,5.090045],[96.054807,5.095957],[96.056489,5.100699],[96.057375,5.107953],[96.060441,5.105157]]]]}},{"type":"Feature","properties":{"nmkec":"Keumala","nmkab":"Pidie","nmprov":"Aceh","kdkec":"111","kdkab":"09","kodekab":"1109","idkec":"1109111","index":67},"geometry":{"type":"Polygon","coordinates":[[[95.904509,5.243068],[95.900975,5.239324],[95.90593,5.239648],[95.906862,5.23365],[95.901762,5.232082],[95.907771,5.227959],[95.898052,5.220566],[95.897099,5.216941],[95.893211,5.21137],[95.889383,5.211202],[95.888636,5.209405],[95.885023,5.209175],[95.886292,5.211923],[95.87811,5.213366],[95.876405,5.212613],[95.867887,5.214757],[95.865999,5.209873],[95.86177,5.204167],[95.853809,5.20531],[95.848001,5.20954],[95.846942,5.211254],[95.856097,5.222552],[95.856785,5.220765],[95.858473,5.219704],[95.859813,5.223259],[95.859046,5.224581],[95.858033,5.245258],[95.876841,5.243806],[95.882901,5.244926],[95.87899,5.24844],[95.88279,5.251757],[95.88867,5.252868],[95.895513,5.249111],[95.899705,5.244919],[95.904509,5.243068]]]}},{"type":"Feature","properties":{"nmkec":"Pidie","nmkab":"Pidie","nmprov":"Aceh","kdkec":"112","kdkab":"09","kodekab":"1109","idkec":"1109112","index":68},"geometry":{"type":"Polygon","coordinates":[[[95.929112,5.218985],[95.926851,5.215814],[95.925687,5.21201],[95.926081,5.207091],[95.928353,5.205164],[95.925837,5.202717],[95.925102,5.197365],[95.922854,5.191753],[95.919168,5.192468],[95.916619,5.187283],[95.912523,5.163185],[95.895272,5.172194],[95.883898,5.181996],[95.892638,5.204224],[95.887408,5.206353],[95.889383,5.211202],[95.891671,5.205856],[95.894903,5.204273],[95.897177,5.204613],[95.903972,5.20783],[95.914667,5.221083],[95.917694,5.218387],[95.923864,5.222677],[95.929112,5.218985]]]}},{"type":"Feature","properties":{"nmkec":"Sakti","nmkab":"Pidie","nmprov":"Aceh","kdkec":"120","kdkab":"09","kodekab":"1109","idkec":"1109120","index":69},"geometry":{"type":"Polygon","coordinates":[[[95.920088,5.286154],[95.921336,5.281653],[95.918766,5.279057],[95.922318,5.273764],[95.925335,5.271485],[95.927162,5.272952],[95.930802,5.2791],[95.935053,5.281896],[95.940707,5.2808],[95.937629,5.27249],[95.934626,5.269711],[95.946361,5.264733],[95.954221,5.275701],[95.957707,5.279281],[95.960721,5.280199],[95.963994,5.280886],[95.960446,5.274051],[95.968127,5.271134],[95.962162,5.263884],[95.952984,5.243795],[95.952803,5.237693],[95.954097,5.22865],[95.952335,5.222603],[95.940157,5.215302],[95.928353,5.205164],[95.926081,5.207091],[95.925687,5.21201],[95.926851,5.215814],[95.929248,5.219229],[95.922051,5.224177],[95.925381,5.22971],[95.927931,5.228643],[95.931059,5.2324],[95.935884,5.240923],[95.934597,5.24474],[95.932954,5.245652],[95.921637,5.245054],[95.916466,5.241304],[95.909772,5.239882],[95.905675,5.24169],[95.904222,5.243342],[95.899705,5.244919],[95.892915,5.250762],[95.896999,5.265404],[95.900643,5.265628],[95.902436,5.266775],[95.903188,5.275377],[95.902485,5.277798],[95.904863,5.285325],[95.913362,5.285047],[95.920088,5.286154]]]}},{"type":"Feature","properties":{"nmkec":"Pidie","nmkab":"Pidie","nmprov":"Aceh","kdkec":"130","kdkab":"09","kodekab":"1109","idkec":"1109130","index":70},"geometry":{"type":"Polygon","coordinates":[[[95.885625,5.307704],[95.886611,5.30653],[95.897643,5.307635],[95.893286,5.298591],[95.896044,5.295991],[95.894173,5.291967],[95.894675,5.288071],[95.888038,5.290859],[95.881512,5.287812],[95.880466,5.285411],[95.88826,5.281429],[95.886477,5.27523],[95.892904,5.269478],[95.898579,5.271139],[95.899606,5.275294],[95.902485,5.277798],[95.903188,5.275377],[95.902436,5.266775],[95.900643,5.265628],[95.89064,5.264804],[95.880995,5.261507],[95.876514,5.257457],[95.87162,5.248795],[95.864774,5.24957],[95.859709,5.251602],[95.858199,5.252675],[95.856967,5.255693],[95.858156,5.26036],[95.85751,5.264375],[95.8484,5.277422],[95.870257,5.302639],[95.872778,5.300729],[95.874534,5.301651],[95.877222,5.307421],[95.885625,5.307704]]]}},{"type":"Feature","properties":{"nmkec":"Padang Tiji","nmkab":"Pidie","nmprov":"Aceh","kdkec":"140","kdkab":"09","kodekab":"1109","idkec":"1109140","index":71},"geometry":{"type":"Polygon","coordinates":[[[95.813657,5.448084],[95.819052,5.444071],[95.827039,5.441703],[95.851427,5.444486],[95.853427,5.441581],[95.854002,5.438785],[95.853178,5.432441],[95.857158,5.432083],[95.858306,5.431151],[95.857194,5.42943],[95.853609,5.427853],[95.853036,5.423731],[95.860279,5.419968],[95.873513,5.405379],[95.881923,5.405663],[95.886794,5.403291],[95.884661,5.395758],[95.885482,5.384997],[95.88747,5.382127],[95.886539,5.380759],[95.886436,5.37024],[95.883903,5.36887],[95.884062,5.358067],[95.878326,5.351579],[95.876929,5.344447],[95.880152,5.335672],[95.879943,5.332618],[95.882812,5.327385],[95.882921,5.323048],[95.879484,5.319256],[95.876218,5.310647],[95.877223,5.306203],[95.874534,5.301651],[95.873136,5.300862],[95.869529,5.303595],[95.869893,5.306053],[95.868698,5.307631],[95.86342,5.309137],[95.859995,5.315648],[95.860747,5.319545],[95.858422,5.3238],[95.855791,5.325696],[95.852694,5.334363],[95.847327,5.344041],[95.839513,5.348375],[95.834715,5.354312],[95.832958,5.354886],[95.831266,5.350791],[95.822952,5.347842],[95.828823,5.353145],[95.830729,5.357566],[95.828592,5.357616],[95.826118,5.359046],[95.826078,5.362117],[95.827413,5.365818],[95.826048,5.37161],[95.82185,5.373821],[95.818733,5.37858],[95.824822,5.390822],[95.822045,5.39245],[95.823694,5.394969],[95.827334,5.395237],[95.825807,5.403398],[95.821586,5.406177],[95.816518,5.407656],[95.813189,5.425917],[95.817057,5.426829],[95.813657,5.448084]]]}},{"type":"Feature","properties":{"nmkec":"Pidie","nmkab":"Pidie","nmprov":"Aceh","kdkec":"140","kdkab":"09","kodekab":"1109","idkec":"1109140","index":72},"geometry":{"type":"Polygon","coordinates":[[[95.803185,5.45415],[95.807467,5.453552],[95.813223,5.450468],[95.817057,5.426829],[95.813189,5.425917],[95.816518,5.407656],[95.821586,5.406177],[95.825807,5.403398],[95.827334,5.395237],[95.823694,5.394969],[95.822045,5.39245],[95.824822,5.390822],[95.818733,5.37858],[95.82185,5.373821],[95.826048,5.37161],[95.827413,5.365818],[95.826078,5.362117],[95.826118,5.359046],[95.828592,5.357616],[95.830729,5.357566],[95.828823,5.353145],[95.822952,5.347842],[95.831266,5.350791],[95.832958,5.354886],[95.834715,5.354312],[95.839513,5.348375],[95.847327,5.344041],[95.852694,5.334363],[95.855791,5.325696],[95.858422,5.3238],[95.860747,5.319545],[95.859995,5.315648],[95.86342,5.309137],[95.868698,5.307631],[95.869893,5.306053],[95.869529,5.303595],[95.870257,5.302639],[95.8484,5.277422],[95.85751,5.264375],[95.858156,5.26036],[95.856794,5.25674],[95.846289,5.25416],[95.835382,5.244108],[95.817548,5.240436],[95.806207,5.252482],[95.800823,5.261473],[95.793149,5.267889],[95.791004,5.273397],[95.791211,5.280506],[95.787051,5.282943],[95.772386,5.286026],[95.765107,5.289467],[95.762668,5.291833],[95.759333,5.297138],[95.758041,5.302442],[95.760192,5.304951],[95.767184,5.30574],[95.768115,5.308392],[95.766537,5.311331],[95.762521,5.314414],[95.75327,5.314378],[95.749577,5.316133],[95.748318,5.318034],[95.747149,5.328269],[95.747344,5.337573],[95.751867,5.346027],[95.75018,5.353518],[95.753299,5.358142],[95.756454,5.359719],[95.759286,5.362909],[95.760289,5.366063],[95.756128,5.379253],[95.757919,5.390365],[95.76387,5.394701],[95.765214,5.401279],[95.763746,5.4051],[95.758597,5.407211],[95.754509,5.411297],[95.753217,5.415777],[95.753647,5.419827],[95.760996,5.425884],[95.768436,5.429549],[95.772121,5.428863],[95.779962,5.435167],[95.780785,5.441583],[95.77861,5.442348],[95.778092,5.445517],[95.780525,5.448782],[95.789873,5.452497],[95.803185,5.45415]]]}},{"type":"Feature","properties":{"nmkec":"Peukan Baro","nmkab":"Pidie","nmprov":"Aceh","kdkec":"170","kdkab":"09","kodekab":"1109","idkec":"1109170","index":73},"geometry":{"type":"Polygon","coordinates":[[[95.966265,5.351357],[95.97132,5.348357],[95.971932,5.350109],[95.976186,5.346725],[95.975174,5.324922],[95.98288,5.320145],[95.983714,5.317054],[95.983213,5.31545],[95.975311,5.306058],[95.97539,5.304856],[95.968894,5.294087],[95.964545,5.290717],[95.948641,5.296063],[95.945719,5.289342],[95.943213,5.290493],[95.946529,5.297435],[95.946698,5.30252],[95.952163,5.310795],[95.957398,5.309517],[95.956615,5.307982],[95.961507,5.307326],[95.96313,5.308886],[95.964959,5.315039],[95.958434,5.322875],[95.94791,5.317864],[95.945323,5.318471],[95.949636,5.332911],[95.94773,5.339108],[95.949558,5.344767],[95.948254,5.347953],[95.951556,5.346802],[95.95884,5.347094],[95.961027,5.351079],[95.966265,5.351357]]]}},{"type":"Feature","properties":{"nmkec":"Kembang Tanjong","nmkab":"Pidie","nmprov":"Aceh","kdkec":"180","kdkab":"09","kodekab":"1109","idkec":"1109180","index":74},"geometry":{"type":"Polygon","coordinates":[[[96.034096,5.335235],[96.051302,5.324695],[96.06536,5.304552],[96.073661,5.296664],[96.082625,5.291768],[96.102792,5.28747],[96.104821,5.285835],[96.104916,5.282563],[96.084309,5.287699],[96.057861,5.300684],[96.053832,5.300275],[96.044142,5.294725],[96.036837,5.293602],[96.021691,5.293027],[96.019558,5.294266],[96.020044,5.297105],[96.011897,5.300092],[96.009952,5.298556],[96.009722,5.297178],[96.000997,5.299589],[95.992964,5.291028],[95.987634,5.294127],[95.995609,5.307216],[95.993277,5.311926],[95.993823,5.313387],[95.990483,5.313216],[95.987802,5.319328],[95.990805,5.323089],[96.000238,5.325179],[96.002177,5.322173],[96.005264,5.320729],[96.011553,5.328661],[96.019906,5.330938],[96.02329,5.333361],[96.025723,5.340862],[96.026848,5.340912],[96.034096,5.335235]]]}},{"type":"Feature","properties":{"nmkec":"Pidie","nmkab":"Pidie","nmprov":"Aceh","kdkec":"230","kdkab":"09","kodekab":"1109","idkec":"1109230","index":75},"geometry":{"type":"MultiPolygon","coordinates":[[[[95.777178,5.532802],[95.777156,5.526799],[95.783251,5.527281],[95.788566,5.524271],[95.800023,5.523474],[95.802946,5.52734],[95.80327,5.532688],[95.812856,5.532529],[95.81364,5.52993],[95.819489,5.52845],[95.82357,5.525273],[95.827324,5.521377],[95.825896,5.519411],[95.83097,5.507983],[95.835828,5.502066],[95.83221,5.497234],[95.835721,5.490483],[95.835184,5.483952],[95.828563,5.46849],[95.816083,5.473307],[95.807712,5.473775],[95.803185,5.45415],[95.789873,5.452497],[95.78189,5.449481],[95.7784,5.44678],[95.77861,5.442348],[95.77011,5.446527],[95.765805,5.442785],[95.760978,5.444394],[95.759573,5.454368],[95.753471,5.460509],[95.753262,5.464448],[95.755819,5.471195],[95.754539,5.478022],[95.749839,5.479948],[95.745788,5.479832],[95.742845,5.480868],[95.732862,5.487924],[95.72499,5.497176],[95.724842,5.499367],[95.731012,5.503555],[95.735558,5.508199],[95.737345,5.513321],[95.736642,5.515713],[95.729636,5.519564],[95.725284,5.523507],[95.724052,5.52747],[95.723973,5.532281],[95.728267,5.549043],[95.730218,5.551563],[95.742706,5.559086],[95.745723,5.568995],[95.766911,5.558976],[95.781494,5.549551],[95.792381,5.545857],[95.782539,5.542913],[95.778713,5.540074],[95.777178,5.532802]]],[[[95.888387,5.502427],[95.893584,5.482537],[95.890729,5.461633],[95.88157,5.462512],[95.870992,5.469538],[95.866833,5.469],[95.858945,5.464233],[95.855432,5.460542],[95.848928,5.447106],[95.851427,5.444486],[95.829014,5.442052],[95.831574,5.447927],[95.834613,5.450498],[95.838394,5.449956],[95.839435,5.451646],[95.837923,5.458329],[95.843971,5.471577],[95.844633,5.476439],[95.844742,5.483516],[95.842776,5.499433],[95.843705,5.503946],[95.854265,5.502422],[95.854345,5.498217],[95.871342,5.501228],[95.874764,5.505035],[95.875255,5.511609],[95.888387,5.502427]]]]}},{"type":"Feature","properties":{"nmkec":"Simpang Mamplam","nmkab":"Bireuen","nmprov":"Aceh","kdkec":"011","kdkab":"10","kodekab":"1110","idkec":"1110011","index":76},"geometry":{"type":"Polygon","coordinates":[[[96.477239,5.225542],[96.480444,5.213001],[96.483618,5.2103],[96.482454,5.208235],[96.479258,5.207609],[96.477424,5.201883],[96.474961,5.19909],[96.468437,5.203232],[96.462843,5.202659],[96.44753,5.193943],[96.445457,5.189265],[96.439287,5.183833],[96.436646,5.16588],[96.430113,5.155674],[96.431453,5.149301],[96.43587,5.147832],[96.442331,5.147586],[96.437955,5.131601],[96.437106,5.11963],[96.433503,5.100721],[96.423752,5.063543],[96.421378,5.027564],[96.410828,4.978888],[96.400019,4.942496],[96.379059,4.932191],[96.372332,4.93115],[96.369711,4.932922],[96.368578,4.936871],[96.371459,4.944518],[96.383175,5.012861],[96.384625,5.0396],[96.389993,5.062811],[96.390068,5.07728],[96.379794,5.119428],[96.379895,5.144854],[96.376902,5.145171],[96.375873,5.144463],[96.371144,5.147456],[96.36413,5.163063],[96.378621,5.181985],[96.380027,5.186356],[96.37445,5.189991],[96.372337,5.19283],[96.368493,5.193944],[96.370228,5.196627],[96.372653,5.196896],[96.378778,5.203044],[96.381332,5.213189],[96.388214,5.210938],[96.397484,5.209521],[96.405525,5.211064],[96.432567,5.219968],[96.464051,5.236881],[96.468472,5.235665],[96.475871,5.227482],[96.477239,5.225542]]]}},{"type":"Feature","properties":{"nmkec":"Pandrah","nmkab":"Bireuen","nmprov":"Aceh","kdkec":"020","kdkab":"10","kodekab":"1110","idkec":"1110020","index":77},"geometry":{"type":"Polygon","coordinates":[[[96.48794,5.207765],[96.486761,5.205307],[96.489496,5.203467],[96.489329,5.202529],[96.485187,5.197249],[96.483352,5.190014],[96.480689,5.185082],[96.480667,5.177494],[96.481012,5.175854],[96.482534,5.1748],[96.480477,5.167752],[96.477971,5.168304],[96.471029,5.160735],[96.462945,5.161906],[96.463186,5.160127],[96.466135,5.159549],[96.467325,5.157991],[96.465443,5.151448],[96.466023,5.145397],[96.473952,5.145499],[96.473908,5.137337],[96.464992,5.105819],[96.457332,5.063331],[96.435004,4.974445],[96.425683,4.947309],[96.425538,4.939984],[96.420689,4.941425],[96.399207,4.942139],[96.400019,4.942496],[96.410828,4.978888],[96.421071,5.025729],[96.423752,5.063543],[96.433503,5.100721],[96.437106,5.11963],[96.437955,5.131601],[96.442331,5.147586],[96.43587,5.147832],[96.431453,5.149301],[96.430113,5.155674],[96.436646,5.16588],[96.439287,5.183833],[96.445457,5.189265],[96.44753,5.193943],[96.462843,5.202659],[96.468437,5.203232],[96.474961,5.19909],[96.477424,5.201883],[96.479258,5.207609],[96.482454,5.208235],[96.483618,5.2103],[96.48794,5.207765]]]}},{"type":"Feature","properties":{"nmkec":"Peulimbang","nmkab":"Bireuen","nmprov":"Aceh","kdkec":"031","kdkab":"10","kodekab":"1110","idkec":"1110031","index":78},"geometry":{"type":"Polygon","coordinates":[[[96.556749,5.200539],[96.555822,5.196448],[96.557863,5.18491],[96.558641,5.16775],[96.555284,5.154715],[96.556268,5.151392],[96.556048,5.148009],[96.547899,5.139237],[96.553434,5.137019],[96.546665,5.128228],[96.544955,5.121947],[96.545478,5.115496],[96.549551,5.113571],[96.549972,5.110928],[96.548846,5.109382],[96.544116,5.108949],[96.540602,5.112734],[96.539463,5.108537],[96.537534,5.105868],[96.535618,5.107437],[96.534114,5.106883],[96.529025,5.097429],[96.527958,5.092829],[96.524023,5.087251],[96.523523,5.080911],[96.524873,5.080029],[96.523448,5.076136],[96.520367,5.074366],[96.5149,5.068554],[96.513635,5.065377],[96.513685,5.057981],[96.510757,5.049412],[96.511463,5.042616],[96.512564,5.040296],[96.512397,5.036487],[96.508582,5.032784],[96.509669,5.012915],[96.501542,5.000799],[96.499939,4.974671],[96.491506,4.930077],[96.48864,4.890745],[96.472849,4.892019],[96.466779,4.894834],[96.463116,4.910649],[96.46156,4.913924],[96.45023,4.924527],[96.465762,4.961372],[96.48242,5.008223],[96.483164,5.033822],[96.486983,5.047286],[96.493797,5.065976],[96.496414,5.070212],[96.500998,5.07331],[96.500846,5.081263],[96.505452,5.081592],[96.507334,5.08468],[96.507955,5.092393],[96.509874,5.09525],[96.508702,5.098597],[96.505758,5.098061],[96.5038,5.099114],[96.505349,5.102255],[96.510258,5.105421],[96.516174,5.11345],[96.518147,5.120809],[96.517708,5.121614],[96.51472,5.121196],[96.511796,5.122517],[96.514789,5.125238],[96.513963,5.130975],[96.513121,5.131702],[96.512127,5.130302],[96.511502,5.131037],[96.512149,5.134187],[96.513557,5.135754],[96.515434,5.135317],[96.518018,5.137929],[96.521095,5.146549],[96.522377,5.1474],[96.523177,5.153399],[96.526419,5.156255],[96.527808,5.159226],[96.524056,5.163891],[96.518654,5.179124],[96.515866,5.180629],[96.513691,5.18834],[96.514241,5.190335],[96.518429,5.188834],[96.522936,5.19247],[96.521946,5.196118],[96.524125,5.199433],[96.527901,5.198176],[96.531882,5.198349],[96.555499,5.20212],[96.556749,5.200539]]]}},{"type":"Feature","properties":{"nmkec":"Peudada","nmkab":"Bireuen","nmprov":"Aceh","kdkec":"040","kdkab":"10","kodekab":"1110","idkec":"1110040","index":79},"geometry":{"type":"Polygon","coordinates":[[[96.635414,5.211318],[96.634314,5.208549],[96.635032,5.20275],[96.63881,5.19422],[96.635291,5.179829],[96.639939,5.168581],[96.641686,5.16147],[96.64123,5.147998],[96.639349,5.141228],[96.636504,5.136041],[96.633557,5.132432],[96.630077,5.130968],[96.628329,5.103155],[96.623223,5.078547],[96.614266,5.063815],[96.610356,5.05365],[96.603865,5.044757],[96.600147,5.032137],[96.594336,5.021592],[96.594325,5.019669],[96.603625,5.010724],[96.603352,5.004716],[96.598049,4.999216],[96.598478,4.990079],[96.595561,4.982643],[96.595749,4.973027],[96.599309,4.966517],[96.606944,4.960225],[96.610489,4.950014],[96.609356,4.948155],[96.604294,4.947177],[96.602066,4.944424],[96.601494,4.940906],[96.598849,4.939293],[96.592443,4.939342],[96.583262,4.941346],[96.575483,4.947096],[96.539184,4.934001],[96.524763,4.917629],[96.516137,4.901827],[96.511788,4.899285],[96.50712,4.892541],[96.499664,4.889022],[96.494218,4.89091],[96.48864,4.890745],[96.491506,4.930077],[96.499939,4.974671],[96.501542,5.000799],[96.509669,5.012915],[96.508582,5.032784],[96.512397,5.036487],[96.512564,5.040296],[96.511463,5.042616],[96.510757,5.049412],[96.513685,5.057981],[96.513635,5.065377],[96.5149,5.068554],[96.520367,5.074366],[96.523448,5.076136],[96.524873,5.080029],[96.523523,5.080911],[96.524023,5.087251],[96.527958,5.092829],[96.529025,5.097429],[96.534114,5.106883],[96.535618,5.107437],[96.537534,5.105868],[96.539463,5.108537],[96.540602,5.112734],[96.544116,5.108949],[96.548846,5.109382],[96.550315,5.112362],[96.545478,5.115496],[96.544955,5.121947],[96.546665,5.128228],[96.553434,5.137019],[96.547899,5.139237],[96.556048,5.148009],[96.556268,5.151392],[96.555284,5.154715],[96.558294,5.16462],[96.557863,5.18491],[96.555822,5.196448],[96.556749,5.200539],[96.555499,5.20212],[96.570237,5.206467],[96.578671,5.210013],[96.615403,5.210445],[96.637826,5.213457],[96.635414,5.211318]]]}},{"type":"Feature","properties":{"nmkec":"Jeumpa","nmkab":"Bireuen","nmprov":"Aceh","kdkec":"060","kdkab":"10","kodekab":"1110","idkec":"1110060","index":80},"geometry":{"type":"Polygon","coordinates":[[[96.690154,5.224841],[96.686969,5.223254],[96.68618,5.217008],[96.692413,5.215834],[96.692947,5.213899],[96.689866,5.213924],[96.689771,5.204487],[96.685632,5.203467],[96.684974,5.199808],[96.686919,5.188576],[96.688456,5.188926],[96.690558,5.187189],[96.690015,5.184149],[96.687339,5.1794],[96.688079,5.17805],[96.693027,5.178589],[96.693203,5.169149],[96.690047,5.165914],[96.684309,5.167328],[96.683106,5.152595],[96.681423,5.150227],[96.667784,5.149928],[96.668556,5.147673],[96.666742,5.138551],[96.661595,5.132475],[96.653229,5.129208],[96.653746,5.120975],[96.649451,5.112073],[96.654762,5.109586],[96.65596,5.106887],[96.655498,5.100735],[96.660989,5.091678],[96.666071,5.091843],[96.667834,5.090318],[96.666913,5.088066],[96.660524,5.084452],[96.658703,5.079303],[96.658995,5.07598],[96.654298,5.069187],[96.655401,5.0643],[96.662082,5.058769],[96.662817,5.055133],[96.659379,5.050936],[96.657001,5.04595],[96.658278,5.040022],[96.65305,5.033632],[96.601463,5.035302],[96.603865,5.044757],[96.610356,5.05365],[96.614266,5.063815],[96.623223,5.078547],[96.628329,5.103155],[96.630077,5.130968],[96.633557,5.132432],[96.636504,5.136041],[96.639349,5.141228],[96.64123,5.147998],[96.641686,5.16147],[96.639939,5.168581],[96.635291,5.179829],[96.63881,5.19422],[96.635032,5.20275],[96.634314,5.208549],[96.635414,5.211318],[96.637826,5.213457],[96.667019,5.222276],[96.691018,5.232901],[96.690154,5.224841]]]}},{"type":"Feature","properties":{"nmkec":"Kota Juang","nmkab":"Bireuen","nmprov":"Aceh","kdkec":"061","kdkab":"10","kodekab":"1110","idkec":"1110061","index":81},"geometry":{"type":"Polygon","coordinates":[[[96.710515,5.217184],[96.724165,5.213972],[96.729549,5.217547],[96.72876,5.210026],[96.729142,5.209232],[96.732315,5.208901],[96.73402,5.204445],[96.733723,5.202374],[96.727209,5.202084],[96.727411,5.199316],[96.740374,5.201677],[96.738605,5.197046],[96.735079,5.196694],[96.733896,5.195654],[96.733597,5.189707],[96.735783,5.184484],[96.73703,5.178037],[96.735025,5.160834],[96.732755,5.157768],[96.728728,5.157239],[96.728209,5.16731],[96.726695,5.17132],[96.725994,5.178481],[96.724363,5.182084],[96.714478,5.187195],[96.710383,5.191961],[96.702411,5.194812],[96.693909,5.178818],[96.688079,5.17805],[96.687339,5.1794],[96.690015,5.184149],[96.690558,5.187189],[96.688456,5.188926],[96.686919,5.188576],[96.684974,5.199808],[96.685632,5.203467],[96.689771,5.204487],[96.689866,5.213924],[96.692947,5.213899],[96.69298,5.211789],[96.693764,5.211749],[96.695209,5.21196],[96.697265,5.214562],[96.710515,5.217184]]]}},{"type":"Feature","properties":{"nmkec":"Jangka","nmkab":"Bireuen","nmprov":"Aceh","kdkec":"070","kdkab":"10","kodekab":"1110","idkec":"1110070","index":82},"geometry":{"type":"Polygon","coordinates":[[[96.859707,5.274917],[96.85623,5.265503],[96.849767,5.254378],[96.846239,5.256071],[96.840485,5.254656],[96.837158,5.251413],[96.829237,5.248671],[96.827815,5.242485],[96.820312,5.241705],[96.809545,5.243606],[96.806884,5.232484],[96.810593,5.232743],[96.806571,5.225827],[96.797771,5.222103],[96.795415,5.220065],[96.792908,5.220674],[96.792236,5.222264],[96.792832,5.223994],[96.79148,5.227169],[96.783571,5.227696],[96.782714,5.22685],[96.783347,5.222217],[96.78533,5.221549],[96.783815,5.215454],[96.772186,5.220541],[96.768118,5.223566],[96.769092,5.227212],[96.767284,5.231675],[96.759232,5.23581],[96.754306,5.240246],[96.753994,5.24246],[96.745025,5.246818],[96.740282,5.247223],[96.739231,5.244823],[96.732782,5.247491],[96.733097,5.249088],[96.738656,5.24915],[96.776801,5.257786],[96.78931,5.261744],[96.802423,5.268632],[96.814629,5.2725],[96.826739,5.274871],[96.84427,5.275421],[96.850469,5.276921],[96.859707,5.274917]]]}},{"type":"Feature","properties":{"nmkec":"Peusangan Selatan","nmkab":"Bireuen","nmprov":"Aceh","kdkec":"081","kdkab":"10","kodekab":"1110","idkec":"1110081","index":83},"geometry":{"type":"Polygon","coordinates":[[[96.788445,5.179521],[96.801431,5.181745],[96.800295,5.180034],[96.800098,5.177159],[96.802501,5.174254],[96.802723,5.17175],[96.801247,5.169301],[96.796857,5.166908],[96.794834,5.164297],[96.792625,5.152684],[96.788397,5.142012],[96.788228,5.136494],[96.784208,5.133985],[96.778247,5.13432],[96.777375,5.133605],[96.776355,5.128119],[96.777334,5.127682],[96.774166,5.117048],[96.776014,5.114056],[96.774162,5.10951],[96.776926,5.102844],[96.780872,5.10224],[96.782333,5.096523],[96.791497,5.09836],[96.794682,5.095069],[96.795801,5.087559],[96.795587,5.07144],[96.799907,5.066396],[96.807199,5.061348],[96.808722,5.049128],[96.810966,5.043839],[96.809764,5.033182],[96.810873,5.029954],[96.809463,5.023826],[96.805457,5.018377],[96.811146,5.011887],[96.812748,5.003233],[96.809383,4.99538],[96.810986,4.981277],[96.805857,4.972462],[96.806828,4.967065],[96.794376,4.950366],[96.790183,4.947082],[96.785982,4.942061],[96.781258,4.943457],[96.777046,4.947965],[96.764088,4.957745],[96.742861,4.966614],[96.731764,4.969576],[96.73979,5.015581],[96.737135,5.026567],[96.737601,5.044087],[96.739703,5.081449],[96.742767,5.095018],[96.735181,5.097771],[96.732304,5.09725],[96.730885,5.095931],[96.729293,5.097138],[96.727299,5.118221],[96.728581,5.119598],[96.734326,5.120105],[96.737046,5.121824],[96.73884,5.12912],[96.738385,5.130167],[96.73482,5.13047],[96.735171,5.134351],[96.742781,5.138085],[96.743705,5.146357],[96.746752,5.147137],[96.752328,5.145149],[96.753472,5.146808],[96.755411,5.151554],[96.755404,5.155939],[96.753907,5.160086],[96.754801,5.165579],[96.773703,5.165879],[96.779132,5.172859],[96.777892,5.178081],[96.778935,5.179299],[96.784077,5.180105],[96.788445,5.179521]]]}},{"type":"Feature","properties":{"nmkec":"Peusangan Siblah Krueng","nmkab":"Bireuen","nmprov":"Aceh","kdkec":"082","kdkab":"10","kodekab":"1110","idkec":"1110082","index":84},"geometry":{"type":"Polygon","coordinates":[[[96.823928,5.189016],[96.826684,5.186853],[96.828604,5.181059],[96.839542,5.162123],[96.839167,5.160352],[96.835287,5.156973],[96.83462,5.150473],[96.830311,5.144461],[96.82808,5.147299],[96.826179,5.147726],[96.824563,5.143411],[96.8153,5.139403],[96.814737,5.134544],[96.816304,5.130294],[96.821611,5.122072],[96.817111,5.106921],[96.816534,5.10168],[96.821193,5.099507],[96.833138,5.091269],[96.834848,5.078993],[96.827684,5.074352],[96.821297,5.071793],[96.82589,5.061404],[96.827202,5.053732],[96.823904,5.049493],[96.818626,5.038432],[96.81771,5.009318],[96.818765,5.005463],[96.816585,4.989539],[96.814592,4.982494],[96.806828,4.967065],[96.805857,4.972462],[96.810986,4.981277],[96.809383,4.99538],[96.812748,5.003233],[96.811146,5.011887],[96.805457,5.018377],[96.809463,5.023826],[96.810873,5.029954],[96.809764,5.033182],[96.810966,5.043839],[96.808722,5.049128],[96.807199,5.061348],[96.799907,5.066396],[96.795587,5.07144],[96.795801,5.087559],[96.794682,5.095069],[96.791497,5.09836],[96.782333,5.096523],[96.780872,5.10224],[96.776926,5.102844],[96.775567,5.105304],[96.774162,5.10951],[96.776014,5.114056],[96.774166,5.117048],[96.777334,5.127682],[96.776355,5.128119],[96.777375,5.133605],[96.778247,5.13432],[96.784208,5.133985],[96.788228,5.136494],[96.788397,5.142012],[96.792625,5.152684],[96.794834,5.164297],[96.796857,5.166908],[96.801247,5.169301],[96.802723,5.17175],[96.802501,5.174254],[96.800098,5.177159],[96.800645,5.180668],[96.803738,5.183376],[96.8067,5.184364],[96.808464,5.183847],[96.810756,5.181376],[96.812913,5.181126],[96.818253,5.187215],[96.819184,5.190305],[96.823928,5.189016]]]}},{"type":"Feature","properties":{"nmkec":"Makmur","nmkab":"Bireuen","nmprov":"Aceh","kdkec":"090","kdkab":"10","kodekab":"1110","idkec":"1110090","index":85},"geometry":{"type":"Polygon","coordinates":[[[96.868488,5.218622],[96.875732,5.217569],[96.877686,5.216063],[96.884011,5.202238],[96.884839,5.19831],[96.8838,5.187014],[96.891213,5.180602],[96.891736,5.171506],[96.889869,5.16537],[96.891086,5.1524],[96.888354,5.147782],[96.885036,5.146327],[96.877828,5.131991],[96.873664,5.120381],[96.868595,5.119159],[96.867131,5.111642],[96.860447,5.10265],[96.862418,5.099207],[96.859455,5.095099],[96.84489,5.083945],[96.834848,5.078993],[96.833138,5.091269],[96.821193,5.099507],[96.816534,5.10168],[96.817111,5.106921],[96.821611,5.122072],[96.816304,5.130294],[96.814737,5.134544],[96.8153,5.139403],[96.824563,5.143411],[96.826179,5.147726],[96.82808,5.147299],[96.830311,5.144461],[96.83462,5.150473],[96.835287,5.156973],[96.838465,5.160314],[96.844155,5.159778],[96.856416,5.166646],[96.863174,5.174971],[96.865188,5.179035],[96.865682,5.19246],[96.86347,5.195742],[96.864221,5.19999],[96.862562,5.21123],[96.864663,5.21665],[96.868488,5.218622]]]}},{"type":"Feature","properties":{"nmkec":"Sawang","nmkab":"Aceh Utara","nmprov":"Aceh","kdkec":"010","kdkab":"11","kodekab":"1111","idkec":"1111010","index":86},"geometry":{"type":"MultiPolygon","coordinates":[[[[96.929751,5.231771],[96.928347,5.227344],[96.92905,5.225695],[96.934112,5.22451],[96.938555,5.222118],[96.939502,5.216524],[96.945348,5.217664],[96.944205,5.218985],[96.94722,5.221349],[96.949484,5.221597],[96.963028,5.229484],[96.980642,5.231557],[96.986596,5.229685],[96.985674,5.222434],[96.984419,5.222724],[96.981276,5.21715],[96.976626,5.216022],[96.97387,5.2174],[96.971344,5.212314],[96.972334,5.211563],[96.964296,5.205753],[96.960636,5.19809],[96.953088,5.194235],[96.941929,5.196411],[96.941844,5.181556],[96.943467,5.175426],[96.948973,5.17266],[96.950617,5.170605],[96.951295,5.158066],[96.946706,5.158013],[96.948345,5.142667],[96.952957,5.142141],[96.953192,5.140144],[96.94709,5.111702],[96.944823,5.10652],[96.944263,5.094599],[96.94235,5.092208],[96.940438,5.091411],[96.937449,5.092827],[96.935159,5.081839],[96.934838,5.076359],[96.935827,5.073251],[96.946549,5.058165],[96.938926,5.040389],[96.936488,5.030193],[96.935065,5.027523],[96.933522,5.028134],[96.929771,5.024535],[96.927703,5.019792],[96.927095,5.011279],[96.928919,5.005563],[96.931473,5.000334],[96.93839,4.993155],[96.934895,4.976908],[96.932471,4.968587],[96.925969,4.964295],[96.908298,4.960231],[96.908459,4.957655],[96.900529,4.949725],[96.893532,4.936198],[96.8898,4.922203],[96.872541,4.904011],[96.839089,4.894521],[96.826429,4.910394],[96.819331,4.913727],[96.80874,4.921622],[96.803887,4.931721],[96.801038,4.934557],[96.785982,4.942061],[96.799393,4.956415],[96.808354,4.969092],[96.814592,4.982494],[96.816585,4.989539],[96.818765,5.005463],[96.81771,5.009318],[96.818626,5.038432],[96.823904,5.049493],[96.827202,5.053732],[96.82589,5.061404],[96.821297,5.071793],[96.827684,5.074352],[96.837329,5.080483],[96.84489,5.083945],[96.859455,5.095099],[96.862418,5.099207],[96.860447,5.10265],[96.867131,5.111642],[96.868595,5.119159],[96.873664,5.120381],[96.877828,5.131991],[96.885036,5.146327],[96.888354,5.147782],[96.890604,5.150681],[96.889869,5.16537],[96.891736,5.171506],[96.891213,5.180602],[96.896596,5.179618],[96.900272,5.18482],[96.907419,5.188416],[96.910501,5.194987],[96.914631,5.19789],[96.917832,5.202116],[96.917574,5.207058],[96.922552,5.208369],[96.925277,5.211025],[96.924398,5.21318],[96.920024,5.210855],[96.916239,5.21309],[96.916049,5.215053],[96.912503,5.214347],[96.910985,5.215045],[96.91148,5.217066],[96.916226,5.218263],[96.916884,5.222727],[96.909277,5.221755],[96.911128,5.2244],[96.912921,5.222986],[96.91453,5.224395],[96.913899,5.229862],[96.922288,5.229603],[96.924292,5.232947],[96.92599,5.23392],[96.929751,5.231771]]],[[[96.964515,5.230578],[96.964533,5.230411],[96.964501,5.230574],[96.964515,5.230578]]]]}},{"type":"Feature","properties":{"nmkec":"Syamtalira Bayu","nmkab":"Aceh Utara","nmprov":"Aceh","kdkec":"040","kdkab":"11","kodekab":"1111","idkec":"1111040","index":87},"geometry":{"type":"Polygon","coordinates":[[[97.20212,5.142529],[97.197193,5.139837],[97.192768,5.134625],[97.192562,5.130735],[97.19711,5.129576],[97.199658,5.124072],[97.201282,5.11292],[97.202509,5.112265],[97.200935,5.103391],[97.195104,5.102746],[97.194865,5.101261],[97.194476,5.087566],[97.196905,5.078739],[97.196765,5.074106],[97.193345,5.071097],[97.194515,5.055942],[97.191728,5.045647],[97.192674,5.035821],[97.19092,5.033849],[97.175999,5.025754],[97.170005,5.024505],[97.168222,5.027871],[97.165847,5.029756],[97.173016,5.048709],[97.17516,5.059481],[97.173771,5.063266],[97.170061,5.064493],[97.149304,5.058087],[97.152706,5.065405],[97.153153,5.069265],[97.152487,5.082344],[97.151059,5.086838],[97.156336,5.083704],[97.175132,5.082687],[97.179365,5.083701],[97.176841,5.092052],[97.176838,5.096997],[97.17327,5.10148],[97.173537,5.104933],[97.17559,5.109425],[97.176423,5.117251],[97.176445,5.130865],[97.175046,5.134149],[97.176392,5.13854],[97.176214,5.142228],[97.188183,5.141246],[97.20212,5.142529]]]}},{"type":"Feature","properties":{"nmkec":"Meurah Mulia","nmkab":"Aceh Utara","nmprov":"Aceh","kdkec":"050","kdkab":"11","kodekab":"1111","idkec":"1111050","index":88},"geometry":{"type":"Polygon","coordinates":[[[97.207885,5.111777],[97.21182,5.101352],[97.223294,5.092895],[97.227945,5.077159],[97.225815,5.056713],[97.223666,5.048634],[97.223646,5.042859],[97.221214,5.037016],[97.217509,5.037186],[97.215176,5.035302],[97.213556,5.029165],[97.209817,5.024845],[97.207032,5.023953],[97.203767,5.026602],[97.200134,5.025868],[97.191647,5.01868],[97.186265,5.017776],[97.18303,5.015955],[97.178495,5.010808],[97.178891,5.01002],[97.170466,5.010639],[97.15968,4.992578],[97.150866,4.990599],[97.141368,4.991956],[97.148151,5.001261],[97.150021,5.002883],[97.154489,5.004218],[97.154808,5.007013],[97.158242,5.007361],[97.15581,5.010807],[97.153592,5.009427],[97.154321,5.013819],[97.151333,5.016076],[97.155211,5.020574],[97.158299,5.02102],[97.159003,5.019908],[97.159826,5.02197],[97.159195,5.026919],[97.160757,5.028984],[97.165847,5.029756],[97.168222,5.027871],[97.170005,5.024505],[97.175999,5.025754],[97.19092,5.033849],[97.192674,5.035821],[97.191728,5.045647],[97.194515,5.055942],[97.193345,5.071097],[97.196765,5.074106],[97.196905,5.078739],[97.194476,5.087566],[97.195104,5.102746],[97.200935,5.103391],[97.202509,5.112265],[97.207885,5.111777]]]}},{"type":"Feature","properties":{"nmkec":"Paya Bakong","nmkab":"Aceh Utara","nmprov":"Aceh","kdkec":"061","kdkab":"11","kodekab":"1111","idkec":"1111061","index":89},"geometry":{"type":"Polygon","coordinates":[[[97.248549,5.019826],[97.255878,5.011931],[97.250126,5.003439],[97.252553,5.001919],[97.251799,4.991944],[97.253728,4.993048],[97.258591,4.98904],[97.252499,4.984781],[97.246854,4.983767],[97.245284,4.982416],[97.244356,4.979373],[97.260442,4.967723],[97.272606,4.965921],[97.272762,4.963025],[97.269903,4.962564],[97.270202,4.953549],[97.272286,4.950444],[97.279181,4.948145],[97.288303,4.948187],[97.29983,4.912348],[97.322301,4.888889],[97.323631,4.883735],[97.323631,4.87841],[97.32249,4.873846],[97.316975,4.86833],[97.307375,4.863616],[97.306968,4.86448],[97.296435,4.866308],[97.280698,4.873669],[97.258855,4.894614],[97.257789,4.867486],[97.251546,4.872109],[97.240278,4.874792],[97.232034,4.881691],[97.228426,4.881337],[97.223229,4.882701],[97.180916,4.89586],[97.17009,4.899604],[97.148673,4.910878],[97.14365,4.912786],[97.139493,4.912925],[97.140549,4.917553],[97.143856,4.919429],[97.148892,4.933867],[97.161275,4.945611],[97.162345,4.951294],[97.164292,4.954054],[97.167849,4.956074],[97.175329,4.955221],[97.187084,4.961224],[97.189797,4.96116],[97.192256,4.962598],[97.194465,4.967438],[97.197721,4.969855],[97.206238,4.968539],[97.206959,4.969577],[97.206463,4.973089],[97.209518,4.975229],[97.214682,4.973958],[97.217372,4.974525],[97.216966,4.979235],[97.224799,4.980529],[97.223637,4.982983],[97.220386,4.983004],[97.22229,4.986112],[97.224218,4.986825],[97.227425,4.985869],[97.22924,4.987214],[97.228997,4.988688],[97.226868,4.990686],[97.225286,4.989969],[97.224502,4.987098],[97.221528,4.988729],[97.223015,4.995894],[97.22281,4.997659],[97.221681,4.997836],[97.221174,4.999082],[97.222266,5.0035],[97.224808,5.003034],[97.22559,5.007418],[97.229993,5.006572],[97.235917,5.014136],[97.237172,5.021348],[97.236331,5.023348],[97.248549,5.019826]]]}},{"type":"Feature","properties":{"nmkec":"Pirak Timu","nmkab":"Aceh Utara","nmprov":"Aceh","kdkec":"062","kdkab":"11","kodekab":"1111","idkec":"1111062","index":90},"geometry":{"type":"Polygon","coordinates":[[[97.301291,5.02371],[97.313441,5.02399],[97.318898,5.017661],[97.319126,5.015965],[97.31426,5.009563],[97.314484,4.996319],[97.312227,4.99274],[97.310358,4.985242],[97.307781,4.980021],[97.293768,4.969287],[97.29024,4.964196],[97.28915,4.961585],[97.288008,4.948169],[97.27535,4.948912],[97.272286,4.950444],[97.270202,4.953549],[97.26991,4.962878],[97.272762,4.963025],[97.272606,4.965921],[97.260442,4.967723],[97.251796,4.9733],[97.244256,4.979557],[97.245284,4.982416],[97.246854,4.983767],[97.252499,4.984781],[97.25851,4.988367],[97.258166,4.989946],[97.260351,4.988554],[97.262171,4.992489],[97.261073,4.995678],[97.262659,4.998064],[97.265231,4.9996],[97.267134,4.999388],[97.272733,5.002627],[97.271044,5.003483],[97.272863,5.005627],[97.278875,5.007254],[97.278174,5.014787],[97.279638,5.01669],[97.28527,5.020843],[97.300492,5.02461],[97.301291,5.02371]]]}},{"type":"Feature","properties":{"nmkec":"Cot Girek","nmkab":"Aceh Utara","nmprov":"Aceh","kdkec":"070","kdkab":"11","kodekab":"1111","idkec":"1111070","index":91},"geometry":{"type":"Polygon","coordinates":[[[97.314497,4.996323],[97.331185,4.996155],[97.330604,4.991751],[97.331472,4.98737],[97.340439,4.969997],[97.350299,4.956558],[97.349805,4.954536],[97.354894,4.957698],[97.345425,4.971367],[97.35043,4.975961],[97.35391,4.976702],[97.356637,4.975489],[97.358194,4.972672],[97.367745,4.968262],[97.372781,4.963563],[97.380713,4.96889],[97.396309,4.984466],[97.418629,4.960465],[97.440211,4.970525],[97.452008,4.951638],[97.454594,4.949527],[97.459033,4.94782],[97.458313,4.946028],[97.451129,4.939041],[97.445757,4.931324],[97.440235,4.929005],[97.436623,4.919195],[97.432641,4.92437],[97.42693,4.9231],[97.425325,4.904624],[97.412858,4.894333],[97.412724,4.890058],[97.409034,4.886692],[97.402789,4.883194],[97.399217,4.876604],[97.386745,4.872307],[97.370424,4.872063],[97.36359,4.783636],[97.360495,4.782618],[97.356096,4.777437],[97.356384,4.77193],[97.35484,4.770997],[97.3534,4.771502],[97.351159,4.777344],[97.349724,4.778572],[97.340815,4.779343],[97.338035,4.778142],[97.33527,4.771721],[97.336436,4.766829],[97.327199,4.759287],[97.323641,4.74405],[97.324194,4.743294],[97.321691,4.744128],[97.319065,4.740977],[97.319833,4.740154],[97.319276,4.731046],[97.309422,4.730609],[97.305311,4.729507],[97.29716,4.731046],[97.28291,4.730704],[97.278977,4.731901],[97.273961,4.735435],[97.272251,4.735321],[97.269743,4.732642],[97.270028,4.731274],[97.27721,4.73059],[97.278293,4.727569],[97.277837,4.726429],[97.272707,4.72204],[97.266608,4.728823],[97.261563,4.728766],[97.263273,4.723978],[97.26219,4.722296],[97.25991,4.721869],[97.256205,4.724234],[97.255549,4.725317],[97.256433,4.726885],[97.254523,4.729706],[97.250163,4.730048],[97.249849,4.733896],[97.259853,4.737544],[97.261592,4.738884],[97.261677,4.740879],[97.257516,4.74199],[97.25592,4.739482],[97.254039,4.739026],[97.253212,4.73971],[97.25364,4.743273],[97.248483,4.753104],[97.247016,4.761123],[97.25286,4.759702],[97.254495,4.768167],[97.257419,4.774853],[97.268946,4.78829],[97.273332,4.795478],[97.27607,4.804215],[97.281076,4.815427],[97.28185,4.82024],[97.281525,4.824183],[97.280261,4.826704],[97.271667,4.834648],[97.268479,4.850864],[97.257789,4.867486],[97.258855,4.894614],[97.280698,4.873669],[97.296435,4.866308],[97.306968,4.86448],[97.307375,4.863616],[97.316975,4.86833],[97.32249,4.873846],[97.323631,4.87841],[97.323631,4.883735],[97.322301,4.888889],[97.29983,4.912348],[97.287886,4.948614],[97.28915,4.961585],[97.29024,4.964196],[97.293768,4.969287],[97.307781,4.980021],[97.310358,4.985242],[97.312227,4.99274],[97.314497,4.996323]]]}},{"type":"Feature","properties":{"nmkec":"Tanah Jambo Aye","nmkab":"Aceh Utara","nmprov":"Aceh","kdkec":"080","kdkab":"11","kodekab":"1111","idkec":"1111080","index":92},"geometry":{"type":"Polygon","coordinates":[[[97.483305,5.233503],[97.486042,5.234843],[97.488251,5.229775],[97.488611,5.224386],[97.492715,5.219488],[97.495793,5.218518],[97.499801,5.213707],[97.499864,5.212693],[97.495532,5.211546],[97.491841,5.214565],[97.489886,5.213919],[97.489721,5.211882],[97.493502,5.210336],[97.494749,5.207264],[97.493796,5.20541],[97.492353,5.207305],[97.490025,5.20711],[97.491216,5.202767],[97.487696,5.200177],[97.488767,5.198756],[97.49299,5.197712],[97.49436,5.202084],[97.496856,5.20275],[97.499767,5.196431],[97.500297,5.18777],[97.494945,5.18595],[97.491864,5.188562],[97.488362,5.18818],[97.488627,5.185045],[97.487536,5.185013],[97.485866,5.183062],[97.486398,5.180159],[97.489287,5.174828],[97.491816,5.173446],[97.499302,5.172175],[97.497614,5.161184],[97.496441,5.159146],[97.492213,5.157754],[97.489382,5.161091],[97.48749,5.161196],[97.488618,5.15403],[97.487154,5.150559],[97.482222,5.151533],[97.480008,5.149989],[97.476207,5.149679],[97.468302,5.154194],[97.465922,5.153351],[97.46873,5.147956],[97.469427,5.141588],[97.468287,5.133445],[97.468934,5.131345],[97.469827,5.130671],[97.473497,5.131681],[97.47822,5.128824],[97.478335,5.126497],[97.476595,5.124204],[97.4703,5.124505],[97.47038,5.121113],[97.467142,5.117591],[97.464811,5.118736],[97.463268,5.117805],[97.459757,5.111921],[97.470047,5.104716],[97.471365,5.100501],[97.467892,5.096738],[97.467391,5.094847],[97.468286,5.093217],[97.46944,5.092864],[97.475954,5.096553],[97.478341,5.096592],[97.478493,5.098112],[97.481305,5.097841],[97.478189,5.094819],[97.475743,5.094027],[97.47817,5.086368],[97.473105,5.081234],[97.474465,5.076943],[97.477919,5.072233],[97.47731,5.067319],[97.480733,5.062413],[97.48629,5.057333],[97.484884,5.051306],[97.487582,5.050504],[97.484591,5.035299],[97.484064,5.025337],[97.479906,4.998445],[97.467291,4.975641],[97.457418,4.98818],[97.454137,4.99496],[97.453834,4.996701],[97.457012,5.001906],[97.453726,5.004663],[97.454673,5.008767],[97.450932,5.010638],[97.451748,5.029072],[97.450025,5.038502],[97.451818,5.050887],[97.44449,5.051694],[97.439894,5.054073],[97.438377,5.056944],[97.439298,5.065489],[97.438091,5.065791],[97.438504,5.073051],[97.43065,5.074883],[97.431529,5.08684],[97.433457,5.089163],[97.425598,5.089092],[97.423798,5.090892],[97.42838,5.096812],[97.43416,5.096697],[97.435022,5.098276],[97.435886,5.113469],[97.437992,5.113492],[97.441219,5.111865],[97.444659,5.111877],[97.44332,5.124768],[97.456517,5.130855],[97.455466,5.14747],[97.454048,5.1528],[97.454892,5.166068],[97.466352,5.184879],[97.466306,5.186782],[97.472894,5.190761],[97.476742,5.19014],[97.48074,5.191073],[97.480918,5.192524],[97.477005,5.200431],[97.476743,5.205282],[97.47795,5.216004],[97.480043,5.220014],[97.481728,5.220002],[97.477532,5.230606],[97.480006,5.237219],[97.483305,5.233503]]]}},{"type":"Feature","properties":{"nmkec":"Langkahan","nmkab":"Aceh Utara","nmprov":"Aceh","kdkec":"081","kdkab":"11","kodekab":"1111","idkec":"1111081","index":93},"geometry":{"type":"Polygon","coordinates":[[[97.484803,5.07825],[97.488511,5.078764],[97.487823,5.081538],[97.490582,5.086078],[97.494058,5.087067],[97.495366,5.086247],[97.497389,5.081742],[97.49507,5.077672],[97.491246,5.074963],[97.491761,5.071481],[97.4926,5.07107],[97.49632,5.073408],[97.498191,5.076029],[97.500862,5.075283],[97.498543,5.068462],[97.506092,5.067841],[97.512138,5.075408],[97.513065,5.071996],[97.515881,5.070484],[97.517015,5.061039],[97.516465,5.058051],[97.514839,5.056937],[97.513552,5.05777],[97.513239,5.059163],[97.514646,5.062806],[97.514478,5.064581],[97.513012,5.06587],[97.509931,5.065409],[97.50675,5.062082],[97.507344,5.059152],[97.51156,5.056549],[97.513827,5.051577],[97.51195,5.050205],[97.508715,5.053805],[97.505602,5.054866],[97.498002,5.051126],[97.497848,5.04975],[97.503718,5.048712],[97.505353,5.047283],[97.505309,5.0457],[97.500195,5.043295],[97.499218,5.039971],[97.499899,5.038614],[97.501175,5.037681],[97.503249,5.037997],[97.506318,5.044209],[97.507568,5.0442],[97.509042,5.043365],[97.514594,5.030866],[97.513502,5.029171],[97.507069,5.029134],[97.50604,5.026249],[97.506542,5.022488],[97.50288,5.017324],[97.501113,5.016411],[97.495507,5.016425],[97.493361,5.014085],[97.49351,5.012363],[97.495456,5.010675],[97.49731,5.010708],[97.501113,5.012807],[97.503005,5.01255],[97.505116,5.009281],[97.505468,5.005705],[97.504072,5.003723],[97.498413,5.006373],[97.493016,5.004747],[97.491323,5.002873],[97.492,4.99362],[97.493897,4.991904],[97.496494,4.991204],[97.498192,4.984434],[97.497196,4.98251],[97.49222,4.980658],[97.491096,4.977814],[97.493158,4.975887],[97.497017,4.977594],[97.499319,4.976706],[97.499532,4.973539],[97.501796,4.967676],[97.500449,4.964808],[97.498317,4.96408],[97.49673,4.965208],[97.496073,4.967409],[97.494192,4.967711],[97.492455,4.963715],[97.491317,4.962971],[97.488362,4.963454],[97.485118,4.961068],[97.485435,4.959659],[97.486661,4.959111],[97.490144,4.959916],[97.496751,4.95702],[97.50281,4.960909],[97.504914,4.95951],[97.504433,4.957903],[97.500578,4.956789],[97.498883,4.9551],[97.497136,4.947551],[97.492039,4.947418],[97.489132,4.943067],[97.485468,4.943805],[97.481251,4.943219],[97.47963,4.941328],[97.477542,4.940962],[97.476546,4.942009],[97.47538,4.9478],[97.473142,4.94824],[97.471932,4.94751],[97.473521,4.941616],[97.468588,4.928105],[97.471712,4.926711],[97.473362,4.923392],[97.466907,4.919014],[97.465714,4.915347],[97.467295,4.913392],[97.471958,4.919886],[97.478389,4.920748],[97.479356,4.918424],[97.473593,4.918144],[97.473254,4.91511],[97.474737,4.913019],[97.485149,4.911195],[97.487742,4.909766],[97.487627,4.908542],[97.483462,4.905055],[97.483656,4.902284],[97.48501,4.902248],[97.488062,4.905982],[97.490553,4.906584],[97.491935,4.901065],[97.493041,4.900253],[97.496066,4.900356],[97.499122,4.897918],[97.498722,4.894807],[97.492772,4.888533],[97.49325,4.886292],[97.496008,4.886775],[97.50214,4.89246],[97.504357,4.892366],[97.506229,4.890933],[97.506535,4.887472],[97.500821,4.886721],[97.495441,4.881247],[97.497102,4.874922],[97.49798,4.874715],[97.503269,4.879394],[97.506383,4.885163],[97.509843,4.884853],[97.511657,4.882315],[97.503476,4.876157],[97.501524,4.872369],[97.495942,4.868351],[97.490603,4.867848],[97.488629,4.866807],[97.487886,4.864925],[97.489555,4.85654],[97.488586,4.852888],[97.485438,4.847248],[97.476942,4.838719],[97.475168,4.838873],[97.474344,4.84203],[97.471095,4.83732],[97.468635,4.837165],[97.467618,4.838371],[97.470013,4.840345],[97.469669,4.842795],[97.467201,4.842773],[97.465121,4.839749],[97.463574,4.839721],[97.461827,4.841247],[97.461784,4.84478],[97.459078,4.846092],[97.457319,4.844143],[97.455626,4.839336],[97.452297,4.835482],[97.444739,4.833675],[97.442496,4.831776],[97.441395,4.828898],[97.450187,4.827736],[97.456439,4.822886],[97.456634,4.820809],[97.455494,4.819217],[97.45307,4.818671],[97.436804,4.821664],[97.435375,4.819966],[97.437781,4.811887],[97.435299,4.808299],[97.429433,4.807768],[97.42838,4.805783],[97.433054,4.797501],[97.435972,4.795395],[97.436495,4.788562],[97.434251,4.786304],[97.426792,4.785782],[97.420503,4.781994],[97.41079,4.780191],[97.407399,4.782812],[97.407363,4.784622],[97.410417,4.787211],[97.41843,4.787407],[97.418797,4.789833],[97.416068,4.793459],[97.412344,4.795959],[97.407635,4.795847],[97.406061,4.794638],[97.403522,4.789493],[97.399931,4.766777],[97.403212,4.763289],[97.409291,4.762536],[97.41047,4.762719],[97.41475,4.768529],[97.417114,4.768647],[97.422375,4.76468],[97.42419,4.759022],[97.42442,4.754945],[97.422352,4.755025],[97.415062,4.759452],[97.411113,4.759372],[97.407113,4.755913],[97.404044,4.755371],[97.401971,4.756327],[97.39923,4.759611],[97.394375,4.758861],[97.387975,4.760054],[97.38698,4.761717],[97.387889,4.767435],[97.38619,4.768874],[97.361943,4.766886],[97.360761,4.769131],[97.364805,4.775105],[97.366075,4.779297],[97.365559,4.781814],[97.363478,4.783397],[97.370424,4.872063],[97.386745,4.872307],[97.399217,4.876604],[97.402789,4.883194],[97.409034,4.886692],[97.412724,4.890058],[97.412858,4.894333],[97.425325,4.904624],[97.42693,4.9231],[97.432641,4.92437],[97.436623,4.919195],[97.440235,4.929005],[97.445757,4.931324],[97.451129,4.939041],[97.458313,4.946028],[97.459033,4.94782],[97.454594,4.949527],[97.450741,4.953592],[97.440211,4.970525],[97.444358,4.972458],[97.427733,4.996388],[97.412782,5.007476],[97.418878,5.00714],[97.428701,4.998107],[97.4373,4.98815],[97.445774,4.974154],[97.457418,4.98818],[97.467291,4.975641],[97.479906,4.998445],[97.484064,5.025337],[97.484591,5.035299],[97.487582,5.050504],[97.484884,5.051306],[97.48629,5.057333],[97.480733,5.062413],[97.47731,5.067319],[97.477919,5.072233],[97.474465,5.076943],[97.473105,5.081234],[97.47817,5.086368],[97.477896,5.087667],[97.479778,5.087031],[97.483429,5.079272],[97.484803,5.07825]]]}},{"type":"Feature","properties":{"nmkec":"Seunuddon","nmkab":"Aceh Utara","nmprov":"Aceh","kdkec":"090","kdkab":"11","kodekab":"1111","idkec":"1111090","index":94},"geometry":{"type":"Polygon","coordinates":[[[97.481112,5.242937],[97.483809,5.241158],[97.486042,5.234843],[97.483305,5.233503],[97.480006,5.237219],[97.477642,5.231697],[97.477821,5.228868],[97.48074,5.223941],[97.481728,5.220002],[97.480043,5.220014],[97.47795,5.216004],[97.476743,5.205282],[97.477005,5.200431],[97.480918,5.192524],[97.48074,5.191073],[97.476742,5.19014],[97.472894,5.190761],[97.466306,5.186782],[97.466352,5.184879],[97.454892,5.166068],[97.454048,5.1528],[97.437894,5.152912],[97.434664,5.154563],[97.43296,5.157853],[97.429413,5.160058],[97.425573,5.16143],[97.415612,5.16112],[97.415415,5.172166],[97.407277,5.172222],[97.402217,5.171023],[97.40049,5.174849],[97.371181,5.178602],[97.367428,5.179819],[97.365779,5.18274],[97.351297,5.179019],[97.350864,5.175345],[97.347977,5.176077],[97.347251,5.177096],[97.348494,5.179079],[97.344847,5.183398],[97.340417,5.183802],[97.341607,5.18159],[97.34126,5.180063],[97.338832,5.179408],[97.33617,5.183466],[97.328887,5.185026],[97.327563,5.186969],[97.33588,5.190513],[97.360878,5.198029],[97.403442,5.215318],[97.441114,5.227407],[97.462796,5.235337],[97.464448,5.23696],[97.474031,5.240858],[97.481112,5.242937]]]}},{"type":"Feature","properties":{"nmkec":"Baktiya","nmkab":"Aceh Utara","nmprov":"Aceh","kdkec":"100","kdkab":"11","kodekab":"1111","idkec":"1111100","index":95},"geometry":{"type":"Polygon","coordinates":[[[97.367428,5.179819],[97.371181,5.178602],[97.400489,5.174849],[97.402217,5.171023],[97.407277,5.172222],[97.415415,5.172166],[97.415612,5.16112],[97.425573,5.16143],[97.429413,5.160058],[97.43296,5.157853],[97.434664,5.154563],[97.437894,5.152912],[97.454066,5.1528],[97.455466,5.14747],[97.456517,5.130855],[97.44332,5.124768],[97.444659,5.111877],[97.441219,5.111865],[97.437992,5.113492],[97.435886,5.113469],[97.435022,5.098276],[97.43416,5.096697],[97.42838,5.096812],[97.423798,5.090892],[97.425598,5.089092],[97.433457,5.089163],[97.431529,5.08684],[97.43065,5.074883],[97.438504,5.073051],[97.438091,5.065791],[97.439298,5.065489],[97.438377,5.056944],[97.439894,5.054073],[97.44449,5.051694],[97.451818,5.050887],[97.450025,5.038502],[97.451748,5.029072],[97.450932,5.010638],[97.454673,5.008767],[97.453726,5.004663],[97.457012,5.001906],[97.453834,4.996701],[97.454818,4.992463],[97.457418,4.98818],[97.445774,4.974154],[97.4373,4.98815],[97.428701,4.998107],[97.418878,5.00714],[97.412782,5.007476],[97.407538,5.012006],[97.406388,5.014546],[97.4065,5.031071],[97.397611,5.056234],[97.381215,5.071333],[97.383505,5.080329],[97.386211,5.085663],[97.388109,5.095276],[97.385663,5.107266],[97.379165,5.108106],[97.37487,5.115193],[97.383162,5.118496],[97.381722,5.130298],[97.379685,5.134345],[97.371482,5.138507],[97.37139,5.144103],[97.366342,5.149543],[97.366118,5.152575],[97.370631,5.155272],[97.368595,5.156657],[97.366723,5.15639],[97.362947,5.16011],[97.364728,5.161998],[97.366564,5.168422],[97.360367,5.172275],[97.358497,5.171733],[97.353797,5.173427],[97.352822,5.176138],[97.350864,5.175345],[97.351297,5.179019],[97.365779,5.18274],[97.367428,5.179819]]]}},{"type":"Feature","properties":{"nmkec":"Aceh Barat Daya","nmkab":"Aceh Barat Daya","nmprov":"Aceh","kdkec":"010","kdkab":"12","kodekab":"1112","idkec":"1112010","index":96},"geometry":{"type":"MultiPolygon","coordinates":[[[[96.995941,3.651117],[97.01932,3.645626],[97.024313,3.637812],[97.029734,3.632281],[97.047372,3.620367],[97.044394,3.612082],[97.042208,3.60898],[97.041266,3.608151],[97.03312,3.617072],[97.014261,3.633877],[96.997479,3.640796],[96.972366,3.647912],[96.96058,3.645603],[96.956117,3.641317],[96.953851,3.641398],[96.954314,3.642197],[96.947798,3.642082],[96.946183,3.639081],[96.944557,3.638473],[96.935005,3.638699],[96.926812,3.642186],[96.931504,3.647422],[96.936995,3.646745],[96.939913,3.648056],[96.945958,3.653938],[96.957413,3.658746],[96.964226,3.659631],[96.985976,3.656746],[96.995941,3.651117]]],[[[97.047372,3.620369],[97.047372,3.620368],[97.047372,3.620369],[97.047372,3.620369]]]]}},{"type":"Feature","properties":{"nmkec":"Aceh Barat Daya","nmkab":"Aceh Barat Daya","nmprov":"Aceh","kdkec":"011","kdkab":"12","kodekab":"1112","idkec":"1112011","index":97},"geometry":{"type":"Polygon","coordinates":[[[97.041266,3.608151],[97.035919,3.600715],[97.028906,3.600215],[97.023891,3.603769],[97.0191,3.60484],[96.998588,3.616274],[96.99089,3.61878],[96.985984,3.617157],[96.974088,3.619217],[96.970722,3.61841],[96.965799,3.615545],[96.966267,3.622754],[96.951007,3.623371],[96.953851,3.641398],[96.956117,3.641317],[96.96058,3.645603],[96.972366,3.647912],[96.997479,3.640796],[97.014261,3.633877],[97.03312,3.617072],[97.041266,3.608151]]]}},{"type":"Feature","properties":{"nmkec":"Aceh Barat Daya","nmkab":"Aceh Barat Daya","nmprov":"Aceh","kdkec":"020","kdkab":"12","kodekab":"1112","idkec":"1112020","index":98},"geometry":{"type":"Polygon","coordinates":[[[97.025653,3.67442],[97.051673,3.645748],[97.062521,3.630053],[97.052934,3.623612],[97.047192,3.622617],[97.047372,3.620367],[97.029734,3.632281],[97.024313,3.637812],[97.01932,3.645626],[96.995941,3.651117],[96.985976,3.656746],[96.964226,3.659631],[96.957413,3.658746],[96.945958,3.653938],[96.939913,3.648056],[96.936995,3.646745],[96.931504,3.647422],[96.928434,3.656905],[96.929329,3.662633],[96.928246,3.663576],[96.92241,3.662662],[96.91685,3.669414],[96.909829,3.682242],[96.901333,3.692146],[96.903732,3.694221],[96.91747,3.695927],[96.952593,3.694057],[96.99967,3.685379],[97.025653,3.67442]]]}},{"type":"Feature","properties":{"nmkec":"Aceh Barat Daya","nmkab":"Aceh Barat Daya","nmprov":"Aceh","kdkec":"040","kdkab":"12","kodekab":"1112","idkec":"1112040","index":99},"geometry":{"type":"Polygon","coordinates":[[[96.82589,3.693819],[96.824569,3.693586],[96.822938,3.69479],[96.823948,3.699025],[96.826628,3.701278],[96.828026,3.700695],[96.827832,3.697315],[96.82589,3.693819]]]}},{"type":"Feature","properties":{"nmkec":"Aceh Barat Daya","nmkab":"Aceh Barat Daya","nmprov":"Aceh","kdkec":"050","kdkab":"12","kodekab":"1112","idkec":"1112050","index":100},"geometry":{"type":"Polygon","coordinates":[[[96.87629,3.951945],[96.908987,3.948063],[96.957813,3.945375],[96.982789,3.942502],[96.993923,3.946747],[96.999919,3.950137],[97.003079,3.953202],[97.014333,3.95867],[97.022115,3.959959],[97.019545,3.952556],[97.008009,3.943824],[97.004427,3.931484],[96.988543,3.929269],[96.971241,3.915808],[96.95792,3.899091],[96.880383,3.859368],[96.876065,3.853554],[96.872814,3.853909],[96.859491,3.839369],[96.821937,3.828057],[96.820503,3.82021],[96.821373,3.812721],[96.819901,3.811707],[96.819081,3.805133],[96.815677,3.801066],[96.808168,3.795064],[96.805752,3.791374],[96.804739,3.786413],[96.798922,3.788375],[96.801434,3.792939],[96.796509,3.795338],[96.784117,3.804395],[96.771407,3.818275],[96.769021,3.823122],[96.768774,3.82796],[96.771241,3.841385],[96.758247,3.849139],[96.760974,3.861486],[96.762396,3.881652],[96.760872,3.891325],[96.7609,3.897619],[96.756693,3.907754],[96.760097,3.918304],[96.758108,3.923932],[96.759026,3.929099],[96.761734,3.934032],[96.76979,3.93587],[96.77681,3.941547],[96.784935,3.93953],[96.789836,3.942335],[96.797689,3.941021],[96.799126,3.945975],[96.795346,3.950042],[96.795623,3.954703],[96.799388,3.95646],[96.80139,3.966949],[96.806022,3.970165],[96.807988,3.984565],[96.825859,3.967249],[96.835989,3.95939],[96.87629,3.951945]]]}},{"type":"Feature","properties":{"nmkec":"Babah Rot","nmkab":"Aceh Barat Daya","nmprov":"Aceh","kdkec":"060","kdkab":"12","kodekab":"1112","idkec":"1112060","index":101},"geometry":{"type":"Polygon","coordinates":[[[96.663256,3.977074],[96.678376,3.961223],[96.72172,3.966093],[96.736752,3.933959],[96.692577,3.931427],[96.692925,3.93012],[96.699283,3.921733],[96.704346,3.917663],[96.708861,3.908405],[96.723566,3.898081],[96.720765,3.893693],[96.725539,3.890374],[96.732291,3.889042],[96.733499,3.874933],[96.73999,3.87137],[96.747862,3.86493],[96.748665,3.86995],[96.760974,3.861486],[96.758247,3.849139],[96.754375,3.838057],[96.740992,3.829653],[96.725137,3.813565],[96.721923,3.80919],[96.714678,3.789605],[96.712248,3.779372],[96.709841,3.774587],[96.710038,3.769791],[96.704562,3.757609],[96.701293,3.754353],[96.699347,3.743894],[96.697795,3.743099],[96.679454,3.746478],[96.668918,3.747311],[96.644169,3.745427],[96.634925,3.743698],[96.623166,3.738935],[96.624575,3.741747],[96.623658,3.744706],[96.619117,3.749945],[96.617759,3.749854],[96.615019,3.751915],[96.617112,3.753569],[96.618516,3.752042],[96.619677,3.753066],[96.619839,3.759335],[96.611263,3.76858],[96.608761,3.77065],[96.607441,3.770677],[96.606323,3.772714],[96.609122,3.778129],[96.612287,3.779098],[96.614537,3.781015],[96.619402,3.789106],[96.61862,3.793066],[96.616246,3.794623],[96.613878,3.800394],[96.612821,3.810553],[96.610576,3.809393],[96.609002,3.810082],[96.607067,3.817107],[96.605135,3.817919],[96.60335,3.822545],[96.599214,3.824472],[96.591956,3.832105],[96.588176,3.832851],[96.586988,3.83157],[96.585067,3.833216],[96.584903,3.836726],[96.586728,3.839421],[96.585132,3.841984],[96.590034,3.850989],[96.590887,3.858415],[96.59213,3.86051],[96.59378,3.860735],[96.594945,3.86231],[96.595836,3.867174],[96.593377,3.870306],[96.596055,3.876965],[96.599109,3.878604],[96.598982,3.880967],[96.597517,3.881723],[96.596848,3.883563],[96.596761,3.886985],[96.601117,3.890131],[96.601877,3.892285],[96.600032,3.893446],[96.603544,3.896402],[96.605357,3.901631],[96.605514,3.905374],[96.603726,3.907681],[96.605716,3.909287],[96.609252,3.910106],[96.615777,3.907292],[96.617374,3.908367],[96.617408,3.91185],[96.620734,3.912527],[96.622733,3.916216],[96.622424,3.917539],[96.620927,3.917951],[96.618917,3.923601],[96.61704,3.925298],[96.617111,3.928162],[96.617718,3.930004],[96.620261,3.93144],[96.620468,3.937118],[96.62291,3.94125],[96.624747,3.943849],[96.625744,3.94277],[96.627692,3.943606],[96.627284,3.950656],[96.636884,3.960161],[96.637782,3.962484],[96.641232,3.965073],[96.655295,3.970782],[96.663256,3.977074]]]}},{"type":"Feature","properties":{"nmkec":"Gayo Lues","nmkab":"Gayo Lues","nmprov":"Aceh","kdkec":"010","kdkab":"13","kodekab":"1113","idkec":"1113010","index":102},"geometry":{"type":"Polygon","coordinates":[[[97.269496,3.965178],[97.287726,3.962726],[97.271185,3.9434],[97.267949,3.938404],[97.260242,3.917187],[97.256354,3.899766],[97.24698,3.870381],[97.24473,3.854586],[97.240323,3.841526],[97.233243,3.836656],[97.233746,3.828478],[97.236411,3.818654],[97.24987,3.79624],[97.254706,3.786405],[97.256289,3.777132],[97.256249,3.768956],[97.249668,3.754818],[97.244196,3.745578],[97.235495,3.741805],[97.227318,3.734214],[97.220761,3.72498],[97.207718,3.721227],[97.203348,3.715252],[97.192975,3.709879],[97.176668,3.727246],[97.153581,3.745586],[97.144391,3.76445],[97.164069,3.788424],[97.168369,3.792385],[97.17844,3.809061],[97.189007,3.830035],[97.211826,3.86549],[97.231233,3.905593],[97.250977,3.940487],[97.261251,3.955283],[97.269496,3.965178]]]}},{"type":"Feature","properties":{"nmkec":"Kuta Panjang","nmkab":"Gayo Lues","nmprov":"Aceh","kdkec":"010","kdkab":"13","kodekab":"1113","idkec":"1113010","index":103},"geometry":{"type":"Polygon","coordinates":[[[97.303645,4.051016],[97.311898,4.052412],[97.314599,4.038225],[97.319834,4.022172],[97.320757,4.013911],[97.322076,4.01305],[97.323397,4.006751],[97.319963,4.000021],[97.320494,3.995584],[97.318518,3.992712],[97.310518,3.989482],[97.305559,3.991695],[97.301357,3.991565],[97.295095,3.976844],[97.2934,3.970648],[97.287726,3.962726],[97.269496,3.965178],[97.261251,3.955283],[97.244264,3.929675],[97.227851,3.898985],[97.211826,3.86549],[97.189007,3.830035],[97.17844,3.809061],[97.168369,3.792385],[97.164069,3.788424],[97.144391,3.76445],[97.131235,3.794493],[97.121289,3.810943],[97.132151,3.819138],[97.138001,3.828825],[97.175908,3.867497],[97.185162,3.881051],[97.193903,3.888293],[97.202679,3.90282],[97.209033,3.916387],[97.216336,3.926064],[97.223128,3.930401],[97.226572,3.94204],[97.233393,3.952204],[97.23536,3.958508],[97.266651,3.996719],[97.270613,4.00561],[97.269069,4.010535],[97.273211,4.016058],[97.273016,4.021501],[97.268394,4.028686],[97.268895,4.049877],[97.27265,4.052188],[97.285143,4.052854],[97.303645,4.051016]]]}},{"type":"Feature","properties":{"nmkec":"Blang Jerango","nmkab":"Gayo Lues","nmprov":"Aceh","kdkec":"011","kdkab":"13","kodekab":"1113","idkec":"1113011","index":104},"geometry":{"type":"Polygon","coordinates":[[[97.133032,4.06355],[97.135169,4.063982],[97.136722,4.0656],[97.138341,4.065517],[97.141782,4.0621],[97.142962,4.059221],[97.151107,4.061734],[97.16256,4.06106],[97.164317,4.054866],[97.173704,4.055318],[97.174394,4.057983],[97.189009,4.049834],[97.205046,4.049553],[97.218077,4.047533],[97.235081,4.048984],[97.233312,4.032624],[97.23648,4.025979],[97.241062,4.026317],[97.243547,4.039944],[97.251969,4.0454],[97.256471,4.043693],[97.259455,4.037536],[97.262926,4.033706],[97.268274,4.030016],[97.273016,4.021501],[97.273211,4.016058],[97.269069,4.010535],[97.270613,4.00561],[97.266651,3.996719],[97.257826,3.985093],[97.249475,3.976125],[97.243615,3.973661],[97.240346,3.975103],[97.229194,3.975344],[97.228714,3.977603],[97.221984,3.978804],[97.220302,3.978756],[97.218956,3.976593],[97.215591,3.977843],[97.219004,3.980343],[97.200978,3.984525],[97.189682,3.992744],[97.180982,3.996494],[97.180213,3.997984],[97.176271,4.000243],[97.168725,3.999522],[97.161514,4.002502],[97.171128,4.009039],[97.165312,4.014904],[97.161995,4.016153],[97.159448,4.014086],[97.156563,4.015961],[97.159015,4.02197],[97.15565,4.024277],[97.150507,4.025046],[97.146133,4.023748],[97.139019,4.01351],[97.135798,4.012308],[97.135027,4.018341],[97.1258,4.028507],[97.123594,4.028522],[97.120021,4.021704],[97.116571,4.021104],[97.115417,4.022162],[97.11561,4.027017],[97.113437,4.030063],[97.119302,4.040063],[97.121221,4.045648],[97.117135,4.05256],[97.115879,4.063104],[97.118856,4.072037],[97.128056,4.069044],[97.129073,4.066378],[97.133032,4.06355]]]}},{"type":"Feature","properties":{"nmkec":"Putri Betung","nmkab":"Gayo Lues","nmprov":"Aceh","kdkec":"021","kdkab":"13","kodekab":"1113","idkec":"1113021","index":105},"geometry":{"type":"MultiPolygon","coordinates":[[[[97.555152,3.906401],[97.566637,3.902988],[97.573997,3.902693],[97.581364,3.898701],[97.589648,3.896251],[97.594561,3.892255],[97.600096,3.88364],[97.606847,3.880571],[97.619437,3.870735],[97.625572,3.869205],[97.642145,3.861531],[97.648279,3.860617],[97.654117,3.853542],[97.659029,3.850161],[97.662403,3.84955],[97.668838,3.852949],[97.674664,3.852958],[97.699205,3.848068],[97.731113,3.838567],[97.736018,3.83919],[97.739389,3.840735],[97.75254,3.842462],[97.757392,3.84648],[97.775603,3.832394],[97.797384,3.826572],[97.804751,3.82227],[97.810587,3.815193],[97.841574,3.805378],[97.850468,3.804774],[97.855685,3.802009],[97.859373,3.795545],[97.862661,3.785064],[97.860983,3.784309],[97.856159,3.775282],[97.848946,3.774263],[97.839889,3.767805],[97.83697,3.763022],[97.824609,3.749526],[97.809273,3.748473],[97.781233,3.749222],[97.74886,3.744341],[97.734772,3.7399],[97.708918,3.735558],[97.662177,3.731921],[97.642256,3.731654],[97.638178,3.732749],[97.634723,3.732398],[97.631469,3.730996],[97.627394,3.727271],[97.626105,3.724096],[97.623914,3.721776],[97.556147,3.710697],[97.552658,3.714263],[97.5496,3.714185],[97.534871,3.706703],[97.528424,3.705962],[97.511499,3.700086],[97.497942,3.700667],[97.493746,3.702945],[97.477321,3.701672],[97.460333,3.697671],[97.349846,3.68174],[97.350313,3.687981],[97.353838,3.698847],[97.363938,3.719169],[97.38684,3.748414],[97.38812,3.756531],[97.393113,3.756834],[97.404241,3.771771],[97.435562,3.794042],[97.460416,3.80637],[97.491197,3.829383],[97.503474,3.836597],[97.50982,3.839113],[97.517387,3.847173],[97.532671,3.873815],[97.555152,3.906401]]],[[[97.525232,3.905688],[97.527685,3.906],[97.528601,3.908158],[97.531358,3.909703],[97.541701,3.909487],[97.519467,3.878565],[97.506619,3.856022],[97.514069,3.849931],[97.513042,3.848714],[97.508379,3.85165],[97.484996,3.845904],[97.473621,3.838291],[97.469426,3.837076],[97.452369,3.826769],[97.443494,3.826073],[97.435325,3.818937],[97.427911,3.814767],[97.41647,3.806317],[97.404429,3.800809],[97.395142,3.791883],[97.388972,3.790058],[97.38309,3.784209],[97.371977,3.779624],[97.362058,3.767296],[97.358937,3.759266],[97.352433,3.752182],[97.351783,3.745377],[97.349003,3.743844],[97.339365,3.72575],[97.327757,3.714203],[97.327738,3.710334],[97.325401,3.70493],[97.321926,3.703013],[97.320337,3.692964],[97.316446,3.684472],[97.315937,3.676934],[97.304802,3.676839],[97.288104,3.681475],[97.291062,3.687349],[97.29311,3.711135],[97.298489,3.723735],[97.30249,3.751154],[97.306774,3.762059],[97.309392,3.802718],[97.314369,3.831223],[97.314897,3.833235],[97.321093,3.839025],[97.323679,3.845977],[97.327558,3.848784],[97.33659,3.848201],[97.353175,3.852283],[97.355143,3.85459],[97.35453,3.85807],[97.356728,3.86189],[97.361827,3.863059],[97.376732,3.863497],[97.382157,3.865403],[97.387215,3.868249],[97.390505,3.873348],[97.399585,3.879511],[97.430118,3.889617],[97.4558,3.911662],[97.463383,3.924078],[97.466862,3.933303],[97.481339,3.928402],[97.485023,3.92552],[97.51203,3.914597],[97.525232,3.905688]]]]}},{"type":"Feature","properties":{"nmkec":"Dabun Gelang","nmkab":"Gayo Lues","nmprov":"Aceh","kdkec":"022","kdkab":"13","kodekab":"1113","idkec":"1113022","index":106},"geometry":{"type":"Polygon","coordinates":[[[97.352969,4.075181],[97.355575,4.063454],[97.361532,4.062942],[97.364696,4.064338],[97.365813,4.062383],[97.365348,4.055403],[97.367582,4.050842],[97.370642,4.048469],[97.375913,4.048909],[97.393881,4.060449],[97.397895,4.064524],[97.398991,4.061532],[97.40329,4.058299],[97.406237,4.053096],[97.406899,4.048569],[97.410289,4.044796],[97.413356,4.042329],[97.416633,4.041642],[97.422348,4.038197],[97.423175,4.035354],[97.421918,4.032368],[97.417832,4.029411],[97.414289,4.028417],[97.405019,4.021984],[97.405928,4.017196],[97.408581,4.012635],[97.415317,4.015986],[97.424113,4.010308],[97.432303,4.00854],[97.436434,4.004596],[97.446718,3.997615],[97.449976,3.997755],[97.450302,3.99943],[97.453885,3.998173],[97.457329,3.990309],[97.461021,3.985651],[97.460709,3.98265],[97.45925,3.980927],[97.455959,3.979813],[97.452903,3.980932],[97.450873,3.980622],[97.450418,3.978802],[97.456747,3.970472],[97.457259,3.967773],[97.457585,3.963399],[97.453303,3.95814],[97.449813,3.955348],[97.445392,3.955906],[97.442321,3.958372],[97.439109,3.959443],[97.424962,3.961909],[97.419983,3.969355],[97.418075,3.970519],[97.410175,3.965239],[97.410185,3.957363],[97.404437,3.954861],[97.392841,3.959493],[97.391021,3.963071],[97.379757,3.970056],[97.375457,3.969154],[97.369661,3.969863],[97.367334,3.97139],[97.365196,3.981177],[97.366027,3.986327],[97.365377,3.988695],[97.359429,3.991313],[97.354054,3.996958],[97.351558,4.0031],[97.351223,4.010855],[97.34804,4.023971],[97.343884,4.035729],[97.341395,4.039057],[97.330731,4.034898],[97.324765,4.053048],[97.321003,4.052985],[97.325368,4.055774],[97.337587,4.066812],[97.34849,4.078121],[97.352969,4.075181]]]}},{"type":"Feature","properties":{"nmkec":"Gayo Lues","nmkab":"Gayo Lues","nmprov":"Aceh","kdkec":"022","kdkab":"13","kodekab":"1113","idkec":"1113022","index":107},"geometry":{"type":"MultiPolygon","coordinates":[[[[97.44612,4.015972],[97.446313,4.014309],[97.44745,4.013503],[97.451565,4.014034],[97.460702,4.01196],[97.464058,4.01363],[97.471249,4.014214],[97.477251,4.018264],[97.483077,4.015091],[97.487471,4.018616],[97.490927,4.017957],[97.495247,4.010267],[97.500547,4.009896],[97.506706,4.005631],[97.509451,4.005493],[97.510774,4.006494],[97.51404,4.006024],[97.515604,4.004554],[97.51817,3.998524],[97.523619,3.994257],[97.53306,3.996486],[97.552383,3.996213],[97.557599,3.994682],[97.562819,3.991303],[97.570197,3.981767],[97.575723,3.978389],[97.590139,3.97749],[97.59505,3.975342],[97.599964,3.971654],[97.609472,3.971054],[97.615614,3.966136],[97.627278,3.960612],[97.656425,3.953883],[97.663181,3.948966],[97.671772,3.946823],[97.679745,3.947144],[97.686802,3.945615],[97.699392,3.935778],[97.721216,3.903469],[97.727357,3.899166],[97.739036,3.882242],[97.742422,3.873622],[97.751642,3.86039],[97.757392,3.84648],[97.75254,3.842462],[97.739389,3.840735],[97.736018,3.83919],[97.731113,3.838567],[97.699205,3.848068],[97.674664,3.852958],[97.668838,3.852949],[97.662403,3.84955],[97.659029,3.850161],[97.654117,3.853542],[97.648279,3.860617],[97.642145,3.861531],[97.625572,3.869205],[97.619437,3.870735],[97.606847,3.880571],[97.600096,3.88364],[97.594561,3.892255],[97.589648,3.896251],[97.581364,3.898701],[97.573997,3.902693],[97.566637,3.902988],[97.542399,3.909414],[97.531358,3.909703],[97.528601,3.908158],[97.527685,3.906],[97.525232,3.905688],[97.51203,3.914597],[97.485023,3.92552],[97.481339,3.928402],[97.466862,3.933303],[97.459862,3.933906],[97.454315,3.9379],[97.441734,3.942188],[97.43137,3.944377],[97.423159,3.949375],[97.417281,3.950276],[97.412386,3.95691],[97.410185,3.957363],[97.409892,3.962683],[97.410175,3.965239],[97.418075,3.970519],[97.419983,3.969355],[97.424962,3.961909],[97.439109,3.959443],[97.442321,3.958372],[97.445392,3.955906],[97.449813,3.955348],[97.453303,3.95814],[97.457585,3.963399],[97.457259,3.967773],[97.456747,3.970472],[97.450418,3.978802],[97.450873,3.980622],[97.452903,3.980932],[97.455959,3.979813],[97.45925,3.980927],[97.460709,3.98265],[97.461021,3.985651],[97.457329,3.990309],[97.453885,3.998173],[97.451977,3.999477],[97.450302,3.99943],[97.449976,3.997755],[97.446718,3.997615],[97.436434,4.004596],[97.432303,4.00854],[97.424113,4.010308],[97.415317,4.015986],[97.408581,4.012635],[97.405928,4.017196],[97.405019,4.021984],[97.422477,4.033064],[97.426313,4.031092],[97.434041,4.022791],[97.43906,4.021375],[97.44612,4.015972]]],[[[97.403749,4.180978],[97.408466,4.18222],[97.414656,4.178824],[97.411203,4.170706],[97.412117,4.164478],[97.410738,4.156316],[97.398889,4.148314],[97.398604,4.146405],[97.399792,4.143016],[97.396893,4.135093],[97.395733,4.128688],[97.396473,4.124051],[97.39166,4.111127],[97.393977,4.104433],[97.394274,4.09818],[97.392135,4.088347],[97.394219,4.082801],[97.392414,4.075703],[97.394247,4.068562],[97.397895,4.064524],[97.393881,4.060449],[97.375913,4.048909],[97.371467,4.048085],[97.367582,4.050842],[97.365348,4.055403],[97.365813,4.062383],[97.364696,4.064338],[97.361532,4.062942],[97.355575,4.063454],[97.353434,4.074483],[97.34849,4.078121],[97.359595,4.115676],[97.360226,4.127349],[97.362567,4.140438],[97.370887,4.157516],[97.373704,4.166135],[97.387617,4.192404],[97.392296,4.190034],[97.399474,4.183264],[97.403749,4.180978]]]]}},{"type":"Feature","properties":{"nmkec":"Gayo Lues","nmkab":"Gayo Lues","nmprov":"Aceh","kdkec":"040","kdkab":"13","kodekab":"1113","idkec":"1113040","index":108},"geometry":{"type":"MultiPolygon","coordinates":[[[[97.364574,4.20329],[97.368821,4.203417],[97.371536,4.20224],[97.387617,4.192404],[97.373704,4.166135],[97.370887,4.157516],[97.362567,4.140438],[97.360226,4.127349],[97.359595,4.115676],[97.34849,4.078121],[97.34219,4.071209],[97.332782,4.074167],[97.326739,4.085134],[97.320861,4.088605],[97.315515,4.093951],[97.30908,4.09684],[97.307563,4.098759],[97.313749,4.117697],[97.304798,4.117818],[97.30115,4.122531],[97.292948,4.121668],[97.292199,4.106565],[97.290164,4.100755],[97.288862,4.100247],[97.287671,4.103845],[97.285999,4.105213],[97.276191,4.108826],[97.277027,4.114092],[97.27137,4.114866],[97.265847,4.112897],[97.26426,4.11664],[97.255939,4.116843],[97.250381,4.12144],[97.243988,4.124997],[97.240935,4.128217],[97.240138,4.130374],[97.241417,4.136278],[97.249225,4.143437],[97.251898,4.148986],[97.256058,4.153818],[97.257073,4.157546],[97.255076,4.160066],[97.252452,4.166423],[97.252214,4.177365],[97.274209,4.178713],[97.274274,4.182497],[97.298195,4.192151],[97.356228,4.213358],[97.356554,4.209818],[97.359026,4.205172],[97.364574,4.20329]]],[[[97.225307,4.098326],[97.232662,4.091295],[97.236209,4.0953],[97.237925,4.095651],[97.244078,4.095147],[97.249707,4.092691],[97.258411,4.093356],[97.264403,4.092647],[97.265468,4.091716],[97.262461,4.086666],[97.261473,4.077828],[97.266781,4.079047],[97.267595,4.080032],[97.273461,4.079668],[97.278984,4.077591],[97.27849,4.074154],[97.284577,4.070466],[97.287587,4.079065],[97.290849,4.078317],[97.291981,4.074889],[97.293805,4.075345],[97.298317,4.072792],[97.296558,4.068825],[97.297556,4.061068],[97.295225,4.05251],[97.294536,4.051883],[97.285143,4.052854],[97.2758,4.052457],[97.218077,4.047533],[97.205046,4.049553],[97.200907,4.049377],[97.202265,4.077812],[97.215485,4.076956],[97.217893,4.087956],[97.225307,4.098326]]]]}},{"type":"Feature","properties":{"nmkec":"Rikit Gaib","nmkab":"Gayo Lues","nmprov":"Aceh","kdkec":"040","kdkab":"13","kodekab":"1113","idkec":"1113040","index":109},"geometry":{"type":"Polygon","coordinates":[[[97.243988,4.124997],[97.250381,4.12144],[97.255939,4.116843],[97.26426,4.11664],[97.265847,4.112897],[97.27137,4.114866],[97.277027,4.114092],[97.276191,4.108826],[97.285999,4.105213],[97.287671,4.103845],[97.288862,4.100247],[97.290164,4.100755],[97.292199,4.106565],[97.292948,4.121668],[97.30115,4.122531],[97.304798,4.117818],[97.313749,4.117697],[97.307563,4.098759],[97.30908,4.09684],[97.315515,4.093951],[97.320861,4.088605],[97.326739,4.085134],[97.332782,4.074167],[97.34219,4.071209],[97.325368,4.055774],[97.321003,4.052985],[97.303645,4.051016],[97.294536,4.051883],[97.297556,4.061068],[97.296487,4.067751],[97.298317,4.072792],[97.293805,4.075345],[97.291981,4.074889],[97.290849,4.078317],[97.287587,4.079065],[97.284577,4.070466],[97.27849,4.074154],[97.278984,4.077591],[97.273461,4.079668],[97.267595,4.080032],[97.266781,4.079047],[97.261473,4.077828],[97.262461,4.086666],[97.265468,4.091716],[97.264403,4.092647],[97.258411,4.093356],[97.249707,4.092691],[97.244078,4.095147],[97.237925,4.095651],[97.236209,4.0953],[97.232662,4.091295],[97.225307,4.098326],[97.228154,4.102847],[97.229771,4.112277],[97.234011,4.122736],[97.238422,4.126875],[97.240138,4.130374],[97.240935,4.128217],[97.243988,4.124997]]]}},{"type":"Feature","properties":{"nmkec":"Tripe Jaya","nmkab":"Gayo Lues","nmprov":"Aceh","kdkec":"051","kdkab":"13","kodekab":"1113","idkec":"1113051","index":110},"geometry":{"type":"Polygon","coordinates":[[[96.804366,4.282525],[96.836605,4.281591],[96.837745,4.280792],[96.855417,4.256529],[96.85867,4.24955],[96.863314,4.246159],[96.872667,4.242115],[96.877192,4.238562],[96.886963,4.221676],[96.888574,4.220534],[96.894459,4.220009],[96.896771,4.21828],[96.909527,4.214595],[96.920012,4.207143],[96.927643,4.200261],[96.947955,4.196364],[96.955534,4.197081],[96.96971,4.20093],[96.974681,4.19881],[96.992661,4.178067],[96.999426,4.175702],[97.005315,4.18196],[97.006812,4.19048],[97.008191,4.19289],[97.006648,4.19864],[97.008678,4.200505],[97.013175,4.203646],[97.023632,4.208415],[97.029823,4.208243],[97.044783,4.213816],[97.043697,4.208005],[97.044809,4.203588],[97.054874,4.195236],[97.068568,4.195117],[97.083689,4.184564],[97.099632,4.178318],[97.115574,4.163625],[97.119029,4.147737],[97.128171,4.147338],[97.130384,4.146053],[97.133239,4.139842],[97.130539,4.128488],[97.142978,4.125586],[97.144257,4.123917],[97.141412,4.109762],[97.118856,4.072037],[97.115985,4.065005],[97.115943,4.062549],[97.083399,4.075984],[97.080791,4.078531],[97.065778,4.084929],[97.054452,4.092695],[97.026797,4.104176],[96.957249,4.112851],[96.913563,4.120802],[96.871678,4.136273],[96.842202,4.150795],[96.809994,4.162965],[96.769797,4.172988],[96.754662,4.17521],[96.762673,4.18253],[96.777314,4.192825],[96.786011,4.200887],[96.802142,4.223401],[96.802894,4.226785],[96.802229,4.231473],[96.800806,4.23485],[96.795245,4.24127],[96.79491,4.244323],[96.797061,4.252291],[96.797458,4.267518],[96.794294,4.280557],[96.804366,4.282525]]]}},{"type":"Feature","properties":{"nmkec":"Tamiang Hulu","nmkab":"Aceh Tamiang","nmprov":"Aceh","kdkec":"010","kdkab":"14","kodekab":"1114","idkec":"1114010","index":111},"geometry":{"type":"Polygon","coordinates":[[[97.885918,4.251832],[97.907657,4.248912],[97.921707,4.241873],[97.940392,4.235978],[97.939928,4.231063],[97.944921,4.231122],[97.946225,4.232607],[97.949533,4.232454],[97.95081,4.228682],[97.959849,4.22646],[97.965898,4.212699],[97.971493,4.209969],[97.971798,4.207177],[97.975258,4.204541],[97.97359,4.200879],[97.966747,4.195237],[97.957524,4.189231],[97.949985,4.185902],[97.947777,4.183496],[97.947713,4.181108],[97.94912,4.180942],[97.949994,4.178892],[97.949637,4.172637],[97.956478,4.164305],[97.952249,4.160212],[97.952706,4.157678],[97.959114,4.15409],[97.959799,4.157172],[97.961563,4.157375],[97.962752,4.154425],[97.967688,4.150357],[97.968171,4.146146],[97.967082,4.138059],[97.961722,4.130954],[97.964078,4.128465],[97.96671,4.1277],[97.968067,4.128801],[97.969503,4.128345],[97.969981,4.126538],[97.968604,4.126183],[97.96823,4.12378],[97.968731,4.12157],[97.971328,4.120885],[97.975943,4.122454],[97.977847,4.12083],[97.977418,4.117765],[97.966968,4.118161],[97.963117,4.116181],[97.963577,4.10336],[97.955425,4.102045],[97.947005,4.098793],[97.940019,4.098942],[97.924962,4.094436],[97.912896,4.09626],[97.905207,4.095993],[97.901844,4.098318],[97.89983,4.098175],[97.889021,4.094102],[97.88031,4.088469],[97.869204,4.088088],[97.861174,4.082967],[97.852574,4.081333],[97.847007,4.076742],[97.833086,4.068976],[97.822874,4.064784],[97.816375,4.062707],[97.806927,4.061517],[97.80014,4.063291],[97.793337,4.067097],[97.788275,4.083818],[97.782594,4.095003],[97.777753,4.108429],[97.767318,4.11522],[97.765141,4.119573],[97.738117,4.136957],[97.729547,4.145384],[97.726998,4.156271],[97.721677,4.167396],[97.72094,4.175986],[97.718524,4.182978],[97.715967,4.195492],[97.716662,4.212465],[97.719286,4.229774],[97.722171,4.234499],[97.723757,4.235304],[97.728189,4.232419],[97.733741,4.2307],[97.781202,4.230063],[97.789808,4.234513],[97.791295,4.230405],[97.794437,4.227755],[97.796308,4.227359],[97.811342,4.234427],[97.816181,4.235645],[97.831283,4.234795],[97.833865,4.237643],[97.838172,4.246483],[97.849965,4.245444],[97.853241,4.246025],[97.857762,4.249011],[97.862905,4.249674],[97.87854,4.247518],[97.885918,4.251832]]]}},{"type":"Feature","properties":{"nmkec":"Rantau","nmkab":"Aceh Tamiang","nmprov":"Aceh","kdkec":"030","kdkab":"14","kodekab":"1114","idkec":"1114030","index":112},"geometry":{"type":"Polygon","coordinates":[[[98.117839,4.365037],[98.121323,4.365129],[98.122418,4.362392],[98.118737,4.348692],[98.120614,4.337913],[98.119157,4.325013],[98.121545,4.320768],[98.124035,4.318524],[98.126008,4.318846],[98.129131,4.317251],[98.137775,4.309105],[98.141995,4.30359],[98.142383,4.295272],[98.145798,4.291475],[98.148027,4.283995],[98.146221,4.278402],[98.150309,4.270127],[98.147608,4.262196],[98.141944,4.259285],[98.134604,4.258483],[98.123967,4.25539],[98.12134,4.254052],[98.120999,4.251279],[98.118201,4.250549],[98.112654,4.250768],[98.111243,4.252422],[98.106499,4.25123],[98.102218,4.251376],[98.095844,4.255001],[98.092875,4.258407],[98.086209,4.259745],[98.082379,4.25819],[98.072018,4.263876],[98.068871,4.269075],[98.068486,4.273338],[98.064404,4.278502],[98.069222,4.280222],[98.072786,4.283303],[98.07282,4.284249],[98.064763,4.288501],[98.060867,4.29532],[98.066414,4.298125],[98.072885,4.297489],[98.074948,4.295594],[98.076004,4.291632],[98.077098,4.290874],[98.079283,4.291805],[98.079446,4.295558],[98.077164,4.30223],[98.074765,4.304841],[98.069297,4.306774],[98.068494,4.310231],[98.069727,4.313818],[98.071448,4.315139],[98.076143,4.315105],[98.08019,4.312378],[98.082921,4.314061],[98.085426,4.332187],[98.08595,4.339197],[98.084804,4.344039],[98.085941,4.348106],[98.087703,4.349877],[98.091451,4.350665],[98.093696,4.34981],[98.095998,4.347025],[98.098082,4.346653],[98.093473,4.357581],[98.09363,4.360797],[98.094807,4.362458],[98.0971,4.362597],[98.104383,4.359999],[98.105985,4.36118],[98.10773,4.365621],[98.109597,4.367029],[98.113335,4.367204],[98.117839,4.365037]]]}},{"type":"Feature","properties":{"nmkec":"Bendahara","nmkab":"Aceh Tamiang","nmprov":"Aceh","kdkec":"060","kdkab":"14","kodekab":"1114","idkec":"1114060","index":113},"geometry":{"type":"Polygon","coordinates":[[[98.195047,4.481157],[98.200876,4.480603],[98.209751,4.477267],[98.224898,4.467766],[98.23387,4.464116],[98.236447,4.457531],[98.235172,4.453107],[98.233002,4.450822],[98.233354,4.449942],[98.236121,4.45174],[98.236826,4.450457],[98.233975,4.445053],[98.234587,4.444269],[98.236574,4.442579],[98.241379,4.442433],[98.242385,4.44071],[98.241869,4.439138],[98.247894,4.442647],[98.248371,4.444194],[98.251038,4.444772],[98.253075,4.443993],[98.256248,4.441327],[98.26281,4.432246],[98.276343,4.423505],[98.277814,4.421238],[98.266107,4.410729],[98.262747,4.410141],[98.258714,4.411233],[98.244546,4.403315],[98.241112,4.395895],[98.235761,4.396056],[98.237146,4.388628],[98.23554,4.386431],[98.231033,4.384245],[98.226832,4.385085],[98.227672,4.391386],[98.227252,4.396258],[98.223892,4.401215],[98.219691,4.401383],[98.211274,4.391049],[98.209742,4.39058],[98.206304,4.393041],[98.203561,4.393118],[98.202721,4.391344],[98.203813,4.385799],[98.202553,4.384035],[98.195526,4.383538],[98.193664,4.381267],[98.195328,4.379162],[98.204865,4.377059],[98.205829,4.375129],[98.205409,4.372777],[98.200789,4.370929],[98.190539,4.374121],[98.187515,4.373785],[98.188355,4.368493],[98.187263,4.360764],[98.185163,4.356143],[98.18323,4.354967],[98.180626,4.356227],[98.179304,4.364095],[98.175725,4.36643],[98.172906,4.366473],[98.170946,4.364594],[98.170695,4.362035],[98.173989,4.357487],[98.172594,4.354505],[98.169957,4.353875],[98.163824,4.357865],[98.157859,4.366938],[98.156263,4.366434],[98.154628,4.362845],[98.151306,4.360133],[98.147521,4.3616],[98.146738,4.369861],[98.133514,4.365812],[98.132654,4.37414],[98.129247,4.373876],[98.125443,4.371245],[98.123991,4.365787],[98.122821,4.365291],[98.116735,4.365206],[98.114439,4.366822],[98.110701,4.367329],[98.10773,4.365621],[98.106809,4.363701],[98.100949,4.366949],[98.092398,4.374862],[98.088749,4.376533],[98.08487,4.385541],[98.087355,4.388669],[98.086389,4.394895],[98.08741,4.402712],[98.09373,4.408021],[98.097435,4.409462],[98.102421,4.410041],[98.105199,4.408667],[98.103721,4.402146],[98.099898,4.398836],[98.095567,4.388599],[98.117866,4.391049],[98.118251,4.404706],[98.122249,4.403902],[98.126994,4.405026],[98.128647,4.404135],[98.129153,4.399847],[98.134927,4.39988],[98.135434,4.417608],[98.140077,4.421738],[98.144938,4.423619],[98.153654,4.425097],[98.155106,4.432679],[98.166024,4.436037],[98.172984,4.436938],[98.173953,4.438645],[98.173022,4.439172],[98.173667,4.441203],[98.180098,4.44442],[98.180008,4.453031],[98.182274,4.453277],[98.186163,4.44926],[98.186766,4.45316],[98.182182,4.462659],[98.184642,4.470704],[98.184877,4.478178],[98.187544,4.480568],[98.189553,4.478906],[98.195047,4.481157]]]}},{"type":"Feature","properties":{"nmkec":"Banda Mulia","nmkab":"Aceh Tamiang","nmprov":"Aceh","kdkec":"061","kdkab":"14","kodekab":"1114","idkec":"1114061","index":114},"geometry":{"type":"Polygon","coordinates":[[[98.17838,4.490308],[98.180206,4.487765],[98.186663,4.483624],[98.187544,4.480568],[98.184877,4.478178],[98.184642,4.470704],[98.182182,4.462659],[98.186766,4.45316],[98.186163,4.44926],[98.182274,4.453277],[98.180008,4.453031],[98.180098,4.44442],[98.173667,4.441203],[98.173022,4.439172],[98.173953,4.438645],[98.172984,4.436938],[98.166024,4.436037],[98.155106,4.432679],[98.153654,4.425097],[98.144938,4.423619],[98.140077,4.421738],[98.135434,4.417608],[98.134927,4.39988],[98.129153,4.399847],[98.128647,4.404135],[98.126994,4.405026],[98.122249,4.403902],[98.118251,4.404706],[98.117866,4.391049],[98.095567,4.388599],[98.099898,4.398836],[98.103721,4.402146],[98.108436,4.420123],[98.104295,4.431176],[98.105829,4.439615],[98.111665,4.445556],[98.113591,4.449545],[98.113308,4.452947],[98.119672,4.465559],[98.123832,4.469069],[98.130947,4.47074],[98.143314,4.470808],[98.148586,4.473739],[98.151125,4.480074],[98.149126,4.486144],[98.151481,4.491553],[98.160753,4.497266],[98.164186,4.495437],[98.163746,4.493493],[98.165242,4.491995],[98.169717,4.498387],[98.171987,4.498223],[98.173982,4.495893],[98.177961,4.493551],[98.17838,4.490308]]]}},{"type":"Feature","properties":{"nmkec":"Karang Baru","nmkab":"Aceh Tamiang","nmprov":"Aceh","kdkec":"070","kdkab":"14","kodekab":"1114","idkec":"1114070","index":115},"geometry":{"type":"Polygon","coordinates":[[[98.074038,4.397436],[98.081374,4.394018],[98.084172,4.390841],[98.08487,4.385541],[98.088749,4.376533],[98.092398,4.374862],[98.100949,4.366949],[98.106809,4.363701],[98.105985,4.36118],[98.104383,4.359999],[98.0971,4.362597],[98.093959,4.361772],[98.093957,4.355331],[98.096581,4.3511],[98.097922,4.346492],[98.091451,4.350665],[98.087703,4.349877],[98.085941,4.348106],[98.084804,4.344039],[98.08595,4.339197],[98.085426,4.332187],[98.083888,4.317357],[98.082337,4.313223],[98.08019,4.312378],[98.076143,4.315105],[98.072892,4.315491],[98.07048,4.314638],[98.068759,4.311773],[98.068707,4.307406],[98.074765,4.304841],[98.077164,4.30223],[98.079446,4.295558],[98.079283,4.291805],[98.077098,4.290874],[98.076004,4.291632],[98.073853,4.297069],[98.065022,4.298534],[98.058457,4.303628],[98.05749,4.303501],[98.05561,4.294558],[98.056526,4.284157],[98.054878,4.282167],[98.052966,4.281653],[98.05294,4.277209],[98.05106,4.275689],[98.046481,4.276862],[98.044298,4.280557],[98.037348,4.286425],[98.030623,4.286276],[98.027069,4.284221],[98.024162,4.286882],[98.018154,4.303251],[98.014502,4.306797],[98.001435,4.302661],[97.996418,4.307625],[97.997123,4.319956],[97.975028,4.320119],[97.964581,4.322838],[97.963193,4.323773],[97.963867,4.328954],[97.965154,4.331258],[97.96802,4.332162],[97.968573,4.336052],[97.951818,4.337574],[97.947534,4.342767],[97.94656,4.348907],[97.949735,4.359219],[97.956631,4.356835],[97.960368,4.362611],[97.956687,4.363083],[97.96779,4.367186],[97.970622,4.370849],[97.991986,4.373004],[98.00875,4.376825],[98.012735,4.377898],[98.018886,4.382132],[98.022885,4.380997],[98.026877,4.381135],[98.033063,4.384609],[98.051586,4.390272],[98.054511,4.393483],[98.060784,4.394092],[98.070164,4.397592],[98.074038,4.397436]]]}},{"type":"Feature","properties":{"nmkec":"Sekerak","nmkab":"Aceh Tamiang","nmprov":"Aceh","kdkec":"071","kdkab":"14","kodekab":"1114","idkec":"1114071","index":116},"geometry":{"type":"Polygon","coordinates":[[[97.94656,4.348907],[97.947534,4.342767],[97.951818,4.337574],[97.968573,4.336052],[97.96802,4.332162],[97.965154,4.331258],[97.963867,4.328954],[97.963193,4.323773],[97.964581,4.322838],[97.975028,4.320119],[97.997123,4.319956],[97.996418,4.307625],[98.001435,4.302661],[98.014502,4.306797],[98.018154,4.303251],[98.024162,4.286882],[98.027069,4.284221],[98.030623,4.286276],[98.037348,4.286425],[98.044298,4.280557],[98.045742,4.27746],[98.050631,4.275564],[98.05294,4.277209],[98.052966,4.281653],[98.054878,4.282167],[98.056223,4.276221],[98.048879,4.269848],[98.043462,4.263421],[98.037056,4.261835],[98.032138,4.257717],[98.018866,4.253305],[98.017164,4.262781],[98.014058,4.264327],[98.011447,4.268531],[98.009188,4.279213],[98.007556,4.279576],[98.004046,4.277713],[97.996921,4.283588],[97.995523,4.286178],[97.993214,4.296507],[97.986672,4.293889],[97.981716,4.286709],[97.981121,4.283899],[97.98288,4.268293],[97.982014,4.267213],[97.98032,4.268054],[97.97855,4.2732],[97.976317,4.276061],[97.972086,4.280113],[97.967455,4.282539],[97.95724,4.292947],[97.953287,4.295624],[97.95005,4.296683],[97.945607,4.295313],[97.945316,4.292963],[97.947158,4.287996],[97.946548,4.286584],[97.942698,4.284064],[97.940434,4.284613],[97.938522,4.288488],[97.941511,4.29086],[97.942164,4.29317],[97.936927,4.299946],[97.938692,4.306084],[97.942239,4.307829],[97.941084,4.309587],[97.937821,4.309172],[97.930813,4.298035],[97.927816,4.297172],[97.925795,4.299623],[97.922861,4.297963],[97.920665,4.293788],[97.916693,4.290469],[97.912044,4.290769],[97.907755,4.296162],[97.895757,4.306206],[97.893125,4.307368],[97.883839,4.301805],[97.872928,4.300421],[97.863937,4.291926],[97.860052,4.290483],[97.85855,4.291507],[97.854375,4.301419],[97.8479,4.301434],[97.846353,4.300244],[97.8443,4.295633],[97.840522,4.296644],[97.83951,4.299024],[97.842463,4.304027],[97.838112,4.311377],[97.834037,4.311734],[97.830764,4.306945],[97.826887,4.30654],[97.826347,4.311942],[97.823922,4.315059],[97.822082,4.315816],[97.818514,4.314132],[97.811322,4.317131],[97.810817,4.31819],[97.812037,4.322414],[97.810698,4.324764],[97.804213,4.326906],[97.798085,4.330774],[97.783435,4.342336],[97.773913,4.342628],[97.782042,4.349707],[97.784579,4.350844],[97.78853,4.349812],[97.795967,4.344444],[97.800005,4.348226],[97.805085,4.346346],[97.819998,4.345448],[97.855402,4.346054],[97.866169,4.344691],[97.872322,4.346234],[97.883392,4.346507],[97.89005,4.348172],[97.918546,4.350241],[97.929973,4.352358],[97.94742,4.353551],[97.94656,4.348907]]]}},{"type":"Feature","properties":{"nmkec":"Manyak Payed","nmkab":"Aceh Tamiang","nmprov":"Aceh","kdkec":"080","kdkab":"14","kodekab":"1114","idkec":"1114080","index":117},"geometry":{"type":"Polygon","coordinates":[[[98.119028,4.523256],[98.123813,4.521984],[98.141454,4.513885],[98.144325,4.512236],[98.14673,4.509276],[98.151214,4.509141],[98.14973,4.509934],[98.151717,4.511053],[98.162697,4.506299],[98.171111,4.50118],[98.177961,4.493551],[98.170326,4.49861],[98.168059,4.496719],[98.16585,4.492107],[98.164578,4.492105],[98.163746,4.493493],[98.164186,4.495437],[98.160753,4.497266],[98.151481,4.491553],[98.149126,4.486144],[98.151125,4.480074],[98.148586,4.473739],[98.143314,4.470808],[98.130947,4.47074],[98.123832,4.469069],[98.119672,4.465559],[98.113308,4.452947],[98.113591,4.449545],[98.111665,4.445556],[98.105829,4.439615],[98.104295,4.431176],[98.108436,4.420123],[98.105199,4.408667],[98.102421,4.410041],[98.097435,4.409462],[98.09373,4.408021],[98.08741,4.402712],[98.086389,4.394895],[98.087355,4.388669],[98.08487,4.385541],[98.084172,4.390841],[98.081374,4.394018],[98.072891,4.397813],[98.070164,4.397592],[98.060784,4.394092],[98.054511,4.393483],[98.051586,4.390272],[98.033063,4.384609],[98.026877,4.381135],[98.022885,4.380997],[98.018886,4.382132],[98.012735,4.377898],[98.00875,4.376825],[97.991986,4.373004],[97.970622,4.370849],[97.96779,4.367186],[97.956687,4.363083],[97.960368,4.362611],[97.956631,4.356835],[97.949735,4.359219],[97.94742,4.353551],[97.922568,4.351093],[97.924332,4.357036],[97.938397,4.371923],[97.946643,4.387541],[97.95388,4.391544],[97.959214,4.393253],[97.975068,4.380719],[97.977647,4.386284],[97.978156,4.390972],[97.980755,4.393025],[97.9841,4.3941],[97.986751,4.392267],[97.992747,4.395215],[98.017489,4.415318],[98.025466,4.415953],[98.025991,4.410911],[98.027411,4.410575],[98.030509,4.415622],[98.039312,4.420564],[98.043453,4.447824],[98.045796,4.455332],[98.046646,4.463108],[98.048554,4.468245],[98.045659,4.470365],[98.039549,4.467199],[98.036515,4.471902],[98.035679,4.476714],[98.036858,4.479575],[98.047869,4.482467],[98.054963,4.481113],[98.059645,4.478091],[98.061606,4.478396],[98.063708,4.483384],[98.062989,4.485133],[98.066868,4.49385],[98.061421,4.505352],[98.062167,4.509886],[98.068696,4.511418],[98.073061,4.511305],[98.079564,4.509995],[98.082958,4.506556],[98.089645,4.511203],[98.087189,4.517072],[98.087373,4.522146],[98.102755,4.52314],[98.1103,4.521291],[98.11482,4.523057],[98.119028,4.523256]]]}},{"type":"Feature","properties":{"nmkec":"Darul Makmur","nmkab":"Nagan Raya","nmprov":"Aceh","kdkec":"010","kdkab":"15","kodekab":"1115","idkec":"1115010","index":118},"geometry":{"type":"Polygon","coordinates":[[[96.669069,4.17893],[96.67299,4.178479],[96.682801,4.175038],[96.702952,4.164423],[96.713684,4.161215],[96.726143,4.159285],[96.742603,4.151977],[96.732904,4.129466],[96.731667,4.120774],[96.655519,4.031272],[96.66001,4.024976],[96.659545,4.005798],[96.661484,3.994166],[96.66063,3.986928],[96.665541,3.97966],[96.656773,3.971619],[96.649403,3.96902],[96.637782,3.962484],[96.636884,3.960161],[96.627284,3.950656],[96.627692,3.943606],[96.625744,3.94277],[96.624747,3.943849],[96.62291,3.94125],[96.620468,3.937118],[96.620261,3.93144],[96.617718,3.930004],[96.617111,3.928162],[96.61704,3.925298],[96.618917,3.923601],[96.620927,3.917951],[96.622424,3.917539],[96.622701,3.916135],[96.620734,3.912527],[96.617408,3.91185],[96.617374,3.908367],[96.615777,3.907292],[96.609252,3.910106],[96.605716,3.909287],[96.603726,3.907681],[96.605514,3.905374],[96.605357,3.901631],[96.603544,3.896402],[96.600032,3.893446],[96.601877,3.892285],[96.601117,3.890131],[96.596761,3.886985],[96.596848,3.883563],[96.597517,3.881723],[96.598982,3.880967],[96.599109,3.878604],[96.596055,3.876965],[96.593377,3.870306],[96.595836,3.867174],[96.594945,3.86231],[96.59378,3.860735],[96.59213,3.86051],[96.590887,3.858415],[96.590034,3.850989],[96.588494,3.847273],[96.585641,3.843784],[96.585132,3.841984],[96.586728,3.839421],[96.584903,3.836726],[96.585067,3.833216],[96.586988,3.83157],[96.588176,3.832851],[96.591956,3.832105],[96.599214,3.824472],[96.60335,3.822545],[96.605135,3.817919],[96.607067,3.817107],[96.609002,3.810082],[96.610576,3.809393],[96.612821,3.810553],[96.613878,3.800394],[96.616246,3.794623],[96.61862,3.793066],[96.619402,3.789106],[96.614537,3.781015],[96.612287,3.779098],[96.609122,3.778129],[96.606323,3.772714],[96.607441,3.770677],[96.608761,3.77065],[96.611263,3.76858],[96.619839,3.759335],[96.619677,3.753066],[96.618516,3.752042],[96.617112,3.753569],[96.615019,3.751915],[96.620796,3.748454],[96.624622,3.743151],[96.624575,3.741747],[96.623166,3.738935],[96.615586,3.73462],[96.596391,3.733093],[96.576305,3.732918],[96.555055,3.729663],[96.54437,3.729096],[96.528197,3.731892],[96.515967,3.736986],[96.507683,3.74196],[96.496732,3.74951],[96.474384,3.767374],[96.449561,3.78828],[96.404533,3.832187],[96.407547,3.83829],[96.406556,3.873277],[96.411378,3.879241],[96.431231,3.861012],[96.431177,3.847543],[96.444716,3.847153],[96.468851,3.832711],[96.468703,3.857988],[96.471679,3.857793],[96.471027,3.914566],[96.468381,3.914717],[96.470372,3.933843],[96.464412,3.942542],[96.448341,3.948496],[96.457333,3.956221],[96.466412,3.95896],[96.469193,3.960805],[96.468612,3.96941],[96.469609,3.971882],[96.472327,3.973417],[96.482489,3.969342],[96.485283,3.972512],[96.48499,3.974876],[96.483857,3.9761],[96.477335,3.977118],[96.477045,3.980397],[96.478718,3.981228],[96.480643,3.980482],[96.471889,3.995154],[96.449617,4.008062],[96.456338,4.012509],[96.457357,4.014167],[96.455261,4.044318],[96.459319,4.065067],[96.465323,4.08665],[96.480694,4.110555],[96.490051,4.120001],[96.503849,4.128881],[96.529537,4.136818],[96.540811,4.145763],[96.539723,4.154026],[96.540424,4.156428],[96.541839,4.157321],[96.548929,4.155565],[96.556092,4.158965],[96.558542,4.161774],[96.561448,4.1633],[96.593036,4.163398],[96.603184,4.165278],[96.619141,4.163949],[96.642704,4.165974],[96.652264,4.169126],[96.662209,4.176468],[96.669069,4.17893]]]}},{"type":"Feature","properties":{"nmkec":"Nagan Raya","nmkab":"Nagan Raya","nmprov":"Aceh","kdkec":"010","kdkab":"15","kodekab":"1115","idkec":"1115010","index":119},"geometry":{"type":"Polygon","coordinates":[[[96.724881,4.096869],[96.723939,4.085644],[96.724939,4.079634],[96.728901,4.069505],[96.729449,4.063072],[96.726167,4.042482],[96.728186,4.039881],[96.721921,4.027511],[96.71523,4.023169],[96.714897,4.019544],[96.717124,4.016839],[96.718176,4.012309],[96.717526,4.01038],[96.716853,4.009304],[96.708269,4.005122],[96.706442,4.001086],[96.706047,3.996461],[96.699062,3.99146],[96.699566,3.989063],[96.69871,3.987663],[96.696682,3.987107],[96.690301,3.990158],[96.687059,3.989903],[96.684158,3.988862],[96.686508,3.985186],[96.686042,3.983464],[96.677862,3.986273],[96.673824,3.981015],[96.671908,3.980247],[96.668664,3.981181],[96.665541,3.97966],[96.66063,3.986928],[96.661484,3.994166],[96.659545,4.005798],[96.66001,4.024976],[96.655519,4.031272],[96.731667,4.120774],[96.724881,4.096869]]]}},{"type":"Feature","properties":{"nmkec":"Nagan Raya","nmkab":"Nagan Raya","nmprov":"Aceh","kdkec":"030","kdkab":"15","kodekab":"1115","idkec":"1115030","index":120},"geometry":{"type":"Polygon","coordinates":[[[96.577185,4.574958],[96.604977,4.566332],[96.611823,4.523633],[96.608324,4.500683],[96.634492,4.508766],[96.637591,4.507871],[96.640962,4.486598],[96.646781,4.474347],[96.646781,4.471056],[96.641365,4.463651],[96.637032,4.453418],[96.632596,4.431768],[96.623596,4.413204],[96.62339,4.409707],[96.624421,4.407547],[96.627516,4.405901],[96.630062,4.399014],[96.632657,4.397677],[96.63463,4.395299],[96.634807,4.390645],[96.641008,4.385902],[96.644715,4.384655],[96.647277,4.384977],[96.647647,4.377283],[96.6492,4.373718],[96.6533,4.369761],[96.659569,4.366252],[96.664714,4.357607],[96.667861,4.355087],[96.672391,4.355057],[96.676844,4.356506],[96.680441,4.353737],[96.690956,4.35283],[96.706311,4.347802],[96.714093,4.338743],[96.714773,4.331036],[96.717648,4.327274],[96.742002,4.313373],[96.747782,4.308393],[96.750003,4.303607],[96.758491,4.295325],[96.772737,4.289314],[96.787437,4.28483],[96.794294,4.280557],[96.797458,4.267518],[96.797061,4.252291],[96.79491,4.244323],[96.795245,4.24127],[96.800806,4.23485],[96.802894,4.226785],[96.80052,4.220452],[96.79088,4.208536],[96.786011,4.200887],[96.777314,4.192825],[96.762673,4.18253],[96.753894,4.174434],[96.746,4.160669],[96.742603,4.151977],[96.726143,4.159285],[96.713684,4.161215],[96.702952,4.164423],[96.682801,4.175038],[96.67299,4.178479],[96.669069,4.17893],[96.662209,4.176468],[96.652264,4.169126],[96.642704,4.165974],[96.619141,4.163949],[96.603184,4.165278],[96.593036,4.163398],[96.561448,4.1633],[96.558542,4.161774],[96.556092,4.158965],[96.548929,4.155565],[96.542901,4.157324],[96.540954,4.156874],[96.539723,4.154026],[96.540811,4.145763],[96.529537,4.136818],[96.516755,4.132499],[96.510013,4.131268],[96.515503,4.15271],[96.51424,4.159769],[96.508728,4.167908],[96.506056,4.170357],[96.503168,4.171338],[96.500686,4.170934],[96.494977,4.16829],[96.48328,4.159395],[96.474225,4.159393],[96.475935,4.160765],[96.476074,4.162903],[96.473884,4.165093],[96.475891,4.169312],[96.471924,4.170898],[96.465845,4.177079],[96.469888,4.183264],[96.47271,4.184946],[96.475073,4.184228],[96.507573,4.1848],[96.508588,4.235574],[96.491325,4.23746],[96.485958,4.23949],[96.481588,4.243013],[96.482658,4.254998],[96.470169,4.255699],[96.474249,4.262821],[96.472254,4.265734],[96.457265,4.274111],[96.453195,4.28034],[96.450442,4.282672],[96.446373,4.282227],[96.443914,4.284239],[96.447341,4.287598],[96.449794,4.288317],[96.451486,4.285611],[96.455081,4.286245],[96.45752,4.295471],[96.453674,4.298889],[96.453468,4.308266],[96.433098,4.308651],[96.433017,4.299043],[96.416882,4.293722],[96.398941,4.285472],[96.395838,4.286857],[96.390594,4.293231],[96.389942,4.300086],[96.395507,4.304843],[96.395508,4.309509],[96.390899,4.317112],[96.385712,4.316933],[96.384274,4.319687],[96.384122,4.323064],[96.386631,4.328169],[96.38737,4.33294],[96.386409,4.334587],[96.381817,4.336587],[96.379408,4.342955],[96.383627,4.345899],[96.384995,4.344358],[96.38515,4.341706],[96.390833,4.340457],[96.390721,4.342209],[96.386664,4.343619],[96.386336,4.345095],[96.387297,4.346171],[96.390498,4.345844],[96.396491,4.349908],[96.395832,4.354805],[96.394568,4.355434],[96.394134,4.357115],[96.39458,4.358827],[96.397838,4.364195],[96.401698,4.365094],[96.403489,4.362231],[96.407071,4.364202],[96.407528,4.366873],[96.404862,4.370372],[96.405178,4.372202],[96.408798,4.375318],[96.417819,4.37725],[96.422185,4.375544],[96.425365,4.378751],[96.425979,4.383227],[96.42719,4.383618],[96.433361,4.377721],[96.435277,4.373697],[96.45066,4.376951],[96.45619,4.381334],[96.457335,4.385686],[96.459195,4.388589],[96.465088,4.391479],[96.470276,4.391907],[96.478046,4.389665],[96.483047,4.389282],[96.490112,4.395691],[96.495728,4.406677],[96.500488,4.409485],[96.500916,4.415527],[96.487915,4.43512],[96.471478,4.442162],[96.4646,4.443958],[96.47345,4.452474],[96.479766,4.457081],[96.480338,4.460811],[96.475152,4.468554],[96.453527,4.489441],[96.446611,4.49885],[96.441183,4.5099],[96.442112,4.512902],[96.445185,4.516884],[96.451679,4.522222],[96.459484,4.532673],[96.461653,4.538167],[96.462363,4.543655],[96.463816,4.545306],[96.473653,4.548632],[96.488234,4.551061],[96.490965,4.55235],[96.492779,4.5551],[96.494036,4.560956],[96.494399,4.572999],[96.492317,4.594753],[96.494961,4.598543],[96.495198,4.603112],[96.493244,4.61871],[96.491002,4.624425],[96.493418,4.625215],[96.5003,4.631775],[96.503471,4.631895],[96.505861,4.630841],[96.521359,4.619349],[96.525018,4.615327],[96.528141,4.614656],[96.54134,4.601439],[96.551705,4.595071],[96.558755,4.592101],[96.57178,4.577855],[96.577185,4.574958]],[[96.523646,4.478156],[96.519297,4.473936],[96.515929,4.475698],[96.507612,4.477734],[96.502262,4.476512],[96.496894,4.468331],[96.502665,4.456677],[96.506897,4.452271],[96.513689,4.448891],[96.520001,4.443373],[96.523772,4.436043],[96.529627,4.43385],[96.550552,4.4387],[96.552964,4.442208],[96.549819,4.443371],[96.551464,4.447961],[96.555322,4.456288],[96.559322,4.461428],[96.557633,4.469315],[96.550611,4.475872],[96.540922,4.47729],[96.538558,4.475523],[96.53073,4.478121],[96.523646,4.478156]]]}},{"type":"Feature","properties":{"nmkec":"Beutong Ateuh Banggalang","nmkab":"Nagan Raya","nmprov":"Aceh","kdkec":"031","kdkab":"15","kodekab":"1115","idkec":"1115031","index":121},"geometry":{"type":"Polygon","coordinates":[[[96.53073,4.478121],[96.538558,4.475523],[96.540922,4.47729],[96.550611,4.475872],[96.557633,4.469315],[96.559322,4.461428],[96.555322,4.456288],[96.551464,4.447961],[96.549819,4.443371],[96.552964,4.442208],[96.550552,4.4387],[96.529627,4.43385],[96.523772,4.436043],[96.520001,4.443373],[96.513689,4.448891],[96.506897,4.452271],[96.502665,4.456677],[96.496894,4.468331],[96.502262,4.476512],[96.507612,4.477734],[96.515929,4.475698],[96.519297,4.473936],[96.523646,4.478156],[96.53073,4.478121]]]}},{"type":"Feature","properties":{"nmkec":"Krueng Sabee","nmkab":"Aceh Jaya","nmprov":"Aceh","kdkec":"030","kdkab":"16","kodekab":"1116","idkec":"1116030","index":122},"geometry":{"type":"MultiPolygon","coordinates":[[[[95.977656,4.751184],[95.964038,4.750225],[95.952242,4.7508],[95.948118,4.750033],[95.918772,4.751088],[95.910141,4.750225],[95.887508,4.751184],[95.879452,4.750225],[95.866985,4.750896],[95.83035,4.734401],[95.808676,4.721167],[95.798703,4.716947],[95.786139,4.708987],[95.77396,4.705535],[95.752816,4.688452],[95.740777,4.680455],[95.731601,4.671532],[95.723688,4.655116],[95.720658,4.646108],[95.714933,4.639795],[95.711313,4.633523],[95.709859,4.621007],[95.70601,4.617065],[95.69369,4.610495],[95.692059,4.60829],[95.691292,4.59074],[95.688607,4.582972],[95.684579,4.584026],[95.677003,4.578656],[95.669056,4.568314],[95.643626,4.587789],[95.618318,4.61208],[95.599909,4.626166],[95.588858,4.631561],[95.582992,4.632333],[95.580617,4.631453],[95.5787,4.629289],[95.580919,4.624774],[95.581029,4.62324],[95.580262,4.622966],[95.576919,4.624171],[95.574042,4.62679],[95.56911,4.626034],[95.567247,4.626582],[95.564589,4.631624],[95.565494,4.632993],[95.567905,4.633158],[95.56985,4.63135],[95.574474,4.63324],[95.575209,4.634546],[95.571943,4.638649],[95.572425,4.641049],[95.576508,4.642446],[95.580086,4.641258],[95.582756,4.641996],[95.585899,4.649659],[95.584944,4.654642],[95.588788,4.656224],[95.604618,4.654071],[95.609919,4.655186],[95.618167,4.659166],[95.62886,4.667509],[95.638708,4.678454],[95.649675,4.695761],[95.653916,4.700645],[95.671153,4.715604],[95.673838,4.719057],[95.682135,4.7352],[95.68573,4.739004],[95.689182,4.745142],[95.693018,4.759719],[95.693977,4.769214],[95.698868,4.779092],[95.703376,4.79482],[95.707404,4.797313],[95.717886,4.797744],[95.721405,4.801629],[95.721981,4.804122],[95.721309,4.806999],[95.71661,4.81189],[95.71661,4.815151],[95.721047,4.820345],[95.722269,4.825988],[95.720879,4.834906],[95.716811,4.844985],[95.71709,4.848429],[95.720926,4.85495],[95.724666,4.858115],[95.733297,4.86876],[95.737678,4.877288],[95.736691,4.881655],[95.729806,4.886758],[95.729078,4.889763],[95.736216,4.912186],[95.753074,4.924657],[95.770699,4.939536],[95.776261,4.940783],[95.786907,4.947016],[95.796113,4.957758],[95.803977,4.965046],[95.810211,4.969362],[95.823545,4.973409],[95.83255,4.964175],[95.845404,4.953907],[95.850089,4.948165],[95.851713,4.944682],[95.853916,4.931788],[95.855136,4.929534],[95.860851,4.925221],[95.873724,4.919046],[95.879031,4.91494],[95.882285,4.908998],[95.885916,4.893852],[95.897104,4.873162],[95.90179,4.866399],[95.91588,4.855518],[95.922409,4.848546],[95.949394,4.83538],[95.955729,4.831271],[95.957769,4.828812],[95.961222,4.820008],[95.971636,4.809959],[95.978762,4.796443],[95.983815,4.793363],[95.99113,4.786596],[95.993132,4.782714],[95.995387,4.76749],[95.994794,4.756557],[95.989548,4.75339],[95.977656,4.751184]]],[[[95.571956,4.619061],[95.57631,4.616937],[95.574264,4.613894],[95.57172,4.616202],[95.571956,4.619061]]],[[[95.581686,4.613186],[95.584754,4.611377],[95.582892,4.610039],[95.580899,4.611088],[95.581686,4.613186]]]]}},{"type":"Feature","properties":{"nmkec":"Setia Bakti","nmkab":"Aceh Jaya","nmprov":"Aceh","kdkec":"040","kdkab":"16","kodekab":"1116","idkec":"1116040","index":123},"geometry":{"type":"MultiPolygon","coordinates":[[[[95.791702,4.953058],[95.786907,4.947016],[95.776261,4.940783],[95.770699,4.939536],[95.753074,4.924657],[95.736216,4.912186],[95.729078,4.889763],[95.729806,4.886758],[95.736691,4.881655],[95.737678,4.877288],[95.733297,4.86876],[95.724666,4.858115],[95.720926,4.85495],[95.71709,4.848429],[95.716811,4.844985],[95.720879,4.834906],[95.722269,4.825988],[95.721047,4.820345],[95.71661,4.815151],[95.71661,4.81189],[95.721309,4.806999],[95.721981,4.804122],[95.721405,4.801629],[95.717886,4.797744],[95.707404,4.797313],[95.703376,4.79482],[95.698868,4.779092],[95.693977,4.769214],[95.693018,4.759719],[95.689182,4.745142],[95.68573,4.739004],[95.682135,4.7352],[95.677099,4.724619],[95.671153,4.715604],[95.653916,4.700645],[95.649675,4.695761],[95.638708,4.678454],[95.631113,4.669523],[95.618167,4.659166],[95.609919,4.655186],[95.604618,4.654071],[95.588788,4.656224],[95.584738,4.654249],[95.581265,4.658439],[95.577459,4.659686],[95.56769,4.665985],[95.562355,4.667655],[95.560339,4.6672],[95.556392,4.663708],[95.555915,4.654644],[95.545723,4.654601],[95.540367,4.656639],[95.54028,4.659501],[95.541841,4.663838],[95.541554,4.670512],[95.539646,4.672138],[95.535474,4.672658],[95.533774,4.681273],[95.531971,4.685447],[95.524488,4.694366],[95.514079,4.7015],[95.508007,4.707529],[95.507877,4.708222],[95.510262,4.707789],[95.513385,4.710478],[95.513992,4.711952],[95.51319,4.719015],[95.502373,4.73316],[95.497504,4.737352],[95.496122,4.74525],[95.482907,4.761099],[95.485328,4.763218],[95.488013,4.768588],[95.500672,4.773959],[95.509495,4.775109],[95.524072,4.791221],[95.527908,4.800044],[95.529059,4.805798],[95.544787,4.8081],[95.558213,4.805415],[95.570105,4.805798],[95.581997,4.813087],[95.589669,4.820375],[95.633906,4.82289],[95.641273,4.825404],[95.648407,4.8296],[95.655121,4.837363],[95.665821,4.855406],[95.671905,4.87303],[95.675262,4.886457],[95.674213,4.898836],[95.672744,4.903137],[95.667926,4.906687],[95.662555,4.916278],[95.667542,4.927786],[95.672913,4.94735],[95.685572,4.955789],[95.700916,4.949652],[95.724316,4.956556],[95.727385,4.959242],[95.733523,4.97075],[95.741579,4.981491],[95.771403,5.030324],[95.772444,5.027358],[95.778465,5.022271],[95.783913,5.008995],[95.788931,5.005163],[95.796339,5.001724],[95.802974,4.988408],[95.823545,4.973409],[95.810211,4.969362],[95.803977,4.965046],[95.791702,4.953058]]],[[[95.558372,4.648486],[95.559499,4.642743],[95.55824,4.64172],[95.555828,4.642795],[95.554779,4.645837],[95.555775,4.648407],[95.558372,4.648486]]],[[[95.488592,4.72456],[95.489116,4.723458],[95.48833,4.72136],[95.483032,4.721885],[95.483504,4.723039],[95.488592,4.72456]]],[[[95.510884,4.688054],[95.510621,4.686638],[95.507684,4.686323],[95.505848,4.68669],[95.505219,4.687896],[95.509415,4.688893],[95.510884,4.688054]]],[[[95.565007,4.640776],[95.563669,4.640697],[95.563005,4.642328],[95.563905,4.644605],[95.565688,4.642402],[95.565007,4.640776]]],[[[95.503986,4.720416],[95.501233,4.72317],[95.502727,4.724455],[95.503986,4.723668],[95.503986,4.720416]]],[[[95.539941,4.653174],[95.538709,4.653016],[95.539863,4.654485],[95.540282,4.654197],[95.539941,4.653174]]]]}},{"type":"Feature","properties":{"nmkec":"Timang Gajah","nmkab":"Bener Meriah","nmprov":"Aceh","kdkec":"010","kdkab":"17","kodekab":"1117","idkec":"1117010","index":124},"geometry":{"type":"Polygon","coordinates":[[[96.754761,4.79565],[96.759217,4.789039],[96.752906,4.786681],[96.749927,4.78675],[96.749613,4.783944],[96.750823,4.779217],[96.752712,4.777283],[96.760767,4.780996],[96.763852,4.783434],[96.774152,4.785761],[96.779088,4.784068],[96.785449,4.784943],[96.796126,4.790505],[96.798293,4.775788],[96.802961,4.774703],[96.805729,4.763966],[96.803239,4.757754],[96.793984,4.74685],[96.802492,4.7415],[96.788588,4.734082],[96.775035,4.733812],[96.767412,4.737567],[96.752163,4.736897],[96.743609,4.735318],[96.740065,4.736249],[96.730793,4.743616],[96.729031,4.747371],[96.726973,4.746111],[96.726031,4.743749],[96.722978,4.741791],[96.717996,4.742096],[96.715757,4.743536],[96.71689,4.74484],[96.716123,4.746558],[96.71129,4.751496],[96.705721,4.746585],[96.701714,4.744606],[96.698889,4.745613],[96.694023,4.751519],[96.683843,4.756035],[96.68711,4.768339],[96.696271,4.772306],[96.700232,4.772583],[96.704655,4.77555],[96.70694,4.784066],[96.712727,4.787861],[96.716973,4.792365],[96.716969,4.79582],[96.725534,4.79582],[96.732842,4.797608],[96.75614,4.798021],[96.754761,4.79565]]]}},{"type":"Feature","properties":{"nmkec":"Bener Meriah","nmkab":"Bener Meriah","nmprov":"Aceh","kdkec":"020","kdkab":"17","kodekab":"1117","idkec":"1117020","index":125},"geometry":{"type":"Polygon","coordinates":[[[96.832285,4.903509],[96.844103,4.887874],[96.849629,4.882873],[96.85449,4.880252],[96.870769,4.875549],[96.871092,4.87424],[96.865975,4.870063],[96.861785,4.86273],[96.860141,4.854493],[96.85549,4.855032],[96.841434,4.852817],[96.839044,4.855847],[96.83515,4.855618],[96.831695,4.853437],[96.807253,4.851622],[96.802272,4.853125],[96.799036,4.850076],[96.793407,4.851359],[96.791807,4.847309],[96.788651,4.849957],[96.784157,4.857933],[96.814611,4.861653],[96.823431,4.865111],[96.82428,4.866828],[96.825355,4.886835],[96.82803,4.896846],[96.832285,4.903509]]]}},{"type":"Feature","properties":{"nmkec":"Wih Pesam","nmkab":"Bener Meriah","nmprov":"Aceh","kdkec":"040","kdkab":"17","kodekab":"1117","idkec":"1117040","index":126},"geometry":{"type":"Polygon","coordinates":[[[96.836894,4.745972],[96.840423,4.747399],[96.843042,4.750334],[96.845448,4.747205],[96.846133,4.735744],[96.843742,4.72868],[96.837131,4.724404],[96.834856,4.724397],[96.829353,4.721196],[96.829057,4.719889],[96.82107,4.71294],[96.819342,4.710131],[96.829207,4.70467],[96.833124,4.69971],[96.839335,4.694764],[96.837851,4.691469],[96.837533,4.685721],[96.839536,4.684705],[96.839434,4.681745],[96.827133,4.672068],[96.822363,4.673082],[96.820515,4.676207],[96.820816,4.684182],[96.818428,4.684823],[96.81679,4.684791],[96.812243,4.68077],[96.811299,4.67881],[96.811706,4.67661],[96.80948,4.673085],[96.806338,4.673477],[96.80532,4.676942],[96.807696,4.683066],[96.799102,4.689751],[96.796155,4.694785],[96.792343,4.705872],[96.782861,4.71421],[96.778961,4.715745],[96.772161,4.715915],[96.768502,4.714077],[96.765688,4.714166],[96.763435,4.716333],[96.75987,4.71595],[96.756891,4.7139],[96.748611,4.712643],[96.740595,4.718434],[96.738324,4.723178],[96.733994,4.723427],[96.731461,4.724887],[96.715757,4.743536],[96.717996,4.742096],[96.722978,4.741791],[96.726031,4.743749],[96.726973,4.746111],[96.729031,4.747371],[96.730793,4.743616],[96.740065,4.736249],[96.743609,4.735318],[96.752163,4.736897],[96.767412,4.737567],[96.775035,4.733812],[96.780743,4.733839],[96.788588,4.734082],[96.802161,4.741234],[96.807195,4.745263],[96.810724,4.749594],[96.812881,4.755836],[96.815619,4.754488],[96.816692,4.751299],[96.825086,4.747524],[96.836894,4.745972]]]}},{"type":"Feature","properties":{"nmkec":"Bener Kelipah","nmkab":"Bener Meriah","nmprov":"Aceh","kdkec":"051","kdkab":"17","kodekab":"1117","idkec":"1117051","index":127},"geometry":{"type":"Polygon","coordinates":[[[96.898399,4.791636],[96.907129,4.78353],[96.92102,4.781588],[96.932367,4.783594],[96.935004,4.782945],[96.94045,4.775923],[96.947644,4.773087],[96.947568,4.771716],[96.949311,4.77131],[96.954351,4.774286],[96.949933,4.767987],[96.963131,4.757955],[96.959926,4.754549],[96.953327,4.755417],[96.950965,4.758212],[96.942475,4.759439],[96.934938,4.763159],[96.915958,4.760677],[96.906415,4.763728],[96.904377,4.768431],[96.901006,4.772034],[96.883932,4.780548],[96.890391,4.793313],[96.898399,4.791636]]]}},{"type":"Feature","properties":{"nmkec":"Meurah Dua","nmkab":"Pidie Jaya","nmprov":"Aceh","kdkec":"020","kdkab":"18","kodekab":"1118","idkec":"1118020","index":128},"geometry":{"type":"MultiPolygon","coordinates":[[[[96.261496,5.261714],[96.279626,5.251889],[96.273233,5.245516],[96.269201,5.243798],[96.269559,5.237092],[96.265308,5.227263],[96.272073,5.224741],[96.265685,5.213676],[96.264027,5.212337],[96.258236,5.210936],[96.254234,5.200995],[96.25367,5.195348],[96.246362,5.190153],[96.249508,5.183224],[96.24972,5.175684],[96.244824,5.171515],[96.24031,5.164457],[96.238384,5.153925],[96.233475,5.141585],[96.230709,5.140127],[96.227562,5.139817],[96.21583,5.143283],[96.217582,5.155843],[96.213115,5.16485],[96.217534,5.170037],[96.225047,5.172804],[96.226278,5.178557],[96.238068,5.187627],[96.238005,5.189026],[96.239678,5.190818],[96.244347,5.192359],[96.244307,5.19625],[96.242773,5.197863],[96.243109,5.199741],[96.249298,5.204095],[96.255851,5.21658],[96.257534,5.230361],[96.255083,5.231908],[96.254194,5.234192],[96.256559,5.239358],[96.254636,5.241898],[96.251047,5.240691],[96.248824,5.242727],[96.249347,5.244596],[96.252752,5.246344],[96.254333,5.249671],[96.252789,5.254666],[96.255225,5.256702],[96.258798,5.255973],[96.261013,5.257237],[96.260243,5.260714],[96.262356,5.265592],[96.262879,5.264756],[96.261496,5.261714]]],[[[96.27487,5.245513],[96.274761,5.245404],[96.275575,5.246302],[96.27487,5.245513]]]]}},{"type":"Feature","properties":{"nmkec":"Bandar Dua","nmkab":"Pidie Jaya","nmprov":"Aceh","kdkec":"030","kdkab":"18","kodekab":"1118","idkec":"1118030","index":129},"geometry":{"type":"MultiPolygon","coordinates":[[[[96.307361,5.2112],[96.315321,5.206082],[96.318448,5.206235],[96.320308,5.209712],[96.326618,5.211329],[96.331083,5.210659],[96.336816,5.207742],[96.341818,5.206415],[96.337409,5.19798],[96.33521,5.191395],[96.336036,5.186313],[96.334278,5.175979],[96.335965,5.169405],[96.335358,5.164527],[96.338939,5.152256],[96.327466,5.150363],[96.324984,5.151391],[96.323651,5.154274],[96.321313,5.155742],[96.320546,5.152409],[96.322282,5.150101],[96.321671,5.148527],[96.308045,5.139625],[96.306106,5.135675],[96.301723,5.136699],[96.302831,5.143895],[96.300096,5.149228],[96.297205,5.149953],[96.295368,5.145958],[96.292068,5.145053],[96.280874,5.149612],[96.271533,5.159572],[96.267559,5.152857],[96.265688,5.158029],[96.266915,5.163054],[96.262068,5.16989],[96.261737,5.172322],[96.262894,5.174697],[96.267467,5.178394],[96.269868,5.182373],[96.273309,5.184862],[96.289775,5.187875],[96.30171,5.193609],[96.305109,5.200338],[96.305152,5.203539],[96.303586,5.20619],[96.303404,5.209727],[96.304295,5.211783],[96.307361,5.2112]]],[[[96.30394,5.212636],[96.303985,5.212638],[96.304164,5.212157],[96.30394,5.212636]]],[[[96.303219,5.213768],[96.303965,5.212668],[96.303043,5.213997],[96.303219,5.213768]]]]}},{"type":"Feature","properties":{"nmkec":"Pidie Jaya","nmkab":"Pidie Jaya","nmprov":"Aceh","kdkec":"030","kdkab":"18","kodekab":"1118","idkec":"1118030","index":130},"geometry":{"type":"Polygon","coordinates":[[[96.271475,5.159559],[96.280874,5.149612],[96.292068,5.145053],[96.295368,5.145958],[96.297205,5.149953],[96.300096,5.149228],[96.302831,5.143895],[96.301723,5.136699],[96.304874,5.135762],[96.306513,5.135926],[96.308045,5.139625],[96.321545,5.148363],[96.322282,5.150101],[96.320546,5.152409],[96.321313,5.155742],[96.323651,5.154274],[96.325901,5.150744],[96.329672,5.150148],[96.338939,5.152256],[96.340885,5.148293],[96.342422,5.143159],[96.341601,5.133927],[96.347803,5.126861],[96.347532,5.112175],[96.349675,5.100975],[96.35446,5.096171],[96.354986,5.093016],[96.352301,5.082376],[96.348385,5.080938],[96.348372,5.078425],[96.350615,5.075014],[96.351287,5.070799],[96.35044,5.068989],[96.352959,5.065832],[96.358883,5.061891],[96.363447,5.05001],[96.366243,5.045863],[96.36446,5.034218],[96.362436,5.032574],[96.358185,5.025948],[96.346533,5.0152],[96.347191,5.01196],[96.341769,5.009166],[96.339174,5.004837],[96.333237,5.004143],[96.324503,5.012574],[96.316831,5.016352],[96.309036,5.027247],[96.301272,5.041206],[96.291888,5.045862],[96.279702,5.046421],[96.271809,5.049718],[96.268538,5.053033],[96.259704,5.068467],[96.256136,5.071712],[96.249776,5.074417],[96.251327,5.07882],[96.247604,5.092689],[96.247546,5.101825],[96.248826,5.105494],[96.252006,5.108449],[96.249786,5.11152],[96.245393,5.112602],[96.243504,5.115995],[96.250721,5.127616],[96.251823,5.136162],[96.254604,5.144722],[96.258587,5.147894],[96.26642,5.151196],[96.271475,5.159559]]]}},{"type":"Feature","properties":{"nmkec":"Jangka Buya","nmkab":"Pidie Jaya","nmprov":"Aceh","kdkec":"040","kdkab":"18","kodekab":"1118","idkec":"1118040","index":131},"geometry":{"type":"Polygon","coordinates":[[[96.308769,5.237912],[96.325187,5.230811],[96.342252,5.226787],[96.339486,5.217397],[96.341172,5.211552],[96.343085,5.209004],[96.341818,5.206415],[96.336816,5.207742],[96.331083,5.210659],[96.326618,5.211329],[96.320308,5.209712],[96.318448,5.206235],[96.315321,5.206082],[96.308794,5.210517],[96.304295,5.211783],[96.302322,5.215481],[96.306086,5.226355],[96.307472,5.234823],[96.308769,5.237912]]]}},{"type":"Feature","properties":{"nmkec":"Pidie Jaya","nmkab":"Pidie Jaya","nmprov":"Aceh","kdkec":"050","kdkab":"18","kodekab":"1118","idkec":"1118050","index":132},"geometry":{"type":"MultiPolygon","coordinates":[[[[96.254085,5.168344],[96.258777,5.1606],[96.261613,5.158791],[96.265688,5.158029],[96.267559,5.152857],[96.26642,5.151196],[96.258587,5.147894],[96.254604,5.144722],[96.251823,5.136162],[96.250721,5.127616],[96.245773,5.120688],[96.243964,5.116166],[96.239612,5.124394],[96.233172,5.128074],[96.231338,5.130567],[96.22721,5.136537],[96.227484,5.139815],[96.230709,5.140127],[96.233475,5.141585],[96.238384,5.153925],[96.24031,5.164457],[96.244824,5.171515],[96.249681,5.175547],[96.249479,5.177494],[96.252488,5.176821],[96.250957,5.171822],[96.251229,5.169644],[96.254085,5.168344]]],[[[96.274461,5.212123],[96.28943,5.210116],[96.29176,5.209031],[96.294323,5.206746],[96.299332,5.199374],[96.28261,5.195663],[96.260925,5.193903],[96.271882,5.202172],[96.275271,5.203022],[96.273651,5.209944],[96.274461,5.212123]]]]}},{"type":"Feature","properties":{"nmkec":"Meuraxa","nmkab":"Banda Aceh","nmprov":"Aceh","kdkec":"010","kdkab":"71","kodekab":"1171","idkec":"1171010","index":133},"geometry":{"type":"Polygon","coordinates":[[[95.308886,5.578362],[95.308194,5.556251],[95.308877,5.555352],[95.310803,5.555513],[95.312534,5.553868],[95.313077,5.552406],[95.312032,5.548993],[95.304009,5.549271],[95.301842,5.545386],[95.302285,5.540872],[95.300096,5.539823],[95.289522,5.539131],[95.285678,5.542333],[95.284006,5.542611],[95.282561,5.550426],[95.283198,5.553954],[95.282436,5.558175],[95.294189,5.566285],[95.297748,5.566527],[95.297583,5.569544],[95.308886,5.578362]],[[95.298574,5.569939],[95.297914,5.565797],[95.28755,5.560668],[95.284409,5.557439],[95.284828,5.556308],[95.28686,5.555855],[95.289004,5.55681],[95.287753,5.557194],[95.289372,5.559932],[95.298334,5.564378],[95.298574,5.569939]]]}},{"type":"Feature","properties":{"nmkec":"Jaya Baru","nmkab":"Banda Aceh","nmprov":"Aceh","kdkec":"011","kdkab":"71","kodekab":"1171","idkec":"1171011","index":134},"geometry":{"type":"Polygon","coordinates":[[[95.304009,5.549271],[95.312032,5.548993],[95.310889,5.548424],[95.308588,5.543568],[95.308549,5.538906],[95.299817,5.527964],[95.302743,5.524243],[95.305234,5.523823],[95.305744,5.522883],[95.303733,5.52053],[95.300921,5.521479],[95.296094,5.527712],[95.292783,5.52446],[95.290645,5.524875],[95.290336,5.525081],[95.289889,5.525558],[95.293036,5.526291],[95.290947,5.530405],[95.284294,5.531874],[95.280238,5.536018],[95.280389,5.538019],[95.283976,5.542614],[95.285678,5.542333],[95.289522,5.539131],[95.301792,5.540296],[95.302531,5.541958],[95.301842,5.545386],[95.304009,5.549271]]]}},{"type":"Feature","properties":{"nmkec":"Kuta Raja","nmkab":"Banda Aceh","nmprov":"Aceh","kdkec":"031","kdkab":"71","kodekab":"1171","idkec":"1171031","index":135},"geometry":{"type":"Polygon","coordinates":[[[95.308886,5.578362],[95.315402,5.583119],[95.316271,5.580715],[95.321512,5.577507],[95.323207,5.572889],[95.318364,5.56813],[95.318208,5.560542],[95.315901,5.559227],[95.313476,5.552368],[95.310803,5.555513],[95.308877,5.555352],[95.308194,5.556251],[95.308474,5.566898],[95.308886,5.578362]]]}},{"type":"Feature","properties":{"nmkec":"Sukajaya","nmkab":"Sabang","nmprov":"Aceh","kdkec":"010","kdkab":"72","kodekab":"1172","idkec":"1172010","index":136},"geometry":{"type":"Polygon","coordinates":[[[95.324545,5.90131],[95.336831,5.895853],[95.34253,5.889627],[95.348929,5.885113],[95.351376,5.881826],[95.353053,5.877403],[95.352074,5.873471],[95.352515,5.869622],[95.354531,5.86502],[95.360325,5.856638],[95.363611,5.853653],[95.368614,5.852227],[95.373071,5.847096],[95.372828,5.842852],[95.37724,5.826703],[95.374987,5.805041],[95.371452,5.80387],[95.356735,5.823474],[95.352103,5.828007],[95.345944,5.827124],[95.344463,5.825857],[95.343893,5.817993],[95.347032,5.803542],[95.345003,5.798525],[95.345394,5.792968],[95.343292,5.791969],[95.341532,5.785767],[95.337763,5.779766],[95.330315,5.772758],[95.327704,5.771709],[95.304522,5.779707],[95.292495,5.781054],[95.284879,5.780446],[95.278099,5.787224],[95.268459,5.80298],[95.2637,5.813977],[95.263233,5.81708],[95.266058,5.820424],[95.2721,5.83158],[95.274294,5.831414],[95.280215,5.823372],[95.292267,5.812084],[95.304012,5.805973],[95.313001,5.80563],[95.311835,5.811213],[95.312793,5.815808],[95.315095,5.818295],[95.319654,5.818232],[95.324137,5.820725],[95.326002,5.825439],[95.323801,5.852181],[95.335938,5.852386],[95.334945,5.869937],[95.327206,5.878539],[95.327008,5.892866],[95.324271,5.896886],[95.320576,5.89973],[95.324545,5.90131]]]}},{"type":"Feature","properties":{"nmkec":"Sukakarya","nmkab":"Sabang","nmprov":"Aceh","kdkec":"020","kdkab":"72","kodekab":"1172","idkec":"1172020","index":137},"geometry":{"type":"MultiPolygon","coordinates":[[[[95.217005,5.907187],[95.225243,5.90481],[95.234593,5.897541],[95.239937,5.891734],[95.240013,5.886043],[95.243812,5.882795],[95.246563,5.881757],[95.247544,5.877317],[95.250246,5.876172],[95.249696,5.883014],[95.251858,5.881958],[95.255833,5.8752],[95.260089,5.872275],[95.264867,5.872122],[95.267275,5.870398],[95.269002,5.86714],[95.267614,5.864709],[95.263585,5.867779],[95.258775,5.868572],[95.258992,5.867562],[95.262664,5.865694],[95.26384,5.858128],[95.269456,5.855928],[95.27896,5.847515],[95.28437,5.84795],[95.285969,5.842331],[95.291649,5.838941],[95.299517,5.838772],[95.304264,5.84073],[95.304648,5.844755],[95.301398,5.862917],[95.302191,5.872998],[95.303509,5.87406],[95.305787,5.873728],[95.306821,5.868171],[95.309742,5.868749],[95.315091,5.867163],[95.321239,5.879023],[95.324042,5.88227],[95.32444,5.885693],[95.321562,5.889909],[95.319572,5.889857],[95.316011,5.887896],[95.314626,5.885164],[95.310134,5.890445],[95.310813,5.894503],[95.320576,5.89973],[95.324271,5.896886],[95.327008,5.892866],[95.327206,5.878539],[95.334945,5.869937],[95.335938,5.852386],[95.323801,5.852181],[95.326002,5.825439],[95.324137,5.820725],[95.319654,5.818232],[95.315095,5.818295],[95.312793,5.815808],[95.311835,5.811213],[95.313001,5.80563],[95.304012,5.805973],[95.292267,5.812084],[95.280215,5.823372],[95.274294,5.831414],[95.2721,5.83158],[95.266058,5.820424],[95.263701,5.818267],[95.257656,5.827141],[95.26004,5.831533],[95.260233,5.836194],[95.256169,5.844736],[95.253214,5.848084],[95.24718,5.851458],[95.244219,5.851464],[95.24182,5.850262],[95.239339,5.851034],[95.23695,5.858929],[95.231648,5.863002],[95.228872,5.866801],[95.228489,5.869239],[95.219957,5.87512],[95.219688,5.87994],[95.215835,5.890565],[95.217344,5.898517],[95.216123,5.905691],[95.217005,5.907187]]],[[[95.117869,6.071227],[95.114653,6.071562],[95.112718,6.07529],[95.117421,6.076809],[95.120316,6.075066],[95.120988,6.074058],[95.120412,6.072906],[95.117869,6.071227]]],[[[95.254234,5.887938],[95.25983,5.881958],[95.258884,5.874842],[95.254748,5.884543],[95.254234,5.887938]]],[[[95.309315,5.877709],[95.31377,5.875025],[95.313312,5.87332],[95.310714,5.87481],[95.307893,5.874906],[95.307654,5.876635],[95.309315,5.877709]]],[[[95.253634,5.896589],[95.254497,5.894238],[95.253977,5.892968],[95.2529,5.896225],[95.253634,5.896589]]]]}},{"type":"Feature","properties":{"nmkec":"Langsa Timur","nmkab":"Langsa","nmprov":"Aceh","kdkec":"010","kdkab":"73","kodekab":"1173","idkec":"1173010","index":138},"geometry":{"type":"Polygon","coordinates":[[[98.071727,4.54739],[98.081973,4.539523],[98.085742,4.533228],[98.084591,4.529716],[98.080195,4.523762],[98.075693,4.52343],[98.079471,4.517806],[98.078614,4.512492],[98.079564,4.509995],[98.07013,4.511431],[98.062167,4.509886],[98.061421,4.505352],[98.066868,4.49385],[98.062989,4.485133],[98.063708,4.483384],[98.061606,4.478396],[98.059645,4.478091],[98.054963,4.481113],[98.047869,4.482467],[98.036858,4.479575],[98.035679,4.476714],[98.036515,4.471902],[98.039549,4.467199],[98.045659,4.470365],[98.048554,4.468245],[98.046646,4.463108],[98.045796,4.455332],[98.043453,4.447824],[98.039312,4.420564],[98.030509,4.415622],[98.027411,4.410575],[98.025991,4.410911],[98.025466,4.415953],[98.014955,4.415463],[98.011175,4.410074],[97.989352,4.409938],[97.985424,4.41268],[97.980207,4.423501],[97.981542,4.425302],[97.990663,4.426494],[97.99158,4.428832],[97.989141,4.43314],[97.992893,4.442085],[97.992834,4.448981],[97.993656,4.450937],[97.997781,4.452899],[98.000314,4.455307],[98.003561,4.461939],[98.006418,4.46524],[98.003764,4.472407],[98.005732,4.4727],[98.006931,4.478982],[98.003726,4.480907],[98.002657,4.482326],[98.002917,4.483723],[98.007201,4.484915],[98.010266,4.4912],[98.012746,4.491241],[98.014712,4.487108],[98.017252,4.485984],[98.020638,4.496918],[98.029977,4.498779],[98.032949,4.501565],[98.033948,4.503782],[98.031314,4.508096],[98.035497,4.514882],[98.046465,4.516066],[98.046702,4.517092],[98.03889,4.521353],[98.038577,4.529399],[98.03956,4.528416],[98.043622,4.529953],[98.055529,4.536519],[98.061919,4.544829],[98.071727,4.54739]]]}},{"type":"Feature","properties":{"nmkec":"Langsa Barat","nmkab":"Langsa","nmprov":"Aceh","kdkec":"020","kdkab":"73","kodekab":"1173","idkec":"1173020","index":139},"geometry":{"type":"MultiPolygon","coordinates":[[[[97.977151,4.556715],[97.984523,4.545652],[97.985913,4.539943],[97.982547,4.536247],[97.989646,4.531746],[97.997441,4.531966],[98.001466,4.530685],[98.014859,4.536138],[98.026496,4.539029],[98.029717,4.542798],[98.033449,4.542908],[98.037365,4.546567],[98.038974,4.546536],[98.039828,4.53549],[98.038577,4.529399],[98.03889,4.521353],[98.046702,4.517092],[98.045755,4.515671],[98.035497,4.514882],[98.031314,4.508096],[98.033948,4.503782],[98.032949,4.501565],[98.029977,4.498779],[98.020638,4.496918],[98.017252,4.485984],[98.014712,4.487108],[98.012746,4.491241],[98.010266,4.4912],[98.007201,4.484915],[98.00334,4.484294],[98.00268,4.483193],[98.003726,4.480907],[98.006931,4.478982],[98.005732,4.4727],[98.000304,4.472729],[97.994198,4.468825],[97.99473,4.470285],[97.990233,4.475401],[97.985487,4.475612],[97.9778,4.472998],[97.977163,4.473327],[97.978236,4.475782],[97.977395,4.476513],[97.967042,4.477406],[97.967466,4.484089],[97.965814,4.484815],[97.962984,4.484043],[97.963368,4.484789],[97.958872,4.486803],[97.957111,4.495561],[97.958412,4.495353],[97.959571,4.498341],[97.959013,4.502804],[97.957417,4.504544],[97.956466,4.508269],[97.961016,4.515134],[97.96198,4.520672],[97.967537,4.520113],[97.969746,4.521801],[97.970938,4.524818],[97.968087,4.524679],[97.962874,4.528714],[97.969005,4.532149],[97.97073,4.535025],[97.978548,4.540697],[97.98025,4.544105],[97.980505,4.545612],[97.976064,4.553812],[97.975559,4.557725],[97.977151,4.556715]]],[[[98.045377,4.546297],[98.04866,4.543942],[98.050482,4.538351],[98.0415,4.536525],[98.039963,4.540895],[98.043183,4.54525],[98.045377,4.546297]]],[[[98.056038,4.562233],[98.061846,4.560174],[98.063768,4.557046],[98.060505,4.555114],[98.059076,4.55522],[98.055871,4.558458],[98.055321,4.561431],[98.056038,4.562233]]],[[[98.07032,4.5487],[98.066928,4.546131],[98.064739,4.546403],[98.0653,4.549073],[98.063942,4.550587],[98.064099,4.552685],[98.064942,4.553435],[98.07032,4.5487]]]]}},{"type":"Feature","properties":{"nmkec":"Langsa Kota","nmkab":"Langsa","nmprov":"Aceh","kdkec":"030","kdkab":"73","kodekab":"1173","idkec":"1173030","index":140},"geometry":{"type":"Polygon","coordinates":[[[97.965814,4.484815],[97.967466,4.484089],[97.967042,4.477406],[97.977395,4.476513],[97.978236,4.475782],[97.977163,4.473327],[97.9778,4.472998],[97.985487,4.475612],[97.990233,4.475401],[97.99473,4.470285],[97.994198,4.468825],[97.990365,4.466745],[97.989874,4.464756],[97.986749,4.462562],[97.979642,4.463648],[97.977032,4.459919],[97.978778,4.459113],[97.977298,4.458115],[97.972041,4.459362],[97.971297,4.461732],[97.972574,4.464188],[97.971568,4.467993],[97.969369,4.467922],[97.96581,4.465986],[97.954955,4.469546],[97.959924,4.481512],[97.962984,4.484043],[97.965814,4.484815]]]}},{"type":"Feature","properties":{"nmkec":"Muara Dua","nmkab":"Lhokseumawe","nmprov":"Aceh","kdkec":"020","kdkab":"74","kodekab":"1174","idkec":"1174020","index":141},"geometry":{"type":"Polygon","coordinates":[[[97.113622,5.20217],[97.11508,5.198763],[97.121031,5.195041],[97.123571,5.197086],[97.126283,5.195801],[97.12856,5.188776],[97.132736,5.182921],[97.132558,5.17681],[97.140414,5.164331],[97.142599,5.157457],[97.150438,5.148523],[97.15151,5.145467],[97.150895,5.141711],[97.153891,5.141955],[97.15985,5.135276],[97.159834,5.132878],[97.147413,5.120502],[97.136769,5.125805],[97.137069,5.128712],[97.12405,5.131659],[97.120212,5.133906],[97.117609,5.141754],[97.12069,5.142212],[97.122402,5.144668],[97.125555,5.151866],[97.125129,5.154633],[97.124354,5.153125],[97.117264,5.158491],[97.112272,5.159926],[97.099982,5.173347],[97.099176,5.177217],[97.096209,5.181764],[97.095632,5.188418],[97.103685,5.193335],[97.100739,5.197834],[97.106995,5.196754],[97.111989,5.199217],[97.113622,5.20217]]]}},{"type":"Feature","properties":{"nmkec":"Muara Satu","nmkab":"Lhokseumawe","nmprov":"Aceh","kdkec":"021","kdkab":"74","kodekab":"1174","idkec":"1174021","index":142},"geometry":{"type":"Polygon","coordinates":[[[97.052392,5.239374],[97.05193,5.232102],[97.046872,5.23188],[97.046335,5.22776],[97.047064,5.226469],[97.046964,5.227647],[97.05361,5.224632],[97.055096,5.225598],[97.059998,5.236506],[97.073717,5.233488],[97.073187,5.230552],[97.07582,5.229027],[97.074295,5.225771],[97.068198,5.228404],[97.065981,5.218703],[97.066917,5.217619],[97.076929,5.212501],[97.081551,5.211815],[97.085147,5.212283],[97.089038,5.214609],[97.093689,5.215826],[97.101035,5.212131],[97.112971,5.200809],[97.11161,5.198922],[97.106995,5.196754],[97.100739,5.197834],[97.103685,5.193335],[97.095632,5.188418],[97.096209,5.181764],[97.099176,5.177217],[97.100011,5.173347],[97.096211,5.174252],[97.093563,5.171507],[97.094462,5.167329],[97.091569,5.167874],[97.089455,5.166982],[97.089891,5.168052],[97.088062,5.168952],[97.066925,5.165174],[97.066594,5.163096],[97.064754,5.161028],[97.060569,5.164903],[97.056848,5.170579],[97.060896,5.177262],[97.060748,5.178307],[97.057415,5.18269],[97.051692,5.193997],[97.045353,5.198462],[97.028825,5.196051],[97.026582,5.197204],[97.027139,5.199208],[97.030775,5.202241],[97.031062,5.204712],[97.025976,5.208765],[97.027316,5.210516],[97.036823,5.213309],[97.038297,5.215697],[97.035366,5.22069],[97.036942,5.229587],[97.045556,5.240846],[97.046446,5.24139],[97.052392,5.239374]]]}},{"type":"Feature","properties":{"nmkec":"Banda Sakti","nmkab":"Lhokseumawe","nmprov":"Aceh","kdkec":"030","kdkab":"74","kodekab":"1174","idkec":"1174030","index":143},"geometry":{"type":"Polygon","coordinates":[[[97.116507,5.214414],[97.12146,5.210577],[97.142015,5.200372],[97.148142,5.193724],[97.152849,5.184028],[97.154342,5.176515],[97.153907,5.173844],[97.150511,5.16715],[97.142974,5.164176],[97.136357,5.173401],[97.132558,5.17681],[97.132736,5.182921],[97.12856,5.188776],[97.126283,5.195801],[97.123571,5.197086],[97.121031,5.195041],[97.11508,5.198763],[97.114088,5.202167],[97.112971,5.200809],[97.111422,5.202479],[97.113837,5.205285],[97.112148,5.210912],[97.115046,5.214945],[97.11639,5.215642],[97.116507,5.214414]],[[97.142928,5.173716],[97.140854,5.172233],[97.140138,5.169637],[97.143161,5.164871],[97.147258,5.17178],[97.146337,5.173763],[97.142928,5.173716]]]}},{"type":"Feature","properties":{"nmkec":"Penanggalan","nmkab":"Subulussalam","nmprov":"Aceh","kdkec":"020","kdkab":"75","kodekab":"1175","idkec":"1175020","index":144},"geometry":{"type":"Polygon","coordinates":[[[98.049389,2.719394],[98.061591,2.715869],[98.068102,2.716348],[98.07094,2.718049],[98.073512,2.721806],[98.0747,2.726918],[98.084601,2.707511],[98.100633,2.689285],[98.103886,2.681717],[98.104868,2.663739],[98.103172,2.654726],[98.105802,2.63952],[98.10459,2.628627],[98.108526,2.624372],[98.112608,2.613378],[98.109608,2.604061],[98.100436,2.601534],[98.091443,2.601215],[98.084976,2.602747],[98.083449,2.592136],[98.07923,2.583098],[98.06525,2.585666],[98.055794,2.585285],[98.055746,2.582729],[98.059641,2.572656],[98.051874,2.561572],[98.046591,2.561468],[98.044097,2.563872],[98.042849,2.566628],[98.040706,2.566326],[98.03478,2.559755],[98.033285,2.559553],[98.032138,2.559853],[98.030938,2.564464],[98.031533,2.568625],[98.026646,2.571879],[98.025495,2.578445],[98.02275,2.584614],[98.0196,2.585355],[98.013364,2.589777],[98.010501,2.593943],[98.006353,2.597753],[97.988374,2.609684],[97.99112,2.612216],[97.993582,2.611388],[97.99791,2.614779],[98.00392,2.616814],[98.004984,2.622618],[98.004435,2.625005],[98.006174,2.632675],[98.014765,2.645889],[98.016905,2.6528],[98.01659,2.657395],[98.019354,2.661211],[98.021343,2.662244],[98.025073,2.661966],[98.026226,2.658122],[98.025202,2.656651],[98.026754,2.655633],[98.029864,2.65535],[98.032112,2.658987],[98.034351,2.66435],[98.034014,2.667363],[98.032326,2.668223],[98.031083,2.671727],[98.030542,2.676315],[98.042269,2.687465],[98.042373,2.698471],[98.040954,2.705018],[98.039875,2.72086],[98.040406,2.724146],[98.045211,2.727923],[98.04931,2.728396],[98.049389,2.719394]]]}},{"type":"Feature","properties":{"nmkec":"Rundeng","nmkab":"Subulussalam","nmprov":"Aceh","kdkec":"030","kdkab":"75","kodekab":"1175","idkec":"1175030","index":145},"geometry":{"type":"Polygon","coordinates":[[[97.808281,2.793929],[97.81489,2.78439],[97.814426,2.783877],[97.812623,2.78718],[97.810484,2.788611],[97.809297,2.788371],[97.803646,2.784862],[97.805526,2.781615],[97.812288,2.774296],[97.818179,2.773413],[97.821633,2.771217],[97.825869,2.766117],[97.837518,2.760255],[97.844641,2.749991],[97.857393,2.735639],[97.872427,2.722707],[97.877655,2.72031],[97.882627,2.732095],[97.892239,2.737897],[97.893478,2.736781],[97.894735,2.734909],[97.895713,2.72868],[97.895559,2.718989],[97.898842,2.707298],[97.902151,2.703314],[97.895179,2.701386],[97.891077,2.698083],[97.888992,2.68823],[97.895429,2.678667],[97.913923,2.676989],[97.925221,2.672978],[97.933904,2.667787],[97.937962,2.666992],[97.933223,2.643528],[97.928919,2.642845],[97.92726,2.641336],[97.919203,2.641153],[97.903149,2.642733],[97.895712,2.646602],[97.892695,2.651459],[97.888831,2.652879],[97.888784,2.642218],[97.876001,2.641379],[97.864675,2.636096],[97.863069,2.632696],[97.864404,2.618226],[97.867016,2.612875],[97.867201,2.610269],[97.86618,2.609424],[97.860377,2.608794],[97.85373,2.612359],[97.848876,2.612418],[97.848258,2.610141],[97.849923,2.607979],[97.850601,2.601591],[97.849715,2.60026],[97.843484,2.600069],[97.833967,2.597744],[97.813235,2.600963],[97.82487,2.63512],[97.824709,2.637235],[97.813872,2.652823],[97.817402,2.667098],[97.779791,2.758695],[97.766462,2.787188],[97.798451,2.805515],[97.808281,2.793929]]]}},{"type":"Feature","properties":{"nmkec":"Sultan Daulat","nmkab":"Subulussalam","nmprov":"Aceh","kdkec":"040","kdkab":"75","kodekab":"1175","idkec":"1175040","index":146},"geometry":{"type":"Polygon","coordinates":[[[97.871166,3.009755],[97.883066,3.007132],[97.888029,3.009229],[97.901597,3.007846],[97.906442,3.001676],[97.926854,2.993479],[97.930157,2.990861],[97.935135,2.98952],[97.937842,2.986605],[97.945144,2.986385],[97.953104,2.984706],[97.954126,2.981785],[97.954053,2.969809],[97.955148,2.958929],[97.952446,2.949581],[97.952081,2.941549],[97.950694,2.935415],[97.949935,2.934114],[97.944706,2.931143],[97.94383,2.927346],[97.944341,2.923475],[97.947207,2.918126],[97.945253,2.912522],[97.95177,2.909145],[97.948693,2.895331],[97.958424,2.89211],[97.970522,2.889885],[97.988528,2.882786],[97.992402,2.882203],[97.996407,2.876128],[98.004004,2.87362],[98.011936,2.868022],[98.02776,2.85589],[98.032281,2.850458],[98.035026,2.848668],[98.039907,2.84882],[98.04555,2.830274],[98.050736,2.823114],[98.056837,2.819305],[98.064006,2.817629],[98.076055,2.819305],[98.07331,2.814583],[98.065455,2.809289],[98.047651,2.800064],[98.042116,2.787947],[98.039451,2.778785],[98.036115,2.779463],[98.033223,2.781655],[98.01424,2.771791],[98.013991,2.771031],[98.016271,2.770189],[98.017952,2.768019],[98.021075,2.762594],[98.021436,2.761389],[98.019158,2.759939],[98.01904,2.757286],[98.020724,2.750895],[98.014853,2.744377],[98.009832,2.723507],[98.00662,2.719277],[98.001564,2.715692],[98.002025,2.7109],[97.998178,2.706296],[97.987121,2.696645],[97.98428,2.692329],[97.977611,2.693979],[97.973579,2.698793],[97.959367,2.703756],[97.952514,2.702586],[97.939635,2.704673],[97.930135,2.704025],[97.922219,2.701333],[97.910075,2.699505],[97.904964,2.701403],[97.900382,2.704787],[97.898842,2.707298],[97.895559,2.718989],[97.895713,2.72868],[97.894735,2.734909],[97.892239,2.737897],[97.882627,2.732095],[97.877655,2.72031],[97.872427,2.722707],[97.857393,2.735639],[97.844641,2.749991],[97.837518,2.760255],[97.825869,2.766117],[97.821633,2.771217],[97.818179,2.773413],[97.812288,2.774296],[97.805526,2.781615],[97.803646,2.784862],[97.810484,2.788611],[97.812623,2.78718],[97.814426,2.783877],[97.81489,2.78439],[97.811567,2.790095],[97.798451,2.805515],[97.847996,2.833503],[97.852547,2.837381],[97.860231,2.846557],[97.86,2.859082],[97.857297,2.868565],[97.857034,2.873973],[97.858194,2.881716],[97.861583,2.884164],[97.875177,2.888933],[97.886434,2.894286],[97.901735,2.907203],[97.90487,2.911693],[97.908018,2.925855],[97.90652,2.954078],[97.904112,2.959586],[97.89963,2.965767],[97.890159,2.965517],[97.871713,2.967348],[97.814495,2.982435],[97.82743,2.998746],[97.833467,3.001858],[97.840973,3.003209],[97.85148,3.000984],[97.860023,3.003358],[97.871166,3.009755]]]}},{"type":"Feature","properties":{"nmkec":"Longkib","nmkab":"Subulussalam","nmprov":"Aceh","kdkec":"050","kdkab":"75","kodekab":"1175","idkec":"1175050","index":147},"geometry":{"type":"Polygon","coordinates":[[[97.888831,2.652879],[97.892695,2.651459],[97.895712,2.646602],[97.903149,2.642733],[97.919203,2.641153],[97.92726,2.641336],[97.931986,2.643733],[97.933223,2.643528],[97.933403,2.642344],[97.936924,2.644774],[97.936208,2.638862],[97.937058,2.633992],[97.950983,2.628079],[97.955168,2.629304],[97.958675,2.632828],[97.959993,2.631959],[97.961398,2.632692],[97.964557,2.638539],[97.966856,2.640828],[97.977353,2.641259],[97.980388,2.62321],[97.982678,2.618359],[97.99112,2.612216],[97.966665,2.590082],[97.956798,2.579866],[97.947909,2.5781],[97.94536,2.579504],[97.941507,2.579345],[97.940327,2.578719],[97.939925,2.576312],[97.937752,2.573905],[97.933527,2.573432],[97.930605,2.57593],[97.919888,2.572937],[97.916048,2.570098],[97.915796,2.56787],[97.917827,2.565549],[97.920147,2.564824],[97.911155,2.555614],[97.907166,2.554961],[97.905941,2.550473],[97.904083,2.550562],[97.895741,2.557708],[97.889787,2.558845],[97.885794,2.550175],[97.882725,2.548129],[97.875731,2.547484],[97.873519,2.549484],[97.870984,2.556024],[97.863496,2.560588],[97.85369,2.563824],[97.850184,2.559061],[97.842891,2.556944],[97.84353,2.547032],[97.842795,2.538855],[97.84747,2.531499],[97.849945,2.531677],[97.851247,2.527853],[97.846596,2.518822],[97.842286,2.517393],[97.840024,2.513993],[97.840611,2.504055],[97.842028,2.49962],[97.838847,2.500598],[97.837876,2.502793],[97.791741,2.507346],[97.795499,2.547183],[97.813235,2.600963],[97.833967,2.597744],[97.843484,2.600069],[97.849715,2.60026],[97.850601,2.601591],[97.849923,2.607979],[97.848258,2.610141],[97.848876,2.612418],[97.85373,2.612359],[97.860377,2.608794],[97.86618,2.609424],[97.867201,2.610269],[97.867016,2.612875],[97.864404,2.618226],[97.863069,2.632696],[97.864675,2.636096],[97.876001,2.641379],[97.888784,2.642218],[97.888831,2.652879]]]}},{"type":"Feature","properties":{"nmkec":"Simeulue","nmkab":"Simeulue","nmprov":"Aceh","kdkec":"010","kdkab":"01","kodekab":"1101","idkec":"1101010","index":148},"geometry":{"type":"MultiPolygon","coordinates":[[[[96.665093,2.120178],[96.67806,2.110208],[96.682966,2.096023],[96.687161,2.090491],[96.686856,2.085749],[96.684947,2.082581],[96.675595,2.072793],[96.672846,2.071381],[96.669332,2.072093],[96.665901,2.067817],[96.663137,2.06625],[96.65966,2.066953],[96.648415,2.056343],[96.644052,2.055994],[96.638196,2.05953],[96.635707,2.058349],[96.628762,2.061996],[96.622764,2.066251],[96.61529,2.07464],[96.611944,2.082567],[96.612324,2.088457],[96.61434,2.090109],[96.615079,2.092869],[96.610696,2.096745],[96.610529,2.10374],[96.613475,2.111465],[96.621907,2.118256],[96.627769,2.121003],[96.633989,2.120804],[96.640023,2.118949],[96.64167,2.11913],[96.645153,2.122067],[96.64973,2.122976],[96.661436,2.121476],[96.665093,2.120178]]],[[[96.45399,2.403945],[96.459575,2.401339],[96.459269,2.398562],[96.455201,2.388697],[96.452642,2.389106],[96.449689,2.38605],[96.439821,2.386349],[96.431376,2.389154],[96.42989,2.391379],[96.420365,2.394473],[96.419232,2.401474],[96.419651,2.418243],[96.421809,2.42317],[96.421643,2.427372],[96.417494,2.434613],[96.439219,2.437188],[96.440198,2.438305],[96.443338,2.437439],[96.446342,2.430875],[96.446574,2.422633],[96.450547,2.409076],[96.45399,2.403945]]],[[[96.648185,2.169428],[96.651456,2.168246],[96.657405,2.169107],[96.66196,2.166579],[96.660575,2.160413],[96.657887,2.15576],[96.651606,2.149343],[96.643251,2.148641],[96.636114,2.149386],[96.633215,2.150853],[96.624562,2.158423],[96.616744,2.168598],[96.609565,2.174759],[96.607847,2.179782],[96.608348,2.181973],[96.61225,2.18473],[96.625079,2.187863],[96.634633,2.186394],[96.642354,2.177113],[96.643436,2.173227],[96.648185,2.169428]]]]}},{"type":"Feature","properties":{"nmkec":"Teupah Selatan","nmkab":"Simeulue","nmprov":"Aceh","kdkec":"010","kdkab":"01","kodekab":"1101","idkec":"1101010","index":149},"geometry":{"type":"MultiPolygon","coordinates":[[[[96.416432,2.487602],[96.422203,2.482698],[96.42507,2.478096],[96.427522,2.477813],[96.429859,2.478695],[96.430116,2.481291],[96.425959,2.486369],[96.426915,2.491682],[96.432395,2.49015],[96.446264,2.477795],[96.450868,2.476085],[96.453759,2.476134],[96.45723,2.471117],[96.455656,2.469308],[96.455485,2.467368],[96.460355,2.463632],[96.465484,2.462099],[96.467328,2.460384],[96.471277,2.449216],[96.470728,2.446112],[96.466275,2.437775],[96.472106,2.435494],[96.47163,2.432321],[96.470435,2.431462],[96.468214,2.431697],[96.466232,2.427966],[96.468156,2.426353],[96.473299,2.430076],[96.475666,2.430266],[96.478696,2.426296],[96.478962,2.424578],[96.47695,2.422327],[96.483032,2.417684],[96.486433,2.411988],[96.486918,2.410447],[96.482855,2.403873],[96.477515,2.401263],[96.476912,2.39852],[96.477874,2.396725],[96.490013,2.389289],[96.491649,2.38704],[96.491261,2.378886],[96.493276,2.375677],[96.496755,2.373975],[96.499044,2.36759],[96.499164,2.363208],[96.487839,2.354945],[96.480856,2.344251],[96.469982,2.340019],[96.465343,2.341778],[96.460625,2.339864],[96.454397,2.333511],[96.448903,2.331248],[96.446464,2.331517],[96.441164,2.328017],[96.436343,2.327766],[96.425325,2.330117],[96.415871,2.329874],[96.407062,2.332076],[96.40274,2.335651],[96.395057,2.339692],[96.391623,2.342758],[96.390659,2.345695],[96.387344,2.348981],[96.37715,2.348594],[96.37406,2.347481],[96.373042,2.34638],[96.372747,2.340062],[96.367352,2.336809],[96.364316,2.337224],[96.359788,2.341099],[96.355413,2.339892],[96.344651,2.341243],[96.33879,2.347544],[96.345211,2.362424],[96.351936,2.38656],[96.403269,2.417431],[96.409006,2.422211],[96.415223,2.429195],[96.417494,2.434613],[96.421643,2.427372],[96.421809,2.42317],[96.419651,2.418243],[96.419232,2.401474],[96.420365,2.394473],[96.42989,2.391379],[96.431376,2.389154],[96.439821,2.386349],[96.449689,2.38605],[96.452642,2.389106],[96.455201,2.388697],[96.459269,2.398562],[96.459575,2.401339],[96.45399,2.403945],[96.451052,2.407814],[96.446574,2.422633],[96.446342,2.430875],[96.443338,2.437439],[96.440198,2.438305],[96.439219,2.437188],[96.418294,2.434724],[96.425173,2.443517],[96.428141,2.445567],[96.428287,2.451256],[96.427924,2.459485],[96.410444,2.480784],[96.410067,2.494363],[96.41291,2.495785],[96.416432,2.487602]]],[[[96.49222,2.437357],[96.496881,2.433972],[96.505684,2.432986],[96.516346,2.427097],[96.516739,2.423459],[96.509707,2.415082],[96.487394,2.419847],[96.487973,2.423678],[96.486388,2.425549],[96.481412,2.423939],[96.479518,2.424823],[96.481872,2.427524],[96.48683,2.428003],[96.48964,2.429535],[96.491152,2.432264],[96.489241,2.432465],[96.488241,2.43374],[96.489274,2.437709],[96.49222,2.437357]]],[[[96.482992,2.438523],[96.485188,2.435765],[96.484314,2.434265],[96.481804,2.433173],[96.475662,2.436629],[96.476241,2.439274],[96.477408,2.440188],[96.482992,2.438523]]],[[[96.499602,2.414136],[96.502825,2.413126],[96.502551,2.411835],[96.500607,2.411846],[96.499144,2.413253],[96.499602,2.414136]]]]}},{"type":"Feature","properties":{"nmkec":"Simeulue","nmkab":"Simeulue","nmprov":"Aceh","kdkec":"020","kdkab":"01","kodekab":"1101","idkec":"1101020","index":150},"geometry":{"type":"MultiPolygon","coordinates":[[[[96.357374,2.445037],[96.353019,2.448536],[96.329419,2.458929],[96.325309,2.463303],[96.316019,2.466642],[96.317722,2.469495],[96.320021,2.478823],[96.329502,2.481228],[96.342059,2.482542],[96.356414,2.487889],[96.357568,2.47806],[96.362685,2.469009],[96.363334,2.457661],[96.357374,2.445037]]],[[[96.349747,2.533843],[96.349303,2.529996],[96.34474,2.532068],[96.346025,2.533685],[96.349747,2.533843]]],[[[96.346861,2.541596],[96.350472,2.539882],[96.352138,2.540636],[96.353439,2.539676],[96.348193,2.538642],[96.346861,2.541596]]],[[[96.347477,2.528225],[96.349747,2.525273],[96.345793,2.527418],[96.347477,2.528225]]],[[[96.359345,2.540033],[96.356743,2.537353],[96.355687,2.539151],[96.359345,2.540033]]],[[[96.34663,2.538956],[96.344997,2.539271],[96.344811,2.54025],[96.346749,2.540572],[96.34663,2.538956]]],[[[96.345491,2.533649],[96.344474,2.534581],[96.345575,2.535476],[96.345892,2.535089],[96.345491,2.533649]]],[[[96.306138,2.629525],[96.305413,2.629275],[96.304414,2.629887],[96.304545,2.630268],[96.306138,2.629525]]],[[[96.326602,2.639288],[96.326366,2.637663],[96.326212,2.639753],[96.326602,2.639288]]],[[[96.349862,2.542229],[96.349178,2.541645],[96.348694,2.542403],[96.349862,2.542229]]]]}},{"type":"Feature","properties":{"nmkec":"Simeulue","nmkab":"Simeulue","nmprov":"Aceh","kdkec":"021","kdkab":"01","kodekab":"1101","idkec":"1101021","index":151},"geometry":{"type":"Polygon","coordinates":[[[96.231147,2.413135],[96.22933,2.414144],[96.231167,2.416094],[96.232084,2.414546],[96.231147,2.413135]]]}},{"type":"Feature","properties":{"nmkec":"Teupah Tengah","nmkab":"Simeulue","nmprov":"Aceh","kdkec":"022","kdkab":"01","kodekab":"1101","idkec":"1101022","index":152},"geometry":{"type":"Polygon","coordinates":[[[96.356612,2.446223],[96.358434,2.443471],[96.359687,2.437231],[96.370121,2.426085],[96.379236,2.419583],[96.395454,2.412627],[96.351936,2.38656],[96.345211,2.362424],[96.33879,2.347544],[96.335599,2.349014],[96.325339,2.349925],[96.318093,2.354207],[96.314053,2.359486],[96.315143,2.361956],[96.323638,2.364132],[96.333961,2.371907],[96.335288,2.378914],[96.334076,2.380411],[96.333897,2.382695],[96.335714,2.386775],[96.335735,2.389679],[96.33329,2.391263],[96.319658,2.383265],[96.314199,2.384806],[96.312956,2.387658],[96.313666,2.400737],[96.315693,2.403703],[96.319405,2.405085],[96.316621,2.414111],[96.314447,2.417898],[96.309372,2.422245],[96.297248,2.425861],[96.30171,2.438393],[96.306306,2.445871],[96.310938,2.458131],[96.316019,2.466642],[96.325309,2.463303],[96.329419,2.458929],[96.356612,2.446223]]]}},{"type":"Feature","properties":{"nmkec":"Simeulue Tengah","nmkab":"Simeulue","nmprov":"Aceh","kdkec":"030","kdkab":"01","kodekab":"1101","idkec":"1101030","index":153},"geometry":{"type":"Polygon","coordinates":[[[95.955798,2.723907],[95.95796,2.723681],[95.958942,2.726168],[95.960782,2.72667],[95.962761,2.725862],[95.968396,2.718061],[95.971457,2.715359],[95.984817,2.708029],[96.003849,2.695383],[96.005969,2.691819],[96.007561,2.683873],[96.011759,2.675616],[96.013513,2.674536],[96.015309,2.674812],[96.017995,2.678658],[96.022844,2.680025],[96.034116,2.681092],[96.044451,2.680214],[96.045661,2.681346],[96.046191,2.684961],[96.04892,2.689756],[96.052397,2.68987],[96.063544,2.69833],[96.06786,2.68161],[96.068759,2.645086],[96.070302,2.641209],[96.084991,2.627585],[96.090093,2.620981],[96.094976,2.608961],[96.094692,2.597242],[96.097061,2.597344],[96.102877,2.60158],[96.123119,2.595132],[96.135973,2.587863],[96.153782,2.583355],[96.173125,2.569489],[96.175761,2.565783],[96.178036,2.55566],[96.181364,2.549841],[96.180424,2.548862],[96.175159,2.550153],[96.169441,2.549088],[96.167112,2.54405],[96.164531,2.542732],[96.162278,2.54334],[96.159844,2.539815],[96.15899,2.533869],[96.157616,2.533155],[96.152769,2.539128],[96.143629,2.54436],[96.143174,2.547015],[96.140034,2.547579],[96.13175,2.547433],[96.121399,2.541146],[96.116769,2.540441],[96.095019,2.551678],[96.086672,2.554174],[96.083304,2.558286],[96.085946,2.562431],[96.081094,2.566008],[96.073502,2.569789],[96.063914,2.569888],[96.061426,2.568429],[96.0617,2.566345],[96.060191,2.563715],[96.057485,2.563687],[96.055194,2.565418],[96.049423,2.576401],[96.035886,2.581285],[96.019746,2.584791],[96.015423,2.589569],[96.012411,2.590556],[96.00891,2.590443],[96.005004,2.58846],[95.996322,2.565839],[95.993695,2.566426],[95.992292,2.57068],[95.99361,2.579952],[95.992426,2.581997],[95.990368,2.583949],[95.986786,2.584099],[95.979874,2.587787],[95.973835,2.587302],[95.96495,2.583847],[95.963024,2.581448],[95.965805,2.577945],[95.965326,2.576651],[95.962487,2.576159],[95.96012,2.577092],[95.95725,2.575764],[95.953886,2.583622],[95.953486,2.586709],[95.94928,2.587467],[95.946905,2.588922],[95.94542,2.59135],[95.945806,2.592713],[95.940679,2.608892],[95.938605,2.621451],[95.941643,2.639577],[95.947291,2.654232],[95.952046,2.663318],[95.953503,2.67353],[95.953408,2.675653],[95.947187,2.684445],[95.947221,2.688416],[95.95053,2.694133],[95.950298,2.698317],[95.947866,2.700709],[95.940292,2.70163],[95.940489,2.70453],[95.941999,2.711354],[95.948824,2.712501],[95.953082,2.71617],[95.953528,2.717527],[95.950863,2.723663],[95.951073,2.729175],[95.955798,2.723907]]]}},{"type":"Feature","properties":{"nmkec":"Teluk Dalam","nmkab":"Simeulue","nmprov":"Aceh","kdkec":"031","kdkab":"01","kodekab":"1101","idkec":"1101031","index":154},"geometry":{"type":"MultiPolygon","coordinates":[[[[96.092284,2.749967],[96.103892,2.742614],[96.119438,2.736103],[96.120084,2.73442],[96.122779,2.734086],[96.122951,2.728713],[96.130417,2.73144],[96.131901,2.731076],[96.132291,2.728269],[96.127131,2.727628],[96.13001,2.726967],[96.132505,2.721261],[96.132076,2.719856],[96.130278,2.722855],[96.128051,2.724216],[96.12272,2.725233],[96.112359,2.730096],[96.110964,2.725176],[96.114218,2.714076],[96.115618,2.712297],[96.12223,2.708659],[96.128717,2.70101],[96.134759,2.703698],[96.138327,2.706985],[96.139705,2.710951],[96.145796,2.712102],[96.147079,2.703215],[96.145752,2.702254],[96.142938,2.702515],[96.142653,2.701311],[96.14495,2.699146],[96.147087,2.699851],[96.147372,2.698734],[96.145614,2.695012],[96.142909,2.69583],[96.141913,2.695293],[96.143938,2.691466],[96.148165,2.693949],[96.151655,2.688944],[96.150217,2.687938],[96.14075,2.688862],[96.137235,2.687128],[96.13463,2.683378],[96.129514,2.682475],[96.11934,2.68648],[96.115238,2.685917],[96.112466,2.686935],[96.119769,2.690206],[96.12096,2.692503],[96.119074,2.693858],[96.111017,2.690608],[96.108631,2.68892],[96.10025,2.678163],[96.092189,2.67491],[96.093642,2.672586],[96.101844,2.672161],[96.104062,2.661516],[96.103955,2.659801],[96.101564,2.659327],[96.102591,2.655809],[96.105743,2.653344],[96.105525,2.651672],[96.100584,2.651794],[96.098208,2.654217],[96.097437,2.652344],[96.099306,2.648962],[96.103051,2.648864],[96.103281,2.644916],[96.105846,2.643089],[96.106704,2.640246],[96.105649,2.636656],[96.108198,2.635994],[96.109411,2.638135],[96.114788,2.641],[96.11457,2.639774],[96.110899,2.636735],[96.111192,2.634463],[96.116814,2.636994],[96.121051,2.634664],[96.124107,2.635229],[96.12591,2.640981],[96.125436,2.64479],[96.126361,2.647198],[96.129572,2.647896],[96.131289,2.64311],[96.132617,2.643381],[96.134051,2.646236],[96.132775,2.651892],[96.136934,2.654509],[96.137645,2.653686],[96.136526,2.649116],[96.138505,2.646842],[96.141645,2.648481],[96.142125,2.651914],[96.142907,2.64873],[96.144705,2.647352],[96.146096,2.649606],[96.148207,2.646893],[96.144391,2.639331],[96.142954,2.638213],[96.143844,2.636321],[96.146223,2.63713],[96.153455,2.647996],[96.154322,2.64763],[96.15391,2.642895],[96.162272,2.638636],[96.162652,2.637189],[96.16017,2.637228],[96.160554,2.634087],[96.161619,2.633332],[96.163701,2.633693],[96.165533,2.636616],[96.171096,2.63576],[96.172348,2.631106],[96.174964,2.630266],[96.179805,2.615549],[96.183789,2.617073],[96.186817,2.620266],[96.191831,2.617247],[96.19291,2.620235],[96.191637,2.622836],[96.188725,2.625684],[96.182727,2.635451],[96.183164,2.648956],[96.181176,2.656014],[96.177646,2.659126],[96.173833,2.659941],[96.170721,2.664301],[96.174074,2.661078],[96.174537,2.662282],[96.166987,2.66964],[96.162722,2.66854],[96.161186,2.667251],[96.161916,2.666102],[96.157592,2.662816],[96.154364,2.66497],[96.151985,2.668083],[96.153038,2.669009],[96.154841,2.668281],[96.163906,2.670279],[96.162679,2.673685],[96.158817,2.67684],[96.163065,2.679323],[96.165376,2.676365],[96.165876,2.671019],[96.171377,2.668135],[96.172638,2.669118],[96.172655,2.671191],[96.168837,2.674546],[96.172337,2.674554],[96.174888,2.673647],[96.175501,2.667075],[96.177404,2.667993],[96.180973,2.667444],[96.188165,2.655532],[96.187606,2.653645],[96.186561,2.655603],[96.185021,2.655797],[96.184927,2.653082],[96.190096,2.650264],[96.198165,2.64821],[96.204088,2.642679],[96.205789,2.637198],[96.208496,2.635622],[96.212794,2.635966],[96.218714,2.633907],[96.219786,2.630211],[96.217658,2.630273],[96.217499,2.632211],[96.216925,2.63143],[96.217437,2.630027],[96.219725,2.627693],[96.226107,2.626905],[96.226023,2.624944],[96.221771,2.62411],[96.221199,2.622415],[96.222932,2.620213],[96.231636,2.621748],[96.238905,2.62002],[96.240036,2.618914],[96.241124,2.615419],[96.240642,2.606786],[96.242697,2.603512],[96.232668,2.599992],[96.229111,2.597803],[96.225913,2.592762],[96.217546,2.584123],[96.217315,2.579241],[96.210751,2.560092],[96.207274,2.553066],[96.20083,2.545468],[96.191322,2.543557],[96.190123,2.544548],[96.189368,2.548392],[96.183915,2.552138],[96.181364,2.549841],[96.178036,2.55566],[96.175761,2.565783],[96.173125,2.569489],[96.153782,2.583355],[96.135973,2.587863],[96.123119,2.595132],[96.102877,2.60158],[96.097061,2.597344],[96.094692,2.597242],[96.094976,2.608961],[96.090093,2.620981],[96.084991,2.627585],[96.070302,2.641209],[96.068759,2.645086],[96.067978,2.654744],[96.06786,2.68161],[96.063557,2.698285],[96.074863,2.7019],[96.082896,2.711081],[96.084121,2.7233],[96.090664,2.738288],[96.089878,2.742164],[96.088028,2.743247],[96.090323,2.750061],[96.092284,2.749967]]],[[[96.113938,2.747963],[96.127428,2.740064],[96.129405,2.737908],[96.128237,2.735276],[96.12302,2.739853],[96.120072,2.740225],[96.114324,2.744221],[96.10926,2.744908],[96.106661,2.742754],[96.10402,2.74462],[96.106432,2.745918],[96.108656,2.751538],[96.111358,2.752101],[96.113599,2.750792],[96.113938,2.747963]]],[[[96.215917,2.649701],[96.21234,2.650833],[96.20972,2.654124],[96.212822,2.655643],[96.21973,2.653205],[96.218996,2.650427],[96.215917,2.649701]]],[[[96.13495,2.726402],[96.138147,2.72367],[96.138798,2.719906],[96.137093,2.719657],[96.134574,2.7258],[96.133022,2.726554],[96.13495,2.726402]]],[[[96.146721,2.672467],[96.143471,2.674884],[96.144251,2.678195],[96.147322,2.675276],[96.146721,2.672467]]],[[[96.104296,2.749811],[96.105678,2.746116],[96.104793,2.745535],[96.099091,2.748885],[96.0992,2.749665],[96.101641,2.748178],[96.103387,2.75001],[96.104296,2.749811]]]]}},{"type":"Feature","properties":{"nmkec":"Simeulue Cut","nmkab":"Simeulue","nmprov":"Aceh","kdkec":"032","kdkab":"01","kodekab":"1101","idkec":"1101032","index":155},"geometry":{"type":"MultiPolygon","coordinates":[[[[95.940679,2.608892],[95.945806,2.592713],[95.94542,2.59135],[95.946905,2.588922],[95.94928,2.587467],[95.953486,2.586709],[95.953886,2.583622],[95.95725,2.575764],[95.956307,2.57463],[95.956712,2.571403],[95.955696,2.570377],[95.951169,2.570455],[95.943662,2.572535],[95.933943,2.577807],[95.931497,2.579886],[95.930859,2.586952],[95.928588,2.58665],[95.927591,2.584804],[95.923359,2.585578],[95.918657,2.589308],[95.917695,2.598837],[95.912278,2.600116],[95.912894,2.610973],[95.92153,2.615587],[95.924529,2.619569],[95.92514,2.623861],[95.92663,2.625852],[95.941643,2.639577],[95.938605,2.621451],[95.940679,2.608892]]],[[[95.940069,2.542858],[95.942674,2.540222],[95.946278,2.541248],[95.947964,2.540771],[95.955663,2.53256],[95.963618,2.528033],[95.963764,2.52631],[95.959625,2.522452],[95.956653,2.522424],[95.946205,2.52455],[95.924723,2.527006],[95.919627,2.529206],[95.918344,2.53074],[95.920104,2.539287],[95.9219,2.541743],[95.927582,2.542879],[95.932348,2.547388],[95.934144,2.547902],[95.938506,2.546729],[95.940069,2.542858]]]]}},{"type":"Feature","properties":{"nmkec":"Simeulue","nmkab":"Simeulue","nmprov":"Aceh","kdkec":"050","kdkab":"01","kodekab":"1101","idkec":"1101050","index":156},"geometry":{"type":"MultiPolygon","coordinates":[[[[95.96404,2.843075],[95.96126,2.842368],[95.960607,2.844091],[95.960878,2.846842],[95.962406,2.847545],[95.964498,2.845127],[95.96404,2.843075]]],[[[95.962947,2.828342],[95.965656,2.828085],[95.966505,2.82469],[95.965128,2.823898],[95.964317,2.824483],[95.962012,2.827364],[95.962947,2.828342]]],[[[95.93157,2.860778],[95.930087,2.860728],[95.927805,2.864916],[95.930679,2.864737],[95.93157,2.860778]]],[[[95.941805,2.85518],[95.941491,2.851171],[95.939402,2.852284],[95.939765,2.855221],[95.941805,2.85518]]]]}},{"type":"Feature","properties":{"nmkec":"Alafan","nmkab":"Simeulue","nmprov":"Aceh","kdkec":"051","kdkab":"01","kodekab":"1101","idkec":"1101051","index":157},"geometry":{"type":"MultiPolygon","coordinates":[[[[95.805143,2.929832],[95.805622,2.922288],[95.801647,2.920735],[95.801342,2.917505],[95.802474,2.915827],[95.800437,2.912884],[95.80201,2.907082],[95.802936,2.907225],[95.806671,2.914225],[95.816682,2.914207],[95.814118,2.912401],[95.811371,2.907295],[95.809638,2.897271],[95.810779,2.887056],[95.813122,2.877942],[95.815428,2.848637],[95.810732,2.837114],[95.811647,2.824487],[95.810911,2.822528],[95.803653,2.815844],[95.80329,2.812861],[95.8056,2.798794],[95.803634,2.788537],[95.804127,2.777774],[95.810151,2.760781],[95.810061,2.752202],[95.811822,2.74891],[95.814706,2.747318],[95.808271,2.74923],[95.805052,2.747017],[95.800023,2.737461],[95.793384,2.73223],[95.784633,2.723178],[95.767869,2.711128],[95.764178,2.710067],[95.763055,2.711518],[95.763047,2.714725],[95.752108,2.717846],[95.750655,2.719886],[95.749224,2.722125],[95.750737,2.727954],[95.749479,2.7307],[95.745023,2.733484],[95.73273,2.738063],[95.724434,2.738739],[95.721739,2.741388],[95.722192,2.745303],[95.724179,2.747266],[95.728532,2.74821],[95.734081,2.752465],[95.73291,2.757355],[95.726123,2.760164],[95.720856,2.759372],[95.714855,2.750968],[95.710507,2.74816],[95.703651,2.747255],[95.701237,2.749113],[95.697928,2.756093],[95.699909,2.760152],[95.6999,2.76332],[95.692835,2.771082],[95.692316,2.774575],[95.695174,2.779942],[95.698126,2.781694],[95.706343,2.789882],[95.707537,2.799919],[95.710257,2.804866],[95.715715,2.808702],[95.717145,2.810896],[95.718477,2.815094],[95.717062,2.823943],[95.718541,2.825392],[95.732982,2.83177],[95.743072,2.829527],[95.753479,2.829067],[95.755865,2.827803],[95.758024,2.824012],[95.760552,2.823079],[95.7629,2.823145],[95.766317,2.826272],[95.773964,2.826387],[95.778491,2.819594],[95.780142,2.821045],[95.777776,2.821877],[95.777628,2.825465],[95.781688,2.832],[95.785589,2.829075],[95.789338,2.83067],[95.792422,2.838274],[95.796443,2.842246],[95.795094,2.8442],[95.793843,2.844243],[95.791421,2.841521],[95.786204,2.841379],[95.779407,2.835675],[95.77783,2.836043],[95.773687,2.8403],[95.774838,2.841692],[95.777541,2.840003],[95.779305,2.841021],[95.779701,2.842769],[95.778302,2.844631],[95.764361,2.847236],[95.762415,2.860753],[95.764449,2.863498],[95.76472,2.861971],[95.76755,2.862428],[95.763183,2.867549],[95.763857,2.870338],[95.765428,2.87068],[95.765478,2.87378],[95.762737,2.879317],[95.766108,2.884566],[95.769069,2.886345],[95.768442,2.89515],[95.770555,2.906852],[95.772756,2.907979],[95.77478,2.904658],[95.779445,2.9069],[95.78402,2.925577],[95.78994,2.930021],[95.792399,2.929283],[95.796684,2.929721],[95.801415,2.931571],[95.805143,2.929832]]],[[[95.746185,2.714894],[95.744021,2.709623],[95.744722,2.707482],[95.744033,2.705196],[95.738201,2.702804],[95.731206,2.70176],[95.72212,2.703506],[95.713387,2.71159],[95.714633,2.713178],[95.721811,2.714968],[95.725385,2.712741],[95.734143,2.712672],[95.737799,2.713908],[95.740472,2.719678],[95.741815,2.719962],[95.743252,2.719966],[95.74562,2.718108],[95.746185,2.714894]]],[[[95.770933,2.833135],[95.771635,2.83076],[95.767703,2.828],[95.76353,2.828874],[95.762867,2.833811],[95.763881,2.835958],[95.768704,2.834806],[95.770933,2.833135]]],[[[95.789138,2.836075],[95.787755,2.833322],[95.786826,2.834018],[95.788303,2.836492],[95.789138,2.836075]]],[[[95.78649,2.838258],[95.784318,2.836248],[95.784452,2.838066],[95.78649,2.838258]]]]}},{"type":"Feature","properties":{"nmkec":"Pulau Banyak","nmkab":"Aceh Singkil","nmprov":"Aceh","kdkec":"010","kdkab":"02","kodekab":"1102","idkec":"1102010","index":158},"geometry":{"type":"MultiPolygon","coordinates":[[[[97.381678,2.362604],[97.389113,2.360294],[97.392475,2.357983],[97.401221,2.348812],[97.406647,2.346027],[97.409619,2.342298],[97.418832,2.317543],[97.420762,2.308019],[97.419975,2.302988],[97.412591,2.312416],[97.407065,2.325556],[97.403775,2.331066],[97.394673,2.341078],[97.390165,2.344974],[97.386835,2.345635],[97.386141,2.341731],[97.389702,2.334439],[97.38792,2.332548],[97.383764,2.334145],[97.380483,2.338806],[97.379309,2.34443],[97.378758,2.361313],[97.381678,2.362604]]],[[[97.443168,2.185477],[97.439423,2.182885],[97.437924,2.179512],[97.439653,2.173976],[97.438612,2.165676],[97.440003,2.161244],[97.441924,2.159026],[97.436079,2.160709],[97.430687,2.164665],[97.43163,2.170992],[97.429286,2.181073],[97.433162,2.182944],[97.441736,2.191012],[97.443285,2.189962],[97.443168,2.185477]]],[[[97.315715,2.29452],[97.314218,2.291528],[97.312336,2.292062],[97.306626,2.298665],[97.308102,2.307704],[97.310219,2.310097],[97.314261,2.308857],[97.315736,2.306807],[97.314475,2.29952],[97.315715,2.29452]]],[[[97.405226,2.313752],[97.407868,2.30955],[97.410819,2.301289],[97.412646,2.299132],[97.412912,2.296334],[97.41171,2.294765],[97.406871,2.295037],[97.407883,2.297312],[97.406906,2.300597],[97.402367,2.309694],[97.403804,2.313852],[97.405226,2.313752]]],[[[97.431249,2.247188],[97.427582,2.245853],[97.42845,2.239593],[97.424827,2.239254],[97.422897,2.244674],[97.424602,2.248715],[97.426518,2.249626],[97.431249,2.247188]]],[[[97.418376,2.263032],[97.413236,2.268993],[97.408363,2.27752],[97.406412,2.283178],[97.407482,2.286208],[97.412068,2.273833],[97.418376,2.263032]]],[[[97.42598,2.285684],[97.424668,2.284776],[97.42306,2.285505],[97.424901,2.285931],[97.425351,2.289903],[97.423502,2.294087],[97.419993,2.296856],[97.420149,2.302129],[97.421859,2.301145],[97.425986,2.292821],[97.42598,2.285684]]],[[[97.405193,2.29007],[97.400868,2.291895],[97.401016,2.297143],[97.406391,2.290983],[97.405193,2.29007]]],[[[97.463858,2.180365],[97.464071,2.176211],[97.461872,2.175963],[97.46141,2.182056],[97.462601,2.183208],[97.463858,2.180365]]],[[[97.312422,2.242858],[97.315583,2.238934],[97.310064,2.240248],[97.309399,2.24179],[97.312422,2.242858]]],[[[97.32953,2.261406],[97.328317,2.262274],[97.325941,2.267775],[97.32643,2.269182],[97.327331,2.269073],[97.33007,2.26304],[97.32953,2.261406]]],[[[97.290048,2.264732],[97.292073,2.263188],[97.29334,2.258944],[97.28913,2.263637],[97.290048,2.264732]]],[[[97.298383,2.257377],[97.300573,2.254323],[97.300491,2.253118],[97.297177,2.257109],[97.298383,2.257377]]],[[[97.434276,2.244379],[97.435982,2.244265],[97.436843,2.243175],[97.433092,2.242917],[97.434276,2.244379]]],[[[97.533277,2.35099],[97.533029,2.352093],[97.534383,2.352669],[97.534952,2.351738],[97.533277,2.35099]]]]}},{"type":"Feature","properties":{"nmkec":"Bakongan Timur","nmkab":"Aceh Selatan","nmprov":"Aceh","kdkec":"021","kdkab":"03","kodekab":"1103","idkec":"1103021","index":159},"geometry":{"type":"MultiPolygon","coordinates":[[[[97.609287,2.918419],[97.599962,2.90352],[97.595373,2.893877],[97.595488,2.888236],[97.592197,2.879222],[97.587486,2.882105],[97.585106,2.885675],[97.579512,2.890793],[97.574513,2.891626],[97.57011,2.89115],[97.567446,2.88863],[97.563564,2.889127],[97.558684,2.892578],[97.55428,2.893173],[97.541962,2.888413],[97.54101,2.886627],[97.541902,2.884247],[97.54101,2.883414],[97.533214,2.88914],[97.523901,2.891299],[97.52095,2.89317],[97.515004,2.90323],[97.512178,2.904986],[97.506078,2.906593],[97.498558,2.912926],[97.513533,2.923929],[97.524241,2.917068],[97.549886,2.920994],[97.562826,2.923805],[97.581112,2.930476],[97.606444,2.941648],[97.610996,2.929432],[97.610928,2.922668],[97.609287,2.918419]]],[[[97.519786,2.883926],[97.519618,2.880726],[97.517217,2.882062],[97.518468,2.8844],[97.519786,2.883926]]],[[[97.516619,2.888155],[97.514518,2.886836],[97.51359,2.888011],[97.514295,2.889413],[97.51608,2.88925],[97.516619,2.888155]]]]}},{"type":"Feature","properties":{"nmkec":"Bener Meriah","nmkab":"Bener Meriah","nmprov":"Aceh","kdkec":"030","kdkab":"17","kodekab":"1117","idkec":"1117030","index":160},"geometry":{"type":"Polygon","coordinates":[[[96.881089,4.780147],[96.873545,4.768034],[96.864264,4.75879],[96.846677,4.75868],[96.845102,4.763899],[96.834364,4.781292],[96.830637,4.782643],[96.849536,4.804671],[96.853208,4.799176],[96.857143,4.783082],[96.863854,4.783449],[96.874041,4.782359],[96.881089,4.780147]]]}},{"type":"Feature","properties":{"nmkec":"Singkil","nmkab":"Aceh Singkil","nmprov":"Aceh","kdkec":"020","kdkab":"02","kodekab":"1102","idkec":"1102020","index":161},"geometry":{"type":"Polygon","coordinates":[[[97.857333,2.361287],[97.874977,2.355051],[97.870746,2.354954],[97.870294,2.354133],[97.871065,2.352699],[97.874213,2.352474],[97.874962,2.350606],[97.868935,2.343969],[97.865512,2.336138],[97.86205,2.331513],[97.8622,2.327662],[97.866228,2.327098],[97.868809,2.322968],[97.868811,2.320213],[97.865434,2.312837],[97.85867,2.310077],[97.85698,2.307564],[97.858191,2.304567],[97.860608,2.303516],[97.861334,2.302058],[97.860854,2.297844],[97.864426,2.290362],[97.867042,2.289199],[97.868193,2.287269],[97.868268,2.284272],[97.86663,2.281678],[97.870293,2.259295],[97.860285,2.251935],[97.859371,2.250563],[97.862016,2.247986],[97.841936,2.257089],[97.829039,2.264711],[97.81384,2.267895],[97.802982,2.267886],[97.79995,2.265838],[97.79567,2.256909],[97.795052,2.250041],[97.796271,2.248071],[97.796402,2.241256],[97.794915,2.239093],[97.785826,2.23343],[97.784726,2.230878],[97.782797,2.230711],[97.775407,2.236803],[97.772581,2.251661],[97.769194,2.257975],[97.759573,2.266957],[97.753665,2.274282],[97.753863,2.299272],[97.748476,2.302614],[97.745746,2.306868],[97.745032,2.309874],[97.745182,2.312579],[97.746837,2.31566],[97.750184,2.317219],[97.75714,2.316919],[97.761615,2.311771],[97.76315,2.300473],[97.764985,2.29803],[97.768173,2.296911],[97.772076,2.298076],[97.777625,2.302882],[97.782897,2.315237],[97.782537,2.316759],[97.774353,2.318171],[97.761213,2.326251],[97.745506,2.333013],[97.733922,2.339905],[97.739936,2.366202],[97.75085,2.395462],[97.763298,2.439919],[97.857333,2.361287]]]}},{"type":"Feature","properties":{"nmkec":"Simpang Kanan","nmkab":"Aceh Singkil","nmprov":"Aceh","kdkec":"030","kdkab":"02","kodekab":"1102","idkec":"1102030","index":162},"geometry":{"type":"MultiPolygon","coordinates":[[[[97.963352,2.489058],[97.967923,2.486435],[97.96873,2.481335],[97.972602,2.474672],[97.986883,2.473153],[97.990651,2.469132],[97.996907,2.465901],[98.014769,2.465172],[98.006789,2.460396],[98.007777,2.45853],[98.023802,2.467847],[98.027916,2.464876],[98.029228,2.465287],[98.032448,2.456006],[98.035952,2.452666],[98.040672,2.456451],[98.041885,2.454827],[98.043749,2.455297],[98.049231,2.463154],[98.049833,2.465019],[98.04778,2.471059],[98.045008,2.475685],[98.048205,2.477889],[98.058935,2.478874],[98.058161,2.48471],[98.073097,2.485718],[98.078002,2.484051],[98.09453,2.484907],[98.136777,2.43093],[98.147398,2.423653],[98.148162,2.42195],[98.128532,2.417694],[98.118057,2.416729],[98.112657,2.419919],[98.108374,2.415765],[98.103668,2.408875],[98.095324,2.400594],[98.07754,2.391896],[98.071421,2.395728],[98.060089,2.398053],[98.051142,2.402312],[98.044851,2.403367],[98.044884,2.411998],[98.043783,2.412704],[98.03572,2.412592],[98.028747,2.408279],[98.026851,2.409005],[98.025779,2.415],[98.01875,2.414843],[98.015932,2.414389],[98.013211,2.412379],[98.01291,2.409853],[98.007781,2.414499],[97.999159,2.414164],[97.99728,2.417145],[97.995457,2.417691],[97.986722,2.410578],[97.984477,2.414366],[97.982102,2.416338],[97.971899,2.420946],[97.968647,2.424993],[97.965241,2.42682],[97.959139,2.428457],[97.958191,2.430679],[97.96166,2.432266],[97.966536,2.438381],[97.966697,2.440384],[97.961555,2.444604],[97.946055,2.448237],[97.939713,2.447369],[97.933979,2.449328],[97.934369,2.452113],[97.927933,2.450861],[97.926406,2.451483],[97.926071,2.453785],[97.928595,2.457048],[97.930404,2.461893],[97.929876,2.465617],[97.933086,2.468346],[97.938957,2.468792],[97.944179,2.467564],[97.96017,2.488364],[97.963352,2.489058]]],[[[97.976268,2.406512],[97.974649,2.405337],[97.968429,2.4041],[97.972652,2.406346],[97.976268,2.406512]]]]}},{"type":"Feature","properties":{"nmkec":"Bandar","nmkab":"Bener Meriah","nmprov":"Aceh","kdkec":"050","kdkab":"17","kodekab":"1117","idkec":"1117050","index":163},"geometry":{"type":"Polygon","coordinates":[[[96.883932,4.780548],[96.901006,4.772034],[96.904377,4.768431],[96.905869,4.76424],[96.909197,4.762533],[96.915958,4.760677],[96.934938,4.763159],[96.942475,4.759439],[96.950965,4.758212],[96.954813,4.752894],[96.958169,4.751825],[96.968606,4.744262],[96.971491,4.743106],[96.973914,4.744802],[96.973448,4.750136],[96.978309,4.747949],[96.983443,4.747365],[96.986094,4.745392],[96.989046,4.737555],[96.987335,4.727517],[96.989149,4.720852],[96.993311,4.712543],[96.988545,4.713024],[96.98403,4.711774],[96.982882,4.70948],[96.981712,4.71042],[96.975519,4.708716],[96.963673,4.711364],[96.95156,4.700913],[96.931706,4.704442],[96.924276,4.70478],[96.905383,4.713463],[96.904441,4.716794],[96.905538,4.720072],[96.904775,4.723535],[96.896867,4.737864],[96.897386,4.744],[96.893174,4.751659],[96.894287,4.759034],[96.893045,4.766041],[96.882114,4.774769],[96.883185,4.778465],[96.882679,4.779742],[96.883932,4.780548]]]}},{"type":"Feature","properties":{"nmkec":"Suro","nmkab":"Aceh Singkil","nmprov":"Aceh","kdkec":"033","kdkab":"02","kodekab":"1102","idkec":"1102033","index":164},"geometry":{"type":"Polygon","coordinates":[[[98.0196,2.585355],[98.02275,2.584614],[98.025495,2.578445],[98.026646,2.571879],[98.031533,2.568625],[98.030938,2.564464],[98.032138,2.559853],[98.033285,2.559553],[98.03478,2.559755],[98.040706,2.566326],[98.042849,2.566628],[98.044097,2.563872],[98.046591,2.561468],[98.051874,2.561572],[98.059641,2.572656],[98.055746,2.582729],[98.055794,2.585285],[98.06525,2.585666],[98.07923,2.583098],[98.078462,2.575174],[98.083126,2.560345],[98.083359,2.55213],[98.084838,2.546768],[98.083481,2.539009],[98.083941,2.530452],[98.081114,2.522604],[98.081247,2.519498],[98.085674,2.503523],[98.09453,2.484907],[98.078002,2.484051],[98.073097,2.485718],[98.058161,2.48471],[98.058935,2.478874],[98.048205,2.477889],[98.045008,2.475685],[98.04778,2.471059],[98.049833,2.465019],[98.049231,2.463154],[98.043749,2.455297],[98.041885,2.454827],[98.040672,2.456451],[98.035952,2.452666],[98.032448,2.456006],[98.029228,2.465287],[98.027916,2.464876],[98.023802,2.467847],[98.007777,2.45853],[98.006789,2.460396],[98.014769,2.465172],[97.996907,2.465901],[97.990651,2.469132],[97.986883,2.473153],[97.972602,2.474672],[97.96873,2.481335],[97.96742,2.487091],[97.962498,2.489209],[97.96017,2.488364],[97.979324,2.512321],[97.991949,2.529919],[97.998107,2.536295],[98.00619,2.538334],[98.007776,2.540804],[98.008458,2.544906],[98.007116,2.554849],[98.00502,2.557643],[98.000512,2.554372],[97.998572,2.555641],[97.992342,2.563314],[97.979275,2.574884],[97.978219,2.577694],[97.966377,2.589783],[97.988288,2.609746],[98.006353,2.597753],[98.010501,2.593943],[98.012431,2.59052],[98.0196,2.585355]]]}},{"type":"Feature","properties":{"nmkec":"Gayo Lues","nmkab":"Gayo Lues","nmprov":"Aceh","kdkec":"030","kdkab":"13","kodekab":"1113","idkec":"1113030","index":165},"geometry":{"type":"Polygon","coordinates":[[[97.622052,4.245114],[97.628759,4.228698],[97.636859,4.225726],[97.643066,4.220271],[97.654977,4.226185],[97.665355,4.239191],[97.668943,4.24223],[97.680757,4.240852],[97.683746,4.244035],[97.684981,4.247002],[97.704726,4.246409],[97.717858,4.247185],[97.719747,4.242512],[97.72204,4.240458],[97.724217,4.236106],[97.722171,4.234499],[97.719286,4.229774],[97.718163,4.225736],[97.716063,4.20208],[97.716577,4.191136],[97.72094,4.175986],[97.721677,4.167396],[97.726998,4.156271],[97.729547,4.145384],[97.738117,4.136957],[97.765141,4.119573],[97.767318,4.11522],[97.777753,4.108429],[97.778478,4.106978],[97.782594,4.095003],[97.788275,4.083818],[97.793337,4.067097],[97.792163,4.063221],[97.794952,4.051244],[97.792797,4.042043],[97.79384,4.029368],[97.79011,4.025369],[97.789631,4.023311],[97.798811,4.008682],[97.80376,4.002517],[97.821981,3.985601],[97.823431,3.98288],[97.824892,3.97199],[97.830685,3.966311],[97.849528,3.933873],[97.861111,3.922513],[97.867134,3.923974],[97.870622,3.928819],[97.875261,3.933105],[97.882179,3.93658],[97.888568,3.935137],[97.896521,3.934663],[97.898569,3.935332],[97.903276,3.92965],[97.908477,3.914166],[97.906893,3.912384],[97.900422,3.910612],[97.90222,3.893623],[97.901861,3.888116],[97.903851,3.88408],[97.909588,3.87884],[97.909822,3.869352],[97.914895,3.862436],[97.915587,3.851843],[97.918151,3.847913],[97.921911,3.846869],[97.922435,3.845349],[97.909665,3.824431],[97.90866,3.817982],[97.901613,3.817757],[97.900191,3.816598],[97.896322,3.80793],[97.884642,3.799678],[97.882438,3.79627],[97.879735,3.794119],[97.875166,3.792681],[97.872843,3.789393],[97.869446,3.787181],[97.862661,3.785064],[97.859373,3.795545],[97.855685,3.802009],[97.850468,3.804774],[97.841574,3.805378],[97.810587,3.815193],[97.804751,3.82227],[97.797384,3.826572],[97.775603,3.832394],[97.757489,3.846229],[97.751642,3.86039],[97.742422,3.873622],[97.739036,3.882242],[97.727357,3.899166],[97.721216,3.903469],[97.699392,3.935778],[97.686802,3.945615],[97.679745,3.947144],[97.671772,3.946823],[97.663181,3.948966],[97.656425,3.953883],[97.627278,3.960612],[97.615614,3.966136],[97.609472,3.971054],[97.599964,3.971654],[97.59505,3.975342],[97.590139,3.97749],[97.575723,3.978389],[97.570197,3.981767],[97.562819,3.991303],[97.557599,3.994682],[97.552383,3.996213],[97.53306,3.996486],[97.523619,3.994257],[97.51817,3.998524],[97.515604,4.004554],[97.51404,4.006024],[97.510774,4.006494],[97.509451,4.005493],[97.506706,4.005631],[97.500547,4.009896],[97.495247,4.010267],[97.490927,4.017957],[97.487471,4.018616],[97.483077,4.015091],[97.477251,4.018264],[97.471249,4.014214],[97.464058,4.01363],[97.460702,4.01196],[97.451565,4.014034],[97.44745,4.013503],[97.446313,4.014309],[97.44612,4.015972],[97.43906,4.021375],[97.434041,4.022791],[97.426313,4.031092],[97.422477,4.033064],[97.423213,4.036058],[97.422348,4.038197],[97.416633,4.041642],[97.413356,4.042329],[97.410289,4.044796],[97.406899,4.048569],[97.406237,4.053096],[97.40329,4.058299],[97.398991,4.061532],[97.397895,4.064524],[97.394551,4.067999],[97.392414,4.075703],[97.394219,4.082801],[97.392135,4.088347],[97.394084,4.094887],[97.394084,4.103073],[97.39166,4.111127],[97.396473,4.124051],[97.395733,4.128688],[97.396893,4.135093],[97.399792,4.143016],[97.398604,4.146405],[97.398889,4.148314],[97.410738,4.156316],[97.412117,4.164478],[97.411203,4.170706],[97.414656,4.178824],[97.443145,4.168309],[97.454932,4.162157],[97.465653,4.15909],[97.5,4.155832],[97.504532,4.157921],[97.505433,4.16643],[97.512888,4.178094],[97.515159,4.186307],[97.530779,4.193535],[97.534903,4.194198],[97.547406,4.192771],[97.562901,4.18521],[97.569318,4.18734],[97.573367,4.186023],[97.576667,4.182874],[97.57797,4.187499],[97.577313,4.188692],[97.574455,4.189582],[97.573618,4.191432],[97.574802,4.195077],[97.576262,4.210821],[97.581369,4.217399],[97.585398,4.228274],[97.589088,4.232915],[97.592588,4.23961],[97.594533,4.249884],[97.601847,4.253719],[97.60637,4.253906],[97.617949,4.248141],[97.622052,4.245114]],[[97.673632,4.173681],[97.672847,4.170731],[97.668341,4.171604],[97.66744,4.17051],[97.667499,4.167113],[97.670028,4.165013],[97.673273,4.166938],[97.674801,4.165452],[97.678414,4.164822],[97.682274,4.165968],[97.682426,4.168583],[97.680879,4.171226],[97.676298,4.170702],[97.676256,4.172664],[97.673632,4.173681]],[[97.58734,4.108681],[97.587291,4.106523],[97.584337,4.102481],[97.583915,4.096037],[97.585035,4.089965],[97.586169,4.090624],[97.585453,4.092898],[97.588968,4.09903],[97.591033,4.106626],[97.590998,4.114462],[97.58734,4.108681]],[[97.580584,4.152568],[97.578337,4.148541],[97.577336,4.148953],[97.575415,4.145616],[97.578225,4.145058],[97.579991,4.148112],[97.584095,4.150947],[97.584135,4.15231],[97.580584,4.152568]],[[97.436403,4.059704],[97.440114,4.059303],[97.442539,4.060729],[97.442524,4.061795],[97.435178,4.062911],[97.432697,4.060906],[97.434698,4.058946],[97.436403,4.059704]],[[97.531801,4.07855],[97.532557,4.083262],[97.531613,4.084731],[97.527716,4.081494],[97.530133,4.077781],[97.531801,4.07855]],[[97.58632,4.084749],[97.585273,4.083008],[97.585141,4.077641],[97.588787,4.07647],[97.587061,4.080017],[97.58632,4.084749]],[[97.461687,4.062943],[97.459269,4.061468],[97.460158,4.059378],[97.463087,4.05872],[97.464295,4.060536],[97.461687,4.062943]],[[97.582298,4.093749],[97.581364,4.094001],[97.580242,4.091127],[97.580489,4.087795],[97.581865,4.087795],[97.581483,4.09082],[97.582298,4.093749]],[[97.584022,4.068049],[97.584198,4.064201],[97.58532,4.064402],[97.585397,4.069588],[97.584022,4.068049]],[[97.472828,4.053411],[97.473884,4.055027],[97.472256,4.056113],[97.471323,4.054706],[97.472828,4.053411]]]}},{"type":"Feature","properties":{"nmkec":"Trumon","nmkab":"Aceh Selatan","nmprov":"Aceh","kdkec":"010","kdkab":"03","kodekab":"1103","idkec":"1103010","index":166},"geometry":{"type":"MultiPolygon","coordinates":[[[[97.641809,2.881414],[97.650565,2.878864],[97.655698,2.879112],[97.655731,2.873127],[97.662274,2.87265],[97.66437,2.867365],[97.673141,2.852005],[97.680684,2.84524],[97.680856,2.842486],[97.701396,2.832526],[97.744675,2.784861],[97.762434,2.785205],[97.766462,2.787188],[97.779791,2.758695],[97.813339,2.678102],[97.817402,2.667098],[97.813872,2.652823],[97.824709,2.637235],[97.82487,2.63512],[97.795499,2.547183],[97.790943,2.499805],[97.772777,2.475818],[97.749608,2.442872],[97.73215,2.422655],[97.716634,2.412547],[97.707975,2.408206],[97.683742,2.401324],[97.663914,2.394431],[97.660808,2.418106],[97.659023,2.450241],[97.658071,2.452502],[97.657238,2.463928],[97.658785,2.524389],[97.657597,2.535187],[97.65575,2.594878],[97.653963,2.609702],[97.65456,2.610469],[97.651941,2.650697],[97.649085,2.681761],[97.647883,2.683854],[97.646824,2.695865],[97.637302,2.743472],[97.63052,2.769523],[97.629115,2.769528],[97.620937,2.798836],[97.616032,2.826384],[97.613437,2.836147],[97.610526,2.844907],[97.601491,2.865271],[97.592592,2.880313],[97.592946,2.881441],[97.641809,2.881414]]],[[[97.594611,2.807767],[97.592691,2.807988],[97.59328,2.809547],[97.59461,2.808955],[97.594611,2.807767]]]]}},{"type":"Feature","properties":{"nmkec":"Kota Bahagia","nmkab":"Aceh Selatan","nmprov":"Aceh","kdkec":"022","kdkab":"03","kodekab":"1103","idkec":"1103022","index":167},"geometry":{"type":"Polygon","coordinates":[[[97.633973,3.012361],[97.633149,2.97346],[97.623018,2.969285],[97.614194,2.963149],[97.608658,2.957777],[97.603873,2.949887],[97.606444,2.941648],[97.581112,2.930476],[97.562826,2.923805],[97.524241,2.917068],[97.515403,2.92315],[97.507277,2.936676],[97.507774,2.951999],[97.509265,2.958048],[97.501181,2.96418],[97.465713,3.000822],[97.477105,3.007754],[97.483678,3.012918],[97.485942,3.016928],[97.505244,3.023274],[97.525842,3.044428],[97.575842,3.128066],[97.596897,3.114728],[97.603211,3.109405],[97.610237,3.101393],[97.618451,3.08631],[97.633329,3.049232],[97.643021,3.030537],[97.641853,3.023744],[97.635131,3.01566],[97.633973,3.012361]]]}},{"type":"Feature","properties":{"nmkec":"Kluet Selatan","nmkab":"Aceh Selatan","nmprov":"Aceh","kdkec":"030","kdkab":"03","kodekab":"1103","idkec":"1103030","index":168},"geometry":{"type":"Polygon","coordinates":[[[97.559021,3.099283],[97.525842,3.044428],[97.505244,3.023274],[97.485942,3.016928],[97.483678,3.012918],[97.477105,3.007754],[97.453548,2.99432],[97.438463,2.978232],[97.411192,2.946603],[97.392958,2.963075],[97.369677,2.988608],[97.336639,3.032634],[97.319345,3.050777],[97.316007,3.056486],[97.312173,3.071008],[97.319121,3.072415],[97.3232,3.075924],[97.325224,3.079166],[97.326513,3.081442],[97.325464,3.082814],[97.32836,3.084482],[97.330199,3.083915],[97.331923,3.081256],[97.335527,3.080463],[97.341119,3.080777],[97.342969,3.079869],[97.345097,3.08276],[97.355905,3.072239],[97.361038,3.063033],[97.364124,3.060983],[97.367211,3.063639],[97.372891,3.065945],[97.381198,3.065377],[97.387757,3.063555],[97.388495,3.064873],[97.387357,3.067768],[97.389666,3.069045],[97.419202,3.066095],[97.435784,3.078425],[97.523855,3.084424],[97.547739,3.092464],[97.559021,3.099283]]]}},{"type":"Feature","properties":{"nmkec":"Kluet Timur","nmkab":"Aceh Selatan","nmprov":"Aceh","kdkec":"031","kdkab":"03","kodekab":"1103","idkec":"1103031","index":169},"geometry":{"type":"Polygon","coordinates":[[[97.473504,3.331587],[97.468616,3.301274],[97.467012,3.273244],[97.468236,3.268782],[97.471412,3.263181],[97.470102,3.243917],[97.476047,3.220218],[97.479927,3.213908],[97.488696,3.203155],[97.5,3.192134],[97.511398,3.17705],[97.519859,3.167589],[97.526654,3.163356],[97.534397,3.160113],[97.551171,3.14958],[97.575842,3.128066],[97.559021,3.099283],[97.547739,3.092464],[97.523855,3.084424],[97.435784,3.078425],[97.419202,3.066095],[97.389666,3.069045],[97.387357,3.067768],[97.388495,3.064873],[97.387757,3.063555],[97.381198,3.065377],[97.372891,3.065945],[97.367211,3.063639],[97.364124,3.060983],[97.361038,3.063033],[97.355905,3.072239],[97.345097,3.08276],[97.350028,3.086177],[97.35519,3.086397],[97.356002,3.0907],[97.365908,3.095711],[97.372919,3.105987],[97.383408,3.112389],[97.393549,3.120772],[97.397813,3.1368],[97.396896,3.141138],[97.394816,3.144506],[97.394489,3.152512],[97.387206,3.160694],[97.386185,3.163927],[97.387945,3.169612],[97.38586,3.170342],[97.384823,3.173257],[97.387047,3.176259],[97.394239,3.18006],[97.39572,3.183857],[97.399254,3.186175],[97.404307,3.217908],[97.414989,3.219283],[97.415159,3.23451],[97.436168,3.348142],[97.441125,3.39625],[97.456467,3.361863],[97.468258,3.338427],[97.473504,3.331587]]]}},{"type":"Feature","properties":{"nmkec":"Kluet Utara","nmkab":"Aceh Selatan","nmprov":"Aceh","kdkec":"040","kdkab":"03","kodekab":"1103","idkec":"1103040","index":170},"geometry":{"type":"Polygon","coordinates":[[[97.368177,3.186676],[97.374427,3.170707],[97.386559,3.165614],[97.387206,3.160694],[97.394489,3.152512],[97.394816,3.144506],[97.396896,3.141138],[97.397866,3.135618],[97.393549,3.120772],[97.383408,3.112389],[97.372919,3.105987],[97.365908,3.095711],[97.356002,3.0907],[97.35519,3.086397],[97.349221,3.08578],[97.345532,3.083251],[97.342969,3.079869],[97.341119,3.080777],[97.335527,3.080463],[97.331923,3.081256],[97.330199,3.083915],[97.327425,3.08444],[97.325464,3.082814],[97.326513,3.081442],[97.3232,3.075924],[97.319121,3.072415],[97.312173,3.071008],[97.287142,3.144539],[97.291991,3.143037],[97.297423,3.143066],[97.299426,3.135356],[97.308331,3.131095],[97.329179,3.138027],[97.329395,3.136453],[97.336162,3.140218],[97.334122,3.14712],[97.335305,3.155201],[97.349976,3.165591],[97.363932,3.177067],[97.368177,3.186676]]]}},{"type":"Feature","properties":{"nmkec":"Pasie Raja","nmkab":"Aceh Selatan","nmprov":"Aceh","kdkec":"041","kdkab":"03","kodekab":"1103","idkec":"1103041","index":171},"geometry":{"type":"Polygon","coordinates":[[[97.3173,3.201602],[97.342378,3.189298],[97.34001,3.186577],[97.357601,3.172288],[97.363786,3.177088],[97.349976,3.165591],[97.335305,3.155201],[97.334122,3.14712],[97.336162,3.140218],[97.329395,3.136453],[97.329179,3.138027],[97.308331,3.131095],[97.299426,3.135356],[97.297423,3.143066],[97.291991,3.143037],[97.287142,3.144539],[97.280797,3.171226],[97.273848,3.189243],[97.263987,3.210382],[97.252631,3.226824],[97.254378,3.227962],[97.273292,3.259023],[97.275888,3.274835],[97.276385,3.310225],[97.278524,3.327455],[97.27766,3.332209],[97.282273,3.323525],[97.31437,3.246809],[97.314632,3.242183],[97.312369,3.235455],[97.30548,3.228325],[97.3173,3.201602]]]}},{"type":"Feature","properties":{"nmkec":"Aceh Tenggara","nmkab":"Aceh Tenggara","nmprov":"Aceh","kdkec":"021","kdkab":"04","kodekab":"1104","idkec":"1104021","index":172},"geometry":{"type":"Polygon","coordinates":[[[98.0143,3.349385],[98.020273,3.344567],[98.023582,3.340382],[98.028895,3.331015],[98.0226,3.322097],[98.020183,3.315992],[98.019706,3.312445],[98.020744,3.308568],[98.020751,3.302636],[98.016977,3.30254],[98.01138,3.294712],[98.007734,3.292555],[98.002701,3.291318],[97.999471,3.288743],[97.995627,3.283156],[97.992995,3.281694],[97.988218,3.280817],[97.985902,3.282092],[97.98273,3.28661],[97.984462,3.290273],[97.994971,3.298055],[97.992823,3.300327],[97.980944,3.288666],[97.97832,3.293347],[97.975487,3.29606],[97.96684,3.301711],[97.960161,3.307497],[97.955962,3.314136],[97.952915,3.32497],[97.964471,3.325589],[97.973851,3.334388],[97.989179,3.352315],[97.992964,3.358036],[98.003576,3.368226],[98.006545,3.365656],[98.010663,3.35924],[98.0143,3.349385]]]}},{"type":"Feature","properties":{"nmkec":"Kluet Tengah","nmkab":"Aceh Selatan","nmprov":"Aceh","kdkec":"042","kdkab":"03","kodekab":"1103","idkec":"1103042","index":173},"geometry":{"type":"Polygon","coordinates":[[[97.382513,3.638384],[97.392127,3.629956],[97.400568,3.620693],[97.404286,3.618804],[97.410069,3.619609],[97.419494,3.623782],[97.431647,3.638479],[97.442672,3.63703],[97.452301,3.63295],[97.458035,3.6266],[97.461769,3.619174],[97.462876,3.61251],[97.462833,3.6018],[97.46803,3.589946],[97.469039,3.575528],[97.472459,3.569235],[97.482943,3.562281],[97.48435,3.558248],[97.484356,3.554823],[97.482539,3.548338],[97.479116,3.544981],[97.46262,3.542141],[97.45586,3.542191],[97.452089,3.539983],[97.44122,3.521743],[97.414103,3.48202],[97.398306,3.455148],[97.398067,3.452832],[97.398982,3.451184],[97.412275,3.434321],[97.424382,3.421769],[97.438416,3.401664],[97.441125,3.39625],[97.436168,3.348142],[97.415159,3.23451],[97.414989,3.219283],[97.404307,3.217908],[97.399254,3.186175],[97.39572,3.183857],[97.394239,3.18006],[97.387047,3.176259],[97.384823,3.173257],[97.38586,3.170342],[97.387945,3.169612],[97.386559,3.165614],[97.374427,3.170707],[97.368177,3.186676],[97.363932,3.177067],[97.357601,3.172288],[97.34001,3.186577],[97.342378,3.189298],[97.3173,3.201602],[97.30548,3.228325],[97.312369,3.235455],[97.314632,3.242183],[97.31437,3.246809],[97.281682,3.324857],[97.27674,3.334438],[97.26759,3.347037],[97.259596,3.36131],[97.250421,3.3741],[97.244827,3.38776],[97.239679,3.396713],[97.238157,3.401777],[97.237125,3.414643],[97.233667,3.420512],[97.241189,3.435088],[97.247555,3.451921],[97.251872,3.4599],[97.25992,3.471415],[97.265772,3.483369],[97.266336,3.487094],[97.264116,3.498222],[97.265123,3.507388],[97.268929,3.520328],[97.279743,3.536876],[97.280785,3.546292],[97.279519,3.571655],[97.282359,3.582207],[97.287357,3.590074],[97.294716,3.59948],[97.297883,3.599486],[97.30202,3.600961],[97.330407,3.6129],[97.336368,3.616457],[97.344089,3.622769],[97.355533,3.624502],[97.358271,3.62573],[97.364797,3.635478],[97.369052,3.640011],[97.372034,3.641117],[97.377819,3.641066],[97.382513,3.638384]]]}},{"type":"Feature","properties":{"nmkec":"Sama Dua","nmkab":"Aceh Selatan","nmprov":"Aceh","kdkec":"060","kdkab":"03","kodekab":"1103","idkec":"1103060","index":174},"geometry":{"type":"Polygon","coordinates":[[[97.259596,3.36131],[97.270837,3.342554],[97.267571,3.344489],[97.258479,3.346292],[97.247162,3.345887],[97.243472,3.344831],[97.239927,3.341257],[97.236809,3.334654],[97.231842,3.327579],[97.216004,3.315528],[97.204735,3.308687],[97.189822,3.301689],[97.165824,3.29748],[97.159318,3.294058],[97.158801,3.29055],[97.15305,3.288231],[97.151404,3.290991],[97.149023,3.300305],[97.145304,3.306702],[97.137598,3.315271],[97.133587,3.317334],[97.127883,3.318288],[97.127362,3.321609],[97.12879,3.324614],[97.122922,3.332005],[97.123122,3.338747],[97.125919,3.34571],[97.124791,3.348324],[97.130234,3.350419],[97.133973,3.355562],[97.13691,3.35764],[97.140289,3.358874],[97.149212,3.359055],[97.153855,3.360128],[97.167733,3.368626],[97.183919,3.37596],[97.203193,3.386946],[97.228141,3.411621],[97.233667,3.420512],[97.237125,3.414643],[97.238157,3.401777],[97.239679,3.396713],[97.244827,3.38776],[97.250421,3.3741],[97.259596,3.36131]]]}},{"type":"Feature","properties":{"nmkec":"Sawang","nmkab":"Aceh Selatan","nmprov":"Aceh","kdkec":"070","kdkab":"03","kodekab":"1103","idkec":"1103070","index":175},"geometry":{"type":"Polygon","coordinates":[[[97.250635,3.520774],[97.256745,3.520598],[97.267633,3.517314],[97.26407,3.501251],[97.264283,3.495644],[97.266336,3.487094],[97.265772,3.483369],[97.25992,3.471415],[97.250369,3.457401],[97.24516,3.446842],[97.240174,3.432877],[97.229645,3.413343],[97.208238,3.39113],[97.203193,3.386946],[97.183919,3.37596],[97.167733,3.368626],[97.153855,3.360128],[97.149212,3.359055],[97.140289,3.358874],[97.13691,3.35764],[97.133973,3.355562],[97.130234,3.350419],[97.124791,3.348324],[97.120891,3.354904],[97.110872,3.35947],[97.107414,3.363016],[97.10283,3.374066],[97.087008,3.393168],[97.083565,3.403015],[97.077433,3.410663],[97.071823,3.415278],[97.072723,3.417518],[97.08657,3.416464],[97.093949,3.425234],[97.100101,3.440585],[97.110471,3.44491],[97.131931,3.451138],[97.141823,3.456895],[97.145231,3.460931],[97.150905,3.464533],[97.154035,3.468768],[97.156376,3.470209],[97.160561,3.471148],[97.169698,3.470966],[97.174262,3.47313],[97.180066,3.470987],[97.18321,3.467562],[97.189805,3.46782],[97.193487,3.471144],[97.198728,3.479725],[97.211444,3.49171],[97.225263,3.498884],[97.228294,3.506715],[97.230699,3.508461],[97.238445,3.510819],[97.248085,3.51972],[97.250635,3.520774]]]}},{"type":"Feature","properties":{"nmkec":"Semadam","nmkab":"Aceh Tenggara","nmprov":"Aceh","kdkec":"022","kdkab":"04","kodekab":"1104","idkec":"1104022","index":176},"geometry":{"type":"Polygon","coordinates":[[[97.887966,3.416689],[97.897107,3.416151],[97.898353,3.410697],[97.90669,3.397765],[97.909294,3.393128],[97.909749,3.390459],[97.903619,3.38913],[97.902238,3.387986],[97.902671,3.379231],[97.901744,3.375411],[97.890219,3.372446],[97.891934,3.36874],[97.876277,3.363451],[97.874543,3.365587],[97.871735,3.364543],[97.868535,3.365083],[97.863827,3.371069],[97.857389,3.37464],[97.852014,3.381633],[97.848965,3.388032],[97.866561,3.393462],[97.879911,3.399719],[97.880682,3.400258],[97.880682,3.403006],[97.878096,3.407952],[97.884129,3.410641],[97.884702,3.413454],[97.883918,3.415465],[97.887966,3.416689]]]}},{"type":"Feature","properties":{"nmkec":"Labuhan Haji","nmkab":"Aceh Selatan","nmprov":"Aceh","kdkec":"090","kdkab":"03","kodekab":"1103","idkec":"1103090","index":177},"geometry":{"type":"Polygon","coordinates":[[[97.079693,3.59722],[97.028975,3.551236],[97.01994,3.539977],[97.00796,3.532442],[97.007235,3.529412],[97.006031,3.530463],[97.004112,3.535972],[97.003829,3.542544],[96.998503,3.547116],[96.996985,3.546501],[96.994679,3.54784],[96.993028,3.552169],[96.980107,3.558942],[96.982975,3.564006],[96.984115,3.570087],[96.987088,3.574238],[97.020294,3.584775],[97.112067,3.6465],[97.121025,3.657055],[97.130665,3.670518],[97.143583,3.694141],[97.150363,3.721379],[97.153581,3.745586],[97.154457,3.744782],[97.153074,3.731435],[97.145303,3.691205],[97.122078,3.645126],[97.079693,3.59722]]]}},{"type":"Feature","properties":{"nmkec":"Labuhan Haji Timur","nmkab":"Aceh Selatan","nmprov":"Aceh","kdkec":"091","kdkab":"03","kodekab":"1103","idkec":"1103091","index":178},"geometry":{"type":"Polygon","coordinates":[[[97.067878,3.540472],[97.063125,3.532104],[97.054276,3.519897],[97.050939,3.511073],[97.049627,3.504174],[97.048065,3.50326],[97.039176,3.503022],[97.036511,3.500917],[97.031412,3.492692],[97.022086,3.503338],[97.019703,3.507537],[97.020209,3.517594],[97.019227,3.519261],[97.007235,3.529412],[97.00796,3.532442],[97.01994,3.539977],[97.028975,3.551236],[97.080367,3.597411],[97.122078,3.645126],[97.145303,3.691205],[97.153074,3.731435],[97.154457,3.744782],[97.155519,3.743846],[97.154122,3.718731],[97.155221,3.698025],[97.150242,3.680022],[97.151775,3.667507],[97.14989,3.652057],[97.156011,3.631517],[97.156897,3.620672],[97.155992,3.613302],[97.152568,3.604819],[97.14888,3.598755],[97.145235,3.596491],[97.126345,3.590988],[97.113067,3.588382],[97.11041,3.583507],[97.109128,3.578675],[97.09687,3.565323],[97.067878,3.540472]]]}},{"type":"Feature","properties":{"nmkec":"Ganda Pura","nmkab":"Bireuen","nmprov":"Aceh","kdkec":"100","kdkab":"10","kodekab":"1110","idkec":"1110100","index":179},"geometry":{"type":"MultiPolygon","coordinates":[[[[96.881193,5.249051],[96.891658,5.24745],[96.906174,5.25093],[96.912062,5.248521],[96.910606,5.245774],[96.907333,5.245989],[96.906106,5.24423],[96.909275,5.240462],[96.909645,5.235289],[96.912996,5.23157],[96.914643,5.225996],[96.913966,5.223603],[96.912921,5.222986],[96.911128,5.2244],[96.909277,5.221755],[96.916363,5.222864],[96.91717,5.222136],[96.916226,5.218263],[96.91148,5.217066],[96.910985,5.215045],[96.912503,5.214347],[96.916049,5.215053],[96.916239,5.21309],[96.920024,5.210855],[96.92308,5.211863],[96.923801,5.213063],[96.925251,5.212235],[96.924945,5.210293],[96.922552,5.208369],[96.917574,5.207058],[96.917832,5.202116],[96.914631,5.19789],[96.910501,5.194987],[96.907419,5.188416],[96.900272,5.18482],[96.896596,5.179618],[96.891213,5.180602],[96.8838,5.187014],[96.884812,5.192363],[96.884011,5.202238],[96.877686,5.216063],[96.875732,5.217569],[96.868488,5.218622],[96.864663,5.21665],[96.862533,5.210769],[96.864171,5.199459],[96.862142,5.195931],[96.859141,5.194298],[96.858072,5.194928],[96.85965,5.197866],[96.858458,5.201632],[96.855474,5.202303],[96.852583,5.208441],[96.852404,5.217785],[96.85812,5.221384],[96.858538,5.227653],[96.848697,5.231712],[96.85098,5.240712],[96.848065,5.240918],[96.846957,5.239919],[96.844441,5.240833],[96.84583,5.246972],[96.85623,5.265503],[96.859831,5.275253],[96.864988,5.272246],[96.870665,5.261817],[96.874655,5.251617],[96.881193,5.249051]]],[[[96.86347,5.195742],[96.865682,5.19246],[96.865188,5.179035],[96.859369,5.170137],[96.857072,5.171879],[96.855423,5.181938],[96.857491,5.184298],[96.860162,5.1935],[96.86347,5.195742]]]]}},{"type":"Feature","properties":{"nmkec":"Kuta Blang","nmkab":"Bireuen","nmprov":"Aceh","kdkec":"101","kdkab":"10","kodekab":"1110","idkec":"1110101","index":180},"geometry":{"type":"Polygon","coordinates":[[[96.846239,5.256071],[96.849767,5.254378],[96.844813,5.244438],[96.844441,5.240833],[96.846957,5.239919],[96.848065,5.240918],[96.85098,5.240712],[96.848697,5.231712],[96.858538,5.227653],[96.85812,5.221384],[96.852404,5.217785],[96.852583,5.208441],[96.855474,5.202303],[96.858458,5.201632],[96.85965,5.197866],[96.858072,5.194928],[96.860285,5.194845],[96.8635,5.198027],[96.86347,5.195742],[96.860162,5.1935],[96.857491,5.184298],[96.855423,5.181938],[96.857072,5.171879],[96.859369,5.170137],[96.857298,5.167203],[96.84332,5.159666],[96.839167,5.160352],[96.839542,5.162123],[96.828604,5.181059],[96.826684,5.186853],[96.823928,5.189016],[96.81918,5.190201],[96.818877,5.197073],[96.822418,5.200919],[96.819814,5.20519],[96.818099,5.205625],[96.816894,5.204209],[96.813361,5.203205],[96.809864,5.203367],[96.811431,5.212694],[96.809171,5.215391],[96.8181,5.230324],[96.820711,5.241701],[96.827815,5.242485],[96.829237,5.248671],[96.837158,5.251413],[96.840485,5.254656],[96.846239,5.256071]],[[96.837403,5.205873],[96.837664,5.195268],[96.839005,5.195313],[96.842872,5.182558],[96.848535,5.180049],[96.850696,5.183221],[96.85067,5.191692],[96.847133,5.1972],[96.840336,5.200691],[96.838578,5.203572],[96.840534,5.207104],[96.837403,5.205873]]]}},{"type":"Feature","properties":{"nmkec":"Labuhan Haji Barat","nmkab":"Aceh Selatan","nmprov":"Aceh","kdkec":"092","kdkab":"03","kodekab":"1103","idkec":"1103092","index":181},"geometry":{"type":"Polygon","coordinates":[[[97.112067,3.6465],[97.020294,3.584775],[96.987088,3.574238],[96.984115,3.570087],[96.982975,3.564006],[96.980107,3.558942],[96.94234,3.574182],[96.947218,3.587178],[96.954853,3.599667],[96.959534,3.604392],[96.963741,3.61376],[96.970722,3.61841],[96.976222,3.619287],[96.985984,3.617157],[96.99089,3.61878],[96.998588,3.616274],[97.0191,3.60484],[97.023891,3.603769],[97.028906,3.600215],[97.035919,3.600715],[97.044394,3.612082],[97.047047,3.617931],[97.047192,3.622617],[97.052934,3.623612],[97.063913,3.631142],[97.092816,3.660679],[97.107297,3.674126],[97.117566,3.682121],[97.128303,3.687368],[97.133593,3.692159],[97.135642,3.698126],[97.138101,3.717818],[97.142048,3.734114],[97.15105,3.739627],[97.153581,3.745586],[97.150363,3.721379],[97.143583,3.694141],[97.130665,3.670518],[97.121025,3.657055],[97.112067,3.6465]]]}},{"type":"Feature","properties":{"nmkec":"Matangkuli","nmkab":"Aceh Utara","nmprov":"Aceh","kdkec":"060","kdkab":"11","kodekab":"1111","idkec":"1111060","index":182},"geometry":{"type":"Polygon","coordinates":[[[97.302381,5.064723],[97.303858,5.061738],[97.304334,5.055045],[97.307248,5.055152],[97.308048,5.05215],[97.306795,5.046668],[97.304912,5.045533],[97.303012,5.046662],[97.300863,5.040247],[97.3041,5.023771],[97.301699,5.023574],[97.300492,5.02461],[97.28527,5.020843],[97.279638,5.01669],[97.278174,5.014787],[97.278875,5.007254],[97.272863,5.005627],[97.271044,5.003483],[97.272733,5.002627],[97.267134,4.999388],[97.265231,4.9996],[97.262659,4.998064],[97.261073,4.995678],[97.262171,4.992489],[97.260351,4.988554],[97.253728,4.993048],[97.251799,4.991944],[97.252553,5.001919],[97.250126,5.003439],[97.255878,5.011931],[97.248549,5.019826],[97.236331,5.023348],[97.238627,5.025021],[97.244339,5.033593],[97.249129,5.033267],[97.25171,5.031908],[97.253955,5.032521],[97.256626,5.03534],[97.258383,5.039613],[97.261894,5.040906],[97.28019,5.039825],[97.282809,5.041961],[97.290436,5.052571],[97.29421,5.066421],[97.294179,5.069164],[97.296653,5.068507],[97.302381,5.064723]]]}},{"type":"Feature","properties":{"nmkec":"Lawe Alas","nmkab":"Aceh Tenggara","nmprov":"Aceh","kdkec":"010","kdkab":"04","kodekab":"1104","idkec":"1104010","index":183},"geometry":{"type":"Polygon","coordinates":[[[97.800266,3.486469],[97.813021,3.463757],[97.832888,3.443095],[97.842113,3.431059],[97.84528,3.423191],[97.848423,3.421292],[97.851101,3.409494],[97.85368,3.404183],[97.853818,3.401994],[97.850802,3.401356],[97.850869,3.400112],[97.84347,3.398096],[97.836157,3.399028],[97.828748,3.396906],[97.820028,3.399229],[97.814288,3.411111],[97.811457,3.414941],[97.807202,3.414937],[97.807604,3.422992],[97.813644,3.424878],[97.812595,3.426986],[97.80856,3.425198],[97.804158,3.425056],[97.800196,3.429253],[97.798588,3.434008],[97.788544,3.436255],[97.787991,3.438838],[97.789986,3.444825],[97.790419,3.452667],[97.793829,3.454442],[97.799864,3.454812],[97.799655,3.461781],[97.795784,3.466504],[97.794736,3.472777],[97.795556,3.480527],[97.793353,3.484962],[97.800266,3.486469]]]}},{"type":"Feature","properties":{"nmkec":"Babul Rahmah","nmkab":"Aceh Tenggara","nmprov":"Aceh","kdkec":"011","kdkab":"04","kodekab":"1104","idkec":"1104011","index":184},"geometry":{"type":"Polygon","coordinates":[[[97.868535,3.365083],[97.871735,3.364543],[97.873723,3.365611],[97.875463,3.365239],[97.87665,3.361348],[97.880582,3.356677],[97.881525,3.352517],[97.885209,3.349893],[97.889601,3.348466],[97.88688,3.342888],[97.891159,3.336002],[97.89531,3.334041],[97.898909,3.329911],[97.902221,3.328987],[97.906066,3.319583],[97.90763,3.317731],[97.909872,3.320018],[97.912099,3.320177],[97.911604,3.317777],[97.908615,3.31415],[97.908251,3.309301],[97.909597,3.306673],[97.908917,3.301852],[97.912246,3.295471],[97.916305,3.291507],[97.917621,3.285386],[97.919398,3.283591],[97.91558,3.27557],[97.899331,3.273421],[97.882595,3.274083],[97.863507,3.277468],[97.853328,3.277129],[97.848874,3.298411],[97.860954,3.312907],[97.880665,3.328474],[97.881321,3.330896],[97.858383,3.346675],[97.856296,3.350103],[97.859438,3.352649],[97.85852,3.355001],[97.851898,3.362864],[97.86327,3.371344],[97.868535,3.365083]]]}},{"type":"Feature","properties":{"nmkec":"Aceh Tenggara","nmkab":"Aceh Tenggara","nmprov":"Aceh","kdkec":"012","kdkab":"04","kodekab":"1104","idkec":"1104012","index":185},"geometry":{"type":"Polygon","coordinates":[[[97.798588,3.434008],[97.800196,3.429253],[97.804158,3.425056],[97.80856,3.425198],[97.812595,3.426986],[97.813644,3.424878],[97.807604,3.422992],[97.807202,3.414937],[97.811457,3.414941],[97.814288,3.411111],[97.819822,3.399383],[97.83495,3.395752],[97.840567,3.375569],[97.844658,3.366524],[97.841078,3.36322],[97.833032,3.349127],[97.828785,3.345498],[97.826501,3.344885],[97.822415,3.33778],[97.818312,3.327113],[97.823971,3.324642],[97.828805,3.318918],[97.826315,3.306717],[97.827066,3.294499],[97.804365,3.291352],[97.797826,3.279169],[97.786417,3.265381],[97.783088,3.246668],[97.773328,3.238571],[97.770026,3.225557],[97.774039,3.217395],[97.772855,3.201357],[97.769646,3.196302],[97.757396,3.188087],[97.756587,3.185423],[97.759222,3.181141],[97.759205,3.177405],[97.749335,3.167044],[97.747185,3.161183],[97.747963,3.157177],[97.752169,3.148085],[97.760357,3.138974],[97.760297,3.125632],[97.763171,3.115479],[97.767392,3.109589],[97.767262,3.106446],[97.762476,3.104867],[97.755553,3.099028],[97.752361,3.098508],[97.749424,3.094786],[97.743851,3.095078],[97.740921,3.09269],[97.735614,3.093514],[97.732679,3.090058],[97.727857,3.080205],[97.728904,3.076732],[97.721425,3.066357],[97.720333,3.059424],[97.723506,3.056741],[97.715743,3.050436],[97.713654,3.049846],[97.709902,3.04159],[97.709349,3.036522],[97.710395,3.032781],[97.701852,3.02161],[97.696531,3.018965],[97.695453,3.015233],[97.697027,3.01069],[97.689839,3.005917],[97.680038,3.010763],[97.666512,3.013757],[97.659937,3.028198],[97.655694,3.029283],[97.648282,3.034386],[97.638682,3.039364],[97.640098,3.03621],[97.633329,3.049232],[97.615407,3.092737],[97.610237,3.101393],[97.603211,3.109405],[97.596897,3.114728],[97.576654,3.127394],[97.551171,3.14958],[97.534397,3.160113],[97.526654,3.163356],[97.519859,3.167589],[97.511398,3.17705],[97.5,3.192134],[97.488696,3.203155],[97.479927,3.213908],[97.475008,3.222846],[97.470411,3.241104],[97.470038,3.246424],[97.471484,3.255843],[97.471412,3.263181],[97.468925,3.267891],[97.474702,3.267428],[97.483323,3.268767],[97.496514,3.274798],[97.634739,3.353113],[97.749819,3.420418],[97.752842,3.420093],[97.757467,3.417349],[97.762706,3.41894],[97.773425,3.42503],[97.77873,3.434884],[97.783656,3.435469],[97.787991,3.438838],[97.788544,3.436255],[97.798588,3.434008]]]}},{"type":"Feature","properties":{"nmkec":"Lawe Sigala-Gala","nmkab":"Aceh Tenggara","nmprov":"Aceh","kdkec":"020","kdkab":"04","kodekab":"1104","idkec":"1104020","index":186},"geometry":{"type":"Polygon","coordinates":[[[97.909118,3.383268],[97.914722,3.370687],[97.918492,3.369731],[97.922711,3.35512],[97.927151,3.347072],[97.930493,3.344299],[97.933719,3.344225],[97.938735,3.341558],[97.946379,3.334097],[97.952998,3.324706],[97.938919,3.317197],[97.941918,3.311458],[97.932109,3.307652],[97.933151,3.303572],[97.927162,3.30323],[97.913366,3.294326],[97.908917,3.301852],[97.909597,3.306673],[97.908251,3.309301],[97.908615,3.31415],[97.911604,3.317777],[97.912099,3.320177],[97.909872,3.320018],[97.90763,3.317731],[97.906066,3.319583],[97.902221,3.328987],[97.898909,3.329911],[97.89531,3.334041],[97.891159,3.336002],[97.88688,3.342888],[97.889601,3.348466],[97.885209,3.349893],[97.881525,3.352517],[97.880582,3.356677],[97.87665,3.361348],[97.876277,3.363451],[97.891934,3.36874],[97.890219,3.372446],[97.901744,3.375411],[97.902671,3.379231],[97.902238,3.387986],[97.903619,3.38913],[97.907334,3.390216],[97.909224,3.385862],[97.909118,3.383268]],[[97.934464,3.342164],[97.934466,3.342163],[97.934469,3.342173],[97.934464,3.342164]]]}},{"type":"Feature","properties":{"nmkec":"Babul Makmur","nmkab":"Aceh Tenggara","nmprov":"Aceh","kdkec":"021","kdkab":"04","kodekab":"1104","idkec":"1104021","index":187},"geometry":{"type":"Polygon","coordinates":[[[97.952998,3.324706],[97.955962,3.314136],[97.960161,3.307497],[97.96684,3.301711],[97.975487,3.29606],[97.97832,3.293347],[97.980944,3.288666],[97.992823,3.300327],[97.994971,3.298055],[97.984462,3.290273],[97.98273,3.28661],[97.979473,3.285309],[97.976327,3.276387],[97.964325,3.276741],[97.963935,3.2739],[97.962128,3.272956],[97.93377,3.270072],[97.934097,3.262909],[97.920538,3.25614],[97.917475,3.25661],[97.915357,3.264377],[97.912483,3.265776],[97.915585,3.271282],[97.916783,3.274409],[97.916279,3.276791],[97.919398,3.283591],[97.917621,3.285386],[97.916305,3.291507],[97.913366,3.294326],[97.927162,3.30323],[97.933151,3.303572],[97.932109,3.307652],[97.941918,3.311458],[97.938919,3.317197],[97.952998,3.324706]]]}},{"type":"Feature","properties":{"nmkec":"Aceh Tenggara","nmkab":"Aceh Tenggara","nmprov":"Aceh","kdkec":"030","kdkab":"04","kodekab":"1104","idkec":"1104030","index":188},"geometry":{"type":"Polygon","coordinates":[[[97.948808,3.471089],[97.941447,3.455834],[97.93631,3.450358],[97.933736,3.444458],[97.933609,3.440342],[97.93687,3.432518],[97.95042,3.414287],[97.95196,3.408565],[97.948664,3.40039],[97.947601,3.39317],[97.93054,3.389719],[97.909933,3.389587],[97.909294,3.393128],[97.898353,3.410697],[97.897107,3.416151],[97.896134,3.417031],[97.896636,3.421517],[97.902805,3.423316],[97.897456,3.432016],[97.889507,3.431689],[97.884927,3.435317],[97.887929,3.438644],[97.884303,3.441806],[97.881736,3.442616],[97.878146,3.44003],[97.877494,3.440592],[97.880846,3.444225],[97.873785,3.447003],[97.872133,3.450398],[97.878023,3.45862],[97.87521,3.460365],[97.865629,3.463218],[97.865786,3.464029],[97.868826,3.466202],[97.876624,3.467206],[97.881315,3.470314],[97.888071,3.4708],[97.892765,3.47443],[97.89744,3.474406],[97.906809,3.478011],[97.912007,3.478505],[97.919796,3.477943],[97.924457,3.475308],[97.927552,3.471116],[97.930895,3.469628],[97.936406,3.475637],[97.944218,3.479511],[97.952662,3.480118],[97.958922,3.48188],[97.958603,3.48061],[97.948808,3.471089]]]}},{"type":"Feature","properties":{"nmkec":"Aceh Tenggara","nmkab":"Aceh Tenggara","nmprov":"Aceh","kdkec":"023","kdkab":"04","kodekab":"1104","idkec":"1104023","index":189},"geometry":{"type":"MultiPolygon","coordinates":[[[[97.937186,3.156167],[97.957485,3.138557],[97.964314,3.144734],[97.976523,3.128877],[97.980911,3.118861],[97.981729,3.113456],[97.979361,3.100182],[97.979919,3.095582],[97.971318,3.100643],[97.969878,3.104304],[97.972579,3.105186],[97.968271,3.112553],[97.973459,3.1171],[97.953536,3.138958],[97.942073,3.130608],[97.955013,3.115787],[97.963485,3.108515],[97.967251,3.100924],[97.959815,3.098204],[97.957395,3.101983],[97.953434,3.103587],[97.947318,3.112318],[97.947409,3.11386],[97.937906,3.12097],[97.932029,3.112869],[97.942492,3.105596],[97.947327,3.093216],[97.952928,3.095023],[97.957413,3.092106],[97.961329,3.092759],[97.967466,3.096043],[97.980134,3.088194],[97.971511,3.088831],[97.968354,3.082329],[97.966948,3.07517],[97.96394,3.070008],[97.960177,3.082481],[97.951931,3.08656],[97.947155,3.07922],[97.937639,3.079282],[97.937329,3.074626],[97.932021,3.069423],[97.931304,3.067505],[97.930095,3.055037],[97.927338,3.056659],[97.922906,3.06366],[97.922293,3.070593],[97.919735,3.075392],[97.910053,3.084411],[97.907471,3.083427],[97.906704,3.089215],[97.907138,3.097191],[97.905982,3.104775],[97.907525,3.106838],[97.910476,3.109178],[97.922763,3.098223],[97.928035,3.104067],[97.920615,3.113065],[97.925346,3.119625],[97.921889,3.122586],[97.916735,3.125466],[97.912195,3.119381],[97.914098,3.115303],[97.908726,3.117032],[97.906683,3.122517],[97.911084,3.123448],[97.908069,3.12997],[97.905757,3.139858],[97.913103,3.141116],[97.935193,3.142142],[97.933857,3.172813],[97.939772,3.162734],[97.943072,3.160927],[97.937186,3.156167]]],[[[97.94664,3.270986],[97.945365,3.267692],[97.942007,3.26431],[97.940304,3.264408],[97.935464,3.260971],[97.928531,3.259124],[97.927583,3.259717],[97.934097,3.262909],[97.93377,3.270072],[97.946129,3.271771],[97.94664,3.270986]]]]}},{"type":"Feature","properties":{"nmkec":"Bambel","nmkab":"Aceh Tenggara","nmprov":"Aceh","kdkec":"030","kdkab":"04","kodekab":"1104","idkec":"1104030","index":190},"geometry":{"type":"Polygon","coordinates":[[[97.833518,3.463436],[97.831522,3.462942],[97.832684,3.456457],[97.835383,3.456121],[97.83936,3.451433],[97.846271,3.451454],[97.847246,3.448518],[97.853691,3.448663],[97.855213,3.450313],[97.855454,3.452569],[97.862015,3.453535],[97.863113,3.454571],[97.865629,3.463218],[97.87521,3.460365],[97.878023,3.45862],[97.872133,3.450398],[97.873785,3.447003],[97.880846,3.444225],[97.871018,3.430812],[97.854559,3.427974],[97.85561,3.418318],[97.854052,3.41759],[97.84528,3.423191],[97.844289,3.427181],[97.839222,3.435191],[97.832888,3.443095],[97.81554,3.460567],[97.82694,3.466202],[97.828245,3.467771],[97.8346,3.467701],[97.834622,3.465316],[97.833518,3.463436]]]}},{"type":"Feature","properties":{"nmkec":"Bukit Tusam","nmkab":"Aceh Tenggara","nmprov":"Aceh","kdkec":"031","kdkab":"04","kodekab":"1104","idkec":"1104031","index":191},"geometry":{"type":"Polygon","coordinates":[[[97.884303,3.441806],[97.887929,3.438644],[97.884927,3.435317],[97.889507,3.431689],[97.897456,3.432016],[97.902805,3.423316],[97.896636,3.421517],[97.896134,3.417031],[97.887966,3.416689],[97.883918,3.415465],[97.884702,3.413454],[97.884129,3.410641],[97.878096,3.407952],[97.880682,3.403006],[97.880682,3.400258],[97.879911,3.399719],[97.866561,3.393462],[97.856297,3.389882],[97.846542,3.387858],[97.845598,3.392533],[97.847927,3.395619],[97.851114,3.397412],[97.850802,3.401356],[97.85382,3.402005],[97.853528,3.404905],[97.851101,3.409494],[97.848423,3.421292],[97.854052,3.41759],[97.855287,3.417871],[97.854559,3.427974],[97.871018,3.430812],[97.880224,3.442023],[97.881736,3.442616],[97.884303,3.441806]]]}},{"type":"Feature","properties":{"nmkec":"Aceh Tenggara","nmkab":"Aceh Tenggara","nmprov":"Aceh","kdkec":"050","kdkab":"04","kodekab":"1104","idkec":"1104050","index":192},"geometry":{"type":"Polygon","coordinates":[[[97.8609,3.565593],[97.852748,3.55911],[97.847065,3.55914],[97.841357,3.554276],[97.834863,3.554311],[97.830787,3.551069],[97.826694,3.544565],[97.822618,3.541324],[97.815315,3.542178],[97.809762,3.541509],[97.807576,3.544302],[97.805178,3.543179],[97.804044,3.5381],[97.805689,3.532339],[97.801377,3.526879],[97.789903,3.530885],[97.786974,3.535388],[97.785885,3.548252],[97.778374,3.552828],[97.775317,3.561124],[97.773574,3.562658],[97.774077,3.572615],[97.783852,3.580683],[97.788736,3.583104],[97.792018,3.589613],[97.801773,3.592009],[97.805867,3.598513],[97.811554,3.599299],[97.811589,3.605824],[97.806803,3.622165],[97.806035,3.630326],[97.802817,3.636054],[97.806143,3.650719],[97.811866,3.65803],[97.81356,3.671073],[97.816834,3.675949],[97.820695,3.686458],[97.822521,3.681288],[97.827754,3.673723],[97.829313,3.672177],[97.838396,3.668519],[97.844403,3.661197],[97.846598,3.653196],[97.85395,3.639961],[97.852817,3.630148],[97.853551,3.626923],[97.858587,3.622346],[97.86912,3.615527],[97.871943,3.612075],[97.870543,3.606984],[97.864262,3.60079],[97.863677,3.598873],[97.863643,3.594627],[97.867042,3.584839],[97.867589,3.573241],[97.868259,3.571032],[97.870613,3.568568],[97.864156,3.567207],[97.8609,3.565593]]]}},{"type":"Feature","properties":{"nmkec":"Lawe Sumur","nmkab":"Aceh Tenggara","nmprov":"Aceh","kdkec":"032","kdkab":"04","kodekab":"1104","idkec":"1104032","index":193},"geometry":{"type":"Polygon","coordinates":[[[97.849496,3.479849],[97.862171,3.479209],[97.862294,3.46385],[97.865629,3.463218],[97.863113,3.454571],[97.862015,3.453535],[97.855454,3.452569],[97.855213,3.450313],[97.853691,3.448663],[97.847246,3.448518],[97.846271,3.451454],[97.83936,3.451433],[97.835383,3.456121],[97.832684,3.456457],[97.831522,3.462942],[97.833584,3.463536],[97.8346,3.467701],[97.828245,3.467771],[97.823613,3.471366],[97.825466,3.472127],[97.827511,3.476187],[97.850941,3.475052],[97.849554,3.477087],[97.849496,3.479849]],[[97.861571,3.463964],[97.862285,3.463851],[97.859088,3.46444],[97.861571,3.463964]],[[97.858288,3.464593],[97.858571,3.464539],[97.858551,3.464545],[97.858288,3.464593]],[[97.858707,3.464516],[97.858712,3.464512],[97.858713,3.464515],[97.858707,3.464516]]]}},{"type":"Feature","properties":{"nmkec":"Babussalam","nmkab":"Aceh Tenggara","nmprov":"Aceh","kdkec":"040","kdkab":"04","kodekab":"1104","idkec":"1104040","index":194},"geometry":{"type":"Polygon","coordinates":[[[97.785096,3.519083],[97.787687,3.515937],[97.802831,3.511904],[97.806377,3.509177],[97.809809,3.509156],[97.811281,3.490125],[97.818163,3.476728],[97.828245,3.467771],[97.82694,3.466202],[97.81554,3.460567],[97.800266,3.486469],[97.795619,3.4849],[97.782081,3.485215],[97.781706,3.495566],[97.791066,3.49742],[97.789232,3.506026],[97.785381,3.512962],[97.780111,3.516381],[97.785096,3.519083]]]}},{"type":"Feature","properties":{"nmkec":"Aceh Tenggara","nmkab":"Aceh Tenggara","nmprov":"Aceh","kdkec":"041","kdkab":"04","kodekab":"1104","idkec":"1104041","index":195},"geometry":{"type":"Polygon","coordinates":[[[97.923818,3.512198],[97.922907,3.505256],[97.920495,3.500004],[97.921174,3.498818],[97.900816,3.499314],[97.886497,3.492864],[97.88582,3.487647],[97.878677,3.487684],[97.874155,3.492276],[97.867016,3.492965],[97.865703,3.490362],[97.859213,3.491048],[97.856963,3.490415],[97.858316,3.487235],[97.847538,3.487539],[97.846772,3.497037],[97.841025,3.501867],[97.847826,3.504799],[97.853317,3.512853],[97.872786,3.511992],[97.877253,3.512554],[97.88409,3.515462],[97.892287,3.52023],[97.90313,3.530514],[97.911274,3.534086],[97.912564,3.533824],[97.919467,3.521981],[97.923818,3.512198]]]}},{"type":"Feature","properties":{"nmkec":"Lawe Bulan","nmkab":"Aceh Tenggara","nmprov":"Aceh","kdkec":"041","kdkab":"04","kodekab":"1104","idkec":"1104041","index":196},"geometry":{"type":"Polygon","coordinates":[[[97.858316,3.487235],[97.859297,3.479971],[97.849496,3.479849],[97.849554,3.477087],[97.850941,3.475052],[97.827511,3.476187],[97.825466,3.472127],[97.823613,3.471366],[97.822023,3.473847],[97.818163,3.476728],[97.814068,3.484424],[97.811281,3.490125],[97.810685,3.495684],[97.830482,3.49961],[97.834854,3.50159],[97.841025,3.501867],[97.846772,3.497037],[97.847538,3.487539],[97.858316,3.487235]]]}},{"type":"Feature","properties":{"nmkec":"Badar","nmkab":"Aceh Tenggara","nmprov":"Aceh","kdkec":"050","kdkab":"04","kodekab":"1104","idkec":"1104050","index":197},"geometry":{"type":"Polygon","coordinates":[[[97.767057,3.567218],[97.775317,3.561124],[97.778374,3.552828],[97.785885,3.548252],[97.786974,3.535388],[97.789903,3.530885],[97.801377,3.526879],[97.805689,3.532339],[97.807517,3.528728],[97.80829,3.521183],[97.809462,3.51986],[97.809809,3.509156],[97.806377,3.509177],[97.802831,3.511904],[97.787687,3.515937],[97.785096,3.519083],[97.780111,3.516381],[97.778254,3.517194],[97.777961,3.530607],[97.776494,3.534785],[97.778048,3.538518],[97.775048,3.547672],[97.775711,3.552367],[97.77165,3.559208],[97.763533,3.564022],[97.760725,3.570635],[97.75717,3.574119],[97.758778,3.575287],[97.75981,3.574067],[97.765762,3.571793],[97.767057,3.567218]]]}},{"type":"Feature","properties":{"nmkec":"Bener Meriah","nmkab":"Bener Meriah","nmprov":"Aceh","kdkec":"070","kdkab":"17","kodekab":"1117","idkec":"1117070","index":198},"geometry":{"type":"Polygon","coordinates":[[[96.87104,4.856382],[96.875903,4.848704],[96.881895,4.845865],[96.883808,4.826152],[96.873164,4.813402],[96.870463,4.811822],[96.865194,4.811377],[96.85826,4.797067],[96.858699,4.79321],[96.863256,4.793224],[96.867392,4.791665],[96.870104,4.789673],[96.874682,4.783115],[96.874041,4.782359],[96.863854,4.783449],[96.857143,4.783082],[96.853208,4.799176],[96.849536,4.804671],[96.852654,4.809566],[96.857345,4.823851],[96.859012,4.833386],[96.861121,4.8598],[96.865892,4.858696],[96.870636,4.859544],[96.87104,4.856382]]]}},{"type":"Feature","properties":{"nmkec":"Darul Hasanah","nmkab":"Aceh Tenggara","nmprov":"Aceh","kdkec":"051","kdkab":"04","kodekab":"1104","idkec":"1104051","index":199},"geometry":{"type":"Polygon","coordinates":[[[97.702492,3.635882],[97.715925,3.6225],[97.720533,3.620665],[97.727897,3.614102],[97.729753,3.60715],[97.732383,3.604524],[97.736311,3.602638],[97.738731,3.599111],[97.735538,3.597078],[97.735179,3.594049],[97.760725,3.570635],[97.763533,3.564022],[97.77165,3.559208],[97.775122,3.553747],[97.775711,3.552367],[97.775048,3.547672],[97.778048,3.538518],[97.776494,3.534785],[97.777961,3.530607],[97.778254,3.517194],[97.782713,3.515325],[97.785381,3.512962],[97.790629,3.501961],[97.791066,3.49742],[97.790125,3.496696],[97.789214,3.496625],[97.786695,3.499333],[97.781386,3.508781],[97.774223,3.516633],[97.770673,3.523162],[97.767089,3.524025],[97.764895,3.531845],[97.758099,3.534447],[97.757634,3.538651],[97.749728,3.538223],[97.749389,3.545198],[97.759379,3.546002],[97.75755,3.551931],[97.747903,3.554726],[97.726163,3.554852],[97.728929,3.560373],[97.74537,3.566965],[97.739178,3.574154],[97.725728,3.59836],[97.721265,3.602803],[97.724508,3.605571],[97.716251,3.617799],[97.706902,3.625165],[97.704657,3.629364],[97.699707,3.629208],[97.698824,3.630251],[97.698015,3.633275],[97.698633,3.635899],[97.702492,3.635882]]]}},{"type":"Feature","properties":{"nmkec":"Meureudu","nmkab":"Pidie Jaya","nmprov":"Aceh","kdkec":"010","kdkab":"18","kodekab":"1118","idkec":"1118010","index":200},"geometry":{"type":"Polygon","coordinates":[[[96.262356,5.265592],[96.260243,5.260714],[96.261013,5.257237],[96.259314,5.256064],[96.255225,5.256702],[96.253372,5.255641],[96.252694,5.253412],[96.254333,5.249671],[96.252752,5.246344],[96.249347,5.244596],[96.248884,5.243508],[96.249086,5.241851],[96.250404,5.240893],[96.254636,5.241898],[96.256559,5.239358],[96.254194,5.233766],[96.255356,5.231624],[96.257534,5.230361],[96.255851,5.21658],[96.251168,5.207348],[96.244252,5.207143],[96.239695,5.208007],[96.238727,5.208979],[96.228559,5.196814],[96.224674,5.201329],[96.225779,5.203026],[96.226573,5.208926],[96.223202,5.204741],[96.220913,5.205139],[96.218279,5.207036],[96.212338,5.207282],[96.212647,5.21327],[96.205065,5.219766],[96.207395,5.224329],[96.21149,5.222977],[96.21814,5.223143],[96.217999,5.227288],[96.213323,5.226733],[96.215245,5.231888],[96.216434,5.232693],[96.219907,5.232173],[96.22211,5.23324],[96.224242,5.24055],[96.227125,5.242683],[96.231159,5.242911],[96.23292,5.24445],[96.234374,5.249868],[96.234074,5.254309],[96.238361,5.257395],[96.240867,5.263834],[96.242087,5.262871],[96.251956,5.262973],[96.262356,5.265592]]]}},{"type":"Feature","properties":{"nmkec":"Pidie Jaya","nmkab":"Pidie Jaya","nmprov":"Aceh","kdkec":"010","kdkab":"18","kodekab":"1118","idkec":"1118010","index":201},"geometry":{"type":"Polygon","coordinates":[[[96.209208,5.206495],[96.213082,5.207564],[96.218279,5.207036],[96.220913,5.205139],[96.223202,5.204741],[96.226573,5.208926],[96.225779,5.203026],[96.224674,5.201329],[96.228559,5.196814],[96.238727,5.208979],[96.239695,5.208007],[96.244252,5.207143],[96.251168,5.207348],[96.249298,5.204095],[96.243109,5.199741],[96.242773,5.197863],[96.244307,5.19625],[96.244347,5.192359],[96.239678,5.190818],[96.238005,5.189026],[96.238068,5.187627],[96.226278,5.178557],[96.225047,5.172804],[96.217534,5.170037],[96.213115,5.16485],[96.217582,5.155843],[96.21583,5.143283],[96.227562,5.139817],[96.22721,5.136537],[96.233172,5.128074],[96.239612,5.124394],[96.245393,5.112602],[96.249786,5.11152],[96.252006,5.108449],[96.248826,5.105494],[96.247546,5.101825],[96.247604,5.092689],[96.251327,5.07882],[96.249776,5.074417],[96.256136,5.071712],[96.259704,5.068467],[96.268538,5.053033],[96.271809,5.049718],[96.279702,5.046421],[96.291888,5.045862],[96.301272,5.041206],[96.309036,5.027247],[96.31559,5.017665],[96.324503,5.012574],[96.333237,5.004143],[96.339486,5.004985],[96.341769,5.009166],[96.347191,5.01196],[96.348677,4.995542],[96.347601,4.991514],[96.340446,4.982405],[96.340637,4.979744],[96.336993,4.974418],[96.325441,4.962422],[96.326518,4.958231],[96.332705,4.949326],[96.336939,4.945719],[96.344205,4.943142],[96.334695,4.929097],[96.323892,4.916064],[96.314804,4.914382],[96.308735,4.916501],[96.305512,4.916335],[96.297093,4.910986],[96.279979,4.909429],[96.261206,4.914916],[96.252225,4.923889],[96.250226,4.933451],[96.248209,4.935443],[96.240804,4.940694],[96.225327,4.94817],[96.211448,4.95875],[96.20802,4.963878],[96.199473,4.983123],[96.189776,4.995704],[96.189542,4.999554],[96.19999,5.013286],[96.206195,5.038876],[96.206034,5.040988],[96.201813,5.048763],[96.195555,5.055842],[96.195686,5.061718],[96.192967,5.065421],[96.194058,5.072236],[96.192695,5.076739],[96.191509,5.077123],[96.189226,5.075923],[96.18715,5.071143],[96.182804,5.067956],[96.178459,5.068996],[96.166924,5.068403],[96.154376,5.077546],[96.147264,5.079531],[96.139667,5.075101],[96.136373,5.074645],[96.131269,5.076431],[96.133656,5.08254],[96.140956,5.092628],[96.145289,5.106238],[96.153587,5.112572],[96.153846,5.116013],[96.15252,5.120337],[96.156956,5.125709],[96.15458,5.13135],[96.146978,5.140568],[96.148081,5.15032],[96.142525,5.15617],[96.144335,5.161487],[96.147195,5.163774],[96.151621,5.164229],[96.154344,5.171152],[96.158709,5.168425],[96.160291,5.16944],[96.162314,5.17303],[96.174605,5.18065],[96.175274,5.179226],[96.173844,5.177242],[96.17427,5.175893],[96.177419,5.177151],[96.179259,5.180256],[96.187518,5.186013],[96.188218,5.188436],[96.187518,5.193284],[96.190439,5.196283],[96.191884,5.201252],[96.193603,5.202804],[96.196492,5.202375],[96.199967,5.203723],[96.201755,5.205889],[96.201116,5.208434],[96.202287,5.209949],[96.203702,5.210146],[96.206622,5.207283],[96.209208,5.206495]]]}},{"type":"Feature","properties":{"nmkec":"Aceh Tenggara","nmkab":"Aceh Tenggara","nmprov":"Aceh","kdkec":"052","kdkab":"04","kodekab":"1104","idkec":"1104052","index":202},"geometry":{"type":"Polygon","coordinates":[[[97.824609,3.749526],[97.817738,3.742496],[97.81521,3.736741],[97.800273,3.722666],[97.803826,3.716766],[97.804639,3.710372],[97.817682,3.692863],[97.820695,3.686458],[97.816834,3.675949],[97.81356,3.671073],[97.811866,3.65803],[97.806143,3.650719],[97.802817,3.636054],[97.806035,3.630326],[97.806803,3.622165],[97.811589,3.605824],[97.811554,3.599299],[97.805867,3.598513],[97.801773,3.592009],[97.792018,3.589613],[97.788736,3.583104],[97.783852,3.580683],[97.774077,3.572615],[97.773574,3.562658],[97.772147,3.562905],[97.767057,3.567218],[97.765762,3.571793],[97.75981,3.574067],[97.758778,3.575287],[97.75717,3.574119],[97.754305,3.576552],[97.752223,3.578795],[97.758174,3.580795],[97.757002,3.58679],[97.757575,3.592821],[97.756354,3.595965],[97.748082,3.603675],[97.743371,3.60299],[97.727882,3.621998],[97.702985,3.642154],[97.678566,3.655826],[97.678282,3.65924],[97.676035,3.663991],[97.668183,3.673673],[97.66922,3.674974],[97.668958,3.676541],[97.666607,3.68276],[97.652922,3.696809],[97.648735,3.704381],[97.640443,3.714606],[97.628102,3.726255],[97.626036,3.724406],[97.627394,3.727271],[97.631469,3.730996],[97.634723,3.732398],[97.638178,3.732749],[97.642256,3.731654],[97.662177,3.731921],[97.708918,3.735558],[97.734772,3.7399],[97.74886,3.744341],[97.781233,3.749222],[97.809273,3.748473],[97.824609,3.749526]]]}},{"type":"Feature","properties":{"nmkec":"Deleng Pokhkisen","nmkab":"Aceh Tenggara","nmprov":"Aceh","kdkec":"053","kdkab":"04","kodekab":"1104","idkec":"1104053","index":203},"geometry":{"type":"Polygon","coordinates":[[[97.806711,3.538506],[97.811906,3.535121],[97.814276,3.531359],[97.820083,3.531504],[97.821497,3.532913],[97.828385,3.530463],[97.827429,3.527746],[97.833893,3.520326],[97.830001,3.519022],[97.830231,3.515569],[97.834759,3.516233],[97.838734,3.504352],[97.840829,3.504617],[97.841294,3.501928],[97.834854,3.50159],[97.830482,3.49961],[97.810685,3.495684],[97.809462,3.51986],[97.80829,3.521183],[97.807517,3.528728],[97.804044,3.5381],[97.80459,3.542339],[97.807576,3.544302],[97.808378,3.543512],[97.806711,3.538506]]]}},{"type":"Feature","properties":{"nmkec":"Pidie","nmkab":"Pidie","nmprov":"Aceh","kdkec":"120","kdkab":"09","kodekab":"1109","idkec":"1109120","index":204},"geometry":{"type":"Polygon","coordinates":[[[95.896999,5.265404],[95.892915,5.250762],[95.889279,5.252761],[95.885945,5.252617],[95.882015,5.251296],[95.877821,5.247624],[95.872445,5.24675],[95.87162,5.248795],[95.876514,5.257457],[95.878988,5.260109],[95.887879,5.264087],[95.896999,5.265404]]]}},{"type":"Feature","properties":{"nmkec":"Pidie","nmkab":"Pidie","nmprov":"Aceh","kdkec":"150","kdkab":"09","kodekab":"1109","idkec":"1109150","index":205},"geometry":{"type":"Polygon","coordinates":[[[95.888471,5.340177],[95.889243,5.338813],[95.888113,5.330535],[95.89085,5.321453],[95.890125,5.3176],[95.891497,5.31068],[95.889741,5.30808],[95.877222,5.307421],[95.876218,5.310647],[95.876755,5.312869],[95.879484,5.319256],[95.882921,5.323048],[95.882812,5.327385],[95.879943,5.332618],[95.880152,5.335672],[95.878743,5.338929],[95.881721,5.338887],[95.885201,5.341045],[95.888471,5.340177]]]}},{"type":"Feature","properties":{"nmkec":"Kota Sigli","nmkab":"Pidie","nmprov":"Aceh","kdkec":"200","kdkab":"09","kodekab":"1109","idkec":"1109200","index":206},"geometry":{"type":"MultiPolygon","coordinates":[[[[95.93734,5.40861],[95.949998,5.397015],[95.96492,5.389039],[95.978784,5.375544],[95.97533,5.375867],[95.974729,5.373225],[95.972471,5.371102],[95.967835,5.373952],[95.965684,5.370983],[95.963605,5.374195],[95.961326,5.374799],[95.954792,5.373638],[95.949415,5.378277],[95.939618,5.379326],[95.938636,5.381811],[95.940539,5.383434],[95.945141,5.382007],[95.946381,5.380371],[95.949891,5.380186],[95.952714,5.391447],[95.9491,5.396079],[95.934626,5.405027],[95.93734,5.40861]]],[[[95.960946,5.36138],[95.963657,5.359751],[95.962164,5.356748],[95.960975,5.357489],[95.960362,5.360173],[95.960946,5.36138]]]]}},{"type":"Feature","properties":{"nmkec":"Simpang Jernih","nmkab":"Aceh Timur","nmprov":"Aceh","kdkec":"081","kdkab":"05","kodekab":"1105","idkec":"1105081","index":207},"geometry":{"type":"Polygon","coordinates":[[[97.75826,4.492918],[97.758786,4.459352],[97.764599,4.409828],[97.766022,4.383965],[97.764819,4.377934],[97.760148,4.36504],[97.766943,4.358286],[97.77432,4.343033],[97.771526,4.340345],[97.766147,4.341246],[97.763242,4.338867],[97.760966,4.332152],[97.762139,4.322209],[97.760761,4.316943],[97.752337,4.308261],[97.748363,4.30529],[97.744989,4.304316],[97.733295,4.286704],[97.731855,4.282709],[97.731562,4.277747],[97.729517,4.275504],[97.727226,4.275319],[97.726324,4.274228],[97.71912,4.257274],[97.717444,4.250132],[97.717858,4.247185],[97.704726,4.246409],[97.684981,4.247002],[97.683746,4.244035],[97.680757,4.240852],[97.668943,4.24223],[97.665355,4.239191],[97.654977,4.226185],[97.643066,4.220271],[97.636859,4.225726],[97.628759,4.228698],[97.622052,4.245114],[97.612379,4.251113],[97.61264,4.287224],[97.618999,4.331725],[97.619003,4.370553],[97.626063,4.418866],[97.649691,4.468413],[97.66778,4.492826],[97.670677,4.485074],[97.757113,4.496865],[97.75826,4.492918]]]}},{"type":"Feature","properties":{"nmkec":"Peunaron","nmkab":"Aceh Timur","nmprov":"Aceh","kdkec":"082","kdkab":"05","kodekab":"1105","idkec":"1105082","index":208},"geometry":{"type":"Polygon","coordinates":[[[97.516082,4.761591],[97.536732,4.761289],[97.546606,4.748255],[97.548327,4.737532],[97.613626,4.723304],[97.61679,4.72336],[97.619727,4.725026],[97.623358,4.72493],[97.625922,4.723222],[97.631783,4.721766],[97.638947,4.722324],[97.642187,4.721351],[97.65848,4.73271],[97.661289,4.722174],[97.666055,4.713822],[97.672961,4.689785],[97.679855,4.671663],[97.680125,4.664302],[97.684031,4.652279],[97.684575,4.646729],[97.687624,4.641058],[97.689158,4.635627],[97.694406,4.632538],[97.695435,4.628771],[97.694356,4.625464],[97.69586,4.623309],[97.699042,4.623881],[97.699837,4.621693],[97.698402,4.619714],[97.69965,4.617922],[97.701556,4.617566],[97.70334,4.619092],[97.704851,4.624422],[97.706297,4.624822],[97.707226,4.623641],[97.706098,4.610595],[97.746884,4.543363],[97.750323,4.531956],[97.748691,4.528441],[97.75127,4.517483],[97.748692,4.510147],[97.751466,4.503969],[97.757113,4.496865],[97.670677,4.485074],[97.66778,4.492826],[97.683464,4.506102],[97.5978,4.603343],[97.591081,4.634944],[97.574018,4.665766],[97.562778,4.693085],[97.516082,4.761591]]]}},{"type":"Feature","properties":{"nmkec":"Rantau Selamat","nmkab":"Aceh Timur","nmprov":"Aceh","kdkec":"100","kdkab":"05","kodekab":"1105","idkec":"1105100","index":209},"geometry":{"type":"Polygon","coordinates":[[[97.744253,4.668728],[97.746373,4.670232],[97.746133,4.671679],[97.751693,4.675736],[97.761229,4.677681],[97.768983,4.669846],[97.783606,4.66823],[97.793597,4.659047],[97.799931,4.655988],[97.801856,4.648565],[97.807568,4.642495],[97.823073,4.639866],[97.818109,4.631249],[97.845562,4.632809],[97.851949,4.634826],[97.855262,4.631655],[97.885881,4.632441],[97.889329,4.641035],[97.893499,4.642203],[97.900312,4.639438],[97.914042,4.641847],[97.917225,4.639255],[97.917888,4.636138],[97.94563,4.652847],[97.956,4.657873],[97.972331,4.660351],[97.974019,4.653499],[97.977804,4.652729],[97.986699,4.64203],[97.991909,4.642106],[97.995594,4.639418],[97.996426,4.637034],[97.995619,4.633829],[97.993007,4.632025],[97.992352,4.629718],[97.995132,4.621068],[97.995232,4.615123],[97.99723,4.613349],[97.999853,4.612675],[98.001927,4.609078],[98.002401,4.606155],[98.000852,4.603707],[97.988187,4.598511],[97.982716,4.590517],[97.980343,4.591017],[97.975272,4.601359],[97.972899,4.601708],[97.971175,4.600759],[97.967103,4.592161],[97.963577,4.591231],[97.960887,4.593032],[97.955579,4.586935],[97.954104,4.583713],[97.951518,4.582115],[97.950906,4.582614],[97.948985,4.580651],[97.947141,4.578139],[97.947492,4.575752],[97.943838,4.574325],[97.939,4.576862],[97.93299,4.576637],[97.924059,4.578453],[97.92024,4.581153],[97.914696,4.582269],[97.911776,4.584555],[97.906221,4.580461],[97.904472,4.587303],[97.904732,4.594204],[97.904053,4.595678],[97.900642,4.597445],[97.895546,4.598145],[97.893205,4.592688],[97.890985,4.591798],[97.889893,4.592337],[97.891757,4.601952],[97.893341,4.604678],[97.89307,4.608058],[97.891313,4.608058],[97.891245,4.606773],[97.890096,4.606165],[97.888406,4.608058],[97.888203,4.610018],[97.889623,4.61279],[97.888406,4.613263],[97.885229,4.611911],[97.884282,4.607449],[97.880767,4.607517],[97.875968,4.60941],[97.874278,4.606841],[97.875021,4.605421],[97.871483,4.602474],[97.86745,4.605016],[97.866233,4.60772],[97.862448,4.608801],[97.862117,4.606924],[97.865422,4.603258],[97.86434,4.600419],[97.859203,4.605489],[97.85535,4.610965],[97.852952,4.610085],[97.849939,4.607336],[97.843639,4.596639],[97.840769,4.594735],[97.838557,4.591051],[97.837001,4.587143],[97.838407,4.585124],[97.839268,4.578921],[97.830159,4.576304],[97.82749,4.577081],[97.82416,4.576281],[97.819447,4.572191],[97.816929,4.564806],[97.813557,4.564632],[97.802455,4.568606],[97.801187,4.577651],[97.7991,4.573318],[97.796916,4.572798],[97.794049,4.575826],[97.791355,4.584245],[97.788422,4.585331],[97.786087,4.585018],[97.781604,4.576007],[97.781445,4.571676],[97.779717,4.570922],[97.777899,4.572954],[97.776472,4.572722],[97.774333,4.569016],[97.772674,4.563926],[97.775072,4.562827],[97.774104,4.558164],[97.767393,4.555192],[97.765931,4.549782],[97.764149,4.547828],[97.758167,4.545838],[97.754035,4.541495],[97.750324,4.531952],[97.746884,4.543363],[97.706098,4.610595],[97.707226,4.623641],[97.706297,4.624822],[97.704851,4.624422],[97.70334,4.619092],[97.701556,4.617566],[97.69965,4.617922],[97.698402,4.619714],[97.699837,4.621693],[97.699042,4.623881],[97.69586,4.623309],[97.694356,4.625464],[97.695435,4.628771],[97.694406,4.632538],[97.689158,4.635627],[97.68829,4.637734],[97.690819,4.640039],[97.702229,4.641283],[97.702564,4.642782],[97.705698,4.644718],[97.706629,4.643297],[97.709373,4.644121],[97.714504,4.649689],[97.71452,4.652047],[97.712362,4.656314],[97.713178,4.662272],[97.715368,4.663033],[97.717837,4.661958],[97.719478,4.660474],[97.719543,4.658301],[97.721295,4.657407],[97.722397,4.660385],[97.721179,4.664425],[97.720207,4.66561],[97.719047,4.665088],[97.718308,4.665772],[97.71879,4.667126],[97.728454,4.67322],[97.730183,4.670066],[97.732436,4.670925],[97.734475,4.674086],[97.733064,4.678485],[97.73504,4.680313],[97.736115,4.680847],[97.741525,4.679455],[97.739717,4.673541],[97.744253,4.668728]]]}},{"type":"Feature","properties":{"nmkec":"Sungai Raya","nmkab":"Aceh Timur","nmprov":"Aceh","kdkec":"101","kdkab":"05","kodekab":"1105","idkec":"1105101","index":210},"geometry":{"type":"Polygon","coordinates":[[[97.961993,4.71213],[97.967722,4.692013],[97.976392,4.672139],[97.975141,4.67028],[97.974334,4.670708],[97.969423,4.680117],[97.966688,4.681054],[97.962373,4.676865],[97.96207,4.672929],[97.963685,4.665409],[97.970271,4.662381],[97.972331,4.660351],[97.956,4.657873],[97.94563,4.652847],[97.917888,4.636138],[97.917225,4.639255],[97.914042,4.641847],[97.900312,4.639438],[97.893499,4.642203],[97.889329,4.641035],[97.885881,4.632441],[97.855262,4.631655],[97.851949,4.634826],[97.845562,4.632809],[97.818109,4.631249],[97.823073,4.639866],[97.807568,4.642495],[97.801856,4.648565],[97.799978,4.655809],[97.804576,4.657865],[97.823561,4.659997],[97.84351,4.657333],[97.849674,4.657799],[97.861132,4.661063],[97.862361,4.662394],[97.861374,4.663409],[97.860129,4.669404],[97.860095,4.678115],[97.85838,4.679722],[97.862497,4.682351],[97.882482,4.682519],[97.89001,4.684718],[97.898954,4.684777],[97.927956,4.697611],[97.927888,4.702097],[97.95592,4.709406],[97.961993,4.71213]]]}},{"type":"Feature","properties":{"nmkec":"Peureulak Barat","nmkab":"Aceh Timur","nmprov":"Aceh","kdkec":"112","kdkab":"05","kodekab":"1105","idkec":"1105112","index":211},"geometry":{"type":"Polygon","coordinates":[[[97.857507,4.898829],[97.860709,4.896825],[97.875928,4.891133],[97.894042,4.88869],[97.892177,4.885565],[97.892121,4.883731],[97.894491,4.881912],[97.894866,4.879191],[97.891632,4.874623],[97.889496,4.866965],[97.890929,4.867328],[97.893383,4.871476],[97.898463,4.876564],[97.901457,4.876433],[97.898584,4.870108],[97.894782,4.868969],[97.888915,4.863626],[97.89065,4.862504],[97.893406,4.856992],[97.89577,4.855543],[97.896841,4.856206],[97.897045,4.863243],[97.898473,4.862886],[97.899291,4.860748],[97.89882,4.849464],[97.896692,4.850148],[97.892714,4.853824],[97.891641,4.853274],[97.890319,4.847985],[97.891218,4.847375],[97.892134,4.849073],[97.897937,4.846035],[97.89792,4.845119],[97.89454,4.842071],[97.888322,4.842487],[97.889564,4.831508],[97.883793,4.826197],[97.885144,4.824243],[97.885693,4.820386],[97.891509,4.816047],[97.894235,4.815923],[97.8931,4.813036],[97.890594,4.81051],[97.888248,4.810209],[97.88694,4.81106],[97.889045,4.814485],[97.885991,4.816672],[97.881236,4.814869],[97.875426,4.815971],[97.874477,4.813701],[97.875633,4.812174],[97.875715,4.809946],[97.874726,4.809327],[97.869914,4.811656],[97.868581,4.816156],[97.865378,4.817714],[97.864174,4.816921],[97.865793,4.815944],[97.867531,4.812597],[97.865453,4.810896],[97.862769,4.810942],[97.856912,4.812816],[97.85147,4.815903],[97.850343,4.823592],[97.848489,4.825002],[97.847347,4.824877],[97.845885,4.822862],[97.846185,4.820971],[97.848144,4.820057],[97.847888,4.81816],[97.846205,4.81691],[97.838628,4.819225],[97.836354,4.820878],[97.830257,4.826352],[97.822798,4.835338],[97.812933,4.836242],[97.809631,4.834674],[97.807404,4.846392],[97.809999,4.855144],[97.816745,4.856269],[97.824413,4.854161],[97.83501,4.860887],[97.8383,4.865193],[97.850517,4.875642],[97.852545,4.878831],[97.848107,4.881822],[97.857507,4.898829]]]}},{"type":"Feature","properties":{"nmkec":"Peudawa","nmkab":"Aceh Timur","nmprov":"Aceh","kdkec":"131","kdkab":"05","kodekab":"1105","idkec":"1105131","index":212},"geometry":{"type":"MultiPolygon","coordinates":[[[[97.824248,4.921849],[97.846957,4.904716],[97.857507,4.898829],[97.848107,4.881822],[97.852545,4.878831],[97.850517,4.875642],[97.8383,4.865193],[97.83501,4.860887],[97.824413,4.854161],[97.816745,4.856269],[97.809999,4.855144],[97.808284,4.84939],[97.795856,4.853127],[97.79966,4.847725],[97.792916,4.845422],[97.788342,4.848571],[97.78221,4.848181],[97.779322,4.846694],[97.774726,4.853804],[97.772661,4.859349],[97.775352,4.861367],[97.778279,4.860863],[97.779927,4.862982],[97.779345,4.866333],[97.786878,4.887199],[97.799699,4.897813],[97.800388,4.905353],[97.803966,4.904085],[97.810676,4.909784],[97.818505,4.914784],[97.824248,4.921849]]],[[[97.740442,4.863611],[97.753796,4.853627],[97.76179,4.8551],[97.767583,4.852168],[97.770139,4.844444],[97.765664,4.845154],[97.764722,4.844346],[97.762522,4.840065],[97.760935,4.830825],[97.758498,4.828116],[97.754679,4.82715],[97.746745,4.829512],[97.731097,4.818514],[97.725975,4.816368],[97.713811,4.807914],[97.704925,4.803465],[97.740442,4.863611]]]]}},{"type":"Feature","properties":{"nmkec":"Banda Alam","nmkab":"Aceh Timur","nmprov":"Aceh","kdkec":"132","kdkab":"05","kodekab":"1105","idkec":"1105132","index":213},"geometry":{"type":"Polygon","coordinates":[[[97.690907,4.929216],[97.693214,4.924382],[97.699751,4.920011],[97.702437,4.911554],[97.708863,4.910569],[97.716737,4.900397],[97.718568,4.895642],[97.71423,4.885649],[97.718482,4.879838],[97.723652,4.874846],[97.727108,4.866782],[97.723063,4.856977],[97.736175,4.85697],[97.704925,4.803465],[97.701526,4.80063],[97.682412,4.747643],[97.676407,4.747976],[97.658394,4.732632],[97.642679,4.721466],[97.638947,4.722324],[97.631783,4.721766],[97.625922,4.723222],[97.623358,4.72493],[97.618746,4.724469],[97.589863,4.754457],[97.586694,4.761236],[97.581083,4.765387],[97.57883,4.773373],[97.580139,4.780239],[97.59271,4.782263],[97.593407,4.801227],[97.607115,4.813161],[97.621254,4.811074],[97.636806,4.825266],[97.639314,4.830555],[97.644333,4.834964],[97.643986,4.838213],[97.645796,4.840146],[97.656317,4.84222],[97.652169,4.858162],[97.654047,4.87187],[97.643117,4.878551],[97.638572,4.8899],[97.646117,4.889629],[97.646657,4.897881],[97.668541,4.897859],[97.670818,4.904267],[97.669367,4.90602],[97.67016,4.908201],[97.67724,4.906961],[97.683447,4.923495],[97.688787,4.930325],[97.690907,4.929216]]]}},{"type":"Feature","properties":{"nmkec":"Idi Tunong","nmkab":"Aceh Timur","nmprov":"Aceh","kdkec":"133","kdkab":"05","kodekab":"1105","idkec":"1105133","index":214},"geometry":{"type":"Polygon","coordinates":[[[97.745197,4.94835],[97.742158,4.94008],[97.744128,4.938888],[97.751178,4.939608],[97.754924,4.941541],[97.755691,4.938728],[97.752616,4.935927],[97.746978,4.934265],[97.746269,4.932526],[97.747111,4.930546],[97.738918,4.920297],[97.740181,4.917742],[97.742919,4.916749],[97.744789,4.914513],[97.744517,4.910643],[97.74294,4.907826],[97.741358,4.907627],[97.739055,4.903502],[97.738913,4.8995],[97.74226,4.894567],[97.746421,4.894573],[97.748809,4.893436],[97.752108,4.886025],[97.746124,4.874604],[97.750132,4.873591],[97.754253,4.870131],[97.753746,4.869344],[97.738224,4.865965],[97.740442,4.863611],[97.736175,4.85697],[97.723063,4.856977],[97.727108,4.866782],[97.723652,4.874846],[97.718482,4.879838],[97.71423,4.885649],[97.718568,4.895642],[97.716737,4.900397],[97.708863,4.910569],[97.702437,4.911554],[97.699751,4.920011],[97.692594,4.924923],[97.690907,4.929216],[97.688787,4.930325],[97.69147,4.933659],[97.705249,4.931271],[97.709055,4.939105],[97.710732,4.93963],[97.715956,4.933021],[97.717438,4.934648],[97.716701,4.938305],[97.719803,4.94426],[97.726691,4.943907],[97.734812,4.948223],[97.741215,4.949688],[97.745197,4.94835]]]}},{"type":"Feature","properties":{"nmkec":"Darul Ihsan","nmkab":"Aceh Timur","nmprov":"Aceh","kdkec":"134","kdkab":"05","kodekab":"1105","idkec":"1105134","index":215},"geometry":{"type":"Polygon","coordinates":[[[97.769875,4.943488],[97.771353,4.933906],[97.777565,4.932832],[97.783125,4.929484],[97.784274,4.927074],[97.778823,4.925207],[97.778554,4.922446],[97.780483,4.906986],[97.78618,4.905642],[97.770158,4.886802],[97.769491,4.868596],[97.765126,4.864832],[97.761594,4.857903],[97.762957,4.85601],[97.759248,4.854229],[97.753796,4.853627],[97.738224,4.865965],[97.753746,4.869344],[97.754253,4.870131],[97.750132,4.873591],[97.746124,4.874604],[97.752108,4.886025],[97.748809,4.893436],[97.746421,4.894573],[97.74226,4.894567],[97.738913,4.8995],[97.739055,4.903502],[97.741358,4.907627],[97.74294,4.907826],[97.744517,4.910643],[97.744789,4.914513],[97.742919,4.916749],[97.740181,4.917742],[97.738918,4.920297],[97.747111,4.930546],[97.746269,4.932526],[97.746978,4.934265],[97.752616,4.935927],[97.753247,4.936846],[97.75965,4.934372],[97.76175,4.936571],[97.763803,4.941427],[97.768667,4.944369],[97.769875,4.943488]]]}},{"type":"Feature","properties":{"nmkec":"Idi Timur","nmkab":"Aceh Timur","nmprov":"Aceh","kdkec":"135","kdkab":"05","kodekab":"1105","idkec":"1105135","index":216},"geometry":{"type":"Polygon","coordinates":[[[97.799835,4.940483],[97.824248,4.921849],[97.818505,4.914784],[97.810676,4.909784],[97.803966,4.904085],[97.800388,4.905353],[97.799699,4.897813],[97.787138,4.887571],[97.779345,4.866333],[97.779927,4.862982],[97.778279,4.860863],[97.775352,4.861367],[97.772896,4.859719],[97.774726,4.853804],[97.771714,4.850077],[97.76179,4.8551],[97.762957,4.85601],[97.761594,4.857903],[97.765126,4.864832],[97.769491,4.868596],[97.770158,4.886802],[97.78618,4.905642],[97.780483,4.906986],[97.778823,4.925207],[97.784274,4.927074],[97.787843,4.922747],[97.793007,4.922199],[97.795839,4.925909],[97.796647,4.930343],[97.796642,4.934089],[97.792298,4.940152],[97.79335,4.947267],[97.799835,4.940483]]]}},{"type":"Feature","properties":{"nmkec":"Julok","nmkab":"Aceh Timur","nmprov":"Aceh","kdkec":"160","kdkab":"05","kodekab":"1105","idkec":"1105160","index":217},"geometry":{"type":"Polygon","coordinates":[[[97.656449,5.087399],[97.656515,5.0811],[97.652089,5.082992],[97.649285,5.081712],[97.646722,5.079447],[97.644862,5.073512],[97.646616,5.075907],[97.648619,5.076465],[97.65698,5.06714],[97.654056,5.06049],[97.649506,5.055273],[97.638031,5.050369],[97.63223,5.038023],[97.63092,5.037942],[97.629518,5.036406],[97.632693,5.033306],[97.629784,5.020888],[97.626585,5.014299],[97.628591,5.01219],[97.629608,5.005329],[97.634129,4.994518],[97.633242,4.985952],[97.62996,4.986136],[97.628908,4.979326],[97.632762,4.974995],[97.628457,4.97028],[97.635123,4.962251],[97.628465,4.965546],[97.621089,4.963338],[97.61681,4.973593],[97.606022,4.977938],[97.595753,4.978249],[97.585356,4.980185],[97.581621,4.983066],[97.579596,4.988734],[97.571088,4.996593],[97.543827,5.003156],[97.543758,5.017472],[97.546803,5.038203],[97.562307,5.055719],[97.567621,5.058305],[97.572543,5.063934],[97.571845,5.071345],[97.57327,5.074303],[97.576248,5.074965],[97.580086,5.074089],[97.590382,5.074564],[97.5983,5.078199],[97.600673,5.080554],[97.602601,5.073472],[97.602395,5.070568],[97.604593,5.070249],[97.606905,5.075094],[97.605956,5.077137],[97.606212,5.079327],[97.6097,5.083036],[97.604538,5.084614],[97.604474,5.093408],[97.606046,5.094001],[97.607489,5.093165],[97.612038,5.088972],[97.613195,5.084955],[97.61246,5.083552],[97.614895,5.081345],[97.616934,5.081414],[97.620332,5.083628],[97.620049,5.085446],[97.617134,5.088675],[97.621043,5.095578],[97.621958,5.09567],[97.623911,5.091189],[97.631679,5.085296],[97.6331,5.085542],[97.633565,5.087048],[97.629008,5.103509],[97.639483,5.10965],[97.649334,5.111764],[97.651631,5.11525],[97.653076,5.115196],[97.653803,5.113083],[97.654738,5.095433],[97.656449,5.087399]]]}},{"type":"Feature","properties":{"nmkec":"Indra Makmur","nmkab":"Aceh Timur","nmprov":"Aceh","kdkec":"161","kdkab":"05","kodekab":"1105","idkec":"1105161","index":218},"geometry":{"type":"Polygon","coordinates":[[[97.595753,4.978249],[97.606022,4.977938],[97.61681,4.973593],[97.621089,4.963338],[97.628465,4.965546],[97.635185,4.962359],[97.634732,4.957887],[97.639314,4.953687],[97.641118,4.948734],[97.64109,4.944755],[97.638556,4.941643],[97.639964,4.936129],[97.644324,4.932626],[97.644052,4.926726],[97.642526,4.923033],[97.63904,4.91947],[97.632113,4.918939],[97.633647,4.891656],[97.635612,4.889691],[97.638572,4.8899],[97.643117,4.878551],[97.654047,4.87187],[97.652169,4.858162],[97.656317,4.84222],[97.645796,4.840146],[97.643986,4.838213],[97.644333,4.834964],[97.639314,4.830555],[97.636806,4.825266],[97.621254,4.811074],[97.607115,4.813161],[97.593407,4.801227],[97.59271,4.782263],[97.580139,4.780239],[97.57883,4.773373],[97.581083,4.765387],[97.586694,4.761236],[97.589863,4.754457],[97.618746,4.724469],[97.61679,4.72336],[97.613626,4.723304],[97.548327,4.737532],[97.546606,4.748255],[97.536732,4.761289],[97.536413,4.764626],[97.54448,4.774174],[97.543011,4.783125],[97.531766,4.788085],[97.525103,4.789301],[97.52335,4.79457],[97.525438,4.800465],[97.521746,4.82338],[97.525659,4.833666],[97.543806,4.862273],[97.544667,4.876002],[97.534774,4.901642],[97.53704,4.907652],[97.538182,4.921738],[97.539347,4.925875],[97.539402,4.933892],[97.541178,4.943139],[97.5458,4.950852],[97.547775,4.957891],[97.548225,4.965591],[97.552023,4.968963],[97.553808,4.975163],[97.552397,4.979375],[97.555541,4.986314],[97.56734,4.994194],[97.566356,4.998082],[97.571088,4.996593],[97.579596,4.988734],[97.581621,4.983066],[97.585356,4.980185],[97.595753,4.978249]]]}},{"type":"Feature","properties":{"nmkec":"Pante Bidari","nmkab":"Aceh Timur","nmprov":"Aceh","kdkec":"170","kdkab":"05","kodekab":"1105","idkec":"1105170","index":219},"geometry":{"type":"Polygon","coordinates":[[[97.497541,5.100606],[97.511763,5.096446],[97.511685,5.090819],[97.512655,5.089476],[97.514885,5.089184],[97.517067,5.082556],[97.52066,5.081834],[97.522797,5.08581],[97.530791,5.083004],[97.530786,5.080433],[97.53571,5.080424],[97.53901,5.07916],[97.540309,5.072554],[97.544155,5.066414],[97.548493,5.065977],[97.552675,5.069467],[97.558916,5.066516],[97.561199,5.063907],[97.564599,5.062734],[97.568061,5.064706],[97.57018,5.061759],[97.567621,5.058305],[97.562307,5.055719],[97.546803,5.038203],[97.543758,5.017472],[97.543827,5.003156],[97.566385,4.998058],[97.56734,4.994194],[97.555541,4.986314],[97.552397,4.979375],[97.553808,4.975163],[97.552023,4.968963],[97.548225,4.965591],[97.547775,4.957891],[97.5458,4.950852],[97.541178,4.943139],[97.539402,4.933892],[97.539347,4.925875],[97.538182,4.921738],[97.53704,4.907652],[97.534774,4.901642],[97.544667,4.876002],[97.543806,4.862273],[97.525659,4.833666],[97.521746,4.82338],[97.525438,4.800465],[97.52335,4.79457],[97.525103,4.789301],[97.531766,4.788085],[97.543011,4.783125],[97.54448,4.774174],[97.536413,4.764626],[97.536741,4.761198],[97.516082,4.761591],[97.495371,4.73907],[97.323641,4.74405],[97.327199,4.759287],[97.336436,4.766829],[97.33527,4.771721],[97.338035,4.778142],[97.340815,4.779343],[97.349724,4.778572],[97.351159,4.777344],[97.353062,4.771999],[97.35484,4.770997],[97.356705,4.773157],[97.356096,4.777437],[97.36221,4.783492],[97.364853,4.782647],[97.366075,4.779297],[97.364805,4.775105],[97.360761,4.769131],[97.361347,4.767147],[97.365435,4.76673],[97.371928,4.768156],[97.38619,4.768874],[97.387889,4.767435],[97.38698,4.761717],[97.387975,4.760054],[97.394375,4.758861],[97.39923,4.759611],[97.401971,4.756327],[97.404044,4.755371],[97.407113,4.755913],[97.411113,4.759372],[97.415062,4.759452],[97.422352,4.755025],[97.42442,4.754945],[97.42419,4.759022],[97.422375,4.76468],[97.417114,4.768647],[97.41475,4.768529],[97.41047,4.762719],[97.409291,4.762536],[97.403212,4.763289],[97.399931,4.766777],[97.403522,4.789493],[97.406061,4.794638],[97.407635,4.795847],[97.412344,4.795959],[97.416068,4.793459],[97.418797,4.789833],[97.41843,4.787407],[97.410417,4.787211],[97.407363,4.784622],[97.407399,4.782812],[97.41079,4.780191],[97.420503,4.781994],[97.426792,4.785782],[97.434251,4.786304],[97.436495,4.788562],[97.435972,4.795395],[97.433054,4.797501],[97.42838,4.805783],[97.429433,4.807768],[97.435299,4.808299],[97.437781,4.811887],[97.435375,4.819966],[97.436804,4.821664],[97.45307,4.818671],[97.455494,4.819217],[97.456634,4.820809],[97.456439,4.822886],[97.450187,4.827736],[97.441395,4.828898],[97.442496,4.831776],[97.444739,4.833675],[97.452297,4.835482],[97.455626,4.839336],[97.457319,4.844143],[97.459078,4.846092],[97.461784,4.84478],[97.461827,4.841247],[97.463574,4.839721],[97.465121,4.839749],[97.467201,4.842773],[97.469669,4.842795],[97.470013,4.840345],[97.467618,4.838371],[97.468635,4.837165],[97.471095,4.83732],[97.474344,4.84203],[97.475168,4.838873],[97.476942,4.838719],[97.485438,4.847248],[97.488586,4.852888],[97.489555,4.85654],[97.487886,4.864925],[97.488629,4.866807],[97.490603,4.867848],[97.495942,4.868351],[97.501524,4.872369],[97.503476,4.876157],[97.511657,4.882315],[97.509843,4.884853],[97.506383,4.885163],[97.503269,4.879394],[97.49798,4.874715],[97.497102,4.874922],[97.495441,4.881247],[97.500821,4.886721],[97.506535,4.887472],[97.506229,4.890933],[97.504357,4.892366],[97.50214,4.89246],[97.496008,4.886775],[97.49325,4.886292],[97.492772,4.888533],[97.498722,4.894807],[97.499122,4.897918],[97.496066,4.900356],[97.493041,4.900253],[97.491935,4.901065],[97.490553,4.906584],[97.488062,4.905982],[97.48501,4.902248],[97.483656,4.902284],[97.483462,4.905055],[97.487627,4.908542],[97.487742,4.909766],[97.485149,4.911195],[97.474737,4.913019],[97.473254,4.91511],[97.473593,4.918144],[97.479356,4.918424],[97.478389,4.920748],[97.471958,4.919886],[97.467295,4.913392],[97.465714,4.915347],[97.466907,4.919014],[97.473362,4.923392],[97.471712,4.926711],[97.468588,4.928105],[97.473521,4.941616],[97.471932,4.94751],[97.473142,4.94824],[97.47538,4.9478],[97.476546,4.942009],[97.477542,4.940962],[97.47963,4.941328],[97.481251,4.943219],[97.485468,4.943805],[97.489132,4.943067],[97.492039,4.947418],[97.497136,4.947551],[97.498883,4.9551],[97.500578,4.956789],[97.504433,4.957903],[97.504914,4.95951],[97.50281,4.960909],[97.496751,4.95702],[97.490144,4.959916],[97.486661,4.959111],[97.485435,4.959659],[97.485118,4.961068],[97.488362,4.963454],[97.491317,4.962971],[97.492455,4.963715],[97.494192,4.967711],[97.496073,4.967409],[97.49673,4.965208],[97.498317,4.96408],[97.500449,4.964808],[97.501781,4.96762],[97.499532,4.973539],[97.499319,4.976706],[97.497017,4.977594],[97.493158,4.975887],[97.491096,4.977814],[97.49222,4.980658],[97.497196,4.98251],[97.498192,4.984434],[97.496494,4.991204],[97.493897,4.991904],[97.492,4.99362],[97.491323,5.002873],[97.493016,5.004747],[97.498413,5.006373],[97.502094,5.004025],[97.504072,5.003723],[97.505286,5.004997],[97.504884,5.010434],[97.503005,5.01255],[97.501113,5.012807],[97.49731,5.010708],[97.495456,5.010675],[97.49351,5.012363],[97.493361,5.014085],[97.495507,5.016425],[97.501113,5.016411],[97.503846,5.018232],[97.506542,5.022488],[97.50604,5.026249],[97.507069,5.029134],[97.514317,5.029823],[97.514411,5.032299],[97.509042,5.043365],[97.506318,5.044209],[97.503249,5.037997],[97.501175,5.037681],[97.499899,5.038614],[97.499218,5.039971],[97.500195,5.043295],[97.505309,5.0457],[97.505353,5.047283],[97.503718,5.048712],[97.497848,5.04975],[97.498002,5.051126],[97.505602,5.054866],[97.508715,5.053805],[97.51195,5.050205],[97.513827,5.051577],[97.51156,5.056549],[97.507344,5.059152],[97.50675,5.062082],[97.509931,5.065409],[97.513012,5.06587],[97.514478,5.064581],[97.514646,5.062806],[97.513239,5.059163],[97.513552,5.05777],[97.514839,5.056937],[97.516465,5.058051],[97.517015,5.061039],[97.515881,5.070484],[97.513065,5.071996],[97.512138,5.075408],[97.506092,5.067841],[97.498543,5.068462],[97.500862,5.075283],[97.498191,5.076029],[97.49632,5.073408],[97.4926,5.07107],[97.491761,5.071481],[97.491246,5.074963],[97.49507,5.077672],[97.497389,5.081742],[97.495366,5.086247],[97.492239,5.087045],[97.490582,5.086078],[97.487823,5.081538],[97.488511,5.078764],[97.484803,5.07825],[97.483429,5.079272],[97.479778,5.087031],[97.477896,5.087667],[97.475743,5.094027],[97.478189,5.094819],[97.481305,5.097841],[97.478493,5.098112],[97.478341,5.096592],[97.475954,5.096553],[97.474573,5.099536],[97.48078,5.104805],[97.496343,5.102361],[97.497541,5.100606]]]}},{"type":"Feature","properties":{"nmkec":"Madat","nmkab":"Aceh Timur","nmprov":"Aceh","kdkec":"181","kdkab":"05","kodekab":"1105","idkec":"1105181","index":220},"geometry":{"type":"Polygon","coordinates":[[[97.513578,5.242362],[97.556181,5.211698],[97.556314,5.210637],[97.551378,5.210296],[97.542741,5.2078],[97.531629,5.209935],[97.538204,5.206442],[97.548612,5.202848],[97.560542,5.193592],[97.569114,5.183903],[97.570193,5.176538],[97.574832,5.166067],[97.57399,5.163634],[97.57573,5.159744],[97.576216,5.154161],[97.56824,5.153912],[97.564879,5.157396],[97.557854,5.156011],[97.554789,5.159981],[97.551078,5.159819],[97.550501,5.158507],[97.554309,5.153754],[97.557658,5.152304],[97.559194,5.14813],[97.576333,5.14052],[97.576367,5.136905],[97.569528,5.134313],[97.561825,5.126117],[97.560309,5.127337],[97.56076,5.131426],[97.559076,5.133484],[97.556987,5.131237],[97.558196,5.128034],[97.556945,5.126512],[97.555289,5.126542],[97.553832,5.129524],[97.552473,5.129649],[97.55038,5.127941],[97.55225,5.125095],[97.551301,5.12198],[97.548119,5.119471],[97.545569,5.118634],[97.535963,5.120322],[97.531971,5.119454],[97.528115,5.111725],[97.52662,5.105462],[97.524758,5.10697],[97.52294,5.096811],[97.520892,5.095339],[97.516424,5.09495],[97.510772,5.097265],[97.499361,5.099523],[97.496343,5.102361],[97.48078,5.104805],[97.474573,5.099536],[97.475954,5.096553],[97.474491,5.095063],[97.468728,5.092969],[97.467428,5.095511],[97.471365,5.100501],[97.470047,5.104716],[97.464513,5.109111],[97.462179,5.109612],[97.459888,5.112532],[97.463268,5.117805],[97.464811,5.118736],[97.467142,5.117591],[97.47038,5.121113],[97.4703,5.124505],[97.477226,5.12444],[97.478394,5.127938],[97.477604,5.129468],[97.473497,5.131681],[97.469827,5.130671],[97.468934,5.131345],[97.468287,5.133445],[97.469427,5.141588],[97.46873,5.147956],[97.466012,5.153622],[97.468302,5.154194],[97.476207,5.149679],[97.480008,5.149989],[97.482222,5.151533],[97.487154,5.150559],[97.488618,5.15403],[97.487153,5.160857],[97.489382,5.161091],[97.492213,5.157754],[97.496441,5.159146],[97.497614,5.161184],[97.499302,5.172175],[97.491816,5.173446],[97.489287,5.174828],[97.485857,5.181692],[97.485866,5.183062],[97.487536,5.185013],[97.488627,5.185045],[97.488362,5.18818],[97.491864,5.188562],[97.494945,5.18595],[97.500297,5.18777],[97.499767,5.196431],[97.496856,5.20275],[97.49436,5.202084],[97.49299,5.197712],[97.488767,5.198756],[97.487696,5.200177],[97.491216,5.202767],[97.490025,5.20711],[97.492353,5.207305],[97.493796,5.20541],[97.494749,5.207264],[97.493502,5.210336],[97.489721,5.211882],[97.489886,5.213919],[97.491841,5.214565],[97.495532,5.211546],[97.499984,5.213022],[97.495793,5.218518],[97.492715,5.219488],[97.488611,5.224386],[97.488251,5.229775],[97.483809,5.241158],[97.484108,5.246046],[97.495003,5.249998],[97.497711,5.250098],[97.513578,5.242362]]]}},{"type":"Feature","properties":{"nmkec":"Atu Lintang","nmkab":"Aceh Tengah","nmprov":"Aceh","kdkec":"011","kdkab":"06","kodekab":"1106","idkec":"1106011","index":221},"geometry":{"type":"Polygon","coordinates":[[[96.806645,4.467421],[96.817518,4.465126],[96.821143,4.46786],[96.825826,4.451087],[96.824357,4.445764],[96.815492,4.447425],[96.814757,4.445667],[96.815247,4.442639],[96.812896,4.434094],[96.813386,4.429113],[96.812357,4.422618],[96.807214,4.422178],[96.807214,4.420665],[96.809418,4.418858],[96.811213,4.413905],[96.808665,4.411289],[96.807612,4.408261],[96.80613,4.397952],[96.804402,4.398774],[96.803521,4.401387],[96.794595,4.399656],[96.787495,4.400435],[96.784746,4.401411],[96.783313,4.403004],[96.782933,4.406631],[96.76305,4.407356],[96.760921,4.409451],[96.754248,4.412259],[96.751787,4.412417],[96.743087,4.408547],[96.739741,4.408389],[96.735924,4.411368],[96.733401,4.418107],[96.718704,4.424356],[96.719443,4.433115],[96.703939,4.437231],[96.70564,4.439201],[96.713944,4.441568],[96.723635,4.448311],[96.727359,4.449769],[96.735114,4.44987],[96.73925,4.451729],[96.743838,4.456696],[96.745249,4.454841],[96.749592,4.453099],[96.750261,4.458503],[96.752644,4.461883],[96.770743,4.469225],[96.775895,4.470248],[96.781816,4.473404],[96.787599,4.47258],[96.807699,4.478806],[96.806645,4.467421]]]}},{"type":"Feature","properties":{"nmkec":"Jagong Jeget","nmkab":"Aceh Tengah","nmprov":"Aceh","kdkec":"012","kdkab":"06","kodekab":"1106","idkec":"1106012","index":222},"geometry":{"type":"Polygon","coordinates":[[[96.718704,4.424356],[96.733401,4.418107],[96.735924,4.411368],[96.739741,4.408389],[96.743087,4.408547],[96.751787,4.412417],[96.754248,4.412259],[96.760921,4.409451],[96.76305,4.407356],[96.782933,4.406631],[96.783313,4.403004],[96.784746,4.401411],[96.787495,4.400435],[96.794595,4.399656],[96.803521,4.401387],[96.804402,4.398774],[96.8063,4.397798],[96.80671,4.396504],[96.805904,4.391992],[96.800745,4.388174],[96.791051,4.375027],[96.793855,4.367616],[96.796604,4.363672],[96.802321,4.361291],[96.804819,4.356994],[96.817207,4.343289],[96.822916,4.339278],[96.819096,4.335957],[96.810929,4.317959],[96.812398,4.312685],[96.821018,4.306922],[96.825035,4.298033],[96.836453,4.286503],[96.836605,4.281591],[96.804366,4.282525],[96.794294,4.280557],[96.787437,4.28483],[96.761172,4.293922],[96.752161,4.301208],[96.747782,4.308393],[96.742002,4.313373],[96.717648,4.327274],[96.714773,4.331036],[96.714093,4.338743],[96.706311,4.347802],[96.690956,4.35283],[96.680441,4.353737],[96.676844,4.356506],[96.672391,4.355057],[96.667861,4.355087],[96.664714,4.357607],[96.659569,4.366252],[96.6533,4.369761],[96.6492,4.373718],[96.647647,4.377283],[96.646976,4.385954],[96.652504,4.386296],[96.658112,4.388664],[96.662351,4.391791],[96.667763,4.40168],[96.673102,4.404073],[96.676831,4.407626],[96.678116,4.41329],[96.681484,4.415305],[96.68659,4.415659],[96.688292,4.417197],[96.687349,4.421702],[96.689406,4.42324],[96.698014,4.424095],[96.70552,4.422532],[96.71365,4.42241],[96.718704,4.424356]]]}},{"type":"Feature","properties":{"nmkec":"Kebayakan","nmkab":"Aceh Tengah","nmprov":"Aceh","kdkec":"032","kdkab":"06","kodekab":"1106","idkec":"1106032","index":223},"geometry":{"type":"Polygon","coordinates":[[[96.820816,4.684182],[96.820515,4.676207],[96.822363,4.673082],[96.833586,4.671151],[96.851232,4.672108],[96.86848,4.671165],[96.876778,4.665641],[96.885599,4.664304],[96.898026,4.656465],[96.90435,4.656205],[96.921714,4.652016],[96.937211,4.651228],[96.935768,4.630597],[96.919385,4.634465],[96.904272,4.635521],[96.89423,4.633766],[96.890295,4.635178],[96.871029,4.636984],[96.868229,4.638085],[96.862359,4.635254],[96.862541,4.631456],[96.846945,4.635209],[96.842621,4.637584],[96.839788,4.64261],[96.837285,4.644488],[96.834811,4.644143],[96.823013,4.652093],[96.817074,4.654772],[96.81396,4.654213],[96.807784,4.656267],[96.797135,4.666442],[96.797907,4.670885],[96.80532,4.676942],[96.806338,4.673477],[96.809153,4.672819],[96.811706,4.67661],[96.811299,4.67881],[96.812243,4.68077],[96.81679,4.684791],[96.820816,4.684182]]]}},{"type":"Feature","properties":{"nmkec":"Pegasing","nmkab":"Aceh Tengah","nmprov":"Aceh","kdkec":"040","kdkab":"06","kodekab":"1106","idkec":"1106040","index":224},"geometry":{"type":"Polygon","coordinates":[[[96.820177,4.61038],[96.832886,4.611765],[96.833237,4.607499],[96.836849,4.601352],[96.839011,4.600323],[96.847903,4.601848],[96.848712,4.598675],[96.8455,4.593262],[96.847867,4.590839],[96.850108,4.584053],[96.85001,4.577266],[96.84797,4.571797],[96.848712,4.566379],[96.848222,4.560923],[96.850827,4.559409],[96.853088,4.556303],[96.854777,4.551567],[96.862715,4.547528],[96.866835,4.537769],[96.854016,4.532982],[96.848216,4.5313],[96.844334,4.531227],[96.841444,4.529762],[96.837428,4.515602],[96.826041,4.496425],[96.82413,4.490566],[96.816049,4.484365],[96.808261,4.481581],[96.807699,4.478806],[96.787599,4.47258],[96.781816,4.473404],[96.775895,4.470248],[96.770743,4.469225],[96.752644,4.461883],[96.750261,4.458503],[96.749592,4.453099],[96.745249,4.454841],[96.743838,4.456696],[96.73925,4.451729],[96.735114,4.44987],[96.727359,4.449769],[96.720582,4.446574],[96.713944,4.441568],[96.70564,4.439201],[96.703939,4.437231],[96.719443,4.433115],[96.718704,4.424356],[96.71365,4.42241],[96.70552,4.422532],[96.698014,4.424095],[96.689406,4.42324],[96.687349,4.421702],[96.688292,4.417197],[96.68659,4.415659],[96.681484,4.415305],[96.678116,4.41329],[96.676831,4.407626],[96.673102,4.404073],[96.667763,4.40168],[96.662351,4.391791],[96.658112,4.388664],[96.652504,4.386296],[96.646976,4.385954],[96.647277,4.384977],[96.645872,4.384578],[96.641008,4.385902],[96.637372,4.388473],[96.634807,4.390645],[96.63463,4.395299],[96.632657,4.397677],[96.630062,4.399014],[96.627516,4.405901],[96.624421,4.407547],[96.62339,4.409707],[96.623596,4.413204],[96.632596,4.431768],[96.637032,4.453418],[96.641365,4.463651],[96.646781,4.471056],[96.646781,4.474347],[96.640962,4.486598],[96.637571,4.505213],[96.649852,4.507117],[96.664142,4.514075],[96.668354,4.513635],[96.679852,4.518371],[96.684309,4.519445],[96.689795,4.518176],[96.700282,4.523571],[96.706472,4.525231],[96.728249,4.527195],[96.735914,4.529571],[96.738832,4.532635],[96.740277,4.537249],[96.75598,4.549308],[96.762856,4.550187],[96.770252,4.552506],[96.779545,4.557609],[96.781994,4.56171],[96.785735,4.575356],[96.783892,4.592597],[96.788373,4.59568],[96.795934,4.592835],[96.796879,4.590821],[96.799653,4.590199],[96.810101,4.604383],[96.81387,4.614997],[96.816057,4.616714],[96.817627,4.615744],[96.820177,4.61038]]]}},{"type":"Feature","properties":{"nmkec":"Bies","nmkab":"Aceh Tengah","nmprov":"Aceh","kdkec":"041","kdkab":"06","kodekab":"1106","idkec":"1106041","index":225},"geometry":{"type":"Polygon","coordinates":[[[96.797793,4.625197],[96.805286,4.622833],[96.808396,4.619986],[96.810039,4.615925],[96.81387,4.614997],[96.810101,4.604383],[96.802283,4.59304],[96.799207,4.589982],[96.796879,4.590821],[96.796283,4.592655],[96.789656,4.59547],[96.787642,4.595688],[96.783892,4.592597],[96.777635,4.593714],[96.771195,4.601709],[96.773802,4.618234],[96.77365,4.622424],[96.775578,4.627806],[96.787345,4.625817],[96.797793,4.625197]]]}},{"type":"Feature","properties":{"nmkec":"Bebesen","nmkab":"Aceh Tengah","nmprov":"Aceh","kdkec":"050","kdkab":"06","kodekab":"1106","idkec":"1106050","index":226},"geometry":{"type":"Polygon","coordinates":[[[96.807784,4.656267],[96.81396,4.654213],[96.817074,4.654772],[96.821357,4.652893],[96.834811,4.644143],[96.837285,4.644488],[96.839788,4.64261],[96.842621,4.637584],[96.846945,4.635209],[96.860121,4.63197],[96.858209,4.628157],[96.858273,4.623304],[96.853677,4.623792],[96.847434,4.622505],[96.842999,4.622653],[96.842741,4.619601],[96.837556,4.619822],[96.834616,4.613455],[96.832886,4.611765],[96.820714,4.610239],[96.817627,4.615744],[96.816057,4.616714],[96.81387,4.614997],[96.810039,4.615925],[96.808396,4.619986],[96.805286,4.622833],[96.798984,4.625298],[96.787345,4.625817],[96.777477,4.628001],[96.777296,4.629127],[96.774418,4.631104],[96.776002,4.637765],[96.775108,4.640206],[96.773491,4.640523],[96.771581,4.644746],[96.771165,4.646967],[96.77234,4.648212],[96.78101,4.649994],[96.780931,4.651495],[96.797135,4.666442],[96.807784,4.656267]]]}},{"type":"Feature","properties":{"nmkec":"Kute Panang","nmkab":"Aceh Tengah","nmprov":"Aceh","kdkec":"051","kdkab":"06","kodekab":"1106","idkec":"1106051","index":227},"geometry":{"type":"Polygon","coordinates":[[[96.717069,4.720547],[96.727916,4.720206],[96.735535,4.715789],[96.740595,4.718434],[96.748611,4.712643],[96.756891,4.7139],[96.75987,4.71595],[96.763435,4.716333],[96.765688,4.714166],[96.768502,4.714077],[96.772161,4.715915],[96.778961,4.715745],[96.782861,4.71421],[96.792343,4.705872],[96.796155,4.694785],[96.799102,4.689751],[96.807696,4.683066],[96.806407,4.678947],[96.80532,4.676942],[96.797907,4.670885],[96.797135,4.666442],[96.780946,4.651205],[96.777254,4.650446],[96.774425,4.651788],[96.768423,4.65919],[96.765517,4.661333],[96.766555,4.662747],[96.764773,4.666189],[96.766063,4.671337],[96.773769,4.6812],[96.773928,4.682988],[96.769626,4.681737],[96.759545,4.682686],[96.757375,4.68399],[96.756602,4.685699],[96.759741,4.691187],[96.751804,4.692426],[96.737272,4.692877],[96.735592,4.693835],[96.732283,4.700831],[96.723516,4.700108],[96.712712,4.721592],[96.712293,4.725665],[96.713354,4.726303],[96.714919,4.724676],[96.717069,4.720547]]]}},{"type":"Feature","properties":{"nmkec":"Celala","nmkab":"Aceh Tengah","nmprov":"Aceh","kdkec":"062","kdkab":"06","kodekab":"1106","idkec":"1106062","index":228},"geometry":{"type":"Polygon","coordinates":[[[96.70008,4.618975],[96.714189,4.604707],[96.713063,4.590366],[96.71606,4.592727],[96.720351,4.590945],[96.725283,4.585782],[96.738783,4.583439],[96.743012,4.586147],[96.749032,4.587488],[96.750365,4.588669],[96.753254,4.588645],[96.75653,4.585569],[96.763528,4.582322],[96.770532,4.582518],[96.778448,4.581419],[96.785098,4.578969],[96.785735,4.575356],[96.781994,4.56171],[96.779545,4.557609],[96.770252,4.552506],[96.762856,4.550187],[96.75598,4.549308],[96.740277,4.537249],[96.738832,4.532635],[96.735914,4.529571],[96.728249,4.527195],[96.706472,4.525231],[96.700282,4.523571],[96.689795,4.518176],[96.684309,4.519445],[96.679852,4.518371],[96.668354,4.513635],[96.664142,4.514075],[96.649852,4.507117],[96.637571,4.505213],[96.637591,4.507871],[96.634492,4.508766],[96.608324,4.500683],[96.611823,4.523633],[96.604977,4.566332],[96.610856,4.563929],[96.62253,4.561353],[96.638601,4.561572],[96.646135,4.56817],[96.646918,4.572198],[96.644555,4.573455],[96.644016,4.575127],[96.648155,4.581022],[96.665409,4.594058],[96.677008,4.621879],[96.70008,4.618975]]]}},{"type":"Feature","properties":{"nmkec":"Arongan Lambalek","nmkab":"Aceh Barat","nmprov":"Aceh","kdkec":"062","kdkab":"07","kodekab":"1107","idkec":"1107062","index":229},"geometry":{"type":"Polygon","coordinates":[[[95.983377,4.343163],[95.983592,4.330039],[95.980037,4.310851],[95.982611,4.307434],[95.99328,4.303064],[96.026316,4.284942],[96.022261,4.279773],[96.017733,4.277355],[96.013013,4.276188],[95.994139,4.275636],[95.98154,4.277879],[95.974908,4.276479],[95.967284,4.272255],[95.963469,4.271928],[95.944632,4.291399],[95.90933,4.334616],[95.889198,4.356459],[95.865547,4.378689],[95.909002,4.414775],[95.911495,4.421002],[95.954398,4.415403],[95.967508,4.391161],[95.965492,4.381179],[95.979961,4.355889],[95.983377,4.343163]]]}},{"type":"Feature","properties":{"nmkec":"Lhoong","nmkab":"Aceh Besar","nmprov":"Aceh","kdkec":"010","kdkab":"08","kodekab":"1108","idkec":"1108010","index":230},"geometry":{"type":"MultiPolygon","coordinates":[[[[95.230536,5.360863],[95.230062,5.347571],[95.231524,5.33793],[95.233442,5.332707],[95.235146,5.334304],[95.237012,5.334178],[95.246898,5.324511],[95.258668,5.322887],[95.262317,5.319146],[95.270125,5.315682],[95.274384,5.312084],[95.278296,5.311429],[95.282069,5.315051],[95.288524,5.316962],[95.295185,5.316263],[95.305932,5.312361],[95.305523,5.308453],[95.300462,5.305489],[95.297909,5.30198],[95.298803,5.300794],[95.30328,5.298773],[95.308545,5.293306],[95.314668,5.289416],[95.344896,5.275359],[95.34987,5.27097],[95.357044,5.271703],[95.359871,5.270514],[95.369389,5.262059],[95.370778,5.257356],[95.370178,5.253564],[95.365357,5.254253],[95.363061,5.253243],[95.349951,5.245216],[95.343316,5.236916],[95.337637,5.233907],[95.33124,5.233958],[95.325471,5.231239],[95.322123,5.224075],[95.327057,5.217688],[95.328638,5.212737],[95.33161,5.207663],[95.330854,5.198624],[95.334138,5.19259],[95.329455,5.189115],[95.328785,5.18634],[95.332812,5.182901],[95.332747,5.181065],[95.323401,5.178434],[95.319516,5.172694],[95.308427,5.16642],[95.307204,5.166431],[95.306409,5.169731],[95.299532,5.179436],[95.29117,5.190064],[95.286041,5.195036],[95.276362,5.199637],[95.272819,5.19937],[95.267221,5.201158],[95.260878,5.214016],[95.254082,5.221264],[95.246969,5.223075],[95.242083,5.222466],[95.241962,5.225792],[95.25189,5.226557],[95.253489,5.231338],[95.252641,5.240237],[95.249663,5.247501],[95.246068,5.253216],[95.242497,5.255996],[95.238101,5.257196],[95.236033,5.255545],[95.236267,5.254379],[95.235135,5.25342],[95.232679,5.258194],[95.235235,5.261218],[95.242807,5.263073],[95.247313,5.265678],[95.247179,5.270666],[95.245655,5.275545],[95.241801,5.280309],[95.238839,5.282992],[95.229232,5.288112],[95.227682,5.281776],[95.223202,5.277912],[95.222972,5.274127],[95.221121,5.271797],[95.219495,5.270837],[95.213481,5.276798],[95.218213,5.28441],[95.219227,5.293434],[95.218696,5.297759],[95.213909,5.304155],[95.216239,5.310441],[95.221279,5.310474],[95.223734,5.312338],[95.221621,5.318673],[95.217586,5.320802],[95.217515,5.322272],[95.218498,5.323682],[95.219926,5.323081],[95.224324,5.320061],[95.225676,5.317586],[95.231685,5.315279],[95.23546,5.317832],[95.238734,5.324241],[95.238697,5.326021],[95.235839,5.330408],[95.230588,5.332917],[95.227585,5.339708],[95.221703,5.344162],[95.22235,5.345066],[95.225631,5.344961],[95.226515,5.345785],[95.228946,5.357601],[95.228368,5.358876],[95.229814,5.359952],[95.229924,5.361555],[95.230536,5.360863]]],[[[95.205445,5.280723],[95.207523,5.278426],[95.207343,5.275306],[95.205912,5.274316],[95.202113,5.276357],[95.201947,5.278816],[95.203337,5.2804],[95.205445,5.280723]]],[[[95.205535,5.30989],[95.207241,5.308732],[95.206821,5.307667],[95.205535,5.30989]]],[[[95.203501,5.312649],[95.203527,5.313013],[95.203657,5.313035],[95.203501,5.312649]]]]}},{"type":"Feature","properties":{"nmkec":"Johan Pahlawan","nmkab":"Aceh Barat","nmprov":"Aceh","kdkec":"050","kdkab":"07","kodekab":"1107","idkec":"1107050","index":231},"geometry":{"type":"Polygon","coordinates":[[[96.143881,4.22493],[96.138855,4.208379],[96.140793,4.203146],[96.145469,4.201827],[96.147617,4.196326],[96.155621,4.190311],[96.155851,4.188384],[96.151879,4.181757],[96.153293,4.178363],[96.15302,4.176383],[96.155756,4.172086],[96.153803,4.170939],[96.149805,4.175725],[96.146337,4.177329],[96.144162,4.177037],[96.142807,4.175662],[96.142603,4.173151],[96.145515,4.169566],[96.149214,4.169862],[96.150732,4.168907],[96.151286,4.16377],[96.1448,4.156287],[96.140495,4.154927],[96.138969,4.150114],[96.141252,4.146465],[96.149889,4.140814],[96.14871,4.139634],[96.140734,4.142249],[96.135389,4.140993],[96.131365,4.136451],[96.131307,4.134609],[96.132395,4.134064],[96.131929,4.130992],[96.130653,4.126969],[96.127868,4.123624],[96.126597,4.127656],[96.127527,4.131896],[96.123671,4.138359],[96.09603,4.167406],[96.075011,4.187703],[96.078851,4.194184],[96.079981,4.198347],[96.088246,4.206582],[96.091607,4.211472],[96.096298,4.214899],[96.100539,4.220376],[96.104264,4.227513],[96.11145,4.231034],[96.1272,4.249037],[96.130581,4.243371],[96.140618,4.232483],[96.143881,4.22493]]]}},{"type":"Feature","properties":{"nmkec":"Samatiga","nmkab":"Aceh Barat","nmprov":"Aceh","kdkec":"060","kdkab":"07","kodekab":"1107","idkec":"1107060","index":232},"geometry":{"type":"Polygon","coordinates":[[[96.082653,4.278259],[96.103912,4.277864],[96.155302,4.267504],[96.132069,4.253479],[96.11145,4.231034],[96.104264,4.227513],[96.100539,4.220376],[96.096298,4.214899],[96.091607,4.211472],[96.088246,4.206582],[96.079981,4.198347],[96.078851,4.194184],[96.074997,4.187686],[96.05963,4.201674],[96.051729,4.206188],[96.044056,4.208056],[96.039739,4.207801],[96.036839,4.206331],[96.033552,4.202536],[96.033171,4.19967],[96.026748,4.194228],[96.024549,4.19355],[96.022074,4.197499],[96.021763,4.206426],[96.018799,4.211432],[96.001728,4.230977],[95.969708,4.263808],[95.965814,4.268172],[95.965475,4.270341],[95.967284,4.272255],[95.974908,4.276479],[95.98154,4.277879],[95.994139,4.275636],[96.013013,4.276188],[96.02003,4.278531],[96.02417,4.281872],[96.027535,4.287652],[96.031048,4.306675],[96.040096,4.309453],[96.07109,4.281017],[96.082653,4.278259]]]}},{"type":"Feature","properties":{"nmkec":"Woyla","nmkab":"Aceh Barat","nmprov":"Aceh","kdkec":"070","kdkab":"07","kodekab":"1107","idkec":"1107070","index":233},"geometry":{"type":"Polygon","coordinates":[[[96.027205,4.45798],[96.034615,4.460179],[96.044493,4.449835],[96.048066,4.444344],[96.049494,4.438258],[96.049048,4.432674],[96.051607,4.430417],[96.058252,4.429398],[96.059564,4.428269],[96.058963,4.426157],[96.051073,4.421934],[96.050405,4.420176],[96.051356,4.417912],[96.058076,4.41498],[96.071031,4.413197],[96.070225,4.411243],[96.074247,4.405906],[96.080213,4.406576],[96.088658,4.410902],[96.091773,4.416109],[96.094991,4.418082],[96.112141,4.415237],[96.124013,4.414868],[96.15817,4.406956],[96.157411,4.401274],[96.157909,4.395896],[96.162414,4.38148],[96.165501,4.382132],[96.168332,4.38039],[96.169615,4.375011],[96.173533,4.36697],[96.174575,4.358603],[96.166803,4.359107],[96.168619,4.353583],[96.164627,4.355405],[96.16468,4.356724],[96.159982,4.359153],[96.156603,4.358625],[96.155744,4.355106],[96.149714,4.356729],[96.146275,4.355457],[96.141604,4.355321],[96.140646,4.350973],[96.133708,4.345719],[96.125423,4.341777],[96.11566,4.334658],[96.106707,4.331447],[96.085856,4.321311],[96.063531,4.315534],[96.058514,4.319514],[96.048391,4.335685],[96.042156,4.335248],[96.029189,4.331473],[96.025042,4.335989],[96.024232,4.338729],[96.025123,4.346701],[96.021669,4.364249],[96.022432,4.365932],[96.023236,4.367447],[96.030006,4.369443],[96.033296,4.372887],[96.03472,4.371911],[96.03471,4.369508],[96.03251,4.365512],[96.036104,4.360987],[96.040564,4.358697],[96.042155,4.359107],[96.043061,4.360769],[96.041962,4.362647],[96.037772,4.364802],[96.037165,4.366741],[96.03966,4.374731],[96.038406,4.377234],[96.033593,4.382877],[96.030906,4.384266],[96.028917,4.38408],[96.027271,4.385835],[96.037399,4.391037],[96.03648,4.396726],[96.0308,4.411586],[96.01941,4.436645],[96.012513,4.483614],[96.020108,4.487721],[96.026932,4.481287],[96.031569,4.470414],[96.022471,4.461795],[96.022234,4.458981],[96.027205,4.45798]]]}},{"type":"Feature","properties":{"nmkec":"Woyla Barat","nmkab":"Aceh Barat","nmprov":"Aceh","kdkec":"071","kdkab":"07","kodekab":"1107","idkec":"1107071","index":234},"geometry":{"type":"Polygon","coordinates":[[[96.010346,4.495672],[96.01941,4.436645],[96.0308,4.411586],[96.03648,4.396726],[96.037399,4.391037],[96.027271,4.385835],[96.028917,4.38408],[96.030906,4.384266],[96.033593,4.382877],[96.038406,4.377234],[96.03966,4.374731],[96.037165,4.366741],[96.037772,4.364802],[96.041962,4.362647],[96.043061,4.360769],[96.042155,4.359107],[96.040564,4.358697],[96.036104,4.360987],[96.03251,4.365512],[96.03471,4.369508],[96.03472,4.371911],[96.033296,4.372887],[96.030006,4.369443],[96.023236,4.367447],[96.021669,4.364249],[96.025123,4.346701],[96.024232,4.338729],[96.025042,4.335989],[96.029189,4.331473],[96.042156,4.335248],[96.048391,4.335685],[96.058514,4.319514],[96.061961,4.316812],[96.031048,4.306675],[96.028801,4.292782],[96.026316,4.284942],[95.99328,4.303064],[95.982611,4.307434],[95.980037,4.310851],[95.983791,4.333919],[95.983377,4.343163],[95.981879,4.34961],[95.979961,4.355889],[95.965492,4.381179],[95.967508,4.391161],[95.954398,4.415403],[95.911495,4.421002],[95.917646,4.427305],[95.919953,4.428223],[95.920292,4.433455],[95.927478,4.44418],[95.935166,4.465692],[95.941347,4.47835],[95.946486,4.486528],[95.95371,4.50326],[95.966458,4.519581],[95.980775,4.530699],[95.985693,4.527154],[95.996102,4.513013],[96.00613,4.503961],[96.010346,4.495672]]]}},{"type":"Feature","properties":{"nmkec":"Woyla Timur","nmkab":"Aceh Barat","nmprov":"Aceh","kdkec":"072","kdkab":"07","kodekab":"1107","idkec":"1107072","index":235},"geometry":{"type":"Polygon","coordinates":[[[96.075111,4.520114],[96.074857,4.50966],[96.079042,4.507395],[96.081387,4.507242],[96.08445,4.508691],[96.093407,4.500501],[96.097156,4.498757],[96.101368,4.498422],[96.110937,4.500413],[96.117848,4.500715],[96.129996,4.494659],[96.140451,4.476291],[96.155616,4.47508],[96.158473,4.46278],[96.159145,4.449166],[96.165796,4.441368],[96.163409,4.427578],[96.15817,4.406956],[96.124013,4.414868],[96.112141,4.415237],[96.094991,4.418082],[96.091773,4.416109],[96.088658,4.410902],[96.080213,4.406576],[96.075864,4.405669],[96.074247,4.405906],[96.071009,4.409587],[96.070225,4.411243],[96.071031,4.413197],[96.058076,4.41498],[96.051356,4.417912],[96.050405,4.420176],[96.051073,4.421934],[96.058963,4.426157],[96.059564,4.428269],[96.058252,4.429398],[96.051607,4.430417],[96.049048,4.432674],[96.049494,4.438258],[96.048066,4.444344],[96.044493,4.449835],[96.034615,4.460179],[96.027205,4.45798],[96.022234,4.458981],[96.022471,4.461795],[96.024329,4.464247],[96.031569,4.470414],[96.026932,4.481287],[96.019992,4.487844],[96.01526,4.498831],[96.015146,4.504669],[96.01815,4.506794],[96.020078,4.506604],[96.023286,4.499775],[96.023938,4.494745],[96.025808,4.494161],[96.027254,4.494573],[96.029021,4.497576],[96.026531,4.503108],[96.029215,4.509103],[96.031783,4.511268],[96.034732,4.511006],[96.036356,4.508145],[96.040663,4.505058],[96.046998,4.502999],[96.048188,4.504695],[96.048165,4.510022],[96.050304,4.51169],[96.054192,4.511708],[96.061563,4.517956],[96.07192,4.521412],[96.075111,4.520114]]]}},{"type":"Feature","properties":{"nmkec":"Meureubo","nmkab":"Aceh Barat","nmprov":"Aceh","kdkec":"081","kdkab":"07","kodekab":"1107","idkec":"1107081","index":236},"geometry":{"type":"Polygon","coordinates":[[[96.228773,4.234588],[96.250271,4.229615],[96.267248,4.227168],[96.268956,4.217169],[96.271599,4.214747],[96.275069,4.214271],[96.27581,4.213322],[96.27688,4.208796],[96.272382,4.199054],[96.27239,4.196622],[96.277328,4.183954],[96.277695,4.179801],[96.271254,4.168736],[96.272494,4.158289],[96.275575,4.153115],[96.268759,4.147408],[96.26326,4.138323],[96.254401,4.132491],[96.228647,4.123486],[96.211299,4.121992],[96.201244,4.116776],[96.188673,4.106702],[96.173233,4.121148],[96.153202,4.136359],[96.149889,4.140814],[96.140156,4.147423],[96.138947,4.151931],[96.140495,4.154927],[96.1448,4.156287],[96.151286,4.16377],[96.150732,4.168907],[96.149214,4.169862],[96.145515,4.169566],[96.143151,4.172067],[96.142379,4.17488],[96.144162,4.177037],[96.146337,4.177329],[96.149805,4.175725],[96.153803,4.170939],[96.155756,4.172086],[96.15302,4.176383],[96.153293,4.178363],[96.160703,4.181236],[96.160777,4.184371],[96.16473,4.190544],[96.164655,4.192247],[96.162171,4.194351],[96.161297,4.197994],[96.162075,4.202562],[96.182868,4.203956],[96.183924,4.202568],[96.193925,4.199192],[96.196777,4.20156],[96.199451,4.200782],[96.19988,4.202894],[96.19686,4.205313],[96.190441,4.205603],[96.186901,4.210008],[96.195237,4.217781],[96.189045,4.227229],[96.190715,4.23283],[96.21588,4.232352],[96.217567,4.230427],[96.223764,4.232004],[96.228773,4.234588]]]}},{"type":"Feature","properties":{"nmkec":"Panton Reu","nmkab":"Aceh Barat","nmprov":"Aceh","kdkec":"083","kdkab":"07","kodekab":"1107","idkec":"1107083","index":237},"geometry":{"type":"Polygon","coordinates":[[[96.231381,4.53236],[96.233267,4.515768],[96.23827,4.502629],[96.239289,4.495461],[96.238531,4.489314],[96.241553,4.481835],[96.241536,4.477893],[96.245757,4.473878],[96.260382,4.464503],[96.263955,4.448048],[96.262835,4.444926],[96.261054,4.443261],[96.246639,4.432287],[96.237246,4.419928],[96.227327,4.4095],[96.223492,4.403583],[96.223827,4.392459],[96.227518,4.390987],[96.233368,4.390588],[96.236497,4.388924],[96.22923,4.376818],[96.225742,4.374269],[96.211153,4.372265],[96.202424,4.367569],[96.199165,4.35934],[96.195163,4.356442],[96.174575,4.358603],[96.173533,4.36697],[96.169615,4.375011],[96.168332,4.38039],[96.165501,4.382132],[96.162414,4.38148],[96.157909,4.395896],[96.158106,4.406656],[96.163409,4.427578],[96.165796,4.441368],[96.159145,4.449166],[96.158473,4.46278],[96.155616,4.47508],[96.182672,4.477948],[96.203003,4.498199],[96.211604,4.512541],[96.216142,4.522025],[96.225506,4.532921],[96.22831,4.53953],[96.231381,4.53236]]]}},{"type":"Feature","properties":{"nmkec":"Gayo Lues","nmkab":"Gayo Lues","nmprov":"Aceh","kdkec":"050","kdkab":"13","kodekab":"1113","idkec":"1113050","index":238},"geometry":{"type":"MultiPolygon","coordinates":[[[[96.931783,4.093233],[96.933655,4.091638],[96.933042,4.0893],[96.93138,4.087723],[96.93302,4.080948],[96.931931,4.074175],[96.927083,4.071937],[96.924446,4.068761],[96.915219,4.056492],[96.909591,4.046424],[96.898984,4.038537],[96.888949,4.034789],[96.883855,4.030882],[96.882877,4.018067],[96.883546,4.017092],[96.88563,4.016784],[96.886736,4.017888],[96.89021,4.018478],[96.891728,4.01799],[96.895999,4.023098],[96.901403,4.027384],[96.904522,4.025812],[96.905461,4.022207],[96.905152,4.010891],[96.900006,3.98961],[96.900112,3.982787],[96.896742,3.971172],[96.89149,3.959878],[96.89415,3.949983],[96.87629,3.951945],[96.838244,3.958601],[96.835989,3.95939],[96.825859,3.967249],[96.809113,3.983136],[96.804709,3.990154],[96.802967,3.997615],[96.802994,4.016481],[96.800577,4.032042],[96.791606,4.051079],[96.782839,4.06056],[96.778118,4.07077],[96.774771,4.072989],[96.762803,4.075523],[96.760502,4.079275],[96.755962,4.083303],[96.747293,4.088631],[96.747076,4.094286],[96.744962,4.094482],[96.739134,4.091537],[96.733989,4.095966],[96.72483,4.096889],[96.730337,4.115171],[96.732904,4.129466],[96.734629,4.134379],[96.746,4.160669],[96.754662,4.17521],[96.769797,4.172988],[96.809994,4.162965],[96.842202,4.150795],[96.871678,4.136273],[96.893206,4.127795],[96.913563,4.120802],[96.928942,4.117757],[96.92768,4.1153],[96.927884,4.110844],[96.931783,4.093233]]],[[[97.0192,4.082982],[97.022218,4.079092],[97.018563,4.079807],[97.015893,4.078944],[97.015126,4.073085],[97.018778,4.067679],[97.018661,4.066497],[97.016835,4.064496],[97.01495,4.064403],[97.012216,4.066264],[97.010745,4.065553],[97.015933,4.059807],[97.017672,4.059828],[97.017949,4.061555],[97.021654,4.063312],[97.028607,4.056911],[97.033432,4.057556],[97.035853,4.059007],[97.036436,4.051855],[97.037323,4.050743],[97.042446,4.054405],[97.049448,4.064],[97.053133,4.067261],[97.058024,4.066872],[97.064366,4.0633],[97.062808,4.061232],[97.057684,4.060977],[97.056841,4.060135],[97.057137,4.057421],[97.058795,4.055019],[97.063017,4.058153],[97.063781,4.054734],[97.066297,4.054264],[97.064407,4.04686],[97.063323,4.045763],[97.063244,4.041142],[97.06528,4.040025],[97.06595,4.037134],[97.065575,4.034115],[97.063941,4.032256],[97.063815,4.028378],[97.066666,4.028191],[97.067376,4.031876],[97.076497,4.039694],[97.078059,4.040087],[97.07916,4.036608],[97.08129,4.03397],[97.082779,4.036576],[97.08143,4.037926],[97.085897,4.041742],[97.089388,4.04123],[97.096694,4.0329],[97.096973,4.02564],[97.099859,4.026478],[97.106234,4.034343],[97.111722,4.03363],[97.113996,4.031016],[97.090781,3.99846],[97.082973,3.981818],[97.069216,3.957988],[97.063519,3.959396],[97.042831,3.961],[97.015906,3.959093],[97.014118,3.960576],[97.01359,3.964085],[97.005909,3.977488],[97.005287,3.984174],[97.002163,3.992351],[96.999431,4.004985],[96.997467,4.017327],[96.997362,4.024549],[96.989926,4.037171],[96.986741,4.03889],[96.986075,4.040632],[96.986275,4.062075],[96.988521,4.067624],[96.987422,4.080206],[96.993376,4.084908],[97.008075,4.083422],[97.009816,4.084567],[97.012786,4.084542],[97.0192,4.082982]],[[96.999936,4.064091],[97.001762,4.06451],[97.002484,4.066418],[96.998388,4.068975],[96.997539,4.066837],[96.999936,4.064091]]],[[[97.021889,4.086134],[97.026059,4.078985],[97.022392,4.079077],[97.021676,4.084899],[97.016706,4.084898],[97.012169,4.087105],[97.019757,4.087032],[97.021889,4.086134]]]]}},{"type":"Feature","properties":{"nmkec":"Terangun","nmkab":"Gayo Lues","nmprov":"Aceh","kdkec":"050","kdkab":"13","kodekab":"1113","idkec":"1113050","index":239},"geometry":{"type":"MultiPolygon","coordinates":[[[[97.065778,4.084929],[97.080791,4.078531],[97.083399,4.075984],[97.115943,4.062549],[97.117135,4.05256],[97.121221,4.045648],[97.119302,4.040063],[97.113996,4.031016],[97.111722,4.03363],[97.106234,4.034343],[97.099859,4.026478],[97.096973,4.02564],[97.096694,4.0329],[97.089388,4.04123],[97.085897,4.041742],[97.08143,4.037926],[97.082779,4.036576],[97.08129,4.03397],[97.07916,4.036608],[97.078059,4.040087],[97.076497,4.039694],[97.067376,4.031876],[97.066666,4.028191],[97.063815,4.028378],[97.063941,4.032256],[97.065575,4.034115],[97.06595,4.037134],[97.06528,4.040025],[97.063244,4.041142],[97.063323,4.045763],[97.064407,4.04686],[97.066297,4.054264],[97.063781,4.054734],[97.063017,4.058153],[97.058795,4.055019],[97.057137,4.057421],[97.056841,4.060135],[97.057684,4.060977],[97.062808,4.061232],[97.064366,4.0633],[97.058024,4.066872],[97.053133,4.067261],[97.049448,4.064],[97.042446,4.054405],[97.037323,4.050743],[97.036436,4.051855],[97.035853,4.059007],[97.033432,4.057556],[97.028607,4.056911],[97.021654,4.063312],[97.017949,4.061555],[97.017672,4.059828],[97.015933,4.059807],[97.01178,4.063523],[97.011239,4.066078],[97.013449,4.065822],[97.015194,4.064321],[97.017242,4.06467],[97.018661,4.066497],[97.018778,4.067679],[97.015126,4.073085],[97.015372,4.077624],[97.017133,4.079692],[97.022218,4.079092],[97.019808,4.082648],[97.012786,4.084542],[97.009816,4.084567],[97.008075,4.083422],[96.99249,4.084708],[96.987422,4.080206],[96.988521,4.067624],[96.986275,4.062075],[96.986075,4.040632],[96.986741,4.03889],[96.989926,4.037171],[96.997362,4.024549],[96.997467,4.017327],[96.999431,4.004985],[97.002163,3.992351],[97.005287,3.984174],[97.005909,3.977488],[97.01359,3.964085],[97.014118,3.960576],[97.015906,3.959093],[97.003079,3.953202],[96.999919,3.950137],[96.993923,3.946747],[96.982789,3.942502],[96.962503,3.94502],[96.908987,3.948063],[96.89415,3.949983],[96.89149,3.959878],[96.896742,3.971172],[96.900112,3.982787],[96.900006,3.98961],[96.905152,4.010891],[96.905461,4.022207],[96.904522,4.025812],[96.901403,4.027384],[96.895999,4.023098],[96.891728,4.01799],[96.89021,4.018478],[96.886736,4.017888],[96.88563,4.016784],[96.883546,4.017092],[96.882877,4.018067],[96.883855,4.030882],[96.888949,4.034789],[96.898984,4.038537],[96.909591,4.046424],[96.915219,4.056492],[96.924446,4.068761],[96.927083,4.071937],[96.931931,4.074175],[96.93302,4.080948],[96.93138,4.087723],[96.933042,4.0893],[96.933655,4.091638],[96.931783,4.093233],[96.927884,4.110844],[96.92768,4.1153],[96.928942,4.117757],[96.957249,4.112851],[97.026797,4.104176],[97.054452,4.092695],[97.065778,4.084929]],[[97.014895,4.08551],[97.021676,4.084899],[97.022392,4.079077],[97.026059,4.078985],[97.021889,4.086134],[97.016365,4.087565],[97.012186,4.087141],[97.014895,4.08551]]],[[[96.999936,4.064091],[96.997539,4.066837],[96.998388,4.068975],[97.002484,4.066418],[97.001762,4.06451],[96.999936,4.064091]]]]}},{"type":"Feature","properties":{"nmkec":"Bandar Pusaka","nmkab":"Aceh Tamiang","nmprov":"Aceh","kdkec":"011","kdkab":"14","kodekab":"1114","idkec":"1114011","index":240},"geometry":{"type":"Polygon","coordinates":[[[97.774434,4.342316],[97.783435,4.342336],[97.798085,4.330774],[97.804213,4.326906],[97.810698,4.324764],[97.812037,4.322414],[97.810817,4.31819],[97.811322,4.317131],[97.818514,4.314132],[97.822082,4.315816],[97.823922,4.315059],[97.826347,4.311942],[97.826887,4.30654],[97.830764,4.306945],[97.834037,4.311734],[97.838112,4.311377],[97.842463,4.304027],[97.83951,4.299024],[97.840522,4.296644],[97.8443,4.295633],[97.846353,4.300244],[97.8479,4.301434],[97.854375,4.301419],[97.85855,4.291507],[97.860052,4.290483],[97.863937,4.291926],[97.872928,4.300421],[97.883839,4.301805],[97.893125,4.307368],[97.895757,4.306206],[97.907755,4.296162],[97.912044,4.290769],[97.916693,4.290469],[97.920665,4.293788],[97.922861,4.297963],[97.925795,4.299623],[97.927816,4.297172],[97.930813,4.298035],[97.937821,4.309172],[97.941084,4.309587],[97.942239,4.307829],[97.938692,4.306084],[97.936927,4.299946],[97.942164,4.29317],[97.941511,4.29086],[97.938522,4.288488],[97.939761,4.285287],[97.942698,4.284064],[97.946548,4.286584],[97.947158,4.287996],[97.945316,4.292963],[97.945607,4.295313],[97.95005,4.296683],[97.953287,4.295624],[97.95724,4.292947],[97.967455,4.282539],[97.972086,4.280113],[97.976317,4.276061],[97.97855,4.2732],[97.98032,4.268054],[97.982014,4.267213],[97.98288,4.268293],[97.981121,4.283899],[97.981716,4.286709],[97.986672,4.293889],[97.993214,4.296507],[97.995523,4.286178],[97.996921,4.283588],[98.004046,4.277713],[98.007556,4.279576],[98.009188,4.279213],[98.011447,4.268531],[98.014058,4.264327],[98.017164,4.262781],[98.018865,4.253294],[98.003014,4.253118],[97.999304,4.25472],[97.993608,4.255409],[97.991245,4.252899],[97.9919,4.244723],[97.993895,4.236488],[97.993382,4.233574],[97.985197,4.234412],[97.978703,4.232752],[97.972218,4.229041],[97.970199,4.226573],[97.968824,4.226831],[97.968491,4.235847],[97.966999,4.241893],[97.965897,4.236877],[97.963656,4.233314],[97.960606,4.2316],[97.956494,4.231531],[97.951256,4.234012],[97.940392,4.235978],[97.922345,4.24163],[97.907637,4.248919],[97.885918,4.251832],[97.87854,4.247518],[97.862905,4.249674],[97.857762,4.249011],[97.853241,4.246025],[97.849965,4.245444],[97.838172,4.246483],[97.833865,4.237643],[97.831283,4.234795],[97.816181,4.235645],[97.811342,4.234427],[97.796308,4.227359],[97.794437,4.227755],[97.791295,4.230405],[97.789808,4.234513],[97.781202,4.230063],[97.733741,4.2307],[97.728189,4.232419],[97.723757,4.235304],[97.723611,4.238162],[97.71854,4.244909],[97.717444,4.250132],[97.71912,4.257274],[97.726324,4.274228],[97.731201,4.277141],[97.733295,4.286704],[97.741802,4.299955],[97.744989,4.304316],[97.748363,4.30529],[97.752337,4.308261],[97.760761,4.316943],[97.762139,4.322209],[97.760966,4.332152],[97.763242,4.338867],[97.766147,4.341246],[97.77068,4.340155],[97.774434,4.342316]]]}},{"type":"Feature","properties":{"nmkec":"Kejuruan Muda","nmkab":"Aceh Tamiang","nmprov":"Aceh","kdkec":"020","kdkab":"14","kodekab":"1114","idkec":"1114020","index":241},"geometry":{"type":"Polygon","coordinates":[[[98.064404,4.278502],[98.068486,4.273338],[98.068871,4.269075],[98.072018,4.263876],[98.082379,4.25819],[98.071839,4.256175],[98.069155,4.244737],[98.070781,4.23874],[98.074447,4.234349],[98.088193,4.229503],[98.08948,4.22731],[98.091629,4.213381],[98.094463,4.209014],[98.089208,4.202141],[98.089026,4.197615],[98.092125,4.192512],[98.083928,4.188364],[98.076982,4.191235],[98.067917,4.186921],[98.062695,4.186656],[98.061107,4.185716],[98.072281,4.160588],[98.072695,4.157377],[98.071625,4.155309],[98.071649,4.152244],[98.075687,4.146478],[98.074057,4.144191],[98.066501,4.139166],[98.061517,4.137436],[98.056563,4.134323],[98.053409,4.117637],[98.053287,4.11299],[98.054601,4.106689],[98.047681,4.09733],[98.049628,4.095066],[98.05009,4.091656],[98.047282,4.090143],[98.046676,4.088762],[98.04668,4.085818],[98.048126,4.085327],[98.045518,4.079379],[98.044803,4.073556],[98.031251,4.099323],[98.033145,4.105193],[98.031217,4.107892],[98.03168,4.117913],[98.030991,4.119821],[98.029145,4.123279],[98.02532,4.123422],[98.026565,4.134964],[98.03198,4.142403],[98.030582,4.152103],[98.029172,4.155869],[98.019073,4.162757],[98.017468,4.164964],[98.013777,4.165257],[98.012338,4.164417],[98.011316,4.159432],[98.01163,4.156461],[98.016276,4.156518],[98.018514,4.152863],[98.01682,4.146117],[98.015318,4.145124],[98.01199,4.148041],[98.008715,4.146597],[98.004955,4.142951],[98.007552,4.140319],[98.009878,4.140037],[98.009061,4.137493],[98.007122,4.136409],[98.004109,4.136415],[98.001609,4.133527],[98.001133,4.129882],[97.991239,4.125976],[97.991061,4.121321],[97.994905,4.120907],[97.995343,4.119726],[97.99739,4.112768],[97.996591,4.108287],[97.991052,4.107942],[97.988927,4.110386],[97.985326,4.109847],[97.979736,4.117983],[97.977418,4.117765],[97.977847,4.12083],[97.975943,4.122454],[97.971328,4.120885],[97.968731,4.12157],[97.968604,4.126183],[97.970012,4.126839],[97.969503,4.128345],[97.968067,4.128801],[97.972573,4.135997],[97.975786,4.136083],[97.97945,4.133433],[97.985389,4.133849],[97.990396,4.130792],[97.994871,4.130307],[97.995068,4.134923],[97.999337,4.137134],[98.002997,4.137629],[98.002984,4.148166],[97.988767,4.149551],[97.982028,4.154594],[97.974215,4.153295],[97.964695,4.155102],[97.962752,4.154425],[97.961563,4.157375],[97.959799,4.157172],[97.959114,4.15409],[97.952706,4.157678],[97.952249,4.160212],[97.956478,4.164305],[97.949637,4.172637],[97.949994,4.178892],[97.94912,4.180942],[97.947713,4.181108],[97.947777,4.183496],[97.949985,4.185902],[97.957524,4.189231],[97.966747,4.195237],[97.97359,4.200879],[97.975258,4.204541],[97.971798,4.207177],[97.971493,4.209969],[97.965898,4.212699],[97.959849,4.22646],[97.95081,4.228682],[97.949533,4.232454],[97.946225,4.232607],[97.944921,4.231122],[97.939928,4.231063],[97.940392,4.235978],[97.951256,4.234012],[97.956494,4.231531],[97.960606,4.2316],[97.965195,4.235076],[97.966999,4.241893],[97.968491,4.235847],[97.968824,4.226831],[97.970199,4.226573],[97.972218,4.229041],[97.978703,4.232752],[97.985197,4.234412],[97.993382,4.233574],[97.993895,4.236488],[97.9919,4.244723],[97.991245,4.252899],[97.993608,4.255409],[97.999304,4.25472],[98.003014,4.253118],[98.01702,4.253131],[98.027814,4.256051],[98.032138,4.257717],[98.037056,4.261835],[98.043903,4.263731],[98.048879,4.269848],[98.056223,4.276221],[98.060169,4.275672],[98.062097,4.278698],[98.064404,4.278502]]]}},{"type":"Feature","properties":{"nmkec":"Tenggulun","nmkab":"Aceh Tamiang","nmprov":"Aceh","kdkec":"021","kdkab":"14","kodekab":"1114","idkec":"1114021","index":242},"geometry":{"type":"MultiPolygon","coordinates":[[[[98.016616,4.165248],[98.029172,4.155869],[98.030582,4.152103],[98.03198,4.142403],[98.026565,4.134964],[98.02532,4.123422],[98.029145,4.123279],[98.030991,4.119821],[98.03168,4.117913],[98.031217,4.107892],[98.033145,4.105193],[98.031251,4.099323],[98.044805,4.073557],[98.044141,4.057036],[98.04164,4.051669],[98.041202,4.048857],[98.042334,4.044823],[98.039879,4.038716],[98.040947,4.035929],[98.046615,4.034545],[98.048112,4.032299],[98.046198,4.024066],[98.044422,4.022115],[98.040352,4.021201],[98.032274,4.022428],[98.027542,4.01956],[98.025964,4.016155],[98.025814,4.013776],[98.030973,4.002006],[98.029307,3.991926],[98.031379,3.985926],[98.028594,3.979292],[98.024449,3.976575],[98.023447,3.972857],[98.023861,3.968562],[98.018945,3.967982],[98.016054,3.966317],[98.015971,3.963728],[98.01454,3.96265],[98.009534,3.964115],[98.00389,3.963877],[98.001149,3.955692],[97.995226,3.945089],[97.989982,3.941801],[97.980088,3.941232],[97.961772,3.932687],[97.957606,3.928921],[97.955292,3.92433],[97.955242,3.91596],[97.957281,3.902011],[97.951977,3.889688],[97.949512,3.889751],[97.944898,3.896382],[97.943146,3.897161],[97.937648,3.896771],[97.935361,3.895166],[97.933804,3.895652],[97.929376,3.902367],[97.915461,3.913461],[97.913417,3.913996],[97.906893,3.912384],[97.908477,3.914166],[97.907266,3.919247],[97.903276,3.92965],[97.898569,3.935332],[97.896521,3.934663],[97.888568,3.935137],[97.882179,3.93658],[97.875261,3.933105],[97.870622,3.928819],[97.867134,3.923974],[97.861111,3.922513],[97.849528,3.933873],[97.830685,3.966311],[97.824892,3.97199],[97.823431,3.98288],[97.821981,3.985601],[97.80376,4.002517],[97.798811,4.008682],[97.789631,4.023311],[97.79011,4.025369],[97.79384,4.029368],[97.792797,4.042043],[97.794952,4.051244],[97.792163,4.063221],[97.793337,4.067097],[97.80511,4.061514],[97.816375,4.062707],[97.833086,4.068976],[97.847007,4.076742],[97.852574,4.081333],[97.861174,4.082967],[97.869204,4.088088],[97.88031,4.088469],[97.889021,4.094102],[97.89983,4.098175],[97.901844,4.098318],[97.905207,4.095993],[97.912896,4.09626],[97.924962,4.094436],[97.940019,4.098942],[97.947005,4.098793],[97.955425,4.102045],[97.963577,4.10336],[97.963117,4.116181],[97.966968,4.118161],[97.979736,4.117983],[97.985326,4.109847],[97.988927,4.110386],[97.991052,4.107942],[97.996317,4.108094],[97.99728,4.113189],[97.994905,4.120907],[97.991061,4.121321],[97.991239,4.125976],[98.001133,4.129882],[98.001609,4.133527],[98.004109,4.136415],[98.007122,4.136409],[98.009061,4.137493],[98.009878,4.140037],[98.007552,4.140319],[98.004955,4.142951],[98.008715,4.146597],[98.01199,4.148041],[98.015318,4.145124],[98.01682,4.146117],[98.018514,4.152863],[98.016276,4.156518],[98.01163,4.156461],[98.011316,4.159432],[98.012338,4.164417],[98.016616,4.165248]]],[[[97.964695,4.155102],[97.974215,4.153295],[97.982028,4.154594],[97.988767,4.149551],[98.002984,4.148166],[98.002997,4.137629],[97.999337,4.137134],[97.995068,4.134923],[97.994871,4.130307],[97.990396,4.130792],[97.985389,4.133849],[97.97945,4.133433],[97.975786,4.136083],[97.972573,4.135997],[97.968067,4.128801],[97.96671,4.1277],[97.964078,4.128465],[97.961722,4.130954],[97.967082,4.138059],[97.968171,4.146146],[97.967688,4.150357],[97.962752,4.154425],[97.964695,4.155102]]]]}},{"type":"Feature","properties":{"nmkec":"Blang Bintang","nmkab":"Aceh Besar","nmprov":"Aceh","kdkec":"081","kdkab":"08","kodekab":"1108","idkec":"1108081","index":243},"geometry":{"type":"Polygon","coordinates":[[[95.4896,5.557694],[95.494549,5.555125],[95.496245,5.550442],[95.494636,5.549497],[95.482729,5.531266],[95.467052,5.510502],[95.460816,5.499781],[95.453932,5.492719],[95.447725,5.488977],[95.442744,5.487779],[95.434325,5.483824],[95.42025,5.486413],[95.415248,5.489943],[95.411813,5.494663],[95.405725,5.493237],[95.405508,5.495221],[95.397788,5.499262],[95.399905,5.503987],[95.394302,5.508175],[95.394604,5.512048],[95.391097,5.512207],[95.38957,5.510862],[95.386596,5.512002],[95.387356,5.516732],[95.384835,5.518408],[95.386044,5.521708],[95.393012,5.520929],[95.392762,5.518515],[95.39385,5.518317],[95.401026,5.518637],[95.409043,5.52099],[95.417604,5.519334],[95.422396,5.520366],[95.426756,5.517659],[95.431991,5.516671],[95.436527,5.518197],[95.443117,5.522777],[95.451101,5.530572],[95.465972,5.554982],[95.482496,5.572379],[95.483752,5.570518],[95.485439,5.56274],[95.4896,5.557694]]]}},{"type":"Feature","properties":{"nmkec":"Ingin Jaya","nmkab":"Aceh Besar","nmprov":"Aceh","kdkec":"090","kdkab":"08","kodekab":"1108","idkec":"1108090","index":244},"geometry":{"type":"Polygon","coordinates":[[[95.352722,5.533658],[95.361171,5.532956],[95.367468,5.526019],[95.37151,5.533048],[95.383581,5.528281],[95.383775,5.522998],[95.386044,5.521708],[95.384835,5.518408],[95.387356,5.516732],[95.386596,5.512002],[95.38957,5.510862],[95.391097,5.512207],[95.394604,5.512048],[95.394302,5.508175],[95.399905,5.503987],[95.397788,5.499262],[95.405508,5.495221],[95.405725,5.493237],[95.400863,5.484531],[95.397843,5.485379],[95.394927,5.482829],[95.389443,5.484417],[95.383278,5.492461],[95.372202,5.495599],[95.368213,5.494643],[95.363475,5.491274],[95.361343,5.487207],[95.353969,5.489382],[95.352905,5.499162],[95.344304,5.500531],[95.342692,5.519725],[95.344488,5.534893],[95.350795,5.5353],[95.352722,5.533658]]]}},{"type":"Feature","properties":{"nmkec":"Baitussalam","nmkab":"Aceh Besar","nmprov":"Aceh","kdkec":"061","kdkab":"08","kodekab":"1108","idkec":"1108061","index":245},"geometry":{"type":"Polygon","coordinates":[[[95.406037,5.621642],[95.413078,5.617638],[95.417069,5.617337],[95.417966,5.613412],[95.416353,5.606157],[95.404576,5.603997],[95.397728,5.594639],[95.394909,5.598029],[95.391781,5.598211],[95.384053,5.593417],[95.380428,5.585184],[95.373521,5.580262],[95.37162,5.579859],[95.367343,5.587601],[95.365177,5.584931],[95.352309,5.583392],[95.352357,5.584456],[95.355413,5.585689],[95.354369,5.59425],[95.358268,5.603148],[95.363234,5.605136],[95.366896,5.607458],[95.366966,5.608361],[95.380948,5.614723],[95.38814,5.621634],[95.396095,5.621456],[95.397155,5.617487],[95.39952,5.61813],[95.399285,5.619972],[95.400285,5.620869],[95.406037,5.621642]]]}},{"type":"Feature","properties":{"nmkec":"Suka Makmur","nmkab":"Aceh Besar","nmprov":"Aceh","kdkec":"100","kdkab":"08","kodekab":"1108","idkec":"1108100","index":246},"geometry":{"type":"Polygon","coordinates":[[[95.372202,5.495599],[95.383278,5.492461],[95.389443,5.484417],[95.39484,5.482975],[95.394958,5.472102],[95.393833,5.468847],[95.391312,5.466711],[95.391671,5.462273],[95.393514,5.460103],[95.395173,5.460095],[95.397632,5.46225],[95.400474,5.461463],[95.398969,5.458307],[95.393117,5.45322],[95.383899,5.441468],[95.383089,5.439286],[95.382385,5.427997],[95.379905,5.419895],[95.378067,5.401847],[95.378504,5.392204],[95.363192,5.377228],[95.355833,5.372046],[95.343438,5.369219],[95.339444,5.38348],[95.336778,5.386623],[95.330274,5.390496],[95.328777,5.39605],[95.328122,5.404097],[95.340735,5.412124],[95.359372,5.436787],[95.360527,5.451868],[95.363544,5.458552],[95.375576,5.459108],[95.376924,5.462295],[95.371736,5.463192],[95.368089,5.464905],[95.360607,5.476242],[95.360209,5.479604],[95.361379,5.488354],[95.365622,5.492901],[95.368213,5.494643],[95.372202,5.495599]]]}},{"type":"Feature","properties":{"nmkec":"Kuta Malaka","nmkab":"Aceh Besar","nmprov":"Aceh","kdkec":"101","kdkab":"08","kodekab":"1108","idkec":"1108101","index":247},"geometry":{"type":"Polygon","coordinates":[[[95.412674,5.466408],[95.411354,5.462681],[95.403855,5.45756],[95.404914,5.455345],[95.408567,5.45464],[95.406536,5.44853],[95.41085,5.443885],[95.408,5.43696],[95.410208,5.434913],[95.408174,5.429573],[95.409613,5.425599],[95.409191,5.414633],[95.403122,5.41231],[95.396324,5.40085],[95.392768,5.397488],[95.388677,5.394952],[95.378504,5.392204],[95.378067,5.401847],[95.379905,5.419895],[95.382385,5.427997],[95.383899,5.441468],[95.393117,5.45322],[95.398969,5.458307],[95.400474,5.461463],[95.402933,5.463613],[95.409678,5.469016],[95.411605,5.468629],[95.412674,5.466408]]]}},{"type":"Feature","properties":{"nmkec":"Darul Kamal","nmkab":"Aceh Besar","nmprov":"Aceh","kdkec":"111","kdkab":"08","kodekab":"1108","idkec":"1108111","index":248},"geometry":{"type":"Polygon","coordinates":[[[95.335232,5.497873],[95.347257,5.49815],[95.350248,5.497114],[95.34487,5.487619],[95.343741,5.482973],[95.344938,5.478345],[95.344589,5.471975],[95.341,5.463419],[95.336729,5.457713],[95.334899,5.445108],[95.332769,5.443789],[95.325921,5.444845],[95.323612,5.444351],[95.320811,5.440402],[95.321826,5.43717],[95.321337,5.434608],[95.318338,5.432995],[95.30802,5.442433],[95.300204,5.458808],[95.303655,5.463892],[95.303772,5.470481],[95.303034,5.475286],[95.299368,5.481561],[95.311529,5.488774],[95.312573,5.492082],[95.318414,5.492111],[95.322203,5.490614],[95.325436,5.491341],[95.330742,5.492649],[95.334041,5.495338],[95.335232,5.497873]]]}},{"type":"Feature","properties":{"nmkec":"Pulo Aceh","nmkab":"Aceh Besar","nmprov":"Aceh","kdkec":"130","kdkab":"08","kodekab":"1108","idkec":"1108130","index":249},"geometry":{"type":"MultiPolygon","coordinates":[[[[95.058967,5.750551],[95.059498,5.748265],[95.06163,5.746973],[95.067745,5.747093],[95.071347,5.744669],[95.065797,5.742567],[95.063762,5.740386],[95.063558,5.738028],[95.06448,5.734062],[95.072701,5.730143],[95.073083,5.728265],[95.071375,5.727011],[95.07299,5.722682],[95.079646,5.720119],[95.083044,5.720154],[95.084838,5.72105],[95.085165,5.723762],[95.086292,5.724624],[95.090096,5.724423],[95.096961,5.714094],[95.105539,5.711486],[95.11163,5.704301],[95.111439,5.70064],[95.105171,5.697055],[95.107326,5.69543],[95.113795,5.693307],[95.118173,5.690202],[95.124182,5.690117],[95.127623,5.688892],[95.132836,5.684742],[95.138187,5.675918],[95.136386,5.674365],[95.132489,5.674562],[95.129735,5.673114],[95.130007,5.670298],[95.137782,5.674088],[95.140334,5.67162],[95.142946,5.6666],[95.142498,5.665832],[95.138823,5.662835],[95.135491,5.667487],[95.117929,5.672169],[95.115834,5.671707],[95.111199,5.667741],[95.090292,5.668558],[95.083902,5.663058],[95.079855,5.667487],[95.07595,5.669341],[95.072825,5.6678],[95.072155,5.666485],[95.077388,5.666551],[95.078376,5.657992],[95.077706,5.656663],[95.060396,5.64884],[95.054968,5.648334],[95.053198,5.651752],[95.055686,5.652052],[95.064366,5.657705],[95.069807,5.663796],[95.06947,5.667073],[95.066255,5.671759],[95.051087,5.671328],[95.053364,5.670395],[95.044734,5.670976],[95.0451,5.673009],[95.060189,5.679896],[95.058508,5.688453],[95.050493,5.696405],[95.045474,5.696849],[95.04035,5.692894],[95.041296,5.697109],[95.043155,5.700135],[95.042496,5.702411],[95.040904,5.703116],[95.038903,5.706429],[95.040551,5.708158],[95.045694,5.709732],[95.058809,5.712011],[95.060896,5.713791],[95.059585,5.719807],[95.047124,5.722336],[95.0466,5.724298],[95.049377,5.728493],[95.049216,5.730096],[95.047535,5.735722],[95.045666,5.736765],[95.032599,5.726729],[95.026913,5.72526],[95.018567,5.720056],[95.016328,5.719392],[95.012185,5.723041],[95.014212,5.730071],[95.016124,5.732921],[95.030308,5.742813],[95.03076,5.744296],[95.02979,5.746624],[95.025656,5.747815],[95.026361,5.749521],[95.029805,5.750853],[95.035368,5.750245],[95.04053,5.747258],[95.046662,5.749782],[95.054908,5.750138],[95.056839,5.752741],[95.058967,5.750551]]],[[[95.148051,5.661483],[95.156229,5.659567],[95.158882,5.653082],[95.161841,5.65203],[95.164214,5.652556],[95.165889,5.651517],[95.166071,5.649297],[95.157971,5.64713],[95.15749,5.645969],[95.157343,5.642887],[95.15807,5.641059],[95.161443,5.637576],[95.163897,5.63919],[95.165843,5.638351],[95.166689,5.633838],[95.168854,5.631789],[95.170867,5.627844],[95.170188,5.627233],[95.171086,5.624839],[95.174389,5.621566],[95.179145,5.621041],[95.183003,5.61789],[95.191798,5.608943],[95.193148,5.605439],[95.190568,5.605126],[95.190033,5.606666],[95.185877,5.608481],[95.171338,5.607354],[95.166933,5.604867],[95.166786,5.602446],[95.164808,5.600551],[95.157628,5.595912],[95.150446,5.595302],[95.148864,5.591321],[95.144743,5.594537],[95.144471,5.597085],[95.145945,5.602546],[95.143916,5.605974],[95.13971,5.606682],[95.136317,5.606038],[95.133501,5.598303],[95.129537,5.593811],[95.126535,5.595481],[95.126099,5.600147],[95.124938,5.601987],[95.121745,5.60256],[95.120869,5.601623],[95.118701,5.603225],[95.120809,5.606579],[95.121141,5.609062],[95.121005,5.611642],[95.119333,5.61512],[95.125105,5.622499],[95.138567,5.629917],[95.144942,5.634649],[95.145228,5.639233],[95.143918,5.648079],[95.140066,5.655056],[95.137015,5.65606],[95.13984,5.659823],[95.148051,5.661483]]],[[[95.075801,5.643886],[95.084845,5.642978],[95.086264,5.640548],[95.085813,5.63836],[95.081115,5.634264],[95.073131,5.631427],[95.056063,5.621008],[95.051235,5.622915],[95.053458,5.630816],[95.059244,5.638789],[95.060113,5.638974],[95.060986,5.63673],[95.065843,5.637646],[95.075801,5.643886]]],[[[95.039478,5.672039],[95.038025,5.669794],[95.034813,5.670888],[95.035689,5.671566],[95.039478,5.672039]]],[[[95.062866,5.61119],[95.061355,5.609191],[95.060403,5.609941],[95.060528,5.612103],[95.062866,5.61119]]],[[[95.017301,5.715156],[95.0144,5.712733],[95.013721,5.7127],[95.016949,5.716802],[95.017301,5.715156]]],[[[95.013207,5.755543],[95.010832,5.754195],[95.009707,5.755103],[95.011403,5.755888],[95.013207,5.755543]]],[[[95.060127,5.609706],[95.058725,5.608964],[95.05923,5.611151],[95.060127,5.609706]]],[[[95.169411,5.64262],[95.169384,5.641738],[95.168041,5.641707],[95.168405,5.642619],[95.169411,5.64262]]],[[[95.061982,5.613525],[95.061197,5.613616],[95.061307,5.614645],[95.0618,5.614751],[95.061982,5.613525]]],[[[95.058463,5.6089],[95.057531,5.607986],[95.058346,5.609136],[95.058463,5.6089]]],[[[95.158743,5.657822],[95.158005,5.65771],[95.158527,5.658143],[95.158743,5.657822]]],[[[95.157652,5.645571],[95.15794,5.645158],[95.157801,5.645124],[95.157652,5.645571]]],[[[95.05061,5.623818],[95.050994,5.623415],[95.050457,5.623543],[95.05061,5.623818]]],[[[95.157816,5.644599],[95.157603,5.644189],[95.157669,5.644692],[95.157816,5.644599]]],[[[95.051377,5.624826],[95.050935,5.624979],[95.051256,5.625112],[95.051377,5.624826]]],[[[95.127005,5.592127],[95.126529,5.592171],[95.126967,5.59232],[95.127005,5.592127]]],[[[95.146623,5.592591],[95.146533,5.592492],[95.146518,5.59255],[95.146623,5.592591]]]]}},{"type":"Feature","properties":{"nmkec":"Geumpang","nmkab":"Pidie","nmprov":"Aceh","kdkec":"010","kdkab":"09","kodekab":"1109","idkec":"1109010","index":250},"geometry":{"type":"MultiPolygon","coordinates":[[[[96.134713,4.860491],[96.139381,4.856185],[96.147374,4.85464],[96.166304,4.855958],[96.161499,4.839006],[96.150276,4.839858],[96.15325,4.834542],[96.154021,4.825205],[96.146655,4.81725],[96.137726,4.816774],[96.137522,4.821511],[96.135596,4.822395],[96.132789,4.821935],[96.128044,4.816339],[96.123013,4.81507],[96.115127,4.816883],[96.122833,4.831725],[96.117466,4.833569],[96.114189,4.833332],[96.10526,4.838903],[96.110371,4.847191],[96.111498,4.856976],[96.11301,4.858264],[96.113671,4.856109],[96.116924,4.855583],[96.121206,4.856956],[96.12761,4.864031],[96.134713,4.860491]]],[[[96.218248,4.884841],[96.221818,4.88371],[96.223651,4.877821],[96.229664,4.870362],[96.228366,4.856995],[96.222621,4.843153],[96.217606,4.840877],[96.214237,4.841511],[96.211678,4.844857],[96.210613,4.844879],[96.207701,4.842069],[96.206976,4.839304],[96.2048,4.838443],[96.198041,4.83953],[96.190454,4.845843],[96.186489,4.846386],[96.18352,4.845208],[96.18102,4.846658],[96.182579,4.857601],[96.197786,4.855848],[96.198466,4.857117],[96.197724,4.874908],[96.206702,4.877256],[96.216489,4.881177],[96.218746,4.883312],[96.218248,4.884841]]]]}},{"type":"Feature","properties":{"nmkec":"Mane","nmkab":"Pidie","nmprov":"Aceh","kdkec":"011","kdkab":"09","kodekab":"1109","idkec":"1109011","index":251},"geometry":{"type":"Polygon","coordinates":[[[96.069083,4.925443],[96.095227,4.915913],[96.118353,4.904475],[96.124073,4.900531],[96.125818,4.898948],[96.12821,4.893344],[96.140891,4.874367],[96.136592,4.873803],[96.133497,4.872177],[96.12671,4.86276],[96.121206,4.856956],[96.116924,4.855583],[96.113671,4.856109],[96.11301,4.858264],[96.112132,4.857791],[96.110371,4.847191],[96.10526,4.838903],[96.108391,4.83649],[96.106326,4.832324],[96.102197,4.831623],[96.096245,4.832586],[96.085373,4.84851],[96.073572,4.861881],[96.067188,4.86416],[96.063286,4.874036],[96.028963,4.897703],[95.99744,4.917691],[95.987398,4.922818],[96.000008,4.936686],[96.001216,4.945422],[96.069083,4.925443]]]}},{"type":"Feature","properties":{"nmkec":"Kuala Pesisir","nmkab":"Nagan Raya","nmprov":"Aceh","kdkec":"021","kdkab":"15","kodekab":"1115","idkec":"1115021","index":252},"geometry":{"type":"Polygon","coordinates":[[[96.247181,4.113688],[96.240843,4.094342],[96.256289,4.090737],[96.261508,4.079291],[96.265928,4.077137],[96.271506,4.075717],[96.28094,4.075957],[96.285724,4.075091],[96.286565,4.058125],[96.293322,4.053113],[96.295944,4.053063],[96.316587,4.028201],[96.303031,4.009769],[96.300198,4.004323],[96.306335,3.990635],[96.295498,3.982394],[96.283967,3.998806],[96.273831,4.011279],[96.245531,4.04253],[96.227196,4.067506],[96.189342,4.106875],[96.201244,4.116776],[96.211299,4.121992],[96.228647,4.123486],[96.237771,4.126323],[96.247181,4.113688]]]}},{"type":"Feature","properties":{"nmkec":"Pidie","nmkab":"Pidie","nmprov":"Aceh","kdkec":"070","kdkab":"09","kodekab":"1109","idkec":"1109070","index":253},"geometry":{"type":"Polygon","coordinates":[[[96.03914,5.230268],[96.05421,5.203185],[96.055553,5.199275],[96.053244,5.195777],[96.05017,5.193314],[96.049117,5.190887],[96.049292,5.189076],[96.051195,5.186793],[96.05157,5.181805],[96.043113,5.172485],[96.038278,5.173129],[96.036111,5.17467],[96.034872,5.174163],[96.029609,5.1625],[96.027115,5.163534],[96.025002,5.160478],[96.024401,5.152371],[96.022908,5.150557],[96.023578,5.148943],[96.021081,5.145399],[96.010167,5.155246],[96.007738,5.158629],[95.999798,5.174182],[95.999517,5.182281],[96.003919,5.189169],[96.005022,5.194738],[96.006428,5.196065],[96.015358,5.19837],[96.019947,5.20339],[96.021059,5.206979],[96.019881,5.225335],[96.023611,5.223893],[96.027122,5.228572],[96.034494,5.228002],[96.03914,5.230268]]]}},{"type":"Feature","properties":{"nmkec":"Glumpang Baro","nmkab":"Pidie","nmprov":"Aceh","kdkec":"071","kdkab":"09","kodekab":"1109","idkec":"1109071","index":254},"geometry":{"type":"Polygon","coordinates":[[[96.057861,5.300684],[96.060606,5.29907],[96.058815,5.296294],[96.052273,5.290623],[96.051592,5.287796],[96.053334,5.284878],[96.048595,5.273272],[96.038194,5.271014],[96.034521,5.269127],[96.036411,5.267951],[96.03506,5.264364],[96.03032,5.261317],[96.0199,5.265803],[96.019233,5.263994],[96.015277,5.262204],[96.010493,5.264495],[96.019558,5.294266],[96.021691,5.293027],[96.024938,5.292826],[96.036837,5.293602],[96.044142,5.294725],[96.053832,5.300275],[96.057861,5.300684]]]}},{"type":"Feature","properties":{"nmkec":"Mutiara Timur","nmkab":"Pidie","nmprov":"Aceh","kdkec":"081","kdkab":"09","kodekab":"1109","idkec":"1109081","index":255},"geometry":{"type":"Polygon","coordinates":[[[96.020042,5.297107],[96.015244,5.278308],[96.010493,5.264495],[96.007373,5.265586],[96.003392,5.259236],[95.996385,5.257248],[95.995098,5.255389],[95.995384,5.253256],[96.00414,5.247059],[96.007542,5.242889],[96.002451,5.23741],[96.002812,5.229493],[96.007462,5.219011],[95.994984,5.221446],[95.985381,5.224622],[95.984788,5.223789],[95.981867,5.224444],[95.978399,5.226684],[95.974089,5.225865],[95.970281,5.226285],[95.964739,5.229524],[95.956428,5.227941],[95.954097,5.22865],[95.952803,5.237693],[95.952984,5.243795],[95.962162,5.263884],[95.965668,5.26897],[95.968127,5.271134],[95.972321,5.271423],[95.972119,5.27444],[95.97329,5.275968],[95.976565,5.27468],[95.980705,5.274928],[95.986601,5.27775],[95.989465,5.28228],[95.991686,5.283865],[95.996326,5.282748],[96.000424,5.284177],[96.002764,5.286541],[96.001917,5.287313],[96.000317,5.286739],[95.999101,5.290421],[96.001208,5.291005],[96.003706,5.288854],[96.006928,5.288858],[96.006468,5.291611],[96.008873,5.294584],[96.009952,5.298556],[96.011897,5.300092],[96.020042,5.297107]]]}},{"type":"Feature","properties":{"nmkec":"Pidie","nmkab":"Pidie","nmprov":"Aceh","kdkec":"090","kdkab":"09","kodekab":"1109","idkec":"1109090","index":256},"geometry":{"type":"Polygon","coordinates":[[[96.019481,5.225528],[96.021059,5.206979],[96.019947,5.20339],[96.015358,5.19837],[96.006428,5.196065],[96.005022,5.194738],[96.003919,5.189169],[95.999517,5.182281],[95.999654,5.174613],[96.010167,5.155246],[96.021081,5.145399],[96.023578,5.148943],[96.023454,5.145551],[96.024674,5.143502],[96.029664,5.139294],[96.03469,5.137262],[96.040736,5.130733],[96.043687,5.125255],[96.044451,5.116984],[96.057375,5.107953],[96.056489,5.100699],[96.054807,5.095957],[96.050511,5.091016],[96.04775,5.082433],[96.050457,5.075613],[96.050808,5.072248],[96.048187,5.06843],[96.041995,5.063116],[96.041202,5.054942],[96.036425,5.051896],[96.030259,5.052062],[96.026296,5.050239],[96.022519,5.046902],[96.020021,5.046249],[96.004405,5.058197],[95.999927,5.071057],[95.986915,5.079386],[95.981003,5.084357],[95.973588,5.092669],[95.97086,5.099706],[95.967814,5.104045],[95.944409,5.119221],[95.941568,5.122594],[95.979671,5.12554],[95.979227,5.149875],[95.980908,5.180989],[95.956582,5.181695],[95.933025,5.184959],[95.932842,5.187579],[95.941295,5.186395],[95.947899,5.196688],[95.952787,5.19446],[95.972171,5.202031],[95.977094,5.20281],[95.983994,5.206518],[95.989076,5.202272],[95.995459,5.19985],[96.004491,5.198986],[96.005551,5.208269],[95.999188,5.209549],[95.998241,5.213703],[96.000135,5.220387],[96.007462,5.219011],[96.004136,5.226527],[96.010281,5.226945],[96.019481,5.225528]]]}},{"type":"Feature","properties":{"nmkec":"Tiro/Truseb","nmkab":"Pidie","nmprov":"Aceh","kdkec":"090","kdkab":"09","kodekab":"1109","idkec":"1109090","index":257},"geometry":{"type":"Polygon","coordinates":[[[95.964739,5.229524],[95.96967,5.226438],[95.972954,5.225953],[95.978399,5.226684],[95.981867,5.224444],[95.984788,5.223789],[95.985381,5.224622],[96.000135,5.220387],[95.998241,5.213703],[95.999188,5.209549],[96.005551,5.208269],[96.004491,5.198986],[95.995459,5.19985],[95.989076,5.202272],[95.983994,5.206518],[95.977094,5.20281],[95.972171,5.202031],[95.952787,5.19446],[95.947899,5.196688],[95.941295,5.186395],[95.932842,5.187579],[95.933025,5.184959],[95.956582,5.181695],[95.980908,5.180989],[95.979227,5.149875],[95.979671,5.12554],[95.941568,5.122594],[95.93633,5.130542],[95.918676,5.150805],[95.913873,5.157906],[95.912523,5.163185],[95.915938,5.185378],[95.919168,5.192468],[95.922854,5.191753],[95.925102,5.197365],[95.926067,5.203171],[95.940157,5.215302],[95.952335,5.222603],[95.954097,5.22865],[95.956428,5.227941],[95.964739,5.229524]]]}},{"type":"Feature","properties":{"nmkec":"Tangse","nmkab":"Pidie","nmprov":"Aceh","kdkec":"100","kdkab":"09","kodekab":"1109","idkec":"1109100","index":258},"geometry":{"type":"Polygon","coordinates":[[[95.865919,5.193967],[95.880039,5.18527],[95.895272,5.172194],[95.912368,5.163433],[95.913873,5.157906],[95.915737,5.154893],[95.93633,5.130542],[95.942546,5.120797],[95.967814,5.104045],[95.97086,5.099706],[95.973588,5.092669],[95.981003,5.084357],[95.986915,5.079386],[95.999927,5.071057],[96.004405,5.058197],[96.018582,5.046919],[96.020021,5.046249],[96.022519,5.046902],[96.020184,5.027782],[96.01705,5.024992],[96.01826,5.012023],[96.01179,5.010432],[95.993568,5.013526],[95.972991,4.996887],[95.962532,4.990805],[95.954133,4.982776],[95.973593,4.963896],[95.977934,4.957852],[95.987996,4.948198],[95.997344,4.943224],[96.001172,4.944876],[96.000008,4.936686],[95.996116,4.933275],[95.989304,4.924548],[95.983932,4.931129],[95.961889,4.951439],[95.934847,4.979242],[95.915623,4.994925],[95.898282,5.00545],[95.896355,5.013058],[95.889267,5.023822],[95.881042,5.034103],[95.878207,5.045679],[95.87019,5.061519],[95.871226,5.118726],[95.875575,5.126095],[95.870624,5.12713],[95.869345,5.128239],[95.865879,5.139244],[95.869761,5.140882],[95.866001,5.150635],[95.863078,5.151701],[95.862075,5.1534],[95.861599,5.15578],[95.862789,5.157718],[95.854305,5.173991],[95.84777,5.191238],[95.856814,5.194304],[95.861496,5.198353],[95.865919,5.193967]]]}},{"type":"Feature","properties":{"nmkec":"Pidie","nmkab":"Pidie","nmprov":"Aceh","kdkec":"111","kdkab":"09","kodekab":"1109","idkec":"1109111","index":259},"geometry":{"type":"Polygon","coordinates":[[[95.866997,5.249252],[95.87162,5.248795],[95.872445,5.24675],[95.87899,5.24844],[95.882901,5.244926],[95.876841,5.243806],[95.858033,5.245258],[95.859046,5.224581],[95.859813,5.223259],[95.858473,5.219704],[95.856785,5.220765],[95.856097,5.222552],[95.846942,5.211254],[95.848001,5.20954],[95.853809,5.20531],[95.86177,5.204167],[95.865999,5.209873],[95.867887,5.214757],[95.876405,5.212613],[95.87811,5.213366],[95.886292,5.211923],[95.885023,5.209175],[95.888636,5.209405],[95.887408,5.206353],[95.892638,5.204224],[95.883898,5.181996],[95.880039,5.18527],[95.86753,5.192676],[95.861496,5.198353],[95.856814,5.194304],[95.850147,5.191488],[95.845237,5.191836],[95.837746,5.20597],[95.825704,5.219519],[95.821152,5.228883],[95.81979,5.235596],[95.817548,5.240436],[95.835382,5.244108],[95.846289,5.25416],[95.856794,5.25674],[95.858199,5.252675],[95.866997,5.249252]]]}},{"type":"Feature","properties":{"nmkec":"Titeue","nmkab":"Pidie","nmprov":"Aceh","kdkec":"112","kdkab":"09","kodekab":"1109","idkec":"1109112","index":260},"geometry":{"type":"Polygon","coordinates":[[[95.921637,5.245054],[95.932954,5.245652],[95.934597,5.24474],[95.935884,5.240923],[95.927931,5.228643],[95.925381,5.22971],[95.922051,5.224177],[95.923864,5.222677],[95.917694,5.218387],[95.914667,5.221083],[95.903972,5.20783],[95.897177,5.204613],[95.894903,5.204273],[95.891671,5.205856],[95.889383,5.211202],[95.893211,5.21137],[95.897099,5.216941],[95.898052,5.220566],[95.907771,5.227959],[95.901762,5.232082],[95.906862,5.23365],[95.90593,5.239648],[95.900975,5.239324],[95.904509,5.243068],[95.905675,5.24169],[95.910662,5.239766],[95.916466,5.241304],[95.921637,5.245054]]]}},{"type":"Feature","properties":{"nmkec":"Mila","nmkab":"Pidie","nmprov":"Aceh","kdkec":"130","kdkab":"09","kodekab":"1109","idkec":"1109130","index":261},"geometry":{"type":"Polygon","coordinates":[[[95.917241,5.319688],[95.918106,5.316915],[95.926385,5.314254],[95.926901,5.31631],[95.930608,5.319457],[95.934144,5.318286],[95.931045,5.31298],[95.927527,5.310438],[95.922517,5.300494],[95.917985,5.295522],[95.91782,5.293339],[95.922179,5.289442],[95.920088,5.286154],[95.913362,5.285047],[95.904863,5.285325],[95.902485,5.277798],[95.899606,5.275294],[95.898579,5.271139],[95.892904,5.269478],[95.886477,5.27523],[95.88826,5.281429],[95.880466,5.285411],[95.881512,5.287812],[95.888038,5.290859],[95.894675,5.288071],[95.894173,5.291967],[95.896044,5.295991],[95.893286,5.298591],[95.897643,5.307635],[95.886611,5.30653],[95.885625,5.307704],[95.889741,5.30808],[95.891497,5.31068],[95.890957,5.313736],[95.896349,5.315714],[95.898828,5.313985],[95.904917,5.313159],[95.90867,5.31559],[95.909716,5.317915],[95.911757,5.318792],[95.915778,5.318031],[95.917241,5.319688]]]}},{"type":"Feature","properties":{"nmkec":"Delima","nmkab":"Pidie","nmprov":"Aceh","kdkec":"150","kdkab":"09","kodekab":"1109","idkec":"1109150","index":262},"geometry":{"type":"Polygon","coordinates":[[[95.899964,5.357235],[95.905588,5.361321],[95.910874,5.362352],[95.913701,5.365095],[95.915297,5.368322],[95.919495,5.36644],[95.921062,5.363104],[95.919579,5.360144],[95.91867,5.354809],[95.925075,5.347824],[95.925372,5.341923],[95.920824,5.329301],[95.921095,5.325349],[95.919566,5.32097],[95.915778,5.318031],[95.911757,5.318792],[95.909716,5.317915],[95.90867,5.31559],[95.904917,5.313159],[95.898828,5.313985],[95.896349,5.315714],[95.890957,5.313736],[95.890125,5.3176],[95.89085,5.321453],[95.888113,5.330535],[95.889243,5.338813],[95.888471,5.340177],[95.885201,5.341045],[95.881721,5.338887],[95.878743,5.338929],[95.877037,5.343443],[95.877144,5.346884],[95.878326,5.351579],[95.884062,5.358067],[95.883421,5.363915],[95.883903,5.36887],[95.884745,5.369494],[95.885851,5.369928],[95.886264,5.367892],[95.893498,5.366752],[95.899759,5.359179],[95.899964,5.357235]]]}},{"type":"Feature","properties":{"nmkec":"Grong Grong","nmkab":"Pidie","nmprov":"Aceh","kdkec":"151","kdkab":"09","kodekab":"1109","idkec":"1109151","index":263},"geometry":{"type":"Polygon","coordinates":[[[95.911782,5.38358],[95.91677,5.377408],[95.918256,5.367044],[95.915297,5.368322],[95.913701,5.365095],[95.910874,5.362352],[95.905588,5.361321],[95.899964,5.357235],[95.899759,5.359179],[95.893498,5.366752],[95.886264,5.367892],[95.886539,5.380759],[95.897872,5.381146],[95.897256,5.384183],[95.900813,5.388537],[95.911782,5.38358]]]}},{"type":"Feature","properties":{"nmkec":"Indrajaya","nmkab":"Pidie","nmprov":"Aceh","kdkec":"160","kdkab":"09","kodekab":"1109","idkec":"1109160","index":264},"geometry":{"type":"Polygon","coordinates":[[[95.949558,5.344767],[95.94773,5.339108],[95.949636,5.332911],[95.945323,5.318471],[95.94791,5.317864],[95.958434,5.322875],[95.964959,5.315039],[95.96313,5.308886],[95.961507,5.307326],[95.958855,5.307333],[95.956587,5.308004],[95.957362,5.309537],[95.95226,5.310911],[95.946698,5.30252],[95.946529,5.297435],[95.93957,5.281332],[95.935053,5.281896],[95.930802,5.2791],[95.927162,5.272952],[95.925335,5.271485],[95.922318,5.273764],[95.918766,5.279057],[95.921336,5.281653],[95.920088,5.286154],[95.922179,5.289442],[95.91782,5.293339],[95.917985,5.295522],[95.922517,5.300494],[95.927527,5.310438],[95.931045,5.31298],[95.934144,5.318286],[95.930608,5.319457],[95.926901,5.31631],[95.926385,5.314254],[95.918106,5.316915],[95.917342,5.317983],[95.917241,5.319688],[95.920242,5.321813],[95.920824,5.329301],[95.925372,5.341923],[95.925075,5.347824],[95.937411,5.350042],[95.943957,5.347346],[95.947874,5.350159],[95.949558,5.344767]]]}},{"type":"Feature","properties":{"nmkec":"Simpang Tiga","nmkab":"Pidie","nmprov":"Aceh","kdkec":"190","kdkab":"09","kodekab":"1109","idkec":"1109190","index":265},"geometry":{"type":"Polygon","coordinates":[[[95.977412,5.3756],[96.026848,5.340912],[96.025163,5.340259],[96.02329,5.333361],[96.019906,5.330938],[96.011553,5.328661],[96.005264,5.320729],[96.002177,5.322173],[96.000238,5.325179],[95.990805,5.323089],[95.987802,5.319328],[95.990483,5.313216],[95.993823,5.313387],[95.993277,5.311926],[95.98626,5.305096],[95.979117,5.303187],[95.975012,5.305038],[95.975225,5.305825],[95.981474,5.312682],[95.983714,5.317054],[95.98288,5.320145],[95.975174,5.324922],[95.976186,5.346725],[95.971932,5.350109],[95.973138,5.353426],[95.970931,5.363419],[95.968888,5.369165],[95.965684,5.370983],[95.967835,5.373952],[95.972471,5.371102],[95.974729,5.373225],[95.97533,5.375867],[95.977412,5.3756]]]}},{"type":"Feature","properties":{"nmkec":"Pidie","nmkab":"Pidie","nmprov":"Aceh","kdkec":"210","kdkab":"09","kodekab":"1109","idkec":"1109210","index":266},"geometry":{"type":"Polygon","coordinates":[[[95.903748,5.406653],[95.906618,5.401683],[95.906759,5.395846],[95.91268,5.393453],[95.913575,5.397307],[95.91794,5.398076],[95.923999,5.39735],[95.927072,5.398734],[95.926471,5.40261],[95.934626,5.405027],[95.9491,5.396079],[95.952714,5.391447],[95.949891,5.380186],[95.946381,5.380371],[95.945141,5.382007],[95.940993,5.383422],[95.939316,5.38315],[95.93863,5.381108],[95.940232,5.378882],[95.949415,5.378277],[95.954792,5.373638],[95.961326,5.374799],[95.963605,5.374195],[95.964775,5.371732],[95.968888,5.369165],[95.973138,5.353426],[95.97132,5.348357],[95.966265,5.351357],[95.961027,5.351079],[95.95884,5.347094],[95.951556,5.346802],[95.948254,5.347953],[95.947874,5.350159],[95.943957,5.347346],[95.937411,5.350042],[95.925075,5.347824],[95.91867,5.354809],[95.919579,5.360144],[95.921062,5.363104],[95.919495,5.36644],[95.918256,5.367044],[95.917748,5.373752],[95.915729,5.379616],[95.911094,5.384244],[95.900813,5.388537],[95.903949,5.397828],[95.900505,5.397291],[95.898254,5.398102],[95.903748,5.406653]],[[95.960946,5.36138],[95.960975,5.357489],[95.962164,5.356748],[95.963657,5.359751],[95.960946,5.36138]]]}},{"type":"Feature","properties":{"nmkec":"Batee","nmkab":"Pidie","nmprov":"Aceh","kdkec":"220","kdkab":"09","kodekab":"1109","idkec":"1109220","index":267},"geometry":{"type":"Polygon","coordinates":[[[95.890941,5.461187],[95.902068,5.443572],[95.911931,5.431599],[95.910757,5.432726],[95.904092,5.430905],[95.906263,5.430281],[95.909828,5.431456],[95.912414,5.430279],[95.933108,5.409671],[95.934656,5.405091],[95.926471,5.40261],[95.927072,5.398734],[95.923999,5.39735],[95.91794,5.398076],[95.913575,5.397307],[95.91268,5.393453],[95.906759,5.395846],[95.906618,5.401683],[95.903748,5.406653],[95.898254,5.398102],[95.900505,5.397291],[95.903949,5.397828],[95.901303,5.389428],[95.897256,5.384183],[95.896382,5.385475],[95.892099,5.386644],[95.890994,5.388021],[95.891024,5.39044],[95.89568,5.392664],[95.895068,5.399783],[95.892841,5.403528],[95.888177,5.398598],[95.885541,5.398165],[95.886794,5.403291],[95.884002,5.404209],[95.88531,5.411526],[95.878591,5.420024],[95.876407,5.429707],[95.878516,5.431569],[95.877429,5.4437],[95.88146,5.449974],[95.890941,5.461187]]]}},{"type":"Feature","properties":{"nmkec":"Pidie","nmkab":"Pidie","nmprov":"Aceh","kdkec":"220","kdkab":"09","kodekab":"1109","idkec":"1109220","index":268},"geometry":{"type":"MultiPolygon","coordinates":[[[[95.880387,5.462978],[95.890941,5.461187],[95.879348,5.447426],[95.877429,5.4437],[95.878516,5.431569],[95.876407,5.429707],[95.878591,5.420024],[95.88531,5.411526],[95.884002,5.404209],[95.880768,5.40582],[95.873513,5.405379],[95.860279,5.419968],[95.853036,5.423731],[95.853609,5.427853],[95.857194,5.42943],[95.858306,5.431151],[95.857158,5.432083],[95.853178,5.432441],[95.854002,5.438785],[95.853427,5.441581],[95.848928,5.447106],[95.855862,5.461115],[95.858945,5.464233],[95.866833,5.469],[95.870992,5.469538],[95.880387,5.462978]]],[[[95.895068,5.399783],[95.89568,5.392664],[95.891024,5.39044],[95.890994,5.388021],[95.892099,5.386644],[95.896382,5.385475],[95.897872,5.381146],[95.886539,5.380759],[95.88747,5.382127],[95.885482,5.384997],[95.884702,5.392261],[95.885544,5.398183],[95.888177,5.398598],[95.892841,5.403528],[95.895068,5.399783]]]]}},{"type":"Feature","properties":{"nmkec":"Muara Tiga","nmkab":"Pidie","nmprov":"Aceh","kdkec":"230","kdkab":"09","kodekab":"1109","idkec":"1109230","index":269},"geometry":{"type":"Polygon","coordinates":[[[95.792381,5.545857],[95.818018,5.535755],[95.828681,5.535111],[95.840163,5.526974],[95.852357,5.520313],[95.862254,5.51633],[95.869046,5.514746],[95.875255,5.511609],[95.874764,5.505035],[95.871342,5.501228],[95.854345,5.498217],[95.854265,5.502422],[95.843705,5.503946],[95.842776,5.499433],[95.844742,5.483516],[95.844633,5.476439],[95.843971,5.471577],[95.837923,5.458329],[95.839435,5.451646],[95.838394,5.449956],[95.834613,5.450498],[95.831574,5.447927],[95.829014,5.442052],[95.827039,5.441703],[95.819052,5.444071],[95.813657,5.448084],[95.813223,5.450468],[95.807467,5.453552],[95.803185,5.45415],[95.807712,5.473775],[95.816083,5.473307],[95.828563,5.46849],[95.835184,5.483952],[95.835721,5.490483],[95.83221,5.497234],[95.835828,5.502066],[95.83097,5.507983],[95.825896,5.519411],[95.827324,5.521377],[95.819489,5.52845],[95.81364,5.52993],[95.812856,5.532529],[95.80327,5.532688],[95.802946,5.52734],[95.800023,5.523474],[95.788566,5.524271],[95.783251,5.527281],[95.777156,5.526799],[95.777184,5.534286],[95.778713,5.540074],[95.782539,5.542913],[95.792381,5.545857]]]}},{"type":"Feature","properties":{"nmkec":"Samalanga","nmkab":"Bireuen","nmprov":"Aceh","kdkec":"010","kdkab":"10","kodekab":"1110","idkec":"1110010","index":270},"geometry":{"type":"Polygon","coordinates":[[[96.342252,5.226787],[96.360493,5.219458],[96.381332,5.213189],[96.378778,5.203044],[96.372653,5.196896],[96.370228,5.196627],[96.36842,5.193583],[96.372337,5.19283],[96.37445,5.189991],[96.380027,5.186356],[96.379162,5.183117],[96.36413,5.163063],[96.371144,5.147456],[96.375873,5.144463],[96.376902,5.145171],[96.379895,5.144854],[96.379794,5.119428],[96.390068,5.07728],[96.389993,5.062811],[96.384625,5.0396],[96.383175,5.012861],[96.371459,4.944518],[96.368578,4.936871],[96.364299,4.941352],[96.358503,4.943801],[96.350519,4.944934],[96.340317,4.944042],[96.336939,4.945719],[96.332705,4.949326],[96.326518,4.958231],[96.325441,4.962422],[96.336993,4.974418],[96.340637,4.979744],[96.340446,4.982405],[96.347601,4.991514],[96.348611,4.998366],[96.346533,5.0152],[96.358185,5.025948],[96.362436,5.032574],[96.36446,5.034218],[96.366243,5.045863],[96.363447,5.05001],[96.358883,5.061891],[96.352959,5.065832],[96.35044,5.068989],[96.351287,5.070799],[96.350615,5.075014],[96.348372,5.078425],[96.348385,5.080938],[96.352301,5.082376],[96.354986,5.093016],[96.35446,5.096171],[96.349675,5.100975],[96.347532,5.112175],[96.347803,5.126861],[96.341601,5.133927],[96.342422,5.143159],[96.337717,5.154982],[96.335358,5.164527],[96.335965,5.169405],[96.334278,5.175979],[96.336036,5.186313],[96.33521,5.191395],[96.337409,5.19798],[96.343085,5.209004],[96.341172,5.211552],[96.339684,5.219458],[96.342252,5.226787]]]}},{"type":"Feature","properties":{"nmkec":"Jeunieb","nmkab":"Bireuen","nmprov":"Aceh","kdkec":"030","kdkab":"10","kodekab":"1110","idkec":"1110030","index":271},"geometry":{"type":"MultiPolygon","coordinates":[[[[96.48794,5.207765],[96.508219,5.200085],[96.520097,5.198657],[96.524021,5.199349],[96.521946,5.196118],[96.522936,5.19247],[96.518429,5.188834],[96.514241,5.190335],[96.513691,5.18834],[96.515866,5.180629],[96.518654,5.179124],[96.524056,5.163891],[96.527808,5.159226],[96.526419,5.156255],[96.523177,5.153399],[96.522377,5.1474],[96.521095,5.146549],[96.518018,5.137929],[96.515434,5.135317],[96.513557,5.135754],[96.512149,5.134187],[96.511502,5.131037],[96.512127,5.130302],[96.513121,5.131702],[96.513963,5.130975],[96.514789,5.125238],[96.511796,5.122517],[96.51472,5.121196],[96.517708,5.121614],[96.518147,5.120809],[96.516174,5.11345],[96.510258,5.105421],[96.505349,5.102255],[96.5038,5.099114],[96.505758,5.098061],[96.508702,5.098597],[96.509874,5.09525],[96.507955,5.092393],[96.507334,5.08468],[96.505452,5.081592],[96.500846,5.081263],[96.500998,5.07331],[96.496414,5.070212],[96.493797,5.065976],[96.486983,5.047286],[96.483164,5.033822],[96.48242,5.008223],[96.465762,4.961372],[96.45023,4.924527],[96.443059,4.93102],[96.434003,4.936623],[96.425538,4.939984],[96.425683,4.947309],[96.435004,4.974445],[96.457332,5.063331],[96.464992,5.105819],[96.473908,5.137337],[96.473952,5.145499],[96.466023,5.145397],[96.465443,5.151448],[96.467325,5.157991],[96.466135,5.159549],[96.463186,5.160127],[96.462945,5.161906],[96.471029,5.160735],[96.477971,5.168304],[96.480477,5.167752],[96.482534,5.1748],[96.481012,5.175854],[96.480667,5.177494],[96.480689,5.185082],[96.483352,5.190014],[96.485187,5.197249],[96.489329,5.202529],[96.489496,5.203467],[96.486761,5.205307],[96.48794,5.207765]]],[[[96.524128,5.199435],[96.524126,5.199432],[96.524125,5.199433],[96.524128,5.199435]]]]}},{"type":"Feature","properties":{"nmkec":"Juli","nmkab":"Bireuen","nmprov":"Aceh","kdkec":"050","kdkab":"10","kodekab":"1110","idkec":"1110050","index":272},"geometry":{"type":"Polygon","coordinates":[[[96.710383,5.191961],[96.714478,5.187195],[96.724363,5.182084],[96.725994,5.178481],[96.726695,5.17132],[96.728209,5.16731],[96.728728,5.157239],[96.738362,5.158576],[96.740956,5.152646],[96.739487,5.146515],[96.743728,5.146159],[96.742781,5.138085],[96.735171,5.134351],[96.73482,5.13047],[96.738385,5.130167],[96.73884,5.12912],[96.737046,5.121824],[96.734326,5.120105],[96.728581,5.119598],[96.727299,5.118221],[96.729293,5.097138],[96.730885,5.095931],[96.732304,5.09725],[96.735181,5.097771],[96.742767,5.095018],[96.739703,5.081449],[96.737601,5.044087],[96.737135,5.026567],[96.73979,5.015581],[96.731829,4.969712],[96.714963,4.972602],[96.694016,4.973407],[96.693294,4.969668],[96.689796,4.969504],[96.689892,4.973676],[96.685803,4.973784],[96.686086,4.98074],[96.669065,4.983553],[96.663872,4.983031],[96.660174,4.971333],[96.656472,4.954007],[96.645026,4.954176],[96.643581,4.9553],[96.625718,4.953427],[96.61948,4.954193],[96.610808,4.952995],[96.610386,4.951105],[96.608651,4.953705],[96.606944,4.960225],[96.599309,4.966517],[96.595749,4.973027],[96.595561,4.982643],[96.598478,4.990079],[96.598049,4.999216],[96.603352,5.004716],[96.603625,5.010724],[96.594325,5.019669],[96.594336,5.021592],[96.600147,5.032137],[96.601151,5.035711],[96.65305,5.033632],[96.658278,5.040022],[96.657001,5.04595],[96.659379,5.050936],[96.662817,5.055133],[96.662082,5.058769],[96.655401,5.0643],[96.654298,5.069187],[96.658995,5.07598],[96.658703,5.079303],[96.660524,5.084452],[96.666913,5.088066],[96.667834,5.090318],[96.666071,5.091843],[96.660989,5.091678],[96.655498,5.100735],[96.65596,5.106887],[96.654762,5.109586],[96.649451,5.112073],[96.653746,5.120975],[96.653229,5.129208],[96.661595,5.132475],[96.666742,5.138551],[96.668556,5.147673],[96.667784,5.149928],[96.681423,5.150227],[96.682375,5.151318],[96.683826,5.157279],[96.684309,5.167328],[96.690047,5.165914],[96.693203,5.169149],[96.693027,5.178589],[96.698169,5.185811],[96.702411,5.194812],[96.710383,5.191961]]]}},{"type":"Feature","properties":{"nmkec":"Sampoiniet","nmkab":"Aceh Jaya","nmprov":"Aceh","kdkec":"050","kdkab":"16","kodekab":"1116","idkec":"1116050","index":273},"geometry":{"type":"MultiPolygon","coordinates":[[[[95.677101,5.060576],[95.660613,5.003153],[95.632226,4.954051],[95.581206,4.906484],[95.555487,4.888499],[95.540805,4.880122],[95.532937,4.871835],[95.517464,4.86124],[95.499014,4.857896],[95.492001,4.854499],[95.48641,4.853163],[95.479591,4.853006],[95.473979,4.848967],[95.469743,4.847931],[95.466439,4.8494],[95.459647,4.85016],[95.458062,4.848604],[95.467537,4.838733],[95.46934,4.839376],[95.472613,4.836033],[95.469511,4.833821],[95.470114,4.823189],[95.471902,4.813858],[95.4611,4.805115],[95.451561,4.801132],[95.444828,4.808403],[95.44135,4.80923],[95.436838,4.807402],[95.428449,4.809059],[95.426815,4.810085],[95.426293,4.814498],[95.423568,4.817657],[95.420093,4.819301],[95.413136,4.820546],[95.412533,4.823614],[95.413154,4.825452],[95.417245,4.824215],[95.424832,4.827057],[95.426487,4.83155],[95.4263,4.836253],[95.422823,4.845625],[95.420352,4.849106],[95.403895,4.866564],[95.397572,4.870708],[95.395739,4.877365],[95.397403,4.878099],[95.399509,4.882311],[95.401747,4.892738],[95.400777,4.895765],[95.395645,4.902385],[95.392006,4.904481],[95.388516,4.91748],[95.384409,4.920376],[95.380027,4.920059],[95.378316,4.920805],[95.376774,4.93538],[95.367753,4.945355],[95.366972,4.946656],[95.367319,4.949258],[95.388014,4.942077],[95.410722,4.958332],[95.423585,4.963022],[95.425209,4.964846],[95.431505,4.965124],[95.434348,4.969515],[95.444288,4.980588],[95.461652,5.006084],[95.468557,5.021045],[95.481496,5.04192],[95.500396,5.035238],[95.515357,5.037732],[95.52629,5.040801],[95.54432,5.054035],[95.565802,5.052501],[95.581722,5.049815],[95.589585,5.051158],[95.608958,5.050966],[95.63766,5.076311],[95.642491,5.070857],[95.649085,5.067192],[95.658875,5.064058],[95.677101,5.060576]]],[[[95.370762,4.877785],[95.371549,4.876578],[95.374276,4.875582],[95.388805,4.876264],[95.389802,4.872277],[95.387389,4.866508],[95.381829,4.860161],[95.374329,4.861263],[95.371129,4.863098],[95.36515,4.874323],[95.365779,4.875634],[95.370762,4.877785]]]]}},{"type":"Feature","properties":{"nmkec":"Kuala","nmkab":"Bireuen","nmprov":"Aceh","kdkec":"062","kdkab":"10","kodekab":"1110","idkec":"1110062","index":274},"geometry":{"type":"Polygon","coordinates":[[[96.732782,5.247491],[96.739231,5.244823],[96.745877,5.236298],[96.744157,5.232712],[96.746677,5.228154],[96.748621,5.226788],[96.747114,5.222198],[96.746224,5.222477],[96.746793,5.224348],[96.737899,5.2267],[96.734659,5.22651],[96.737603,5.225619],[96.737002,5.22294],[96.7335,5.222373],[96.730136,5.220092],[96.729549,5.217547],[96.724165,5.213972],[96.720883,5.215402],[96.710515,5.217184],[96.697265,5.214562],[96.695209,5.21196],[96.69298,5.211789],[96.692413,5.215834],[96.68618,5.217008],[96.686969,5.223254],[96.690154,5.224841],[96.69102,5.232888],[96.726373,5.247563],[96.732394,5.251467],[96.733417,5.25107],[96.732782,5.247491]]]}},{"type":"Feature","properties":{"nmkec":"Jaya","nmkab":"Aceh Jaya","nmprov":"Aceh","kdkec":"060","kdkab":"16","kodekab":"1116","idkec":"1116060","index":275},"geometry":{"type":"MultiPolygon","coordinates":[[[[95.365384,5.254253],[95.369577,5.253848],[95.374916,5.250299],[95.377236,5.246931],[95.378107,5.241715],[95.381804,5.237234],[95.386842,5.233938],[95.386979,5.230871],[95.392312,5.226918],[95.391244,5.219626],[95.395244,5.216781],[95.398221,5.218259],[95.39985,5.216912],[95.401596,5.214718],[95.401904,5.210367],[95.410997,5.216013],[95.417544,5.22161],[95.422405,5.221886],[95.427035,5.220831],[95.43612,5.22392],[95.439073,5.219144],[95.450806,5.2188],[95.461288,5.213702],[95.466941,5.211738],[95.471891,5.21165],[95.473201,5.210225],[95.475258,5.209922],[95.486101,5.211514],[95.492958,5.21789],[95.499679,5.220246],[95.505611,5.217988],[95.515992,5.216012],[95.537467,5.2156],[95.543827,5.209169],[95.54821,5.206147],[95.563252,5.207226],[95.574424,5.209328],[95.581868,5.20923],[95.590034,5.204911],[95.593868,5.196254],[95.597109,5.192461],[95.60049,5.191358],[95.609325,5.191193],[95.616432,5.188259],[95.619602,5.182121],[95.623096,5.169236],[95.626219,5.164508],[95.624254,5.159719],[95.595867,5.13325],[95.585126,5.136703],[95.558273,5.13325],[95.542545,5.111768],[95.520296,5.101027],[95.477044,5.082806],[95.466879,5.082422],[95.457384,5.078874],[95.448274,5.072544],[95.414228,5.063338],[95.409433,5.060077],[95.384019,5.057104],[95.374141,5.056912],[95.361134,5.058555],[95.35737,5.060197],[95.352383,5.075122],[95.337494,5.079485],[95.331644,5.077388],[95.334258,5.073467],[95.329629,5.060988],[95.328026,5.062194],[95.325597,5.067507],[95.324003,5.069058],[95.322257,5.068776],[95.317953,5.078209],[95.316327,5.079044],[95.313811,5.07796],[95.310287,5.078762],[95.306622,5.081635],[95.31213,5.081592],[95.316825,5.080215],[95.319525,5.084508],[95.320618,5.090797],[95.319476,5.093434],[95.317661,5.092897],[95.314804,5.094351],[95.311988,5.097987],[95.311683,5.102829],[95.308404,5.106571],[95.306118,5.107393],[95.303892,5.109668],[95.303069,5.112245],[95.303875,5.113435],[95.306341,5.113805],[95.308509,5.116147],[95.310851,5.124387],[95.310711,5.129143],[95.30972,5.131448],[95.305123,5.134565],[95.303438,5.137238],[95.303404,5.139488],[95.305251,5.141961],[95.306343,5.146035],[95.308363,5.161005],[95.306785,5.167332],[95.307274,5.166331],[95.308427,5.16642],[95.319516,5.172694],[95.322365,5.177674],[95.323938,5.178725],[95.332747,5.181065],[95.332812,5.182901],[95.328785,5.18634],[95.329455,5.189115],[95.334138,5.19259],[95.330854,5.198624],[95.33161,5.207663],[95.328638,5.212737],[95.327057,5.217688],[95.322123,5.224075],[95.325471,5.231239],[95.33124,5.233958],[95.337637,5.233907],[95.343316,5.236916],[95.349951,5.245216],[95.365384,5.254253]]],[[[95.296862,5.116514],[95.29361,5.111794],[95.287946,5.108856],[95.283382,5.10807],[95.28291,5.110063],[95.284431,5.110954],[95.285533,5.113577],[95.282805,5.1162],[95.28632,5.119714],[95.289257,5.12092],[95.292089,5.120605],[95.296443,5.118455],[95.296862,5.116514]]],[[[95.293663,5.127005],[95.292876,5.126113],[95.2891,5.126323],[95.287054,5.12863],[95.288418,5.130152],[95.289834,5.129994],[95.293663,5.127005]]]]}},{"type":"Feature","properties":{"nmkec":"Indra Jaya","nmkab":"Aceh Jaya","nmprov":"Aceh","kdkec":"061","kdkab":"16","kodekab":"1116","idkec":"1116061","index":276},"geometry":{"type":"Polygon","coordinates":[[[95.636545,5.13346],[95.634545,5.129215],[95.629684,5.110082],[95.629527,5.098793],[95.631313,5.088719],[95.634445,5.080719],[95.63766,5.076311],[95.608958,5.050966],[95.589585,5.051158],[95.581722,5.049815],[95.565802,5.052501],[95.54432,5.054035],[95.52629,5.040801],[95.515357,5.037732],[95.500396,5.035238],[95.481496,5.04192],[95.468557,5.021045],[95.461652,5.006084],[95.444288,4.980588],[95.434348,4.969515],[95.431505,4.965124],[95.425209,4.964846],[95.423585,4.963022],[95.410722,4.958332],[95.388014,4.942077],[95.369975,4.948967],[95.374779,4.948738],[95.377988,4.958713],[95.380743,4.961695],[95.381594,4.96885],[95.380174,4.971921],[95.3767,4.973361],[95.374049,4.975821],[95.374696,4.982978],[95.370932,4.987997],[95.368349,4.997312],[95.364536,5.000227],[95.362157,4.997572],[95.35931,4.997563],[95.357976,4.99843],[95.356196,5.00292],[95.356042,5.009905],[95.357949,5.012649],[95.36206,5.011347],[95.367205,5.01364],[95.368539,5.022164],[95.367562,5.029509],[95.364294,5.036611],[95.362371,5.038822],[95.354547,5.04113],[95.34961,5.04715],[95.344617,5.049617],[95.339162,5.05018],[95.335486,5.049088],[95.332954,5.050636],[95.332498,5.055808],[95.329629,5.060988],[95.334258,5.073467],[95.331644,5.077388],[95.337494,5.079485],[95.352383,5.075122],[95.35737,5.060197],[95.361134,5.058555],[95.374141,5.056912],[95.384019,5.057104],[95.409433,5.060077],[95.414228,5.063338],[95.448274,5.072544],[95.457384,5.078874],[95.466879,5.082422],[95.477044,5.082806],[95.520296,5.101027],[95.542545,5.111768],[95.558273,5.13325],[95.585126,5.136703],[95.595867,5.13325],[95.624254,5.159719],[95.626219,5.164508],[95.628747,5.160447],[95.639536,5.148408],[95.644147,5.140965],[95.643711,5.139068],[95.636545,5.13346]]]}},{"type":"Feature","properties":{"nmkec":"Peusangan","nmkab":"Bireuen","nmprov":"Aceh","kdkec":"080","kdkab":"10","kodekab":"1110","idkec":"1110080","index":277},"geometry":{"type":"Polygon","coordinates":[[[96.745025,5.246818],[96.753994,5.24246],[96.754306,5.240246],[96.759232,5.23581],[96.767284,5.231675],[96.769092,5.227212],[96.768118,5.223566],[96.772186,5.220541],[96.783815,5.215454],[96.78533,5.221549],[96.783347,5.222217],[96.782714,5.22685],[96.783571,5.227696],[96.79148,5.227169],[96.792832,5.223994],[96.792236,5.222264],[96.792908,5.220674],[96.795978,5.220222],[96.797771,5.222103],[96.80587,5.225116],[96.810593,5.232743],[96.806884,5.232484],[96.809545,5.243606],[96.820711,5.241701],[96.8181,5.230324],[96.809171,5.215391],[96.811431,5.212694],[96.809864,5.203367],[96.814589,5.203496],[96.818173,5.204895],[96.818099,5.205625],[96.819714,5.205284],[96.822216,5.201834],[96.822418,5.200919],[96.818877,5.197073],[96.819304,5.190173],[96.818253,5.187215],[96.812789,5.181085],[96.810756,5.181376],[96.808464,5.183847],[96.8067,5.184364],[96.801431,5.181745],[96.795383,5.181512],[96.788445,5.179521],[96.780264,5.179955],[96.777879,5.178624],[96.779132,5.172859],[96.773703,5.165879],[96.754801,5.165579],[96.753907,5.160086],[96.755404,5.155939],[96.755411,5.151554],[96.752328,5.145149],[96.746752,5.147137],[96.739487,5.146515],[96.740956,5.152646],[96.738362,5.158576],[96.732755,5.157768],[96.735025,5.160834],[96.73703,5.178037],[96.735783,5.184484],[96.733597,5.189707],[96.733896,5.195654],[96.735079,5.196694],[96.738605,5.197046],[96.740428,5.201376],[96.739269,5.201814],[96.727411,5.199316],[96.727209,5.202084],[96.733723,5.202374],[96.733743,5.205792],[96.732315,5.208901],[96.729142,5.209232],[96.72876,5.210026],[96.730136,5.220092],[96.7335,5.222373],[96.737002,5.22294],[96.737603,5.225619],[96.734659,5.22651],[96.737899,5.2267],[96.746793,5.224348],[96.746224,5.222477],[96.747114,5.222198],[96.748621,5.226788],[96.746677,5.228154],[96.744157,5.232712],[96.745877,5.236298],[96.739231,5.244823],[96.740282,5.247223],[96.745025,5.246818]]]}},{"type":"Feature","properties":{"nmkec":"Bireuen","nmkab":"Bireuen","nmprov":"Aceh","kdkec":"101","kdkab":"10","kodekab":"1110","idkec":"1110101","index":278},"geometry":{"type":"Polygon","coordinates":[[[96.85067,5.191692],[96.850696,5.183221],[96.848535,5.180049],[96.842872,5.182558],[96.839005,5.195313],[96.837664,5.195268],[96.837389,5.206011],[96.840534,5.207104],[96.838578,5.203572],[96.840336,5.200691],[96.847133,5.1972],[96.85067,5.191692]]]}},{"type":"Feature","properties":{"nmkec":"Nisam","nmkab":"Aceh Utara","nmprov":"Aceh","kdkec":"020","kdkab":"11","kodekab":"1111","idkec":"1111020","index":279},"geometry":{"type":"Polygon","coordinates":[[[97.0267,5.207636],[97.031062,5.204712],[97.031018,5.20331],[97.026773,5.198627],[97.027043,5.196775],[97.028825,5.196051],[97.044889,5.198512],[97.046404,5.197979],[97.052729,5.192992],[97.060896,5.177262],[97.056848,5.170579],[97.051057,5.169243],[97.054096,5.161936],[97.043802,5.148102],[97.050683,5.147674],[97.044171,5.143574],[97.041081,5.139672],[97.036185,5.12821],[97.029501,5.128729],[97.032003,5.132518],[97.02002,5.136833],[97.01974,5.135213],[97.015298,5.132661],[97.011674,5.132125],[97.007421,5.136032],[97.002644,5.137949],[96.995093,5.138309],[96.988972,5.134927],[96.977882,5.130947],[96.963119,5.13094],[96.960435,5.155805],[96.96757,5.164246],[96.969668,5.170764],[96.964433,5.184165],[96.969424,5.185776],[96.978586,5.18571],[96.98013,5.185463],[96.979022,5.182531],[96.989009,5.181865],[96.999996,5.201539],[97.003465,5.201853],[97.005879,5.203186],[97.008382,5.206199],[97.013001,5.204618],[97.021985,5.206321],[97.026089,5.205775],[97.0267,5.207636]]]}},{"type":"Feature","properties":{"nmkec":"Nisam Antara","nmkab":"Aceh Utara","nmprov":"Aceh","kdkec":"021","kdkab":"11","kodekab":"1111","idkec":"1111021","index":280},"geometry":{"type":"Polygon","coordinates":[[[96.961913,5.143442],[96.963119,5.13094],[96.977882,5.130947],[96.988972,5.134927],[96.995093,5.138309],[97.002644,5.137949],[97.007421,5.136032],[97.011674,5.132125],[97.015298,5.132661],[97.01974,5.135213],[97.02002,5.136833],[97.032003,5.132518],[97.029501,5.128729],[97.036185,5.12821],[97.032382,5.119583],[97.025405,5.11514],[97.011998,5.101632],[97.011434,5.09793],[97.01392,5.091767],[97.014653,5.085418],[97.010101,5.082819],[97.002491,5.083376],[96.99685,5.079571],[96.993403,5.037279],[96.985448,5.031048],[96.979283,5.015404],[97.009744,5.0142],[97.008424,4.998246],[96.968106,5.004781],[96.967549,4.991226],[97.015969,4.988932],[97.009858,4.979841],[97.002248,4.976693],[96.996388,4.972507],[96.992244,4.966646],[96.990763,4.965951],[96.98075,4.966347],[96.955543,4.947568],[96.944785,4.944944],[96.93429,4.937859],[96.930879,4.927364],[96.926418,4.927101],[96.90566,4.911475],[96.895865,4.906344],[96.873474,4.897014],[96.849389,4.88309],[96.844103,4.887874],[96.839089,4.894521],[96.872541,4.904011],[96.8898,4.922203],[96.893532,4.936198],[96.900529,4.949725],[96.908459,4.957655],[96.908298,4.960231],[96.925969,4.964295],[96.932471,4.968587],[96.93839,4.993155],[96.931473,5.000334],[96.928919,5.005563],[96.927095,5.011279],[96.927703,5.019792],[96.929771,5.024535],[96.933522,5.028134],[96.935065,5.027523],[96.936488,5.030193],[96.938926,5.040389],[96.946549,5.058165],[96.935117,5.074914],[96.935764,5.086669],[96.937449,5.092827],[96.940438,5.091411],[96.94235,5.092208],[96.944263,5.094599],[96.944823,5.10652],[96.94709,5.111702],[96.950403,5.125342],[96.952957,5.142141],[96.955758,5.141822],[96.961913,5.143442]]]}},{"type":"Feature","properties":{"nmkec":"Banda Baro","nmkab":"Aceh Utara","nmprov":"Aceh","kdkec":"022","kdkab":"11","kodekab":"1111","idkec":"1111022","index":281},"geometry":{"type":"Polygon","coordinates":[[[96.990477,5.231961],[96.990647,5.227794],[96.98906,5.218777],[96.989845,5.216521],[96.994198,5.218982],[97.00004,5.21331],[97.008743,5.207024],[97.008035,5.20541],[97.003465,5.201853],[96.999996,5.201539],[96.989009,5.181865],[96.979022,5.182531],[96.98013,5.185463],[96.978586,5.18571],[96.969424,5.185776],[96.964433,5.184165],[96.969668,5.170764],[96.96757,5.164246],[96.960435,5.155805],[96.961913,5.143442],[96.955758,5.141822],[96.948345,5.142667],[96.946706,5.158013],[96.951295,5.158066],[96.950617,5.170605],[96.948973,5.17266],[96.943467,5.175426],[96.941844,5.181556],[96.941929,5.196411],[96.953088,5.194235],[96.960636,5.19809],[96.964296,5.205753],[96.972334,5.211563],[96.971344,5.212314],[96.97387,5.2174],[96.976626,5.216022],[96.981276,5.21715],[96.984419,5.222724],[96.985674,5.222434],[96.986596,5.229685],[96.980642,5.231557],[96.989855,5.231167],[96.990477,5.231961]],[[96.988763,5.222716],[96.988776,5.222688],[96.988904,5.222747],[96.988763,5.222716]]]}},{"type":"Feature","properties":{"nmkec":"Kuta Makmur","nmkab":"Aceh Utara","nmprov":"Aceh","kdkec":"030","kdkab":"11","kodekab":"1111","idkec":"1111030","index":282},"geometry":{"type":"Polygon","coordinates":[[[97.064754,5.161028],[97.066594,5.163096],[97.066925,5.165174],[97.088062,5.168952],[97.089396,5.168421],[97.088995,5.164798],[97.085667,5.158704],[97.084204,5.15078],[97.084763,5.147041],[97.093932,5.136838],[97.094274,5.132041],[97.097886,5.130708],[97.10143,5.131815],[97.103403,5.13365],[97.108611,5.12886],[97.107908,5.125577],[97.101232,5.114447],[97.101291,5.110042],[97.098407,5.098747],[97.093741,5.090754],[97.096817,5.08688],[97.089267,5.076058],[97.080982,5.0695],[97.066582,5.051281],[97.046408,5.030064],[97.04259,5.029095],[97.035906,5.030947],[97.02881,5.030933],[97.028474,5.0222],[97.018374,5.022555],[97.017863,5.013879],[96.979283,5.015404],[96.985448,5.031048],[96.993403,5.037279],[96.99685,5.079571],[97.002491,5.083376],[97.010101,5.082819],[97.014653,5.085418],[97.01392,5.091767],[97.011434,5.09793],[97.011998,5.101632],[97.025405,5.11514],[97.032382,5.119583],[97.041081,5.139672],[97.044171,5.143574],[97.050683,5.147674],[97.043802,5.148102],[97.054096,5.161936],[97.051057,5.169243],[97.056848,5.170579],[97.060569,5.164903],[97.064754,5.161028]]]}},{"type":"Feature","properties":{"nmkec":"Simpang Keramat","nmkab":"Aceh Utara","nmprov":"Aceh","kdkec":"031","kdkab":"11","kodekab":"1111","idkec":"1111031","index":283},"geometry":{"type":"MultiPolygon","coordinates":[[[[97.105595,5.106346],[97.117071,5.106346],[97.12195,5.105126],[97.124793,5.099454],[97.127517,5.096659],[97.130331,5.090061],[97.131655,5.089629],[97.132,5.091011],[97.135532,5.091691],[97.146014,5.090019],[97.151059,5.086838],[97.152487,5.082344],[97.152706,5.065405],[97.147656,5.054496],[97.130222,5.039972],[97.127271,5.034759],[97.124579,5.033063],[97.118496,5.033363],[97.117433,5.033846],[97.117525,5.039611],[97.111826,5.039597],[97.101413,5.023934],[97.095216,5.010062],[97.060349,5.012365],[97.060322,4.992706],[97.042414,4.992463],[97.041973,4.988495],[96.967549,4.991226],[96.968106,5.004781],[97.008424,4.998246],[97.009744,5.0142],[97.017863,5.013879],[97.018374,5.022555],[97.028474,5.0222],[97.02881,5.030933],[97.035906,5.030947],[97.04259,5.029095],[97.046408,5.030064],[97.066582,5.051281],[97.080982,5.0695],[97.089267,5.076058],[97.09443,5.083075],[97.096817,5.08688],[97.093741,5.090754],[97.098407,5.098747],[97.101291,5.110042],[97.105595,5.106346]]],[[[97.042087,4.964711],[96.986554,4.963801],[96.992244,4.966646],[96.996388,4.972507],[97.002248,4.976693],[97.009858,4.979841],[97.015964,4.988924],[97.041981,4.988494],[97.042087,4.964711]]]]}},{"type":"Feature","properties":{"nmkec":"Geureudong Pase","nmkab":"Aceh Utara","nmprov":"Aceh","kdkec":"041","kdkab":"11","kodekab":"1111","idkec":"1111041","index":284},"geometry":{"type":"Polygon","coordinates":[[[97.17516,5.059481],[97.173016,5.048709],[97.165847,5.029756],[97.160309,5.028585],[97.159195,5.026919],[97.159826,5.02197],[97.159003,5.019908],[97.158299,5.02102],[97.155211,5.020574],[97.151333,5.016076],[97.154321,5.013819],[97.153592,5.009427],[97.155885,5.010602],[97.158071,5.00739],[97.155749,5.006566],[97.154871,5.007151],[97.154489,5.004218],[97.150021,5.002883],[97.148151,5.001261],[97.14608,5.001919],[97.145476,4.998362],[97.141307,4.992227],[97.110556,4.974931],[97.090557,4.96851],[97.091246,4.967584],[97.089465,4.959865],[97.083485,4.952604],[97.076224,4.949187],[97.059565,4.949614],[97.015996,4.932528],[97.009162,4.92783],[97.004891,4.917151],[97.004463,4.908608],[97.000619,4.901347],[96.996775,4.897502],[96.968156,4.882552],[96.944751,4.864831],[96.911469,4.875761],[96.893219,4.875934],[96.890214,4.877347],[96.887448,4.893088],[96.887653,4.898074],[96.886389,4.899917],[96.883965,4.899815],[96.880721,4.896161],[96.878638,4.892508],[96.877204,4.884859],[96.872526,4.88182],[96.871229,4.879908],[96.870769,4.875549],[96.85449,4.880252],[96.849389,4.88309],[96.873474,4.897014],[96.895865,4.906344],[96.90566,4.911475],[96.926418,4.927101],[96.930879,4.927364],[96.93429,4.937859],[96.944785,4.944944],[96.955543,4.947568],[96.98075,4.966347],[96.990763,4.965951],[96.986554,4.963801],[97.042087,4.964711],[97.041981,4.988494],[97.015969,4.988932],[97.041973,4.988495],[97.042414,4.992463],[97.060322,4.992706],[97.060349,5.012365],[97.095216,5.010062],[97.101413,5.023934],[97.111826,5.039597],[97.117525,5.039611],[97.117433,5.033846],[97.124579,5.033063],[97.128169,5.035556],[97.130222,5.039972],[97.147656,5.054496],[97.149304,5.058087],[97.170061,5.064493],[97.173771,5.063266],[97.17516,5.059481]],[[97.144331,5.003034],[97.14376,5.003135],[97.144616,5.002566],[97.144331,5.003034]]]}},{"type":"Feature","properties":{"nmkec":"Setia","nmkab":"Aceh Barat Daya","nmprov":"Aceh","kdkec":"021","kdkab":"12","kodekab":"1112","idkec":"1112021","index":285},"geometry":{"type":"Polygon","coordinates":[[[96.868227,3.71949],[96.878596,3.71797],[96.879291,3.710396],[96.887317,3.704899],[96.885321,3.702086],[96.885826,3.70007],[96.896276,3.689527],[96.883647,3.680695],[96.887508,3.677889],[96.890746,3.673614],[96.882545,3.670532],[96.878345,3.678493],[96.873693,3.684495],[96.865649,3.693104],[96.856625,3.699567],[96.854394,3.703746],[96.865581,3.721925],[96.868227,3.71949]]]}},{"type":"Feature","properties":{"nmkec":"Baktiya Barat","nmkab":"Aceh Utara","nmprov":"Aceh","kdkec":"101","kdkab":"11","kodekab":"1111","idkec":"1111101","index":286},"geometry":{"type":"Polygon","coordinates":[[[97.326649,5.187316],[97.328682,5.184811],[97.330604,5.185167],[97.33617,5.183466],[97.338832,5.179408],[97.34126,5.180063],[97.341607,5.18159],[97.340417,5.183802],[97.344847,5.183398],[97.348494,5.179079],[97.347251,5.177096],[97.347977,5.176077],[97.350864,5.175345],[97.352822,5.176138],[97.353797,5.173427],[97.358497,5.171733],[97.360367,5.172275],[97.366564,5.168422],[97.364728,5.161998],[97.362947,5.16011],[97.366723,5.15639],[97.368595,5.156657],[97.370631,5.155272],[97.366118,5.152575],[97.366342,5.149543],[97.37139,5.144103],[97.371482,5.138507],[97.379685,5.134345],[97.381722,5.130298],[97.383162,5.118496],[97.37487,5.115193],[97.379165,5.108106],[97.385663,5.107266],[97.388109,5.095276],[97.386211,5.085663],[97.383505,5.080329],[97.381215,5.071333],[97.374073,5.06696],[97.372046,5.081107],[97.356584,5.084952],[97.357199,5.089595],[97.348977,5.098335],[97.346103,5.096556],[97.344875,5.093835],[97.33287,5.097358],[97.327419,5.092941],[97.325727,5.084569],[97.317248,5.085622],[97.317021,5.08876],[97.31239,5.102497],[97.311845,5.108094],[97.309934,5.110995],[97.31195,5.110715],[97.314738,5.11314],[97.315405,5.116049],[97.31445,5.121595],[97.31258,5.123251],[97.310579,5.128602],[97.30748,5.132865],[97.301564,5.134324],[97.301328,5.135228],[97.303555,5.139724],[97.304504,5.158323],[97.308037,5.169525],[97.305717,5.181432],[97.310604,5.184162],[97.325494,5.188816],[97.326559,5.188851],[97.326649,5.187316]]]}},{"type":"Feature","properties":{"nmkec":"Lhoksukon","nmkab":"Aceh Utara","nmprov":"Aceh","kdkec":"110","kdkab":"11","kodekab":"1111","idkec":"1111110","index":287},"geometry":{"type":"Polygon","coordinates":[[[97.311215,5.109061],[97.317248,5.085622],[97.325727,5.084569],[97.327419,5.092941],[97.33287,5.097358],[97.344875,5.093835],[97.346103,5.096556],[97.348977,5.098335],[97.357199,5.089595],[97.356584,5.084952],[97.372046,5.081107],[97.374073,5.06696],[97.381215,5.071333],[97.397611,5.056234],[97.4065,5.031071],[97.406388,5.014546],[97.407538,5.012006],[97.427733,4.996388],[97.444358,4.972458],[97.418629,4.960465],[97.396309,4.984466],[97.380713,4.96889],[97.372781,4.963563],[97.367745,4.968262],[97.358194,4.972672],[97.357872,4.974409],[97.35391,4.976702],[97.35043,4.975961],[97.345425,4.971367],[97.354894,4.957698],[97.349805,4.954536],[97.350299,4.956558],[97.340439,4.969997],[97.331472,4.98737],[97.330604,4.991751],[97.331185,4.996155],[97.314484,4.996319],[97.31426,5.009563],[97.319126,5.015965],[97.317818,5.019772],[97.313441,5.02399],[97.3041,5.023771],[97.300863,5.040247],[97.303012,5.046662],[97.304912,5.045533],[97.306795,5.046668],[97.308048,5.05215],[97.307248,5.055152],[97.304334,5.055045],[97.303858,5.061738],[97.302381,5.064723],[97.296653,5.068507],[97.294179,5.069164],[97.300168,5.071628],[97.302502,5.07464],[97.300732,5.077208],[97.304431,5.082139],[97.304199,5.08587],[97.296605,5.096902],[97.291835,5.10703],[97.303411,5.111533],[97.306946,5.1142],[97.311215,5.109061]]]}},{"type":"Feature","properties":{"nmkec":"Tanah Luas","nmkab":"Aceh Utara","nmprov":"Aceh","kdkec":"120","kdkab":"11","kodekab":"1111","idkec":"1111120","index":288},"geometry":{"type":"MultiPolygon","coordinates":[[[[97.293344,5.103345],[97.303253,5.087956],[97.304431,5.082139],[97.300732,5.077208],[97.302502,5.07464],[97.300168,5.071628],[97.294179,5.069164],[97.29421,5.066421],[97.290436,5.052571],[97.282809,5.041961],[97.28019,5.039825],[97.261894,5.040906],[97.258383,5.039613],[97.256626,5.03534],[97.253955,5.032521],[97.25171,5.031908],[97.249129,5.033267],[97.244339,5.033593],[97.238627,5.025021],[97.236331,5.023348],[97.237172,5.021348],[97.235917,5.014136],[97.229993,5.006572],[97.22559,5.007418],[97.224808,5.003034],[97.222266,5.0035],[97.222018,5.002846],[97.221234,4.998506],[97.22281,4.997659],[97.223015,4.995894],[97.221528,4.988729],[97.224502,4.987098],[97.225286,4.989969],[97.226868,4.990686],[97.229321,4.98804],[97.228689,4.986404],[97.227425,4.985869],[97.223003,4.986711],[97.220419,4.983717],[97.220817,4.982853],[97.223637,4.982983],[97.224799,4.980529],[97.216966,4.979235],[97.217372,4.974525],[97.214682,4.973958],[97.209518,4.975229],[97.206463,4.973089],[97.206959,4.969577],[97.205785,4.96834],[97.197721,4.969855],[97.194465,4.967438],[97.192256,4.962598],[97.189797,4.96116],[97.187084,4.961224],[97.175329,4.955221],[97.167849,4.956074],[97.164292,4.954054],[97.162345,4.951294],[97.161275,4.945611],[97.148892,4.933867],[97.143856,4.919429],[97.140549,4.917553],[97.139493,4.912925],[97.131237,4.913205],[97.120843,4.911713],[97.116106,4.909689],[97.115382,4.907675],[97.111196,4.90419],[97.104448,4.903257],[97.099886,4.903609],[97.097692,4.905614],[97.092214,4.907244],[97.086928,4.905583],[97.084004,4.907403],[97.083634,4.90923],[97.081258,4.910686],[97.071408,4.910109],[97.055601,4.912382],[97.048316,4.908156],[97.045214,4.90833],[97.025859,4.914671],[97.021481,4.914293],[97.012197,4.907684],[97.010745,4.905303],[97.009662,4.90146],[97.008633,4.886563],[97.005518,4.880888],[97.003146,4.871798],[96.99942,4.86658],[96.992708,4.863727],[96.980342,4.862159],[96.957687,4.862562],[96.944751,4.864831],[96.968156,4.882552],[96.996775,4.897502],[97.000619,4.901347],[97.004463,4.908608],[97.004891,4.917151],[97.009162,4.92783],[97.015996,4.932528],[97.059565,4.949614],[97.076224,4.949187],[97.083485,4.952604],[97.089465,4.959865],[97.091246,4.967584],[97.090557,4.96851],[97.106208,4.972963],[97.133948,4.987413],[97.141307,4.992227],[97.145476,4.998362],[97.146551,5.002261],[97.148151,5.001261],[97.141368,4.991956],[97.150866,4.990599],[97.15968,4.992578],[97.170466,5.010639],[97.178891,5.01002],[97.183039,5.001784],[97.188093,5.002638],[97.191709,5.004499],[97.195529,5.009021],[97.196412,5.011672],[97.198367,5.013138],[97.211271,5.015935],[97.218778,5.020111],[97.223736,5.025938],[97.23041,5.037386],[97.238594,5.044837],[97.245247,5.049019],[97.246893,5.052155],[97.252898,5.058342],[97.255729,5.05995],[97.255204,5.065297],[97.257325,5.069368],[97.259565,5.07035],[97.260262,5.074198],[97.26075,5.078022],[97.258613,5.083296],[97.259313,5.086396],[97.262804,5.090668],[97.274084,5.08624],[97.279215,5.092399],[97.282293,5.094218],[97.283658,5.096993],[97.290834,5.102508],[97.293344,5.103345]]],[[[97.14376,5.003135],[97.144331,5.003034],[97.144616,5.002566],[97.14376,5.003135]]],[[[97.157408,5.006817],[97.158071,5.00739],[97.157643,5.00841],[97.158242,5.007361],[97.157408,5.006817]]],[[[97.15581,5.010807],[97.156735,5.009802],[97.155394,5.010703],[97.15581,5.010807]]],[[[97.155749,5.006566],[97.154808,5.007013],[97.154422,5.006522],[97.154871,5.007151],[97.155749,5.006566]]],[[[97.154087,5.004067],[97.153554,5.003934],[97.154489,5.004218],[97.154087,5.004067]]],[[[97.153935,5.009134],[97.15459,5.009415],[97.153592,5.009427],[97.153935,5.009134]]],[[[97.154779,5.009675],[97.154685,5.009572],[97.154843,5.010082],[97.154779,5.009675]]],[[[97.150419,5.002883],[97.150438,5.002851],[97.150021,5.002883],[97.150419,5.002883]]],[[[97.153682,5.011009],[97.153666,5.010979],[97.153683,5.011029],[97.153682,5.011009]]],[[[97.155007,5.010606],[97.154998,5.010601],[97.154999,5.010604],[97.155007,5.010606]]]]}},{"type":"Feature","properties":{"nmkec":"Nibong","nmkab":"Aceh Utara","nmprov":"Aceh","kdkec":"121","kdkab":"11","kodekab":"1111","idkec":"1111121","index":289},"geometry":{"type":"Polygon","coordinates":[[[97.251956,5.085193],[97.258613,5.083296],[97.26075,5.078022],[97.259565,5.07035],[97.257325,5.069368],[97.255204,5.065297],[97.255729,5.05995],[97.252898,5.058342],[97.246893,5.052155],[97.245247,5.049019],[97.238594,5.044837],[97.23041,5.037386],[97.223736,5.025938],[97.218778,5.020111],[97.211271,5.015935],[97.198367,5.013138],[97.196412,5.011672],[97.195529,5.009021],[97.191709,5.004499],[97.188093,5.002638],[97.183039,5.001784],[97.178495,5.010808],[97.179243,5.011793],[97.18303,5.015955],[97.186265,5.017776],[97.191647,5.01868],[97.200134,5.025868],[97.203767,5.026602],[97.207032,5.023953],[97.209817,5.024845],[97.213556,5.029165],[97.215176,5.035302],[97.217509,5.037186],[97.221214,5.037016],[97.223717,5.043677],[97.225872,5.044813],[97.227909,5.047569],[97.236196,5.060742],[97.234114,5.061337],[97.23324,5.067947],[97.23423,5.075929],[97.236323,5.076957],[97.238804,5.075953],[97.238835,5.078757],[97.23987,5.079055],[97.243493,5.078554],[97.242142,5.07126],[97.244651,5.070165],[97.246257,5.070664],[97.247688,5.071454],[97.249575,5.075632],[97.24696,5.084795],[97.251956,5.085193]]]}},{"type":"Feature","properties":{"nmkec":"Samudera","nmkab":"Aceh Utara","nmprov":"Aceh","kdkec":"130","kdkab":"11","kodekab":"1111","idkec":"1111130","index":290},"geometry":{"type":"Polygon","coordinates":[[[97.264372,5.164286],[97.266212,5.16482],[97.267961,5.163966],[97.267283,5.156574],[97.263527,5.150323],[97.241155,5.13765],[97.240307,5.133931],[97.24261,5.128839],[97.242105,5.127393],[97.23525,5.123948],[97.236928,5.119623],[97.229691,5.11844],[97.227077,5.112259],[97.228041,5.108314],[97.229844,5.106349],[97.231267,5.099516],[97.236451,5.097819],[97.238291,5.086407],[97.233123,5.080822],[97.238835,5.078757],[97.239199,5.07682],[97.238804,5.075953],[97.236323,5.076957],[97.23423,5.075929],[97.23324,5.067947],[97.234114,5.061337],[97.236196,5.060742],[97.227909,5.047569],[97.225872,5.044813],[97.223717,5.043677],[97.223666,5.048634],[97.225815,5.056713],[97.228129,5.074951],[97.223294,5.092895],[97.21182,5.101352],[97.207885,5.111777],[97.20161,5.112357],[97.199658,5.124072],[97.19711,5.129576],[97.192562,5.130735],[97.192855,5.135129],[97.197193,5.139837],[97.20212,5.142529],[97.2158,5.146793],[97.228437,5.15416],[97.227749,5.15302],[97.229578,5.152722],[97.240227,5.153709],[97.250868,5.15829],[97.263685,5.166326],[97.264372,5.164286]]]}},{"type":"Feature","properties":{"nmkec":"Syamtalira Aron","nmkab":"Aceh Utara","nmprov":"Aceh","kdkec":"140","kdkab":"11","kodekab":"1111","idkec":"1111140","index":291},"geometry":{"type":"Polygon","coordinates":[[[97.254993,5.125413],[97.257496,5.124661],[97.271532,5.126724],[97.280598,5.111062],[97.284319,5.107866],[97.286417,5.103698],[97.283408,5.100892],[97.28204,5.100788],[97.283658,5.096993],[97.282293,5.094218],[97.279215,5.092399],[97.274084,5.08624],[97.262804,5.090668],[97.259313,5.086396],[97.258613,5.083296],[97.251956,5.085193],[97.24696,5.084795],[97.249575,5.075632],[97.247688,5.071454],[97.244651,5.070165],[97.242142,5.07126],[97.243493,5.078554],[97.238835,5.078757],[97.233123,5.080822],[97.238291,5.086407],[97.236451,5.097819],[97.231267,5.099516],[97.229844,5.106349],[97.228041,5.108314],[97.227077,5.112259],[97.229691,5.11844],[97.236928,5.119623],[97.239832,5.112385],[97.239741,5.108083],[97.242299,5.108974],[97.243194,5.109791],[97.243955,5.119258],[97.246907,5.119501],[97.245542,5.124767],[97.253224,5.128468],[97.254993,5.125413]]]}},{"type":"Feature","properties":{"nmkec":"Tanah Pasir","nmkab":"Aceh Utara","nmprov":"Aceh","kdkec":"150","kdkab":"11","kodekab":"1111","idkec":"1111150","index":292},"geometry":{"type":"Polygon","coordinates":[[[97.268694,5.168831],[97.271522,5.162821],[97.268833,5.157713],[97.267917,5.153037],[97.269876,5.15189],[97.271256,5.152472],[97.271282,5.156415],[97.27257,5.157787],[97.273842,5.156891],[97.273814,5.152717],[97.27627,5.151259],[97.277914,5.151846],[97.278095,5.155378],[97.27976,5.15502],[97.283382,5.147692],[97.284059,5.143958],[97.280467,5.141904],[97.278434,5.145184],[97.275579,5.14612],[97.277263,5.139737],[97.275774,5.137029],[97.283104,5.127597],[97.287723,5.124406],[97.289446,5.120227],[97.287141,5.120381],[97.285208,5.117536],[97.293344,5.103345],[97.290834,5.102508],[97.283658,5.096993],[97.28204,5.100788],[97.283408,5.100892],[97.286417,5.103698],[97.284319,5.107866],[97.280598,5.111062],[97.271532,5.126724],[97.257496,5.124661],[97.254993,5.125413],[97.253224,5.128468],[97.245542,5.124767],[97.246907,5.119501],[97.243955,5.119258],[97.243194,5.109791],[97.239753,5.108083],[97.239832,5.112385],[97.23525,5.123948],[97.242105,5.127393],[97.24261,5.128839],[97.240307,5.133931],[97.241155,5.13765],[97.263527,5.150323],[97.265993,5.153904],[97.267283,5.156574],[97.267961,5.163966],[97.266212,5.16482],[97.264372,5.164286],[97.263772,5.166438],[97.268694,5.168831]]]}},{"type":"Feature","properties":{"nmkec":"Lapang","nmkab":"Aceh Utara","nmprov":"Aceh","kdkec":"151","kdkab":"11","kodekab":"1111","idkec":"1111151","index":293},"geometry":{"type":"Polygon","coordinates":[[[97.308037,5.169525],[97.304504,5.158323],[97.304419,5.145587],[97.303555,5.139724],[97.301359,5.134739],[97.30748,5.132865],[97.310579,5.128602],[97.31258,5.123251],[97.31445,5.121595],[97.315405,5.116049],[97.314738,5.11314],[97.31195,5.110715],[97.309934,5.110995],[97.306946,5.1142],[97.303411,5.111533],[97.291835,5.10703],[97.285208,5.117536],[97.287141,5.120381],[97.289446,5.120227],[97.287723,5.124406],[97.283104,5.127597],[97.275774,5.137029],[97.277263,5.139737],[97.275579,5.14612],[97.278434,5.145184],[97.280467,5.141904],[97.284059,5.143958],[97.283382,5.147692],[97.27976,5.15502],[97.278095,5.155378],[97.277914,5.151846],[97.27627,5.151259],[97.273814,5.152717],[97.273842,5.156891],[97.27257,5.157787],[97.271282,5.156415],[97.271256,5.152472],[97.269876,5.15189],[97.267917,5.153037],[97.268833,5.157713],[97.271522,5.162821],[97.270439,5.16666],[97.276076,5.169204],[97.280424,5.169072],[97.28669,5.171293],[97.305717,5.181432],[97.308037,5.169525]]]}},{"type":"Feature","properties":{"nmkec":"Muara Batu","nmkab":"Aceh Utara","nmprov":"Aceh","kdkec":"160","kdkab":"11","kodekab":"1111","idkec":"1111160","index":294},"geometry":{"type":"Polygon","coordinates":[[[96.978854,5.26243],[96.976031,5.260172],[96.975931,5.258165],[96.974071,5.254872],[96.972274,5.254129],[96.97205,5.25691],[96.969892,5.257464],[96.967462,5.253518],[96.96893,5.248325],[96.967302,5.240464],[96.969582,5.243093],[96.977119,5.24302],[96.98494,5.24169],[96.985811,5.245281],[96.986558,5.245056],[96.99393,5.240549],[96.990662,5.23217],[96.989855,5.231167],[96.980642,5.231557],[96.963028,5.229484],[96.949484,5.221597],[96.94722,5.221349],[96.944205,5.218985],[96.945348,5.217664],[96.94391,5.217059],[96.939502,5.216524],[96.938555,5.222118],[96.934112,5.22451],[96.92905,5.225695],[96.928347,5.227344],[96.929751,5.231771],[96.926845,5.23383],[96.924292,5.232947],[96.922288,5.229603],[96.920592,5.229079],[96.913899,5.229862],[96.909645,5.235289],[96.909275,5.240462],[96.906196,5.243218],[96.907333,5.245989],[96.910606,5.245774],[96.912062,5.248521],[96.907834,5.250216],[96.908941,5.250636],[96.915008,5.250759],[96.957636,5.26101],[96.978854,5.26243]],[[96.964501,5.230574],[96.964533,5.230411],[96.964515,5.230578],[96.964501,5.230574]]]}},{"type":"Feature","properties":{"nmkec":"Dewantara","nmkab":"Aceh Utara","nmprov":"Aceh","kdkec":"170","kdkab":"11","kodekab":"1111","idkec":"1111170","index":295},"geometry":{"type":"MultiPolygon","coordinates":[[[[96.978854,5.26243],[96.996203,5.260137],[97.026644,5.25183],[97.03199,5.25111],[97.033083,5.250559],[97.032069,5.246997],[97.02983,5.247747],[97.028904,5.2448],[97.032882,5.239908],[97.039422,5.237755],[97.040959,5.240232],[97.040056,5.243236],[97.035407,5.245894],[97.038698,5.24554],[97.046826,5.241882],[97.036942,5.229587],[97.035366,5.22069],[97.038297,5.215697],[97.036823,5.213309],[97.027316,5.210516],[97.025976,5.208765],[97.0267,5.207636],[97.026089,5.205775],[97.021985,5.206321],[97.013001,5.204618],[97.008296,5.205988],[97.008743,5.207024],[97.00004,5.21331],[96.994198,5.218982],[96.989845,5.216521],[96.98906,5.218777],[96.990647,5.227794],[96.990477,5.231961],[96.99393,5.240549],[96.985811,5.245281],[96.98494,5.24169],[96.977119,5.24302],[96.969582,5.243093],[96.967302,5.240464],[96.96893,5.248325],[96.967462,5.253518],[96.969509,5.257133],[96.97205,5.25691],[96.972274,5.254129],[96.97405,5.25486],[96.976566,5.261139],[96.978854,5.26243]]],[[[96.988784,5.222691],[96.988763,5.222716],[96.988904,5.222747],[96.988784,5.222691]]]]}},{"type":"Feature","properties":{"nmkec":"Manggeng","nmkab":"Aceh Barat Daya","nmprov":"Aceh","kdkec":"010","kdkab":"12","kodekab":"1112","idkec":"1112010","index":296},"geometry":{"type":"Polygon","coordinates":[[[96.953407,3.639054],[96.952212,3.639559],[96.944751,3.634418],[96.944181,3.631398],[96.946814,3.624376],[96.945722,3.62217],[96.941813,3.620532],[96.938766,3.614145],[96.933133,3.607849],[96.925976,3.601814],[96.919433,3.60393],[96.916074,3.602124],[96.912087,3.601543],[96.910206,3.599497],[96.907787,3.600419],[96.902622,3.604878],[96.895096,3.620336],[96.896974,3.627183],[96.896857,3.631922],[96.90167,3.631283],[96.902685,3.633277],[96.90253,3.636251],[96.913644,3.634837],[96.926812,3.642186],[96.935005,3.638699],[96.944557,3.638473],[96.946183,3.639081],[96.947798,3.642082],[96.954314,3.642197],[96.953407,3.639054]]]}},{"type":"Feature","properties":{"nmkec":"Lembah Sabil","nmkab":"Aceh Barat Daya","nmprov":"Aceh","kdkec":"011","kdkab":"12","kodekab":"1112","idkec":"1112011","index":297},"geometry":{"type":"Polygon","coordinates":[[[96.952434,3.639588],[96.953512,3.638711],[96.951007,3.623371],[96.966267,3.622754],[96.965799,3.615545],[96.964519,3.614857],[96.960902,3.608885],[96.959534,3.604392],[96.954853,3.599667],[96.947218,3.587178],[96.942331,3.574165],[96.934313,3.578224],[96.914249,3.59345],[96.910475,3.597391],[96.912087,3.601543],[96.916074,3.602124],[96.919433,3.60393],[96.925976,3.601814],[96.933133,3.607849],[96.938766,3.614145],[96.941813,3.620532],[96.945722,3.62217],[96.946814,3.624376],[96.944181,3.631398],[96.944751,3.634418],[96.952434,3.639588]]]}},{"type":"Feature","properties":{"nmkec":"Tangan-Tangan","nmkab":"Aceh Barat Daya","nmprov":"Aceh","kdkec":"020","kdkab":"12","kodekab":"1112","idkec":"1112020","index":298},"geometry":{"type":"Polygon","coordinates":[[[96.902087,3.691874],[96.909829,3.682242],[96.91685,3.669414],[96.92241,3.662662],[96.928246,3.663576],[96.929329,3.662633],[96.928434,3.656905],[96.931504,3.647422],[96.926812,3.642186],[96.914081,3.634974],[96.90253,3.636251],[96.902685,3.633277],[96.90167,3.631283],[96.896857,3.631922],[96.89597,3.638245],[96.890641,3.653952],[96.882545,3.670532],[96.890746,3.673614],[96.887508,3.677889],[96.883647,3.680695],[96.896276,3.689527],[96.902087,3.691874]]]}},{"type":"Feature","properties":{"nmkec":"Bener Meriah","nmkab":"Bener Meriah","nmprov":"Aceh","kdkec":"010","kdkab":"17","kodekab":"1117","idkec":"1117010","index":299},"geometry":{"type":"Polygon","coordinates":[[[96.782839,4.816138],[96.788485,4.816561],[96.788351,4.823768],[96.759998,4.821632],[96.76552,4.844757],[96.770929,4.844558],[96.775249,4.846743],[96.786278,4.848298],[96.79169,4.847014],[96.793407,4.851359],[96.799036,4.850076],[96.802272,4.853125],[96.807253,4.851622],[96.831695,4.853437],[96.83515,4.855618],[96.839044,4.855847],[96.841434,4.852817],[96.85549,4.855032],[96.860141,4.854493],[96.859012,4.833386],[96.857345,4.823851],[96.852654,4.809566],[96.836705,4.789104],[96.819535,4.770034],[96.810724,4.749594],[96.807195,4.745263],[96.802492,4.7415],[96.793984,4.74685],[96.803239,4.757754],[96.805598,4.762887],[96.802961,4.774703],[96.798293,4.775788],[96.796126,4.790505],[96.7958,4.799409],[96.787904,4.797592],[96.787763,4.804149],[96.782435,4.803614],[96.782839,4.816138]]]}},{"type":"Feature","properties":{"nmkec":"Aceh Barat Daya","nmkab":"Aceh Barat Daya","nmprov":"Aceh","kdkec":"021","kdkab":"12","kodekab":"1112","idkec":"1112021","index":300},"geometry":{"type":"Polygon","coordinates":[[[97.091557,3.659385],[97.082936,3.649811],[97.062521,3.630053],[97.051673,3.645748],[97.025653,3.67442],[96.99967,3.685379],[96.952593,3.694057],[96.91747,3.695927],[96.903732,3.694221],[96.896276,3.689527],[96.885826,3.70007],[96.885321,3.702086],[96.887317,3.704899],[96.879291,3.710396],[96.878596,3.71797],[96.868227,3.71949],[96.865581,3.721925],[96.871952,3.731477],[96.866733,3.733471],[96.870877,3.742193],[96.871677,3.74978],[96.874907,3.755157],[96.879093,3.756387],[96.898336,3.754184],[96.90722,3.750788],[96.913245,3.747312],[96.919529,3.741797],[96.932538,3.724786],[96.940661,3.721851],[96.95043,3.721465],[96.969264,3.71685],[96.983074,3.709591],[96.99058,3.711504],[96.995452,3.710117],[97.000971,3.712129],[97.007665,3.710629],[97.035362,3.708721],[97.047187,3.710368],[97.050558,3.703033],[97.056112,3.700382],[97.060176,3.69402],[97.073659,3.685821],[97.088966,3.668422],[97.091557,3.659385]]]}},{"type":"Feature","properties":{"nmkec":"Aceh Barat Daya","nmkab":"Aceh Barat Daya","nmprov":"Aceh","kdkec":"030","kdkab":"12","kodekab":"1112","idkec":"1112030","index":301},"geometry":{"type":"Polygon","coordinates":[[[97.115829,3.91207],[97.107859,3.892205],[97.109237,3.875151],[97.112784,3.868495],[97.113525,3.864155],[97.111157,3.860665],[97.10678,3.857124],[97.105589,3.844771],[97.113987,3.824819],[97.135761,3.78521],[97.144958,3.762993],[97.153581,3.745586],[97.15105,3.739627],[97.142048,3.734114],[97.138101,3.717818],[97.135642,3.698126],[97.133593,3.692159],[97.128303,3.687368],[97.114626,3.680243],[97.091557,3.659385],[97.088966,3.668422],[97.073659,3.685821],[97.060176,3.69402],[97.056112,3.700382],[97.050558,3.703033],[97.047187,3.710368],[97.035362,3.708721],[97.007665,3.710629],[97.000971,3.712129],[96.995452,3.710117],[96.99058,3.711504],[96.983074,3.709591],[96.969264,3.71685],[96.95043,3.721465],[96.940661,3.721851],[96.932001,3.725165],[96.922951,3.737791],[96.913245,3.747312],[96.90722,3.750788],[96.896516,3.75462],[96.884939,3.755245],[96.87992,3.756389],[96.875347,3.75549],[96.871677,3.74978],[96.870877,3.742193],[96.866967,3.733002],[96.866177,3.731862],[96.863486,3.732279],[96.857465,3.733757],[96.855638,3.74957],[96.853026,3.756995],[96.843804,3.754854],[96.839051,3.755798],[96.833298,3.752866],[96.828442,3.755262],[96.834778,3.759158],[96.848466,3.771885],[96.875867,3.787185],[96.901093,3.806831],[96.982554,3.866146],[97.029083,3.889106],[97.031241,3.893101],[97.038457,3.895657],[97.041347,3.895301],[97.043143,3.899657],[97.049278,3.901123],[97.057945,3.901505],[97.068784,3.898991],[97.085749,3.902658],[97.10054,3.909583],[97.115829,3.91207]]]}},{"type":"Feature","properties":{"nmkec":"Blang Pidie","nmkab":"Aceh Barat Daya","nmprov":"Aceh","kdkec":"030","kdkab":"12","kodekab":"1112","idkec":"1112030","index":302},"geometry":{"type":"Polygon","coordinates":[[[96.855638,3.74957],[96.857465,3.733757],[96.866177,3.731862],[96.866967,3.733002],[96.871952,3.731477],[96.856186,3.706934],[96.850495,3.709551],[96.851934,3.712936],[96.850791,3.719422],[96.845694,3.728835],[96.843338,3.730037],[96.840376,3.733449],[96.840955,3.735169],[96.83541,3.736543],[96.83226,3.735553],[96.830044,3.733441],[96.826762,3.733632],[96.821035,3.735933],[96.816331,3.734313],[96.809005,3.734854],[96.805253,3.737996],[96.807782,3.742033],[96.813802,3.743861],[96.819693,3.74994],[96.822146,3.749374],[96.826603,3.751839],[96.8286,3.755157],[96.833298,3.752866],[96.839051,3.755798],[96.843804,3.754854],[96.853026,3.756995],[96.855638,3.74957]]]}},{"type":"Feature","properties":{"nmkec":"Aceh Barat Daya","nmkab":"Aceh Barat Daya","nmprov":"Aceh","kdkec":"060","kdkab":"12","kodekab":"1112","idkec":"1112060","index":303},"geometry":{"type":"Polygon","coordinates":[[[96.724881,4.096869],[96.733989,4.095966],[96.739134,4.091537],[96.744962,4.094482],[96.747076,4.094286],[96.747293,4.088631],[96.755962,4.083303],[96.760502,4.079275],[96.762803,4.075523],[96.774771,4.072989],[96.778118,4.07077],[96.782839,4.06056],[96.791606,4.051079],[96.800577,4.032042],[96.802994,4.016481],[96.802967,3.997615],[96.804709,3.990154],[96.807988,3.984565],[96.806022,3.970165],[96.80139,3.966949],[96.799388,3.95646],[96.795623,3.954703],[96.795346,3.950042],[96.799126,3.945975],[96.797689,3.941021],[96.789836,3.942335],[96.784935,3.93953],[96.77681,3.941547],[96.76979,3.93587],[96.761734,3.934032],[96.759026,3.929099],[96.758108,3.923932],[96.760097,3.918304],[96.756693,3.907754],[96.7609,3.897619],[96.760872,3.891325],[96.762396,3.881652],[96.760974,3.861486],[96.748665,3.86995],[96.747862,3.86493],[96.73999,3.87137],[96.733499,3.874933],[96.732291,3.889042],[96.725539,3.890374],[96.720765,3.893693],[96.723566,3.898081],[96.708861,3.908405],[96.704346,3.917663],[96.699283,3.921733],[96.692925,3.93012],[96.692577,3.931427],[96.736752,3.933959],[96.72172,3.966093],[96.678376,3.961223],[96.663256,3.977074],[96.66608,3.980508],[96.668664,3.981181],[96.671908,3.980247],[96.674346,3.98132],[96.677601,3.986211],[96.686042,3.983464],[96.686508,3.985186],[96.684158,3.988743],[96.684959,3.989312],[96.689966,3.990193],[96.696682,3.987107],[96.699023,3.987852],[96.699062,3.99146],[96.706047,3.996461],[96.706442,4.001086],[96.708269,4.005122],[96.716853,4.009304],[96.717526,4.01038],[96.718176,4.012309],[96.717124,4.016839],[96.714897,4.019544],[96.71523,4.023169],[96.721921,4.027511],[96.728186,4.039881],[96.726167,4.042482],[96.729449,4.063072],[96.728901,4.069505],[96.724939,4.079634],[96.723923,4.091029],[96.724881,4.096869]]]}},{"type":"Feature","properties":{"nmkec":"Aceh Barat Daya","nmkab":"Aceh Barat Daya","nmprov":"Aceh","kdkec":"031","kdkab":"12","kodekab":"1112","idkec":"1112031","index":304},"geometry":{"type":"Polygon","coordinates":[[[97.069216,3.957988],[97.074617,3.953614],[97.080287,3.951426],[97.09409,3.949784],[97.100246,3.948086],[97.10818,3.941074],[97.113981,3.933995],[97.116978,3.928561],[97.117845,3.92196],[97.115829,3.91207],[97.10054,3.909583],[97.085749,3.902658],[97.068784,3.898991],[97.057945,3.901505],[97.049278,3.901123],[97.043143,3.899657],[97.041347,3.895301],[97.038457,3.895657],[97.031241,3.893101],[97.029083,3.889106],[96.982554,3.866146],[96.901093,3.806831],[96.875867,3.787185],[96.848466,3.771885],[96.834778,3.759158],[96.828442,3.755262],[96.826791,3.760591],[96.831786,3.764554],[96.834651,3.764797],[96.834551,3.766322],[96.828622,3.769289],[96.825595,3.769887],[96.822477,3.768944],[96.819786,3.774238],[96.820368,3.777435],[96.826423,3.784224],[96.826499,3.786884],[96.823267,3.78324],[96.817427,3.782422],[96.80996,3.783318],[96.804739,3.786413],[96.805752,3.791374],[96.808168,3.795064],[96.815677,3.801066],[96.819081,3.805133],[96.819901,3.811707],[96.821373,3.812721],[96.820503,3.82021],[96.821937,3.828057],[96.859491,3.839369],[96.872814,3.853909],[96.876065,3.853554],[96.880383,3.859368],[96.95792,3.899091],[96.971241,3.915808],[96.988543,3.929269],[97.004427,3.931484],[97.008009,3.943824],[97.019545,3.952556],[97.022115,3.959959],[97.042831,3.961],[97.063519,3.959396],[97.069216,3.957988]]]}},{"type":"Feature","properties":{"nmkec":"Jeumpa","nmkab":"Aceh Barat Daya","nmprov":"Aceh","kdkec":"031","kdkab":"12","kodekab":"1112","idkec":"1112031","index":305},"geometry":{"type":"Polygon","coordinates":[[[96.804739,3.786413],[96.80996,3.783318],[96.817427,3.782422],[96.823267,3.78324],[96.826367,3.787016],[96.826423,3.784224],[96.820368,3.777435],[96.819786,3.774238],[96.822477,3.768944],[96.825595,3.769887],[96.828622,3.769289],[96.834551,3.766322],[96.834651,3.764797],[96.831786,3.764554],[96.826791,3.760591],[96.8286,3.755157],[96.826603,3.751839],[96.822146,3.749374],[96.819693,3.74994],[96.813802,3.743861],[96.807782,3.742033],[96.808005,3.743994],[96.797078,3.751384],[96.791075,3.75692],[96.788367,3.757169],[96.795262,3.775855],[96.794531,3.778256],[96.795126,3.781243],[96.798127,3.78519],[96.798922,3.788375],[96.804739,3.786413]]]}},{"type":"Feature","properties":{"nmkec":"Susoh","nmkab":"Aceh Barat Daya","nmprov":"Aceh","kdkec":"040","kdkab":"12","kodekab":"1112","idkec":"1112040","index":306},"geometry":{"type":"Polygon","coordinates":[[[96.802534,3.747264],[96.808005,3.743994],[96.807782,3.742033],[96.805253,3.737996],[96.809005,3.734854],[96.816331,3.734313],[96.821035,3.735933],[96.826762,3.733632],[96.830044,3.733441],[96.83226,3.735553],[96.83541,3.736543],[96.840955,3.735169],[96.840376,3.733449],[96.843338,3.730037],[96.845694,3.728835],[96.850791,3.719422],[96.851934,3.712936],[96.850495,3.709551],[96.856186,3.706934],[96.853061,3.701235],[96.847013,3.703984],[96.831996,3.708191],[96.82197,3.715055],[96.810564,3.719679],[96.809788,3.721574],[96.807209,3.723469],[96.799166,3.723669],[96.794761,3.725048],[96.780132,3.736182],[96.782415,3.744022],[96.786113,3.74756],[96.785864,3.75239],[96.788367,3.757169],[96.791075,3.75692],[96.802534,3.747264]]]}},{"type":"Feature","properties":{"nmkec":"Kuala Batee","nmkab":"Aceh Barat Daya","nmprov":"Aceh","kdkec":"050","kdkab":"12","kodekab":"1112","idkec":"1112050","index":307},"geometry":{"type":"Polygon","coordinates":[[[96.769321,3.830645],[96.769021,3.823122],[96.771407,3.818275],[96.77593,3.812612],[96.789519,3.800191],[96.801434,3.792939],[96.798127,3.78519],[96.795126,3.781243],[96.794531,3.778256],[96.795262,3.775855],[96.785864,3.75239],[96.786113,3.74756],[96.782415,3.744022],[96.780153,3.73617],[96.771824,3.739168],[96.757261,3.739422],[96.749795,3.740696],[96.742442,3.743267],[96.734367,3.743764],[96.724759,3.745974],[96.717924,3.745839],[96.714924,3.744756],[96.710932,3.741553],[96.709037,3.741395],[96.701605,3.744053],[96.699347,3.743894],[96.701293,3.754353],[96.704562,3.757609],[96.710038,3.769791],[96.709841,3.774587],[96.712248,3.779372],[96.714678,3.789605],[96.720206,3.805289],[96.725137,3.813565],[96.740992,3.829653],[96.754375,3.838057],[96.758247,3.849139],[96.771241,3.841385],[96.769321,3.830645]]]}},{"type":"Feature","properties":{"nmkec":"Gayo Lues","nmkab":"Gayo Lues","nmprov":"Aceh","kdkec":"021","kdkab":"13","kodekab":"1113","idkec":"1113021","index":308},"geometry":{"type":"Polygon","coordinates":[[[97.38684,3.748414],[97.363938,3.719169],[97.353838,3.698847],[97.350313,3.687981],[97.349846,3.68174],[97.315937,3.676934],[97.316446,3.684472],[97.320337,3.692964],[97.321926,3.703013],[97.325401,3.70493],[97.327738,3.710334],[97.327757,3.714203],[97.339365,3.72575],[97.349003,3.743844],[97.351783,3.745377],[97.352433,3.752182],[97.358937,3.759266],[97.362058,3.767296],[97.371977,3.779624],[97.38309,3.784209],[97.388972,3.790058],[97.395142,3.791883],[97.404429,3.800809],[97.41647,3.806317],[97.427911,3.814767],[97.435325,3.818937],[97.443494,3.826073],[97.452369,3.826769],[97.469426,3.837076],[97.473621,3.838291],[97.484996,3.845904],[97.508379,3.85165],[97.513042,3.848714],[97.514069,3.849931],[97.506619,3.856022],[97.519467,3.878565],[97.541701,3.909487],[97.555152,3.906401],[97.532671,3.873815],[97.517387,3.847173],[97.50982,3.839113],[97.503474,3.836597],[97.491197,3.829383],[97.460416,3.80637],[97.435562,3.794042],[97.404241,3.771771],[97.393113,3.756834],[97.38812,3.756531],[97.38684,3.748414]]]}},{"type":"Feature","properties":{"nmkec":"Blang Pegayon","nmkab":"Gayo Lues","nmprov":"Aceh","kdkec":"023","kdkab":"13","kodekab":"1113","idkec":"1113023","index":309},"geometry":{"type":"Polygon","coordinates":[[[97.320822,3.992389],[97.326167,3.993107],[97.331547,3.990045],[97.330381,3.984558],[97.33217,3.981249],[97.332382,3.97736],[97.334244,3.973531],[97.338505,3.971707],[97.339976,3.969536],[97.336577,3.966266],[97.336552,3.957596],[97.33202,3.948035],[97.328502,3.933759],[97.324148,3.927323],[97.323411,3.924129],[97.323126,3.914354],[97.324124,3.908768],[97.321386,3.903719],[97.321215,3.901714],[97.322527,3.895068],[97.319446,3.887104],[97.31802,3.87725],[97.314313,3.869515],[97.313286,3.863442],[97.314313,3.854045],[97.318643,3.847518],[97.314369,3.831223],[97.309392,3.802718],[97.306774,3.762059],[97.30249,3.751154],[97.298489,3.723735],[97.29311,3.711135],[97.291062,3.687349],[97.288104,3.681475],[97.264235,3.685084],[97.258358,3.69375],[97.255499,3.695363],[97.206158,3.6939],[97.192975,3.709879],[97.203348,3.715252],[97.207718,3.721227],[97.220761,3.72498],[97.227318,3.734214],[97.235495,3.741805],[97.244196,3.745578],[97.249668,3.754818],[97.256249,3.768956],[97.256289,3.777132],[97.254706,3.786405],[97.24987,3.79624],[97.236411,3.818654],[97.233746,3.828478],[97.233243,3.836656],[97.240323,3.841526],[97.24473,3.854586],[97.24698,3.870381],[97.256354,3.899766],[97.260242,3.917187],[97.267949,3.938404],[97.271185,3.9434],[97.292249,3.968297],[97.301357,3.991565],[97.305559,3.991695],[97.310518,3.989482],[97.318518,3.992712],[97.320494,3.995584],[97.320822,3.992389]]]}},{"type":"Feature","properties":{"nmkec":"Gayo Lues","nmkab":"Gayo Lues","nmprov":"Aceh","kdkec":"011","kdkab":"13","kodekab":"1113","idkec":"1113011","index":310},"geometry":{"type":"MultiPolygon","coordinates":[[[[97.115417,4.022162],[97.116571,4.021104],[97.120021,4.021704],[97.123594,4.028522],[97.1258,4.028507],[97.135027,4.018341],[97.135798,4.012308],[97.139019,4.01351],[97.146133,4.023748],[97.150507,4.025046],[97.15565,4.024277],[97.159015,4.02197],[97.156563,4.015961],[97.159448,4.014086],[97.161995,4.016153],[97.165312,4.014904],[97.171128,4.009039],[97.161514,4.002502],[97.168725,3.999522],[97.176271,4.000243],[97.180213,3.997984],[97.180982,3.996494],[97.189682,3.992744],[97.200978,3.984525],[97.219004,3.980343],[97.215591,3.977843],[97.215927,3.977122],[97.218956,3.976593],[97.220302,3.978756],[97.221984,3.978804],[97.228714,3.977603],[97.229194,3.975344],[97.240346,3.975103],[97.243615,3.973661],[97.249475,3.976125],[97.23536,3.958508],[97.233393,3.952204],[97.226572,3.94204],[97.223128,3.930401],[97.216336,3.926064],[97.209033,3.916387],[97.202679,3.90282],[97.193903,3.888293],[97.185162,3.881051],[97.175908,3.867497],[97.138001,3.828825],[97.132151,3.819138],[97.121289,3.810943],[97.108959,3.835669],[97.10528,3.847155],[97.10678,3.857124],[97.111157,3.860665],[97.113525,3.864155],[97.112784,3.868495],[97.109237,3.875151],[97.107859,3.892205],[97.115732,3.911639],[97.117845,3.92196],[97.116978,3.928561],[97.113981,3.933995],[97.10818,3.941074],[97.100246,3.948086],[97.09409,3.949784],[97.080287,3.951426],[97.074617,3.953614],[97.069216,3.957988],[97.082973,3.981818],[97.090781,3.99846],[97.113437,4.030063],[97.11561,4.027017],[97.115417,4.022162]]],[[[97.268895,4.049877],[97.268392,4.029804],[97.262926,4.033706],[97.259455,4.037536],[97.256471,4.043693],[97.251969,4.0454],[97.243181,4.039589],[97.241062,4.026317],[97.235949,4.026068],[97.233312,4.032624],[97.235081,4.048984],[97.27265,4.052188],[97.268895,4.049877]]],[[[97.173704,4.055318],[97.163579,4.055282],[97.16256,4.06106],[97.164946,4.066361],[97.167177,4.067083],[97.17247,4.064387],[97.174021,4.061691],[97.173704,4.055318]]]]}},{"type":"Feature","properties":{"nmkec":"Blangkejeren","nmkab":"Gayo Lues","nmprov":"Aceh","kdkec":"020","kdkab":"13","kodekab":"1113","idkec":"1113020","index":311},"geometry":{"type":"MultiPolygon","coordinates":[[[[97.324757,4.033641],[97.330248,4.034196],[97.341395,4.039057],[97.343884,4.035729],[97.34804,4.023971],[97.351223,4.010855],[97.351558,4.0031],[97.354054,3.996958],[97.359429,3.991313],[97.365377,3.988695],[97.366027,3.986327],[97.365196,3.981177],[97.367334,3.97139],[97.369661,3.969863],[97.375457,3.969154],[97.379757,3.970056],[97.391021,3.963071],[97.392841,3.959493],[97.404437,3.954861],[97.410185,3.957363],[97.412386,3.95691],[97.415945,3.951568],[97.398227,3.943916],[97.384353,3.934394],[97.378239,3.928962],[97.3709,3.918885],[97.366197,3.918036],[97.362853,3.91535],[97.356715,3.906755],[97.355586,3.903012],[97.349198,3.906026],[97.335992,3.896489],[97.324717,3.890152],[97.320644,3.890117],[97.322527,3.895068],[97.321386,3.903719],[97.324124,3.908768],[97.322912,3.919439],[97.324148,3.927323],[97.328502,3.933759],[97.33202,3.948035],[97.336552,3.957596],[97.336577,3.966266],[97.339976,3.969536],[97.338505,3.971707],[97.334244,3.973531],[97.332382,3.97736],[97.33217,3.981249],[97.330381,3.984558],[97.331547,3.990045],[97.326167,3.993107],[97.320822,3.992389],[97.319963,4.000021],[97.323397,4.006751],[97.322076,4.01305],[97.320757,4.013911],[97.319834,4.022172],[97.314599,4.038225],[97.311898,4.052412],[97.31829,4.052881],[97.319026,4.048674],[97.324757,4.033641]]],[[[97.389094,3.924167],[97.386755,3.922735],[97.384911,3.925657],[97.384346,3.93061],[97.386959,3.931266],[97.389094,3.924167]]],[[[97.396604,3.908483],[97.396509,3.906769],[97.394822,3.905628],[97.392198,3.906929],[97.387965,3.906333],[97.384257,3.90508],[97.383128,3.903092],[97.384647,3.907217],[97.39485,3.907423],[97.394971,3.908626],[97.396604,3.908483]]],[[[97.399435,3.904282],[97.400395,3.901073],[97.398361,3.900777],[97.392571,3.903537],[97.397115,3.903289],[97.399435,3.904282]]]]}},{"type":"Feature","properties":{"nmkec":"Gayo Lues","nmkab":"Gayo Lues","nmprov":"Aceh","kdkec":"020","kdkab":"13","kodekab":"1113","idkec":"1113020","index":312},"geometry":{"type":"MultiPolygon","coordinates":[[[[97.454315,3.9379],[97.459862,3.933906],[97.466862,3.933303],[97.463383,3.924078],[97.4558,3.911662],[97.430118,3.889617],[97.399585,3.879511],[97.390505,3.873348],[97.387215,3.868249],[97.382157,3.865403],[97.376732,3.863497],[97.361827,3.863059],[97.356728,3.86189],[97.35453,3.85807],[97.355143,3.85459],[97.352719,3.852097],[97.33659,3.848201],[97.327558,3.848784],[97.323679,3.845977],[97.321093,3.839025],[97.314897,3.833235],[97.318643,3.847518],[97.314313,3.854045],[97.313286,3.863442],[97.314313,3.869515],[97.31802,3.87725],[97.320644,3.890117],[97.324717,3.890152],[97.335992,3.896489],[97.349198,3.906026],[97.355586,3.903012],[97.356715,3.906755],[97.362853,3.91535],[97.366197,3.918036],[97.3709,3.918885],[97.378239,3.928962],[97.384353,3.934394],[97.398227,3.943916],[97.415753,3.951676],[97.417281,3.950276],[97.421341,3.949999],[97.426625,3.947899],[97.43137,3.944377],[97.441734,3.942188],[97.454315,3.9379]],[[97.384346,3.93061],[97.384911,3.925657],[97.386755,3.922735],[97.389094,3.924167],[97.388124,3.928044],[97.386959,3.931266],[97.384346,3.93061]],[[97.394971,3.908626],[97.39485,3.907423],[97.384647,3.907217],[97.383128,3.903092],[97.384257,3.90508],[97.387965,3.906333],[97.392198,3.906929],[97.394822,3.905628],[97.396509,3.906769],[97.396604,3.908483],[97.394971,3.908626]],[[97.399435,3.904282],[97.397115,3.903289],[97.392571,3.903537],[97.398361,3.900777],[97.400395,3.901073],[97.400937,3.902229],[97.399435,3.904282]]],[[[97.330731,4.034898],[97.324757,4.033641],[97.319026,4.048674],[97.31829,4.052881],[97.324765,4.053048],[97.330731,4.034898]]]]}},{"type":"Feature","properties":{"nmkec":"Pining","nmkab":"Gayo Lues","nmprov":"Aceh","kdkec":"030","kdkab":"13","kodekab":"1113","idkec":"1113030","index":313},"geometry":{"type":"MultiPolygon","coordinates":[[[[97.676256,4.172664],[97.676298,4.170702],[97.680879,4.171226],[97.682426,4.168583],[97.682274,4.165968],[97.678414,4.164822],[97.674801,4.165452],[97.673273,4.166938],[97.670028,4.165013],[97.667499,4.167113],[97.66744,4.17051],[97.668341,4.171604],[97.672847,4.170731],[97.673632,4.173681],[97.676256,4.172664]]],[[[97.591033,4.106626],[97.588968,4.09903],[97.585453,4.092898],[97.586169,4.090624],[97.585035,4.089965],[97.583915,4.096037],[97.584337,4.102481],[97.587291,4.106523],[97.58734,4.108681],[97.590998,4.114462],[97.591033,4.106626]]],[[[97.584135,4.15231],[97.584095,4.150947],[97.579991,4.148112],[97.578225,4.145058],[97.575415,4.145616],[97.577336,4.148953],[97.578337,4.148541],[97.580014,4.152138],[97.584135,4.15231]]],[[[97.435178,4.062911],[97.442524,4.061795],[97.442539,4.060729],[97.440114,4.059303],[97.436403,4.059704],[97.434698,4.058946],[97.432697,4.060906],[97.435178,4.062911]]],[[[97.531226,4.079689],[97.531801,4.07855],[97.530133,4.077781],[97.527716,4.081494],[97.531613,4.084731],[97.532557,4.083262],[97.531226,4.079689]]],[[[97.587061,4.080017],[97.588787,4.07647],[97.585141,4.077641],[97.585273,4.083008],[97.58632,4.084749],[97.587061,4.080017]]],[[[97.463902,4.061241],[97.464354,4.059749],[97.463087,4.05872],[97.460158,4.059378],[97.459269,4.061468],[97.461687,4.062943],[97.463902,4.061241]]],[[[97.581865,4.087795],[97.580489,4.087795],[97.580242,4.091127],[97.581364,4.094001],[97.582298,4.093749],[97.581483,4.09082],[97.581865,4.087795]]],[[[97.585397,4.069588],[97.585729,4.065595],[97.58532,4.064402],[97.584198,4.064201],[97.584022,4.068049],[97.585397,4.069588]]],[[[97.473884,4.055027],[97.47295,4.053338],[97.471323,4.054706],[97.472256,4.056113],[97.473884,4.055027]]]]}},{"type":"Feature","properties":{"nmkec":"Gayo Lues","nmkab":"Gayo Lues","nmprov":"Aceh","kdkec":"041","kdkab":"13","kodekab":"1113","idkec":"1113041","index":314},"geometry":{"type":"Polygon","coordinates":[[[97.164174,4.272925],[97.167419,4.275738],[97.172694,4.267251],[97.177794,4.262841],[97.181403,4.263705],[97.184816,4.263314],[97.194488,4.257395],[97.203966,4.248388],[97.207609,4.241822],[97.211035,4.240877],[97.216423,4.235072],[97.223061,4.224864],[97.225113,4.214199],[97.233045,4.202795],[97.234361,4.19957],[97.235604,4.193455],[97.235228,4.180882],[97.236896,4.17643],[97.252214,4.177365],[97.252452,4.166423],[97.255076,4.160066],[97.257073,4.157546],[97.256058,4.153818],[97.251898,4.148986],[97.249225,4.143437],[97.242082,4.137423],[97.23961,4.128497],[97.234011,4.122736],[97.229771,4.112277],[97.227714,4.102147],[97.222236,4.105993],[97.217075,4.107261],[97.214275,4.106504],[97.213371,4.103163],[97.208286,4.105942],[97.207059,4.0985],[97.210408,4.096882],[97.214986,4.100087],[97.216042,4.102463],[97.218652,4.102864],[97.223661,4.095765],[97.217893,4.087956],[97.215485,4.076956],[97.202265,4.077812],[97.200907,4.049377],[97.189009,4.049834],[97.174394,4.057983],[97.174021,4.061691],[97.17247,4.064387],[97.167177,4.067083],[97.164946,4.066361],[97.16256,4.06106],[97.151107,4.061734],[97.142962,4.059221],[97.141782,4.0621],[97.138341,4.065517],[97.136722,4.0656],[97.13421,4.063543],[97.132371,4.063701],[97.129073,4.066378],[97.128056,4.069044],[97.118856,4.072037],[97.141412,4.109762],[97.144257,4.123917],[97.142978,4.125586],[97.130539,4.128488],[97.133239,4.139842],[97.130384,4.146053],[97.128171,4.147338],[97.119029,4.147737],[97.115574,4.163625],[97.099632,4.178318],[97.083689,4.184564],[97.068568,4.195117],[97.054874,4.195236],[97.044809,4.203588],[97.043697,4.208005],[97.044783,4.213816],[97.041738,4.212732],[97.045614,4.21422],[97.049845,4.215581],[97.067591,4.220359],[97.080231,4.228773],[97.088485,4.231731],[97.100818,4.233573],[97.110379,4.236802],[97.113907,4.239411],[97.123912,4.250112],[97.13936,4.262969],[97.149536,4.265963],[97.154465,4.2722],[97.161227,4.277561],[97.164174,4.272925]],[[97.183128,4.160689],[97.191178,4.155344],[97.191843,4.152623],[97.194933,4.150083],[97.210489,4.14192],[97.214121,4.141853],[97.21602,4.14375],[97.219229,4.144013],[97.226959,4.143088],[97.226829,4.147079],[97.21965,4.149976],[97.22097,4.153736],[97.218812,4.157247],[97.215033,4.159562],[97.212219,4.152357],[97.203342,4.155691],[97.204045,4.157142],[97.195755,4.161705],[97.192637,4.157123],[97.185927,4.161382],[97.18337,4.161802],[97.183128,4.160689]],[[97.233701,4.142375],[97.233165,4.140266],[97.231336,4.140077],[97.227854,4.141652],[97.22668,4.141186],[97.22505,4.136806],[97.227705,4.133405],[97.235721,4.133052],[97.239347,4.139178],[97.238846,4.142198],[97.233701,4.142375]],[[97.154898,4.068324],[97.157491,4.066721],[97.16095,4.070489],[97.161741,4.0728],[97.159929,4.072741],[97.157936,4.081253],[97.154956,4.079451],[97.15335,4.075031],[97.154898,4.068324]],[[97.150627,4.063936],[97.150567,4.067545],[97.148299,4.066692],[97.145203,4.062334],[97.146144,4.061388],[97.150627,4.063936]]]}},{"type":"Feature","properties":{"nmkec":"Pantan Cuaca","nmkab":"Gayo Lues","nmprov":"Aceh","kdkec":"041","kdkab":"13","kodekab":"1113","idkec":"1113041","index":315},"geometry":{"type":"MultiPolygon","coordinates":[[[[97.185927,4.161382],[97.192637,4.157123],[97.195755,4.161705],[97.204045,4.157142],[97.203342,4.155691],[97.212219,4.152357],[97.215033,4.159562],[97.218812,4.157247],[97.22097,4.153736],[97.21965,4.149976],[97.226829,4.147079],[97.226959,4.143088],[97.219229,4.144013],[97.21602,4.14375],[97.214121,4.141853],[97.210489,4.14192],[97.194933,4.150083],[97.191843,4.152623],[97.191178,4.155344],[97.183027,4.160713],[97.18337,4.161802],[97.185927,4.161382]]],[[[97.222236,4.105993],[97.227714,4.102147],[97.223661,4.095765],[97.218652,4.102864],[97.216042,4.102463],[97.214986,4.100087],[97.210408,4.096882],[97.207059,4.0985],[97.208286,4.105942],[97.213371,4.103163],[97.214275,4.106504],[97.217075,4.107261],[97.222236,4.105993]]],[[[97.238846,4.142198],[97.239347,4.139178],[97.235721,4.133052],[97.227705,4.133405],[97.22505,4.136806],[97.22668,4.141186],[97.227854,4.141652],[97.231336,4.140077],[97.233165,4.140266],[97.233701,4.142375],[97.238846,4.142198]]],[[[97.159929,4.072741],[97.161741,4.0728],[97.16095,4.070489],[97.157491,4.066721],[97.154263,4.068968],[97.15335,4.075031],[97.154956,4.079451],[97.157452,4.081255],[97.159929,4.072741]]],[[[97.15136,4.065658],[97.150627,4.063936],[97.146144,4.061388],[97.145203,4.062334],[97.148299,4.066692],[97.150567,4.067545],[97.15136,4.065658]]],[[[97.164174,4.272925],[97.161227,4.277561],[97.162878,4.278347],[97.167419,4.275738],[97.164174,4.272925]]]]}},{"type":"Feature","properties":{"nmkec":"Kota Kualasimpang","nmkab":"Aceh Tamiang","nmprov":"Aceh","kdkec":"040","kdkab":"14","kodekab":"1114","idkec":"1114040","index":316},"geometry":{"type":"Polygon","coordinates":[[[98.071813,4.28467],[98.072786,4.283303],[98.069088,4.280142],[98.064404,4.278502],[98.062097,4.278698],[98.060169,4.275672],[98.056223,4.276221],[98.054878,4.282167],[98.056749,4.285432],[98.05561,4.294558],[98.05749,4.303501],[98.058457,4.303628],[98.062456,4.29988],[98.066414,4.298125],[98.060867,4.29532],[98.064763,4.288501],[98.071813,4.28467]]]}},{"type":"Feature","properties":{"nmkec":"Tripa Makmur","nmkab":"Nagan Raya","nmprov":"Aceh","kdkec":"011","kdkab":"15","kodekab":"1115","idkec":"1115011","index":317},"geometry":{"type":"Polygon","coordinates":[[[96.449617,4.008062],[96.471889,3.995154],[96.480643,3.980482],[96.478718,3.981228],[96.477045,3.980397],[96.477335,3.977118],[96.483857,3.9761],[96.48499,3.974876],[96.485283,3.972512],[96.482489,3.969342],[96.472327,3.973417],[96.469609,3.971882],[96.468612,3.96941],[96.469193,3.960805],[96.466412,3.95896],[96.457333,3.956221],[96.448341,3.948496],[96.464412,3.942542],[96.470372,3.933843],[96.468381,3.914717],[96.471027,3.914566],[96.471679,3.857793],[96.468703,3.857988],[96.468851,3.832711],[96.444716,3.847153],[96.431177,3.847543],[96.431231,3.861012],[96.411378,3.879241],[96.406556,3.873277],[96.407547,3.83829],[96.404533,3.832187],[96.389819,3.846146],[96.389854,3.850044],[96.392089,3.853191],[96.38937,3.857302],[96.387192,3.857933],[96.386441,3.857228],[96.387395,3.849711],[96.386493,3.848705],[96.385299,3.849268],[96.335225,3.923507],[96.382294,3.952494],[96.382459,3.961138],[96.387057,3.965305],[96.409624,3.965964],[96.409542,3.974084],[96.4163,3.985084],[96.427008,3.997495],[96.449617,4.008062]]]}},{"type":"Feature","properties":{"nmkec":"Seruway","nmkab":"Aceh Tamiang","nmprov":"Aceh","kdkec":"050","kdkab":"14","kodekab":"1114","idkec":"1114050","index":318},"geometry":{"type":"MultiPolygon","coordinates":[[[[98.277814,4.421238],[98.287725,4.418078],[98.287265,4.41541],[98.286185,4.413916],[98.287265,4.416717],[98.286449,4.416943],[98.284464,4.412019],[98.28474,4.406014],[98.284024,4.404406],[98.28273,4.407659],[98.284027,4.412242],[98.281801,4.407898],[98.280965,4.398621],[98.274539,4.396542],[98.274087,4.392836],[98.277341,4.389846],[98.278786,4.385135],[98.27773,4.384042],[98.277504,4.380348],[98.281424,4.3631],[98.282052,4.348553],[98.278082,4.346316],[98.277592,4.340261],[98.279853,4.330261],[98.274954,4.323679],[98.270783,4.322448],[98.265529,4.310277],[98.254691,4.290087],[98.252302,4.289197],[98.248726,4.293528],[98.244988,4.294372],[98.239326,4.289646],[98.23897,4.283957],[98.234871,4.283711],[98.229685,4.285521],[98.230765,4.290726],[98.229799,4.292299],[98.223774,4.288662],[98.219915,4.289989],[98.21618,4.287686],[98.213768,4.28841],[98.21111,4.293248],[98.212431,4.298454],[98.209417,4.298814],[98.205801,4.297721],[98.201217,4.300137],[98.198926,4.300013],[98.197605,4.294807],[98.194487,4.295365],[98.190606,4.293418],[98.189299,4.288632],[98.181072,4.287928],[98.174816,4.289587],[98.167497,4.289845],[98.162169,4.285813],[98.152083,4.287086],[98.147635,4.285603],[98.145798,4.291475],[98.142383,4.295272],[98.141995,4.30359],[98.137775,4.309105],[98.129131,4.317251],[98.126008,4.318846],[98.124035,4.318524],[98.121545,4.320768],[98.119157,4.325013],[98.120614,4.337913],[98.118737,4.348692],[98.122226,4.359704],[98.122418,4.362392],[98.121323,4.365129],[98.123991,4.365787],[98.125443,4.371245],[98.129247,4.373876],[98.132654,4.37414],[98.133514,4.365812],[98.146738,4.369861],[98.146723,4.364073],[98.147521,4.3616],[98.149299,4.360344],[98.15307,4.36089],[98.156263,4.366434],[98.157859,4.366938],[98.163824,4.357865],[98.169957,4.353875],[98.172594,4.354505],[98.173989,4.357487],[98.170695,4.362035],[98.170946,4.364594],[98.172906,4.366473],[98.176778,4.366142],[98.179304,4.364095],[98.180626,4.356227],[98.18323,4.354967],[98.185163,4.356143],[98.187263,4.360764],[98.188355,4.368493],[98.187515,4.373785],[98.190539,4.374121],[98.200789,4.370929],[98.205409,4.372777],[98.205829,4.375129],[98.204865,4.377059],[98.195328,4.379162],[98.193664,4.381267],[98.195526,4.383538],[98.202553,4.384035],[98.203813,4.385799],[98.202721,4.391344],[98.203561,4.393118],[98.206304,4.393041],[98.209742,4.39058],[98.211274,4.391049],[98.219691,4.401383],[98.223892,4.401215],[98.227252,4.396258],[98.227672,4.391386],[98.226832,4.385085],[98.231033,4.384245],[98.23554,4.386431],[98.237146,4.388628],[98.235761,4.396056],[98.241112,4.395895],[98.244546,4.403315],[98.258714,4.411233],[98.262747,4.410141],[98.266107,4.410729],[98.277814,4.421238]]],[[[98.284631,4.402422],[98.287265,4.391516],[98.28665,4.389155],[98.282014,4.390511],[98.285042,4.391328],[98.283899,4.398577],[98.284631,4.402422]]]]}},{"type":"Feature","properties":{"nmkec":"Kuala","nmkab":"Nagan Raya","nmprov":"Aceh","kdkec":"020","kdkab":"15","kodekab":"1115","idkec":"1115020","index":319},"geometry":{"type":"Polygon","coordinates":[[[96.345103,4.150778],[96.345556,4.142443],[96.333344,4.140534],[96.331367,4.134661],[96.334776,4.132663],[96.33717,4.126291],[96.336763,4.123379],[96.332271,4.118481],[96.32868,4.118045],[96.330305,4.114078],[96.328336,4.110165],[96.325889,4.108705],[96.323947,4.111164],[96.322196,4.109332],[96.321955,4.104785],[96.319025,4.101381],[96.315577,4.093416],[96.318311,4.089339],[96.318062,4.080201],[96.321917,4.074971],[96.321916,4.076002],[96.345112,4.075567],[96.338217,4.050724],[96.336542,4.047655],[96.329906,4.040424],[96.322683,4.035798],[96.316587,4.028201],[96.295944,4.053063],[96.293322,4.053113],[96.286565,4.058125],[96.285724,4.075091],[96.28094,4.075957],[96.271506,4.075717],[96.265928,4.077137],[96.261508,4.079291],[96.256289,4.090737],[96.240843,4.094342],[96.247181,4.113688],[96.237771,4.126323],[96.254401,4.132491],[96.26326,4.138323],[96.268759,4.147408],[96.271021,4.149346],[96.274992,4.146778],[96.275009,4.145157],[96.28004,4.144045],[96.307402,4.14259],[96.31389,4.140376],[96.338487,4.148534],[96.337949,4.14954],[96.34169,4.151772],[96.345103,4.150778]]]}},{"type":"Feature","properties":{"nmkec":"Tadu Raya","nmkab":"Nagan Raya","nmprov":"Aceh","kdkec":"022","kdkab":"15","kodekab":"1115","idkec":"1115022","index":320},"geometry":{"type":"Polygon","coordinates":[[[96.358449,4.199237],[96.379703,4.194709],[96.391357,4.18903],[96.392171,4.182422],[96.394167,4.177365],[96.403549,4.166852],[96.408772,4.16491],[96.419587,4.16667],[96.423576,4.168686],[96.424145,4.17027],[96.450522,4.164933],[96.459732,4.160467],[96.466217,4.159225],[96.480523,4.158854],[96.485213,4.160354],[96.494977,4.16829],[96.503168,4.171338],[96.506056,4.170357],[96.510306,4.166051],[96.51509,4.157732],[96.515503,4.15271],[96.510013,4.131268],[96.500407,4.126958],[96.487444,4.117408],[96.480694,4.110555],[96.465323,4.08665],[96.459319,4.065067],[96.455261,4.044318],[96.457357,4.014167],[96.456338,4.012509],[96.449617,4.008062],[96.427008,3.997495],[96.4163,3.985084],[96.409542,3.974084],[96.409624,3.965964],[96.387057,3.965305],[96.382459,3.961138],[96.382294,3.952494],[96.335202,3.923228],[96.295935,3.982754],[96.306327,3.990603],[96.300198,4.004323],[96.303031,4.009769],[96.322683,4.035798],[96.329906,4.040424],[96.336542,4.047655],[96.338217,4.050724],[96.345112,4.075567],[96.321916,4.076002],[96.321917,4.074971],[96.318062,4.080201],[96.318311,4.089339],[96.315577,4.093416],[96.319025,4.101381],[96.321955,4.104785],[96.322196,4.109332],[96.323947,4.111164],[96.325889,4.108705],[96.328336,4.110165],[96.330305,4.114078],[96.32868,4.118045],[96.332271,4.118481],[96.336763,4.123379],[96.33717,4.126291],[96.334776,4.132663],[96.331367,4.134661],[96.333344,4.140534],[96.345556,4.142443],[96.345103,4.150778],[96.34169,4.151772],[96.337949,4.14954],[96.338487,4.148534],[96.336017,4.147852],[96.331735,4.160232],[96.338502,4.161314],[96.341701,4.175075],[96.341443,4.18034],[96.333811,4.183828],[96.334057,4.18551],[96.334528,4.186562],[96.342455,4.18392],[96.353551,4.186323],[96.355827,4.187991],[96.357837,4.19492],[96.355996,4.19577],[96.358449,4.199237]]]}},{"type":"Feature","properties":{"nmkec":"Beutong","nmkab":"Nagan Raya","nmprov":"Aceh","kdkec":"030","kdkab":"15","kodekab":"1115","idkec":"1115030","index":321},"geometry":{"type":"Polygon","coordinates":[[[96.381576,4.334514],[96.386409,4.334587],[96.38737,4.33294],[96.386631,4.328169],[96.384122,4.323064],[96.384274,4.319687],[96.385712,4.316933],[96.390899,4.317112],[96.395508,4.309509],[96.395507,4.304843],[96.389942,4.300086],[96.390594,4.293231],[96.395838,4.286857],[96.398941,4.285472],[96.416882,4.293722],[96.433017,4.299043],[96.433098,4.308651],[96.453468,4.308266],[96.453674,4.298889],[96.45752,4.295471],[96.455081,4.286245],[96.451486,4.285611],[96.449794,4.288317],[96.447341,4.287598],[96.443914,4.284239],[96.446373,4.282227],[96.450442,4.282672],[96.453195,4.28034],[96.457265,4.274111],[96.472254,4.265734],[96.474249,4.262821],[96.470169,4.255699],[96.482658,4.254998],[96.481588,4.243013],[96.485958,4.23949],[96.491325,4.23746],[96.508588,4.235574],[96.507573,4.1848],[96.475073,4.184228],[96.47271,4.184946],[96.469888,4.183264],[96.465845,4.177079],[96.471924,4.170898],[96.475891,4.169312],[96.473884,4.165093],[96.476074,4.162903],[96.475935,4.160765],[96.474225,4.159393],[96.466217,4.159225],[96.459732,4.160467],[96.450522,4.164933],[96.424145,4.17027],[96.423576,4.168686],[96.41637,4.165898],[96.408772,4.16491],[96.403549,4.166852],[96.394167,4.177365],[96.392171,4.182422],[96.391357,4.18903],[96.379703,4.194709],[96.368495,4.19691],[96.371273,4.200288],[96.373144,4.207016],[96.371313,4.209347],[96.355465,4.221736],[96.382535,4.236048],[96.387614,4.244673],[96.379195,4.265809],[96.380236,4.267508],[96.380647,4.272351],[96.379351,4.274335],[96.376487,4.293867],[96.376447,4.302163],[96.380238,4.317894],[96.378507,4.332436],[96.381576,4.334514]]]}},{"type":"Feature","properties":{"nmkec":"Seunagan","nmkab":"Nagan Raya","nmprov":"Aceh","kdkec":"040","kdkab":"15","kodekab":"1115","idkec":"1115040","index":322},"geometry":{"type":"Polygon","coordinates":[[[96.284578,4.27249],[96.30715,4.257876],[96.311838,4.251436],[96.31755,4.248385],[96.321147,4.247142],[96.327329,4.249264],[96.329026,4.251466],[96.334118,4.250988],[96.336139,4.246811],[96.341757,4.24639],[96.342052,4.233706],[96.346882,4.223396],[96.352874,4.225825],[96.355487,4.221716],[96.346316,4.216793],[96.327458,4.223553],[96.324018,4.223822],[96.319685,4.221327],[96.312951,4.213412],[96.306417,4.200733],[96.306596,4.194736],[96.304539,4.194422],[96.302055,4.197384],[96.301257,4.192285],[96.30352,4.188404],[96.300608,4.187057],[96.290115,4.189133],[96.290612,4.191812],[96.274187,4.191753],[96.272382,4.199054],[96.275733,4.205197],[96.276874,4.210487],[96.275069,4.214271],[96.270437,4.215483],[96.267891,4.220443],[96.267236,4.227101],[96.269077,4.237665],[96.271819,4.244612],[96.268154,4.260983],[96.272087,4.261998],[96.273946,4.266104],[96.274108,4.27088],[96.284578,4.27249]]]}},{"type":"Feature","properties":{"nmkec":"Suka Makmue","nmkab":"Nagan Raya","nmprov":"Aceh","kdkec":"041","kdkab":"15","kodekab":"1115","idkec":"1115041","index":323},"geometry":{"type":"Polygon","coordinates":[[[96.324885,4.223978],[96.346316,4.216793],[96.355491,4.221718],[96.371313,4.209347],[96.373144,4.207016],[96.371273,4.200288],[96.368495,4.19691],[96.358449,4.199237],[96.355996,4.19577],[96.357837,4.19492],[96.355827,4.187991],[96.353551,4.186323],[96.342455,4.18392],[96.334528,4.186562],[96.333811,4.183828],[96.341443,4.18034],[96.341701,4.175075],[96.338502,4.161314],[96.331735,4.160232],[96.336017,4.147852],[96.31389,4.140376],[96.307402,4.14259],[96.286041,4.143246],[96.275009,4.145157],[96.274992,4.146778],[96.271021,4.149346],[96.275636,4.153516],[96.272494,4.158289],[96.271254,4.168736],[96.277695,4.179801],[96.277328,4.183954],[96.274187,4.191753],[96.290612,4.191812],[96.290115,4.189133],[96.300608,4.187057],[96.30352,4.188404],[96.301257,4.192285],[96.302055,4.197384],[96.304539,4.194422],[96.306596,4.194736],[96.306417,4.200733],[96.312951,4.213412],[96.319212,4.221019],[96.324885,4.223978]]]}},{"type":"Feature","properties":{"nmkec":"Seunagan Timur","nmkab":"Nagan Raya","nmprov":"Aceh","kdkec":"050","kdkab":"15","kodekab":"1115","idkec":"1115050","index":324},"geometry":{"type":"Polygon","coordinates":[[[96.483047,4.389282],[96.478046,4.389665],[96.470276,4.391907],[96.465088,4.391479],[96.459195,4.388589],[96.457335,4.385686],[96.457057,4.382532],[96.451647,4.377432],[96.441947,4.374496],[96.435277,4.373697],[96.433361,4.377721],[96.428329,4.382885],[96.42609,4.383513],[96.425365,4.378751],[96.422185,4.375544],[96.417819,4.37725],[96.410164,4.376018],[96.405178,4.372202],[96.404861,4.370063],[96.407528,4.366873],[96.407071,4.364202],[96.403489,4.362231],[96.401698,4.365094],[96.400694,4.365098],[96.397838,4.364195],[96.396535,4.36276],[96.394134,4.357115],[96.394568,4.355434],[96.395832,4.354805],[96.396491,4.349908],[96.390498,4.345844],[96.387297,4.346171],[96.386336,4.345095],[96.386664,4.343619],[96.390721,4.342209],[96.390833,4.340457],[96.38515,4.341706],[96.384995,4.344358],[96.383627,4.345899],[96.379408,4.342955],[96.381817,4.336587],[96.385048,4.334821],[96.381576,4.334514],[96.378507,4.332436],[96.380238,4.317894],[96.376447,4.302163],[96.376487,4.293867],[96.378417,4.280069],[96.379351,4.274335],[96.380647,4.272351],[96.380236,4.267508],[96.37912,4.266152],[96.387614,4.244673],[96.382535,4.236048],[96.355465,4.221736],[96.352874,4.225825],[96.346882,4.223396],[96.342052,4.233706],[96.341757,4.24639],[96.336139,4.246811],[96.334118,4.250988],[96.329026,4.251466],[96.327329,4.249264],[96.321147,4.247142],[96.31755,4.248385],[96.311838,4.251436],[96.30715,4.257876],[96.286827,4.270827],[96.283434,4.279355],[96.282863,4.285802],[96.286949,4.289213],[96.291516,4.324037],[96.297634,4.350394],[96.297961,4.357536],[96.296733,4.368324],[96.30159,4.370189],[96.311178,4.36788],[96.315012,4.36604],[96.319707,4.366161],[96.320471,4.367682],[96.323619,4.368043],[96.329151,4.367167],[96.338614,4.374193],[96.342261,4.379875],[96.350996,4.38179],[96.358777,4.381687],[96.359585,4.382902],[96.359319,4.386672],[96.371614,4.392765],[96.372777,4.394784],[96.373201,4.396537],[96.371504,4.402182],[96.373553,4.410466],[96.370778,4.412885],[96.371658,4.416938],[96.384245,4.419991],[96.410906,4.420318],[96.434111,4.422986],[96.442236,4.425675],[96.450076,4.430288],[96.460481,4.439025],[96.4646,4.443958],[96.471478,4.442162],[96.487915,4.43512],[96.500916,4.415527],[96.500488,4.409485],[96.495728,4.406677],[96.490112,4.395691],[96.483047,4.389282]]]}},{"type":"Feature","properties":{"nmkec":"Bandar Baru","nmkab":"Pidie Jaya","nmprov":"Aceh","kdkec":"080","kdkab":"18","kodekab":"1118","idkec":"1118080","index":325},"geometry":{"type":"MultiPolygon","coordinates":[[[[96.060533,5.29892],[96.084309,5.287699],[96.092679,5.285321],[96.104916,5.282563],[96.105682,5.284632],[96.107533,5.285644],[96.117837,5.281937],[96.13171,5.279007],[96.127758,5.273182],[96.12913,5.269001],[96.132,5.268238],[96.132152,5.26692],[96.124403,5.258779],[96.12584,5.256981],[96.120512,5.242883],[96.12305,5.239786],[96.128931,5.237668],[96.132259,5.23823],[96.132648,5.235493],[96.131967,5.233156],[96.127558,5.228489],[96.128337,5.220365],[96.12695,5.21243],[96.127456,5.210062],[96.123903,5.197008],[96.121632,5.195736],[96.117912,5.199816],[96.113737,5.200919],[96.109242,5.199662],[96.10055,5.192649],[96.097472,5.191568],[96.093273,5.194975],[96.090643,5.188254],[96.082441,5.180376],[96.08181,5.177679],[96.082546,5.174433],[96.08545,5.174512],[96.097974,5.167156],[96.098908,5.164146],[96.096844,5.161751],[96.091942,5.164813],[96.080877,5.164761],[96.067892,5.170127],[96.065816,5.174813],[96.066145,5.180991],[96.066637,5.182653],[96.068582,5.1837],[96.069962,5.189145],[96.064125,5.198826],[96.059742,5.195556],[96.057686,5.190998],[96.052624,5.192438],[96.051243,5.194093],[96.053244,5.195777],[96.055367,5.200119],[96.038896,5.230576],[96.040622,5.233477],[96.037066,5.237692],[96.039912,5.245848],[96.046198,5.243945],[96.052026,5.253207],[96.055153,5.253928],[96.054977,5.257709],[96.053968,5.257869],[96.045329,5.267817],[96.046572,5.272805],[96.048595,5.273272],[96.052591,5.28182],[96.053334,5.284878],[96.051592,5.287796],[96.052273,5.290623],[96.058815,5.296294],[96.060533,5.29892]]],[[[96.130698,5.274764],[96.130827,5.274713],[96.130815,5.274718],[96.130698,5.274764]]]]}},{"type":"Feature","properties":{"nmkec":"Pidie Jaya","nmkab":"Pidie Jaya","nmprov":"Aceh","kdkec":"080","kdkab":"18","kodekab":"1118","idkec":"1118080","index":326},"geometry":{"type":"Polygon","coordinates":[[[96.113737,5.200919],[96.117912,5.199816],[96.122022,5.195626],[96.121039,5.187538],[96.11849,5.179315],[96.119511,5.17721],[96.123243,5.176666],[96.136554,5.179279],[96.149656,5.178014],[96.156012,5.172956],[96.155747,5.170843],[96.154344,5.171152],[96.152929,5.168713],[96.151621,5.164229],[96.146085,5.163138],[96.144335,5.161487],[96.142525,5.15617],[96.148081,5.15032],[96.146978,5.140568],[96.15458,5.13135],[96.156956,5.125709],[96.15252,5.120337],[96.153846,5.116013],[96.153587,5.112572],[96.145289,5.106238],[96.140956,5.092628],[96.133656,5.08254],[96.131269,5.076431],[96.126024,5.078038],[96.120047,5.081322],[96.111832,5.090175],[96.108153,5.090719],[96.101306,5.089123],[96.087611,5.090755],[96.081201,5.093549],[96.080145,5.096922],[96.076721,5.101348],[96.066924,5.105411],[96.060441,5.105157],[96.049514,5.114154],[96.044451,5.116984],[96.043687,5.125255],[96.040736,5.130733],[96.03469,5.137262],[96.027697,5.140563],[96.023454,5.145551],[96.022908,5.150557],[96.024401,5.152371],[96.025002,5.160478],[96.027115,5.163534],[96.029609,5.1625],[96.034872,5.174163],[96.036111,5.17467],[96.038278,5.173129],[96.043113,5.172485],[96.05157,5.181805],[96.051195,5.186793],[96.049137,5.189467],[96.0506,5.193751],[96.057686,5.190998],[96.059742,5.195556],[96.064125,5.198826],[96.070094,5.188791],[96.068582,5.1837],[96.066637,5.182653],[96.066145,5.180991],[96.065816,5.174813],[96.067892,5.170127],[96.080877,5.164761],[96.091942,5.164813],[96.096844,5.161751],[96.098908,5.164146],[96.097974,5.167156],[96.08545,5.174512],[96.082546,5.174433],[96.08181,5.177679],[96.082441,5.180376],[96.090643,5.188254],[96.093273,5.194975],[96.097472,5.191568],[96.10055,5.192649],[96.109242,5.199662],[96.113737,5.200919]]]}},{"type":"Feature","properties":{"nmkec":"Teunom","nmkab":"Aceh Jaya","nmprov":"Aceh","kdkec":"010","kdkab":"16","kodekab":"1116","idkec":"1116010","index":327},"geometry":{"type":"Polygon","coordinates":[[[95.873027,4.553338],[95.87226,4.523416],[95.864278,4.510445],[95.85845,4.498482],[95.838118,4.471245],[95.836584,4.466258],[95.837351,4.460121],[95.839653,4.457052],[95.843489,4.457819],[95.848859,4.450531],[95.851928,4.452065],[95.855381,4.455517],[95.862286,4.453599],[95.866889,4.454367],[95.869574,4.459354],[95.868807,4.460121],[95.869191,4.462422],[95.872643,4.467409],[95.884535,4.473547],[95.892207,4.475849],[95.904866,4.476616],[95.916758,4.480836],[95.930952,4.494646],[95.94246,4.508455],[95.955119,4.518046],[95.967592,4.520604],[95.95371,4.50326],[95.946486,4.486528],[95.941347,4.47835],[95.935166,4.465692],[95.927478,4.44418],[95.920292,4.433455],[95.919953,4.428223],[95.917646,4.427305],[95.911495,4.421002],[95.909002,4.414775],[95.865547,4.378689],[95.861431,4.384254],[95.854037,4.39143],[95.818003,4.423731],[95.810958,4.429086],[95.801364,4.439094],[95.785663,4.45989],[95.775089,4.471958],[95.741099,4.506194],[95.741928,4.510278],[95.740778,4.513346],[95.741313,4.516825],[95.747167,4.522392],[95.75647,4.521802],[95.770581,4.524451],[95.791363,4.52618],[95.812493,4.532325],[95.814808,4.535945],[95.817165,4.548404],[95.82518,4.569997],[95.82773,4.574332],[95.833791,4.581067],[95.83776,4.587681],[95.840516,4.588534],[95.847037,4.602727],[95.8643,4.617305],[95.883097,4.628813],[95.899975,4.646075],[95.914169,4.664105],[95.931431,4.680984],[95.947159,4.69441],[95.969409,4.704767],[95.984753,4.724331],[96.000234,4.749693],[96.004749,4.746504],[96.011747,4.733669],[95.99348,4.715988],[95.98926,4.705631],[95.980437,4.692204],[95.962791,4.668804],[95.920978,4.622771],[95.887604,4.602823],[95.884535,4.598604],[95.883001,4.594],[95.876863,4.586328],[95.877247,4.577505],[95.876096,4.565997],[95.873027,4.553338]]]}},{"type":"Feature","properties":{"nmkec":"Pasie Raya","nmkab":"Aceh Jaya","nmprov":"Aceh","kdkec":"011","kdkab":"16","kodekab":"1116","idkec":"1116011","index":328},"geometry":{"type":"Polygon","coordinates":[[[96.040017,4.563205],[96.032016,4.562041],[96.020528,4.556675],[96.006431,4.546069],[96.001843,4.541033],[95.997265,4.538421],[95.988004,4.535282],[95.967592,4.520604],[95.955119,4.518046],[95.94246,4.508455],[95.930952,4.494646],[95.916758,4.480836],[95.904866,4.476616],[95.892207,4.475849],[95.884535,4.473547],[95.872643,4.467409],[95.869191,4.462422],[95.868807,4.460121],[95.869574,4.459354],[95.866889,4.454367],[95.862286,4.453599],[95.855381,4.455517],[95.851928,4.452065],[95.848859,4.450531],[95.843489,4.457819],[95.839653,4.457052],[95.837351,4.460121],[95.836584,4.466258],[95.838118,4.471245],[95.85845,4.498482],[95.864278,4.510445],[95.87226,4.523416],[95.873027,4.553338],[95.876096,4.565997],[95.877247,4.577505],[95.876863,4.586328],[95.883001,4.594],[95.884535,4.598604],[95.887604,4.602823],[95.920978,4.622771],[95.93709,4.63965],[95.962791,4.668804],[95.980437,4.692204],[95.98926,4.705631],[95.99348,4.715988],[96.011747,4.733669],[96.028044,4.694025],[96.031441,4.68365],[96.032755,4.668916],[96.043575,4.656981],[96.037235,4.647525],[96.03419,4.641236],[96.033345,4.631987],[96.034425,4.630037],[96.030111,4.617585],[96.029801,4.61414],[96.03133,4.610412],[96.037909,4.601606],[96.049293,4.595562],[96.051844,4.590743],[96.052437,4.58327],[96.048938,4.58304],[96.047611,4.58028],[96.048376,4.572352],[96.047778,4.566599],[96.040017,4.563205]]]}},{"type":"Feature","properties":{"nmkec":"Panga","nmkab":"Aceh Jaya","nmprov":"Aceh","kdkec":"020","kdkab":"16","kodekab":"1116","idkec":"1116020","index":329},"geometry":{"type":"Polygon","coordinates":[[[95.994839,4.756417],[95.997016,4.751966],[96.000234,4.749693],[95.984753,4.724331],[95.969409,4.704767],[95.947159,4.69441],[95.931431,4.680984],[95.914169,4.664105],[95.899975,4.646075],[95.883097,4.628813],[95.8643,4.617305],[95.847037,4.602727],[95.840516,4.588534],[95.83776,4.587681],[95.833791,4.581067],[95.82773,4.574332],[95.82518,4.569997],[95.817165,4.548404],[95.814808,4.535945],[95.812493,4.532325],[95.791363,4.52618],[95.770581,4.524451],[95.75647,4.521802],[95.747167,4.522392],[95.741313,4.516825],[95.740778,4.513346],[95.741928,4.510278],[95.741099,4.506194],[95.717442,4.527135],[95.71085,4.534053],[95.669056,4.568314],[95.677003,4.578656],[95.684579,4.584026],[95.688607,4.582972],[95.691292,4.59074],[95.692059,4.60829],[95.69369,4.610495],[95.70601,4.617065],[95.709859,4.621007],[95.711313,4.633523],[95.714933,4.639795],[95.720658,4.646108],[95.723688,4.655116],[95.731601,4.671532],[95.740777,4.680455],[95.752816,4.688452],[95.77396,4.705535],[95.786139,4.708987],[95.798703,4.716947],[95.808676,4.721167],[95.83035,4.734401],[95.866985,4.750896],[95.964038,4.750225],[95.977656,4.751184],[95.989548,4.75339],[95.994839,4.756417]]]}},{"type":"Feature","properties":{"nmkec":"Gajah Putih","nmkab":"Bener Meriah","nmprov":"Aceh","kdkec":"011","kdkab":"17","kodekab":"1117","idkec":"1117011","index":330},"geometry":{"type":"Polygon","coordinates":[[[96.698493,4.833465],[96.706307,4.832676],[96.707592,4.829373],[96.710631,4.826345],[96.719968,4.821024],[96.724538,4.819917],[96.728826,4.822535],[96.744129,4.823089],[96.750846,4.824993],[96.756351,4.823954],[96.760318,4.82145],[96.788351,4.823768],[96.788485,4.816561],[96.78248,4.816002],[96.782435,4.803614],[96.787763,4.804149],[96.787904,4.797592],[96.7958,4.799409],[96.796126,4.790505],[96.785449,4.784943],[96.779088,4.784068],[96.774152,4.785761],[96.763852,4.783434],[96.760767,4.780996],[96.752712,4.777283],[96.750823,4.779217],[96.749613,4.783944],[96.749927,4.78675],[96.752906,4.786681],[96.759217,4.789039],[96.754761,4.79565],[96.75614,4.798021],[96.732842,4.797608],[96.725534,4.79582],[96.716969,4.79582],[96.716973,4.792365],[96.712727,4.787861],[96.70694,4.784066],[96.704655,4.77555],[96.700232,4.772583],[96.696271,4.772306],[96.700322,4.775981],[96.701505,4.77889],[96.699831,4.791436],[96.700632,4.800182],[96.705595,4.809868],[96.708217,4.819386],[96.70651,4.82432],[96.693695,4.832662],[96.691657,4.838772],[96.693122,4.84266],[96.696741,4.839752],[96.698493,4.833465]]]}},{"type":"Feature","properties":{"nmkec":"Darul Hikmah","nmkab":"Aceh Jaya","nmprov":"Aceh","kdkec":"051","kdkab":"16","kodekab":"1116","idkec":"1116051","index":331},"geometry":{"type":"MultiPolygon","coordinates":[[[[95.762373,5.055709],[95.765957,5.039124],[95.771403,5.030324],[95.741579,4.981491],[95.733523,4.97075],[95.727385,4.959242],[95.724316,4.956556],[95.700916,4.949652],[95.685572,4.955789],[95.672913,4.94735],[95.667542,4.927786],[95.662555,4.916278],[95.667926,4.906687],[95.672744,4.903137],[95.674213,4.898836],[95.675262,4.886457],[95.671905,4.87303],[95.665821,4.855406],[95.655121,4.837363],[95.648407,4.8296],[95.641273,4.825404],[95.633906,4.82289],[95.589669,4.820375],[95.581997,4.813087],[95.570105,4.805798],[95.558213,4.805415],[95.544787,4.8081],[95.529059,4.805798],[95.527908,4.800044],[95.524072,4.791221],[95.509495,4.775109],[95.500672,4.773959],[95.488013,4.768588],[95.485328,4.763218],[95.482907,4.761099],[95.465798,4.77605],[95.458174,4.7803],[95.45463,4.783384],[95.455748,4.786819],[95.455481,4.789409],[95.451561,4.801132],[95.4611,4.805115],[95.471902,4.813858],[95.470114,4.823189],[95.469511,4.833821],[95.472613,4.836033],[95.46934,4.839376],[95.467537,4.838733],[95.458119,4.848856],[95.459647,4.85016],[95.461482,4.850187],[95.469743,4.847931],[95.473979,4.848967],[95.479591,4.853006],[95.48641,4.853163],[95.492001,4.854499],[95.499014,4.857896],[95.517464,4.86124],[95.532937,4.871835],[95.540805,4.880122],[95.555487,4.888499],[95.581206,4.906484],[95.632226,4.954051],[95.660613,5.003153],[95.677101,5.060576],[95.688168,5.060515],[95.696071,5.058954],[95.699667,5.057537],[95.705386,5.052592],[95.707953,5.052629],[95.714476,5.055005],[95.720505,5.05552],[95.72831,5.053687],[95.73355,5.053505],[95.736561,5.05487],[95.743173,5.061115],[95.758753,5.05764],[95.762373,5.055709]]],[[[95.444194,4.77519],[95.450881,4.774587],[95.451799,4.769499],[95.443617,4.773486],[95.444194,4.77519]]]]}},{"type":"Feature","properties":{"nmkec":"Pintu Rime Gayo","nmkab":"Bener Meriah","nmprov":"Aceh","kdkec":"020","kdkab":"17","kodekab":"1117","idkec":"1117020","index":332},"geometry":{"type":"Polygon","coordinates":[[[96.669065,4.983553],[96.686086,4.98074],[96.685803,4.973784],[96.689892,4.973676],[96.689796,4.969504],[96.693294,4.969668],[96.694016,4.973407],[96.708357,4.973058],[96.728172,4.970857],[96.742861,4.966614],[96.764088,4.957745],[96.777046,4.947965],[96.781258,4.943457],[96.785982,4.942061],[96.801038,4.934557],[96.803887,4.931721],[96.80874,4.921622],[96.819331,4.913727],[96.826429,4.910394],[96.832285,4.903509],[96.82803,4.896846],[96.825355,4.886835],[96.82428,4.866828],[96.823431,4.865111],[96.814611,4.861653],[96.784157,4.857933],[96.787604,4.851225],[96.79169,4.847014],[96.786278,4.848298],[96.775249,4.846743],[96.770929,4.844558],[96.76552,4.844757],[96.760318,4.82145],[96.756351,4.823954],[96.750846,4.824993],[96.744129,4.823089],[96.728826,4.822535],[96.724538,4.819917],[96.719968,4.821024],[96.710631,4.826345],[96.707592,4.829373],[96.706307,4.832676],[96.698493,4.833465],[96.696741,4.839752],[96.693122,4.84266],[96.686765,4.861736],[96.687911,4.869873],[96.686979,4.875852],[96.690646,4.887358],[96.691024,4.898647],[96.685274,4.912841],[96.682586,4.925931],[96.677429,4.929536],[96.673322,4.938806],[96.673085,4.944249],[96.675897,4.948004],[96.675905,4.949503],[96.674023,4.951417],[96.665191,4.951348],[96.659495,4.953087],[96.658416,4.954272],[96.656472,4.954007],[96.660174,4.971333],[96.663872,4.983031],[96.669065,4.983553]]]}},{"type":"Feature","properties":{"nmkec":"Bukit","nmkab":"Bener Meriah","nmprov":"Aceh","kdkec":"030","kdkab":"17","kodekab":"1117","idkec":"1117030","index":333},"geometry":{"type":"Polygon","coordinates":[[[96.882679,4.779742],[96.882435,4.773975],[96.893045,4.766041],[96.894287,4.759034],[96.893174,4.751659],[96.897386,4.744],[96.896867,4.737864],[96.904775,4.723535],[96.905538,4.720072],[96.904441,4.716794],[96.905383,4.713463],[96.922646,4.705335],[96.928022,4.701918],[96.92886,4.700094],[96.929882,4.692535],[96.928985,4.689548],[96.92184,4.677682],[96.92041,4.669568],[96.920161,4.66164],[96.921714,4.652016],[96.90435,4.656205],[96.898026,4.656465],[96.885599,4.664304],[96.876778,4.665641],[96.86848,4.671165],[96.851232,4.672108],[96.833586,4.671151],[96.827133,4.672068],[96.839434,4.681745],[96.839536,4.684705],[96.837533,4.685721],[96.837851,4.691469],[96.839335,4.694764],[96.833124,4.69971],[96.829207,4.70467],[96.819709,4.709378],[96.819824,4.711339],[96.826177,4.716724],[96.829353,4.721196],[96.834856,4.724397],[96.837131,4.724404],[96.843742,4.72868],[96.846133,4.735744],[96.845448,4.747205],[96.843042,4.750334],[96.846719,4.755355],[96.846677,4.75868],[96.864264,4.75879],[96.873545,4.768034],[96.881089,4.780147],[96.882679,4.779742]]]}},{"type":"Feature","properties":{"nmkec":"Bener Meriah","nmkab":"Bener Meriah","nmprov":"Aceh","kdkec":"040","kdkab":"17","kodekab":"1117","idkec":"1117040","index":334},"geometry":{"type":"Polygon","coordinates":[[[96.845102,4.763899],[96.846719,4.755355],[96.843864,4.751074],[96.840423,4.747399],[96.836894,4.745972],[96.825086,4.747524],[96.816692,4.751299],[96.815619,4.754488],[96.812881,4.755836],[96.819535,4.770034],[96.830637,4.782643],[96.834364,4.781292],[96.845102,4.763899]]]}},{"type":"Feature","properties":{"nmkec":"Bener Meriah","nmkab":"Bener Meriah","nmprov":"Aceh","kdkec":"050","kdkab":"17","kodekab":"1117","idkec":"1117050","index":335},"geometry":{"type":"Polygon","coordinates":[[[96.963673,4.711364],[96.973716,4.708818],[96.977318,4.708908],[96.981712,4.71042],[96.982882,4.70948],[96.980423,4.705288],[96.980815,4.646263],[96.95477,4.649707],[96.921714,4.652016],[96.920161,4.66164],[96.921213,4.674764],[96.923015,4.679963],[96.928985,4.689548],[96.929965,4.69536],[96.928022,4.701918],[96.922646,4.705335],[96.95156,4.700913],[96.963673,4.711364]]]}},{"type":"Feature","properties":{"nmkec":"Bener Meriah","nmkab":"Bener Meriah","nmprov":"Aceh","kdkec":"060","kdkab":"17","kodekab":"1117","idkec":"1117060","index":336},"geometry":{"type":"MultiPolygon","coordinates":[[[[97.045214,4.90833],[97.048316,4.908156],[97.055601,4.912382],[97.071408,4.910109],[97.081258,4.910686],[97.083634,4.90923],[97.084004,4.907403],[97.086928,4.905583],[97.092214,4.907244],[97.097692,4.905614],[97.099886,4.903609],[97.104448,4.903257],[97.111196,4.90419],[97.115382,4.907675],[97.116106,4.909689],[97.120843,4.911713],[97.131237,4.913205],[97.14365,4.912786],[97.154791,4.908215],[97.17009,4.899604],[97.223229,4.882701],[97.228426,4.881337],[97.232034,4.881691],[97.240278,4.874792],[97.247877,4.873325],[97.255294,4.869975],[97.257821,4.867454],[97.268479,4.850864],[97.271667,4.834648],[97.280261,4.826704],[97.281525,4.824183],[97.28185,4.82024],[97.281076,4.815427],[97.27607,4.804215],[97.273332,4.795478],[97.268946,4.78829],[97.257419,4.774853],[97.254495,4.768167],[97.25286,4.759702],[97.247016,4.761123],[97.237642,4.768897],[97.227471,4.771815],[97.222331,4.767572],[97.220377,4.76784],[97.217848,4.766689],[97.21857,4.764481],[97.217486,4.761723],[97.213886,4.763102],[97.212159,4.766006],[97.210063,4.766439],[97.210366,4.75914],[97.20259,4.769312],[97.165041,4.787974],[97.138463,4.798923],[97.109599,4.808486],[97.092186,4.815325],[97.083478,4.819434],[97.079791,4.828147],[97.071547,4.829961],[97.065597,4.829485],[97.059203,4.824415],[97.055567,4.815222],[97.040945,4.806456],[97.030898,4.798621],[97.010771,4.79443],[96.995493,4.795265],[96.999856,4.800561],[97.00535,4.800618],[97.017161,4.813503],[97.015063,4.819279],[97.006096,4.819253],[97.000745,4.8236],[97.002402,4.845874],[96.997306,4.865347],[97.001475,4.86873],[97.003146,4.871798],[97.005518,4.880888],[97.008633,4.886563],[97.009662,4.90146],[97.010745,4.905303],[97.012197,4.907684],[97.01966,4.913373],[97.024217,4.914666],[97.045214,4.90833]]],[[[97.125569,4.651062],[97.13247,4.580084],[97.106601,4.583992],[97.092571,4.587128],[97.075314,4.595979],[97.060535,4.59876],[97.052183,4.601605],[97.041798,4.608906],[97.035818,4.616495],[97.02585,4.632973],[97.022858,4.640574],[97.010685,4.642842],[96.980815,4.646263],[96.980569,4.683369],[97.125943,4.660249],[97.125569,4.651062]]]]}},{"type":"Feature","properties":{"nmkec":"Syiah Utama","nmkab":"Bener Meriah","nmprov":"Aceh","kdkec":"060","kdkab":"17","kodekab":"1117","idkec":"1117060","index":337},"geometry":{"type":"Polygon","coordinates":[[[97.165441,4.787775],[97.20259,4.769312],[97.210366,4.75914],[97.210063,4.766439],[97.212159,4.766006],[97.213886,4.763102],[97.217486,4.761723],[97.21857,4.764481],[97.217848,4.766689],[97.220377,4.76784],[97.222331,4.767572],[97.227471,4.771815],[97.237642,4.768897],[97.24491,4.76357],[97.24772,4.759702],[97.248483,4.753104],[97.25364,4.743273],[97.253212,4.73971],[97.254039,4.739026],[97.25592,4.739482],[97.257516,4.74199],[97.261677,4.740879],[97.261592,4.738884],[97.259853,4.737544],[97.249849,4.733896],[97.250163,4.730048],[97.254523,4.729706],[97.256433,4.726885],[97.255549,4.725317],[97.256205,4.724234],[97.25991,4.721869],[97.26219,4.722296],[97.263273,4.723978],[97.261563,4.728766],[97.266608,4.728823],[97.272707,4.72204],[97.277837,4.726429],[97.278293,4.727569],[97.27721,4.73059],[97.270028,4.731274],[97.269743,4.732642],[97.272251,4.735321],[97.273961,4.735435],[97.278977,4.731901],[97.28291,4.730704],[97.29716,4.731046],[97.305311,4.729507],[97.309422,4.730609],[97.319276,4.731046],[97.319675,4.740109],[97.321107,4.738788],[97.32413,4.734516],[97.325398,4.72898],[97.327604,4.715839],[97.327209,4.706271],[97.323631,4.697619],[97.313202,4.68509],[97.311955,4.681981],[97.312674,4.673471],[97.311268,4.66667],[97.305672,4.662293],[97.288443,4.65923],[97.274805,4.659281],[97.265761,4.662615],[97.258563,4.663772],[97.25497,4.661833],[97.254312,4.656964],[97.254549,4.649088],[97.25652,4.643824],[97.259328,4.624614],[97.260505,4.6221],[97.265752,4.621348],[97.269981,4.627646],[97.274839,4.631806],[97.280382,4.630191],[97.299064,4.629435],[97.301315,4.628188],[97.306495,4.620517],[97.31254,4.604609],[97.251571,4.598388],[97.234059,4.602039],[97.175927,4.578901],[97.170562,4.575971],[97.150549,4.576999],[97.13247,4.580084],[97.12657,4.63612],[97.125569,4.651062],[97.125943,4.660249],[96.980569,4.683369],[96.980423,4.705288],[96.98403,4.711774],[96.988545,4.713024],[96.993311,4.712543],[96.992826,4.713433],[97.001159,4.714189],[97.001984,4.715301],[97.017464,4.714236],[97.027975,4.711216],[97.031022,4.708729],[97.034615,4.708739],[97.037232,4.710721],[97.049809,4.711],[97.061973,4.70847],[97.064094,4.710637],[97.065994,4.715054],[97.068497,4.748165],[97.08061,4.740003],[97.09128,4.736666],[97.106679,4.736114],[97.113156,4.749797],[97.11529,4.763864],[97.121988,4.768834],[97.157476,4.786755],[97.165441,4.787775]]]}},{"type":"Feature","properties":{"nmkec":"Mesidah","nmkab":"Bener Meriah","nmprov":"Aceh","kdkec":"061","kdkab":"17","kodekab":"1117","idkec":"1117061","index":338},"geometry":{"type":"Polygon","coordinates":[[[97.138463,4.798923],[97.165441,4.787775],[97.157476,4.786755],[97.121988,4.768834],[97.11529,4.763864],[97.113156,4.749797],[97.106679,4.736114],[97.09128,4.736666],[97.08061,4.740003],[97.068497,4.748165],[97.065994,4.715054],[97.064094,4.710637],[97.061973,4.70847],[97.049809,4.711],[97.037232,4.710721],[97.034615,4.708739],[97.031022,4.708729],[97.027975,4.711216],[97.024378,4.712592],[97.017464,4.714236],[97.006683,4.715037],[97.001984,4.715301],[97.001159,4.714189],[96.992826,4.713433],[96.989149,4.720852],[96.987335,4.727517],[96.989046,4.737555],[96.985898,4.745679],[96.983443,4.747365],[96.978309,4.747949],[96.973448,4.750136],[96.973914,4.744802],[96.971491,4.743106],[96.968606,4.744262],[96.961107,4.750016],[96.954813,4.752894],[96.953327,4.755417],[96.959926,4.754549],[96.963131,4.757955],[96.949933,4.767987],[96.955343,4.775731],[96.968598,4.775293],[96.990144,4.784024],[96.992432,4.78691],[96.992501,4.790597],[96.995493,4.795265],[97.010771,4.79443],[97.030898,4.798621],[97.040945,4.806456],[97.055567,4.815222],[97.059203,4.824415],[97.065597,4.829485],[97.071547,4.829961],[97.079791,4.828147],[97.083478,4.819434],[97.109599,4.808486],[97.138463,4.798923]]]}},{"type":"Feature","properties":{"nmkec":"Permata","nmkab":"Bener Meriah","nmprov":"Aceh","kdkec":"070","kdkab":"17","kodekab":"1117","idkec":"1117070","index":339},"geometry":{"type":"Polygon","coordinates":[[[96.893219,4.875934],[96.911469,4.875761],[96.944392,4.864895],[96.957687,4.862562],[96.980342,4.862159],[96.992708,4.863727],[96.997306,4.865347],[97.002402,4.845874],[97.000745,4.8236],[97.006096,4.819253],[97.015063,4.819279],[97.017161,4.813503],[97.00535,4.800618],[96.999856,4.800561],[96.997375,4.79825],[96.992501,4.790597],[96.992432,4.78691],[96.990144,4.784024],[96.968598,4.775293],[96.955343,4.775731],[96.949311,4.77131],[96.947568,4.771716],[96.947644,4.773087],[96.94045,4.775923],[96.935004,4.782945],[96.932367,4.783594],[96.92102,4.781588],[96.907129,4.78353],[96.898399,4.791636],[96.890391,4.793313],[96.883932,4.780548],[96.882679,4.779742],[96.874041,4.782359],[96.874682,4.783115],[96.870104,4.789673],[96.863256,4.793224],[96.858699,4.79321],[96.85826,4.797067],[96.865194,4.811377],[96.870463,4.811822],[96.873164,4.813402],[96.883808,4.826152],[96.881895,4.845865],[96.875903,4.848704],[96.871326,4.854833],[96.870636,4.859544],[96.865892,4.858696],[96.861121,4.8598],[96.861785,4.86273],[96.865975,4.870063],[96.871092,4.87424],[96.870546,4.877108],[96.871229,4.879908],[96.873687,4.883118],[96.877204,4.884859],[96.878638,4.892508],[96.883965,4.899815],[96.887209,4.899371],[96.887448,4.893088],[96.890214,4.877347],[96.893219,4.875934]]]}},{"type":"Feature","properties":{"nmkec":"Pidie Jaya","nmkab":"Pidie Jaya","nmprov":"Aceh","kdkec":"020","kdkab":"18","kodekab":"1118","idkec":"1118020","index":340},"geometry":{"type":"Polygon","coordinates":[[[96.254234,5.200995],[96.258236,5.210936],[96.26781,5.214084],[96.274714,5.2129],[96.273655,5.209817],[96.275271,5.203022],[96.271882,5.202172],[96.258619,5.191916],[96.249474,5.177506],[96.248766,5.186093],[96.246248,5.189792],[96.249298,5.192928],[96.252731,5.194099],[96.25367,5.195348],[96.254234,5.200995]]]}},{"type":"Feature","properties":{"nmkec":"Ulim","nmkab":"Pidie Jaya","nmprov":"Aceh","kdkec":"050","kdkab":"18","kodekab":"1118","idkec":"1118050","index":341},"geometry":{"type":"Polygon","coordinates":[[[96.279468,5.251724],[96.302742,5.241336],[96.308769,5.237912],[96.306086,5.226355],[96.302322,5.215481],[96.304295,5.211783],[96.303404,5.209727],[96.303586,5.20619],[96.305152,5.203539],[96.305109,5.200338],[96.30171,5.193609],[96.292136,5.18863],[96.27635,5.185823],[96.269868,5.182373],[96.267467,5.178394],[96.262894,5.174697],[96.261737,5.172322],[96.262068,5.16989],[96.266953,5.162868],[96.265688,5.158029],[96.2637,5.158135],[96.258777,5.1606],[96.254085,5.168344],[96.251229,5.169644],[96.250957,5.171822],[96.252488,5.176821],[96.249474,5.177506],[96.257262,5.190407],[96.260925,5.193903],[96.28261,5.195663],[96.299332,5.199374],[96.294041,5.207082],[96.2899,5.209986],[96.274461,5.212123],[96.274714,5.2129],[96.270911,5.213953],[96.265685,5.213676],[96.272073,5.224741],[96.265308,5.227263],[96.269559,5.237092],[96.269201,5.243798],[96.273233,5.245516],[96.279468,5.251724]],[[96.275431,5.246149],[96.274761,5.245404],[96.275575,5.246302],[96.275431,5.246149]]]}},{"type":"Feature","properties":{"nmkec":"Pidie Jaya","nmkab":"Pidie Jaya","nmprov":"Aceh","kdkec":"060","kdkab":"18","kodekab":"1118","idkec":"1118060","index":342},"geometry":{"type":"Polygon","coordinates":[[[96.197138,5.22587],[96.212647,5.21327],[96.212339,5.20728],[96.208478,5.206556],[96.203702,5.210146],[96.202287,5.209949],[96.201116,5.208434],[96.201755,5.205889],[96.199967,5.203723],[96.196492,5.202375],[96.193603,5.202804],[96.191884,5.201252],[96.190439,5.196283],[96.187518,5.193284],[96.188218,5.188436],[96.187001,5.185285],[96.179259,5.180256],[96.177419,5.177151],[96.174726,5.175772],[96.173844,5.177242],[96.175213,5.180332],[96.172475,5.179605],[96.162314,5.17303],[96.160291,5.16944],[96.158709,5.168425],[96.155747,5.170843],[96.156012,5.172956],[96.149656,5.178014],[96.136554,5.179279],[96.123243,5.176666],[96.11886,5.177921],[96.118798,5.181108],[96.121039,5.187538],[96.121312,5.193558],[96.122022,5.195626],[96.123903,5.197008],[96.127456,5.210062],[96.12695,5.21243],[96.142596,5.212377],[96.160787,5.20865],[96.171836,5.211688],[96.180172,5.212348],[96.181993,5.217611],[96.178564,5.221103],[96.176435,5.222301],[96.173999,5.221902],[96.164873,5.223532],[96.163968,5.22566],[96.164985,5.232621],[96.16978,5.234433],[96.173732,5.238683],[96.179076,5.235888],[96.18021,5.230715],[96.185155,5.22807],[96.197138,5.22587]]]}},{"type":"Feature","properties":{"nmkec":"Trienggadeng","nmkab":"Pidie Jaya","nmprov":"Aceh","kdkec":"060","kdkab":"18","kodekab":"1118","idkec":"1118060","index":343},"geometry":{"type":"Polygon","coordinates":[[[96.169003,5.265341],[96.188055,5.260208],[96.201258,5.258538],[96.220688,5.259941],[96.240867,5.263834],[96.238361,5.257395],[96.234074,5.254309],[96.234374,5.249868],[96.23292,5.24445],[96.231159,5.242911],[96.227125,5.242683],[96.224242,5.24055],[96.22211,5.23324],[96.219907,5.232173],[96.216434,5.232693],[96.215245,5.231888],[96.213254,5.226958],[96.218061,5.22724],[96.218275,5.22341],[96.21734,5.222645],[96.21149,5.222977],[96.207395,5.224329],[96.204972,5.219542],[96.197138,5.22587],[96.185155,5.22807],[96.18021,5.230715],[96.179076,5.235888],[96.173795,5.238702],[96.16978,5.234433],[96.164985,5.232621],[96.163968,5.22566],[96.164873,5.223532],[96.173999,5.221902],[96.176435,5.222301],[96.178564,5.221103],[96.181993,5.217611],[96.180172,5.212348],[96.171836,5.211688],[96.160787,5.20865],[96.142596,5.212377],[96.12695,5.21243],[96.128337,5.220365],[96.127558,5.228489],[96.131967,5.233156],[96.132259,5.23823],[96.157309,5.235755],[96.161499,5.23919],[96.165318,5.245141],[96.165257,5.247902],[96.16333,5.250748],[96.168265,5.254761],[96.167282,5.258657],[96.169003,5.265341]]]}},{"type":"Feature","properties":{"nmkec":"Panteraja","nmkab":"Pidie Jaya","nmprov":"Aceh","kdkec":"070","kdkab":"18","kodekab":"1118","idkec":"1118070","index":344},"geometry":{"type":"Polygon","coordinates":[[[96.14027,5.278353],[96.146758,5.276178],[96.169003,5.265341],[96.167282,5.258657],[96.168265,5.254761],[96.16333,5.250748],[96.165257,5.247902],[96.165318,5.245141],[96.161499,5.23919],[96.157309,5.235755],[96.135633,5.238366],[96.128931,5.237668],[96.12305,5.239786],[96.120512,5.242883],[96.12584,5.256981],[96.124403,5.258779],[96.132219,5.267183],[96.132,5.268238],[96.12913,5.269001],[96.127758,5.273182],[96.13171,5.279007],[96.14027,5.278353]],[[96.130815,5.274718],[96.130827,5.274713],[96.130698,5.274764],[96.130815,5.274718]]]}},{"type":"Feature","properties":{"nmkec":"Banda Aceh","nmkab":"Banda Aceh","nmprov":"Aceh","kdkec":"010","kdkab":"71","kodekab":"1171","idkec":"1171010","index":345},"geometry":{"type":"Polygon","coordinates":[[[95.287753,5.557194],[95.289004,5.55681],[95.286438,5.555846],[95.284398,5.556793],[95.28755,5.560668],[95.297353,5.565262],[95.298641,5.570002],[95.298334,5.564378],[95.28966,5.56014],[95.287753,5.557194]]]}},{"type":"Feature","properties":{"nmkec":"Banda Raya","nmkab":"Banda Aceh","nmprov":"Aceh","kdkec":"012","kdkab":"71","kodekab":"1171","idkec":"1171012","index":346},"geometry":{"type":"Polygon","coordinates":[[[95.312995,5.539634],[95.319426,5.533904],[95.322928,5.532352],[95.327785,5.532367],[95.327692,5.530772],[95.33023,5.529888],[95.322591,5.518486],[95.320619,5.51722],[95.313162,5.517215],[95.303737,5.520488],[95.305744,5.522883],[95.305234,5.523823],[95.302743,5.524243],[95.299817,5.527964],[95.308549,5.538906],[95.308077,5.536831],[95.308986,5.536078],[95.312995,5.539634]]]}},{"type":"Feature","properties":{"nmkec":"Baiturrahman","nmkab":"Banda Aceh","nmprov":"Aceh","kdkec":"020","kdkab":"71","kodekab":"1171","idkec":"1171020","index":347},"geometry":{"type":"Polygon","coordinates":[[[95.317902,5.55752],[95.318995,5.555419],[95.323786,5.552399],[95.330657,5.553598],[95.330279,5.55096],[95.326727,5.54453],[95.326811,5.536754],[95.327812,5.536747],[95.327806,5.532368],[95.322928,5.532352],[95.319426,5.533904],[95.312995,5.539634],[95.308986,5.536078],[95.308077,5.536831],[95.309294,5.54537],[95.312032,5.548993],[95.313077,5.552406],[95.313941,5.552632],[95.315901,5.559227],[95.318208,5.560542],[95.317902,5.55752]]]}},{"type":"Feature","properties":{"nmkec":"Lueng Bata","nmkab":"Banda Aceh","nmprov":"Aceh","kdkec":"021","kdkab":"71","kodekab":"1171","idkec":"1171021","index":348},"geometry":{"type":"Polygon","coordinates":[[[95.330657,5.553598],[95.338667,5.550249],[95.34152,5.547835],[95.341375,5.541512],[95.344488,5.534893],[95.343419,5.527989],[95.338313,5.528831],[95.330252,5.527924],[95.33023,5.529888],[95.327571,5.530996],[95.326727,5.54453],[95.330279,5.55096],[95.330657,5.553598]]]}},{"type":"Feature","properties":{"nmkec":"Kuta Alam","nmkab":"Banda Aceh","nmprov":"Aceh","kdkec":"030","kdkab":"71","kodekab":"1171","idkec":"1171030","index":349},"geometry":{"type":"Polygon","coordinates":[[[95.338965,5.590336],[95.337787,5.574592],[95.338927,5.569501],[95.339878,5.568146],[95.345097,5.573321],[95.345401,5.572257],[95.345724,5.569962],[95.344966,5.564684],[95.343672,5.562263],[95.343885,5.560031],[95.337538,5.559042],[95.334921,5.55121],[95.330657,5.553598],[95.326234,5.55227],[95.322324,5.553062],[95.317929,5.556784],[95.317931,5.566088],[95.318874,5.568882],[95.322881,5.571763],[95.323093,5.574579],[95.321512,5.577507],[95.316271,5.580715],[95.315402,5.583119],[95.321816,5.587148],[95.330031,5.587108],[95.337574,5.590181],[95.338965,5.590336]]]}},{"type":"Feature","properties":{"nmkec":"Syiah Kuala","nmkab":"Banda Aceh","nmprov":"Aceh","kdkec":"040","kdkab":"71","kodekab":"1171","idkec":"1171040","index":350},"geometry":{"type":"Polygon","coordinates":[[[95.366943,5.607974],[95.361416,5.604069],[95.358268,5.603148],[95.354369,5.59425],[95.355413,5.585689],[95.3521,5.583769],[95.365177,5.584931],[95.367343,5.587601],[95.37202,5.578708],[95.369937,5.576749],[95.372103,5.571397],[95.376195,5.570542],[95.377678,5.56909],[95.376259,5.565552],[95.371119,5.564092],[95.366817,5.565954],[95.365538,5.565319],[95.366572,5.563841],[95.359698,5.572392],[95.357561,5.571126],[95.357945,5.569294],[95.353214,5.558242],[95.344198,5.556873],[95.343672,5.562263],[95.344966,5.564684],[95.345724,5.569962],[95.345097,5.573321],[95.339878,5.568146],[95.337938,5.573594],[95.338965,5.590336],[95.330031,5.587108],[95.321816,5.587148],[95.323023,5.589671],[95.327812,5.593342],[95.346284,5.60487],[95.366943,5.607974]]]}},{"type":"Feature","properties":{"nmkec":"Ulee Kareng","nmkab":"Banda Aceh","nmprov":"Aceh","kdkec":"041","kdkab":"71","kodekab":"1171","idkec":"1171041","index":351},"geometry":{"type":"Polygon","coordinates":[[[95.337538,5.559042],[95.343885,5.560031],[95.344198,5.556873],[95.353214,5.558242],[95.357343,5.557688],[95.359473,5.553169],[95.360672,5.549044],[95.360596,5.544718],[95.358362,5.544725],[95.355299,5.541058],[95.352722,5.533658],[95.350795,5.5353],[95.344334,5.535],[95.341375,5.541512],[95.34131,5.548243],[95.338667,5.550249],[95.334921,5.55121],[95.337538,5.559042]]]}},{"type":"Feature","properties":{"nmkec":"Blang Mangat","nmkab":"Lhokseumawe","nmprov":"Aceh","kdkec":"010","kdkab":"74","kodekab":"1174","idkec":"1174010","index":352},"geometry":{"type":"Polygon","coordinates":[[[97.099982,5.173347],[97.112272,5.159926],[97.117264,5.158491],[97.124354,5.153125],[97.125129,5.154633],[97.125555,5.151866],[97.122402,5.144668],[97.12069,5.142212],[97.117609,5.141754],[97.120212,5.133906],[97.12405,5.131659],[97.137069,5.128712],[97.136769,5.125805],[97.147413,5.120502],[97.160179,5.133559],[97.159356,5.136294],[97.153891,5.141955],[97.150895,5.141711],[97.15151,5.145467],[97.150438,5.148523],[97.148222,5.151083],[97.148477,5.153134],[97.160708,5.146595],[97.176214,5.142228],[97.176392,5.13854],[97.175046,5.134149],[97.176445,5.130865],[97.176423,5.117251],[97.17559,5.109425],[97.173537,5.104933],[97.17327,5.10148],[97.176838,5.096997],[97.176841,5.092052],[97.179365,5.083701],[97.175132,5.082687],[97.156336,5.083704],[97.146014,5.090019],[97.135532,5.091691],[97.132,5.091011],[97.132188,5.090008],[97.131287,5.089625],[97.129538,5.090866],[97.127517,5.096659],[97.124793,5.099454],[97.12195,5.105126],[97.117071,5.106346],[97.105595,5.106346],[97.101291,5.110042],[97.101232,5.114447],[97.107908,5.125577],[97.108611,5.12886],[97.103403,5.13365],[97.10143,5.131815],[97.097886,5.130708],[97.094274,5.132041],[97.093932,5.136838],[97.087014,5.143659],[97.084763,5.147041],[97.084204,5.15078],[97.085667,5.158704],[97.089455,5.166982],[97.091569,5.167874],[97.094462,5.167329],[97.093563,5.171507],[97.096169,5.174238],[97.099982,5.173347]]]}},{"type":"Feature","properties":{"nmkec":"Lhokseumawe","nmkab":"Lhokseumawe","nmprov":"Aceh","kdkec":"030","kdkab":"74","kodekab":"1174","idkec":"1174030","index":353},"geometry":{"type":"Polygon","coordinates":[[[97.147258,5.17178],[97.144494,5.166025],[97.143161,5.164871],[97.140202,5.168968],[97.140854,5.172233],[97.142928,5.173716],[97.146337,5.173763],[97.147258,5.17178]]]}},{"type":"Feature","properties":{"nmkec":"Langsa Lama","nmkab":"Langsa","nmprov":"Aceh","kdkec":"011","kdkab":"73","kodekab":"1173","idkec":"1173011","index":354},"geometry":{"type":"Polygon","coordinates":[[[98.003764,4.472407],[98.006418,4.46524],[98.003561,4.461939],[98.000314,4.455307],[97.997781,4.452899],[97.993656,4.450937],[97.992834,4.448981],[97.992893,4.442085],[97.989141,4.43314],[97.99158,4.428832],[97.990663,4.426494],[97.981542,4.425302],[97.980207,4.423501],[97.974255,4.421086],[97.971534,4.422419],[97.969257,4.424136],[97.969075,4.426586],[97.971657,4.436815],[97.966731,4.442037],[97.963531,4.442082],[97.940848,4.436734],[97.935262,4.431625],[97.926773,4.433199],[97.924803,4.425969],[97.922915,4.422962],[97.91974,4.422196],[97.916119,4.423623],[97.917891,4.450064],[97.930018,4.457143],[97.93577,4.462369],[97.938339,4.462399],[97.952262,4.469141],[97.955511,4.469468],[97.96581,4.465986],[97.969369,4.467922],[97.971568,4.467993],[97.972574,4.464188],[97.971297,4.461732],[97.972041,4.459362],[97.977298,4.458115],[97.978778,4.459113],[97.977032,4.459919],[97.979642,4.463648],[97.986749,4.462562],[97.989874,4.464756],[97.990365,4.466745],[98.000304,4.472729],[98.003764,4.472407]]]}},{"type":"Feature","properties":{"nmkec":"Langsa Baro","nmkab":"Langsa","nmprov":"Aceh","kdkec":"021","kdkab":"73","kodekab":"1173","idkec":"1173021","index":355},"geometry":{"type":"Polygon","coordinates":[[[97.956253,4.536519],[97.962874,4.528714],[97.968087,4.524679],[97.970938,4.524818],[97.969746,4.521801],[97.967537,4.520113],[97.96198,4.520672],[97.961016,4.515134],[97.956466,4.508269],[97.957417,4.504544],[97.959013,4.502804],[97.959571,4.498341],[97.958412,4.495353],[97.957111,4.495561],[97.958872,4.486803],[97.963368,4.484789],[97.962231,4.48277],[97.959924,4.481512],[97.954955,4.469546],[97.945052,4.466224],[97.938339,4.462399],[97.93577,4.462369],[97.930018,4.457143],[97.918148,4.450282],[97.916261,4.451744],[97.911941,4.451134],[97.912782,4.448747],[97.911188,4.447929],[97.907114,4.448487],[97.906054,4.449952],[97.906326,4.451443],[97.908086,4.450163],[97.90862,4.450946],[97.907202,4.452085],[97.903319,4.449387],[97.90399,4.447486],[97.884966,4.447848],[97.87801,4.45552],[97.877357,4.457405],[97.882745,4.473185],[97.896119,4.505549],[97.907736,4.518329],[97.916003,4.530968],[97.921144,4.53402],[97.930507,4.535873],[97.936581,4.534522],[97.935338,4.530039],[97.944587,4.528954],[97.950973,4.532785],[97.950512,4.534577],[97.951327,4.536182],[97.954417,4.536784],[97.956253,4.536519]]]}},{"type":"Feature","properties":{"nmkec":"Lhokseumawe","nmkab":"Lhokseumawe","nmprov":"Aceh","kdkec":"021","kdkab":"74","kodekab":"1174","idkec":"1174021","index":356},"geometry":{"type":"MultiPolygon","coordinates":[[[[97.073717,5.233488],[97.104365,5.224524],[97.103531,5.220951],[97.099404,5.222824],[97.097504,5.222587],[97.096148,5.220084],[97.096455,5.218553],[97.10005,5.215312],[97.104845,5.212559],[97.109944,5.210738],[97.111065,5.213095],[97.107396,5.214942],[97.108683,5.220835],[97.117325,5.217052],[97.112148,5.210912],[97.113659,5.204835],[97.111422,5.202479],[97.101035,5.212131],[97.093689,5.215826],[97.089038,5.214609],[97.085147,5.212283],[97.081551,5.211815],[97.076929,5.212501],[97.066917,5.217619],[97.065981,5.218703],[97.068198,5.228404],[97.074295,5.225771],[97.07582,5.229027],[97.073187,5.230552],[97.073717,5.233488]]],[[[97.052392,5.239374],[97.059998,5.236506],[97.055096,5.225598],[97.05361,5.224632],[97.046964,5.227647],[97.047064,5.226469],[97.046335,5.22776],[97.046872,5.23188],[97.05193,5.232102],[97.052392,5.239374]]]]}},{"type":"Feature","properties":{"nmkec":"Simpang Kiri","nmkab":"Subulussalam","nmprov":"Aceh","kdkec":"010","kdkab":"75","kodekab":"1175","idkec":"1175010","index":357},"geometry":{"type":"Polygon","coordinates":[[[98.098692,2.816485],[98.105056,2.790332],[98.116143,2.785518],[98.116627,2.784328],[98.111058,2.779608],[98.108455,2.776088],[98.09447,2.774206],[98.080576,2.769587],[98.070421,2.764229],[98.07597,2.75005],[98.071654,2.742652],[98.071654,2.732788],[98.0747,2.726918],[98.074026,2.722842],[98.07094,2.718049],[98.068102,2.716348],[98.061591,2.715869],[98.049389,2.719394],[98.04931,2.728396],[98.045211,2.727923],[98.040406,2.724146],[98.039875,2.72086],[98.040954,2.705018],[98.042373,2.698471],[98.042269,2.687465],[98.030542,2.676315],[98.031083,2.671727],[98.032326,2.668223],[98.034014,2.667363],[98.034351,2.66435],[98.029864,2.65535],[98.025202,2.656651],[98.026226,2.658122],[98.025322,2.661685],[98.023425,2.662465],[98.020263,2.662055],[98.01659,2.657395],[98.016905,2.6528],[98.014765,2.645889],[98.006174,2.632675],[98.004435,2.625005],[98.004984,2.622618],[98.00392,2.616814],[97.99791,2.614779],[97.993582,2.611388],[97.989882,2.612959],[97.982678,2.618359],[97.980388,2.62321],[97.977353,2.641259],[97.966856,2.640828],[97.964557,2.638539],[97.961398,2.632692],[97.959993,2.631959],[97.958675,2.632828],[97.955168,2.629304],[97.950983,2.628079],[97.937242,2.633798],[97.936208,2.638862],[97.937099,2.644637],[97.933403,2.642344],[97.933223,2.643528],[97.937962,2.666992],[97.933904,2.667787],[97.925221,2.672978],[97.913923,2.676989],[97.896732,2.678244],[97.893526,2.680896],[97.892376,2.68396],[97.888992,2.68823],[97.891077,2.698083],[97.895179,2.701386],[97.902151,2.703314],[97.910075,2.699505],[97.922219,2.701333],[97.930135,2.704025],[97.939635,2.704673],[97.952514,2.702586],[97.959367,2.703756],[97.973579,2.698793],[97.977611,2.693979],[97.98428,2.692329],[97.987121,2.696645],[97.998178,2.706296],[98.002025,2.7109],[98.001564,2.715692],[98.00662,2.719277],[98.009832,2.723507],[98.014853,2.744377],[98.020724,2.750895],[98.01904,2.757286],[98.019158,2.759939],[98.021436,2.761389],[98.021075,2.762594],[98.017952,2.768019],[98.016271,2.770189],[98.013991,2.771031],[98.01424,2.771791],[98.033223,2.781655],[98.036115,2.779463],[98.039451,2.778785],[98.042116,2.787947],[98.047651,2.800064],[98.065455,2.809289],[98.07331,2.814583],[98.075739,2.818762],[98.099038,2.822818],[98.098692,2.816485]]]}}]}