{"type":"FeatureCollection","name":"sumbar_kecamatan","crs":{"type":"name","properties":{"name":"urn:ogc:def:crs:OGC:1.3:CRS84"}},"features":[{"type":"Feature","properties":{"nmkec":"Pagai Selatan","nmkab":"Kepulauan Mentawai","nmprov":"Sumatera Barat","kdkec":"011","kdkab":"01","kodekab":"1301","idkec":"1301011","index":0},"geometry":{"type":"MultiPolygon","coordinates":[[[[100.249903,-2.836033],[100.25194,-2.838273],[100.254506,-2.838694],[100.257472,-2.836911],[100.26102,-2.837392],[100.264277,-2.841509],[100.266317,-2.84071],[100.267657,-2.838644],[100.268487,-2.838725],[100.267384,-2.841443],[100.267976,-2.843314],[100.270055,-2.84449],[100.276316,-2.842139],[100.275827,-2.848356],[100.277948,-2.848109],[100.279773,-2.845496],[100.285105,-2.844756],[100.286788,-2.847267],[100.286438,-2.84924],[100.283295,-2.851262],[100.285418,-2.854378],[100.290486,-2.854726],[100.290735,-2.853216],[100.29212,-2.852311],[100.295877,-2.852856],[100.310284,-2.87332],[100.322523,-2.880281],[100.327998,-2.881792],[100.332165,-2.884355],[100.335952,-2.887019],[100.339121,-2.892386],[100.341279,-2.894204],[100.345609,-2.895015],[100.348901,-2.897102],[100.354512,-2.902299],[100.355818,-2.907676],[100.359556,-2.913891],[100.363058,-2.915836],[100.367892,-2.920978],[100.369687,-2.925685],[100.374838,-2.930196],[100.378752,-2.931832],[100.381121,-2.934951],[100.381423,-2.938525],[100.385439,-2.945573],[100.390497,-2.948048],[100.392571,-2.956233],[100.394611,-2.958861],[100.403803,-2.966944],[100.414443,-2.96955],[100.419106,-2.973086],[100.420206,-2.974999],[100.418499,-2.975441],[100.417017,-2.977847],[100.41753,-2.980673],[100.427573,-2.989617],[100.429843,-2.995579],[100.42955,-2.997765],[100.427867,-2.99846],[100.428963,-3.001777],[100.441838,-3.009314],[100.449636,-3.009036],[100.455164,-3.011525],[100.461547,-3.020893],[100.462609,-3.026045],[100.465358,-3.025938],[100.464779,-3.024063],[100.466538,-3.02024],[100.469695,-3.020714],[100.469258,-3.023852],[100.46408,-3.033596],[100.464319,-3.034926],[100.462861,-3.035712],[100.460519,-3.035545],[100.459635,-3.03425],[100.459008,-3.030292],[100.460181,-3.027996],[100.459702,-3.023756],[100.454161,-3.016919],[100.453824,-3.019655],[100.458831,-3.028838],[100.454209,-3.029678],[100.451576,-3.026031],[100.450761,-3.022321],[100.451845,-3.022095],[100.45045,-3.019928],[100.44716,-3.023575],[100.448793,-3.028983],[100.45333,-3.036118],[100.451439,-3.044518],[100.45228,-3.045681],[100.454204,-3.045789],[100.459607,-3.052269],[100.461988,-3.052789],[100.463445,-3.050715],[100.464698,-3.042024],[100.46577,-3.04093],[100.468153,-3.042464],[100.469467,-3.044751],[100.467505,-3.056056],[100.468129,-3.061637],[100.469856,-3.064925],[100.469383,-3.068606],[100.463394,-3.075385],[100.462944,-3.089563],[100.460334,-3.100998],[100.460273,-3.102483],[100.462753,-3.104279],[100.463144,-3.107855],[100.462126,-3.109168],[100.457741,-3.108941],[100.457435,-3.11275],[100.458853,-3.121558],[100.460393,-3.123701],[100.467223,-3.123884],[100.471846,-3.126784],[100.473364,-3.128841],[100.472742,-3.140908],[100.471318,-3.144996],[100.465857,-3.147321],[100.456051,-3.148088],[100.449944,-3.14638],[100.447373,-3.147969],[100.444177,-3.152332],[100.440631,-3.152122],[100.434432,-3.149914],[100.430884,-3.147669],[100.428939,-3.143897],[100.42758,-3.143392],[100.426587,-3.153607],[100.424605,-3.156743],[100.422832,-3.156853],[100.418978,-3.153361],[100.412479,-3.156788],[100.407685,-3.154322],[100.401336,-3.156792],[100.393238,-3.15157],[100.389315,-3.154591],[100.388608,-3.156518],[100.392523,-3.161064],[100.391883,-3.16188],[100.385423,-3.15959],[100.378309,-3.165231],[100.366891,-3.164001],[100.366767,-3.167157],[100.365444,-3.168554],[100.360206,-3.164525],[100.36209,-3.167893],[100.365612,-3.171155],[100.368249,-3.171651],[100.37158,-3.170209],[100.376706,-3.170331],[100.386331,-3.174463],[100.393815,-3.173701],[100.399737,-3.177449],[100.404455,-3.184493],[100.40647,-3.190265],[100.409683,-3.193792],[100.407764,-3.196821],[100.402962,-3.199425],[100.397622,-3.199712],[100.392953,-3.198174],[100.390487,-3.191544],[100.376451,-3.180563],[100.374657,-3.180673],[100.391583,-3.198454],[100.391329,-3.200236],[100.389407,-3.200346],[100.394216,-3.213647],[100.39625,-3.217444],[100.397711,-3.222599],[100.397139,-3.226952],[100.399569,-3.225235],[100.402684,-3.226042],[100.407406,-3.232332],[100.411678,-3.243005],[100.415019,-3.247893],[100.417369,-3.250613],[100.430129,-3.258591],[100.432278,-3.265294],[100.432335,-3.275479],[100.433773,-3.2808],[100.439734,-3.281071],[100.446293,-3.285468],[100.450352,-3.293622],[100.456331,-3.302267],[100.457102,-3.307735],[100.461604,-3.309824],[100.464932,-3.313606],[100.466003,-3.31747],[100.464048,-3.322283],[100.473076,-3.334657],[100.471708,-3.340593],[100.467728,-3.342087],[100.466664,-3.345637],[100.464947,-3.347753],[100.451855,-3.349413],[100.445895,-3.34826],[100.441007,-3.345433],[100.434383,-3.33313],[100.425724,-3.327991],[100.421739,-3.324362],[100.420784,-3.31418],[100.418576,-3.310138],[100.404768,-3.301091],[100.395186,-3.297988],[100.389927,-3.295076],[100.381644,-3.288813],[100.378343,-3.283528],[100.379708,-3.282196],[100.381389,-3.277213],[100.379013,-3.272979],[100.377919,-3.265364],[100.379723,-3.264053],[100.382562,-3.264408],[100.381379,-3.257818],[100.378323,-3.25483],[100.37014,-3.250084],[100.357822,-3.245415],[100.353661,-3.244597],[100.350563,-3.245064],[100.346694,-3.246387],[100.342928,-3.249061],[100.339881,-3.24913],[100.334966,-3.244288],[100.335696,-3.23401],[100.327283,-3.231011],[100.326505,-3.229831],[100.326524,-3.225525],[100.328109,-3.218943],[100.324974,-3.211469],[100.325458,-3.208451],[100.329462,-3.208935],[100.339153,-3.217386],[100.341595,-3.221274],[100.341906,-3.226734],[100.34634,-3.229685],[100.356493,-3.232135],[100.36103,-3.228665],[100.364396,-3.229032],[100.367343,-3.231476],[100.369617,-3.228683],[100.369124,-3.227046],[100.3652,-3.223902],[100.357838,-3.222421],[100.346489,-3.206054],[100.340321,-3.202391],[100.338734,-3.195721],[100.340355,-3.194363],[100.339197,-3.191538],[100.33538,-3.19012],[100.330733,-3.184844],[100.325923,-3.173746],[100.325526,-3.17195],[100.327224,-3.169848],[100.335665,-3.16787],[100.34056,-3.164067],[100.339972,-3.158712],[100.335493,-3.156427],[100.334663,-3.150033],[100.337152,-3.144765],[100.340096,-3.143699],[100.34043,-3.141886],[100.33753,-3.14077],[100.335945,-3.140713],[100.334237,-3.141996],[100.332658,-3.141198],[100.332121,-3.136301],[100.333211,-3.133567],[100.33229,-3.131853],[100.330196,-3.130031],[100.326293,-3.129515],[100.323061,-3.127418],[100.322656,-3.124721],[100.324724,-3.123714],[100.324662,-3.120378],[100.321045,-3.11916],[100.312656,-3.119072],[100.308625,-3.115151],[100.308155,-3.110454],[100.312659,-3.107768],[100.312695,-3.103814],[100.309895,-3.098802],[100.302188,-3.088989],[100.294793,-3.082863],[100.279782,-3.077872],[100.272032,-3.078371],[100.268305,-3.081765],[100.269143,-3.090925],[100.265308,-3.091699],[100.260236,-3.090455],[100.254403,-3.084963],[100.248018,-3.081758],[100.247278,-3.08069],[100.247515,-3.075796],[100.249389,-3.074088],[100.262163,-3.070258],[100.263186,-3.068751],[100.262589,-3.063839],[100.260142,-3.061069],[100.255256,-3.062422],[100.252342,-3.065198],[100.249028,-3.062984],[100.248914,-3.060272],[100.250619,-3.058295],[100.256923,-3.056281],[100.257494,-3.0511],[100.256474,-3.049088],[100.25056,-3.044113],[100.247411,-3.04374],[100.243273,-3.049524],[100.235677,-3.057311],[100.232731,-3.057364],[100.229303,-3.047305],[100.229624,-3.040295],[100.231425,-3.039345],[100.231562,-3.037812],[100.230424,-3.036587],[100.22754,-3.037454],[100.22304,-3.036868],[100.219924,-3.029777],[100.220033,-3.02855],[100.222418,-3.027878],[100.224468,-3.02598],[100.224075,-3.024043],[100.221744,-3.022262],[100.220025,-3.022933],[100.219112,-3.024579],[100.214994,-3.023046],[100.212216,-3.019091],[100.212326,-3.017502],[100.21396,-3.015577],[100.212986,-3.013448],[100.210849,-3.011722],[100.208402,-3.011413],[100.202416,-3.00123],[100.201964,-2.99712],[100.199133,-2.995395],[100.196878,-2.997046],[100.193716,-2.996464],[100.187599,-2.990109],[100.192215,-2.979492],[100.191821,-2.973151],[100.191154,-2.971563],[100.188627,-2.969904],[100.181568,-2.966727],[100.180788,-2.963076],[100.182173,-2.961514],[100.183193,-2.95595],[100.1853,-2.955334],[100.189989,-2.957838],[100.193584,-2.954891],[100.195059,-2.952585],[100.195405,-2.949569],[100.193767,-2.944102],[100.198037,-2.943735],[100.20078,-2.94167],[100.202525,-2.936389],[100.200765,-2.924267],[100.196258,-2.91319],[100.193229,-2.908915],[100.193165,-2.903659],[100.196932,-2.894776],[100.197453,-2.889721],[100.202078,-2.890224],[100.208358,-2.886724],[100.220302,-2.876172],[100.228927,-2.871035],[100.2275,-2.867448],[100.220264,-2.858714],[100.224267,-2.85036],[100.232512,-2.841823],[100.23239,-2.836731],[100.233393,-2.833991],[100.249903,-2.836033]]],[[[100.493666,-3.142224],[100.49723,-3.143511],[100.501798,-3.148411],[100.503719,-3.15974],[100.503323,-3.162367],[100.501342,-3.164569],[100.50497,-3.168774],[100.50972,-3.169244],[100.510358,-3.172374],[100.508455,-3.178414],[100.508892,-3.180439],[100.519658,-3.185704],[100.521183,-3.191407],[100.525568,-3.194851],[100.530584,-3.195494],[100.533154,-3.19861],[100.532253,-3.200767],[100.52743,-3.200834],[100.520994,-3.196542],[100.517159,-3.196423],[100.513088,-3.198133],[100.509724,-3.202601],[100.504307,-3.199251],[100.498165,-3.189992],[100.494401,-3.186632],[100.492228,-3.182524],[100.491167,-3.176815],[100.488762,-3.174161],[100.484973,-3.172089],[100.487849,-3.167475],[100.487758,-3.163308],[100.485611,-3.158032],[100.487103,-3.148855],[100.490087,-3.142598],[100.493666,-3.142224]]],[[[100.669814,-3.482645],[100.677703,-3.481179],[100.67866,-3.485391],[100.676534,-3.490116],[100.67115,-3.49244],[100.665666,-3.492609],[100.65978,-3.489079],[100.649684,-3.488378],[100.638603,-3.484817],[100.636459,-3.481922],[100.63865,-3.468128],[100.63938,-3.467452],[100.641628,-3.469919],[100.647083,-3.472562],[100.660615,-3.47512],[100.667561,-3.481884],[100.669814,-3.482645]]],[[[100.176335,-3.054799],[100.194869,-3.060306],[100.198666,-3.067017],[100.198286,-3.068826],[100.196526,-3.070598],[100.194426,-3.069246],[100.192239,-3.071394],[100.193482,-3.075373],[100.191907,-3.077631],[100.187479,-3.079162],[100.182054,-3.076598],[100.171351,-3.063118],[100.171177,-3.058176],[100.173303,-3.055095],[100.176335,-3.054799]]],[[[101.036355,-4.017318],[101.034744,-4.016806],[101.033772,-4.015058],[101.034103,-4.011307],[101.040647,-4.001997],[101.049515,-3.993272],[101.053248,-3.994126],[101.055184,-3.997731],[101.052675,-4.005584],[101.036355,-4.017318]]],[[[100.397391,-3.200733],[100.401827,-3.200583],[100.405754,-3.202895],[100.408027,-3.210842],[100.406439,-3.216233],[100.404162,-3.21826],[100.402128,-3.218309],[100.394998,-3.214638],[100.391721,-3.201854],[100.393198,-3.199901],[100.394962,-3.199296],[100.397391,-3.200733]]],[[[100.155306,-3.011882],[100.15763,-3.015366],[100.157912,-3.020428],[100.155605,-3.027442],[100.154013,-3.028555],[100.149675,-3.026295],[100.145171,-3.013623],[100.145762,-3.009244],[100.147629,-3.007127],[100.155306,-3.011882]]],[[[100.305702,-3.123515],[100.311797,-3.129224],[100.311446,-3.138721],[100.308929,-3.140461],[100.30294,-3.138089],[100.297347,-3.127315],[100.29689,-3.123245],[100.305702,-3.123515]]],[[[100.334423,-3.283925],[100.343523,-3.285522],[100.350348,-3.291935],[100.34982,-3.295436],[100.348388,-3.297471],[100.346512,-3.297806],[100.345848,-3.296679],[100.346676,-3.296327],[100.347468,-3.297546],[100.348589,-3.296842],[100.34987,-3.291813],[100.347497,-3.295789],[100.339006,-3.294988],[100.339598,-3.297334],[100.334547,-3.294157],[100.331266,-3.288875],[100.331775,-3.285056],[100.334423,-3.283925]]],[[[100.40877,-3.221628],[100.410041,-3.220587],[100.41507,-3.222807],[100.419529,-3.230468],[100.420591,-3.234274],[100.418661,-3.235304],[100.415864,-3.23452],[100.409524,-3.229673],[100.404329,-3.223278],[100.404929,-3.221622],[100.406904,-3.220283],[100.40877,-3.221628]]],[[[100.487171,-3.228669],[100.475914,-3.2142],[100.476513,-3.210704],[100.477812,-3.209265],[100.481485,-3.210997],[100.486571,-3.21644],[100.488956,-3.226646],[100.488689,-3.228338],[100.487171,-3.228669]]],[[[100.569212,-3.27584],[100.566077,-3.274925],[100.564988,-3.271923],[100.565957,-3.259591],[100.568267,-3.257311],[100.569546,-3.257938],[100.571776,-3.262595],[100.572155,-3.272611],[100.569212,-3.27584]]],[[[100.457707,-3.207439],[100.463863,-3.22013],[100.463086,-3.22124],[100.460572,-3.221162],[100.45628,-3.217313],[100.454439,-3.212665],[100.453312,-3.207836],[100.457707,-3.207439]]],[[[100.522403,-3.248186],[100.520682,-3.247976],[100.519144,-3.246249],[100.518449,-3.241834],[100.520767,-3.235399],[100.522407,-3.234598],[100.523919,-3.236166],[100.525152,-3.242293],[100.524548,-3.245699],[100.522403,-3.248186]]],[[[100.441061,-3.269227],[100.437357,-3.269842],[100.435858,-3.269242],[100.433537,-3.264921],[100.432408,-3.258802],[100.433004,-3.256228],[100.435157,-3.256964],[100.438376,-3.260381],[100.439121,-3.265316],[100.441061,-3.269227]]],[[[100.301124,-3.209081],[100.302703,-3.215636],[100.300094,-3.217087],[100.295646,-3.214415],[100.294631,-3.209913],[100.29663,-3.20783],[100.301124,-3.209081]]],[[[100.46704,-3.081107],[100.469358,-3.082743],[100.471502,-3.086529],[100.471299,-3.089551],[100.46764,-3.088563],[100.464757,-3.086077],[100.465033,-3.081241],[100.46704,-3.081107]]],[[[100.165028,-3.007617],[100.169621,-3.010027],[100.16913,-3.01269],[100.164145,-3.012612],[100.16128,-3.011193],[100.160569,-3.007771],[100.165028,-3.007617]]],[[[100.347707,-3.218346],[100.353101,-3.221197],[100.35375,-3.224244],[100.350317,-3.226039],[100.348539,-3.225038],[100.346548,-3.218981],[100.347707,-3.218346]]],[[[100.461995,-3.040268],[100.461205,-3.040839],[100.463109,-3.044887],[100.462711,-3.047109],[100.462337,-3.04857],[100.459588,-3.050441],[100.458597,-3.039274],[100.460816,-3.037903],[100.461995,-3.040268]]],[[[100.448442,-3.203791],[100.451068,-3.206222],[100.451545,-3.208869],[100.45031,-3.210396],[100.447347,-3.209709],[100.44604,-3.207857],[100.445946,-3.20519],[100.448442,-3.203791]]],[[[100.234341,-3.118367],[100.23797,-3.121744],[100.229366,-3.12046],[100.228248,-3.119416],[100.228997,-3.117753],[100.234341,-3.118367]]],[[[100.45723,-3.290513],[100.453502,-3.287343],[100.452072,-3.284873],[100.454886,-3.284031],[100.457135,-3.285469],[100.458001,-3.288958],[100.45723,-3.290513]]],[[[100.240234,-3.122317],[100.246825,-3.126795],[100.247492,-3.128071],[100.246783,-3.128954],[100.243424,-3.127681],[100.239373,-3.122804],[100.240234,-3.122317]]],[[[100.404296,-3.169254],[100.404044,-3.1704],[100.403193,-3.17039],[100.400311,-3.167385],[100.399975,-3.165593],[100.401528,-3.165128],[100.404296,-3.169254]]],[[[100.246582,-3.066695],[100.245219,-3.070171],[100.243685,-3.070697],[100.243359,-3.067228],[100.246582,-3.066695]]],[[[100.485759,-3.191237],[100.486231,-3.19437],[100.485064,-3.195062],[100.483467,-3.192345],[100.485759,-3.191237]]],[[[100.682854,-3.456669],[100.680224,-3.456039],[100.680253,-3.453862],[100.682131,-3.454201],[100.682854,-3.456669]]],[[[100.501335,-3.207068],[100.499832,-3.203243],[100.502047,-3.199812],[100.500796,-3.20354],[100.501335,-3.207068]]],[[[100.455829,-3.034757],[100.454259,-3.035325],[100.453265,-3.034085],[100.453708,-3.032247],[100.455829,-3.034757]]],[[[100.397972,-3.166861],[100.396552,-3.164919],[100.397198,-3.163055],[100.398608,-3.165425],[100.397972,-3.166861]]],[[[100.526481,-3.201533],[100.530824,-3.203257],[100.526223,-3.202977],[100.526481,-3.201533]]],[[[100.412181,-3.175277],[100.412592,-3.177884],[100.411621,-3.17787],[100.410174,-3.176151],[100.412181,-3.175277]]],[[[100.487135,-3.183239],[100.490423,-3.184067],[100.490484,-3.184446],[100.487135,-3.183239]]],[[[100.406692,-3.177972],[100.405784,-3.17927],[100.404524,-3.178347],[100.404745,-3.177985],[100.406692,-3.177972]]],[[[100.456632,-3.036467],[100.457268,-3.038451],[100.45624,-3.038052],[100.456632,-3.036467]]],[[[100.494722,-3.19791],[100.496083,-3.198709],[100.494878,-3.199201],[100.494722,-3.19791]]],[[[100.45635,-3.045176],[100.456168,-3.043625],[100.456946,-3.0433],[100.456865,-3.044257],[100.45635,-3.045176]]],[[[100.533729,-3.197108],[100.534114,-3.198474],[100.532696,-3.19761],[100.533729,-3.197108]]],[[[100.431407,-3.246421],[100.430227,-3.245646],[100.430316,-3.245319],[100.431235,-3.245228],[100.431407,-3.246421]]],[[[100.456801,-3.188597],[100.457808,-3.189211],[100.456412,-3.189764],[100.456801,-3.188597]]],[[[100.439921,-3.157196],[100.438949,-3.157818],[100.439442,-3.156793],[100.439921,-3.157196]]],[[[100.400579,-3.222465],[100.399619,-3.222167],[100.399597,-3.221421],[100.400057,-3.221345],[100.400579,-3.222465]]],[[[100.227275,-3.117259],[100.228744,-3.117548],[100.227394,-3.117894],[100.227275,-3.117259]]],[[[100.211673,-3.049507],[100.210808,-3.048912],[100.211196,-3.048414],[100.211837,-3.048501],[100.211673,-3.049507]]],[[[100.375082,-3.168278],[100.374064,-3.168516],[100.374243,-3.167816],[100.375082,-3.168278]]],[[[100.531618,-3.194328],[100.531316,-3.195196],[100.530814,-3.194243],[100.531618,-3.194328]]],[[[100.442233,-3.157655],[100.441238,-3.157537],[100.441383,-3.156981],[100.442233,-3.157655]]],[[[100.487254,-3.229975],[100.485965,-3.230245],[100.487145,-3.229641],[100.487254,-3.229975]]],[[[100.512372,-3.207641],[100.511541,-3.20765],[100.511997,-3.20725],[100.512372,-3.207641]]],[[[100.458023,-3.047957],[100.457411,-3.048455],[100.457825,-3.047779],[100.458023,-3.047957]]],[[[100.497846,-3.196641],[100.498577,-3.196225],[100.498644,-3.196497],[100.497846,-3.196641]]],[[[100.484626,-3.227871],[100.48526,-3.227434],[100.485276,-3.227805],[100.484626,-3.227871]]],[[[100.452217,-3.216654],[100.451761,-3.216844],[100.451552,-3.216396],[100.452217,-3.216654]]],[[[100.387832,-3.163257],[100.387322,-3.163598],[100.387376,-3.163029],[100.387832,-3.163257]]],[[[100.456549,-3.190099],[100.456488,-3.190976],[100.456229,-3.190931],[100.456549,-3.190099]]],[[[100.392483,-3.157607],[100.392258,-3.157996],[100.392145,-3.157589],[100.392483,-3.157607]]],[[[100.499134,-3.196673],[100.498722,-3.197055],[100.498844,-3.196559],[100.499134,-3.196673]]],[[[100.426495,-3.165298],[100.427254,-3.165119],[100.426495,-3.165384],[100.426495,-3.165298]]],[[[100.419514,-3.236018],[100.419148,-3.236161],[100.419355,-3.235903],[100.419514,-3.236018]]]]}},{"type":"Feature","properties":{"nmkec":"Sikakap","nmkab":"Kepulauan Mentawai","nmprov":"Sumatera Barat","kdkec":"012","kdkab":"01","kodekab":"1301","idkec":"1301012","index":1},"geometry":{"type":"MultiPolygon","coordinates":[[[[100.141723,-2.631914],[100.146388,-2.637796],[100.149397,-2.639588],[100.154061,-2.6416],[100.164813,-2.643662],[100.16958,-2.645487],[100.175699,-2.651158],[100.178707,-2.656246],[100.183251,-2.672319],[100.195957,-2.696509],[100.201426,-2.704362],[100.20271,-2.713084],[100.205467,-2.720507],[100.209282,-2.724649],[100.213562,-2.72626],[100.217378,-2.735286],[100.219844,-2.738312],[100.221525,-2.744147],[100.222012,-2.750896],[100.223178,-2.751772],[100.221224,-2.753954],[100.219824,-2.754051],[100.218431,-2.763524],[100.21931,-2.769364],[100.218754,-2.773742],[100.216217,-2.777181],[100.213174,-2.778961],[100.209908,-2.779274],[100.208052,-2.777733],[100.19755,-2.774836],[100.195409,-2.779183],[100.196207,-2.782403],[100.193905,-2.784867],[100.191932,-2.785709],[100.189564,-2.784336],[100.185668,-2.785367],[100.166959,-2.794073],[100.153503,-2.803554],[100.146376,-2.805884],[100.141895,-2.806145],[100.139289,-2.815392],[100.142429,-2.824854],[100.144968,-2.827259],[100.14845,-2.836479],[100.147943,-2.839083],[100.14507,-2.84057],[100.133339,-2.831104],[100.130465,-2.836648],[100.124414,-2.834789],[100.124312,-2.835938],[100.121656,-2.83688],[100.119684,-2.833499],[100.115595,-2.816751],[100.111015,-2.803454],[100.105477,-2.794412],[100.098873,-2.786752],[100.082898,-2.773136],[100.048039,-2.745811],[100.043565,-2.74025],[100.033021,-2.722075],[100.038082,-2.713972],[100.051385,-2.70618],[100.061876,-2.707972],[100.08208,-2.713624],[100.089992,-2.714613],[100.096632,-2.713765],[100.105674,-2.70882],[100.108359,-2.703593],[100.106522,-2.669826],[100.107434,-2.660596],[100.112021,-2.651545],[100.117979,-2.644334],[100.138361,-2.630689],[100.141723,-2.631914]]],[[[100.226596,-2.784486],[100.231999,-2.783638],[100.236778,-2.784568],[100.242417,-2.790724],[100.24372,-2.798558],[100.247199,-2.79783],[100.253742,-2.799472],[100.254343,-2.800512],[100.252366,-2.801767],[100.252028,-2.807501],[100.255692,-2.807336],[100.256442,-2.80607],[100.25596,-2.803589],[100.257795,-2.802759],[100.25829,-2.806005],[100.252025,-2.811895],[100.251728,-2.814601],[100.252431,-2.815899],[100.254525,-2.816549],[100.257323,-2.813672],[100.259833,-2.815626],[100.258854,-2.819039],[100.259446,-2.820304],[100.261785,-2.81733],[100.260004,-2.811308],[100.261168,-2.811273],[100.26495,-2.814776],[100.264906,-2.817114],[100.263967,-2.818022],[100.263727,-2.825976],[100.266819,-2.832681],[100.268956,-2.834487],[100.270752,-2.834755],[100.272112,-2.837495],[100.270272,-2.838639],[100.267657,-2.838644],[100.266317,-2.84071],[100.264277,-2.841509],[100.26102,-2.837392],[100.257472,-2.836911],[100.254506,-2.838694],[100.25194,-2.838273],[100.249903,-2.836033],[100.233393,-2.833991],[100.23239,-2.836731],[100.232512,-2.841823],[100.224267,-2.85036],[100.220264,-2.858714],[100.2275,-2.867448],[100.228927,-2.871035],[100.220302,-2.876172],[100.208358,-2.886724],[100.202078,-2.890224],[100.198313,-2.890143],[100.197453,-2.889721],[100.197256,-2.886543],[100.194477,-2.881098],[100.19586,-2.877946],[100.195831,-2.873587],[100.190401,-2.85525],[100.188593,-2.85281],[100.184257,-2.851414],[100.183003,-2.848345],[100.183561,-2.847059],[100.181197,-2.840623],[100.185952,-2.83576],[100.183693,-2.824761],[100.176823,-2.812949],[100.176318,-2.803193],[100.178433,-2.79838],[100.182992,-2.794707],[100.185429,-2.79445],[100.189036,-2.792119],[100.192097,-2.792046],[100.192793,-2.795653],[100.197335,-2.79375],[100.199867,-2.791464],[100.198872,-2.78891],[100.201803,-2.786856],[100.216483,-2.785785],[100.220846,-2.787644],[100.226596,-2.784486]]],[[[100.146019,-2.847947],[100.149783,-2.850551],[100.151246,-2.853609],[100.152293,-2.860135],[100.150761,-2.862661],[100.148635,-2.863889],[100.146897,-2.863734],[100.132433,-2.858428],[100.13134,-2.855613],[100.13209,-2.85316],[100.136914,-2.851643],[100.141609,-2.848421],[100.146019,-2.847947]]],[[[100.169453,-2.875949],[100.171122,-2.882816],[100.170124,-2.884782],[100.167438,-2.885538],[100.161236,-2.879862],[100.1606,-2.876873],[100.161595,-2.873655],[100.163444,-2.872472],[100.169453,-2.875949]]],[[[100.269721,-2.818376],[100.274592,-2.820862],[100.274176,-2.824762],[100.272507,-2.828519],[100.269401,-2.830786],[100.265398,-2.825908],[100.266589,-2.820888],[100.269721,-2.818376]]],[[[100.172387,-2.830786],[100.169151,-2.829368],[100.168475,-2.825673],[100.170505,-2.822304],[100.173756,-2.82159],[100.17641,-2.824164],[100.177067,-2.827592],[100.175849,-2.829308],[100.172387,-2.830786]]],[[[100.18009,-2.88598],[100.181798,-2.886684],[100.182813,-2.892084],[100.181353,-2.893817],[100.177378,-2.895581],[100.174823,-2.893325],[100.173666,-2.890686],[100.176413,-2.8877],[100.18009,-2.88598]]],[[[100.167382,-2.811775],[100.171709,-2.812214],[100.170168,-2.81809],[100.168194,-2.821063],[100.165388,-2.819238],[100.163892,-2.814829],[100.167382,-2.811775]]],[[[100.281234,-2.826358],[100.283717,-2.833764],[100.281209,-2.834522],[100.280477,-2.830762],[100.281234,-2.826358]]],[[[100.227958,-2.778957],[100.226894,-2.780081],[100.223553,-2.779063],[100.223364,-2.775741],[100.22694,-2.777102],[100.227958,-2.778957]]],[[[100.169844,-2.799255],[100.169326,-2.801101],[100.166226,-2.800772],[100.16666,-2.798835],[100.169844,-2.799255]]],[[[100.255739,-2.801762],[100.255492,-2.803336],[100.254108,-2.80441],[100.254105,-2.802015],[100.255739,-2.801762]]],[[[100.275172,-2.83186],[100.275751,-2.832732],[100.273582,-2.833257],[100.273378,-2.831803],[100.275172,-2.83186]]],[[[100.175895,-2.835602],[100.175086,-2.834889],[100.176731,-2.832993],[100.176889,-2.833241],[100.175895,-2.835602]]],[[[100.256883,-2.808051],[100.25857,-2.807856],[100.257976,-2.808807],[100.256883,-2.808051]]],[[[100.27743,-2.827771],[100.276518,-2.828284],[100.276751,-2.827473],[100.27743,-2.827771]]],[[[100.257553,-2.800849],[100.256834,-2.801291],[100.256516,-2.800483],[100.257553,-2.800849]]],[[[100.266167,-2.828109],[100.265319,-2.828305],[100.265319,-2.82781],[100.266167,-2.828109]]],[[[100.259406,-2.801938],[100.258846,-2.802171],[100.25876,-2.801252],[100.259406,-2.801938]]],[[[100.252821,-2.804023],[100.253552,-2.804422],[100.25286,-2.804526],[100.252821,-2.804023]]],[[[100.256695,-2.810187],[100.256964,-2.810943],[100.25655,-2.810828],[100.256695,-2.810187]]]]}},{"type":"Feature","properties":{"nmkec":"Pagai Utara","nmkab":"Kepulauan Mentawai","nmprov":"Sumatera Barat","kdkec":"013","kdkab":"01","kodekab":"1301","idkec":"1301013","index":2},"geometry":{"type":"MultiPolygon","coordinates":[[[[99.998022,-2.503264],[100.008607,-2.513311],[100.018681,-2.51925],[100.028398,-2.526913],[100.032357,-2.532014],[100.036144,-2.542697],[100.043924,-2.550143],[100.051526,-2.561088],[100.071269,-2.57986],[100.07678,-2.583063],[100.084724,-2.585936],[100.087327,-2.589106],[100.090539,-2.591092],[100.096286,-2.591024],[100.100614,-2.59241],[100.103453,-2.598014],[100.110238,-2.604697],[100.116807,-2.613666],[100.128741,-2.622279],[100.13202,-2.626631],[100.138361,-2.630689],[100.117979,-2.644334],[100.112021,-2.651545],[100.107434,-2.660596],[100.106522,-2.669826],[100.108359,-2.703593],[100.105674,-2.70882],[100.096632,-2.713765],[100.089992,-2.714613],[100.08208,-2.713624],[100.061876,-2.707972],[100.051385,-2.70618],[100.038082,-2.713972],[100.033021,-2.722075],[100.043565,-2.74025],[100.048039,-2.745811],[100.082898,-2.773136],[100.098873,-2.786752],[100.105477,-2.794412],[100.111015,-2.803454],[100.115595,-2.816751],[100.119684,-2.833499],[100.121656,-2.83688],[100.119613,-2.837629],[100.105651,-2.837156],[100.097267,-2.834147],[100.094934,-2.832254],[100.091689,-2.83222],[100.089762,-2.834586],[100.088105,-2.83462],[100.083947,-2.832423],[100.083744,-2.829887],[100.082189,-2.831476],[100.081191,-2.83649],[100.082054,-2.840283],[100.076886,-2.841945],[100.073676,-2.840458],[100.070525,-2.834451],[100.062344,-2.823979],[100.059234,-2.817362],[100.050939,-2.815533],[100.046725,-2.816854],[100.040505,-2.8225],[100.038807,-2.831628],[100.043659,-2.841494],[100.042016,-2.846259],[100.040118,-2.847551],[100.032975,-2.846044],[100.030118,-2.849483],[100.027868,-2.850481],[100.02278,-2.850036],[100.011646,-2.846886],[100.007694,-2.843407],[100.0092,-2.841529],[100.008613,-2.838349],[100.00153,-2.836184],[99.998526,-2.831606],[99.998272,-2.828895],[100.000708,-2.827736],[100.007104,-2.831442],[100.013613,-2.830424],[100.015364,-2.82927],[100.018294,-2.814125],[100.015824,-2.809905],[100.010908,-2.808064],[100.01056,-2.805341],[100.007977,-2.801466],[100.003622,-2.800095],[99.996454,-2.795936],[99.992273,-2.790843],[99.992891,-2.784726],[99.996962,-2.780656],[99.995237,-2.77714],[99.989625,-2.774275],[99.987022,-2.774173],[99.984115,-2.778289],[99.984149,-2.782921],[99.9811,-2.786556],[99.977474,-2.787883],[99.975338,-2.786467],[99.978402,-2.781549],[99.980971,-2.774892],[99.979619,-2.772018],[99.980193,-2.769246],[99.984521,-2.767294],[99.988037,-2.768916],[99.991045,-2.767564],[99.989896,-2.764631],[99.992779,-2.762024],[99.995508,-2.761304],[99.996685,-2.759057],[99.995786,-2.75365],[100.003233,-2.745281],[100.012192,-2.74346],[100.013561,-2.741558],[100.012834,-2.738684],[100.008929,-2.737117],[100.006174,-2.732663],[100.006339,-2.729586],[100.011313,-2.72899],[100.01209,-2.727587],[100.005109,-2.720399],[100.00396,-2.717885],[100.003858,-2.709687],[100.001458,-2.702921],[100.000816,-2.697284],[100.002901,-2.694346],[100.00543,-2.694583],[100.008067,-2.69651],[100.009808,-2.695817],[100.012999,-2.6866],[100.011245,-2.676108],[100.006174,-2.667229],[99.999159,-2.664094],[99.996049,-2.660037],[99.994037,-2.654307],[99.993648,-2.646197],[99.989862,-2.638772],[99.986008,-2.635366],[99.97853,-2.633798],[99.976118,-2.630999],[99.976525,-2.628427],[99.979297,-2.624227],[99.983289,-2.626273],[99.986662,-2.62516],[99.988487,-2.622978],[99.989776,-2.612281],[99.989168,-2.608841],[99.984928,-2.603683],[99.982341,-2.597456],[99.971893,-2.590206],[99.967463,-2.585777],[99.964143,-2.580682],[99.964241,-2.578745],[99.960929,-2.572071],[99.962376,-2.571045],[99.973263,-2.570154],[99.975395,-2.568231],[99.975387,-2.559844],[99.970949,-2.551297],[99.973172,-2.544873],[99.973822,-2.538076],[99.973014,-2.534923],[99.974611,-2.528052],[99.971746,-2.514763],[99.97259,-2.511915],[99.975957,-2.508476],[99.979813,-2.506751],[99.989563,-2.504091],[99.998022,-2.503264]]],[[[99.983438,-2.746562],[99.988333,-2.751264],[99.98823,-2.754154],[99.98539,-2.75708],[99.98205,-2.757976],[99.980131,-2.750832],[99.98073,-2.747563],[99.983438,-2.746562]]],[[[99.989936,-2.758817],[99.988114,-2.757744],[99.98864,-2.756805],[99.990989,-2.757681],[99.989936,-2.758817]]],[[[99.980225,-2.759702],[99.979442,-2.758826],[99.979666,-2.757131],[99.98078,-2.757644],[99.980225,-2.759702]]]]}},{"type":"Feature","properties":{"nmkec":"Sipora Selatan","nmkab":"Kepulauan Mentawai","nmprov":"Sumatera Barat","kdkec":"021","kdkab":"01","kodekab":"1301","idkec":"1301021","index":3},"geometry":{"type":"MultiPolygon","coordinates":[[[[99.702655,-2.088826],[99.705904,-2.097885],[99.704231,-2.108618],[99.70964,-2.128998],[99.711362,-2.152653],[99.713176,-2.156558],[99.716713,-2.156889],[99.717655,-2.160972],[99.717386,-2.164952],[99.715278,-2.165453],[99.714353,-2.163378],[99.712416,-2.164275],[99.718571,-2.169572],[99.719786,-2.168712],[99.722047,-2.16979],[99.725351,-2.174713],[99.725518,-2.176154],[99.722531,-2.177282],[99.721263,-2.18257],[99.729124,-2.189239],[99.733624,-2.189658],[99.733773,-2.188236],[99.731375,-2.186265],[99.732089,-2.185625],[99.735574,-2.18758],[99.736157,-2.189989],[99.733112,-2.193813],[99.732467,-2.197894],[99.73508,-2.205628],[99.740031,-2.21282],[99.743768,-2.213723],[99.751492,-2.232787],[99.75815,-2.239966],[99.767024,-2.244702],[99.780232,-2.255092],[99.780721,-2.257898],[99.779645,-2.260706],[99.779635,-2.265072],[99.780927,-2.268998],[99.785016,-2.271732],[99.784126,-2.277622],[99.781739,-2.277767],[99.783788,-2.289102],[99.781563,-2.291174],[99.78191,-2.291975],[99.785642,-2.293608],[99.788529,-2.293267],[99.796801,-2.289035],[99.800421,-2.289365],[99.81036,-2.296454],[99.813776,-2.30001],[99.814231,-2.303414],[99.81931,-2.304612],[99.823857,-2.308521],[99.831312,-2.321239],[99.832182,-2.326371],[99.834481,-2.330815],[99.837921,-2.33398],[99.844167,-2.334299],[99.846525,-2.336283],[99.847227,-2.339268],[99.844252,-2.343258],[99.843753,-2.348185],[99.84928,-2.354875],[99.855061,-2.373494],[99.856312,-2.376251],[99.861197,-2.378894],[99.863107,-2.385742],[99.862735,-2.398633],[99.859853,-2.402342],[99.855568,-2.402906],[99.850624,-2.401961],[99.846618,-2.400115],[99.843508,-2.397237],[99.839324,-2.387587],[99.841386,-2.377758],[99.840347,-2.366707],[99.836806,-2.363616],[99.83165,-2.362183],[99.8275,-2.362452],[99.822691,-2.368881],[99.820781,-2.367998],[99.820333,-2.366291],[99.815355,-2.366821],[99.811484,-2.369952],[99.807605,-2.369904],[99.805603,-2.367653],[99.802794,-2.367227],[99.800531,-2.370048],[99.796627,-2.370235],[99.792139,-2.364504],[99.790806,-2.360586],[99.791486,-2.354657],[99.788866,-2.350895],[99.787231,-2.346289],[99.784117,-2.344441],[99.774829,-2.341734],[99.767332,-2.340756],[99.758373,-2.341582],[99.745856,-2.34731],[99.742991,-2.346704],[99.737447,-2.344976],[99.731345,-2.335949],[99.727018,-2.333458],[99.720375,-2.332344],[99.711602,-2.32897],[99.706843,-2.318779],[99.708449,-2.314032],[99.706657,-2.311549],[99.701874,-2.309113],[99.692964,-2.300855],[99.684579,-2.300547],[99.683826,-2.299217],[99.684315,-2.297196],[99.681311,-2.293554],[99.673005,-2.288877],[99.66462,-2.286062],[99.666493,-2.283253],[99.667568,-2.278239],[99.66506,-2.266776],[99.666851,-2.26391],[99.671587,-2.259612],[99.67111,-2.254756],[99.666692,-2.243413],[99.663906,-2.238876],[99.643528,-2.221364],[99.64317,-2.218459],[99.646392,-2.200731],[99.64303,-2.197894],[99.633927,-2.19448],[99.624823,-2.187446],[99.613133,-2.184135],[99.605167,-2.176997],[99.601339,-2.171617],[99.59927,-2.166548],[99.599046,-2.162312],[99.613586,-2.127215],[99.616619,-2.113864],[99.616775,-2.102722],[99.621632,-2.103366],[99.623024,-2.104619],[99.624417,-2.111512],[99.625391,-2.112557],[99.627689,-2.112209],[99.630544,-2.11012],[99.632772,-2.110398],[99.638551,-2.112557],[99.644261,-2.117222],[99.649065,-2.118963],[99.654426,-2.119311],[99.659351,-2.116175],[99.677757,-2.109671],[99.69059,-2.096095],[99.700031,-2.088968],[99.702655,-2.088826]]],[[[99.716842,-2.357148],[99.72709,-2.358817],[99.7359,-2.367595],[99.739141,-2.376678],[99.735023,-2.381986],[99.734581,-2.387735],[99.73613,-2.387943],[99.744761,-2.382097],[99.743862,-2.380958],[99.741857,-2.381779],[99.741193,-2.380528],[99.744589,-2.376591],[99.746254,-2.381804],[99.745214,-2.385905],[99.737937,-2.393763],[99.734979,-2.393182],[99.733052,-2.39042],[99.732494,-2.383629],[99.733035,-2.382987],[99.733542,-2.383596],[99.733542,-2.382362],[99.732467,-2.381197],[99.728218,-2.379497],[99.724607,-2.384412],[99.722427,-2.384496],[99.717484,-2.381658],[99.710858,-2.375919],[99.710283,-2.373359],[99.711703,-2.359574],[99.716842,-2.357148]]],[[[99.748908,-2.371539],[99.745327,-2.374373],[99.741244,-2.373797],[99.742628,-2.371364],[99.746989,-2.368619],[99.748984,-2.369828],[99.748908,-2.371539]]],[[[99.722211,-2.339351],[99.721247,-2.338403],[99.722353,-2.337713],[99.722871,-2.338315],[99.722211,-2.339351]]],[[[99.739174,-2.371855],[99.738086,-2.372184],[99.739079,-2.371568],[99.739174,-2.371855]]],[[[99.740925,-2.376059],[99.741609,-2.376363],[99.741056,-2.376824],[99.740925,-2.376059]]]]}},{"type":"Feature","properties":{"nmkec":"Siberut Tengah","nmkab":"Kepulauan Mentawai","nmprov":"Sumatera Barat","kdkec":"032","kdkab":"01","kodekab":"1301","idkec":"1301032","index":4},"geometry":{"type":"MultiPolygon","coordinates":[[[[99.056851,-1.235206],[99.057163,-1.242953],[99.067629,-1.252758],[99.06883,-1.264261],[99.065206,-1.264431],[99.065272,-1.265853],[99.06563,-1.269635],[99.068797,-1.27301],[99.061964,-1.27577],[99.053468,-1.274033],[99.058921,-1.281115],[99.060388,-1.285604],[99.063414,-1.286868],[99.064187,-1.289611],[99.056598,-1.291282],[99.053995,-1.289681],[99.051234,-1.291784],[99.050247,-1.294815],[99.054065,-1.297301],[99.052624,-1.295671],[99.053896,-1.293476],[99.056406,-1.294291],[99.056556,-1.296585],[99.063621,-1.296742],[99.063562,-1.301608],[99.067941,-1.30148],[99.073577,-1.291993],[99.076137,-1.290829],[99.077345,-1.29105],[99.081396,-1.296094],[99.083236,-1.299607],[99.083602,-1.303229],[99.089305,-1.312988],[99.090777,-1.319106],[99.089166,-1.32753],[99.089296,-1.332698],[99.092846,-1.337194],[99.096634,-1.348703],[99.097997,-1.362868],[99.101666,-1.367035],[99.107601,-1.371009],[99.109114,-1.379421],[99.110488,-1.379931],[99.11388,-1.378202],[99.116926,-1.378379],[99.114583,-1.385159],[99.111654,-1.384899],[99.109537,-1.382987],[99.112089,-1.386013],[99.111602,-1.388479],[99.10944,-1.388906],[99.103156,-1.387443],[99.102114,-1.38849],[99.107401,-1.389654],[99.11072,-1.392297],[99.111313,-1.394835],[99.11307,-1.396454],[99.114095,-1.395672],[99.112738,-1.392037],[99.113331,-1.389532],[99.120302,-1.384311],[99.123051,-1.384123],[99.129513,-1.387016],[99.132306,-1.390762],[99.133326,-1.395842],[99.132059,-1.401092],[99.126839,-1.406254],[99.127725,-1.40813],[99.13406,-1.405124],[99.137563,-1.400214],[99.140799,-1.397465],[99.143825,-1.398518],[99.148469,-1.402353],[99.151683,-1.407895],[99.152764,-1.416352],[99.15968,-1.422315],[99.16602,-1.430916],[99.166608,-1.435959],[99.16837,-1.440171],[99.165341,-1.443885],[99.162254,-1.444354],[99.160542,-1.445789],[99.160509,-1.448892],[99.162393,-1.450178],[99.161839,-1.453936],[99.162947,-1.458037],[99.165585,-1.460059],[99.169132,-1.466047],[99.169542,-1.470417],[99.168409,-1.471609],[99.166524,-1.471365],[99.152997,-1.462603],[99.148741,-1.460979],[99.145396,-1.460156],[99.142722,-1.461049],[99.138383,-1.454666],[99.124362,-1.443097],[99.122037,-1.439818],[99.116553,-1.439718],[99.114369,-1.441089],[99.123771,-1.456125],[99.131613,-1.459963],[99.134348,-1.465702],[99.14789,-1.483704],[99.165078,-1.495592],[99.169896,-1.497706],[99.171166,-1.499233],[99.171296,-1.50249],[99.172614,-1.504576],[99.17482,-1.505622],[99.17766,-1.503692],[99.179225,-1.503498],[99.180245,-1.50441],[99.182544,-1.508749],[99.18481,-1.519862],[99.187541,-1.519797],[99.19188,-1.517065],[99.191725,-1.515136],[99.193091,-1.512925],[99.195061,-1.512163],[99.199769,-1.515059],[99.206037,-1.526756],[99.204564,-1.534488],[99.201345,-1.538904],[99.193957,-1.542472],[99.193473,-1.534894],[99.184231,-1.534573],[99.181361,-1.532059],[99.171213,-1.536481],[99.164616,-1.535846],[99.161093,-1.534472],[99.154438,-1.530606],[99.150024,-1.522662],[99.142981,-1.518223],[99.137144,-1.517612],[99.138093,-1.513293],[99.136393,-1.513086],[99.127361,-1.516816],[99.124727,-1.515234],[99.123295,-1.512917],[99.118311,-1.512668],[99.112657,-1.514878],[99.109422,-1.513089],[99.106613,-1.507067],[99.10202,-1.506728],[99.099706,-1.504114],[99.099781,-1.502503],[99.101591,-1.500884],[99.10208,-1.495199],[99.100341,-1.488651],[99.095905,-1.482549],[99.096479,-1.478715],[99.095574,-1.477248],[99.086734,-1.485984],[99.083176,-1.491987],[99.077538,-1.494016],[99.070744,-1.498133],[99.067385,-1.49816],[99.065796,-1.497091],[99.059693,-1.508469],[99.056142,-1.507685],[99.054504,-1.510084],[99.053705,-1.514702],[99.051674,-1.515156],[99.04944,-1.514677],[99.042429,-1.507469],[99.036326,-1.495104],[99.033607,-1.493008],[99.029519,-1.495749],[99.027544,-1.495578],[99.024078,-1.497349],[99.024938,-1.499285],[99.021408,-1.50277],[99.011953,-1.504305],[99.010314,-1.502149],[99.010615,-1.498969],[99.011742,-1.497997],[99.011003,-1.495931],[99.001076,-1.494438],[98.995153,-1.487727],[98.986544,-1.490527],[98.976431,-1.482278],[98.965175,-1.477798],[98.957307,-1.47814],[98.955302,-1.482202],[98.949208,-1.474904],[98.945236,-1.46818],[98.942901,-1.461778],[98.929745,-1.449221],[98.929747,-1.446222],[98.935253,-1.449226],[98.938045,-1.448487],[98.939975,-1.445362],[98.944329,-1.442123],[98.946154,-1.438977],[98.944942,-1.434339],[98.941022,-1.427381],[98.945969,-1.420425],[98.944728,-1.415364],[98.943012,-1.412269],[98.932768,-1.403334],[98.928383,-1.397738],[98.909721,-1.381231],[98.909276,-1.379423],[98.91179,-1.378391],[98.913189,-1.376178],[98.902615,-1.360371],[98.901019,-1.360119],[98.898511,-1.362686],[98.896186,-1.362273],[98.895982,-1.351065],[98.898048,-1.348146],[98.901592,-1.346765],[98.906247,-1.342414],[98.906824,-1.334109],[98.908543,-1.330953],[98.914284,-1.330305],[98.922671,-1.322248],[98.92713,-1.321242],[98.927918,-1.322843],[98.934546,-1.324117],[98.936393,-1.323459],[98.937819,-1.321381],[98.93514,-1.31692],[98.933495,-1.3112],[98.935009,-1.307226],[98.938659,-1.30437],[98.938284,-1.3],[98.941009,-1.297594],[98.941403,-1.283986],[98.942358,-1.281744],[98.946774,-1.279141],[98.951779,-1.266894],[98.955792,-1.264497],[98.952677,-1.251036],[98.953351,-1.24911],[98.959421,-1.251156],[98.965895,-1.249632],[98.974655,-1.245443],[98.97732,-1.241635],[98.983795,-1.237065],[98.991792,-1.235922],[98.998267,-1.237445],[99.004981,-1.23635],[99.009473,-1.238296],[99.011977,-1.241635],[99.02226,-1.242777],[99.02962,-1.241337],[99.040921,-1.242396],[99.050442,-1.23516],[99.055916,-1.233004],[99.056851,-1.235206]]],[[[99.111342,-1.353876],[99.121561,-1.360987],[99.121783,-1.365033],[99.120785,-1.366496],[99.110303,-1.364386],[99.111756,-1.357814],[99.113669,-1.359637],[99.111342,-1.353876]]],[[[99.175134,-1.479706],[99.178103,-1.482171],[99.175983,-1.483081],[99.173373,-1.481614],[99.176261,-1.488372],[99.174605,-1.489075],[99.171595,-1.485819],[99.169906,-1.481681],[99.1705,-1.478398],[99.173184,-1.473363],[99.174955,-1.476786],[99.175134,-1.479706]]],[[[99.181486,-1.488187],[99.184438,-1.494907],[99.18862,-1.494542],[99.186799,-1.497951],[99.180956,-1.495456],[99.178808,-1.491754],[99.181486,-1.488187]]]]}},{"type":"Feature","properties":{"nmkec":"Siberut Utara","nmkab":"Kepulauan Mentawai","nmprov":"Sumatera Barat","kdkec":"040","kdkab":"01","kodekab":"1301","idkec":"1301040","index":5},"geometry":{"type":"MultiPolygon","coordinates":[[[[98.923236,-0.956547],[98.931722,-0.958062],[98.932084,-0.959709],[98.936064,-0.964389],[98.943731,-0.980616],[98.944913,-0.985591],[98.942952,-0.999187],[98.944031,-1.005121],[98.944986,-1.006315],[98.949088,-1.006547],[98.951865,-1.01274],[98.951583,-1.014438],[98.94556,-1.017329],[98.944424,-1.016843],[98.93638,-1.004745],[98.930702,-0.993166],[98.925881,-0.988242],[98.921485,-0.988003],[98.91907,-0.989546],[98.917696,-0.992965],[98.916796,-1.001669],[98.929698,-1.02152],[98.932821,-1.023701],[98.935867,-1.028499],[98.936803,-1.031227],[98.936712,-1.041642],[98.938241,-1.045246],[98.940203,-1.057617],[98.939015,-1.059156],[98.937089,-1.059502],[98.937121,-1.061933],[98.943683,-1.069131],[98.945868,-1.068136],[98.94678,-1.068661],[98.9472,-1.071923],[98.94571,-1.07633],[98.946263,-1.079832],[98.947628,-1.081781],[98.949923,-1.083989],[98.953218,-1.083413],[98.954725,-1.084279],[98.951949,-1.087438],[98.948529,-1.0883],[98.948554,-1.08944],[98.952697,-1.091392],[98.958085,-1.091208],[98.958363,-1.090387],[98.95537,-1.08727],[98.954711,-1.085295],[98.95687,-1.080491],[98.955578,-1.076433],[98.956652,-1.075939],[98.958795,-1.076873],[98.967228,-1.091151],[98.972613,-1.09704],[98.99544,-1.110584],[99.002055,-1.117217],[98.998964,-1.126618],[98.998708,-1.134087],[99.005059,-1.152479],[99.007988,-1.164145],[99.014333,-1.171585],[99.019371,-1.172602],[99.031064,-1.183795],[99.034077,-1.192395],[99.033649,-1.195178],[99.040631,-1.204865],[99.040723,-1.20798],[99.035854,-1.212877],[99.034462,-1.212923],[99.03255,-1.211186],[99.028024,-1.211716],[99.028061,-1.215905],[99.025271,-1.219882],[99.02566,-1.222147],[99.031716,-1.224977],[99.031513,-1.228009],[99.041481,-1.230848],[99.045919,-1.231216],[99.046338,-1.227299],[99.050413,-1.226718],[99.055916,-1.233004],[99.050442,-1.23516],[99.040921,-1.242396],[99.02962,-1.241337],[99.02226,-1.242777],[99.011977,-1.241635],[99.009473,-1.238296],[99.004981,-1.23635],[98.998267,-1.237445],[98.991792,-1.235922],[98.983795,-1.237065],[98.97732,-1.241635],[98.974655,-1.245443],[98.971227,-1.247728],[98.959421,-1.251156],[98.953351,-1.24911],[98.952677,-1.251036],[98.955792,-1.264497],[98.951779,-1.266894],[98.946774,-1.279141],[98.942358,-1.281744],[98.941403,-1.283986],[98.941009,-1.297594],[98.938284,-1.3],[98.938659,-1.30437],[98.935009,-1.307226],[98.933495,-1.3112],[98.93514,-1.31692],[98.937819,-1.321381],[98.936393,-1.323459],[98.934546,-1.324117],[98.927918,-1.322843],[98.92713,-1.321242],[98.922671,-1.322248],[98.916207,-1.329086],[98.914284,-1.330305],[98.908685,-1.330854],[98.906824,-1.334109],[98.905362,-1.333533],[98.90223,-1.33529],[98.899549,-1.339031],[98.897659,-1.340067],[98.883621,-1.340241],[98.88349,-1.336679],[98.87617,-1.334931],[98.869041,-1.331828],[98.864897,-1.332802],[98.861311,-1.335059],[98.857338,-1.33205],[98.855676,-1.332278],[98.853767,-1.335969],[98.861478,-1.35004],[98.860158,-1.35529],[98.856684,-1.356903],[98.850174,-1.352853],[98.846925,-1.352741],[98.834976,-1.355708],[98.831581,-1.357584],[98.827594,-1.356356],[98.825606,-1.357439],[98.825147,-1.358734],[98.827658,-1.360711],[98.830326,-1.368761],[98.830854,-1.371958],[98.829363,-1.374623],[98.829338,-1.38242],[98.831379,-1.388348],[98.828919,-1.391559],[98.825332,-1.39356],[98.823639,-1.398645],[98.8182,-1.400257],[98.814791,-1.405301],[98.801664,-1.411363],[98.797792,-1.403539],[98.798671,-1.395555],[98.78891,-1.376872],[98.780608,-1.369895],[98.772134,-1.367002],[98.766461,-1.362396],[98.766062,-1.360814],[98.785248,-1.342956],[98.785338,-1.34028],[98.788359,-1.336987],[98.793503,-1.335157],[98.796163,-1.336701],[98.800157,-1.335338],[98.800116,-1.333776],[98.796704,-1.329928],[98.800735,-1.323565],[98.804994,-1.321408],[98.807961,-1.316542],[98.818865,-1.309818],[98.822732,-1.305246],[98.822097,-1.301225],[98.81756,-1.296208],[98.81698,-1.290301],[98.817979,-1.284748],[98.814482,-1.280049],[98.81315,-1.275317],[98.813407,-1.270922],[98.811847,-1.265922],[98.816106,-1.256297],[98.821745,-1.256057],[98.826611,-1.253208],[98.829927,-1.248214],[98.830311,-1.243988],[98.825556,-1.238849],[98.821754,-1.236634],[98.820685,-1.234702],[98.821794,-1.231208],[98.816094,-1.223242],[98.815558,-1.218424],[98.817502,-1.213901],[98.817492,-1.211001],[98.810707,-1.201513],[98.809795,-1.199626],[98.810894,-1.19836],[98.809355,-1.194729],[98.801598,-1.1862],[98.801055,-1.182767],[98.794882,-1.179025],[98.790749,-1.173051],[98.785109,-1.168943],[98.789399,-1.166582],[98.794409,-1.160723],[98.792836,-1.157414],[98.794395,-1.153079],[98.792785,-1.143411],[98.794195,-1.139874],[98.793372,-1.13623],[98.787183,-1.126618],[98.787557,-1.121483],[98.79092,-1.114801],[98.789573,-1.10774],[98.78627,-1.098936],[98.78046,-1.092874],[98.770838,-1.090888],[98.769153,-1.083935],[98.75844,-1.065102],[98.753556,-1.059407],[98.760311,-1.047406],[98.765372,-1.042716],[98.772626,-1.038007],[98.780935,-1.03798],[98.796916,-1.034584],[98.799927,-1.035249],[98.8035,-1.03795],[98.810807,-1.038141],[98.812219,-1.036467],[98.813671,-1.029315],[98.811244,-1.02343],[98.811739,-1.020865],[98.819341,-1.021772],[98.82296,-1.020612],[98.825279,-1.018088],[98.830717,-1.015384],[98.833131,-1.017985],[98.837894,-1.017677],[98.84135,-1.015149],[98.842142,-1.007848],[98.845171,-1.005401],[98.850492,-1.004247],[98.852869,-1.002474],[98.860392,-1.002461],[98.859503,-1.0],[98.856033,-0.995793],[98.858246,-0.993334],[98.86275,-0.995057],[98.865093,-0.994961],[98.870179,-0.991461],[98.87728,-0.990054],[98.882594,-0.991771],[98.887521,-0.999644],[98.890415,-0.999055],[98.896344,-0.992615],[98.893888,-0.986319],[98.893121,-0.97601],[98.896002,-0.972346],[98.899028,-0.97093],[98.907757,-0.973722],[98.91205,-0.974098],[98.916981,-0.971686],[98.918419,-0.968585],[98.917811,-0.965522],[98.921235,-0.957705],[98.923236,-0.956547]]],[[[98.954557,-1.058897],[98.957435,-1.060477],[98.959832,-1.067389],[98.959525,-1.069763],[98.958401,-1.070513],[98.955049,-1.065973],[98.954145,-1.061195],[98.954557,-1.058897]]],[[[98.949197,-1.039023],[98.950978,-1.040773],[98.95202,-1.043375],[98.949858,-1.04313],[98.947481,-1.0405],[98.947933,-1.038113],[98.948989,-1.03737],[98.949678,-1.037998],[98.949197,-1.039023]]],[[[98.946299,-0.992496],[98.945819,-0.990674],[98.947121,-0.988916],[98.94827,-0.991584],[98.946299,-0.992496]]]]}},{"type":"Feature","properties":{"nmkec":"Silaut","nmkab":"Pesisir Selatan","nmprov":"Sumatera Barat","kdkec":"011","kdkab":"02","kodekab":"1302","idkec":"1302011","index":6},"geometry":{"type":"Polygon","coordinates":[[[100.959748,-2.245064],[100.961805,-2.246213],[100.964647,-2.259518],[100.970576,-2.265226],[100.973771,-2.264049],[100.976084,-2.265784],[100.976925,-2.270052],[100.976074,-2.277242],[100.978008,-2.28069],[100.980489,-2.281847],[100.984252,-2.287702],[100.988878,-2.302693],[100.988024,-2.323855],[100.991469,-2.325855],[100.997192,-2.327162],[101.007403,-2.324684],[101.009705,-2.322015],[101.008352,-2.320018],[101.010233,-2.318321],[101.014078,-2.317212],[101.019305,-2.312177],[101.020394,-2.311765],[101.024295,-2.313371],[101.038805,-2.309252],[101.061584,-2.316978],[101.070116,-2.32154],[101.078362,-2.327413],[101.080789,-2.32811],[101.096145,-2.32929],[101.101337,-2.328641],[101.103494,-2.327445],[101.114342,-2.325173],[101.122537,-2.31909],[101.127462,-2.320516],[101.150136,-2.334754],[101.174438,-2.334776],[101.183789,-2.331579],[101.188747,-2.327137],[101.199764,-2.31433],[101.202655,-2.304484],[101.202931,-2.300559],[101.210505,-2.295326],[101.21264,-2.291608],[101.228958,-2.283759],[101.234398,-2.276735],[101.238598,-2.266751],[101.240457,-2.264204],[101.245277,-2.260899],[101.257395,-2.255184],[101.273534,-2.249597],[101.282114,-2.245546],[101.280956,-2.260419],[101.285403,-2.276772],[101.283276,-2.28489],[101.265582,-2.302317],[101.260166,-2.309639],[101.254103,-2.313958],[101.245482,-2.316252],[101.237662,-2.320008],[101.236399,-2.321923],[101.236222,-2.324745],[101.237526,-2.335274],[101.236992,-2.342365],[101.23313,-2.342276],[101.22789,-2.344981],[101.216475,-2.353654],[101.20796,-2.358595],[101.199924,-2.36664],[101.190617,-2.368114],[101.184043,-2.375503],[101.176253,-2.376108],[101.167976,-2.383023],[101.159602,-2.38255],[101.150071,-2.387303],[101.146755,-2.387827],[101.140887,-2.394763],[101.13387,-2.400155],[101.022812,-2.478442],[101.00962,-2.454235],[100.989511,-2.427903],[100.935555,-2.373911],[100.912903,-2.348582],[100.894493,-2.331178],[100.8918,-2.328119],[100.888657,-2.321547],[100.888375,-2.311457],[100.884499,-2.30231],[100.881974,-2.290422],[100.879273,-2.282588],[100.877831,-2.272951],[100.878899,-2.270834],[100.887698,-2.266434],[100.898851,-2.264203],[100.955031,-2.245029],[100.959748,-2.245064]]]}},{"type":"Feature","properties":{"nmkec":"Lunang","nmkab":"Pesisir Selatan","nmprov":"Sumatera Barat","kdkec":"012","kdkab":"02","kodekab":"1302","idkec":"1302012","index":7},"geometry":{"type":"Polygon","coordinates":[[[101.270075,-2.145116],[101.282114,-2.245546],[101.273534,-2.249597],[101.257395,-2.255184],[101.245277,-2.260899],[101.240457,-2.264204],[101.237909,-2.267991],[101.234398,-2.276735],[101.228958,-2.283759],[101.21264,-2.291608],[101.210505,-2.295326],[101.202931,-2.300559],[101.202655,-2.304484],[101.199764,-2.31433],[101.184615,-2.331131],[101.174438,-2.334776],[101.157956,-2.334483],[101.15221,-2.335331],[101.127462,-2.320516],[101.122104,-2.319078],[101.114342,-2.325173],[101.103494,-2.327445],[101.101337,-2.328641],[101.096145,-2.32929],[101.080789,-2.32811],[101.078362,-2.327413],[101.070116,-2.32154],[101.061584,-2.316978],[101.038805,-2.309252],[101.024295,-2.313371],[101.020394,-2.311765],[101.019305,-2.312177],[101.014078,-2.317212],[101.009716,-2.318617],[101.0083,-2.320209],[101.009705,-2.322015],[101.007403,-2.324684],[101.003529,-2.326113],[100.997192,-2.327162],[100.991469,-2.325855],[100.988024,-2.323855],[100.988878,-2.302693],[100.983706,-2.286504],[100.980489,-2.281847],[100.978008,-2.28069],[100.976074,-2.277242],[100.976925,-2.270052],[100.976084,-2.265784],[100.973771,-2.264049],[100.970576,-2.265226],[100.964647,-2.259518],[100.961805,-2.246213],[100.95717,-2.244472],[100.960378,-2.243279],[100.96578,-2.24313],[100.969388,-2.245111],[100.974578,-2.245436],[100.977063,-2.24381],[100.980951,-2.245407],[100.988404,-2.253052],[100.996803,-2.256083],[100.999302,-2.258981],[101.004729,-2.262574],[101.012788,-2.260475],[101.031419,-2.269391],[101.038872,-2.269524],[101.045688,-2.266463],[101.050391,-2.261968],[101.055847,-2.259454],[101.060327,-2.259159],[101.066848,-2.255965],[101.06684,-2.248011],[101.069845,-2.237111],[101.071688,-2.235574],[101.083115,-2.232221],[101.088887,-2.229181],[101.089864,-2.220836],[101.094788,-2.215717],[101.094024,-2.210419],[101.093081,-2.207897],[101.091799,-2.207881],[101.0914,-2.206489],[101.091273,-2.200996],[101.092682,-2.197244],[101.097504,-2.193033],[101.104763,-2.192532],[101.120586,-2.185282],[101.134537,-2.177495],[101.142449,-2.167325],[101.15807,-2.16291],[101.162756,-2.160601],[101.171178,-2.153538],[101.177086,-2.151161],[101.18578,-2.152383],[101.195695,-2.151161],[101.202215,-2.148852],[101.211452,-2.142875],[101.22259,-2.140023],[101.235219,-2.139594],[101.270075,-2.145116]]]}},{"type":"Feature","properties":{"nmkec":"Basa Ampek Balai Tapan","nmkab":"Pesisir Selatan","nmprov":"Sumatera Barat","kdkec":"020","kdkab":"02","kodekab":"1302","idkec":"1302020","index":8},"geometry":{"type":"Polygon","coordinates":[[[101.16696,-2.069221],[101.142606,-2.071965],[101.137482,-2.073329],[101.119181,-2.081165],[101.111882,-2.092284],[101.098609,-2.101295],[101.086341,-2.118093],[101.085861,-2.12357],[101.090631,-2.127658],[101.084976,-2.135368],[101.081813,-2.147668],[101.084221,-2.157386],[101.088496,-2.167831],[101.079105,-2.172629],[101.075021,-2.173093],[101.075197,-2.18053],[101.078394,-2.185097],[101.07816,-2.194547],[101.075425,-2.206172],[101.072309,-2.211604],[101.072333,-2.235358],[101.069845,-2.237111],[101.067341,-2.245744],[101.066848,-2.255965],[101.060327,-2.259159],[101.055847,-2.259454],[101.050391,-2.261968],[101.045688,-2.266463],[101.038872,-2.269524],[101.031419,-2.269391],[101.012788,-2.260475],[101.004729,-2.262574],[100.999302,-2.258981],[100.996803,-2.256083],[100.988404,-2.253052],[100.980951,-2.245407],[100.977063,-2.24381],[100.974578,-2.245436],[100.969388,-2.245111],[100.96578,-2.24313],[100.960378,-2.243279],[100.955031,-2.245029],[100.953309,-2.242696],[100.949444,-2.242195],[100.949143,-2.238558],[100.95381,-2.227334],[100.957619,-2.221465],[100.95895,-2.216067],[100.958062,-2.215008],[100.952436,-2.213662],[100.950904,-2.214407],[100.95016,-2.21707],[100.946609,-2.216239],[100.948741,-2.212744],[100.947755,-2.204786],[100.944075,-2.201107],[100.939408,-2.203269],[100.935285,-2.201107],[100.927119,-2.188807],[100.925922,-2.185531],[100.926968,-2.184658],[100.928886,-2.185245],[100.928643,-2.183126],[100.926638,-2.18261],[100.922157,-2.183856],[100.918979,-2.180678],[100.921127,-2.177664],[100.921649,-2.17478],[100.920883,-2.172102],[100.924706,-2.165495],[100.921771,-2.162528],[100.925489,-2.151852],[100.925568,-2.146995],[100.92972,-2.141802],[100.92934,-2.138329],[100.942947,-2.130269],[100.954341,-2.136851],[100.958164,-2.137378],[100.962734,-2.133299],[100.967398,-2.121997],[100.967949,-2.118452],[100.97193,-2.115632],[100.975806,-2.102474],[100.979755,-2.095564],[100.98541,-2.091567],[100.988102,-2.084836],[100.990076,-2.083221],[101.001011,-2.083896],[101.01208,-2.072222],[101.036216,-2.076783],[101.040994,-2.074151],[101.04222,-2.072222],[101.042005,-2.070159],[101.043709,-2.068759],[101.058369,-2.068384],[101.073903,-2.071491],[101.079212,-2.070888],[101.093148,-2.066967],[101.108049,-2.066363],[101.114142,-2.065097],[101.115409,-2.064071],[101.119753,-2.052307],[101.141471,-2.028417],[101.145091,-2.025642],[101.158242,-2.01985],[101.16886,-2.017196],[101.175376,-2.016955],[101.200578,-2.012822],[101.206782,-2.009301],[101.226905,-2.041965],[101.184656,-2.06546],[101.16696,-2.069221]]]}},{"type":"Feature","properties":{"nmkec":"Ranah Ampek Hulu Tapan","nmkab":"Pesisir Selatan","nmprov":"Sumatera Barat","kdkec":"021","kdkab":"02","kodekab":"1302","idkec":"1302021","index":9},"geometry":{"type":"Polygon","coordinates":[[[101.265916,-2.126069],[101.270075,-2.145116],[101.235219,-2.139594],[101.22259,-2.140023],[101.211452,-2.142875],[101.202215,-2.148852],[101.195695,-2.151161],[101.189719,-2.152383],[101.177086,-2.151161],[101.171178,-2.153538],[101.162756,-2.160601],[101.15807,-2.16291],[101.142449,-2.167325],[101.134537,-2.177495],[101.120586,-2.185282],[101.104763,-2.192532],[101.097504,-2.193033],[101.092682,-2.197244],[101.091273,-2.200996],[101.0914,-2.206489],[101.091799,-2.207881],[101.093081,-2.207897],[101.094024,-2.210419],[101.094788,-2.215717],[101.089864,-2.220836],[101.08893,-2.229105],[101.083115,-2.232221],[101.072333,-2.235358],[101.072309,-2.211604],[101.076155,-2.203984],[101.078457,-2.191448],[101.078394,-2.185097],[101.075197,-2.18053],[101.074742,-2.174239],[101.075021,-2.173093],[101.079105,-2.172629],[101.088496,-2.167831],[101.084221,-2.157386],[101.081813,-2.147668],[101.084976,-2.135368],[101.090631,-2.127658],[101.085861,-2.12357],[101.086341,-2.118093],[101.098609,-2.101295],[101.111882,-2.092284],[101.119181,-2.081165],[101.133547,-2.074687],[101.142606,-2.071965],[101.16696,-2.069221],[101.184656,-2.06546],[101.226905,-2.041965],[101.234383,-2.053966],[101.237121,-2.062124],[101.239678,-2.07783],[101.238021,-2.08536],[101.239904,-2.096881],[101.243667,-2.098671],[101.256147,-2.108349],[101.259628,-2.113133],[101.265916,-2.126069]]]}},{"type":"Feature","properties":{"nmkec":"Pancung Soal","nmkab":"Pesisir Selatan","nmprov":"Sumatera Barat","kdkec":"030","kdkab":"02","kodekab":"1302","idkec":"1302030","index":10},"geometry":{"type":"MultiPolygon","coordinates":[[[[101.126789,-1.88669],[101.156561,-1.889405],[101.164394,-1.891722],[101.163609,-1.894373],[101.151945,-1.903105],[101.147034,-1.904157],[101.14183,-1.90242],[101.141833,-1.904861],[101.144534,-1.911376],[101.142319,-1.924135],[101.142784,-1.925878],[101.14533,-1.928432],[101.158373,-1.936303],[101.182529,-1.959908],[101.192488,-1.97332],[101.202741,-1.977469],[101.206098,-1.981126],[101.208141,-1.996755],[101.206945,-2.009208],[101.200578,-2.012822],[101.175376,-2.016955],[101.16886,-2.017196],[101.158242,-2.01985],[101.145091,-2.025642],[101.141471,-2.028417],[101.119753,-2.052307],[101.115409,-2.064071],[101.114142,-2.065097],[101.108049,-2.066363],[101.093148,-2.066967],[101.079212,-2.070888],[101.073903,-2.071491],[101.058369,-2.068384],[101.043709,-2.068759],[101.042005,-2.070159],[101.04222,-2.072222],[101.040994,-2.074151],[101.036216,-2.076783],[101.013052,-2.072072],[101.010868,-2.07297],[101.001011,-2.083896],[100.990076,-2.083221],[100.988102,-2.084836],[100.98541,-2.091567],[100.979755,-2.095564],[100.975806,-2.102474],[100.97193,-2.115632],[100.967949,-2.118452],[100.967398,-2.121997],[100.962734,-2.133299],[100.958164,-2.137378],[100.954341,-2.136851],[100.942947,-2.130269],[100.92934,-2.138329],[100.92972,-2.141802],[100.925568,-2.146995],[100.925489,-2.151852],[100.921771,-2.162528],[100.924706,-2.165495],[100.920883,-2.172102],[100.921649,-2.17478],[100.921127,-2.177664],[100.918979,-2.180678],[100.922157,-2.183856],[100.926638,-2.18261],[100.928643,-2.183126],[100.928886,-2.185245],[100.926968,-2.184658],[100.925922,-2.185531],[100.927119,-2.188807],[100.935285,-2.201107],[100.939408,-2.203269],[100.944075,-2.201107],[100.947755,-2.204786],[100.948741,-2.212744],[100.946609,-2.216239],[100.95016,-2.21707],[100.950904,-2.214407],[100.952436,-2.213662],[100.958062,-2.215008],[100.95895,-2.216067],[100.957619,-2.221465],[100.95381,-2.227334],[100.949143,-2.238558],[100.949444,-2.242195],[100.953309,-2.242696],[100.955031,-2.245029],[100.898851,-2.264203],[100.891974,-2.265579],[100.889992,-2.242614],[100.884924,-2.2429],[100.866857,-2.222399],[100.864487,-2.217156],[100.861314,-2.214311],[100.853686,-2.214439],[100.852884,-2.198463],[100.85105,-2.199273],[100.850565,-2.186509],[100.840474,-2.186394],[100.838504,-2.182185],[100.832863,-2.18187],[100.832863,-2.17706],[100.828797,-2.176974],[100.828912,-2.168127],[100.830687,-2.167411],[100.832491,-2.162429],[100.832272,-2.151697],[100.834517,-2.148258],[100.834753,-2.141935],[100.837816,-2.139215],[100.843772,-2.138242],[100.848725,-2.131513],[100.849588,-2.128077],[100.858088,-2.125586],[100.861181,-2.122551],[100.863271,-2.117311],[100.877462,-2.117015],[100.902579,-2.10621],[100.909333,-2.105579],[100.90987,-2.098943],[100.908818,-2.096345],[100.906694,-2.096439],[100.910112,-2.08741],[100.90986,-2.068989],[100.908322,-2.061765],[100.912816,-2.06006],[100.917248,-2.063022],[100.921214,-2.060332],[100.922283,-2.06156],[100.919896,-2.06268],[100.919791,-2.064346],[100.925054,-2.065191],[100.925878,-2.064472],[100.925915,-2.059711],[100.928381,-2.058244],[100.930259,-2.059435],[100.927247,-2.062897],[100.927505,-2.064593],[100.928474,-2.065029],[100.93173,-2.062595],[100.932295,-2.059767],[100.936164,-2.060008],[100.937532,-2.063915],[100.939873,-2.066562],[100.939954,-2.070341],[100.941665,-2.07118],[100.942957,-2.070696],[100.949266,-2.058791],[100.952961,-2.054557],[100.95513,-2.054771],[100.957675,-2.05197],[100.962074,-2.023913],[100.963878,-2.022003],[100.967425,-2.0223],[100.969595,-2.021023],[100.970598,-2.01915],[100.968252,-2.017082],[100.971042,-2.014473],[100.974767,-2.012829],[100.974948,-2.010672],[100.97341,-2.009571],[100.984676,-2.002218],[100.986614,-2.003071],[100.98911,-1.99976],[100.991056,-1.994044],[100.990437,-1.987423],[100.993041,-1.984996],[100.997113,-1.984166],[101.000355,-1.980818],[101.004586,-1.98075],[101.006072,-1.982892],[101.011554,-1.981677],[101.013115,-1.980501],[101.017157,-1.984],[101.022074,-1.986127],[101.023446,-1.984483],[101.0233,-1.982238],[101.026719,-1.979491],[101.029298,-1.980018],[101.03515,-1.977982],[101.037877,-1.974559],[101.038264,-1.9683],[101.041356,-1.966505],[101.042125,-1.964122],[101.041364,-1.961068],[101.038294,-1.957803],[101.03699,-1.95192],[101.034705,-1.947328],[101.031417,-1.944658],[101.031628,-1.940639],[101.03472,-1.93717],[101.042744,-1.932359],[101.058308,-1.927925],[101.062207,-1.923958],[101.063308,-1.919946],[101.071075,-1.918453],[101.074936,-1.91426],[101.079461,-1.911274],[101.093427,-1.906388],[101.094815,-1.904095],[101.094362,-1.903401],[101.088812,-1.900777],[101.08848,-1.898877],[101.09029,-1.896976],[101.095116,-1.896071],[101.105945,-1.896795],[101.115634,-1.889235],[101.121359,-1.887173],[101.126789,-1.88669]]],[[[100.891586,-1.979764],[100.898597,-1.979095],[100.897633,-1.983565],[100.900351,-1.994298],[100.880658,-1.997323],[100.876154,-1.996508],[100.873388,-1.99232],[100.874589,-1.991008],[100.874075,-1.98766],[100.876558,-1.983577],[100.881627,-1.979779],[100.882221,-1.977593],[100.884741,-1.977256],[100.891586,-1.979764]]]]}},{"type":"Feature","properties":{"nmkec":"Airpura","nmkab":"Pesisir Selatan","nmprov":"Sumatera Barat","kdkec":"031","kdkab":"02","kodekab":"1302","idkec":"1302031","index":11},"geometry":{"type":"Polygon","coordinates":[[[101.171518,-1.851674],[101.175973,-1.855155],[101.178464,-1.859859],[101.178236,-1.863056],[101.165926,-1.879451],[101.164394,-1.891722],[101.155475,-1.889224],[101.124526,-1.88666],[101.115634,-1.889235],[101.105945,-1.896795],[101.091195,-1.896584],[101.089234,-1.897519],[101.08851,-1.899721],[101.089476,-1.90138],[101.094362,-1.903401],[101.094815,-1.904095],[101.093427,-1.906388],[101.079461,-1.911274],[101.074936,-1.91426],[101.071075,-1.918453],[101.063308,-1.919946],[101.062207,-1.923958],[101.058308,-1.927925],[101.042744,-1.932359],[101.03472,-1.93717],[101.031628,-1.940639],[101.031417,-1.944658],[101.034705,-1.947328],[101.03699,-1.95192],[101.038294,-1.957803],[101.041364,-1.961068],[101.042125,-1.964122],[101.041356,-1.966505],[101.038264,-1.9683],[101.037877,-1.974559],[101.03515,-1.977982],[101.029298,-1.980018],[101.026719,-1.979491],[101.0233,-1.982238],[101.023446,-1.984483],[101.022074,-1.986127],[101.017157,-1.984],[101.013115,-1.980501],[101.011554,-1.981677],[101.006072,-1.982892],[101.004586,-1.98075],[101.000355,-1.980818],[100.997113,-1.984166],[100.993041,-1.984996],[100.990437,-1.987423],[100.991056,-1.994044],[100.98911,-1.99976],[100.986614,-2.003071],[100.984676,-2.002218],[100.97341,-2.009571],[100.974948,-2.010672],[100.974767,-2.012829],[100.971042,-2.014473],[100.968252,-2.017082],[100.970598,-2.01915],[100.969595,-2.021023],[100.967425,-2.0223],[100.963878,-2.022003],[100.962074,-2.023913],[100.957675,-2.05197],[100.95513,-2.054771],[100.952961,-2.054557],[100.949266,-2.058791],[100.942957,-2.070696],[100.941665,-2.07118],[100.939954,-2.070341],[100.939873,-2.066562],[100.937532,-2.063915],[100.936164,-2.060008],[100.932295,-2.059767],[100.93173,-2.062595],[100.928474,-2.065029],[100.927505,-2.064593],[100.927247,-2.062897],[100.930259,-2.059435],[100.928381,-2.058244],[100.925915,-2.059711],[100.925878,-2.064472],[100.925054,-2.065191],[100.919791,-2.064346],[100.919896,-2.06268],[100.922283,-2.06156],[100.921214,-2.060332],[100.917248,-2.063022],[100.912816,-2.06006],[100.908322,-2.061765],[100.90986,-2.068989],[100.910112,-2.08741],[100.906694,-2.096439],[100.908818,-2.096345],[100.90987,-2.098943],[100.909333,-2.105579],[100.902579,-2.10621],[100.877462,-2.117015],[100.863271,-2.117311],[100.861181,-2.122551],[100.858088,-2.125586],[100.849588,-2.128077],[100.848725,-2.131513],[100.843772,-2.138242],[100.837816,-2.139215],[100.834753,-2.141935],[100.834517,-2.148258],[100.832272,-2.151697],[100.832491,-2.162429],[100.830687,-2.167411],[100.828912,-2.168127],[100.828797,-2.176974],[100.832863,-2.17706],[100.832863,-2.18187],[100.838504,-2.182185],[100.840474,-2.186394],[100.850565,-2.186509],[100.85105,-2.199273],[100.852884,-2.198463],[100.853686,-2.214439],[100.861314,-2.214311],[100.864487,-2.217156],[100.866857,-2.222399],[100.884924,-2.2429],[100.889992,-2.242614],[100.891974,-2.265579],[100.887698,-2.266434],[100.879301,-2.270632],[100.878011,-2.256293],[100.873744,-2.242618],[100.87186,-2.239469],[100.85093,-2.215726],[100.826366,-2.180327],[100.821521,-2.169546],[100.820377,-2.160985],[100.820525,-2.151281],[100.822463,-2.143716],[100.828547,-2.135721],[100.832262,-2.132356],[100.842558,-2.125532],[100.850849,-2.114388],[100.855803,-2.105343],[100.864632,-2.098451],[100.867845,-2.09394],[100.873719,-2.076976],[100.87902,-2.053833],[100.87999,-2.038785],[100.878152,-2.022647],[100.871402,-1.994805],[100.868616,-1.98712],[100.868206,-1.982658],[100.868744,-1.982375],[100.876154,-1.996508],[100.880658,-1.997323],[100.900351,-1.994298],[100.897633,-1.983565],[100.898597,-1.979095],[100.901411,-1.978942],[100.908902,-1.981439],[100.912895,-1.981304],[100.919759,-1.977357],[100.923075,-1.969701],[100.928548,-1.970793],[100.93337,-1.964789],[100.943907,-1.968188],[100.953162,-1.965215],[100.964278,-1.930988],[100.970621,-1.92286],[100.982937,-1.913292],[100.999027,-1.889013],[101.018857,-1.882341],[101.025043,-1.882476],[101.033603,-1.878768],[101.043337,-1.872823],[101.051719,-1.866307],[101.056054,-1.8643],[101.059742,-1.855788],[101.074454,-1.851124],[101.079138,-1.850884],[101.087744,-1.854162],[101.108148,-1.853137],[101.109355,-1.851563],[101.109705,-1.846773],[101.114747,-1.841691],[101.114183,-1.831839],[101.115029,-1.825618],[101.118291,-1.818394],[101.118002,-1.814676],[101.114791,-1.804743],[101.106799,-1.798752],[101.104236,-1.795752],[101.103522,-1.79318],[101.10721,-1.785526],[101.108444,-1.779346],[101.107239,-1.776335],[101.097701,-1.770803],[101.09671,-1.769426],[101.093088,-1.76399],[101.09098,-1.75285],[101.094455,-1.746498],[101.131537,-1.706556],[101.131638,-1.739781],[101.133851,-1.755412],[101.132756,-1.758824],[101.128773,-1.762664],[101.128626,-1.763945],[101.136128,-1.776138],[101.140466,-1.779504],[101.142449,-1.786288],[101.142055,-1.79518],[101.151829,-1.801329],[101.153335,-1.803768],[101.156013,-1.813404],[101.157535,-1.829326],[101.171518,-1.851674]]]}},{"type":"Feature","properties":{"nmkec":"Ranah Pesisir","nmkab":"Pesisir Selatan","nmprov":"Sumatera Barat","kdkec":"050","kdkab":"02","kodekab":"1302","idkec":"1302050","index":12},"geometry":{"type":"Polygon","coordinates":[[[100.957747,-1.480502],[100.964971,-1.480728],[100.972486,-1.482407],[100.977517,-1.486703],[100.975964,-1.49397],[100.979672,-1.504487],[100.980623,-1.518253],[100.983114,-1.525399],[100.986411,-1.528651],[100.99121,-1.530797],[100.998465,-1.544315],[101.001937,-1.548612],[101.005638,-1.550992],[101.008359,-1.555038],[101.020173,-1.565496],[101.019313,-1.572703],[101.014475,-1.58432],[101.013907,-1.594549],[101.015243,-1.601813],[101.019314,-1.608253],[101.028626,-1.615393],[101.037588,-1.619452],[101.046668,-1.626301],[101.062723,-1.634694],[101.063013,-1.636205],[101.061398,-1.63888],[101.061173,-1.645157],[101.064362,-1.655615],[101.066104,-1.65781],[101.065332,-1.664957],[101.062573,-1.670935],[101.059722,-1.673234],[101.044363,-1.680776],[101.042064,-1.684823],[101.04096,-1.690893],[101.039581,-1.6931],[101.021003,-1.700366],[101.017784,-1.702665],[101.006839,-1.715173],[101.004908,-1.718208],[101.004632,-1.720415],[101.005,-1.723542],[101.007115,-1.727773],[101.007023,-1.730348],[101.003712,-1.73559],[100.993504,-1.74028],[100.982375,-1.74727],[100.963614,-1.752512],[100.955704,-1.756467],[100.944806,-1.763595],[100.929336,-1.767781],[100.923239,-1.772309],[100.913996,-1.775413],[100.905581,-1.788335],[100.902408,-1.798865],[100.888704,-1.809304],[100.881254,-1.812937],[100.872471,-1.81542],[100.869314,-1.818666],[100.862125,-1.828388],[100.860607,-1.833492],[100.859998,-1.84383],[100.849148,-1.853941],[100.842075,-1.85441],[100.833647,-1.859085],[100.827973,-1.863479],[100.811737,-1.844596],[100.786672,-1.820045],[100.769905,-1.791984],[100.767727,-1.786374],[100.761114,-1.775528],[100.754439,-1.761796],[100.769662,-1.753405],[100.772585,-1.749863],[100.776217,-1.740769],[100.778922,-1.737846],[100.786029,-1.736199],[100.804418,-1.7246],[100.807648,-1.724879],[100.816921,-1.728472],[100.819664,-1.732636],[100.820512,-1.738496],[100.82227,-1.740895],[100.832723,-1.747986],[100.839886,-1.748756],[100.842134,-1.749883],[100.846979,-1.749314],[100.850413,-1.742037],[100.850408,-1.732245],[100.852228,-1.726523],[100.854611,-1.72186],[100.857067,-1.719739],[100.860577,-1.719242],[100.86177,-1.717616],[100.863441,-1.692911],[100.857942,-1.667159],[100.858078,-1.662357],[100.859969,-1.656353],[100.868751,-1.640962],[100.876678,-1.632622],[100.893947,-1.627804],[100.897596,-1.624976],[100.911044,-1.605769],[100.911318,-1.598354],[100.90759,-1.591226],[100.908432,-1.590166],[100.912856,-1.590726],[100.928675,-1.600318],[100.932581,-1.591635],[100.932977,-1.585882],[100.92612,-1.56299],[100.927814,-1.549868],[100.924797,-1.542201],[100.93704,-1.523618],[100.940333,-1.515353],[100.940748,-1.508009],[100.936807,-1.494328],[100.937647,-1.491008],[100.942839,-1.486767],[100.944451,-1.48387],[100.94627,-1.476101],[100.948234,-1.474264],[100.950551,-1.474332],[100.957747,-1.480502]]]}},{"type":"Feature","properties":{"nmkec":"Lengayang","nmkab":"Pesisir Selatan","nmprov":"Sumatera Barat","kdkec":"060","kdkab":"02","kodekab":"1302","idkec":"1302060","index":13},"geometry":{"type":"Polygon","coordinates":[[[100.938389,-1.443807],[100.939951,-1.446189],[100.939606,-1.448514],[100.93423,-1.460073],[100.934406,-1.462746],[100.935101,-1.464083],[100.942848,-1.467738],[100.950551,-1.474332],[100.948234,-1.474264],[100.94627,-1.476101],[100.944451,-1.48387],[100.942839,-1.486767],[100.937647,-1.491008],[100.936807,-1.494328],[100.940748,-1.508009],[100.940333,-1.515353],[100.93704,-1.523618],[100.924797,-1.542201],[100.927814,-1.549868],[100.92612,-1.56299],[100.932573,-1.583561],[100.932581,-1.591635],[100.928675,-1.600318],[100.912856,-1.590726],[100.908432,-1.590166],[100.90759,-1.591226],[100.911318,-1.598354],[100.911044,-1.605769],[100.897596,-1.624976],[100.893947,-1.627804],[100.876678,-1.632622],[100.868751,-1.640962],[100.862983,-1.65063],[100.858078,-1.662357],[100.857942,-1.667159],[100.863441,-1.692911],[100.86177,-1.717616],[100.860577,-1.719242],[100.857067,-1.719739],[100.854611,-1.72186],[100.852228,-1.726523],[100.850408,-1.732245],[100.850413,-1.742037],[100.846979,-1.749314],[100.842134,-1.749883],[100.839886,-1.748756],[100.832723,-1.747986],[100.82227,-1.740895],[100.820512,-1.738496],[100.819664,-1.732636],[100.816921,-1.728472],[100.807648,-1.724879],[100.804418,-1.7246],[100.786029,-1.736199],[100.778922,-1.737846],[100.776217,-1.740769],[100.772585,-1.749863],[100.769662,-1.753405],[100.754439,-1.761796],[100.74373,-1.745661],[100.727452,-1.72405],[100.704887,-1.696861],[100.698635,-1.683052],[100.686108,-1.661349],[100.702329,-1.646881],[100.714298,-1.639669],[100.731479,-1.631904],[100.741477,-1.634945],[100.744296,-1.63003],[100.750486,-1.622915],[100.753186,-1.615035],[100.754242,-1.571012],[100.751819,-1.564865],[100.741193,-1.551164],[100.739836,-1.543943],[100.74033,-1.539652],[100.741606,-1.534931],[100.744671,-1.530929],[100.747584,-1.528209],[100.753199,-1.52513],[100.755116,-1.52234],[100.756961,-1.517905],[100.758728,-1.504031],[100.760005,-1.500813],[100.766996,-1.495532],[100.769339,-1.490668],[100.768552,-1.48502],[100.769973,-1.482945],[100.77651,-1.478507],[100.780911,-1.469994],[100.787752,-1.463154],[100.792727,-1.461362],[100.800689,-1.460283],[100.80474,-1.458493],[100.812769,-1.452051],[100.814188,-1.448045],[100.813714,-1.440485],[100.817623,-1.439409],[100.819544,-1.441267],[100.823383,-1.441121],[100.824732,-1.438974],[100.826289,-1.429964],[100.827994,-1.428175],[100.835103,-1.427168],[100.836091,-1.418516],[100.841098,-1.413381],[100.856377,-1.406433],[100.874788,-1.403416],[100.887632,-1.398746],[100.890403,-1.396742],[100.893715,-1.385689],[100.895221,-1.390163],[100.899905,-1.393821],[100.917656,-1.404075],[100.921037,-1.407161],[100.934877,-1.415799],[100.941697,-1.422892],[100.942568,-1.427599],[100.941961,-1.431075],[100.937459,-1.437705],[100.938389,-1.443807]]]}},{"type":"Feature","properties":{"nmkec":"Sutera","nmkab":"Pesisir Selatan","nmprov":"Sumatera Barat","kdkec":"070","kdkab":"02","kodekab":"1302","idkec":"1302070","index":14},"geometry":{"type":"MultiPolygon","coordinates":[[[[100.800298,-1.277927],[100.812011,-1.276569],[100.815867,-1.280555],[100.824354,-1.284659],[100.827038,-1.293583],[100.83449,-1.305353],[100.8368,-1.305599],[100.848195,-1.302638],[100.854665,-1.297035],[100.859475,-1.298753],[100.865786,-1.308473],[100.866205,-1.312466],[100.869714,-1.313448],[100.871953,-1.312104],[100.874402,-1.316042],[100.874925,-1.319006],[100.880419,-1.325163],[100.884548,-1.328577],[100.893216,-1.328396],[100.895875,-1.329847],[100.896686,-1.3313],[100.896052,-1.3338],[100.892299,-1.338278],[100.891955,-1.341417],[100.894617,-1.346298],[100.90562,-1.359594],[100.905841,-1.362899],[100.910427,-1.37354],[100.910487,-1.376446],[100.909391,-1.378307],[100.906155,-1.379472],[100.897871,-1.380105],[100.893715,-1.385689],[100.890403,-1.396742],[100.887632,-1.398746],[100.874788,-1.403416],[100.856377,-1.406433],[100.841098,-1.413381],[100.836091,-1.418516],[100.835103,-1.427168],[100.827994,-1.428175],[100.826289,-1.429964],[100.824732,-1.438974],[100.823383,-1.441121],[100.819544,-1.441267],[100.817623,-1.439409],[100.813714,-1.440485],[100.814188,-1.448045],[100.812769,-1.452051],[100.80474,-1.458493],[100.800689,-1.460283],[100.792727,-1.461362],[100.787752,-1.463154],[100.780911,-1.469994],[100.77651,-1.478507],[100.769973,-1.482945],[100.768552,-1.48502],[100.769339,-1.490668],[100.766996,-1.495532],[100.760005,-1.500813],[100.758728,-1.504031],[100.756961,-1.517905],[100.755116,-1.52234],[100.753199,-1.52513],[100.747584,-1.528209],[100.744671,-1.530929],[100.741606,-1.534931],[100.74033,-1.539652],[100.739836,-1.543943],[100.741193,-1.551164],[100.751819,-1.564865],[100.754242,-1.571012],[100.753186,-1.615035],[100.750486,-1.622915],[100.744296,-1.63003],[100.741477,-1.634945],[100.731479,-1.631904],[100.714298,-1.639669],[100.702329,-1.646881],[100.686108,-1.661349],[100.672349,-1.645802],[100.657426,-1.63209],[100.644956,-1.62212],[100.643319,-1.616248],[100.637941,-1.607531],[100.640864,-1.600285],[100.641131,-1.59637],[100.639689,-1.590781],[100.635794,-1.584042],[100.636675,-1.562782],[100.635073,-1.556703],[100.626591,-1.542709],[100.619688,-1.526511],[100.619914,-1.521716],[100.62149,-1.516828],[100.621141,-1.514185],[100.628052,-1.51201],[100.644821,-1.513318],[100.649297,-1.520244],[100.652087,-1.522913],[100.656299,-1.518037],[100.662874,-1.514894],[100.663374,-1.510812],[100.671937,-1.504632],[100.670166,-1.494725],[100.675477,-1.479192],[100.675477,-1.471755],[100.679539,-1.467473],[100.68297,-1.465731],[100.688624,-1.458109],[100.689254,-1.451282],[100.695017,-1.439316],[100.699906,-1.42318],[100.700724,-1.399212],[100.703484,-1.386398],[100.715443,-1.359482],[100.725785,-1.341378],[100.729941,-1.331724],[100.735261,-1.323014],[100.745877,-1.310757],[100.756118,-1.301629],[100.782247,-1.283074],[100.798144,-1.274132],[100.800298,-1.277927]]],[[[100.508132,-1.664188],[100.506374,-1.66214],[100.5079,-1.660576],[100.509405,-1.662522],[100.508132,-1.664188]]],[[[100.554161,-1.605971],[100.553072,-1.60481],[100.554143,-1.604045],[100.554837,-1.604509],[100.554161,-1.605971]]]]}},{"type":"Feature","properties":{"nmkec":"Batang Kapas","nmkab":"Pesisir Selatan","nmprov":"Sumatera Barat","kdkec":"080","kdkab":"02","kodekab":"1302","idkec":"1302080","index":15},"geometry":{"type":"MultiPolygon","coordinates":[[[[100.713634,-1.363573],[100.703484,-1.386398],[100.700724,-1.399212],[100.699906,-1.42318],[100.695017,-1.439316],[100.689254,-1.451282],[100.688931,-1.457414],[100.68297,-1.465731],[100.676876,-1.469861],[100.675148,-1.472825],[100.675477,-1.479192],[100.670166,-1.494725],[100.671937,-1.504632],[100.663374,-1.510812],[100.662874,-1.514894],[100.656299,-1.518037],[100.652087,-1.522913],[100.649297,-1.520244],[100.644821,-1.513318],[100.628052,-1.51201],[100.621141,-1.514185],[100.620919,-1.512764],[100.623357,-1.510952],[100.623861,-1.504496],[100.62326,-1.50129],[100.621211,-1.498364],[100.618057,-1.494964],[100.615679,-1.493791],[100.597802,-1.488888],[100.590601,-1.47586],[100.573367,-1.456595],[100.561415,-1.440993],[100.561862,-1.439227],[100.563683,-1.43808],[100.567898,-1.43936],[100.572294,-1.43592],[100.573523,-1.432352],[100.583805,-1.422862],[100.583066,-1.417511],[100.581141,-1.415664],[100.578262,-1.41601],[100.576876,-1.417179],[100.573044,-1.417253],[100.570928,-1.413039],[100.568906,-1.411822],[100.561991,-1.413763],[100.559957,-1.41224],[100.558483,-1.407287],[100.565287,-1.397669],[100.573595,-1.394244],[100.583481,-1.394667],[100.590407,-1.39695],[100.592311,-1.395942],[100.592332,-1.392529],[100.587717,-1.390178],[100.586374,-1.381833],[100.58332,-1.380367],[100.579846,-1.381571],[100.581497,-1.379146],[100.585455,-1.377638],[100.593425,-1.362582],[100.59833,-1.360005],[100.606369,-1.367651],[100.616395,-1.369217],[100.626206,-1.367637],[100.63429,-1.371983],[100.64338,-1.371838],[100.663166,-1.366784],[100.664478,-1.365666],[100.666191,-1.360587],[100.671088,-1.351987],[100.671349,-1.347515],[100.680532,-1.330665],[100.68556,-1.31126],[100.687944,-1.30632],[100.699866,-1.291764],[100.707689,-1.285659],[100.715877,-1.276056],[100.72223,-1.273832],[100.734057,-1.266465],[100.752282,-1.260067],[100.778068,-1.245913],[100.792997,-1.239127],[100.806481,-1.235302],[100.805728,-1.237157],[100.806595,-1.240045],[100.809888,-1.244927],[100.80671,-1.249837],[100.802724,-1.252321],[100.800789,-1.254921],[100.799995,-1.267529],[100.798144,-1.274132],[100.782247,-1.283074],[100.756118,-1.301629],[100.745877,-1.310757],[100.735261,-1.323014],[100.729941,-1.331724],[100.725785,-1.341378],[100.713634,-1.363573]]],[[[100.439626,-1.50283],[100.437104,-1.502028],[100.436444,-1.498531],[100.439124,-1.498604],[100.440378,-1.501077],[100.439626,-1.50283]]],[[[100.555912,-1.407902],[100.555232,-1.407562],[100.556816,-1.406935],[100.555912,-1.407902]]]]}},{"type":"Feature","properties":{"nmkec":"Iv Jurai","nmkab":"Pesisir Selatan","nmprov":"Sumatera Barat","kdkec":"090","kdkab":"02","kodekab":"1302","idkec":"1302090","index":16},"geometry":{"type":"MultiPolygon","coordinates":[[[[100.757239,-1.164185],[100.759617,-1.163765],[100.761749,-1.159856],[100.764613,-1.158514],[100.773848,-1.160284],[100.777535,-1.162702],[100.777132,-1.170179],[100.778068,-1.171749],[100.784791,-1.181548],[100.789449,-1.18466],[100.790698,-1.184256],[100.794749,-1.191257],[100.797393,-1.198682],[100.800042,-1.199782],[100.801988,-1.206092],[100.799192,-1.209255],[100.797944,-1.212533],[100.797554,-1.222628],[100.802031,-1.225055],[100.806422,-1.232622],[100.806481,-1.235302],[100.792997,-1.239127],[100.778068,-1.245913],[100.752282,-1.260067],[100.734057,-1.266465],[100.72223,-1.273832],[100.715877,-1.276056],[100.707689,-1.285659],[100.699866,-1.291764],[100.687944,-1.30632],[100.68556,-1.31126],[100.680532,-1.330665],[100.671349,-1.347515],[100.671088,-1.351987],[100.666191,-1.360587],[100.664478,-1.365666],[100.662258,-1.367394],[100.64338,-1.371838],[100.63429,-1.371983],[100.626206,-1.367637],[100.616395,-1.369217],[100.606369,-1.367651],[100.59833,-1.360005],[100.593425,-1.362582],[100.585455,-1.377638],[100.581497,-1.379146],[100.579846,-1.381571],[100.580085,-1.373508],[100.578287,-1.369565],[100.575215,-1.369299],[100.563152,-1.375103],[100.560769,-1.37168],[100.562337,-1.366042],[100.564377,-1.36448],[100.566733,-1.36451],[100.567392,-1.36593],[100.570811,-1.365566],[100.574482,-1.357919],[100.573692,-1.353923],[100.571039,-1.350094],[100.569063,-1.349645],[100.566692,-1.352398],[100.564612,-1.35238],[100.56354,-1.345217],[100.566589,-1.343726],[100.569031,-1.338251],[100.562318,-1.329325],[100.548239,-1.313555],[100.542142,-1.310118],[100.536435,-1.30964],[100.545719,-1.297993],[100.550851,-1.295543],[100.555253,-1.288843],[100.555667,-1.28437],[100.550933,-1.28473],[100.543533,-1.283545],[100.542918,-1.279358],[100.539486,-1.276173],[100.538405,-1.273249],[100.540259,-1.273527],[100.544061,-1.276161],[100.546972,-1.275714],[100.548477,-1.271498],[100.546602,-1.265968],[100.546754,-1.262658],[100.551751,-1.256362],[100.552434,-1.253504],[100.565602,-1.242401],[100.575691,-1.236012],[100.587201,-1.232914],[100.595047,-1.228394],[100.600869,-1.220936],[100.602149,-1.220363],[100.603216,-1.221864],[100.60478,-1.221863],[100.610252,-1.217784],[100.614447,-1.218496],[100.638945,-1.197062],[100.651845,-1.197206],[100.654943,-1.198983],[100.664184,-1.196689],[100.671715,-1.198879],[100.681241,-1.197157],[100.684583,-1.197942],[100.690537,-1.197365],[100.696878,-1.192571],[100.698085,-1.188852],[100.701992,-1.183987],[100.707182,-1.184127],[100.709954,-1.183052],[100.721729,-1.177583],[100.72457,-1.174363],[100.732815,-1.17114],[100.744634,-1.170846],[100.738018,-1.162984],[100.736753,-1.153788],[100.744729,-1.156458],[100.749529,-1.16064],[100.757239,-1.164185]]],[[[100.491845,-1.397652],[100.491035,-1.398321],[100.488164,-1.397912],[100.487975,-1.39169],[100.486827,-1.389582],[100.482965,-1.387631],[100.483209,-1.386703],[100.48641,-1.385893],[100.490846,-1.389504],[100.492183,-1.392941],[100.491845,-1.397652]]],[[[100.492689,-1.405529],[100.493072,-1.411807],[100.491696,-1.411752],[100.490453,-1.409136],[100.490901,-1.406277],[100.492689,-1.405529]]],[[[100.560048,-1.352496],[100.560457,-1.353856],[100.55748,-1.35622],[100.559104,-1.352913],[100.560048,-1.352496]]],[[[100.56426,-1.354297],[100.563465,-1.353735],[100.564548,-1.353135],[100.56426,-1.354297]]]]}},{"type":"Feature","properties":{"nmkec":"Iv  Nagari Bayang Utara","nmkab":"Pesisir Selatan","nmprov":"Sumatera Barat","kdkec":"101","kdkab":"02","kodekab":"1302","idkec":"1302101","index":17},"geometry":{"type":"Polygon","coordinates":[[[100.622362,-1.060894],[100.623492,-1.069892],[100.620623,-1.074869],[100.624166,-1.08078],[100.621919,-1.091702],[100.623682,-1.101605],[100.626983,-1.104319],[100.634103,-1.107361],[100.637629,-1.113254],[100.644093,-1.116797],[100.65534,-1.11665],[100.661821,-1.113323],[100.664862,-1.113556],[100.669079,-1.112113],[100.672182,-1.110411],[100.673936,-1.106903],[100.676252,-1.105874],[100.677496,-1.107196],[100.680616,-1.107715],[100.687753,-1.103964],[100.695643,-1.10272],[100.70883,-1.093336],[100.712107,-1.093197],[100.716901,-1.094511],[100.719078,-1.092713],[100.726821,-1.094615],[100.727927,-1.09655],[100.728065,-1.100318],[100.735912,-1.10329],[100.738359,-1.105289],[100.739745,-1.107117],[100.739444,-1.110356],[100.743554,-1.116665],[100.751582,-1.12375],[100.751471,-1.126691],[100.748022,-1.132328],[100.747879,-1.137989],[100.752541,-1.150104],[100.751463,-1.156383],[100.753663,-1.162328],[100.749529,-1.16064],[100.744729,-1.156458],[100.736753,-1.153788],[100.738018,-1.162984],[100.744634,-1.170846],[100.732815,-1.17114],[100.72457,-1.174363],[100.721729,-1.177583],[100.709954,-1.183052],[100.707182,-1.184127],[100.701992,-1.183987],[100.698085,-1.188852],[100.696878,-1.192571],[100.690537,-1.197365],[100.684583,-1.197942],[100.681241,-1.197157],[100.671715,-1.198879],[100.664184,-1.196689],[100.654943,-1.198983],[100.651845,-1.197206],[100.638945,-1.197062],[100.614447,-1.218496],[100.610252,-1.217784],[100.60478,-1.221863],[100.603216,-1.221864],[100.602149,-1.220363],[100.600869,-1.220936],[100.595512,-1.227953],[100.587404,-1.220945],[100.570992,-1.210457],[100.568893,-1.204833],[100.564834,-1.199443],[100.562172,-1.188022],[100.555827,-1.181599],[100.550044,-1.179722],[100.548984,-1.175409],[100.549731,-1.173141],[100.557461,-1.168996],[100.561576,-1.164954],[100.562177,-1.162024],[100.573015,-1.150505],[100.57693,-1.143191],[100.577132,-1.129261],[100.573213,-1.121707],[100.572995,-1.113698],[100.575904,-1.10111],[100.58038,-1.095744],[100.585083,-1.086035],[100.586146,-1.079599],[100.585807,-1.073316],[100.587771,-1.07515],[100.598568,-1.070996],[100.604135,-1.070122],[100.610791,-1.065596],[100.615509,-1.065352],[100.622362,-1.060894]]]}},{"type":"Feature","properties":{"nmkec":"Koto Xi Tarusan","nmkab":"Pesisir Selatan","nmprov":"Sumatera Barat","kdkec":"110","kdkab":"02","kodekab":"1302","idkec":"1302110","index":18},"geometry":{"type":"MultiPolygon","coordinates":[[[[100.545551,-0.970079],[100.553097,-0.987649],[100.55007,-0.992986],[100.55243,-0.999962],[100.552051,-1.006793],[100.555707,-1.026058],[100.567667,-1.030696],[100.57059,-1.042325],[100.570474,-1.04859],[100.574258,-1.054358],[100.579463,-1.059722],[100.579917,-1.061336],[100.57842,-1.065859],[100.580855,-1.070694],[100.585807,-1.073316],[100.586146,-1.079599],[100.585083,-1.086035],[100.58038,-1.095744],[100.575904,-1.10111],[100.572995,-1.113698],[100.573213,-1.121707],[100.577132,-1.129261],[100.57749,-1.134123],[100.57693,-1.143191],[100.574822,-1.147979],[100.5687,-1.155759],[100.563983,-1.159499],[100.562177,-1.162024],[100.561576,-1.164954],[100.558766,-1.168086],[100.549731,-1.173141],[100.548984,-1.175409],[100.549601,-1.180394],[100.542983,-1.17733],[100.541587,-1.171725],[100.539301,-1.169741],[100.531817,-1.170801],[100.527936,-1.170123],[100.525208,-1.171695],[100.523853,-1.182774],[100.53533,-1.205745],[100.535096,-1.209428],[100.533894,-1.210582],[100.529933,-1.2105],[100.52813,-1.211571],[100.522836,-1.218483],[100.521019,-1.222581],[100.522706,-1.225748],[100.521757,-1.228387],[100.510768,-1.234426],[100.507453,-1.233699],[100.505691,-1.232214],[100.504004,-1.232503],[100.501073,-1.235511],[100.498022,-1.246739],[100.492099,-1.250036],[100.492208,-1.254835],[100.494742,-1.258332],[100.498397,-1.26971],[100.497804,-1.274723],[100.493149,-1.280968],[100.49169,-1.284935],[100.487275,-1.288093],[100.484949,-1.29166],[100.469428,-1.2785],[100.464398,-1.272771],[100.45836,-1.262843],[100.45192,-1.258217],[100.446272,-1.258718],[100.441817,-1.262579],[100.44071,-1.264936],[100.441123,-1.266175],[100.439117,-1.26945],[100.429599,-1.27234],[100.423003,-1.276842],[100.420993,-1.274188],[100.420881,-1.271705],[100.417952,-1.268313],[100.416288,-1.268614],[100.413518,-1.271096],[100.400793,-1.270894],[100.402133,-1.264086],[100.40601,-1.256916],[100.405862,-1.25418],[100.404288,-1.25086],[100.404153,-1.241412],[100.404691,-1.23947],[100.407379,-1.237189],[100.411202,-1.235717],[100.413244,-1.23805],[100.416976,-1.238311],[100.42388,-1.25537],[100.427288,-1.256923],[100.430248,-1.256599],[100.432709,-1.254836],[100.431239,-1.250213],[100.432868,-1.246142],[100.435076,-1.246481],[100.435402,-1.244739],[100.434532,-1.243416],[100.431509,-1.242408],[100.430547,-1.239653],[100.43567,-1.233698],[100.435867,-1.231287],[100.434881,-1.230094],[100.430937,-1.230221],[100.426593,-1.228978],[100.42426,-1.226686],[100.42159,-1.226218],[100.421306,-1.225276],[100.423849,-1.222931],[100.42757,-1.224682],[100.429017,-1.223001],[100.426659,-1.209277],[100.431833,-1.200904],[100.427573,-1.196668],[100.42251,-1.195977],[100.416951,-1.199908],[100.404588,-1.195039],[100.40127,-1.192944],[100.398394,-1.187956],[100.401738,-1.186699],[100.401943,-1.183803],[100.40071,-1.181793],[100.395718,-1.179063],[100.390882,-1.180291],[100.388124,-1.182256],[100.382724,-1.178186],[100.381337,-1.1757],[100.383139,-1.173986],[100.383282,-1.171917],[100.379977,-1.163233],[100.384763,-1.154828],[100.382525,-1.147578],[100.380617,-1.145829],[100.378804,-1.14573],[100.374172,-1.148795],[100.369558,-1.153879],[100.364087,-1.155883],[100.357994,-1.159923],[100.357224,-1.159332],[100.361484,-1.155066],[100.362793,-1.145007],[100.375532,-1.136443],[100.393479,-1.130886],[100.408389,-1.115765],[100.41272,-1.112377],[100.420739,-1.108518],[100.420725,-1.099865],[100.416004,-1.096162],[100.414938,-1.094251],[100.417519,-1.088884],[100.42206,-1.083638],[100.42857,-1.072718],[100.430308,-1.068557],[100.428185,-1.066077],[100.429895,-1.059056],[100.439286,-1.052874],[100.447071,-1.042347],[100.465075,-1.027043],[100.466178,-1.021393],[100.471475,-1.015335],[100.479063,-1.003419],[100.483946,-1.001506],[100.492697,-1.004396],[100.49949,-1.0],[100.506613,-0.998086],[100.51982,-0.990806],[100.523771,-0.986148],[100.528931,-0.97699],[100.536303,-0.957751],[100.538574,-0.958974],[100.540527,-0.966309],[100.545551,-0.970079]]],[[[100.392399,-1.188092],[100.389701,-1.194016],[100.390024,-1.197706],[100.387719,-1.204967],[100.38424,-1.207193],[100.385769,-1.209376],[100.389566,-1.209312],[100.394737,-1.204607],[100.394638,-1.203374],[100.392123,-1.202817],[100.394097,-1.200442],[100.398061,-1.201471],[100.400398,-1.208753],[100.399439,-1.212644],[100.401356,-1.220668],[100.397089,-1.228549],[100.391976,-1.224515],[100.385926,-1.222501],[100.383528,-1.222985],[100.382343,-1.224791],[100.379669,-1.226099],[100.377037,-1.222319],[100.376198,-1.218838],[100.37674,-1.211789],[100.380544,-1.206158],[100.381978,-1.201181],[100.381452,-1.194798],[100.380516,-1.193144],[100.381237,-1.189964],[100.384516,-1.187863],[100.392399,-1.188092]]],[[[100.339593,-1.187958],[100.340363,-1.188558],[100.338669,-1.189082],[100.337843,-1.191493],[100.339279,-1.19672],[100.338902,-1.212026],[100.337686,-1.211712],[100.333533,-1.206766],[100.327754,-1.205817],[100.329423,-1.19714],[100.332198,-1.194266],[100.334104,-1.189727],[100.339593,-1.187958]]],[[[100.355133,-1.170792],[100.348787,-1.171265],[100.35568,-1.16147],[100.355389,-1.164092],[100.357102,-1.168216],[100.355133,-1.170792]]],[[[100.35101,-1.159382],[100.346792,-1.163194],[100.345816,-1.162876],[100.349191,-1.156376],[100.351668,-1.157221],[100.35101,-1.159382]]],[[[100.29828,-1.26794],[100.295551,-1.266561],[100.296829,-1.264373],[100.298283,-1.264507],[100.299488,-1.266249],[100.29828,-1.26794]]],[[[100.407427,-1.231204],[100.405972,-1.228509],[100.40762,-1.227422],[100.408352,-1.229699],[100.407427,-1.231204]]],[[[100.43595,-1.316873],[100.43446,-1.31586],[100.436121,-1.314228],[100.436737,-1.315183],[100.43595,-1.316873]]],[[[100.41797,-1.215108],[100.415919,-1.216628],[100.414997,-1.216142],[100.415563,-1.215139],[100.41797,-1.215108]]],[[[100.39523,-1.198023],[100.394409,-1.198341],[100.393373,-1.197323],[100.394501,-1.196418],[100.39523,-1.198023]]],[[[100.403359,-1.224594],[100.402239,-1.226169],[100.40243,-1.224342],[100.403359,-1.224594]]],[[[100.339804,-1.213968],[100.339217,-1.213995],[100.339467,-1.213003],[100.339804,-1.213968]]],[[[100.41712,-1.217922],[100.416684,-1.218664],[100.416964,-1.217806],[100.41712,-1.217922]]],[[[100.328689,-1.206409],[100.328186,-1.206495],[100.328162,-1.206242],[100.328689,-1.206409]]],[[[100.338029,-1.169629],[100.33762,-1.169668],[100.33768,-1.169372],[100.338029,-1.169629]]],[[[100.334302,-1.189254],[100.333874,-1.189448],[100.333553,-1.189187],[100.334302,-1.189254]]],[[[100.32851,-1.197958],[100.328798,-1.198179],[100.328403,-1.198272],[100.32851,-1.197958]]]]}},{"type":"Feature","properties":{"nmkec":"Pantai Cermin","nmkab":"Solok","nmprov":"Sumatera Barat","kdkec":"040","kdkab":"03","kodekab":"1303","idkec":"1303040","index":19},"geometry":{"type":"Polygon","coordinates":[[[100.867658,-1.168298],[100.870504,-1.170194],[100.874579,-1.178027],[100.876567,-1.184142],[100.879645,-1.185388],[100.884903,-1.192813],[100.89664,-1.203281],[100.901053,-1.20279],[100.916233,-1.194119],[100.924463,-1.202493],[100.927481,-1.20426],[100.930002,-1.20446],[100.933213,-1.201612],[100.937517,-1.200759],[100.94625,-1.203512],[100.958368,-1.217938],[100.96401,-1.222545],[100.966023,-1.228024],[100.969502,-1.231001],[100.972418,-1.236578],[100.972879,-1.240717],[100.97479,-1.242755],[100.984121,-1.250435],[100.99197,-1.252264],[100.996238,-1.256656],[101.004597,-1.258116],[101.002612,-1.262749],[101.002054,-1.268096],[101.003179,-1.27671],[101.004989,-1.280781],[101.004454,-1.284362],[101.001658,-1.289504],[100.990475,-1.29557],[100.991238,-1.301322],[100.989851,-1.302535],[100.977323,-1.29959],[100.964792,-1.301842],[100.953008,-1.302073],[100.949135,-1.298134],[100.94445,-1.287179],[100.940212,-1.286321],[100.936675,-1.283703],[100.925912,-1.288403],[100.918533,-1.288078],[100.909971,-1.29039],[100.900168,-1.297844],[100.893361,-1.305881],[100.88815,-1.309843],[100.87991,-1.312481],[100.875621,-1.313203],[100.871953,-1.312104],[100.869714,-1.313448],[100.866205,-1.312466],[100.865786,-1.308473],[100.863475,-1.304675],[100.859475,-1.298753],[100.856196,-1.297035],[100.853972,-1.297295],[100.848195,-1.302638],[100.8368,-1.305599],[100.83449,-1.305353],[100.827038,-1.293583],[100.824354,-1.284659],[100.815867,-1.280555],[100.812011,-1.276569],[100.800038,-1.277667],[100.798074,-1.273667],[100.799995,-1.267529],[100.800789,-1.254921],[100.802724,-1.252321],[100.80671,-1.249837],[100.809888,-1.244927],[100.805728,-1.237157],[100.806422,-1.232622],[100.802031,-1.225055],[100.797554,-1.222628],[100.797944,-1.212533],[100.799192,-1.209255],[100.801988,-1.206092],[100.800688,-1.202329],[100.838565,-1.192323],[100.84452,-1.183071],[100.859739,-1.175181],[100.867658,-1.168298]]]}},{"type":"Feature","properties":{"nmkec":"Lembah Gumanti","nmkab":"Solok","nmprov":"Sumatera Barat","kdkec":"050","kdkab":"03","kodekab":"1303","idkec":"1303050","index":20},"geometry":{"type":"Polygon","coordinates":[[[100.788911,-0.975295],[100.797628,-0.976727],[100.808764,-0.982262],[100.809538,-0.984133],[100.814454,-0.988601],[100.82038,-0.990279],[100.832845,-0.986345],[100.837737,-0.985828],[100.841886,-0.988499],[100.84999,-1.000556],[100.85627,-1.004019],[100.858022,-1.006341],[100.856157,-1.014082],[100.857826,-1.017758],[100.856689,-1.020975],[100.846944,-1.024446],[100.842639,-1.027976],[100.839895,-1.033572],[100.833782,-1.038923],[100.832851,-1.05141],[100.835355,-1.055244],[100.838332,-1.055778],[100.840339,-1.057257],[100.84792,-1.070737],[100.848676,-1.083209],[100.845225,-1.089661],[100.846758,-1.097007],[100.850181,-1.100627],[100.851201,-1.104449],[100.851201,-1.109291],[100.849417,-1.117828],[100.848015,-1.119356],[100.842393,-1.120537],[100.841773,-1.12162],[100.841572,-1.124616],[100.844193,-1.128021],[100.841262,-1.132353],[100.840243,-1.135538],[100.840498,-1.138468],[100.837313,-1.143565],[100.837313,-1.145349],[100.84088,-1.148279],[100.844216,-1.148756],[100.84776,-1.15465],[100.853614,-1.156795],[100.859465,-1.165327],[100.867635,-1.168281],[100.859739,-1.175181],[100.84452,-1.183071],[100.838565,-1.192323],[100.800688,-1.202329],[100.800042,-1.199782],[100.797393,-1.198682],[100.794749,-1.191257],[100.790698,-1.184256],[100.789449,-1.18466],[100.784791,-1.181548],[100.777132,-1.170179],[100.777535,-1.162702],[100.773848,-1.160284],[100.764613,-1.158514],[100.761749,-1.159856],[100.759617,-1.163765],[100.757239,-1.164185],[100.753663,-1.162328],[100.751463,-1.156383],[100.752541,-1.150104],[100.747879,-1.137989],[100.748022,-1.132328],[100.751471,-1.126691],[100.751582,-1.12375],[100.743554,-1.116665],[100.739444,-1.110356],[100.739745,-1.107117],[100.742694,-1.100736],[100.744865,-1.098269],[100.749775,-1.096768],[100.759556,-1.096945],[100.76165,-1.091994],[100.761362,-1.082118],[100.758284,-1.073569],[100.748368,-1.062855],[100.746122,-1.054593],[100.74675,-1.040108],[100.747826,-1.036637],[100.751796,-1.031024],[100.753391,-1.022769],[100.751062,-1.014691],[100.751945,-1.008261],[100.750925,-1.001852],[100.747717,-0.99392],[100.749074,-0.990999],[100.755938,-0.985884],[100.762205,-0.983001],[100.769415,-0.981241],[100.772722,-0.976184],[100.788911,-0.975295]]]}},{"type":"Feature","properties":{"nmkec":"Hiliran Gumanti","nmkab":"Solok","nmprov":"Sumatera Barat","kdkec":"051","kdkab":"03","kodekab":"1303","idkec":"1303051","index":21},"geometry":{"type":"Polygon","coordinates":[[[100.861748,-1.051385],[100.881907,-1.055268],[100.888202,-1.05454],[100.895165,-1.056208],[100.906831,-1.066304],[100.911084,-1.075909],[100.915504,-1.07444],[100.91696,-1.072499],[100.919387,-1.071771],[100.926374,-1.072341],[100.929623,-1.069666],[100.935866,-1.070558],[100.941663,-1.076291],[100.946059,-1.079094],[100.94969,-1.090944],[100.955169,-1.102347],[100.961412,-1.103876],[100.969905,-1.112856],[100.972624,-1.117254],[100.977382,-1.120541],[100.980122,-1.120949],[100.992756,-1.128976],[100.999232,-1.129045],[101.001802,-1.131142],[101.007281,-1.138532],[101.008682,-1.143629],[101.0083,-1.149235],[101.009956,-1.154076],[101.01658,-1.16452],[101.023844,-1.171277],[101.024354,-1.183126],[101.022315,-1.18886],[101.01964,-1.191663],[101.020149,-1.197524],[101.024481,-1.20262],[101.022952,-1.208736],[101.024226,-1.227338],[101.018366,-1.236002],[101.013923,-1.24506],[101.00486,-1.258172],[100.996238,-1.256656],[100.99197,-1.252264],[100.984121,-1.250435],[100.97479,-1.242755],[100.972879,-1.240717],[100.972418,-1.236578],[100.969502,-1.231001],[100.966023,-1.228024],[100.96401,-1.222545],[100.958368,-1.217938],[100.94625,-1.203512],[100.937517,-1.200759],[100.933213,-1.201612],[100.930002,-1.20446],[100.927481,-1.20426],[100.924463,-1.202493],[100.916233,-1.194119],[100.899561,-1.203389],[100.895189,-1.202392],[100.884903,-1.192813],[100.879645,-1.185388],[100.876567,-1.184142],[100.874579,-1.178027],[100.870504,-1.170194],[100.867191,-1.167773],[100.859465,-1.165327],[100.853614,-1.156795],[100.84776,-1.15465],[100.844216,-1.148756],[100.84088,-1.148279],[100.837313,-1.145349],[100.837313,-1.143565],[100.840498,-1.138468],[100.840243,-1.135538],[100.841262,-1.132353],[100.844193,-1.128021],[100.841572,-1.124616],[100.841773,-1.12162],[100.842393,-1.120537],[100.848015,-1.119356],[100.849417,-1.117828],[100.851201,-1.109291],[100.851201,-1.104449],[100.850181,-1.100627],[100.846758,-1.097007],[100.845225,-1.089661],[100.848676,-1.083209],[100.84792,-1.070737],[100.840339,-1.057257],[100.838332,-1.055778],[100.835355,-1.055244],[100.832851,-1.05141],[100.834255,-1.03794],[100.835529,-1.037303],[100.837462,-1.038028],[100.861748,-1.051385]]]}},{"type":"Feature","properties":{"nmkec":"Payung Sekaki","nmkab":"Solok","nmprov":"Sumatera Barat","kdkec":"060","kdkab":"03","kodekab":"1303","idkec":"1303060","index":22},"geometry":{"type":"Polygon","coordinates":[[[100.831406,-0.788577],[100.844163,-0.788392],[100.849924,-0.793464],[100.852491,-0.799697],[100.856002,-0.799464],[100.858833,-0.797513],[100.863715,-0.798461],[100.864877,-0.800972],[100.867866,-0.803706],[100.885155,-0.817039],[100.886372,-0.825317],[100.890116,-0.828405],[100.893572,-0.828128],[100.901638,-0.82055],[100.903913,-0.816525],[100.905969,-0.814925],[100.919297,-0.810405],[100.922875,-0.8101],[100.926258,-0.811528],[100.92862,-0.813408],[100.932025,-0.819326],[100.942435,-0.827092],[100.936861,-0.839744],[100.93674,-0.844112],[100.938721,-0.847306],[100.945632,-0.853372],[100.946933,-0.857581],[100.946476,-0.861372],[100.940387,-0.868884],[100.931764,-0.871172],[100.924232,-0.88004],[100.918974,-0.8905],[100.917628,-0.891856],[100.913502,-0.892584],[100.903961,-0.888746],[100.898228,-0.888837],[100.891448,-0.891765],[100.883365,-0.889984],[100.867945,-0.879456],[100.861576,-0.871539],[100.857509,-0.870233],[100.847073,-0.870719],[100.841977,-0.867928],[100.839064,-0.864166],[100.836152,-0.862346],[100.833309,-0.862108],[100.828959,-0.863392],[100.825859,-0.865642],[100.823411,-0.874116],[100.823168,-0.878606],[100.827332,-0.892621],[100.829559,-0.895675],[100.829442,-0.902625],[100.827909,-0.908792],[100.824561,-0.915214],[100.823275,-0.922021],[100.823827,-0.92609],[100.819786,-0.938278],[100.819569,-0.944794],[100.821119,-0.955128],[100.818739,-0.962759],[100.819346,-0.968341],[100.818254,-0.975864],[100.812055,-0.977528],[100.809093,-0.982693],[100.797628,-0.976727],[100.789948,-0.974937],[100.772722,-0.976184],[100.769415,-0.981241],[100.762205,-0.983001],[100.755938,-0.985884],[100.749074,-0.990999],[100.747999,-0.993454],[100.746315,-0.99119],[100.742492,-0.980958],[100.744076,-0.977901],[100.742916,-0.974611],[100.743517,-0.972218],[100.748017,-0.966876],[100.749359,-0.963084],[100.749914,-0.953479],[100.749317,-0.951851],[100.747727,-0.951147],[100.747345,-0.94788],[100.748229,-0.93851],[100.745017,-0.923162],[100.742942,-0.918384],[100.739712,-0.915334],[100.737453,-0.914556],[100.736426,-0.909428],[100.738635,-0.902855],[100.741375,-0.883631],[100.741268,-0.877943],[100.745066,-0.873463],[100.74605,-0.868828],[100.745716,-0.864782],[100.736362,-0.855483],[100.733021,-0.85025],[100.734401,-0.845493],[100.739414,-0.841274],[100.744156,-0.839228],[100.747546,-0.835685],[100.76264,-0.840311],[100.775222,-0.840734],[100.778911,-0.837426],[100.778231,-0.833232],[100.780212,-0.83221],[100.785049,-0.832884],[100.787031,-0.836212],[100.792058,-0.840247],[100.792345,-0.831537],[100.793944,-0.829365],[100.79707,-0.827599],[100.805701,-0.827479],[100.81071,-0.819526],[100.807762,-0.809961],[100.808793,-0.802867],[100.807661,-0.795145],[100.811239,-0.795471],[100.818789,-0.793893],[100.822916,-0.788381],[100.826673,-0.787099],[100.831406,-0.788577]]]}},{"type":"Feature","properties":{"nmkec":"Tigo Lurah","nmkab":"Solok","nmprov":"Sumatera Barat","kdkec":"061","kdkab":"03","kodekab":"1303","idkec":"1303061","index":23},"geometry":{"type":"Polygon","coordinates":[[[100.953164,-0.831311],[100.975168,-0.839782],[100.977359,-0.84179],[100.980215,-0.847829],[100.990423,-0.849833],[100.994014,-0.851999],[100.995956,-0.856125],[100.992073,-0.867896],[100.992558,-0.871293],[101.001417,-0.878574],[101.012823,-0.882154],[101.019348,-0.882938],[101.022349,-0.882578],[101.02514,-0.88088],[101.036546,-0.879181],[101.043099,-0.880516],[101.046496,-0.883792],[101.048195,-0.88816],[101.051957,-0.909638],[101.056447,-0.915584],[101.059089,-0.921847],[101.062756,-0.925171],[101.059601,-0.933907],[101.067062,-0.949377],[101.056082,-0.957599],[101.050009,-0.968415],[101.057235,-0.976151],[101.062332,-0.986222],[101.067914,-0.990227],[101.07301,-0.989741],[101.079077,-0.987557],[101.087086,-0.988528],[101.103589,-0.977849],[101.109535,-0.976272],[101.114025,-0.976757],[101.117721,-0.973931],[101.123732,-0.974088],[101.130406,-0.971661],[101.132227,-0.969719],[101.133076,-0.965958],[101.135746,-0.962803],[101.139629,-0.961346],[101.143148,-0.962803],[101.144968,-0.962317],[101.148608,-0.958677],[101.154311,-0.955522],[101.16499,-0.955279],[101.173627,-0.95744],[101.175558,-0.956933],[101.17857,-0.953978],[101.187205,-0.950676],[101.193701,-0.95104],[101.19544,-0.95225],[101.196515,-0.960724],[101.199863,-0.967717],[101.202606,-0.97804],[101.200262,-0.980607],[101.203647,-0.986022],[101.194865,-0.991418],[101.191267,-0.996729],[101.190715,-1.009035],[101.187924,-1.020563],[101.181371,-1.030028],[101.17676,-1.032819],[101.172877,-1.033425],[101.168145,-1.032819],[101.164868,-1.030513],[101.157366,-1.031885],[101.143997,-1.036095],[101.143754,-1.039857],[101.144846,-1.042284],[101.154311,-1.046167],[101.158801,-1.051506],[101.161713,-1.05818],[101.162199,-1.062063],[101.160015,-1.069344],[101.156131,-1.073227],[101.154918,-1.076382],[101.15783,-1.081235],[101.159044,-1.092642],[101.168266,-1.105747],[101.168468,-1.109792],[101.174576,-1.121522],[101.178216,-1.134142],[101.184526,-1.139238],[101.185497,-1.143607],[101.191686,-1.150887],[101.195326,-1.159018],[101.198724,-1.163265],[101.207703,-1.163022],[101.217532,-1.174428],[101.221051,-1.183893],[101.225298,-1.191295],[101.228817,-1.192752],[101.241437,-1.210347],[101.242044,-1.219447],[101.23986,-1.226728],[101.234156,-1.231461],[101.233428,-1.23413],[101.237554,-1.240319],[101.237433,-1.24408],[101.236219,-1.246386],[101.228332,-1.247235],[101.218503,-1.246386],[101.204427,-1.238377],[101.201029,-1.232067],[101.197753,-1.230126],[101.19387,-1.230126],[101.187196,-1.227699],[101.181493,-1.229034],[101.171906,-1.225151],[101.169479,-1.225757],[101.166203,-1.228184],[101.163291,-1.227092],[101.162077,-1.226],[101.157345,-1.214958],[101.154981,-1.204508],[101.14879,-1.195363],[101.147226,-1.194148],[101.141397,-1.193081],[101.128978,-1.188686],[101.115674,-1.167227],[101.105649,-1.161372],[101.101807,-1.156513],[101.093373,-1.150088],[101.083847,-1.148164],[101.073233,-1.141018],[101.062744,-1.136848],[101.058676,-1.133455],[101.038425,-1.135539],[101.022715,-1.132619],[101.01255,-1.132698],[101.003982,-1.133891],[100.999232,-1.129045],[100.992756,-1.128976],[100.980122,-1.120949],[100.977382,-1.120541],[100.972624,-1.117254],[100.969905,-1.112856],[100.961412,-1.103876],[100.955169,-1.102347],[100.94969,-1.090944],[100.946059,-1.079094],[100.941663,-1.076291],[100.935866,-1.070558],[100.929623,-1.069666],[100.926374,-1.072341],[100.919387,-1.071771],[100.91696,-1.072499],[100.915504,-1.07444],[100.911084,-1.075909],[100.906831,-1.066304],[100.895165,-1.056208],[100.888202,-1.05454],[100.881907,-1.055268],[100.865146,-1.052355],[100.861748,-1.051385],[100.837462,-1.038028],[100.835529,-1.037303],[100.833757,-1.039134],[100.834382,-1.03763],[100.839895,-1.033572],[100.842639,-1.027976],[100.846944,-1.024446],[100.856689,-1.020975],[100.857826,-1.017758],[100.856157,-1.014082],[100.85819,-1.006987],[100.85627,-1.004019],[100.84999,-1.000556],[100.841886,-0.988499],[100.837737,-0.985828],[100.832845,-0.986345],[100.82038,-0.990279],[100.814014,-0.98833],[100.809115,-0.982996],[100.812055,-0.977528],[100.818254,-0.975864],[100.818982,-0.974408],[100.818739,-0.962759],[100.821119,-0.955128],[100.819569,-0.944794],[100.819786,-0.938278],[100.823827,-0.92609],[100.823275,-0.922021],[100.824561,-0.915214],[100.827909,-0.908792],[100.829442,-0.902625],[100.829559,-0.895675],[100.827332,-0.892621],[100.823168,-0.878606],[100.823411,-0.874116],[100.825859,-0.865642],[100.828959,-0.863392],[100.833309,-0.862108],[100.836152,-0.862346],[100.839064,-0.864166],[100.841977,-0.867928],[100.847073,-0.870719],[100.857509,-0.870233],[100.861576,-0.871539],[100.867945,-0.879456],[100.883365,-0.889984],[100.891448,-0.891765],[100.898228,-0.888837],[100.903961,-0.888746],[100.913502,-0.892584],[100.917628,-0.891856],[100.91938,-0.889988],[100.924232,-0.88004],[100.931764,-0.871172],[100.940387,-0.868884],[100.946476,-0.861372],[100.946933,-0.857581],[100.945632,-0.853372],[100.938721,-0.847306],[100.93674,-0.844112],[100.936861,-0.839744],[100.942435,-0.827092],[100.9475,-0.827978],[100.953164,-0.831311]]]}},{"type":"Feature","properties":{"nmkec":"Gunung Talang","nmkab":"Solok","nmprov":"Sumatera Barat","kdkec":"080","kdkab":"03","kodekab":"1303","idkec":"1303080","index":24},"geometry":{"type":"Polygon","coordinates":[[[100.660156,-0.858128],[100.663277,-0.861896],[100.66459,-0.872335],[100.667135,-0.875708],[100.665172,-0.876896],[100.667731,-0.881671],[100.667516,-0.884498],[100.666512,-0.885602],[100.664477,-0.885804],[100.663768,-0.889094],[100.668244,-0.899856],[100.666303,-0.903226],[100.666274,-0.907909],[100.675935,-0.916047],[100.676937,-0.917992],[100.676584,-0.932107],[100.68016,-0.944797],[100.676488,-0.953439],[100.674497,-0.974276],[100.672375,-0.97876],[100.672896,-0.982764],[100.679695,-0.986943],[100.685032,-0.987176],[100.684829,-0.989715],[100.686851,-0.996517],[100.687506,-1.008687],[100.695938,-1.017633],[100.697337,-1.019724],[100.697553,-1.023549],[100.695109,-1.029608],[100.682885,-1.038834],[100.677494,-1.049097],[100.672523,-1.045239],[100.665704,-1.043806],[100.658338,-1.045985],[100.651159,-1.051254],[100.635234,-1.051965],[100.628245,-1.05323],[100.622362,-1.060894],[100.615509,-1.065352],[100.610791,-1.065596],[100.604135,-1.070122],[100.598568,-1.070996],[100.587519,-1.075083],[100.580855,-1.070694],[100.57842,-1.065859],[100.579917,-1.061336],[100.579463,-1.059722],[100.574258,-1.054358],[100.570692,-1.049095],[100.57002,-1.046346],[100.57059,-1.042325],[100.567667,-1.030696],[100.555707,-1.026058],[100.552051,-1.006793],[100.55243,-0.999962],[100.55007,-0.992986],[100.553097,-0.987649],[100.546363,-0.972275],[100.545992,-0.958098],[100.544074,-0.95134],[100.543979,-0.946676],[100.545706,-0.935453],[100.547976,-0.933149],[100.554517,-0.921964],[100.556614,-0.921726],[100.560766,-0.917865],[100.561992,-0.911899],[100.566139,-0.901777],[100.577497,-0.897216],[100.583179,-0.89919],[100.586388,-0.899312],[100.595755,-0.897742],[100.602567,-0.900264],[100.622044,-0.892286],[100.623716,-0.890555],[100.624617,-0.884354],[100.623347,-0.878861],[100.624503,-0.876241],[100.627315,-0.874975],[100.630462,-0.871034],[100.630751,-0.864991],[100.633139,-0.861274],[100.635254,-0.859925],[100.639118,-0.862222],[100.649153,-0.86066],[100.655205,-0.856702],[100.656507,-0.857825],[100.660156,-0.858128]]]}},{"type":"Feature","properties":{"nmkec":"Bukit Sundi","nmkab":"Solok","nmprov":"Sumatera Barat","kdkec":"090","kdkab":"03","kodekab":"1303","idkec":"1303090","index":25},"geometry":{"type":"Polygon","coordinates":[[[100.730949,-0.815029],[100.733321,-0.821081],[100.740511,-0.822815],[100.748052,-0.831662],[100.747546,-0.835685],[100.744156,-0.839228],[100.739414,-0.841274],[100.734401,-0.845493],[100.733021,-0.85025],[100.736362,-0.855483],[100.745716,-0.864782],[100.74605,-0.868828],[100.745066,-0.873463],[100.741268,-0.877943],[100.741375,-0.883631],[100.738635,-0.902855],[100.736426,-0.909428],[100.737453,-0.914556],[100.739712,-0.915334],[100.742942,-0.918384],[100.745405,-0.924171],[100.748229,-0.93851],[100.747727,-0.951147],[100.746134,-0.951686],[100.743036,-0.950078],[100.737878,-0.940966],[100.737938,-0.937953],[100.735281,-0.934634],[100.731761,-0.935123],[100.728811,-0.932869],[100.729353,-0.930206],[100.72844,-0.924105],[100.723568,-0.917629],[100.716332,-0.912165],[100.712396,-0.907345],[100.709248,-0.896244],[100.703529,-0.885571],[100.694917,-0.881719],[100.688345,-0.876174],[100.687283,-0.870031],[100.672863,-0.873408],[100.67188,-0.874807],[100.667084,-0.875693],[100.66459,-0.872335],[100.663277,-0.861896],[100.660156,-0.858128],[100.656507,-0.857825],[100.655205,-0.856702],[100.661476,-0.852359],[100.667441,-0.843841],[100.674881,-0.837274],[100.69186,-0.837395],[100.696529,-0.835615],[100.700174,-0.836841],[100.713445,-0.832163],[100.714973,-0.833506],[100.717888,-0.833804],[100.721186,-0.832756],[100.72381,-0.827293],[100.727345,-0.823571],[100.729579,-0.817201],[100.728772,-0.815488],[100.730949,-0.815029]]]}},{"type":"Feature","properties":{"nmkec":"Ix Koto Sungai Lasi","nmkab":"Solok","nmprov":"Sumatera Barat","kdkec":"100","kdkab":"03","kodekab":"1303","idkec":"1303100","index":26},"geometry":{"type":"Polygon","coordinates":[[[100.70553,-0.726519],[100.707644,-0.732027],[100.711695,-0.734477],[100.714395,-0.734384],[100.719329,-0.732592],[100.724544,-0.726161],[100.727063,-0.724741],[100.729389,-0.724052],[100.744939,-0.724652],[100.747738,-0.737232],[100.751593,-0.738053],[100.773838,-0.750537],[100.782619,-0.762404],[100.785577,-0.764829],[100.787693,-0.76368],[100.798687,-0.762537],[100.805122,-0.769568],[100.812446,-0.7748],[100.813463,-0.777823],[100.807191,-0.78332],[100.80598,-0.786599],[100.808735,-0.799382],[100.808769,-0.806957],[100.807762,-0.809961],[100.81071,-0.819526],[100.805701,-0.827479],[100.79707,-0.827599],[100.793944,-0.829365],[100.792345,-0.831537],[100.792058,-0.840247],[100.787031,-0.836212],[100.785049,-0.832884],[100.781445,-0.832178],[100.778231,-0.833232],[100.778961,-0.837329],[100.775222,-0.840734],[100.76264,-0.840311],[100.747546,-0.835685],[100.748052,-0.831662],[100.746542,-0.829758],[100.740511,-0.822815],[100.733321,-0.821081],[100.730949,-0.815029],[100.729394,-0.814828],[100.728004,-0.816787],[100.720945,-0.821075],[100.717489,-0.819216],[100.715693,-0.808701],[100.712097,-0.802838],[100.710961,-0.792511],[100.700132,-0.783362],[100.698533,-0.776793],[100.69679,-0.773594],[100.69222,-0.769819],[100.688526,-0.763277],[100.685739,-0.760687],[100.688451,-0.745825],[100.687476,-0.743177],[100.681558,-0.739492],[100.69204,-0.723436],[100.694288,-0.721581],[100.697779,-0.725496],[100.70553,-0.726519]]]}},{"type":"Feature","properties":{"nmkec":"X Koto Diatas","nmkab":"Solok","nmprov":"Sumatera Barat","kdkec":"120","kdkab":"03","kodekab":"1303","idkec":"1303120","index":27},"geometry":{"type":"Polygon","coordinates":[[[100.680301,-0.543969],[100.677702,-0.554334],[100.683798,-0.557227],[100.688974,-0.554159],[100.698555,-0.555277],[100.699522,-0.55619],[100.700744,-0.560038],[100.700317,-0.567259],[100.701116,-0.569194],[100.707267,-0.573922],[100.706569,-0.574541],[100.707399,-0.580244],[100.713137,-0.591132],[100.711103,-0.592077],[100.70956,-0.591214],[100.695399,-0.595762],[100.692725,-0.597545],[100.692628,-0.598584],[100.702525,-0.607624],[100.702337,-0.618828],[100.699265,-0.622587],[100.692019,-0.627123],[100.692343,-0.633203],[100.69456,-0.636184],[100.692894,-0.648712],[100.704423,-0.656736],[100.709326,-0.654537],[100.719206,-0.656312],[100.722439,-0.659074],[100.725295,-0.666023],[100.73464,-0.666507],[100.736011,-0.66777],[100.73556,-0.668914],[100.729236,-0.672265],[100.721365,-0.6781],[100.709966,-0.676457],[100.703936,-0.677396],[100.701765,-0.681177],[100.701422,-0.684502],[100.701979,-0.699234],[100.695414,-0.709023],[100.694837,-0.721376],[100.69204,-0.723436],[100.681558,-0.739492],[100.679636,-0.738688],[100.659792,-0.743297],[100.642079,-0.7438],[100.641148,-0.741341],[100.640819,-0.721591],[100.64368,-0.716272],[100.636785,-0.689615],[100.636916,-0.683562],[100.634972,-0.679393],[100.627891,-0.675341],[100.623826,-0.671814],[100.62306,-0.669731],[100.623374,-0.662446],[100.628779,-0.655958],[100.629572,-0.650309],[100.627342,-0.641418],[100.626635,-0.640144],[100.623312,-0.638563],[100.609456,-0.636189],[100.603293,-0.619863],[100.600999,-0.61749],[100.586104,-0.610616],[100.574998,-0.610065],[100.577087,-0.599487],[100.579917,-0.593397],[100.590256,-0.583932],[100.59405,-0.571561],[100.59574,-0.559765],[100.596547,-0.557887],[100.600923,-0.55394],[100.606296,-0.552339],[100.613808,-0.559001],[100.620553,-0.557398],[100.624183,-0.551972],[100.627293,-0.55014],[100.631514,-0.551952],[100.636976,-0.543935],[100.636734,-0.540962],[100.638762,-0.538176],[100.652764,-0.537306],[100.668343,-0.534805],[100.677917,-0.536682],[100.680298,-0.539795],[100.680301,-0.543969]]]}},{"type":"Feature","properties":{"nmkec":"X Koto Singkarak","nmkab":"Solok","nmprov":"Sumatera Barat","kdkec":"130","kdkab":"03","kodekab":"1303","idkec":"1303130","index":28},"geometry":{"type":"Polygon","coordinates":[[[100.573897,-0.610059],[100.586104,-0.610616],[100.600999,-0.61749],[100.603293,-0.619863],[100.609456,-0.636189],[100.623312,-0.638563],[100.626635,-0.640144],[100.627342,-0.641418],[100.629572,-0.650309],[100.628779,-0.655958],[100.623374,-0.662446],[100.62306,-0.669731],[100.623826,-0.671814],[100.627891,-0.675341],[100.634972,-0.679393],[100.636916,-0.683562],[100.636785,-0.689615],[100.64368,-0.716272],[100.640819,-0.721591],[100.641148,-0.741341],[100.643158,-0.747121],[100.633711,-0.751752],[100.630831,-0.754563],[100.627195,-0.755185],[100.623807,-0.751628],[100.620834,-0.745891],[100.618011,-0.747442],[100.614449,-0.754304],[100.609398,-0.7579],[100.604179,-0.759858],[100.596623,-0.768985],[100.594778,-0.774145],[100.58739,-0.778404],[100.584988,-0.781234],[100.582406,-0.789028],[100.561784,-0.794402],[100.557152,-0.800843],[100.552063,-0.802629],[100.549927,-0.801901],[100.547896,-0.802666],[100.543352,-0.808837],[100.541673,-0.807657],[100.538729,-0.80852],[100.537634,-0.807663],[100.537587,-0.80375],[100.536663,-0.801921],[100.527574,-0.791325],[100.522097,-0.79092],[100.517652,-0.794621],[100.511886,-0.795742],[100.511408,-0.789398],[100.507796,-0.787789],[100.505993,-0.785306],[100.506575,-0.76873],[100.503568,-0.757294],[100.49951,-0.754385],[100.495938,-0.753695],[100.490407,-0.755062],[100.483183,-0.752168],[100.47879,-0.74557],[100.478292,-0.739669],[100.476896,-0.736519],[100.473532,-0.734564],[100.477334,-0.734934],[100.479715,-0.733818],[100.481482,-0.729896],[100.482543,-0.722403],[100.493799,-0.708134],[100.506711,-0.703213],[100.521045,-0.703159],[100.5358,-0.692883],[100.538093,-0.691852],[100.55185,-0.69021],[100.560649,-0.683354],[100.563511,-0.676803],[100.56258,-0.673189],[100.555947,-0.667616],[100.551426,-0.667399],[100.545742,-0.66937],[100.543727,-0.668171],[100.540583,-0.663782],[100.540788,-0.66078],[100.54202,-0.658694],[100.539673,-0.653381],[100.534302,-0.64978],[100.528503,-0.64801],[100.524057,-0.643759],[100.523747,-0.642262],[100.53343,-0.635061],[100.573897,-0.610059]],[[100.610516,-0.755705],[100.611533,-0.754865],[100.610747,-0.753986],[100.609945,-0.754858],[100.610516,-0.755705]]]}},{"type":"Feature","properties":{"nmkec":"Junjung Sirih","nmkab":"Solok","nmprov":"Sumatera Barat","kdkec":"140","kdkab":"03","kodekab":"1303","idkec":"1303140","index":29},"geometry":{"type":"Polygon","coordinates":[[[100.524057,-0.643759],[100.528503,-0.64801],[100.534302,-0.64978],[100.539673,-0.653381],[100.54202,-0.658694],[100.540788,-0.66078],[100.540583,-0.663782],[100.544824,-0.669026],[100.547489,-0.66928],[100.551426,-0.667399],[100.555947,-0.667616],[100.56258,-0.673189],[100.563511,-0.676803],[100.560649,-0.683354],[100.55185,-0.69021],[100.538093,-0.691852],[100.5358,-0.692883],[100.521045,-0.703159],[100.506711,-0.703213],[100.493799,-0.708134],[100.483213,-0.721189],[100.480373,-0.732917],[100.477334,-0.734934],[100.473532,-0.734564],[100.462968,-0.731148],[100.460825,-0.729585],[100.458907,-0.724794],[100.456784,-0.722556],[100.452345,-0.719428],[100.44594,-0.716906],[100.442315,-0.713976],[100.440161,-0.706611],[100.439954,-0.701237],[100.441361,-0.697012],[100.439503,-0.691958],[100.439187,-0.685311],[100.441684,-0.66726],[100.440192,-0.663934],[100.434816,-0.659051],[100.436298,-0.656994],[100.443852,-0.65508],[100.450858,-0.656457],[100.463458,-0.654016],[100.474262,-0.657978],[100.486883,-0.658617],[100.500033,-0.648342],[100.515746,-0.645571],[100.523751,-0.642276],[100.524057,-0.643759]]]}},{"type":"Feature","properties":{"nmkec":"Sijunjung","nmkab":"Sijunjung","nmprov":"Sumatera Barat","kdkec":"070","kdkab":"04","kodekab":"1304","idkec":"1304070","index":30},"geometry":{"type":"Polygon","coordinates":[[[101.066728,-0.48296],[101.067195,-0.495112],[101.07127,-0.500637],[101.07127,-0.503093],[101.072309,-0.503896],[101.081049,-0.505455],[101.089362,-0.51136],[101.091913,-0.511596],[101.09796,-0.508856],[101.104904,-0.503424],[101.108494,-0.501676],[101.109675,-0.502054],[101.113454,-0.503613],[101.119135,-0.510726],[101.121927,-0.512122],[101.129657,-0.524303],[101.134995,-0.527941],[101.143923,-0.532476],[101.15078,-0.531248],[101.162109,-0.53753],[101.167866,-0.539605],[101.183387,-0.551739],[101.191983,-0.569898],[101.205492,-0.58771],[101.207594,-0.593782],[101.217298,-0.599328],[101.210471,-0.599196],[101.209052,-0.600179],[101.206176,-0.608368],[101.204684,-0.628241],[101.208433,-0.636577],[101.21294,-0.643321],[101.209217,-0.643321],[101.204441,-0.645766],[101.198232,-0.647144],[101.196051,-0.646228],[101.189704,-0.640176],[101.189447,-0.652674],[101.172636,-0.686872],[101.158534,-0.678849],[101.158895,-0.679723],[101.156312,-0.68334],[101.151184,-0.687864],[101.157555,-0.698798],[101.164856,-0.715127],[101.164274,-0.723047],[101.161828,-0.72491],[101.167768,-0.73318],[101.169347,-0.739068],[101.171728,-0.74145],[101.174058,-0.748554],[101.156936,-0.759825],[101.154115,-0.760229],[101.145844,-0.757235],[101.14201,-0.757881],[101.139317,-0.754564],[101.138929,-0.751484],[101.130921,-0.741677],[101.126445,-0.739275],[101.123715,-0.739166],[101.116073,-0.73207],[101.113194,-0.725583],[101.114099,-0.723677],[101.109016,-0.71906],[101.106264,-0.712869],[101.103326,-0.711283],[101.098754,-0.711198],[101.089371,-0.713246],[101.081403,-0.720018],[101.08476,-0.730031],[101.090257,-0.734593],[101.087608,-0.735266],[101.083558,-0.734638],[101.075493,-0.731792],[101.068437,-0.731749],[101.062574,-0.734094],[101.058384,-0.734137],[101.047026,-0.732075],[101.034619,-0.73369],[101.030831,-0.739232],[101.029286,-0.739906],[101.022873,-0.737224],[101.016053,-0.737615],[101.018092,-0.74184],[101.015118,-0.745399],[101.011182,-0.752714],[101.012879,-0.754405],[101.00974,-0.75495],[101.001974,-0.750314],[100.999817,-0.750271],[100.996962,-0.75269],[100.996875,-0.759203],[100.995518,-0.765937],[100.993623,-0.766539],[100.986417,-0.767253],[100.979164,-0.765437],[100.972053,-0.75931],[100.966578,-0.759776],[100.961453,-0.766007],[100.95616,-0.766839],[100.95632,-0.763865],[100.948198,-0.760408],[100.946021,-0.758688],[100.943997,-0.754894],[100.937074,-0.756779],[100.92904,-0.754341],[100.922821,-0.759309],[100.919118,-0.753101],[100.914736,-0.738546],[100.929389,-0.723975],[100.928452,-0.722556],[100.938144,-0.707512],[100.938309,-0.698074],[100.942505,-0.692054],[100.941377,-0.69067],[100.929394,-0.690646],[100.923541,-0.68114],[100.920341,-0.681033],[100.919643,-0.679913],[100.921016,-0.677532],[100.921554,-0.671479],[100.918746,-0.667405],[100.917924,-0.660421],[100.918674,-0.658267],[100.928166,-0.655327],[100.932713,-0.647771],[100.935381,-0.647157],[100.936866,-0.639372],[100.940088,-0.638487],[100.95051,-0.631906],[100.960977,-0.623202],[100.963459,-0.622808],[100.965579,-0.62469],[100.971171,-0.626785],[100.981318,-0.623645],[100.983672,-0.619453],[100.985119,-0.609253],[100.985909,-0.608384],[100.992101,-0.60761],[100.99661,-0.603858],[100.982804,-0.600875],[100.982206,-0.583106],[100.984,-0.577724],[100.97978,-0.576511],[100.983812,-0.566344],[100.978904,-0.556527],[100.9822,-0.555551],[100.979021,-0.549042],[100.982072,-0.528584],[100.985102,-0.521056],[100.991352,-0.517558],[100.996155,-0.517776],[101.005712,-0.496116],[101.009862,-0.489345],[101.020984,-0.481628],[101.048167,-0.459959],[101.05273,-0.464522],[101.05861,-0.476829],[101.062106,-0.480466],[101.066728,-0.48296]]]}},{"type":"Feature","properties":{"nmkec":"Iv Nagari","nmkab":"Sijunjung","nmprov":"Sumatera Barat","kdkec":"080","kdkab":"04","kodekab":"1304","idkec":"1304080","index":31},"geometry":{"type":"Polygon","coordinates":[[[100.90229,-0.676539],[100.899677,-0.681288],[100.902533,-0.684498],[100.913795,-0.688756],[100.915708,-0.68859],[100.917839,-0.686342],[100.919643,-0.679913],[100.920992,-0.68125],[100.923541,-0.68114],[100.929394,-0.690646],[100.941377,-0.69067],[100.942505,-0.692054],[100.938309,-0.698074],[100.938144,-0.707512],[100.928452,-0.722556],[100.929389,-0.723975],[100.914736,-0.738546],[100.919118,-0.753101],[100.92385,-0.761766],[100.926199,-0.76525],[100.932617,-0.76863],[100.934138,-0.773887],[100.934207,-0.781772],[100.935578,-0.787306],[100.947092,-0.806431],[100.952743,-0.814012],[100.955085,-0.823519],[100.953164,-0.831311],[100.9475,-0.827978],[100.942435,-0.827092],[100.932025,-0.819326],[100.928502,-0.813282],[100.922875,-0.8101],[100.918286,-0.8106],[100.905969,-0.814925],[100.903913,-0.816525],[100.901638,-0.82055],[100.893572,-0.828128],[100.890116,-0.828405],[100.886372,-0.825317],[100.885999,-0.818983],[100.883455,-0.815372],[100.880147,-0.813652],[100.867866,-0.803706],[100.864877,-0.800972],[100.863715,-0.798461],[100.858833,-0.797513],[100.856002,-0.799464],[100.852491,-0.799697],[100.849924,-0.793464],[100.844163,-0.788392],[100.854629,-0.778288],[100.863642,-0.767295],[100.864858,-0.75662],[100.871787,-0.746614],[100.868884,-0.744283],[100.861311,-0.754317],[100.852441,-0.747729],[100.850974,-0.745556],[100.853437,-0.740905],[100.859741,-0.734654],[100.863836,-0.733005],[100.867703,-0.732783],[100.870183,-0.726263],[100.867085,-0.723298],[100.865851,-0.719689],[100.867574,-0.709268],[100.871416,-0.707337],[100.8714,-0.705367],[100.869402,-0.701854],[100.865918,-0.699115],[100.871764,-0.688849],[100.871025,-0.686248],[100.872478,-0.683419],[100.874324,-0.680206],[100.88013,-0.675898],[100.887547,-0.675522],[100.891693,-0.676881],[100.896108,-0.674248],[100.896079,-0.671627],[100.899086,-0.672745],[100.90229,-0.676539]]]}},{"type":"Feature","properties":{"nmkec":"Kupitan","nmkab":"Sijunjung","nmprov":"Sumatera Barat","kdkec":"090","kdkab":"04","kodekab":"1304","idkec":"1304090","index":32},"geometry":{"type":"Polygon","coordinates":[[[100.837117,-0.662127],[100.842783,-0.667086],[100.8492,-0.665883],[100.860698,-0.667499],[100.869841,-0.672575],[100.872515,-0.674849],[100.873511,-0.677068],[100.874324,-0.680206],[100.871025,-0.686248],[100.871764,-0.688849],[100.865918,-0.699115],[100.869402,-0.701854],[100.8714,-0.705367],[100.871416,-0.707337],[100.867574,-0.709268],[100.865851,-0.719689],[100.867085,-0.723298],[100.870183,-0.726263],[100.867703,-0.732783],[100.863836,-0.733005],[100.859741,-0.734654],[100.853437,-0.740905],[100.850974,-0.745556],[100.852441,-0.747729],[100.861311,-0.754317],[100.868884,-0.744283],[100.871787,-0.746614],[100.864858,-0.75662],[100.863642,-0.767295],[100.854629,-0.778288],[100.844163,-0.788392],[100.832935,-0.788925],[100.826673,-0.787099],[100.822916,-0.788381],[100.818789,-0.793893],[100.809434,-0.795671],[100.807661,-0.795145],[100.806156,-0.784545],[100.812959,-0.778681],[100.813218,-0.776072],[100.805122,-0.769568],[100.799346,-0.763035],[100.801159,-0.759892],[100.805599,-0.758232],[100.807887,-0.755468],[100.808435,-0.753211],[100.808169,-0.749338],[100.805427,-0.741601],[100.805957,-0.740023],[100.809717,-0.737212],[100.809784,-0.733654],[100.803921,-0.719164],[100.802883,-0.718633],[100.803272,-0.705715],[100.802452,-0.703976],[100.800723,-0.704491],[100.798411,-0.702759],[100.798482,-0.696798],[100.805095,-0.691953],[100.806685,-0.687753],[100.801499,-0.681887],[100.798592,-0.677019],[100.797481,-0.674616],[100.797771,-0.672641],[100.798579,-0.671131],[100.803338,-0.671105],[100.812734,-0.666974],[100.822368,-0.668686],[100.826053,-0.668487],[100.829918,-0.671573],[100.833439,-0.669537],[100.833441,-0.665689],[100.837117,-0.662127]]]}},{"type":"Feature","properties":{"nmkec":"Koto Tujuh","nmkab":"Sijunjung","nmprov":"Sumatera Barat","kdkec":"100","kdkab":"04","kodekab":"1304","idkec":"1304100","index":33},"geometry":{"type":"Polygon","coordinates":[[[100.863249,-0.561705],[100.867456,-0.564865],[100.874963,-0.567913],[100.884203,-0.566222],[100.886056,-0.567278],[100.889271,-0.574606],[100.893082,-0.573242],[100.898764,-0.588302],[100.903214,-0.591591],[100.913581,-0.60488],[100.921879,-0.608681],[100.929599,-0.623213],[100.935338,-0.638294],[100.936866,-0.639372],[100.935381,-0.647157],[100.932713,-0.647771],[100.928166,-0.655327],[100.918674,-0.658267],[100.917924,-0.660421],[100.918746,-0.667405],[100.921554,-0.671479],[100.921016,-0.677532],[100.917839,-0.686342],[100.915708,-0.68859],[100.913795,-0.688756],[100.902416,-0.684433],[100.899677,-0.681288],[100.90229,-0.676539],[100.899086,-0.672745],[100.896079,-0.671627],[100.896108,-0.674248],[100.893312,-0.676245],[100.891693,-0.676881],[100.887547,-0.675522],[100.88013,-0.675898],[100.874324,-0.680206],[100.871998,-0.674321],[100.860698,-0.667499],[100.8492,-0.665883],[100.842783,-0.667086],[100.837117,-0.662127],[100.833441,-0.665689],[100.833439,-0.669537],[100.829918,-0.671573],[100.826053,-0.668487],[100.822368,-0.668686],[100.812734,-0.666974],[100.803338,-0.671105],[100.798579,-0.671131],[100.798675,-0.669631],[100.794397,-0.669198],[100.792491,-0.66761],[100.7997,-0.663031],[100.805073,-0.646845],[100.806107,-0.635106],[100.80981,-0.62401],[100.808837,-0.613406],[100.810957,-0.604474],[100.804346,-0.598775],[100.804265,-0.593147],[100.813573,-0.582863],[100.821616,-0.580925],[100.83306,-0.576575],[100.84523,-0.566972],[100.851835,-0.564828],[100.857014,-0.565538],[100.858778,-0.56276],[100.863249,-0.561705]]]}},{"type":"Feature","properties":{"nmkec":"Sumpur Kudus","nmkab":"Sijunjung","nmprov":"Sumatera Barat","kdkec":"110","kdkab":"04","kodekab":"1304","idkec":"1304110","index":34},"geometry":{"type":"Polygon","coordinates":[[[100.951791,-0.310893],[100.962543,-0.313966],[100.969195,-0.314631],[100.980028,-0.313683],[101.000473,-0.320425],[101.011543,-0.328674],[101.018622,-0.336127],[101.024741,-0.339525],[101.037986,-0.357296],[101.042432,-0.36708],[101.043385,-0.378032],[101.042909,-0.382318],[101.040528,-0.385175],[101.034813,-0.388509],[101.030051,-0.389461],[101.025289,-0.394699],[101.025765,-0.398033],[101.030051,-0.402318],[101.035289,-0.412319],[101.041628,-0.420923],[101.03767,-0.4247],[101.03767,-0.435176],[101.042644,-0.443432],[101.044813,-0.450414],[101.049099,-0.455176],[101.048167,-0.459959],[101.020984,-0.481628],[101.009862,-0.489345],[101.005712,-0.496116],[100.996155,-0.517776],[100.991352,-0.517558],[100.985102,-0.521056],[100.982072,-0.528584],[100.979021,-0.549042],[100.9822,-0.555551],[100.978904,-0.556527],[100.983812,-0.566344],[100.97978,-0.576511],[100.984,-0.577724],[100.982206,-0.583106],[100.982804,-0.600875],[100.99661,-0.603858],[100.992101,-0.60761],[100.985909,-0.608384],[100.985119,-0.609253],[100.983672,-0.619453],[100.981318,-0.623645],[100.971171,-0.626785],[100.965579,-0.62469],[100.963459,-0.622808],[100.960977,-0.623202],[100.95051,-0.631906],[100.940088,-0.638487],[100.936475,-0.639357],[100.935338,-0.638294],[100.929599,-0.623213],[100.921879,-0.608681],[100.913581,-0.60488],[100.903214,-0.591591],[100.898764,-0.588302],[100.893082,-0.573242],[100.889271,-0.574606],[100.886056,-0.567278],[100.884203,-0.566222],[100.874963,-0.567913],[100.867456,-0.564865],[100.863249,-0.561705],[100.858778,-0.56276],[100.857014,-0.565538],[100.851835,-0.564828],[100.84523,-0.566972],[100.83306,-0.576575],[100.821616,-0.580925],[100.813573,-0.582863],[100.813572,-0.579405],[100.80872,-0.571367],[100.803271,-0.566696],[100.796884,-0.564373],[100.807989,-0.555773],[100.812307,-0.54994],[100.813905,-0.543777],[100.813701,-0.540727],[100.816255,-0.533803],[100.815921,-0.525885],[100.818835,-0.521558],[100.822301,-0.519503],[100.831149,-0.52073],[100.83231,-0.516605],[100.837178,-0.512348],[100.841026,-0.510737],[100.844412,-0.506729],[100.838431,-0.497049],[100.82658,-0.486489],[100.821886,-0.483203],[100.815902,-0.483321],[100.813673,-0.484494],[100.810689,-0.480447],[100.811331,-0.478766],[100.820627,-0.474173],[100.821622,-0.472316],[100.822597,-0.467633],[100.821213,-0.464339],[100.825198,-0.45633],[100.822759,-0.452381],[100.818102,-0.44966],[100.817737,-0.446385],[100.820594,-0.439867],[100.81948,-0.433703],[100.824066,-0.427613],[100.829144,-0.423227],[100.828836,-0.417381],[100.830573,-0.411834],[100.831145,-0.405164],[100.829078,-0.399489],[100.829918,-0.398452],[100.833667,-0.397494],[100.837052,-0.393792],[100.835608,-0.384921],[100.83432,-0.382619],[100.833992,-0.372189],[100.831633,-0.368739],[100.823549,-0.365436],[100.81331,-0.35046],[100.835751,-0.352864],[100.840037,-0.351346],[100.845611,-0.347058],[100.847318,-0.343944],[100.844699,-0.338805],[100.853242,-0.335965],[100.858692,-0.332574],[100.861598,-0.332574],[100.869591,-0.337782],[100.875161,-0.339477],[100.881821,-0.33875],[100.888906,-0.334875],[100.895929,-0.334149],[100.903195,-0.334875],[100.908766,-0.332332],[100.912399,-0.328215],[100.915184,-0.321191],[100.916637,-0.320101],[100.920367,-0.319073],[100.920306,-0.32361],[100.924297,-0.31962],[100.932624,-0.314791],[100.951791,-0.310893]]]}},{"type":"Feature","properties":{"nmkec":"Tanah Datar","nmkab":"Tanah Datar","nmprov":"Sumatera Barat","kdkec":"000","kdkab":"05","kodekab":"1305","idkec":"1305000","index":35},"geometry":{"type":"Polygon","coordinates":[[[100.500563,-0.53422],[100.507297,-0.536615],[100.508479,-0.54035],[100.515241,-0.547156],[100.522712,-0.548227],[100.524022,-0.546334],[100.526524,-0.545638],[100.529661,-0.548094],[100.535861,-0.549744],[100.54202,-0.553858],[100.552286,-0.563455],[100.555298,-0.570592],[100.559677,-0.575762],[100.566835,-0.590039],[100.568084,-0.596133],[100.574015,-0.610306],[100.53343,-0.635061],[100.523668,-0.642331],[100.5223,-0.637783],[100.518184,-0.633564],[100.517268,-0.628113],[100.514354,-0.622616],[100.499444,-0.603782],[100.495228,-0.586849],[100.492918,-0.58246],[100.488176,-0.5784],[100.4862,-0.57523],[100.48918,-0.57006],[100.489574,-0.565003],[100.483434,-0.554374],[100.483001,-0.546723],[100.487275,-0.539894],[100.491006,-0.538794],[100.497574,-0.534892],[100.500563,-0.53422]]]}},{"type":"Feature","properties":{"nmkec":"X Koto","nmkab":"Tanah Datar","nmprov":"Sumatera Barat","kdkec":"010","kdkab":"05","kodekab":"1305","idkec":"1305010","index":36},"geometry":{"type":"Polygon","coordinates":[[[100.398997,-0.385696],[100.404006,-0.389513],[100.409477,-0.390652],[100.415496,-0.390662],[100.424476,-0.38724],[100.441438,-0.387075],[100.457976,-0.389259],[100.453669,-0.397164],[100.445237,-0.419831],[100.444394,-0.423942],[100.445071,-0.435339],[100.442991,-0.444216],[100.436293,-0.454846],[100.437254,-0.465265],[100.436495,-0.466621],[100.435508,-0.467025],[100.431461,-0.462351],[100.425218,-0.458296],[100.423797,-0.455731],[100.411437,-0.45468],[100.410137,-0.458166],[100.410802,-0.459944],[100.40965,-0.460822],[100.40747,-0.456639],[100.407538,-0.453667],[100.404896,-0.452998],[100.404054,-0.450812],[100.395785,-0.450332],[100.396194,-0.459835],[100.387933,-0.460287],[100.381833,-0.462785],[100.377322,-0.462128],[100.365336,-0.477351],[100.372261,-0.482902],[100.374853,-0.483627],[100.383892,-0.482977],[100.391054,-0.484213],[100.395048,-0.483175],[100.402072,-0.483618],[100.405852,-0.480057],[100.414228,-0.484023],[100.416859,-0.482193],[100.417355,-0.480526],[100.418832,-0.480153],[100.421349,-0.480781],[100.422311,-0.483966],[100.425061,-0.486605],[100.426116,-0.486049],[100.433412,-0.488484],[100.437263,-0.493769],[100.43751,-0.496447],[100.43473,-0.503738],[100.436684,-0.506565],[100.441666,-0.508733],[100.442567,-0.517185],[100.441116,-0.519927],[100.421447,-0.525281],[100.416344,-0.528373],[100.40753,-0.54461],[100.407994,-0.553734],[100.411885,-0.561264],[100.410531,-0.562857],[100.404358,-0.564871],[100.402559,-0.564403],[100.397722,-0.558913],[100.395934,-0.552763],[100.389458,-0.540639],[100.389299,-0.537723],[100.392156,-0.53261],[100.390012,-0.529615],[100.383937,-0.525902],[100.38346,-0.524105],[100.38528,-0.519514],[100.385207,-0.508986],[100.383522,-0.503008],[100.384407,-0.49995],[100.393372,-0.490955],[100.386293,-0.489449],[100.379596,-0.491577],[100.375051,-0.491715],[100.367135,-0.488223],[100.359754,-0.486808],[100.357098,-0.484669],[100.357346,-0.482],[100.354751,-0.480469],[100.352447,-0.480743],[100.349064,-0.483376],[100.342748,-0.486272],[100.337591,-0.486938],[100.329367,-0.485659],[100.317751,-0.476806],[100.315887,-0.472197],[100.314165,-0.457936],[100.31488,-0.44886],[100.320894,-0.431285],[100.320915,-0.4278],[100.318699,-0.425635],[100.318894,-0.423574],[100.323284,-0.414251],[100.331285,-0.40591],[100.331682,-0.404399],[100.329828,-0.400377],[100.329632,-0.395765],[100.333407,-0.394987],[100.335555,-0.392236],[100.339384,-0.391096],[100.349192,-0.390898],[100.35893,-0.389477],[100.3723,-0.389854],[100.379437,-0.387175],[100.386625,-0.385769],[100.39638,-0.385075],[100.398997,-0.385696]]]}},{"type":"Feature","properties":{"nmkec":"Batipuah Selatan","nmkab":"Tanah Datar","nmprov":"Sumatera Barat","kdkec":"021","kdkab":"05","kodekab":"1305","idkec":"1305021","index":37},"geometry":{"type":"Polygon","coordinates":[[[100.488073,-0.521548],[100.493525,-0.521833],[100.50157,-0.529858],[100.5061,-0.530882],[100.5233,-0.52448],[100.52494,-0.527423],[100.525967,-0.540226],[100.528299,-0.546555],[100.525835,-0.545642],[100.523147,-0.547062],[100.52303,-0.548161],[100.516859,-0.547987],[100.510779,-0.543313],[100.508479,-0.54035],[100.507297,-0.536615],[100.500563,-0.53422],[100.496013,-0.535425],[100.491006,-0.538794],[100.486527,-0.540397],[100.482806,-0.547237],[100.483434,-0.554374],[100.489574,-0.565003],[100.48918,-0.57006],[100.4862,-0.57523],[100.488176,-0.5784],[100.492918,-0.58246],[100.495228,-0.586849],[100.499444,-0.603782],[100.514354,-0.622616],[100.517268,-0.628113],[100.518184,-0.633564],[100.5223,-0.637783],[100.523668,-0.642331],[100.515746,-0.645571],[100.500033,-0.648342],[100.486883,-0.658617],[100.474262,-0.657978],[100.463458,-0.654016],[100.450858,-0.656457],[100.444764,-0.655015],[100.430156,-0.657575],[100.42805,-0.655976],[100.428659,-0.648609],[100.430426,-0.644298],[100.431133,-0.638983],[100.420556,-0.633345],[100.415774,-0.628065],[100.403243,-0.627728],[100.400264,-0.629898],[100.397166,-0.630648],[100.379722,-0.623936],[100.37633,-0.621822],[100.376483,-0.620679],[100.393515,-0.613752],[100.401747,-0.609293],[100.407863,-0.604203],[100.412221,-0.60232],[100.415358,-0.602241],[100.417317,-0.599124],[100.416178,-0.59096],[100.418194,-0.585864],[100.41688,-0.573071],[100.417506,-0.56885],[100.416625,-0.565638],[100.4179,-0.565833],[100.42149,-0.563141],[100.427323,-0.561121],[100.431923,-0.560785],[100.444273,-0.572361],[100.447369,-0.573238],[100.448128,-0.570975],[100.446396,-0.561907],[100.450322,-0.557419],[100.4651,-0.555391],[100.474104,-0.537719],[100.47754,-0.537102],[100.479141,-0.532163],[100.477584,-0.530045],[100.488073,-0.521548]]]}},{"type":"Feature","properties":{"nmkec":"Pariangan","nmkab":"Tanah Datar","nmprov":"Sumatera Barat","kdkec":"030","kdkab":"05","kodekab":"1305","idkec":"1305030","index":38},"geometry":{"type":"Polygon","coordinates":[[[100.476861,-0.39524],[100.489631,-0.399666],[100.503836,-0.4107],[100.509004,-0.411835],[100.514852,-0.414817],[100.520007,-0.423162],[100.519452,-0.42589],[100.517707,-0.427566],[100.522513,-0.43023],[100.530386,-0.44414],[100.526271,-0.450976],[100.526456,-0.456634],[100.527653,-0.459299],[100.536197,-0.466595],[100.536525,-0.467774],[100.534575,-0.469247],[100.535621,-0.47429],[100.54148,-0.476579],[100.542331,-0.480266],[100.539454,-0.48244],[100.531148,-0.48309],[100.529529,-0.481755],[100.526917,-0.481893],[100.528725,-0.486574],[100.528093,-0.492627],[100.522091,-0.498695],[100.5218,-0.502302],[100.51626,-0.509494],[100.50401,-0.496788],[100.492212,-0.479619],[100.486333,-0.474565],[100.477673,-0.460509],[100.477258,-0.450865],[100.469124,-0.435457],[100.468787,-0.432208],[100.471354,-0.419118],[100.466004,-0.38915],[100.471196,-0.387333],[100.472284,-0.390859],[100.476861,-0.39524]]]}},{"type":"Feature","properties":{"nmkec":"Rambatan","nmkab":"Tanah Datar","nmprov":"Sumatera Barat","kdkec":"040","kdkab":"05","kodekab":"1305","idkec":"1305040","index":39},"geometry":{"type":"Polygon","coordinates":[[[100.557435,-0.473296],[100.566307,-0.475541],[100.570994,-0.475823],[100.576731,-0.475204],[100.581663,-0.473435],[100.581497,-0.475685],[100.58336,-0.476616],[100.587519,-0.476294],[100.592543,-0.47429],[100.593791,-0.474799],[100.594299,-0.478806],[100.591156,-0.483614],[100.591834,-0.489069],[100.59631,-0.499795],[100.598262,-0.499913],[100.596967,-0.50481],[100.599281,-0.506591],[100.600988,-0.510183],[100.601071,-0.512659],[100.598176,-0.516169],[100.596635,-0.521223],[100.601258,-0.525261],[100.604865,-0.525403],[100.60677,-0.527023],[100.607335,-0.534118],[100.612755,-0.540246],[100.611695,-0.544134],[100.61417,-0.547552],[100.623582,-0.552632],[100.620553,-0.557398],[100.613808,-0.559001],[100.606296,-0.552339],[100.600923,-0.55394],[100.596547,-0.557887],[100.59405,-0.571561],[100.590256,-0.583932],[100.579917,-0.593397],[100.577087,-0.599487],[100.574998,-0.610065],[100.573897,-0.610059],[100.568084,-0.596133],[100.565791,-0.58781],[100.559677,-0.575762],[100.555298,-0.570592],[100.552286,-0.563455],[100.54202,-0.553858],[100.535861,-0.549744],[100.529661,-0.548094],[100.528299,-0.546555],[100.525967,-0.540226],[100.52494,-0.527423],[100.520516,-0.515999],[100.51626,-0.509494],[100.5218,-0.502302],[100.522091,-0.498695],[100.528093,-0.492627],[100.528725,-0.486574],[100.526917,-0.481893],[100.529529,-0.481755],[100.531148,-0.48309],[100.539553,-0.482426],[100.542331,-0.480266],[100.54148,-0.476579],[100.543392,-0.477183],[100.557435,-0.473296]]]}},{"type":"Feature","properties":{"nmkec":"Lima Kaum","nmkab":"Tanah Datar","nmprov":"Sumatera Barat","kdkec":"050","kdkab":"05","kodekab":"1305","idkec":"1305050","index":40},"geometry":{"type":"Polygon","coordinates":[[[100.532742,-0.430159],[100.537066,-0.432203],[100.542448,-0.436349],[100.54736,-0.437663],[100.546586,-0.440981],[100.548909,-0.451579],[100.553821,-0.449129],[100.552656,-0.446541],[100.554123,-0.445716],[100.562673,-0.450627],[100.565527,-0.449155],[100.566425,-0.446762],[100.570912,-0.446412],[100.598702,-0.450607],[100.599646,-0.451878],[100.598559,-0.45904],[100.599447,-0.46658],[100.601702,-0.471239],[100.603424,-0.472522],[100.607913,-0.473157],[100.610628,-0.470419],[100.613974,-0.470198],[100.621119,-0.47939],[100.618112,-0.489323],[100.621385,-0.492193],[100.629254,-0.493757],[100.631875,-0.497758],[100.630402,-0.499532],[100.625416,-0.502167],[100.616684,-0.497595],[100.598195,-0.493033],[100.595939,-0.494173],[100.598141,-0.496841],[100.598511,-0.499394],[100.59631,-0.499795],[100.591834,-0.489069],[100.591156,-0.483614],[100.594299,-0.478806],[100.594053,-0.47523],[100.592989,-0.47429],[100.587519,-0.476294],[100.58336,-0.476616],[100.581497,-0.475685],[100.581663,-0.473435],[100.576731,-0.475204],[100.568302,-0.475811],[100.557435,-0.473296],[100.543392,-0.477183],[100.535621,-0.47429],[100.534575,-0.469247],[100.536525,-0.46718],[100.534157,-0.464186],[100.527653,-0.459299],[100.526456,-0.456634],[100.526271,-0.450976],[100.530386,-0.44414],[100.522513,-0.43023],[100.517919,-0.427568],[100.532742,-0.430159]]]}},{"type":"Feature","properties":{"nmkec":"Lintau Buo","nmkab":"Tanah Datar","nmprov":"Sumatera Barat","kdkec":"080","kdkab":"05","kodekab":"1305","idkec":"1305080","index":41},"geometry":{"type":"Polygon","coordinates":[[[100.818337,-0.450164],[100.822759,-0.452381],[100.825198,-0.45633],[100.821213,-0.464339],[100.822405,-0.469098],[100.820627,-0.474173],[100.811331,-0.478766],[100.810597,-0.479782],[100.811203,-0.481684],[100.813673,-0.484494],[100.815902,-0.483321],[100.821886,-0.483203],[100.82658,-0.486489],[100.838431,-0.497049],[100.844412,-0.506729],[100.841026,-0.510737],[100.837178,-0.512348],[100.83231,-0.516605],[100.831149,-0.52073],[100.822301,-0.519503],[100.818835,-0.521558],[100.815921,-0.525885],[100.816255,-0.533803],[100.813701,-0.540727],[100.813217,-0.547412],[100.81102,-0.552301],[100.807989,-0.555773],[100.796884,-0.564373],[100.788036,-0.564445],[100.786703,-0.563723],[100.787121,-0.561561],[100.789095,-0.559345],[100.788493,-0.553783],[100.783123,-0.555204],[100.781871,-0.557925],[100.779608,-0.559081],[100.774265,-0.559068],[100.777222,-0.54649],[100.776968,-0.538623],[100.773577,-0.533096],[100.760333,-0.519302],[100.75404,-0.515381],[100.754547,-0.512303],[100.758075,-0.508593],[100.765962,-0.506316],[100.766709,-0.50502],[100.758528,-0.492693],[100.745493,-0.48546],[100.736064,-0.478029],[100.733685,-0.480362],[100.730162,-0.481507],[100.722585,-0.478946],[100.73305,-0.471077],[100.733296,-0.468273],[100.743159,-0.467915],[100.749064,-0.46933],[100.752555,-0.467597],[100.752266,-0.465614],[100.748854,-0.461133],[100.749055,-0.455768],[100.760764,-0.451029],[100.765778,-0.450387],[100.771487,-0.451544],[100.780688,-0.457205],[100.782617,-0.457514],[100.794113,-0.455662],[100.803156,-0.450142],[100.811918,-0.450041],[100.818008,-0.448235],[100.818337,-0.450164]]]}},{"type":"Feature","properties":{"nmkec":"Sungayang","nmkab":"Tanah Datar","nmprov":"Sumatera Barat","kdkec":"090","kdkab":"05","kodekab":"1305","idkec":"1305090","index":42},"geometry":{"type":"Polygon","coordinates":[[[100.612064,-0.354517],[100.615248,-0.354516],[100.623987,-0.352167],[100.642612,-0.350152],[100.652885,-0.350223],[100.663439,-0.347503],[100.66488,-0.350852],[100.665983,-0.358722],[100.663296,-0.36613],[100.665099,-0.372328],[100.661306,-0.380421],[100.661263,-0.384314],[100.662729,-0.385008],[100.66423,-0.383944],[100.665252,-0.385032],[100.664266,-0.388785],[100.661268,-0.393662],[100.655168,-0.400885],[100.654026,-0.408492],[100.652081,-0.410984],[100.639134,-0.418662],[100.628721,-0.418716],[100.621105,-0.423929],[100.606489,-0.425796],[100.602137,-0.428239],[100.599775,-0.432463],[100.593495,-0.428934],[100.590945,-0.420297],[100.591304,-0.4169],[100.583352,-0.417944],[100.574672,-0.412388],[100.573207,-0.408947],[100.574827,-0.406273],[100.577214,-0.404694],[100.582122,-0.404297],[100.59363,-0.388785],[100.59253,-0.386676],[100.592891,-0.38552],[100.596796,-0.379241],[100.594882,-0.376656],[100.587861,-0.372374],[100.588941,-0.368459],[100.592336,-0.365411],[100.59329,-0.363174],[100.593088,-0.346046],[100.599523,-0.344516],[100.612064,-0.354517]]]}},{"type":"Feature","properties":{"nmkec":"Salimpaung","nmkab":"Tanah Datar","nmprov":"Sumatera Barat","kdkec":"110","kdkab":"05","kodekab":"1305","idkec":"1305110","index":43},"geometry":{"type":"Polygon","coordinates":[[[100.545535,-0.314536],[100.553637,-0.320633],[100.559096,-0.321112],[100.56503,-0.319827],[100.574397,-0.329282],[100.591873,-0.341995],[100.593879,-0.345235],[100.593088,-0.346046],[100.59329,-0.363174],[100.592336,-0.365411],[100.588941,-0.368459],[100.587822,-0.371969],[100.594882,-0.376656],[100.596796,-0.379241],[100.592891,-0.38552],[100.59253,-0.386676],[100.59363,-0.388785],[100.582122,-0.404297],[100.577214,-0.404694],[100.574827,-0.406273],[100.573089,-0.397454],[100.57418,-0.392366],[100.576102,-0.388978],[100.570685,-0.380764],[100.566524,-0.377435],[100.567572,-0.371425],[100.56567,-0.365054],[100.556142,-0.367495],[100.554134,-0.365569],[100.529395,-0.361173],[100.517802,-0.3567],[100.490531,-0.371932],[100.479685,-0.372458],[100.479204,-0.367542],[100.484262,-0.353491],[100.495362,-0.350084],[100.516256,-0.33331],[100.520965,-0.332633],[100.522552,-0.325093],[100.524083,-0.322774],[100.526257,-0.321154],[100.531848,-0.322671],[100.537806,-0.315114],[100.538804,-0.3109],[100.545535,-0.314536]]]}},{"type":"Feature","properties":{"nmkec":"Tanjuang Baru","nmkab":"Tanah Datar","nmprov":"Sumatera Barat","kdkec":"111","kdkab":"05","kodekab":"1305","idkec":"1305111","index":44},"geometry":{"type":"Polygon","coordinates":[[[100.535918,-0.27865],[100.545031,-0.284691],[100.548935,-0.281952],[100.553709,-0.281351],[100.563087,-0.281713],[100.568698,-0.280789],[100.575093,-0.283278],[100.574681,-0.286141],[100.579287,-0.287691],[100.580321,-0.290105],[100.579126,-0.293496],[100.573542,-0.301625],[100.573494,-0.304533],[100.575183,-0.309665],[100.574202,-0.313301],[100.565796,-0.315544],[100.56503,-0.319827],[100.562785,-0.320782],[100.555582,-0.320921],[100.550265,-0.318972],[100.545535,-0.314536],[100.538804,-0.3109],[100.537806,-0.315114],[100.531848,-0.322671],[100.526257,-0.321154],[100.524083,-0.322774],[100.522552,-0.325093],[100.520965,-0.332633],[100.516256,-0.33331],[100.495362,-0.350084],[100.484262,-0.353491],[100.48709,-0.347679],[100.492773,-0.343257],[100.503821,-0.324254],[100.506193,-0.312342],[100.511183,-0.295391],[100.521391,-0.293097],[100.526961,-0.28888],[100.531229,-0.279764],[100.533038,-0.278435],[100.535918,-0.27865]]]}},{"type":"Feature","properties":{"nmkec":"Batang Anai","nmkab":"Padang Pariaman","nmprov":"Sumatera Barat","kdkec":"010","kdkab":"06","kodekab":"1306","idkec":"1306010","index":45},"geometry":{"type":"Polygon","coordinates":[[[100.29787,-0.704579],[100.301495,-0.709688],[100.304557,-0.710538],[100.313711,-0.708504],[100.317765,-0.709373],[100.329263,-0.709403],[100.343179,-0.714187],[100.362715,-0.71687],[100.368972,-0.718844],[100.376312,-0.72178],[100.403958,-0.739141],[100.413724,-0.742941],[100.418158,-0.742911],[100.416062,-0.745087],[100.412568,-0.746409],[100.401317,-0.748066],[100.399677,-0.749027],[100.395719,-0.75459],[100.384352,-0.759272],[100.382029,-0.76436],[100.381448,-0.768777],[100.376909,-0.772372],[100.376284,-0.785122],[100.374811,-0.78789],[100.371834,-0.790109],[100.367443,-0.800446],[100.361014,-0.802215],[100.358246,-0.801407],[100.355239,-0.799073],[100.353165,-0.798917],[100.348899,-0.802136],[100.343713,-0.804329],[100.339245,-0.804604],[100.334174,-0.801676],[100.32549,-0.803579],[100.321717,-0.805964],[100.316192,-0.805939],[100.309781,-0.807817],[100.302538,-0.805913],[100.292736,-0.806414],[100.290907,-0.808524],[100.292885,-0.810294],[100.293617,-0.812486],[100.290909,-0.817137],[100.28741,-0.808171],[100.266459,-0.780142],[100.224041,-0.73676],[100.227621,-0.73495],[100.229953,-0.737235],[100.23557,-0.736443],[100.241989,-0.724825],[100.245383,-0.724206],[100.24826,-0.722421],[100.259711,-0.70926],[100.269797,-0.727903],[100.278315,-0.737968],[100.28505,-0.730583],[100.290826,-0.705609],[100.294365,-0.704088],[100.29787,-0.704579]]]}},{"type":"Feature","properties":{"nmkec":"Lubuk Alung","nmkab":"Padang Pariaman","nmprov":"Sumatera Barat","kdkec":"020","kdkab":"06","kodekab":"1306","idkec":"1306020","index":46},"geometry":{"type":"Polygon","coordinates":[[[100.340285,-0.636164],[100.343098,-0.636897],[100.353585,-0.649407],[100.355372,-0.651993],[100.360231,-0.664963],[100.36219,-0.666706],[100.368064,-0.667054],[100.377074,-0.665335],[100.385587,-0.6659],[100.392135,-0.66806],[100.399887,-0.6729],[100.405504,-0.672815],[100.41301,-0.668944],[100.424392,-0.659111],[100.436366,-0.656968],[100.434816,-0.659051],[100.440192,-0.663934],[100.441684,-0.66726],[100.439187,-0.685311],[100.439503,-0.691958],[100.441361,-0.697012],[100.439954,-0.701237],[100.441604,-0.712904],[100.44419,-0.715824],[100.452858,-0.719699],[100.458477,-0.724292],[100.456287,-0.728733],[100.449842,-0.732342],[100.439025,-0.735356],[100.430268,-0.741206],[100.423193,-0.743109],[100.413724,-0.742941],[100.403958,-0.739141],[100.378367,-0.722997],[100.370608,-0.719366],[100.362715,-0.71687],[100.343179,-0.714187],[100.329263,-0.709403],[100.317765,-0.709373],[100.313711,-0.708504],[100.304557,-0.710538],[100.301495,-0.709688],[100.29787,-0.704579],[100.294365,-0.704088],[100.291889,-0.704792],[100.29042,-0.706612],[100.28505,-0.730583],[100.278315,-0.737968],[100.269797,-0.727903],[100.259711,-0.70926],[100.264477,-0.703097],[100.257748,-0.703074],[100.25359,-0.699732],[100.250557,-0.694287],[100.257456,-0.68489],[100.253673,-0.68143],[100.257341,-0.678229],[100.268501,-0.679767],[100.274392,-0.67856],[100.27689,-0.67445],[100.276611,-0.669854],[100.280598,-0.65991],[100.288811,-0.651214],[100.289865,-0.646687],[100.290972,-0.645364],[100.294853,-0.644252],[100.298437,-0.646283],[100.302144,-0.644587],[100.316437,-0.626272],[100.333739,-0.628297],[100.339719,-0.631792],[100.340285,-0.636164]]]}},{"type":"Feature","properties":{"nmkec":"2 X 11 Enam Lingkung","nmkab":"Padang Pariaman","nmprov":"Sumatera Barat","kdkec":"050","kdkab":"06","kodekab":"1306","idkec":"1306050","index":47},"geometry":{"type":"Polygon","coordinates":[[[100.272252,-0.55182],[100.276476,-0.555229],[100.281365,-0.552913],[100.282935,-0.554096],[100.283491,-0.555801],[100.28191,-0.559745],[100.301811,-0.573199],[100.308875,-0.580726],[100.316228,-0.591987],[100.320521,-0.594508],[100.32336,-0.601846],[100.321546,-0.606257],[100.321678,-0.610554],[100.318871,-0.614078],[100.310522,-0.616759],[100.287571,-0.61078],[100.283792,-0.611527],[100.277302,-0.615047],[100.272261,-0.620562],[100.268807,-0.628064],[100.265668,-0.625859],[100.263363,-0.621539],[100.267011,-0.615429],[100.263962,-0.611606],[100.265567,-0.608422],[100.264788,-0.60622],[100.261158,-0.602041],[100.246642,-0.598856],[100.248072,-0.594116],[100.243997,-0.593197],[100.243903,-0.589667],[100.246573,-0.581752],[100.246358,-0.577283],[100.245537,-0.576473],[100.249753,-0.573053],[100.256874,-0.569235],[100.259855,-0.571108],[100.263122,-0.569658],[100.264255,-0.559921],[100.265584,-0.557129],[100.272252,-0.55182]]]}},{"type":"Feature","properties":{"nmkec":"Enam Lingkung","nmkab":"Padang Pariaman","nmprov":"Sumatera Barat","kdkec":"051","kdkab":"06","kodekab":"1306","idkec":"1306051","index":48},"geometry":{"type":"Polygon","coordinates":[[[100.245133,-0.598577],[100.261837,-0.602433],[100.264788,-0.60622],[100.265567,-0.608422],[100.263962,-0.611606],[100.267011,-0.615429],[100.263363,-0.621539],[100.265668,-0.625859],[100.268807,-0.628064],[100.272261,-0.620562],[100.277302,-0.615047],[100.283792,-0.611527],[100.287571,-0.61078],[100.310522,-0.616759],[100.318871,-0.614078],[100.321678,-0.610554],[100.322187,-0.612898],[100.316412,-0.621496],[100.316687,-0.626203],[100.309433,-0.634412],[100.305118,-0.641543],[100.302144,-0.644587],[100.298437,-0.646283],[100.294853,-0.644252],[100.292143,-0.644808],[100.289689,-0.647363],[100.28707,-0.647553],[100.280624,-0.651537],[100.276326,-0.651868],[100.250668,-0.648771],[100.248548,-0.644766],[100.246268,-0.64892],[100.238235,-0.649583],[100.233986,-0.651953],[100.226118,-0.646687],[100.224558,-0.647539],[100.218858,-0.644945],[100.217323,-0.64214],[100.217481,-0.627637],[100.218455,-0.623912],[100.220252,-0.622124],[100.222018,-0.622706],[100.222984,-0.629793],[100.227808,-0.631281],[100.229515,-0.63066],[100.230075,-0.626838],[100.227765,-0.625483],[100.227806,-0.622873],[100.240279,-0.616521],[100.239108,-0.613582],[100.237129,-0.611843],[100.236257,-0.608207],[100.237949,-0.606461],[100.240865,-0.607433],[100.242586,-0.605958],[100.245133,-0.598577]]]}},{"type":"Feature","properties":{"nmkec":"Vii Koto Sungai Sariak","nmkab":"Padang Pariaman","nmprov":"Sumatera Barat","kdkec":"060","kdkab":"06","kodekab":"1306","idkec":"1306060","index":49},"geometry":{"type":"Polygon","coordinates":[[[100.171064,-0.540765],[100.178384,-0.549209],[100.184701,-0.551884],[100.197539,-0.554436],[100.205124,-0.551827],[100.210172,-0.551266],[100.214476,-0.552175],[100.216045,-0.554107],[100.217426,-0.558557],[100.216513,-0.560559],[100.213727,-0.56243],[100.216215,-0.56609],[100.232797,-0.566931],[100.23629,-0.573631],[100.246335,-0.57724],[100.246573,-0.581752],[100.24388,-0.590393],[100.243997,-0.593197],[100.248072,-0.594116],[100.246642,-0.598856],[100.244507,-0.599248],[100.242586,-0.605958],[100.240865,-0.607433],[100.237949,-0.606461],[100.236257,-0.608207],[100.237129,-0.611843],[100.239108,-0.613582],[100.240279,-0.616521],[100.227806,-0.622873],[100.227765,-0.625483],[100.230075,-0.626838],[100.229515,-0.63066],[100.227808,-0.631281],[100.222984,-0.629793],[100.222018,-0.622706],[100.220378,-0.622129],[100.217708,-0.625266],[100.212108,-0.624042],[100.20788,-0.628028],[100.202163,-0.628952],[100.193378,-0.627953],[100.183872,-0.622208],[100.185119,-0.621535],[100.183511,-0.619862],[100.181684,-0.620912],[100.17989,-0.619114],[100.181414,-0.616577],[100.181707,-0.613639],[100.180477,-0.609507],[100.17435,-0.60428],[100.171668,-0.603315],[100.163931,-0.593903],[100.142013,-0.5852],[100.141928,-0.583708],[100.143763,-0.583047],[100.147958,-0.578607],[100.148444,-0.576272],[100.147515,-0.575111],[100.150359,-0.570875],[100.152468,-0.569437],[100.152996,-0.559648],[100.157035,-0.554386],[100.158217,-0.550522],[100.158767,-0.540922],[100.163882,-0.539405],[100.171064,-0.540765]]]}},{"type":"Feature","properties":{"nmkec":"Patamuan","nmkab":"Padang Pariaman","nmprov":"Sumatera Barat","kdkec":"061","kdkab":"06","kodekab":"1306","idkec":"1306061","index":50},"geometry":{"type":"Polygon","coordinates":[[[100.320915,-0.4278],[100.320894,-0.431285],[100.31488,-0.44886],[100.314165,-0.455199],[100.31431,-0.46269],[100.317011,-0.474976],[100.315875,-0.479031],[100.316249,-0.483808],[100.318872,-0.488773],[100.31831,-0.495331],[100.312221,-0.50334],[100.310957,-0.503668],[100.30557,-0.499499],[100.299762,-0.498282],[100.294563,-0.501186],[100.283278,-0.50517],[100.283207,-0.508549],[100.284849,-0.51053],[100.289028,-0.511539],[100.289535,-0.515503],[100.284648,-0.524973],[100.282621,-0.531426],[100.282309,-0.538053],[100.279988,-0.54378],[100.273796,-0.550645],[100.265584,-0.557129],[100.264255,-0.559921],[100.263122,-0.569658],[100.259855,-0.571108],[100.256874,-0.569235],[100.249753,-0.573053],[100.245349,-0.576772],[100.237955,-0.574839],[100.23629,-0.573631],[100.232797,-0.566931],[100.235255,-0.566015],[100.233241,-0.560868],[100.233241,-0.551219],[100.235091,-0.546278],[100.240814,-0.544251],[100.242503,-0.544589],[100.246209,-0.54092],[100.246347,-0.538444],[100.24244,-0.529373],[100.245121,-0.519579],[100.243044,-0.51591],[100.235934,-0.514516],[100.231086,-0.521858],[100.225612,-0.524715],[100.2263,-0.519889],[100.217361,-0.515731],[100.215397,-0.518945],[100.213384,-0.51669],[100.213715,-0.513468],[100.212415,-0.505821],[100.215038,-0.501606],[100.223633,-0.499955],[100.22957,-0.490868],[100.229452,-0.487659],[100.235369,-0.484883],[100.239083,-0.481267],[100.24365,-0.47413],[100.245534,-0.469212],[100.249592,-0.471466],[100.252279,-0.474625],[100.256444,-0.47542],[100.26064,-0.480085],[100.268262,-0.476999],[100.272876,-0.47322],[100.275408,-0.465413],[100.284488,-0.461425],[100.286372,-0.459531],[100.306435,-0.432056],[100.312298,-0.429113],[100.315065,-0.429169],[100.318699,-0.425635],[100.320915,-0.4278]]]}},{"type":"Feature","properties":{"nmkec":"Padang Sago","nmkab":"Padang Pariaman","nmprov":"Sumatera Barat","kdkec":"062","kdkab":"06","kodekab":"1306","idkec":"1306062","index":51},"geometry":{"type":"Polygon","coordinates":[[[100.235934,-0.514516],[100.243044,-0.51591],[100.245121,-0.519579],[100.24244,-0.529373],[100.246347,-0.538444],[100.246209,-0.54092],[100.242503,-0.544589],[100.240814,-0.544251],[100.235091,-0.546278],[100.233241,-0.551219],[100.233241,-0.560868],[100.235255,-0.566015],[100.232797,-0.566931],[100.216215,-0.56609],[100.213727,-0.56243],[100.216513,-0.560559],[100.217426,-0.558557],[100.216045,-0.554107],[100.214476,-0.552175],[100.210172,-0.551266],[100.205124,-0.551827],[100.197539,-0.554436],[100.185913,-0.552283],[100.178384,-0.549209],[100.171064,-0.540765],[100.168255,-0.534826],[100.167786,-0.530891],[100.169707,-0.526442],[100.177535,-0.517291],[100.194601,-0.518784],[100.205936,-0.516617],[100.210203,-0.514934],[100.212557,-0.515906],[100.215397,-0.518945],[100.217361,-0.515731],[100.2263,-0.519889],[100.225612,-0.524715],[100.231086,-0.521858],[100.235934,-0.514516]]]}},{"type":"Feature","properties":{"nmkec":"V Koto Kp Dalam","nmkab":"Padang Pariaman","nmprov":"Sumatera Barat","kdkec":"070","kdkab":"06","kodekab":"1306","idkec":"1306070","index":52},"geometry":{"type":"Polygon","coordinates":[[[100.177065,-0.410188],[100.189449,-0.415353],[100.185049,-0.431298],[100.184466,-0.438248],[100.187388,-0.442844],[100.189211,-0.449727],[100.192188,-0.4543],[100.20042,-0.461498],[100.202313,-0.465735],[100.202226,-0.469325],[100.195871,-0.476461],[100.192314,-0.488135],[100.189794,-0.490291],[100.182677,-0.491184],[100.179359,-0.487985],[100.172619,-0.485182],[100.169308,-0.491199],[100.167485,-0.492343],[100.162995,-0.491405],[100.158469,-0.491826],[100.152463,-0.496111],[100.148563,-0.500926],[100.147396,-0.503802],[100.145265,-0.505976],[100.142151,-0.507065],[100.137073,-0.514073],[100.13205,-0.5174],[100.136879,-0.523883],[100.144079,-0.528189],[100.14554,-0.531888],[100.145175,-0.537054],[100.146873,-0.539636],[100.145717,-0.544252],[100.139699,-0.544234],[100.134138,-0.542634],[100.133105,-0.55057],[100.127719,-0.549115],[100.121892,-0.550524],[100.111194,-0.559679],[100.105483,-0.56148],[100.101732,-0.565517],[100.095623,-0.564708],[100.089362,-0.566438],[100.08911,-0.564764],[100.092606,-0.560221],[100.093091,-0.558209],[100.103795,-0.550974],[100.103824,-0.542986],[100.105015,-0.54094],[100.108326,-0.539679],[100.110263,-0.537591],[100.106464,-0.530704],[100.106267,-0.526947],[100.109012,-0.521561],[100.11541,-0.515317],[100.122151,-0.501228],[100.132644,-0.48559],[100.134083,-0.481259],[100.136644,-0.481228],[100.1363,-0.479002],[100.13248,-0.472492],[100.14069,-0.465138],[100.141191,-0.45455],[100.140265,-0.447465],[100.145499,-0.435714],[100.149699,-0.430412],[100.154837,-0.427159],[100.164909,-0.418211],[100.174191,-0.407587],[100.177065,-0.410188]]]}},{"type":"Feature","properties":{"nmkec":"V Koto Timur","nmkab":"Padang Pariaman","nmprov":"Sumatera Barat","kdkec":"071","kdkab":"06","kodekab":"1306","idkec":"1306071","index":53},"geometry":{"type":"Polygon","coordinates":[[[100.214392,-0.413803],[100.216885,-0.42007],[100.217199,-0.428009],[100.21304,-0.431446],[100.212679,-0.434482],[100.218538,-0.442126],[100.219197,-0.44962],[100.222201,-0.452231],[100.237769,-0.452242],[100.24385,-0.459249],[100.245534,-0.469212],[100.24365,-0.47413],[100.239083,-0.481267],[100.235369,-0.484883],[100.229452,-0.487659],[100.22957,-0.490868],[100.223633,-0.499955],[100.21471,-0.501875],[100.212415,-0.505821],[100.213715,-0.513468],[100.213384,-0.51669],[100.210203,-0.514934],[100.205936,-0.516617],[100.194601,-0.518784],[100.180983,-0.517062],[100.177119,-0.517507],[100.170456,-0.525365],[100.167786,-0.530891],[100.168255,-0.534826],[100.171064,-0.540765],[100.163882,-0.539405],[100.158767,-0.540922],[100.158217,-0.550522],[100.157035,-0.554386],[100.152996,-0.559648],[100.152468,-0.569437],[100.150359,-0.570875],[100.147515,-0.575111],[100.140799,-0.570152],[100.138429,-0.569872],[100.136887,-0.571268],[100.135073,-0.571122],[100.13122,-0.563334],[100.132863,-0.562434],[100.133933,-0.563331],[100.135953,-0.560647],[100.132109,-0.554437],[100.133645,-0.552318],[100.133081,-0.547506],[100.134138,-0.542634],[100.139699,-0.544234],[100.145597,-0.544319],[100.146873,-0.539636],[100.145175,-0.537054],[100.14554,-0.531888],[100.144079,-0.528189],[100.136879,-0.523883],[100.13205,-0.5174],[100.137073,-0.514073],[100.142151,-0.507065],[100.145265,-0.505976],[100.147396,-0.503802],[100.150573,-0.498061],[100.157916,-0.492091],[100.162995,-0.491405],[100.167485,-0.492343],[100.169308,-0.491199],[100.172619,-0.485182],[100.179359,-0.487985],[100.182677,-0.491184],[100.189794,-0.490291],[100.192314,-0.488135],[100.195871,-0.476461],[100.202226,-0.469325],[100.202313,-0.465735],[100.20042,-0.461498],[100.192188,-0.4543],[100.189211,-0.449727],[100.187388,-0.442844],[100.184466,-0.438248],[100.184516,-0.433786],[100.188555,-0.417411],[100.189449,-0.415353],[100.197159,-0.417148],[100.214392,-0.413803]]]}},{"type":"Feature","properties":{"nmkec":"Sungai Limau","nmkab":"Padang Pariaman","nmprov":"Sumatera Barat","kdkec":"080","kdkab":"06","kodekab":"1306","idkec":"1306080","index":54},"geometry":{"type":"Polygon","coordinates":[[[100.051757,-0.438658],[100.053196,-0.445368],[100.044273,-0.459694],[100.045211,-0.465541],[100.040591,-0.47628],[100.042811,-0.480432],[100.047107,-0.481139],[100.051016,-0.48379],[100.062322,-0.487574],[100.065429,-0.480748],[100.067553,-0.469986],[100.071033,-0.467384],[100.074929,-0.466396],[100.078637,-0.468047],[100.081382,-0.470667],[100.079644,-0.473069],[100.081095,-0.47981],[100.087555,-0.489372],[100.090355,-0.490527],[100.097133,-0.491723],[100.099534,-0.491167],[100.103813,-0.486193],[100.114569,-0.479164],[100.129115,-0.483142],[100.134083,-0.481259],[100.132644,-0.48559],[100.122151,-0.501228],[100.11541,-0.515317],[100.109012,-0.521561],[100.106267,-0.526947],[100.106464,-0.530704],[100.110263,-0.537591],[100.108326,-0.539679],[100.105015,-0.54094],[100.103824,-0.542986],[100.103795,-0.550974],[100.093091,-0.558209],[100.092606,-0.560221],[100.08911,-0.564764],[100.084854,-0.55579],[100.077343,-0.545089],[100.062237,-0.530331],[100.053502,-0.518948],[100.0355,-0.500192],[100.003204,-0.471553],[100.013997,-0.457346],[100.025205,-0.44829],[100.029967,-0.447816],[100.038847,-0.451012],[100.043081,-0.443732],[100.050323,-0.440342],[100.051757,-0.438658]]]}},{"type":"Feature","properties":{"nmkec":"Batang Gasan","nmkab":"Padang Pariaman","nmprov":"Sumatera Barat","kdkec":"081","kdkab":"06","kodekab":"1306","idkec":"1306081","index":55},"geometry":{"type":"Polygon","coordinates":[[[100.053617,-0.400846],[100.059956,-0.412892],[100.061808,-0.418687],[100.068778,-0.420775],[100.070643,-0.425977],[100.068711,-0.429538],[100.066598,-0.431333],[100.058721,-0.434407],[100.047175,-0.442122],[100.04443,-0.442719],[100.038847,-0.451012],[100.029967,-0.447816],[100.025205,-0.44829],[100.013997,-0.457346],[100.003204,-0.471553],[99.98328,-0.456833],[99.972169,-0.444281],[99.960046,-0.432526],[99.964813,-0.429278],[99.965841,-0.424715],[99.969215,-0.420424],[99.974951,-0.421141],[99.976297,-0.419978],[99.979403,-0.414414],[99.980377,-0.408707],[99.97969,-0.403591],[99.980979,-0.402231],[99.982079,-0.404678],[99.988798,-0.40826],[99.992896,-0.409329],[100.002058,-0.416532],[100.006013,-0.417902],[100.012387,-0.427109],[100.015577,-0.42557],[100.017992,-0.416626],[100.019463,-0.415417],[100.033012,-0.411779],[100.035953,-0.40497],[100.039735,-0.405059],[100.047291,-0.402872],[100.050485,-0.400426],[100.053617,-0.400846]]]}},{"type":"Feature","properties":{"nmkec":"Sungai Geringging","nmkab":"Padang Pariaman","nmprov":"Sumatera Barat","kdkec":"090","kdkab":"06","kodekab":"1306","idkec":"1306090","index":56},"geometry":{"type":"Polygon","coordinates":[[[100.169172,-0.402251],[100.174191,-0.407587],[100.164909,-0.418211],[100.147788,-0.432507],[100.141003,-0.445633],[100.14019,-0.447984],[100.141191,-0.45455],[100.14069,-0.465138],[100.13248,-0.472492],[100.1363,-0.479002],[100.136644,-0.481228],[100.132868,-0.481339],[100.129115,-0.483142],[100.114569,-0.479164],[100.103813,-0.486193],[100.099534,-0.491167],[100.097133,-0.491723],[100.090355,-0.490527],[100.087555,-0.489372],[100.081095,-0.47981],[100.079644,-0.473069],[100.081382,-0.470667],[100.078637,-0.468047],[100.074929,-0.466396],[100.071033,-0.467384],[100.067553,-0.469986],[100.065429,-0.480748],[100.062322,-0.487574],[100.055268,-0.485573],[100.041523,-0.479175],[100.040741,-0.475029],[100.044124,-0.469293],[100.045211,-0.465541],[100.044589,-0.458497],[100.053196,-0.445368],[100.053458,-0.443079],[100.051757,-0.438658],[100.062342,-0.432476],[100.067416,-0.430891],[100.070622,-0.426245],[100.068778,-0.420775],[100.061808,-0.418687],[100.059956,-0.412892],[100.053617,-0.400846],[100.054504,-0.400137],[100.059788,-0.402029],[100.063296,-0.402136],[100.06662,-0.400385],[100.071699,-0.401776],[100.076524,-0.401696],[100.080282,-0.398594],[100.088685,-0.397955],[100.095727,-0.403065],[100.105857,-0.400906],[100.111202,-0.402557],[100.116179,-0.400125],[100.118894,-0.400908],[100.12389,-0.399357],[100.1274,-0.396958],[100.128278,-0.394154],[100.130867,-0.392595],[100.157102,-0.382978],[100.157428,-0.390533],[100.159054,-0.393934],[100.169172,-0.402251]]]}},{"type":"Feature","properties":{"nmkec":"Lubuk Basung","nmkab":"Agam","nmprov":"Sumatera Barat","kdkec":"020","kdkab":"07","kodekab":"1307","idkec":"1307020","index":57},"geometry":{"type":"Polygon","coordinates":[[[99.948476,-0.209161],[99.949671,-0.218301],[99.969509,-0.230378],[99.975759,-0.238936],[99.978337,-0.239896],[99.98426,-0.244949],[99.976467,-0.241548],[99.979351,-0.249968],[99.99083,-0.253403],[99.995255,-0.256084],[99.99671,-0.258075],[100.002546,-0.256398],[100.004144,-0.257527],[100.005052,-0.259859],[100.015097,-0.261774],[100.025548,-0.265333],[100.030232,-0.27003],[100.037244,-0.272769],[100.034855,-0.267435],[100.036997,-0.266384],[100.041976,-0.267839],[100.051041,-0.264598],[100.064304,-0.263321],[100.071078,-0.261306],[100.077335,-0.264347],[100.081719,-0.265034],[100.098009,-0.260514],[100.105052,-0.250898],[100.112622,-0.25215],[100.119639,-0.254551],[100.12957,-0.254841],[100.129318,-0.257925],[100.131191,-0.263292],[100.13665,-0.266089],[100.141723,-0.281308],[100.137587,-0.288421],[100.132496,-0.293016],[100.127243,-0.3022],[100.122846,-0.304194],[100.110449,-0.313556],[100.110488,-0.317986],[100.10805,-0.322327],[100.10589,-0.324248],[100.095515,-0.328312],[100.09617,-0.32455],[100.10138,-0.321978],[100.087195,-0.322692],[100.080515,-0.321739],[100.073367,-0.32407],[100.07145,-0.325638],[100.071481,-0.328655],[100.066965,-0.331536],[100.065283,-0.330887],[100.064207,-0.331791],[100.063608,-0.333235],[100.064675,-0.336316],[100.060002,-0.342527],[100.055481,-0.346096],[100.053994,-0.350778],[100.049057,-0.354016],[100.038738,-0.353673],[100.037572,-0.355319],[100.03631,-0.363444],[100.029708,-0.363613],[100.022133,-0.361839],[100.019457,-0.364128],[100.016504,-0.364071],[100.005885,-0.358962],[99.987044,-0.359009],[99.986592,-0.365942],[99.984798,-0.371642],[99.994007,-0.381089],[99.990861,-0.380602],[99.986946,-0.383087],[99.98199,-0.388764],[99.975149,-0.383602],[99.966015,-0.383056],[99.957973,-0.377802],[99.959598,-0.370008],[99.958341,-0.36696],[99.948752,-0.35886],[99.946334,-0.351909],[99.938408,-0.351085],[99.9275,-0.344927],[99.920889,-0.349889],[99.917286,-0.348879],[99.911815,-0.339341],[99.911005,-0.329349],[99.906844,-0.328979],[99.900929,-0.326924],[99.901558,-0.313381],[99.892223,-0.313815],[99.887668,-0.311103],[99.887968,-0.30487],[99.889113,-0.300876],[99.891408,-0.297934],[99.891102,-0.271637],[99.893517,-0.263597],[99.897983,-0.257042],[99.904661,-0.252247],[99.907654,-0.242644],[99.917551,-0.234051],[99.916316,-0.233354],[99.915884,-0.229754],[99.916794,-0.224824],[99.925533,-0.224374],[99.930449,-0.226668],[99.933446,-0.219024],[99.938449,-0.215771],[99.941529,-0.211231],[99.942373,-0.207143],[99.94372,-0.205603],[99.945294,-0.205828],[99.948476,-0.209161]]]}},{"type":"Feature","properties":{"nmkec":"Tanjung Raya","nmkab":"Agam","nmprov":"Sumatera Barat","kdkec":"030","kdkab":"07","kodekab":"1307","idkec":"1307030","index":58},"geometry":{"type":"Polygon","coordinates":[[[100.180512,-0.218701],[100.190212,-0.218196],[100.196846,-0.219627],[100.194197,-0.223752],[100.191433,-0.223966],[100.191089,-0.227251],[100.200019,-0.232481],[100.208153,-0.230693],[100.213063,-0.240499],[100.220677,-0.245694],[100.225707,-0.251551],[100.224881,-0.254074],[100.226081,-0.256064],[100.239369,-0.266897],[100.239277,-0.28904],[100.235346,-0.294399],[100.233529,-0.299571],[100.234689,-0.311346],[100.245522,-0.328467],[100.250087,-0.333942],[100.263991,-0.343654],[100.262774,-0.349912],[100.263831,-0.351938],[100.257854,-0.35415],[100.252856,-0.360127],[100.243499,-0.376547],[100.240214,-0.387013],[100.230953,-0.399075],[100.217677,-0.412691],[100.197159,-0.417148],[100.188924,-0.41519],[100.176126,-0.409634],[100.165988,-0.399175],[100.158691,-0.39332],[100.157428,-0.390533],[100.15671,-0.373569],[100.159036,-0.362624],[100.157903,-0.358584],[100.155844,-0.356886],[100.153801,-0.35262],[100.151936,-0.344842],[100.153047,-0.342777],[100.155355,-0.341239],[100.155034,-0.335195],[100.145275,-0.329557],[100.139692,-0.328964],[100.132808,-0.331262],[100.129466,-0.333915],[100.121739,-0.337116],[100.118364,-0.337498],[100.110728,-0.336459],[100.100379,-0.332756],[100.098305,-0.331907],[100.095488,-0.328318],[100.10571,-0.324333],[100.10805,-0.322327],[100.110488,-0.317986],[100.110449,-0.313556],[100.122846,-0.304194],[100.127243,-0.3022],[100.132496,-0.293016],[100.137587,-0.288421],[100.141723,-0.281308],[100.13665,-0.266089],[100.131559,-0.263983],[100.129285,-0.257222],[100.131217,-0.250988],[100.13104,-0.24252],[100.1327,-0.237725],[100.144013,-0.222162],[100.147207,-0.221435],[100.150371,-0.222015],[100.156717,-0.225041],[100.157607,-0.220953],[100.161395,-0.216724],[100.164292,-0.216211],[100.165793,-0.217609],[100.170618,-0.218751],[100.173956,-0.215493],[100.180512,-0.218701]],[[100.194286,-0.252026],[100.194879,-0.252855],[100.193663,-0.254695],[100.188322,-0.252604],[100.184505,-0.254172],[100.180282,-0.258478],[100.175461,-0.259043],[100.164927,-0.266197],[100.159195,-0.275484],[100.156946,-0.281577],[100.154228,-0.285943],[100.150998,-0.288485],[100.149145,-0.292234],[100.149937,-0.292808],[100.153202,-0.291114],[100.155246,-0.291083],[100.162697,-0.297326],[100.164729,-0.30602],[100.165061,-0.310088],[100.163756,-0.314756],[100.165894,-0.325687],[100.163764,-0.341946],[100.167438,-0.352996],[100.171964,-0.355507],[100.173531,-0.355155],[100.175746,-0.352155],[100.17938,-0.351728],[100.185738,-0.353812],[100.183939,-0.355639],[100.172962,-0.358429],[100.169642,-0.356544],[100.16847,-0.356859],[100.169059,-0.362845],[100.164467,-0.374321],[100.16475,-0.383818],[100.166818,-0.389599],[100.171039,-0.395054],[100.180596,-0.399816],[100.201053,-0.40048],[100.207485,-0.403203],[100.214,-0.400352],[100.218432,-0.394371],[100.219135,-0.390944],[100.219825,-0.378956],[100.219007,-0.370384],[100.219925,-0.367948],[100.214496,-0.364063],[100.213673,-0.359395],[100.219984,-0.353765],[100.221913,-0.350826],[100.222032,-0.347995],[100.219217,-0.341868],[100.219284,-0.338189],[100.219658,-0.33562],[100.223561,-0.329025],[100.225835,-0.303451],[100.224325,-0.299823],[100.225219,-0.294679],[100.226952,-0.292785],[100.227052,-0.291191],[100.224153,-0.284398],[100.214398,-0.270747],[100.213744,-0.267122],[100.20251,-0.255019],[100.19686,-0.253833],[100.195252,-0.251501],[100.194286,-0.252026]]]}},{"type":"Feature","properties":{"nmkec":"Iv Koto","nmkab":"Agam","nmprov":"Sumatera Barat","kdkec":"050","kdkab":"07","kodekab":"1307","idkec":"1307050","index":59},"geometry":{"type":"Polygon","coordinates":[[[100.33319,-0.278743],[100.335286,-0.282994],[100.341652,-0.291344],[100.343049,-0.296237],[100.352985,-0.301814],[100.364705,-0.311088],[100.366204,-0.316722],[100.37117,-0.322088],[100.369239,-0.329396],[100.367162,-0.332837],[100.35576,-0.341639],[100.34911,-0.34973],[100.346945,-0.354218],[100.347553,-0.356189],[100.346954,-0.358999],[100.343419,-0.367029],[100.337623,-0.376432],[100.334441,-0.388116],[100.331326,-0.389934],[100.315053,-0.376067],[100.308908,-0.373022],[100.296897,-0.372812],[100.290297,-0.369955],[100.28665,-0.367513],[100.280038,-0.359343],[100.274307,-0.358383],[100.264738,-0.354264],[100.262774,-0.349912],[100.263991,-0.343654],[100.270534,-0.338325],[100.272535,-0.329951],[100.269713,-0.322911],[100.271148,-0.319595],[100.272314,-0.319561],[100.274687,-0.321627],[100.279552,-0.32166],[100.283081,-0.320912],[100.2883,-0.317544],[100.291542,-0.312001],[100.295975,-0.308081],[100.296918,-0.305122],[100.299448,-0.304472],[100.30135,-0.305391],[100.303659,-0.303975],[100.306077,-0.30106],[100.30645,-0.299244],[100.314332,-0.29186],[100.315941,-0.28782],[100.315316,-0.286389],[100.316403,-0.281962],[100.328466,-0.274217],[100.33319,-0.278743]]]}},{"type":"Feature","properties":{"nmkec":"Malalak","nmkab":"Agam","nmprov":"Sumatera Barat","kdkec":"051","kdkab":"07","kodekab":"1307","idkec":"1307051","index":60},"geometry":{"type":"Polygon","coordinates":[[[100.274307,-0.358383],[100.280038,-0.359343],[100.28665,-0.367513],[100.290297,-0.369955],[100.296897,-0.372812],[100.308908,-0.373022],[100.318472,-0.378324],[100.331326,-0.389934],[100.3304,-0.395795],[100.329632,-0.395765],[100.329828,-0.400377],[100.331682,-0.404399],[100.331285,-0.40591],[100.323284,-0.414251],[100.319967,-0.420434],[100.318699,-0.425635],[100.317138,-0.427401],[100.315065,-0.429169],[100.312298,-0.429113],[100.306435,-0.432056],[100.286372,-0.459531],[100.284488,-0.461425],[100.275408,-0.465413],[100.272876,-0.47322],[100.268262,-0.476999],[100.26064,-0.480085],[100.256444,-0.47542],[100.252279,-0.474625],[100.249592,-0.471466],[100.245534,-0.469212],[100.24385,-0.459249],[100.237769,-0.452242],[100.222201,-0.452231],[100.219621,-0.450257],[100.218538,-0.442126],[100.212679,-0.434482],[100.21304,-0.431446],[100.217199,-0.428009],[100.216885,-0.42007],[100.214392,-0.413803],[100.217677,-0.412691],[100.22183,-0.408925],[100.23832,-0.390365],[100.243499,-0.376547],[100.251412,-0.362308],[100.257854,-0.35415],[100.263831,-0.351938],[100.264738,-0.354264],[100.274307,-0.358383]]]}},{"type":"Feature","properties":{"nmkec":"Banuhampu","nmkab":"Agam","nmprov":"Sumatera Barat","kdkec":"061","kdkab":"07","kodekab":"1307","idkec":"1307061","index":61},"geometry":{"type":"Polygon","coordinates":[[[100.408237,-0.323721],[100.412309,-0.337985],[100.412379,-0.341018],[100.401859,-0.34571],[100.398469,-0.348404],[100.387468,-0.363131],[100.378452,-0.371753],[100.366755,-0.380674],[100.349734,-0.381786],[100.338222,-0.385729],[100.334441,-0.388116],[100.337623,-0.376432],[100.343419,-0.367029],[100.346954,-0.358999],[100.347553,-0.356189],[100.346945,-0.354218],[100.34911,-0.34973],[100.35576,-0.341639],[100.367162,-0.332837],[100.369239,-0.329396],[100.37117,-0.322088],[100.375226,-0.321502],[100.379445,-0.32215],[100.385842,-0.324898],[100.390617,-0.32525],[100.393673,-0.321766],[100.397134,-0.321079],[100.401274,-0.321611],[100.406106,-0.319453],[100.408237,-0.323721]]]}},{"type":"Feature","properties":{"nmkec":"Sungai Pua","nmkab":"Agam","nmprov":"Sumatera Barat","kdkec":"062","kdkab":"07","kodekab":"1307","idkec":"1307062","index":62},"geometry":{"type":"Polygon","coordinates":[[[100.415137,-0.340532],[100.421946,-0.35371],[100.438047,-0.373059],[100.467678,-0.389044],[100.454072,-0.389156],[100.441438,-0.387075],[100.424476,-0.38724],[100.415496,-0.390662],[100.409477,-0.390652],[100.404006,-0.389513],[100.398997,-0.385696],[100.39638,-0.385075],[100.381796,-0.386527],[100.3723,-0.389854],[100.35893,-0.389477],[100.349192,-0.390898],[100.339384,-0.391096],[100.335555,-0.392236],[100.333915,-0.394672],[100.3304,-0.395795],[100.331326,-0.389934],[100.338222,-0.385729],[100.349734,-0.381786],[100.366755,-0.380674],[100.384682,-0.366062],[100.398469,-0.348404],[100.401859,-0.34571],[100.40973,-0.341906],[100.415137,-0.340532]]]}},{"type":"Feature","properties":{"nmkec":"Canduang","nmkab":"Agam","nmprov":"Sumatera Barat","kdkec":"071","kdkab":"07","kodekab":"1307","idkec":"1307071","index":63},"geometry":{"type":"Polygon","coordinates":[[[100.46087,-0.28507],[100.469442,-0.293733],[100.484805,-0.314068],[100.486926,-0.31948],[100.487901,-0.33062],[100.48458,-0.342261],[100.484292,-0.353432],[100.479204,-0.367542],[100.479617,-0.373514],[100.476398,-0.378973],[100.47186,-0.379945],[100.471196,-0.387333],[100.467678,-0.389044],[100.438047,-0.373059],[100.421946,-0.35371],[100.415137,-0.340532],[100.412379,-0.341018],[100.412309,-0.337985],[100.408237,-0.323721],[100.414985,-0.323828],[100.424789,-0.320323],[100.424957,-0.31918],[100.435496,-0.316458],[100.441192,-0.311011],[100.441862,-0.304484],[100.445192,-0.297393],[100.453062,-0.293979],[100.459448,-0.28502],[100.46087,-0.28507]]]}},{"type":"Feature","properties":{"nmkec":"Baso","nmkab":"Agam","nmprov":"Sumatera Barat","kdkec":"080","kdkab":"07","kodekab":"1307","idkec":"1307080","index":64},"geometry":{"type":"Polygon","coordinates":[[[100.460059,-0.223043],[100.464913,-0.2262],[100.471897,-0.227998],[100.473068,-0.227482],[100.472323,-0.225623],[100.47383,-0.224232],[100.476898,-0.223206],[100.481629,-0.223706],[100.48468,-0.225648],[100.489106,-0.231222],[100.503707,-0.237669],[100.506777,-0.241394],[100.512032,-0.245413],[100.51839,-0.249126],[100.528244,-0.248639],[100.532477,-0.252367],[100.541667,-0.25713],[100.544144,-0.26135],[100.543207,-0.264825],[100.544786,-0.273683],[100.545031,-0.284691],[100.536122,-0.278687],[100.533038,-0.278435],[100.529831,-0.281858],[100.526961,-0.28888],[100.521391,-0.293097],[100.511183,-0.295391],[100.506193,-0.312342],[100.503821,-0.324254],[100.492773,-0.343257],[100.48709,-0.347679],[100.484292,-0.353432],[100.48458,-0.342261],[100.487901,-0.33062],[100.486926,-0.31948],[100.484805,-0.314068],[100.467456,-0.291415],[100.461125,-0.285255],[100.459448,-0.28502],[100.453608,-0.275488],[100.444861,-0.26522],[100.432161,-0.263151],[100.428584,-0.261263],[100.43132,-0.257695],[100.441549,-0.254103],[100.445272,-0.251462],[100.442236,-0.244564],[100.442096,-0.24137],[100.450649,-0.239428],[100.458335,-0.23644],[100.460697,-0.230466],[100.459139,-0.224144],[100.460059,-0.223043]]]}},{"type":"Feature","properties":{"nmkec":"Tilatang Kamang","nmkab":"Agam","nmprov":"Sumatera Barat","kdkec":"090","kdkab":"07","kodekab":"1307","idkec":"1307090","index":65},"geometry":{"type":"Polygon","coordinates":[[[100.373883,-0.214001],[100.397161,-0.21878],[100.408954,-0.21996],[100.408865,-0.227684],[100.41618,-0.239004],[100.422397,-0.243023],[100.424967,-0.249692],[100.434222,-0.253183],[100.436689,-0.255499],[100.43132,-0.257695],[100.428771,-0.260465],[100.428584,-0.261263],[100.432161,-0.263151],[100.426051,-0.263669],[100.423165,-0.265649],[100.419174,-0.270729],[100.416582,-0.277316],[100.414377,-0.277858],[100.407304,-0.27707],[100.391193,-0.286628],[100.387935,-0.283789],[100.384916,-0.283384],[100.374055,-0.285675],[100.369101,-0.28207],[100.357385,-0.284568],[100.349941,-0.278113],[100.336207,-0.27148],[100.332898,-0.266251],[100.339705,-0.261675],[100.345422,-0.253978],[100.346882,-0.25375],[100.348978,-0.255587],[100.355438,-0.251347],[100.361957,-0.239823],[100.362814,-0.23658],[100.361847,-0.22826],[100.363659,-0.222755],[100.365315,-0.223557],[100.369062,-0.218694],[100.369902,-0.216023],[100.373883,-0.214001]]]}},{"type":"Feature","properties":{"nmkec":"Kamang Magek","nmkab":"Agam","nmprov":"Sumatera Barat","kdkec":"091","kdkab":"07","kodekab":"1307","idkec":"1307091","index":66},"geometry":{"type":"Polygon","coordinates":[[[100.377722,-0.139319],[100.379645,-0.148688],[100.382772,-0.149659],[100.392442,-0.155752],[100.3971,-0.160013],[100.401866,-0.161573],[100.404643,-0.160913],[100.406732,-0.164214],[100.410079,-0.174428],[100.413297,-0.177175],[100.427835,-0.182284],[100.43433,-0.182319],[100.437334,-0.184606],[100.440979,-0.1908],[100.44248,-0.191561],[100.446489,-0.203838],[100.456558,-0.21417],[100.456239,-0.219134],[100.459402,-0.223549],[100.460273,-0.227409],[100.460697,-0.230466],[100.459594,-0.234505],[100.458048,-0.236642],[100.442096,-0.24137],[100.442236,-0.244564],[100.445272,-0.251462],[100.441549,-0.254103],[100.436638,-0.2552],[100.434222,-0.253183],[100.424616,-0.24938],[100.423907,-0.245498],[100.422397,-0.243023],[100.41618,-0.239004],[100.408865,-0.227684],[100.408954,-0.21996],[100.397161,-0.21878],[100.373883,-0.214001],[100.369902,-0.216023],[100.369062,-0.218694],[100.365315,-0.223557],[100.363659,-0.222755],[100.367012,-0.212769],[100.366689,-0.203112],[100.367897,-0.191791],[100.366756,-0.185515],[100.351694,-0.181841],[100.353619,-0.162778],[100.355495,-0.160021],[100.360535,-0.157219],[100.358979,-0.148645],[100.355905,-0.141546],[100.365641,-0.143104],[100.369946,-0.142577],[100.376343,-0.139238],[100.377722,-0.139319]]]}},{"type":"Feature","properties":{"nmkec":"Akabiluru","nmkab":"Lima Puluh Kota","nmprov":"Sumatera Barat","kdkec":"011","kdkab":"08","kodekab":"1308","idkec":"1308011","index":67},"geometry":{"type":"Polygon","coordinates":[[[100.496206,-0.160884],[100.498019,-0.163538],[100.49817,-0.173786],[100.500929,-0.178088],[100.513411,-0.187104],[100.515428,-0.191772],[100.519359,-0.196344],[100.522747,-0.196382],[100.528306,-0.200461],[100.530578,-0.200577],[100.534544,-0.19902],[100.540628,-0.199152],[100.547242,-0.201934],[100.544734,-0.204761],[100.55522,-0.214841],[100.560257,-0.224968],[100.563939,-0.229763],[100.57466,-0.236549],[100.579488,-0.242993],[100.585377,-0.238162],[100.586249,-0.238571],[100.592675,-0.244042],[100.595489,-0.251616],[100.600183,-0.253361],[100.599926,-0.254772],[100.596922,-0.255842],[100.594362,-0.258282],[100.597207,-0.260463],[100.59829,-0.265111],[100.596372,-0.266736],[100.595406,-0.269137],[100.585694,-0.277984],[100.578471,-0.287351],[100.574681,-0.286141],[100.575093,-0.283278],[100.568698,-0.280789],[100.563087,-0.281713],[100.550039,-0.281724],[100.545031,-0.284691],[100.544786,-0.273683],[100.543207,-0.264825],[100.544144,-0.26135],[100.541667,-0.25713],[100.532477,-0.252367],[100.528244,-0.248639],[100.51839,-0.249126],[100.506777,-0.241394],[100.503707,-0.237669],[100.489106,-0.231222],[100.48468,-0.225648],[100.481629,-0.223706],[100.476898,-0.223206],[100.47383,-0.224232],[100.472323,-0.225623],[100.473068,-0.227482],[100.471897,-0.227998],[100.464913,-0.2262],[100.460673,-0.222963],[100.459402,-0.223549],[100.456835,-0.22041],[100.456558,-0.21417],[100.446489,-0.203838],[100.442581,-0.193608],[100.443122,-0.185114],[100.446793,-0.179783],[100.447384,-0.176985],[100.445713,-0.167221],[100.448183,-0.164342],[100.453286,-0.164027],[100.457338,-0.162645],[100.460888,-0.159604],[100.46381,-0.158515],[100.472931,-0.160881],[100.476736,-0.157869],[100.47799,-0.154825],[100.480516,-0.154058],[100.483904,-0.154814],[100.496206,-0.160884]]]}},{"type":"Feature","properties":{"nmkec":"Lareh Sago Halaban","nmkab":"Lima Puluh Kota","nmprov":"Sumatera Barat","kdkec":"021","kdkab":"08","kodekab":"1308","idkec":"1308021","index":68},"geometry":{"type":"Polygon","coordinates":[[[100.746842,-0.214978],[100.762799,-0.213116],[100.763147,-0.212315],[100.765786,-0.214531],[100.777042,-0.217978],[100.780958,-0.224069],[100.793773,-0.237415],[100.801516,-0.243147],[100.803983,-0.24922],[100.805121,-0.255643],[100.804499,-0.265318],[100.806013,-0.271499],[100.822432,-0.283724],[100.831958,-0.285071],[100.837471,-0.289276],[100.84112,-0.296889],[100.83992,-0.301951],[100.839832,-0.308759],[100.841078,-0.313058],[100.840413,-0.326092],[100.842372,-0.334691],[100.847318,-0.343944],[100.845611,-0.347058],[100.840037,-0.351346],[100.835751,-0.352864],[100.81331,-0.35046],[100.813587,-0.353821],[100.811173,-0.354577],[100.805427,-0.352823],[100.791661,-0.352485],[100.787767,-0.350791],[100.786189,-0.348757],[100.779758,-0.347815],[100.777312,-0.348448],[100.774726,-0.350518],[100.773539,-0.351954],[100.772829,-0.355612],[100.770447,-0.358445],[100.762059,-0.361338],[100.756912,-0.365358],[100.754258,-0.365822],[100.747311,-0.361984],[100.745477,-0.359664],[100.738273,-0.361959],[100.734183,-0.360801],[100.722311,-0.349916],[100.692804,-0.336897],[100.690372,-0.334641],[100.687939,-0.329633],[100.685441,-0.329131],[100.687116,-0.324198],[100.68851,-0.309176],[100.69092,-0.300302],[100.697708,-0.27848],[100.710228,-0.24925],[100.714144,-0.235113],[100.715333,-0.22928],[100.712073,-0.227233],[100.716452,-0.22637],[100.723414,-0.219514],[100.726252,-0.215331],[100.730902,-0.21161],[100.735513,-0.210688],[100.740838,-0.213786],[100.746842,-0.214978]]]}},{"type":"Feature","properties":{"nmkec":"Situjuah Limo Nagari","nmkab":"Lima Puluh Kota","nmprov":"Sumatera Barat","kdkec":"022","kdkab":"08","kodekab":"1308","idkec":"1308022","index":69},"geometry":{"type":"Polygon","coordinates":[[[100.599154,-0.267793],[100.606802,-0.270721],[100.607975,-0.268641],[100.615421,-0.274511],[100.634287,-0.268048],[100.644743,-0.274606],[100.64866,-0.274611],[100.650765,-0.278967],[100.650107,-0.28222],[100.651685,-0.285581],[100.654166,-0.287396],[100.655215,-0.289513],[100.657963,-0.305931],[100.666105,-0.323039],[100.669883,-0.328205],[100.666813,-0.332284],[100.668421,-0.342165],[100.666796,-0.345056],[100.663439,-0.347503],[100.652885,-0.350223],[100.642612,-0.350152],[100.623987,-0.352167],[100.615248,-0.354516],[100.612064,-0.354517],[100.599523,-0.344516],[100.59367,-0.34573],[100.591873,-0.341995],[100.580435,-0.334083],[100.568139,-0.323739],[100.56503,-0.319827],[100.565049,-0.316832],[100.567485,-0.314614],[100.572382,-0.314272],[100.575183,-0.311646],[100.573542,-0.301625],[100.580203,-0.290805],[100.580109,-0.288731],[100.578395,-0.286601],[100.585694,-0.277984],[100.595406,-0.269137],[100.596372,-0.266736],[100.59829,-0.265111],[100.599154,-0.267793]]]}},{"type":"Feature","properties":{"nmkec":"Harau","nmkab":"Lima Puluh Kota","nmprov":"Sumatera Barat","kdkec":"030","kdkab":"08","kodekab":"1308","idkec":"1308030","index":70},"geometry":{"type":"Polygon","coordinates":[[[100.692701,-0.010778],[100.700636,-0.009191],[100.709684,-0.008804],[100.711459,-0.010618],[100.712784,-0.015179],[100.716321,-0.018446],[100.724269,-0.021007],[100.726613,-0.026835],[100.725593,-0.031489],[100.727058,-0.033992],[100.741042,-0.037063],[100.745136,-0.041169],[100.747193,-0.044835],[100.745274,-0.046401],[100.744477,-0.049112],[100.743246,-0.060378],[100.743366,-0.072332],[100.753389,-0.08298],[100.757787,-0.112664],[100.761418,-0.119711],[100.761413,-0.124645],[100.759869,-0.126981],[100.755966,-0.129081],[100.754168,-0.132455],[100.756231,-0.139464],[100.763298,-0.145411],[100.768225,-0.161542],[100.769254,-0.177199],[100.767126,-0.187846],[100.763246,-0.200032],[100.762799,-0.213116],[100.746842,-0.214978],[100.740838,-0.213786],[100.735513,-0.210688],[100.730902,-0.21161],[100.726252,-0.215331],[100.723414,-0.219514],[100.716452,-0.22637],[100.712627,-0.226834],[100.711437,-0.230012],[100.709203,-0.230871],[100.702489,-0.22753],[100.691373,-0.224023],[100.682947,-0.215668],[100.680428,-0.215154],[100.684963,-0.207929],[100.681602,-0.203187],[100.678907,-0.201491],[100.676692,-0.202426],[100.674134,-0.201538],[100.675141,-0.19736],[100.678255,-0.195231],[100.677208,-0.192171],[100.669334,-0.189621],[100.664046,-0.19059],[100.662433,-0.188304],[100.636358,-0.184086],[100.633516,-0.184641],[100.632402,-0.187086],[100.622386,-0.176101],[100.61558,-0.170566],[100.611,-0.168466],[100.607593,-0.16507],[100.609028,-0.159341],[100.613848,-0.152947],[100.623819,-0.15368],[100.626057,-0.149955],[100.626526,-0.146204],[100.623037,-0.138701],[100.622219,-0.133782],[100.624289,-0.127506],[100.629041,-0.120739],[100.630257,-0.115725],[100.629988,-0.111022],[100.627499,-0.102958],[100.627237,-0.091467],[100.628171,-0.082239],[100.631382,-0.068943],[100.636849,-0.068861],[100.639702,-0.063954],[100.639564,-0.055652],[100.631008,-0.038788],[100.633655,-0.033582],[100.638991,-0.031131],[100.646767,-0.032441],[100.650385,-0.023344],[100.649798,-0.020683],[100.647297,-0.018087],[100.649121,-0.017556],[100.650073,-0.016139],[100.653281,-0.005616],[100.653212,-0.002977],[100.654457,-0.002203],[100.66581,-0.003843],[100.692701,-0.010778]]]}},{"type":"Feature","properties":{"nmkec":"Mungka","nmkab":"Lima Puluh Kota","nmprov":"Sumatera Barat","kdkec":"041","kdkab":"08","kodekab":"1308","idkec":"1308041","index":71},"geometry":{"type":"Polygon","coordinates":[[[100.611596,-0.013167],[100.63085,-0.014393],[100.637845,-0.0173],[100.647297,-0.018087],[100.649798,-0.020683],[100.650385,-0.023344],[100.646767,-0.032441],[100.638991,-0.031131],[100.633655,-0.033582],[100.631015,-0.038714],[100.639564,-0.055652],[100.639702,-0.063954],[100.636849,-0.068861],[100.631382,-0.068943],[100.628171,-0.082239],[100.627237,-0.091467],[100.627499,-0.102958],[100.630334,-0.1133],[100.629041,-0.120739],[100.628351,-0.122061],[100.623212,-0.113362],[100.611349,-0.106596],[100.60596,-0.105457],[100.594108,-0.112324],[100.586742,-0.112659],[100.589153,-0.118847],[100.59232,-0.122695],[100.591769,-0.127751],[100.589854,-0.1316],[100.582861,-0.134678],[100.574481,-0.13519],[100.568015,-0.141505],[100.567325,-0.138399],[100.564059,-0.134065],[100.558547,-0.132602],[100.548716,-0.123696],[100.546696,-0.110228],[100.551393,-0.096966],[100.551233,-0.09111],[100.547616,-0.086078],[100.545779,-0.080059],[100.548082,-0.073273],[100.54794,-0.062884],[100.544301,-0.060987],[100.528457,-0.056721],[100.518642,-0.055944],[100.516389,-0.056887],[100.515318,-0.054976],[100.515192,-0.050007],[100.518436,-0.049698],[100.522587,-0.047682],[100.523809,-0.045506],[100.521236,-0.037217],[100.517218,-0.031657],[100.516192,-0.026498],[100.521241,-0.020559],[100.528772,-0.024534],[100.532043,-0.024434],[100.534779,-0.014796],[100.536533,-0.01469],[100.538406,-0.016641],[100.541842,-0.015541],[100.544674,-0.011806],[100.549772,-0.008277],[100.550277,-0.006771],[100.549357,-0.003767],[100.546398,-0.000699],[100.546873,0.002466],[100.552623,0.017686],[100.55808,0.022344],[100.564738,0.021487],[100.567611,0.0196],[100.570389,0.016824],[100.577084,0.005675],[100.595035,-0.006329],[100.611596,-0.013167]]]}},{"type":"Feature","properties":{"nmkec":"Suliki","nmkab":"Lima Puluh Kota","nmprov":"Sumatera Barat","kdkec":"050","kdkab":"08","kodekab":"1308","idkec":"1308050","index":72},"geometry":{"type":"Polygon","coordinates":[[[100.424927,-0.048664],[100.446764,-0.052876],[100.453317,-0.052617],[100.45522,-0.055144],[100.456476,-0.060877],[100.46303,-0.064944],[100.476788,-0.064737],[100.494011,-0.072564],[100.500154,-0.074051],[100.508603,-0.074588],[100.517442,-0.072757],[100.520919,-0.073962],[100.521155,-0.080339],[100.51794,-0.086631],[100.5161,-0.095202],[100.516357,-0.104513],[100.507102,-0.11921],[100.508535,-0.120985],[100.505392,-0.129297],[100.500331,-0.132591],[100.485384,-0.135492],[100.47114,-0.134601],[100.45997,-0.135829],[100.457015,-0.146587],[100.457973,-0.152926],[100.459153,-0.154647],[100.463754,-0.157118],[100.46381,-0.158515],[100.460888,-0.159604],[100.457338,-0.162645],[100.453286,-0.164027],[100.448183,-0.164342],[100.445713,-0.167221],[100.447384,-0.176985],[100.446793,-0.179783],[100.443122,-0.185114],[100.44248,-0.191561],[100.440979,-0.1908],[100.437523,-0.184817],[100.43433,-0.182319],[100.427835,-0.182284],[100.413297,-0.177175],[100.410079,-0.174428],[100.406732,-0.164214],[100.404643,-0.160913],[100.401866,-0.161573],[100.3971,-0.160013],[100.392442,-0.155752],[100.382772,-0.149659],[100.379645,-0.148688],[100.378322,-0.144918],[100.377587,-0.139972],[100.37842,-0.137421],[100.37647,-0.131503],[100.374472,-0.116689],[100.374107,-0.115623],[100.372267,-0.114947],[100.379813,-0.108757],[100.386143,-0.108125],[100.418652,-0.098663],[100.433059,-0.104908],[100.441322,-0.103648],[100.444215,-0.105311],[100.446763,-0.099463],[100.441653,-0.094605],[100.434612,-0.090508],[100.428503,-0.084078],[100.425544,-0.071398],[100.420241,-0.065059],[100.417699,-0.05539],[100.418196,-0.046319],[100.424927,-0.048664]]]}},{"type":"Feature","properties":{"nmkec":"Bukik Barisan","nmkab":"Lima Puluh Kota","nmprov":"Sumatera Barat","kdkec":"051","kdkab":"08","kodekab":"1308","idkec":"1308051","index":73},"geometry":{"type":"Polygon","coordinates":[[[100.445843,0.120363],[100.450503,0.117763],[100.461261,0.116034],[100.473735,0.112577],[100.483004,0.115802],[100.488154,0.116148],[100.505034,0.106988],[100.512587,0.103761],[100.517659,0.103132],[100.523344,0.104222],[100.533129,0.115569],[100.540224,0.120523],[100.544916,0.120983],[100.546632,0.10232],[100.549721,0.086075],[100.54829,0.080027],[100.543959,0.073983],[100.540394,0.073806],[100.532726,0.068737],[100.529481,0.061225],[100.523342,0.057216],[100.51865,0.055373],[100.515732,0.051283],[100.521339,0.041836],[100.521596,0.038817],[100.520423,0.034578],[100.521111,0.028982],[100.5243,0.02422],[100.537855,0.014184],[100.542353,0.00372],[100.549357,-0.003767],[100.550277,-0.006771],[100.549772,-0.008277],[100.544674,-0.011806],[100.541842,-0.015541],[100.538406,-0.016641],[100.536533,-0.01469],[100.534779,-0.014796],[100.532043,-0.024434],[100.528772,-0.024534],[100.521241,-0.020559],[100.516192,-0.026498],[100.517218,-0.031657],[100.521236,-0.037217],[100.523809,-0.045506],[100.522587,-0.047682],[100.51501,-0.050412],[100.515318,-0.054976],[100.517963,-0.058083],[100.521372,-0.065546],[100.520389,-0.071088],[100.520919,-0.073962],[100.517442,-0.072757],[100.508603,-0.074588],[100.500154,-0.074051],[100.494011,-0.072564],[100.476788,-0.064737],[100.46303,-0.064944],[100.456476,-0.060877],[100.45522,-0.055144],[100.453317,-0.052617],[100.443025,-0.05237],[100.440359,-0.051103],[100.420213,-0.047168],[100.418196,-0.046319],[100.412258,-0.040696],[100.39498,-0.032402],[100.383848,-0.03198],[100.3813,-0.027685],[100.38257,-0.008645],[100.377609,0.005916],[100.3611,0.043157],[100.370448,0.046658],[100.374773,0.051887],[100.382706,0.068274],[100.391877,0.075625],[100.405984,0.105783],[100.411249,0.112465],[100.419947,0.118686],[100.428416,0.122257],[100.434939,0.122602],[100.445843,0.120363]]]}},{"type":"Feature","properties":{"nmkec":"Gunuang Omeh","nmkab":"Lima Puluh Kota","nmprov":"Sumatera Barat","kdkec":"060","kdkab":"08","kodekab":"1308","idkec":"1308060","index":74},"geometry":{"type":"Polygon","coordinates":[[[100.357483,0.051315],[100.377609,0.005916],[100.38257,-0.008645],[100.381235,-0.02742],[100.382606,-0.030543],[100.383848,-0.03198],[100.39498,-0.032402],[100.406985,-0.037683],[100.416409,-0.043911],[100.418196,-0.046319],[100.417425,-0.053955],[100.420241,-0.065059],[100.425544,-0.071398],[100.428503,-0.084078],[100.434612,-0.090508],[100.440043,-0.093421],[100.445908,-0.09811],[100.446763,-0.099463],[100.444215,-0.105311],[100.441322,-0.103648],[100.433059,-0.104908],[100.418652,-0.098663],[100.386143,-0.108125],[100.379813,-0.108757],[100.372267,-0.114947],[100.368783,-0.110593],[100.361416,-0.107827],[100.361207,-0.102482],[100.358966,-0.098251],[100.353378,-0.094067],[100.349066,-0.092566],[100.34595,-0.094099],[100.343175,-0.093225],[100.338945,-0.086878],[100.334829,-0.086487],[100.32992,-0.080881],[100.329565,-0.077632],[100.33126,-0.071735],[100.330668,-0.068875],[100.326784,-0.054475],[100.324282,-0.047925],[100.32214,-0.045099],[100.315995,-0.041029],[100.310446,-0.039172],[100.306698,-0.040388],[100.30581,-0.041556],[100.301095,-0.042106],[100.290729,-0.035578],[100.283031,-0.03595],[100.279067,-0.037224],[100.275612,-0.036542],[100.269226,-0.030057],[100.265618,-0.024133],[100.262765,-0.022639],[100.261807,-0.019427],[100.264976,-0.016456],[100.272296,-0.004515],[100.276278,-0.005545],[100.282991,-0.004919],[100.286564,-0.002549],[100.287787,0.002103],[100.287166,0.005914],[100.288303,0.00961],[100.302673,0.02647],[100.308479,0.038327],[100.312986,0.041549],[100.321197,0.051925],[100.322786,0.052571],[100.328752,0.050962],[100.329663,0.051578],[100.329524,0.055077],[100.331679,0.056316],[100.357483,0.051315]]]}},{"type":"Feature","properties":{"nmkec":"Kapur Ix","nmkab":"Lima Puluh Kota","nmprov":"Sumatera Barat","kdkec":"070","kdkab":"08","kodekab":"1308","idkec":"1308070","index":75},"geometry":{"type":"Polygon","coordinates":[[[100.465055,0.397945],[100.46758,0.399692],[100.468964,0.402153],[100.469062,0.405508],[100.47075,0.407105],[100.474224,0.405806],[100.483114,0.399541],[100.488906,0.392979],[100.496625,0.377973],[100.498953,0.364493],[100.515118,0.354114],[100.519387,0.348723],[100.523933,0.3455],[100.527446,0.345059],[100.534052,0.340555],[100.538124,0.332504],[100.532898,0.322651],[100.531754,0.318217],[100.535916,0.311811],[100.541467,0.307376],[100.554626,0.302812],[100.564339,0.297062],[100.577195,0.279102],[100.584133,0.272696],[100.594661,0.267112],[100.601599,0.25931],[100.613277,0.242803],[100.621913,0.232885],[100.627109,0.222335],[100.629802,0.219215],[100.649064,0.203612],[100.652253,0.202217],[100.621972,0.179839],[100.60378,0.159638],[100.5945,0.154798],[100.566371,0.145136],[100.549695,0.140424],[100.547758,0.135033],[100.547188,0.126659],[100.544804,0.120983],[100.540224,0.120523],[100.533129,0.115569],[100.523344,0.104222],[100.517659,0.103132],[100.512587,0.103761],[100.488154,0.116148],[100.483004,0.115802],[100.473735,0.112577],[100.461261,0.116034],[100.450503,0.117763],[100.445843,0.120363],[100.432193,0.122718],[100.428416,0.122257],[100.419947,0.118686],[100.413652,0.114654],[100.407472,0.108317],[100.397114,0.087752],[100.39279,0.077157],[100.391095,0.074794],[100.382706,0.068274],[100.373904,0.050749],[100.370448,0.046658],[100.3611,0.043157],[100.357483,0.051315],[100.331679,0.056316],[100.329524,0.055077],[100.330169,0.059028],[100.326682,0.066954],[100.321237,0.073649],[100.317565,0.086427],[100.318084,0.090909],[100.320162,0.094837],[100.325731,0.101466],[100.324318,0.107353],[100.320717,0.112902],[100.321778,0.121375],[100.324117,0.123715],[100.326218,0.129261],[100.326866,0.14117],[100.328219,0.148047],[100.337582,0.158989],[100.350625,0.170911],[100.352031,0.175036],[100.352443,0.181408],[100.345218,0.195397],[100.344285,0.20491],[100.340331,0.207554],[100.334428,0.216619],[100.333336,0.220468],[100.332037,0.23617],[100.33255,0.247704],[100.33099,0.254912],[100.320057,0.273469],[100.320202,0.277061],[100.317903,0.287811],[100.309952,0.29843],[100.308566,0.302137],[100.313911,0.309148],[100.321362,0.316099],[100.32856,0.33118],[100.331442,0.335203],[100.328527,0.344844],[100.333186,0.352257],[100.32929,0.355174],[100.325125,0.354776],[100.324603,0.359871],[100.326198,0.362798],[100.326098,0.365224],[100.318627,0.369566],[100.308743,0.381096],[100.306216,0.38221],[100.302058,0.386239],[100.300607,0.391839],[100.300513,0.3966],[100.313402,0.398236],[100.316761,0.402028],[100.319571,0.402993],[100.322793,0.401613],[100.337648,0.39072],[100.344158,0.384513],[100.34719,0.384285],[100.359253,0.388076],[100.364668,0.390626],[100.365148,0.392418],[100.367685,0.394142],[100.371659,0.390832],[100.375771,0.389314],[100.389185,0.398974],[100.402483,0.405936],[100.40985,0.414663],[100.416499,0.417765],[100.41979,0.423901],[100.422052,0.424383],[100.43103,0.42183],[100.433702,0.420106],[100.438166,0.413141],[100.453517,0.405968],[100.465055,0.397945]]]}},{"type":"Feature","properties":{"nmkec":"Lubuk Sikaping","nmkab":"Pasaman","nmprov":"Sumatera Barat","kdkec":"080","kdkab":"09","kodekab":"1309","idkec":"1309080","index":76},"geometry":{"type":"Polygon","coordinates":[[[100.154729,0.261155],[100.152901,0.257895],[100.1512,0.249508],[100.153882,0.242761],[100.160998,0.239161],[100.162734,0.236022],[100.16608,0.234158],[100.178352,0.231413],[100.183795,0.232122],[100.188036,0.226396],[100.190465,0.220039],[100.190453,0.210398],[100.192915,0.206475],[100.195736,0.196944],[100.195202,0.188562],[100.196839,0.179948],[100.21222,0.167323],[100.222672,0.161579],[100.228312,0.151747],[100.232994,0.150842],[100.241686,0.140572],[100.243364,0.137385],[100.247274,0.13566],[100.252069,0.136292],[100.264163,0.130379],[100.268385,0.126753],[100.271974,0.119599],[100.274782,0.099189],[100.266864,0.090395],[100.264103,0.08294],[100.259679,0.080162],[100.248612,0.076864],[100.245477,0.073587],[100.240537,0.070763],[100.238667,0.063142],[100.212026,0.062715],[100.203661,0.060896],[100.196255,0.057788],[100.19051,0.052498],[100.186906,0.052699],[100.175195,0.06101],[100.162711,0.059497],[100.158349,0.062424],[100.1471,0.05528],[100.144736,0.05601],[100.136876,0.05314],[100.128733,0.061234],[100.125902,0.06289],[100.120555,0.065322],[100.104532,0.069466],[100.09823,0.068752],[100.096189,0.066605],[100.096616,0.065813],[100.095113,0.06224],[100.087598,0.06395],[100.084143,0.065768],[100.075808,0.063049],[100.072394,0.062914],[100.062531,0.076406],[100.057887,0.078964],[100.049355,0.080853],[100.038564,0.080354],[100.030347,0.081921],[100.020265,0.082073],[100.009392,0.08611],[99.997769,0.083581],[99.992293,0.080909],[99.984354,0.080042],[99.99056,0.086868],[99.997444,0.089789],[100.002148,0.096475],[100.010196,0.100932],[100.026787,0.11777],[100.038549,0.135847],[100.047866,0.147075],[100.06188,0.152704],[100.069379,0.161246],[100.073657,0.169423],[100.07557,0.182494],[100.075404,0.192781],[100.062462,0.219659],[100.060445,0.227152],[100.053503,0.234094],[100.0502,0.240805],[100.051772,0.239235],[100.056297,0.237401],[100.062819,0.239547],[100.074388,0.247475],[100.076694,0.252394],[100.081788,0.259345],[100.086839,0.261113],[100.088164,0.261097],[100.092755,0.257638],[100.098208,0.259129],[100.103574,0.257032],[100.105667,0.258125],[100.115572,0.25911],[100.1242,0.255456],[100.127235,0.258918],[100.131347,0.26111],[100.138898,0.261557],[100.146593,0.271619],[100.150115,0.269793],[100.154729,0.261155]]]}},{"type":"Feature","properties":{"nmkec":"Padang Gelugur","nmkab":"Pasaman","nmprov":"Sumatera Barat","kdkec":"111","kdkab":"09","kodekab":"1309","idkec":"1309111","index":77},"geometry":{"type":"MultiPolygon","coordinates":[[[[100.048923,0.469662],[100.051417,0.465667],[100.053293,0.469876],[100.054759,0.471011],[100.075858,0.470913],[100.07661,0.468731],[100.079662,0.469706],[100.08082,0.464314],[100.080922,0.454672],[100.07742,0.43498],[100.07879,0.432428],[100.079647,0.427322],[100.080536,0.413272],[100.08506,0.404925],[100.080597,0.394887],[100.075236,0.390464],[100.072781,0.389375],[100.045593,0.388815],[100.045896,0.387243],[100.042805,0.381832],[100.037033,0.375238],[100.024223,0.375321],[100.021789,0.376397],[100.021903,0.379989],[100.017643,0.381553],[100.011564,0.388293],[100.003819,0.403219],[100.003336,0.41196],[100.005619,0.415349],[100.007395,0.421434],[100.012752,0.426137],[100.01368,0.432633],[100.007335,0.439826],[100.005816,0.443002],[100.007341,0.45653],[100.009014,0.456786],[100.015312,0.453217],[100.020668,0.454673],[100.027463,0.457573],[100.035671,0.463484],[100.039343,0.467839],[100.048393,0.471745],[100.049681,0.470625],[100.048923,0.469662]]],[[[100.050427,0.492386],[100.05817,0.487668],[100.057934,0.486689],[100.056715,0.486676],[100.051779,0.490235],[100.04806,0.490857],[100.04803,0.491571],[100.050427,0.492386]]]]}},{"type":"Feature","properties":{"nmkec":"Rao","nmkab":"Pasaman","nmprov":"Sumatera Barat","kdkec":"121","kdkab":"09","kodekab":"1309","idkec":"1309121","index":78},"geometry":{"type":"Polygon","coordinates":[[[99.966469,0.649519],[99.97314,0.64661],[99.984281,0.638841],[99.989371,0.637346],[99.989955,0.635061],[99.985725,0.622474],[99.987334,0.615718],[99.990697,0.611992],[99.992632,0.611528],[99.999462,0.60525],[100.001063,0.598223],[100.003607,0.598106],[100.006539,0.588341],[100.026336,0.577557],[100.028419,0.567833],[100.032907,0.56715],[100.035943,0.564095],[100.038648,0.558796],[100.038963,0.555235],[100.044077,0.55072],[100.050161,0.548392],[100.055388,0.543257],[100.044569,0.532875],[100.040904,0.52206],[100.034496,0.512527],[100.028315,0.506293],[100.012476,0.497065],[100.011312,0.492799],[100.008446,0.489072],[100.000836,0.483749],[99.99696,0.478093],[99.992169,0.475355],[99.990151,0.472148],[99.990075,0.467436],[99.987197,0.464001],[99.984462,0.462485],[99.981426,0.464908],[99.974569,0.466664],[99.971646,0.469293],[99.96679,0.470574],[99.963427,0.474027],[99.954025,0.471645],[99.944179,0.475363],[99.940493,0.474216],[99.931247,0.47419],[99.929857,0.475061],[99.926305,0.481132],[99.922592,0.478407],[99.917532,0.476363],[99.915292,0.476009],[99.912803,0.477062],[99.928607,0.496787],[99.936418,0.503459],[99.946223,0.509708],[99.956122,0.510963],[99.961053,0.513579],[99.959582,0.516058],[99.952037,0.520457],[99.95016,0.524185],[99.956401,0.530771],[99.960179,0.539168],[99.964684,0.545837],[99.964815,0.553812],[99.960046,0.56403],[99.958966,0.568988],[99.957698,0.571187],[99.950709,0.577527],[99.948135,0.583171],[99.940787,0.59283],[99.930773,0.597179],[99.929248,0.598709],[99.928629,0.603196],[99.926852,0.604474],[99.920382,0.605445],[99.920382,0.607457],[99.922454,0.611695],[99.9284,0.612161],[99.941102,0.629652],[99.952378,0.634985],[99.953785,0.638251],[99.952303,0.642304],[99.956346,0.649185],[99.960771,0.650412],[99.966469,0.649519]]]}},{"type":"Feature","properties":{"nmkec":"Mapat Tunggul","nmkab":"Pasaman","nmprov":"Sumatera Barat","kdkec":"122","kdkab":"09","kodekab":"1309","idkec":"1309122","index":79},"geometry":{"type":"Polygon","coordinates":[[[100.207222,0.737847],[100.213221,0.735626],[100.217242,0.741772],[100.219053,0.742739],[100.223809,0.738793],[100.23206,0.737027],[100.23987,0.733155],[100.239699,0.725357],[100.242701,0.694308],[100.240773,0.679349],[100.237348,0.673525],[100.234021,0.670485],[100.212981,0.659062],[100.200806,0.640795],[100.186752,0.626584],[100.183681,0.616698],[100.181177,0.600091],[100.17828,0.589515],[100.176495,0.57387],[100.179797,0.565903],[100.184107,0.56095],[100.197661,0.558201],[100.209094,0.559223],[100.215603,0.558083],[100.224467,0.554315],[100.232979,0.547537],[100.225792,0.544625],[100.212681,0.544253],[100.205538,0.545745],[100.190881,0.534566],[100.185344,0.528253],[100.181984,0.527165],[100.181417,0.528142],[100.18236,0.531009],[100.181394,0.532931],[100.178927,0.532322],[100.176904,0.527981],[100.168395,0.528676],[100.165834,0.530671],[100.162362,0.538314],[100.133088,0.549551],[100.12772,0.549263],[100.125122,0.548108],[100.112077,0.550302],[100.106737,0.54764],[100.106325,0.550922],[100.111177,0.563575],[100.120023,0.573147],[100.120468,0.578486],[100.123523,0.584782],[100.124532,0.591624],[100.128921,0.600039],[100.129558,0.603513],[100.126603,0.606832],[100.126021,0.612066],[100.128839,0.621101],[100.132986,0.629063],[100.136509,0.631887],[100.139788,0.632333],[100.136875,0.640646],[100.127813,0.642652],[100.115014,0.650462],[100.10887,0.657385],[100.103568,0.65863],[100.093364,0.667757],[100.0791,0.671668],[100.077229,0.678501],[100.05966,0.685842],[100.058469,0.688745],[100.058891,0.693179],[100.063269,0.699579],[100.065792,0.70008],[100.066437,0.702096],[100.065932,0.703346],[100.060533,0.706256],[100.059213,0.714383],[100.06105,0.718146],[100.060726,0.721297],[100.060222,0.722422],[100.052864,0.726425],[100.047743,0.73424],[100.043279,0.738382],[100.042107,0.742655],[100.044091,0.748486],[100.049999,0.754895],[100.053279,0.762909],[100.058945,0.770513],[100.06278,0.777868],[100.06279,0.787484],[100.064822,0.796692],[100.07252,0.802266],[100.119746,0.785892],[100.135989,0.775538],[100.149418,0.771032],[100.16971,0.764723],[100.193287,0.763816],[100.200545,0.744736],[100.207222,0.737847]]]}},{"type":"Feature","properties":{"nmkec":"Mapat Tunggul Selatan","nmkab":"Pasaman","nmprov":"Sumatera Barat","kdkec":"123","kdkab":"09","kodekab":"1309","idkec":"1309123","index":80},"geometry":{"type":"Polygon","coordinates":[[[100.12264,0.548281],[100.133088,0.549551],[100.161498,0.53877],[100.162503,0.538208],[100.165834,0.530671],[100.168395,0.528676],[100.176904,0.527981],[100.178927,0.532322],[100.181394,0.532931],[100.18236,0.531009],[100.181417,0.528142],[100.181984,0.527165],[100.185344,0.528253],[100.190881,0.534566],[100.205538,0.545745],[100.212681,0.544253],[100.225792,0.544625],[100.232979,0.547537],[100.234971,0.54569],[100.238196,0.540681],[100.237567,0.535345],[100.229415,0.527663],[100.22089,0.52246],[100.216136,0.520696],[100.215569,0.516029],[100.216587,0.511646],[100.223554,0.499946],[100.23891,0.492356],[100.239208,0.486547],[100.235776,0.478513],[100.23584,0.473704],[100.239537,0.466434],[100.254234,0.44684],[100.256684,0.435826],[100.259014,0.432309],[100.281723,0.405995],[100.291123,0.39934],[100.294691,0.400584],[100.300513,0.3966],[100.300607,0.391839],[100.302058,0.386239],[100.306216,0.38221],[100.308743,0.381096],[100.318627,0.369566],[100.326098,0.365224],[100.326198,0.362798],[100.324603,0.359871],[100.325125,0.354776],[100.32929,0.355174],[100.333186,0.352257],[100.328527,0.344844],[100.331442,0.335203],[100.32856,0.33118],[100.321362,0.316099],[100.313911,0.309148],[100.308566,0.302137],[100.309952,0.29843],[100.317903,0.287811],[100.320202,0.277061],[100.320057,0.273469],[100.33099,0.254912],[100.33255,0.247704],[100.332037,0.23617],[100.333336,0.220468],[100.334428,0.216619],[100.340331,0.207554],[100.344285,0.20491],[100.345218,0.195397],[100.352443,0.181408],[100.352031,0.175036],[100.350625,0.170911],[100.337582,0.158989],[100.328219,0.148047],[100.326866,0.14117],[100.326218,0.129261],[100.324117,0.123715],[100.321778,0.121375],[100.320717,0.112902],[100.324318,0.107353],[100.325731,0.101466],[100.310311,0.105657],[100.306442,0.110002],[100.300917,0.110739],[100.29719,0.106985],[100.291965,0.106066],[100.284856,0.109214],[100.27562,0.111333],[100.273204,0.113068],[100.271974,0.119599],[100.269538,0.124868],[100.26561,0.129215],[100.252069,0.136292],[100.246699,0.135735],[100.242745,0.137874],[100.241686,0.140572],[100.232994,0.150842],[100.228312,0.151747],[100.222672,0.161579],[100.21222,0.167323],[100.196839,0.179948],[100.195202,0.188562],[100.195736,0.196944],[100.192915,0.206475],[100.190227,0.211265],[100.190055,0.221656],[100.186391,0.229324],[100.183313,0.232277],[100.178352,0.231413],[100.164517,0.234887],[100.162734,0.236022],[100.160998,0.239161],[100.153882,0.242761],[100.151377,0.247846],[100.152901,0.257895],[100.154729,0.261155],[100.164387,0.263545],[100.17028,0.267717],[100.171922,0.284311],[100.176945,0.295748],[100.176457,0.306411],[100.17464,0.313867],[100.171793,0.319104],[100.165823,0.336743],[100.166567,0.34834],[100.164481,0.35293],[100.163123,0.363275],[100.164778,0.367207],[100.164701,0.370448],[100.161352,0.389432],[100.160615,0.392073],[100.155426,0.399367],[100.150643,0.404118],[100.15051,0.406148],[100.15204,0.409538],[100.15444,0.409989],[100.155682,0.4115],[100.155178,0.414849],[100.152819,0.41805],[100.154798,0.429359],[100.150935,0.436035],[100.148735,0.445304],[100.145841,0.45045],[100.139867,0.455258],[100.133415,0.465772],[100.122194,0.47774],[100.115793,0.481388],[100.108013,0.494118],[100.102073,0.50835],[100.101647,0.5124],[100.102686,0.515401],[100.107902,0.516773],[100.111574,0.525815],[100.110068,0.531965],[100.108052,0.53481],[100.105187,0.536125],[100.102876,0.538652],[100.102575,0.542209],[100.106737,0.54764],[100.110096,0.549888],[100.113866,0.550417],[100.12264,0.548281]]]}},{"type":"Feature","properties":{"nmkec":"Sangir Jujuan","nmkab":"Solok Selatan","nmprov":"Sumatera Barat","kdkec":"020","kdkab":"10","kodekab":"1310","idkec":"1310020","index":81},"geometry":{"type":"MultiPolygon","coordinates":[[[[101.212198,-1.322356],[101.360627,-1.376372],[101.362041,-1.379406],[101.361211,-1.382966],[101.363121,-1.38601],[101.380435,-1.393702],[101.404991,-1.397735],[101.413163,-1.39779],[101.419461,-1.411419],[101.415863,-1.411811],[101.401993,-1.423209],[101.400453,-1.42528],[101.397011,-1.435482],[101.391314,-1.440689],[101.40458,-1.444592],[101.414771,-1.446378],[101.420796,-1.444625],[101.421308,-1.439723],[101.424995,-1.436463],[101.429698,-1.439164],[101.429758,-1.440931],[101.426912,-1.44364],[101.423924,-1.463424],[101.427798,-1.479851],[101.427532,-1.485844],[101.424687,-1.4932],[101.428769,-1.498808],[101.433756,-1.500776],[101.438152,-1.50129],[101.438716,-1.502394],[101.421813,-1.504858],[101.408965,-1.504771],[101.406576,-1.503928],[101.404627,-1.510104],[101.405519,-1.514946],[101.404021,-1.519829],[101.401252,-1.523588],[101.400035,-1.510272],[101.390165,-1.512569],[101.386909,-1.512308],[101.381324,-1.503284],[101.373283,-1.497165],[101.372576,-1.51357],[101.376674,-1.515698],[101.371047,-1.52063],[101.367939,-1.522144],[101.362835,-1.521918],[101.361353,-1.525379],[101.343004,-1.516099],[101.320796,-1.509754],[101.310485,-1.497857],[101.30634,-1.494546],[101.301186,-1.498526],[101.297654,-1.49749],[101.289885,-1.47938],[101.292877,-1.463408],[101.28114,-1.452649],[101.25338,-1.436786],[101.235931,-1.430441],[101.201802,-1.425266],[101.206663,-1.416635],[101.206446,-1.413561],[101.207369,-1.411988],[101.210211,-1.410484],[101.210991,-1.408767],[101.210919,-1.407695],[101.203435,-1.402799],[101.199302,-1.39181],[101.199959,-1.385343],[101.20185,-1.38234],[101.203241,-1.377126],[101.202511,-1.368277],[101.203781,-1.361688],[101.203281,-1.358832],[101.200363,-1.353903],[101.199545,-1.341838],[101.200848,-1.340391],[101.207811,-1.337382],[101.208285,-1.333791],[101.206195,-1.322097],[101.212198,-1.322356]]],[[[101.376246,-1.517007],[101.376415,-1.517214],[101.376182,-1.51717],[101.376246,-1.517007]]],[[[101.377179,-1.517067],[101.376903,-1.517241],[101.377147,-1.517043],[101.377179,-1.517067]]],[[[101.382878,-1.526163],[101.383067,-1.526495],[101.383043,-1.526507],[101.382878,-1.526163]]]]}},{"type":"Feature","properties":{"nmkec":"Sangir Balai Janggo","nmkab":"Solok Selatan","nmprov":"Sumatera Barat","kdkec":"021","kdkab":"10","kodekab":"1310","idkec":"1310021","index":82},"geometry":{"type":"Polygon","coordinates":[[[101.549335,-1.325627],[101.585985,-1.326045],[101.589491,-1.330892],[101.588302,-1.334995],[101.596994,-1.348903],[101.606534,-1.344016],[101.61856,-1.355791],[101.634977,-1.364065],[101.644604,-1.370045],[101.648412,-1.374011],[101.657746,-1.376844],[101.668291,-1.385424],[101.671373,-1.388863],[101.67094,-1.390688],[101.663786,-1.392835],[101.656987,-1.399469],[101.652965,-1.399328],[101.648648,-1.401656],[101.638534,-1.403031],[101.633592,-1.409135],[101.626935,-1.40891],[101.624979,-1.412784],[101.623665,-1.418621],[101.621354,-1.42095],[101.616328,-1.422776],[101.614822,-1.424396],[101.607345,-1.437523],[101.59116,-1.442497],[101.5794,-1.447769],[101.562601,-1.444451],[101.559484,-1.444657],[101.555476,-1.458011],[101.555582,-1.462865],[101.541722,-1.475379],[101.538971,-1.480035],[101.534249,-1.48439],[101.528114,-1.484599],[101.525702,-1.485714],[101.526009,-1.490164],[101.52843,-1.496836],[101.534055,-1.505186],[101.53873,-1.508378],[101.5402,-1.51339],[101.537174,-1.517793],[101.532107,-1.522363],[101.523262,-1.527222],[101.522583,-1.537668],[101.516311,-1.540125],[101.515355,-1.545343],[101.517115,-1.551392],[101.509036,-1.567167],[101.508437,-1.572437],[101.504511,-1.575177],[101.498733,-1.577148],[101.488798,-1.57885],[101.486399,-1.580745],[101.48504,-1.583226],[101.472724,-1.592506],[101.451212,-1.619081],[101.44007,-1.628368],[101.431586,-1.641952],[101.429026,-1.65718],[101.428724,-1.669796],[101.426559,-1.677363],[101.411197,-1.672099],[101.403035,-1.679075],[101.399188,-1.676389],[101.395416,-1.668092],[101.387227,-1.661304],[101.38421,-1.641153],[101.385287,-1.630162],[101.391214,-1.605378],[101.39574,-1.591909],[101.397105,-1.582676],[101.40269,-1.571314],[101.404468,-1.558875],[101.402757,-1.554592],[101.403377,-1.547884],[101.406771,-1.542873],[101.410354,-1.540166],[101.401505,-1.53401],[101.3931,-1.531882],[101.383067,-1.526495],[101.384499,-1.519891],[101.378632,-1.516882],[101.376415,-1.517214],[101.376674,-1.515698],[101.372576,-1.51357],[101.373283,-1.497165],[101.381324,-1.503284],[101.386909,-1.512308],[101.390165,-1.512569],[101.400035,-1.510272],[101.401252,-1.523588],[101.404021,-1.519829],[101.405519,-1.514946],[101.404627,-1.510104],[101.406576,-1.503928],[101.408965,-1.504771],[101.421813,-1.504858],[101.438716,-1.502394],[101.438152,-1.50129],[101.433756,-1.500776],[101.428769,-1.498808],[101.424687,-1.4932],[101.427532,-1.485844],[101.427798,-1.479851],[101.423924,-1.463424],[101.426912,-1.44364],[101.429758,-1.440931],[101.429698,-1.439164],[101.424995,-1.436463],[101.421308,-1.439723],[101.420796,-1.444625],[101.414771,-1.446378],[101.40458,-1.444592],[101.391314,-1.440689],[101.397011,-1.435482],[101.400453,-1.42528],[101.401993,-1.423209],[101.415863,-1.411811],[101.419461,-1.411419],[101.413163,-1.39779],[101.410932,-1.397958],[101.411459,-1.396],[101.416016,-1.394657],[101.418261,-1.386818],[101.424464,-1.375822],[101.42435,-1.370704],[101.428642,-1.366612],[101.443807,-1.36623],[101.449565,-1.362335],[101.454491,-1.360737],[101.460142,-1.337134],[101.474643,-1.350338],[101.480205,-1.350456],[101.481251,-1.352657],[101.488378,-1.354624],[101.495546,-1.359206],[101.503962,-1.362393],[101.504643,-1.361212],[101.503392,-1.35723],[101.505012,-1.345669],[101.507759,-1.345508],[101.515005,-1.342453],[101.514466,-1.338275],[101.542226,-1.33394],[101.549335,-1.325627]]]}},{"type":"Feature","properties":{"nmkec":"Sangir Batang Hari","nmkab":"Solok Selatan","nmprov":"Sumatera Barat","kdkec":"030","kdkab":"10","kodekab":"1310","idkec":"1310030","index":83},"geometry":{"type":"Polygon","coordinates":[[[101.435198,-1.009751],[101.438367,-1.007645],[101.449158,-1.009281],[101.453831,-1.012083],[101.455779,-1.015018],[101.455201,-1.022718],[101.459293,-1.030349],[101.459223,-1.032155],[101.456502,-1.036333],[101.455655,-1.042024],[101.455869,-1.045498],[101.458223,-1.048525],[101.458111,-1.068348],[101.454996,-1.076405],[101.448411,-1.082916],[101.446176,-1.088879],[101.445802,-1.091681],[101.447793,-1.09692],[101.443833,-1.101383],[101.441289,-1.101509],[101.440636,-1.100349],[101.438189,-1.100227],[101.438506,-1.106442],[101.434411,-1.111482],[101.430409,-1.113091],[101.428014,-1.108333],[101.421053,-1.113534],[101.414285,-1.122005],[101.412344,-1.128074],[101.411506,-1.134926],[101.406583,-1.143152],[101.402882,-1.153001],[101.403538,-1.161875],[101.408152,-1.171854],[101.408812,-1.180394],[101.410437,-1.183786],[101.419334,-1.194153],[101.434831,-1.207935],[101.449493,-1.21014],[101.45008,-1.213271],[101.444767,-1.219801],[101.447307,-1.230355],[101.447317,-1.241186],[101.451932,-1.251035],[101.454748,-1.253757],[101.465066,-1.258054],[101.466495,-1.259749],[101.468384,-1.267903],[101.467873,-1.276276],[101.466582,-1.279824],[101.46731,-1.281891],[101.472544,-1.285831],[101.481309,-1.28887],[101.487972,-1.292549],[101.495369,-1.294434],[101.502573,-1.298211],[101.511721,-1.299572],[101.521495,-1.302859],[101.524319,-1.305218],[101.55495,-1.316646],[101.55387,-1.325516],[101.549335,-1.325627],[101.547473,-1.326889],[101.542226,-1.33394],[101.514466,-1.338275],[101.515005,-1.342453],[101.507759,-1.345508],[101.505448,-1.34514],[101.504266,-1.347681],[101.503561,-1.354631],[101.504643,-1.361212],[101.503962,-1.362393],[101.495546,-1.359206],[101.488378,-1.354624],[101.481251,-1.352657],[101.480205,-1.350456],[101.474643,-1.350338],[101.460142,-1.337134],[101.454491,-1.360737],[101.449565,-1.362335],[101.443807,-1.36623],[101.428642,-1.366612],[101.42435,-1.370704],[101.424464,-1.375822],[101.418261,-1.386818],[101.416016,-1.394657],[101.412139,-1.395558],[101.410932,-1.397958],[101.404991,-1.397735],[101.380435,-1.393702],[101.363121,-1.38601],[101.361211,-1.382966],[101.362041,-1.379406],[101.360627,-1.376372],[101.212198,-1.322356],[101.207799,-1.321878],[101.211635,-1.303628],[101.211344,-1.29605],[101.209808,-1.289061],[101.211553,-1.2843],[101.215568,-1.279054],[101.223052,-1.276425],[101.224188,-1.274923],[101.224772,-1.266797],[101.230076,-1.247231],[101.236219,-1.246386],[101.237433,-1.24408],[101.237554,-1.240319],[101.233428,-1.23413],[101.234156,-1.231461],[101.23986,-1.226728],[101.242044,-1.219447],[101.241437,-1.210347],[101.228817,-1.192752],[101.225298,-1.191295],[101.221051,-1.183893],[101.217532,-1.174428],[101.207703,-1.163022],[101.198724,-1.163265],[101.195326,-1.159018],[101.191686,-1.150887],[101.185497,-1.143607],[101.184526,-1.139238],[101.178216,-1.134142],[101.176517,-1.126618],[101.168468,-1.109792],[101.168266,-1.105747],[101.166423,-1.102912],[101.172078,-1.101376],[101.176166,-1.101699],[101.188755,-1.104366],[101.195554,-1.107925],[101.206269,-1.12136],[101.214668,-1.135043],[101.222265,-1.142868],[101.232424,-1.151099],[101.248492,-1.170317],[101.255196,-1.175608],[101.273049,-1.194252],[101.282579,-1.200104],[101.289821,-1.198563],[101.311277,-1.187006],[101.331115,-1.171521],[101.329497,-1.166436],[101.331231,-1.154032],[101.338665,-1.146752],[101.335237,-1.13793],[101.33073,-1.133693],[101.33046,-1.131151],[101.336816,-1.128762],[101.337972,-1.12518],[101.342787,-1.117206],[101.343737,-1.113087],[101.341797,-1.102122],[101.343997,-1.094485],[101.34042,-1.085898],[101.339763,-1.075785],[101.343729,-1.066463],[101.347489,-1.063132],[101.347941,-1.059999],[101.342678,-1.048845],[101.342417,-1.046496],[101.343518,-1.044668],[101.347799,-1.043034],[101.356108,-1.043025],[101.360058,-1.041523],[101.370831,-1.047649],[101.374966,-1.048105],[101.385846,-1.044052],[101.389688,-1.044114],[101.396238,-1.040715],[101.404943,-1.037733],[101.407601,-1.035447],[101.409285,-1.031987],[101.416482,-1.027675],[101.420303,-1.019451],[101.421226,-1.01582],[101.420899,-1.012558],[101.422453,-1.008119],[101.424981,-1.006095],[101.429391,-1.004786],[101.431629,-1.005097],[101.435198,-1.009751]]]}},{"type":"Feature","properties":{"nmkec":"Sungai Pagu","nmkab":"Solok Selatan","nmprov":"Sumatera Barat","kdkec":"040","kdkab":"10","kodekab":"1310","idkec":"1310040","index":84},"geometry":{"type":"Polygon","coordinates":[[[101.203435,-1.402799],[101.210919,-1.407695],[101.210991,-1.408767],[101.210211,-1.410484],[101.207369,-1.411988],[101.206446,-1.413561],[101.206663,-1.416635],[101.201802,-1.425266],[101.212099,-1.427173],[101.182614,-1.48165],[101.111092,-1.511253],[101.086691,-1.512555],[101.083484,-1.513747],[101.076403,-1.511866],[101.074232,-1.509325],[101.061268,-1.515378],[101.057914,-1.519571],[101.056452,-1.52511],[101.05119,-1.52889],[101.046749,-1.529527],[101.04054,-1.536371],[101.036733,-1.542716],[101.039271,-1.549061],[101.039271,-1.552868],[101.03483,-1.563655],[101.024043,-1.579517],[101.020871,-1.585862],[101.014023,-1.590603],[101.014475,-1.58432],[101.019313,-1.572703],[101.020173,-1.565496],[101.008359,-1.555038],[101.005638,-1.550992],[101.001937,-1.548612],[100.998465,-1.544315],[100.99121,-1.530797],[100.986411,-1.528651],[100.983114,-1.525399],[100.980623,-1.518253],[100.979672,-1.504487],[100.975964,-1.49397],[100.977517,-1.486703],[100.975782,-1.484496],[100.969571,-1.481543],[100.970744,-1.4799],[100.980228,-1.4734],[100.995398,-1.466088],[101.000833,-1.460903],[101.015307,-1.453824],[101.023539,-1.453906],[101.026865,-1.452872],[101.044551,-1.439276],[101.059619,-1.425625],[101.071088,-1.425304],[101.079245,-1.422794],[101.087494,-1.422159],[101.125564,-1.408835],[101.132544,-1.407566],[101.141427,-1.403759],[101.173152,-1.396145],[101.186477,-1.396145],[101.199692,-1.394189],[101.203435,-1.402799]]]}},{"type":"Feature","properties":{"nmkec":"Koto Besar","nmkab":"Dharmasraya","nmprov":"Sumatera Barat","kdkec":"011","kdkab":"11","kodekab":"1311","idkec":"1311011","index":85},"geometry":{"type":"Polygon","coordinates":[[[101.597309,-1.144116],[101.609081,-1.142491],[101.615385,-1.145397],[101.618981,-1.149091],[101.616592,-1.161527],[101.61972,-1.16367],[101.627748,-1.162389],[101.630086,-1.160152],[101.634496,-1.158498],[101.658888,-1.153297],[101.664243,-1.153828],[101.667885,-1.158364],[101.671052,-1.158944],[101.672861,-1.156966],[101.672036,-1.155949],[101.68101,-1.15934],[101.687566,-1.166777],[101.696733,-1.168981],[101.700497,-1.173288],[101.711013,-1.170282],[101.713767,-1.17673],[101.719311,-1.18294],[101.715759,-1.186158],[101.71566,-1.194038],[101.716533,-1.198001],[101.715929,-1.201158],[101.713847,-1.205625],[101.709313,-1.210058],[101.707869,-1.213484],[101.707667,-1.218622],[101.710858,-1.228227],[101.713208,-1.229839],[101.721662,-1.241146],[101.718441,-1.246275],[101.721236,-1.250545],[101.715994,-1.25453],[101.714887,-1.26359],[101.706716,-1.274547],[101.701893,-1.269227],[101.692579,-1.278872],[101.691672,-1.28116],[101.696133,-1.288403],[101.691826,-1.302769],[101.689869,-1.30295],[101.679263,-1.309001],[101.677144,-1.306571],[101.67132,-1.303925],[101.669398,-1.305122],[101.667902,-1.308229],[101.664789,-1.309957],[101.661301,-1.310007],[101.661184,-1.30908],[101.664245,-1.305632],[101.661121,-1.302723],[101.653889,-1.302886],[101.647103,-1.299474],[101.629289,-1.296508],[101.622395,-1.29939],[101.62108,-1.300688],[101.620945,-1.306808],[101.615213,-1.309573],[101.609178,-1.305662],[101.603904,-1.30485],[101.597866,-1.313349],[101.595523,-1.314832],[101.594157,-1.314175],[101.592269,-1.314984],[101.590803,-1.318153],[101.592219,-1.320277],[101.590246,-1.326043],[101.587945,-1.328989],[101.585985,-1.326045],[101.583001,-1.325592],[101.571066,-1.326322],[101.55387,-1.325516],[101.55495,-1.316646],[101.524319,-1.305218],[101.521495,-1.302859],[101.511721,-1.299572],[101.502573,-1.298211],[101.495369,-1.294434],[101.487972,-1.292549],[101.481309,-1.28887],[101.472544,-1.285831],[101.46731,-1.281891],[101.466582,-1.279824],[101.467873,-1.276276],[101.468384,-1.267903],[101.466495,-1.259749],[101.465066,-1.258054],[101.454748,-1.253757],[101.451932,-1.251035],[101.447317,-1.241186],[101.447307,-1.230355],[101.444767,-1.219801],[101.45008,-1.213271],[101.449493,-1.21014],[101.434831,-1.207935],[101.419334,-1.194153],[101.410617,-1.183981],[101.4124,-1.183544],[101.415401,-1.176285],[101.420227,-1.172472],[101.424485,-1.170769],[101.426269,-1.171175],[101.427445,-1.173324],[101.433204,-1.177136],[101.437503,-1.176122],[101.439774,-1.177461],[101.446181,-1.177866],[101.463336,-1.177461],[101.464877,-1.179042],[101.470514,-1.180908],[101.488273,-1.175417],[101.491622,-1.171674],[101.517037,-1.168718],[101.522357,-1.166354],[101.537133,-1.162808],[101.546393,-1.159065],[101.555049,-1.154115],[101.560319,-1.148697],[101.564703,-1.148303],[101.567264,-1.146382],[101.570416,-1.141111],[101.57283,-1.140323],[101.587803,-1.140126],[101.593418,-1.141801],[101.597309,-1.144116]]]}},{"type":"Feature","properties":{"nmkec":"Asam Jujuhan","nmkab":"Dharmasraya","nmprov":"Sumatera Barat","kdkec":"012","kdkab":"11","kodekab":"1311","idkec":"1311012","index":86},"geometry":{"type":"Polygon","coordinates":[[[101.629289,-1.296508],[101.650427,-1.300527],[101.653889,-1.302886],[101.661121,-1.302723],[101.664245,-1.305632],[101.661184,-1.30908],[101.661301,-1.310007],[101.664789,-1.309957],[101.667902,-1.308229],[101.669398,-1.305122],[101.67132,-1.303925],[101.677144,-1.306571],[101.679263,-1.309001],[101.689869,-1.30295],[101.691826,-1.302769],[101.689442,-1.309124],[101.688948,-1.323822],[101.685764,-1.327444],[101.681602,-1.328152],[101.680238,-1.330258],[101.681075,-1.334703],[101.682791,-1.337747],[101.686509,-1.340708],[101.691699,-1.342222],[101.700901,-1.339922],[101.708993,-1.342725],[101.716217,-1.339465],[101.7218,-1.348243],[101.724533,-1.35897],[101.72369,-1.364873],[101.717922,-1.371773],[101.700381,-1.388749],[101.696757,-1.394098],[101.700958,-1.406745],[101.704778,-1.413712],[101.712405,-1.41562],[101.717837,-1.418634],[101.723917,-1.43529],[101.723614,-1.438663],[101.70557,-1.453204],[101.695275,-1.464068],[101.688301,-1.477147],[101.671846,-1.500921],[101.671192,-1.505195],[101.667864,-1.509799],[101.661791,-1.515545],[101.656276,-1.517014],[101.651474,-1.520412],[101.632788,-1.537819],[101.630772,-1.542702],[101.627572,-1.545191],[101.611963,-1.553059],[101.60463,-1.562589],[101.591187,-1.571712],[101.581664,-1.577434],[101.575788,-1.576471],[101.570478,-1.577225],[101.562947,-1.58867],[101.558542,-1.591877],[101.551969,-1.593996],[101.549056,-1.596257],[101.532362,-1.618274],[101.53007,-1.62549],[101.527592,-1.630199],[101.524823,-1.633166],[101.519069,-1.636092],[101.49503,-1.644548],[101.490703,-1.647793],[101.484804,-1.657133],[101.480739,-1.67351],[101.477911,-1.675895],[101.464121,-1.682138],[101.447259,-1.685993],[101.439871,-1.695184],[101.437271,-1.695827],[101.430508,-1.68751],[101.430782,-1.6816],[101.429971,-1.679683],[101.426559,-1.677363],[101.428724,-1.669796],[101.429026,-1.65718],[101.432165,-1.639965],[101.43405,-1.638843],[101.44007,-1.628368],[101.451212,-1.619081],[101.466763,-1.599038],[101.474539,-1.590807],[101.479336,-1.588061],[101.488798,-1.57885],[101.498733,-1.577148],[101.50572,-1.574669],[101.508437,-1.572437],[101.509036,-1.567167],[101.517115,-1.551392],[101.515355,-1.545343],[101.516311,-1.540125],[101.522583,-1.537668],[101.523262,-1.527222],[101.532107,-1.522363],[101.537174,-1.517793],[101.5402,-1.51339],[101.53873,-1.508378],[101.534055,-1.505186],[101.52843,-1.496836],[101.526009,-1.490164],[101.525702,-1.485714],[101.528114,-1.484599],[101.534249,-1.48439],[101.538971,-1.480035],[101.541722,-1.475379],[101.555582,-1.462865],[101.555476,-1.458011],[101.559484,-1.444657],[101.562601,-1.444451],[101.5794,-1.447769],[101.59116,-1.442497],[101.607345,-1.437523],[101.614822,-1.424396],[101.616328,-1.422776],[101.621354,-1.42095],[101.623665,-1.418621],[101.624979,-1.412784],[101.626935,-1.40891],[101.633592,-1.409135],[101.638534,-1.403031],[101.648648,-1.401656],[101.652965,-1.399328],[101.656987,-1.399469],[101.663786,-1.392835],[101.67094,-1.390688],[101.671373,-1.388863],[101.668291,-1.385424],[101.657746,-1.376844],[101.648412,-1.374011],[101.644604,-1.370045],[101.634977,-1.364065],[101.61856,-1.355791],[101.606534,-1.344016],[101.596994,-1.348903],[101.588302,-1.334995],[101.589491,-1.330892],[101.587945,-1.328989],[101.590246,-1.326043],[101.592219,-1.320277],[101.590803,-1.318153],[101.592269,-1.314984],[101.594157,-1.314175],[101.595523,-1.314832],[101.597866,-1.313349],[101.603904,-1.30485],[101.609178,-1.305662],[101.615213,-1.309573],[101.620945,-1.306808],[101.62108,-1.300688],[101.626306,-1.2973],[101.629289,-1.296508]]]}},{"type":"Feature","properties":{"nmkec":"Koto Baru","nmkab":"Dharmasraya","nmprov":"Sumatera Barat","kdkec":"020","kdkab":"11","kodekab":"1311","idkec":"1311020","index":87},"geometry":{"type":"Polygon","coordinates":[[[101.679981,-1.037725],[101.684335,-1.041823],[101.699041,-1.041289],[101.700527,-1.038633],[101.704594,-1.041906],[101.727556,-1.04248],[101.730657,-1.044303],[101.733093,-1.044426],[101.730515,-1.046467],[101.729654,-1.049579],[101.730623,-1.053229],[101.733408,-1.056161],[101.732721,-1.057279],[101.730848,-1.058815],[101.722093,-1.062144],[101.721456,-1.06842],[101.723366,-1.072216],[101.722699,-1.075128],[101.72481,-1.081541],[101.727773,-1.081318],[101.734672,-1.077076],[101.738525,-1.081092],[101.739569,-1.083611],[101.738311,-1.089248],[101.739268,-1.092146],[101.741934,-1.094042],[101.747245,-1.095174],[101.754438,-1.09991],[101.757383,-1.098961],[101.764746,-1.107332],[101.76442,-1.115587],[101.759782,-1.112784],[101.756905,-1.112758],[101.752421,-1.114149],[101.748658,-1.116781],[101.75315,-1.124352],[101.755444,-1.125882],[101.761501,-1.126978],[101.761878,-1.129892],[101.757235,-1.135643],[101.756474,-1.137524],[101.758312,-1.140891],[101.756243,-1.142819],[101.752374,-1.142833],[101.75058,-1.13864],[101.745979,-1.138473],[101.74038,-1.140764],[101.740909,-1.142797],[101.745217,-1.146296],[101.749055,-1.145863],[101.752086,-1.147297],[101.75233,-1.148289],[101.749651,-1.151269],[101.747018,-1.152369],[101.744349,-1.157215],[101.746653,-1.162277],[101.742135,-1.166127],[101.733643,-1.178985],[101.729817,-1.182519],[101.719311,-1.18294],[101.713767,-1.17673],[101.711013,-1.170282],[101.700497,-1.173288],[101.696733,-1.168981],[101.687566,-1.166777],[101.68101,-1.15934],[101.672036,-1.155949],[101.672861,-1.156966],[101.671052,-1.158944],[101.667885,-1.158364],[101.664243,-1.153828],[101.658888,-1.153297],[101.634496,-1.158498],[101.630086,-1.160152],[101.627748,-1.162389],[101.61972,-1.16367],[101.616592,-1.161527],[101.618981,-1.149091],[101.615385,-1.145397],[101.609081,-1.142491],[101.59923,-1.144411],[101.587803,-1.140126],[101.57283,-1.140323],[101.570416,-1.141111],[101.567264,-1.146382],[101.564703,-1.148303],[101.560319,-1.148697],[101.555049,-1.154115],[101.552983,-1.154837],[101.553101,-1.153216],[101.551029,-1.150607],[101.550799,-1.146425],[101.553178,-1.138214],[101.544199,-1.124669],[101.539365,-1.120947],[101.53336,-1.119335],[101.542722,-1.119028],[101.552353,-1.11287],[101.557725,-1.107402],[101.566205,-1.106424],[101.567528,-1.105215],[101.567452,-1.100534],[101.572824,-1.095814],[101.57714,-1.093953],[101.582121,-1.09415],[101.584389,-1.091277],[101.589336,-1.087913],[101.595643,-1.087065],[101.596893,-1.086172],[101.596153,-1.083622],[101.597208,-1.08013],[101.601352,-1.074145],[101.603654,-1.074183],[101.606647,-1.076082],[101.609637,-1.076612],[101.613774,-1.074807],[101.616173,-1.06765],[101.628473,-1.062823],[101.630725,-1.057502],[101.637001,-1.055805],[101.642605,-1.046382],[101.654836,-1.046549],[101.661252,-1.045234],[101.662674,-1.04634],[101.664969,-1.043942],[101.667708,-1.038094],[101.675371,-1.036255],[101.679981,-1.037725]]]}},{"type":"Feature","properties":{"nmkec":"Koto Salak","nmkab":"Dharmasraya","nmprov":"Sumatera Barat","kdkec":"021","kdkab":"11","kodekab":"1311","idkec":"1311021","index":88},"geometry":{"type":"Polygon","coordinates":[[[101.881443,-1.100834],[101.883992,-1.10212],[101.891298,-1.100552],[101.892918,-1.102557],[101.892913,-1.106408],[101.885132,-1.112988],[101.884316,-1.13589],[101.882153,-1.137777],[101.875975,-1.140283],[101.874106,-1.142184],[101.873009,-1.145124],[101.865059,-1.154539],[101.862475,-1.159406],[101.82037,-1.212419],[101.818199,-1.206866],[101.814116,-1.206],[101.807723,-1.202535],[101.803725,-1.198389],[101.79337,-1.193186],[101.791143,-1.187329],[101.786565,-1.180875],[101.77637,-1.17432],[101.774967,-1.172248],[101.775456,-1.170698],[101.773329,-1.165854],[101.767647,-1.162802],[101.764616,-1.156574],[101.756136,-1.152475],[101.751392,-1.152854],[101.749515,-1.150923],[101.75233,-1.148289],[101.752086,-1.147297],[101.749055,-1.145863],[101.745217,-1.146296],[101.742136,-1.144164],[101.74049,-1.141628],[101.740719,-1.140442],[101.745979,-1.138473],[101.75058,-1.13864],[101.752374,-1.142833],[101.756243,-1.142819],[101.758312,-1.140891],[101.756474,-1.137524],[101.761666,-1.130427],[101.761501,-1.126978],[101.755444,-1.125882],[101.75315,-1.124352],[101.748658,-1.116781],[101.752421,-1.114149],[101.756905,-1.112758],[101.759782,-1.112784],[101.76442,-1.115587],[101.764746,-1.107332],[101.757383,-1.098961],[101.763283,-1.095603],[101.765027,-1.095699],[101.773091,-1.103672],[101.772839,-1.106198],[101.774956,-1.111223],[101.776902,-1.111998],[101.780761,-1.10937],[101.781674,-1.111576],[101.785658,-1.114831],[101.793754,-1.114857],[101.79912,-1.117933],[101.801133,-1.116202],[101.797782,-1.112675],[101.808969,-1.100422],[101.809921,-1.094132],[101.811043,-1.093554],[101.813525,-1.094914],[101.814416,-1.101937],[101.825646,-1.093885],[101.823916,-1.099555],[101.824284,-1.10664],[101.829404,-1.111004],[101.836986,-1.110307],[101.840915,-1.112337],[101.845476,-1.111867],[101.846514,-1.110472],[101.846915,-1.106929],[101.845524,-1.101703],[101.849218,-1.099492],[101.853602,-1.100163],[101.860181,-1.10894],[101.865066,-1.11194],[101.86783,-1.111088],[101.872512,-1.104675],[101.874431,-1.099329],[101.87486,-1.094837],[101.87635,-1.093127],[101.8789,-1.093772],[101.881443,-1.100834]]]}},{"type":"Feature","properties":{"nmkec":"Tiumang","nmkab":"Dharmasraya","nmprov":"Sumatera Barat","kdkec":"022","kdkab":"11","kodekab":"1311","idkec":"1311022","index":89},"geometry":{"type":"Polygon","coordinates":[[[101.775109,-1.018231],[101.825404,-1.018507],[101.821974,-1.031071],[101.822439,-1.034149],[101.82475,-1.03618],[101.825387,-1.038155],[101.821586,-1.055224],[101.821532,-1.059174],[101.828296,-1.067706],[101.828761,-1.071056],[101.824734,-1.087497],[101.826552,-1.092567],[101.814416,-1.101937],[101.813525,-1.094914],[101.811043,-1.093554],[101.809921,-1.094132],[101.808969,-1.100422],[101.797782,-1.112675],[101.801133,-1.116202],[101.79912,-1.117933],[101.793754,-1.114857],[101.785658,-1.114831],[101.781674,-1.111576],[101.780761,-1.10937],[101.776902,-1.111998],[101.774956,-1.111223],[101.772839,-1.106198],[101.773091,-1.103672],[101.765027,-1.095699],[101.763283,-1.095603],[101.754438,-1.09991],[101.747245,-1.095174],[101.741934,-1.094042],[101.739268,-1.092146],[101.738311,-1.089248],[101.739737,-1.084692],[101.738525,-1.081092],[101.734672,-1.077076],[101.727773,-1.081318],[101.72481,-1.081541],[101.722699,-1.075128],[101.723366,-1.072216],[101.721456,-1.06842],[101.722093,-1.062144],[101.730848,-1.058815],[101.733408,-1.056161],[101.730623,-1.053229],[101.729662,-1.049895],[101.731446,-1.045205],[101.738273,-1.043532],[101.747158,-1.043224],[101.752474,-1.039757],[101.757867,-1.038717],[101.768384,-1.04131],[101.771176,-1.040681],[101.77264,-1.037003],[101.780584,-1.033604],[101.778253,-1.025947],[101.773828,-1.020346],[101.774445,-1.019014],[101.775109,-1.018231]]]}},{"type":"Feature","properties":{"nmkec":"Sitiung","nmkab":"Dharmasraya","nmprov":"Sumatera Barat","kdkec":"030","kdkab":"11","kodekab":"1311","idkec":"1311030","index":90},"geometry":{"type":"Polygon","coordinates":[[[101.564871,-0.919688],[101.587654,-0.929195],[101.597885,-0.927187],[101.604787,-0.933277],[101.61795,-0.94092],[101.631538,-0.955782],[101.648524,-0.963425],[101.649028,-0.969427],[101.655114,-0.980692],[101.658745,-0.982374],[101.671476,-0.98254],[101.684617,-0.985931],[101.702724,-0.993473],[101.695734,-1.004429],[101.703121,-1.008827],[101.708766,-1.009121],[101.706798,-1.014917],[101.711943,-1.019334],[101.711933,-1.020844],[101.710209,-1.023816],[101.706863,-1.026736],[101.698812,-1.03073],[101.700634,-1.037005],[101.700311,-1.039918],[101.699041,-1.041289],[101.684335,-1.041823],[101.679981,-1.037725],[101.675371,-1.036255],[101.667708,-1.038094],[101.664969,-1.043942],[101.662674,-1.04634],[101.661252,-1.045234],[101.654836,-1.046549],[101.642605,-1.046382],[101.637001,-1.055805],[101.630725,-1.057502],[101.628473,-1.062823],[101.616173,-1.06765],[101.613774,-1.074807],[101.609637,-1.076612],[101.606647,-1.076082],[101.603654,-1.074183],[101.601352,-1.074145],[101.597208,-1.08013],[101.596153,-1.083622],[101.596893,-1.086172],[101.594855,-1.087368],[101.589336,-1.087913],[101.584389,-1.091277],[101.582121,-1.09415],[101.57714,-1.093953],[101.572824,-1.095814],[101.567452,-1.100534],[101.567528,-1.105215],[101.566205,-1.106424],[101.557725,-1.107402],[101.552353,-1.11287],[101.545408,-1.117628],[101.540256,-1.119333],[101.53959,-1.11738],[101.540543,-1.112742],[101.54696,-1.101369],[101.553187,-1.095016],[101.559794,-1.084341],[101.566084,-1.079004],[101.575615,-1.062993],[101.584637,-1.055941],[101.589021,-1.050413],[101.587369,-1.047491],[101.591038,-1.040565],[101.591573,-1.02006],[101.591292,-1.017903],[101.5886,-1.015759],[101.590271,-1.012887],[101.600641,-1.00178],[101.584465,-0.983034],[101.568334,-0.987508],[101.565733,-0.986728],[101.564446,-0.98574],[101.564739,-0.979154],[101.556523,-0.976745],[101.551166,-0.970538],[101.55038,-0.970244],[101.549235,-0.971886],[101.540798,-0.96883],[101.533213,-0.9581],[101.537213,-0.951917],[101.55582,-0.952558],[101.559148,-0.953949],[101.550863,-0.941276],[101.55121,-0.919094],[101.564871,-0.919688]]]}},{"type":"Feature","properties":{"nmkec":"Pulau Punjung","nmkab":"Dharmasraya","nmprov":"Sumatera Barat","kdkec":"040","kdkab":"11","kodekab":"1311","idkec":"1311040","index":91},"geometry":{"type":"Polygon","coordinates":[[[101.44617,-0.847319],[101.456101,-0.854886],[101.469901,-0.870278],[101.477863,-0.873463],[101.486887,-0.875586],[101.505995,-0.888325],[101.50865,-0.896012],[101.51022,-0.897557],[101.514488,-0.89841],[101.525555,-0.914748],[101.532535,-0.91858],[101.534298,-0.917141],[101.55121,-0.919094],[101.550863,-0.941276],[101.559148,-0.953949],[101.55582,-0.952558],[101.537213,-0.951917],[101.533213,-0.9581],[101.540798,-0.96883],[101.549235,-0.971886],[101.55038,-0.970244],[101.551166,-0.970538],[101.556523,-0.976745],[101.564739,-0.979154],[101.564446,-0.98574],[101.565733,-0.986728],[101.568334,-0.987508],[101.584465,-0.983034],[101.600641,-1.00178],[101.590271,-1.012887],[101.5886,-1.015759],[101.591292,-1.017903],[101.591573,-1.02006],[101.591038,-1.040565],[101.587369,-1.047491],[101.589021,-1.050413],[101.584637,-1.055941],[101.575615,-1.062993],[101.566084,-1.079004],[101.559794,-1.084341],[101.553187,-1.095016],[101.54696,-1.101369],[101.540543,-1.112742],[101.53959,-1.11738],[101.540256,-1.119333],[101.53336,-1.119335],[101.539365,-1.120947],[101.544199,-1.124669],[101.553178,-1.138214],[101.550799,-1.146425],[101.551029,-1.150607],[101.553101,-1.153216],[101.552983,-1.154837],[101.546393,-1.159065],[101.53201,-1.164581],[101.522357,-1.166354],[101.517037,-1.168718],[101.491622,-1.171674],[101.488273,-1.175417],[101.470514,-1.180908],[101.464877,-1.179042],[101.463336,-1.177461],[101.446181,-1.177866],[101.439774,-1.177461],[101.437503,-1.176122],[101.433204,-1.177136],[101.427445,-1.173324],[101.426269,-1.171175],[101.424485,-1.170769],[101.420227,-1.172472],[101.415401,-1.176285],[101.4124,-1.183544],[101.410617,-1.183981],[101.408812,-1.180394],[101.408152,-1.171854],[101.403538,-1.161875],[101.402882,-1.153001],[101.403916,-1.148759],[101.411506,-1.134926],[101.412344,-1.128074],[101.414285,-1.122005],[101.41684,-1.11804],[101.421053,-1.113534],[101.428014,-1.108333],[101.430409,-1.113091],[101.434411,-1.111482],[101.438506,-1.106442],[101.438189,-1.100227],[101.440636,-1.100349],[101.441289,-1.101509],[101.443833,-1.101383],[101.447793,-1.09692],[101.445802,-1.091681],[101.446176,-1.088879],[101.448411,-1.082916],[101.454996,-1.076405],[101.458111,-1.068348],[101.458223,-1.048525],[101.455869,-1.045498],[101.455655,-1.042024],[101.456502,-1.036333],[101.459223,-1.032155],[101.459293,-1.030349],[101.455201,-1.022718],[101.455779,-1.015018],[101.453831,-1.012083],[101.449158,-1.009281],[101.438367,-1.007645],[101.435198,-1.009751],[101.431629,-1.005097],[101.431362,-0.987284],[101.432056,-0.98457],[101.42591,-0.982726],[101.421473,-0.980064],[101.419699,-0.972966],[101.414375,-0.964093],[101.413487,-0.95522],[101.407276,-0.952558],[101.406389,-0.957881],[101.403727,-0.957881],[101.400178,-0.95167],[101.396629,-0.949008],[101.393055,-0.941178],[101.39624,-0.940728],[101.419129,-0.949976],[101.424882,-0.936301],[101.423455,-0.921929],[101.418815,-0.911773],[101.420708,-0.910374],[101.419017,-0.909447],[101.414374,-0.910817],[101.413352,-0.9062],[101.414409,-0.899988],[101.41893,-0.899151],[101.420658,-0.901728],[101.423838,-0.901166],[101.432267,-0.887039],[101.436633,-0.885826],[101.436026,-0.879339],[101.438027,-0.86897],[101.436739,-0.861691],[101.434268,-0.858811],[101.430538,-0.857234],[101.430265,-0.85609],[101.432134,-0.853821],[101.437943,-0.851271],[101.441083,-0.850886],[101.44617,-0.847319]]]}},{"type":"Feature","properties":{"nmkec":"Sungai Beremas","nmkab":"Pasaman Barat","nmprov":"Sumatera Barat","kdkec":"010","kdkab":"12","kodekab":"1312","idkec":"1312010","index":92},"geometry":{"type":"MultiPolygon","coordinates":[[[[99.35507,0.358212],[99.357478,0.355931],[99.361787,0.354537],[99.372282,0.354972],[99.375668,0.350818],[99.375667,0.344428],[99.388467,0.342445],[99.387029,0.337699],[99.388341,0.33013],[99.391059,0.328528],[99.397186,0.327713],[99.405357,0.328299],[99.417985,0.333837],[99.4196,0.310124],[99.423685,0.305307],[99.434513,0.297352],[99.44097,0.2883],[99.444484,0.271625],[99.45557,0.26025],[99.440852,0.260372],[99.440419,0.258789],[99.444991,0.255307],[99.454015,0.253816],[99.450395,0.249334],[99.446515,0.249594],[99.446544,0.24732],[99.452304,0.242756],[99.455026,0.237213],[99.456184,0.231288],[99.463947,0.235618],[99.470163,0.231661],[99.471765,0.228385],[99.472617,0.222643],[99.469301,0.210746],[99.470464,0.197843],[99.465461,0.192876],[99.458932,0.190298],[99.447479,0.194104],[99.44276,0.194299],[99.43992,0.191314],[99.434154,0.187758],[99.432187,0.184629],[99.429847,0.175387],[99.427582,0.17063],[99.426686,0.162892],[99.419867,0.150106],[99.410867,0.153011],[99.405105,0.151298],[99.398256,0.151183],[99.391931,0.159948],[99.390097,0.16826],[99.387045,0.173465],[99.391548,0.18156],[99.391948,0.186649],[99.386739,0.188215],[99.383951,0.187029],[99.380955,0.187349],[99.37359,0.190337],[99.371168,0.19508],[99.37313,0.197482],[99.375468,0.197326],[99.377404,0.20091],[99.377385,0.205494],[99.376023,0.208262],[99.366618,0.214026],[99.362491,0.215644],[99.358904,0.21577],[99.358576,0.220004],[99.359865,0.221918],[99.361032,0.222103],[99.361826,0.226053],[99.359743,0.229077],[99.338572,0.236854],[99.329924,0.237936],[99.314149,0.237591],[99.303983,0.235273],[99.297124,0.228812],[99.285201,0.22827],[99.284834,0.226605],[99.280914,0.223646],[99.278649,0.223523],[99.272586,0.220194],[99.270933,0.220256],[99.268177,0.222907],[99.265544,0.220194],[99.263951,0.2152],[99.263921,0.202192],[99.262145,0.202562],[99.25994,0.204843],[99.256143,0.211193],[99.250571,0.21292],[99.24359,0.216804],[99.240956,0.216064],[99.239364,0.213351],[99.240099,0.21107],[99.239364,0.209406],[99.236547,0.207741],[99.234098,0.214091],[99.232597,0.215448],[99.220227,0.210947],[99.216492,0.212489],[99.216614,0.213907],[99.214593,0.215941],[99.21245,0.217051],[99.209327,0.216927],[99.206939,0.220318],[99.203479,0.233512],[99.193619,0.235546],[99.192517,0.240232],[99.193252,0.242081],[99.192211,0.250589],[99.191629,0.252377],[99.189609,0.253672],[99.183546,0.252809],[99.179565,0.250466],[99.177096,0.245098],[99.177096,0.24315],[99.17986,0.238774],[99.177561,0.232753],[99.176229,0.230957],[99.168414,0.226834],[99.167331,0.228458],[99.174725,0.240827],[99.174453,0.246021],[99.175812,0.248755],[99.177986,0.251762],[99.183965,0.254222],[99.192744,0.269856],[99.19462,0.2714],[99.195177,0.273531],[99.193894,0.276458],[99.194334,0.282213],[99.19977,0.289593],[99.224772,0.307908],[99.23673,0.322669],[99.248688,0.33251],[99.259559,0.336337],[99.265538,0.337157],[99.297334,0.336882],[99.315606,0.3335],[99.320026,0.338089],[99.334777,0.35928],[99.340497,0.356945],[99.345059,0.357452],[99.349748,0.359733],[99.35507,0.358212]]],[[[99.287223,0.227928],[99.291325,0.226941],[99.2959,0.216775],[99.296215,0.2129],[99.29158,0.209375],[99.287846,0.210104],[99.281608,0.214534],[99.279714,0.219235],[99.281276,0.222603],[99.284855,0.224209],[99.285994,0.227436],[99.287223,0.227928]]],[[[99.312785,0.194631],[99.313465,0.192864],[99.312695,0.185061],[99.31175,0.183238],[99.308684,0.181263],[99.303143,0.181745],[99.302044,0.183673],[99.302261,0.187198],[99.30511,0.192728],[99.309695,0.195065],[99.312785,0.194631]]],[[[99.281692,0.178183],[99.283584,0.17499],[99.283706,0.171602],[99.279513,0.172964],[99.278518,0.175107],[99.278877,0.17752],[99.281692,0.178183]]],[[[99.294816,0.143549],[99.294341,0.138139],[99.292467,0.139851],[99.292342,0.142568],[99.293691,0.14438],[99.294816,0.143549]]],[[[99.299431,0.187753],[99.299448,0.185317],[99.296818,0.184404],[99.296493,0.186407],[99.299431,0.187753]]],[[[99.360923,0.123577],[99.35962,0.125144],[99.361696,0.126759],[99.362468,0.125496],[99.360923,0.123577]]],[[[99.300805,0.224934],[99.301558,0.224369],[99.301534,0.223741],[99.300525,0.223942],[99.300805,0.224934]]],[[[99.191661,0.247064],[99.191019,0.246824],[99.191383,0.247418],[99.191661,0.247064]]],[[[99.191674,0.234414],[99.191192,0.234288],[99.191182,0.234764],[99.191674,0.234414]]]]}},{"type":"Feature","properties":{"nmkec":"Ranah Batahan","nmkab":"Pasaman Barat","nmprov":"Sumatera Barat","kdkec":"020","kdkab":"12","kodekab":"1312","idkec":"1312020","index":93},"geometry":{"type":"Polygon","coordinates":[[[99.520393,0.551809],[99.519781,0.545709],[99.51358,0.539401],[99.513341,0.537662],[99.516515,0.536228],[99.523703,0.527736],[99.530494,0.521813],[99.539069,0.519161],[99.536035,0.513405],[99.533196,0.499528],[99.532446,0.48526],[99.530954,0.481914],[99.524287,0.473069],[99.525358,0.471047],[99.529033,0.46973],[99.529979,0.467232],[99.527914,0.460966],[99.526633,0.452429],[99.53187,0.439491],[99.531767,0.436573],[99.52957,0.431031],[99.525875,0.428239],[99.520968,0.421644],[99.515356,0.417504],[99.508231,0.413845],[99.503027,0.414185],[99.501303,0.411564],[99.495015,0.407958],[99.490447,0.410134],[99.482671,0.406883],[99.476111,0.405793],[99.476484,0.403235],[99.484263,0.394872],[99.48501,0.389336],[99.484047,0.386291],[99.482572,0.386232],[99.480457,0.388972],[99.478139,0.390167],[99.473216,0.388541],[99.465947,0.379762],[99.463621,0.371187],[99.452555,0.350427],[99.454252,0.346185],[99.456777,0.343241],[99.453894,0.34016],[99.450219,0.33802],[99.449589,0.333098],[99.443677,0.327496],[99.438945,0.327229],[99.435289,0.330157],[99.432447,0.338747],[99.426341,0.334889],[99.41931,0.3345],[99.405357,0.328299],[99.397186,0.327713],[99.391059,0.328528],[99.388341,0.33013],[99.387029,0.337699],[99.388467,0.342445],[99.375667,0.344428],[99.375668,0.350818],[99.372282,0.354972],[99.361787,0.354537],[99.357478,0.355931],[99.35507,0.358212],[99.349748,0.359733],[99.345059,0.357452],[99.340497,0.356945],[99.334921,0.359099],[99.356892,0.402638],[99.359886,0.401877],[99.362571,0.398424],[99.366008,0.398963],[99.367103,0.400735],[99.367279,0.403978],[99.371493,0.409348],[99.372222,0.415027],[99.381679,0.420631],[99.382498,0.423751],[99.382279,0.429694],[99.377577,0.436694],[99.37814,0.442988],[99.37682,0.444255],[99.377255,0.445994],[99.378155,0.447205],[99.380872,0.444799],[99.386888,0.452854],[99.391643,0.455167],[99.398406,0.461174],[99.397854,0.464931],[99.405701,0.489177],[99.411788,0.493014],[99.429092,0.491974],[99.437299,0.495667],[99.446719,0.506933],[99.461336,0.516021],[99.466306,0.521175],[99.471295,0.523666],[99.47442,0.524182],[99.47734,0.526604],[99.480107,0.5265],[99.488241,0.528863],[99.49686,0.53593],[99.503782,0.539482],[99.519181,0.551981],[99.520393,0.551809]]]}},{"type":"Feature","properties":{"nmkec":"Koto Balingka","nmkab":"Pasaman Barat","nmprov":"Sumatera Barat","kdkec":"030","kdkab":"12","kodekab":"1312","idkec":"1312030","index":94},"geometry":{"type":"Polygon","coordinates":[[[99.539463,0.51921],[99.545768,0.517909],[99.556149,0.51188],[99.56098,0.510303],[99.57409,0.509302],[99.576575,0.510146],[99.578443,0.512605],[99.577974,0.498932],[99.578975,0.48252],[99.578174,0.462905],[99.575672,0.454899],[99.564221,0.442642],[99.570719,0.435334],[99.573172,0.429942],[99.565111,0.426693],[99.548453,0.414004],[99.543945,0.405316],[99.544992,0.394115],[99.548497,0.381363],[99.548948,0.367751],[99.544013,0.356249],[99.558818,0.345461],[99.557924,0.335224],[99.560804,0.330122],[99.560461,0.324301],[99.557345,0.31355],[99.554793,0.311326],[99.550807,0.309662],[99.543488,0.299041],[99.530909,0.276718],[99.53206,0.267786],[99.535899,0.262727],[99.535911,0.260169],[99.528115,0.257383],[99.517698,0.248346],[99.506099,0.242253],[99.508411,0.23333],[99.504648,0.225915],[99.517996,0.220055],[99.514929,0.214907],[99.508298,0.209129],[99.503812,0.210559],[99.492644,0.199414],[99.486174,0.195822],[99.479555,0.189315],[99.479692,0.186713],[99.488858,0.186741],[99.508049,0.164567],[99.480245,0.163523],[99.481566,0.134372],[99.480699,0.133196],[99.486333,0.1294],[99.489309,0.128452],[99.487374,0.12753],[99.460739,0.138163],[99.43308,0.14704],[99.427539,0.148211],[99.423177,0.147085],[99.420883,0.14831],[99.419611,0.150583],[99.426686,0.162892],[99.427582,0.17063],[99.429847,0.175387],[99.432187,0.184629],[99.434154,0.187758],[99.43992,0.191314],[99.44276,0.194299],[99.447479,0.194104],[99.458932,0.190298],[99.465461,0.192876],[99.470464,0.197843],[99.469301,0.210746],[99.472617,0.222646],[99.471765,0.228385],[99.470163,0.231661],[99.463947,0.235618],[99.456184,0.231288],[99.455026,0.237213],[99.452304,0.242756],[99.446544,0.24732],[99.446515,0.249594],[99.450395,0.249334],[99.454015,0.253816],[99.444991,0.255307],[99.440419,0.258789],[99.440852,0.260372],[99.45557,0.26025],[99.444484,0.271625],[99.44097,0.2883],[99.434513,0.297352],[99.423685,0.305307],[99.4196,0.310124],[99.417985,0.333837],[99.426341,0.334889],[99.432447,0.338747],[99.435289,0.330157],[99.438945,0.327229],[99.443677,0.327496],[99.449589,0.333098],[99.450219,0.33802],[99.453894,0.34016],[99.456777,0.343241],[99.454252,0.346185],[99.452555,0.350427],[99.463621,0.371187],[99.465947,0.379762],[99.473216,0.388541],[99.478139,0.390167],[99.480457,0.388972],[99.482572,0.386232],[99.484047,0.386291],[99.48501,0.389336],[99.484263,0.394872],[99.476484,0.403235],[99.476111,0.405793],[99.482671,0.406883],[99.490447,0.410134],[99.495015,0.407958],[99.501303,0.411564],[99.503027,0.414185],[99.508231,0.413845],[99.515356,0.417504],[99.520968,0.421644],[99.525875,0.428239],[99.52957,0.431031],[99.531767,0.436573],[99.53187,0.439491],[99.526633,0.452429],[99.527914,0.460966],[99.529979,0.467232],[99.529033,0.46973],[99.525358,0.471047],[99.524287,0.473069],[99.530954,0.481914],[99.532446,0.48526],[99.533196,0.499528],[99.536035,0.513405],[99.539463,0.51921]]]}},{"type":"Feature","properties":{"nmkec":"Sungai Aur","nmkab":"Pasaman Barat","nmprov":"Sumatera Barat","kdkec":"040","kdkab":"12","kodekab":"1312","idkec":"1312040","index":95},"geometry":{"type":"Polygon","coordinates":[[[99.628298,0.42556],[99.641124,0.425405],[99.649614,0.424239],[99.650774,0.415448],[99.657928,0.408738],[99.662038,0.409675],[99.668271,0.402664],[99.675722,0.397852],[99.682668,0.391313],[99.685074,0.390304],[99.694854,0.378429],[99.696099,0.375285],[99.696399,0.372082],[99.692448,0.367059],[99.693397,0.360361],[99.685665,0.35089],[99.685171,0.344694],[99.681582,0.3361],[99.676857,0.332527],[99.678473,0.32648],[99.681194,0.323461],[99.68197,0.316689],[99.677854,0.31186],[99.670817,0.308432],[99.670017,0.30679],[99.668337,0.296929],[99.676147,0.283574],[99.675063,0.28181],[99.673329,0.282543],[99.671402,0.281167],[99.668412,0.277464],[99.669506,0.273562],[99.676037,0.272479],[99.677488,0.268106],[99.677187,0.264033],[99.685486,0.253514],[99.697673,0.243124],[99.700722,0.237828],[99.707346,0.221887],[99.707314,0.216254],[99.701222,0.213427],[99.702309,0.210922],[99.703688,0.211463],[99.705904,0.210453],[99.704226,0.204188],[99.706185,0.202632],[99.705675,0.201389],[99.698366,0.198278],[99.69284,0.197926],[99.687474,0.19379],[99.682089,0.187719],[99.673236,0.187319],[99.663687,0.180337],[99.662898,0.177242],[99.667208,0.172208],[99.664432,0.162328],[99.663921,0.156312],[99.665765,0.150707],[99.667667,0.148889],[99.668018,0.14577],[99.664906,0.140988],[99.659752,0.137227],[99.658623,0.132323],[99.659659,0.131037],[99.66107,0.131145],[99.661782,0.129443],[99.660162,0.124761],[99.655962,0.12432],[99.650824,0.119569],[99.649847,0.116069],[99.651753,0.110484],[99.649611,0.105799],[99.646315,0.104692],[99.643622,0.105582],[99.642283,0.109165],[99.637633,0.111153],[99.628132,0.117348],[99.622978,0.118625],[99.595032,0.101713],[99.594405,0.098525],[99.581768,0.098045],[99.572018,0.088318],[99.509163,0.11856],[99.486503,0.127516],[99.489309,0.128452],[99.486333,0.1294],[99.480699,0.133196],[99.481566,0.134372],[99.480245,0.163523],[99.515115,0.164806],[99.515428,0.171779],[99.534407,0.18322],[99.547555,0.19582],[99.555319,0.210866],[99.558968,0.211327],[99.571238,0.219582],[99.579209,0.231487],[99.581358,0.238277],[99.582938,0.238757],[99.589848,0.248507],[99.592752,0.257473],[99.594411,0.268982],[99.592828,0.284573],[99.589413,0.29575],[99.587084,0.299165],[99.586646,0.30521],[99.584683,0.308622],[99.585659,0.317629],[99.587711,0.321582],[99.596618,0.331714],[99.598695,0.341597],[99.601941,0.345396],[99.606465,0.36725],[99.622292,0.409248],[99.627466,0.428113],[99.628298,0.42556]]]}},{"type":"Feature","properties":{"nmkec":"Lembah Malintang","nmkab":"Pasaman Barat","nmprov":"Sumatera Barat","kdkec":"050","kdkab":"12","kodekab":"1312","idkec":"1312050","index":96},"geometry":{"type":"Polygon","coordinates":[[[99.651912,0.530988],[99.655547,0.53124],[99.656214,0.530565],[99.661132,0.524634],[99.665388,0.515758],[99.664814,0.512894],[99.66175,0.509209],[99.661583,0.507095],[99.663255,0.505055],[99.653734,0.49623],[99.64608,0.483282],[99.63592,0.46941],[99.632918,0.459402],[99.630739,0.439859],[99.627549,0.42788],[99.622292,0.409248],[99.606465,0.36725],[99.601941,0.345396],[99.598695,0.341597],[99.5964,0.331313],[99.587711,0.321582],[99.585659,0.317629],[99.584683,0.308622],[99.586646,0.30521],[99.587084,0.299165],[99.589413,0.29575],[99.592828,0.284573],[99.594411,0.268982],[99.592752,0.257473],[99.589848,0.248507],[99.582938,0.238757],[99.581358,0.238277],[99.579209,0.231487],[99.571238,0.219582],[99.558968,0.211327],[99.555319,0.210866],[99.547555,0.19582],[99.534407,0.18322],[99.515428,0.171779],[99.515115,0.164806],[99.508049,0.164567],[99.488858,0.186741],[99.479692,0.186713],[99.479555,0.189315],[99.486174,0.195822],[99.492644,0.199414],[99.503812,0.210559],[99.508298,0.209129],[99.514929,0.214907],[99.517996,0.220055],[99.504648,0.225915],[99.508411,0.23333],[99.506099,0.242253],[99.517698,0.248346],[99.528115,0.257383],[99.535911,0.260169],[99.535899,0.262727],[99.53206,0.267786],[99.530909,0.276718],[99.543488,0.299041],[99.550807,0.309662],[99.556798,0.312763],[99.559571,0.319576],[99.560804,0.330122],[99.557924,0.335224],[99.558818,0.345461],[99.544013,0.356249],[99.548948,0.367751],[99.548497,0.381363],[99.544992,0.394115],[99.543945,0.405316],[99.548453,0.414004],[99.565111,0.426693],[99.573172,0.429942],[99.570719,0.435334],[99.564221,0.442642],[99.575672,0.454899],[99.578174,0.462905],[99.578975,0.48252],[99.577974,0.498932],[99.578443,0.512605],[99.584506,0.515645],[99.590284,0.515745],[99.593772,0.52166],[99.597823,0.523952],[99.608343,0.524832],[99.617045,0.529644],[99.624831,0.536455],[99.630294,0.542709],[99.638302,0.546965],[99.642468,0.545497],[99.649417,0.540152],[99.650306,0.538528],[99.649307,0.532348],[99.651912,0.530988]]]}},{"type":"Feature","properties":{"nmkec":"Talamau","nmkab":"Pasaman Barat","nmprov":"Sumatera Barat","kdkec":"070","kdkab":"12","kodekab":"1312","idkec":"1312070","index":97},"geometry":{"type":"Polygon","coordinates":[[[99.830445,0.350981],[99.840308,0.34859],[99.848327,0.339121],[99.853961,0.334427],[99.853344,0.333248],[99.853906,0.327263],[99.86108,0.325885],[99.868231,0.322865],[99.875845,0.319087],[99.883627,0.313772],[99.889628,0.321739],[99.894736,0.310204],[99.909989,0.305965],[99.916475,0.297693],[99.925731,0.293483],[99.940799,0.290761],[99.950741,0.292516],[99.954742,0.291361],[99.960728,0.29177],[99.965795,0.288234],[99.972748,0.2876],[99.976317,0.286148],[99.978091,0.283158],[99.985167,0.285833],[99.988507,0.282877],[99.98912,0.277304],[99.994341,0.274584],[99.997097,0.275117],[100.00868,0.282212],[100.009727,0.286967],[100.018432,0.287351],[100.030606,0.292331],[100.03492,0.291833],[100.038404,0.288515],[100.048027,0.245874],[100.053503,0.234094],[100.060445,0.227152],[100.062462,0.219659],[100.075404,0.192781],[100.07557,0.182494],[100.074357,0.171698],[100.069379,0.161246],[100.06188,0.152704],[100.047866,0.147075],[100.038549,0.135847],[100.026787,0.11777],[100.010196,0.100932],[100.002148,0.096475],[99.997444,0.089789],[99.99056,0.086868],[99.986008,0.082477],[99.981718,0.084028],[99.965928,0.097432],[99.957498,0.106438],[99.957176,0.109251],[99.941953,0.121463],[99.92453,0.143314],[99.916225,0.149661],[99.907887,0.152897],[99.894624,0.162986],[99.892467,0.166222],[99.889916,0.177546],[99.887593,0.181694],[99.866206,0.20761],[99.859484,0.213512],[99.847432,0.214532],[99.848256,0.222615],[99.847563,0.23707],[99.845211,0.246378],[99.841655,0.254386],[99.834305,0.262022],[99.811422,0.278197],[99.809265,0.285498],[99.807523,0.287986],[99.810012,0.298107],[99.816897,0.308726],[99.819552,0.317105],[99.821211,0.331291],[99.828579,0.346747],[99.828402,0.34841],[99.830445,0.350981]]]}},{"type":"Feature","properties":{"nmkec":"Kinali","nmkab":"Pasaman Barat","nmprov":"Sumatera Barat","kdkec":"110","kdkab":"12","kodekab":"1312","idkec":"1312110","index":98},"geometry":{"type":"Polygon","coordinates":[[[99.995136,0.021878],[100.004482,0.027405],[100.010083,0.028549],[100.024932,0.018528],[100.032999,0.016457],[100.037152,0.00872],[100.037081,0.006672],[100.026686,-0.002054],[100.02641,-0.019031],[100.031121,-0.036448],[100.036171,-0.046299],[100.036516,-0.049504],[100.031067,-0.058195],[100.033243,-0.061552],[100.035411,-0.062069],[100.037137,-0.06642],[100.035577,-0.070755],[100.029312,-0.072438],[100.020747,-0.080351],[100.017186,-0.085791],[100.016291,-0.098593],[100.014897,-0.100967],[100.015264,-0.108359],[100.013555,-0.113029],[100.010949,-0.114477],[100.010212,-0.119316],[100.007101,-0.119863],[100.004775,-0.117022],[100.001382,-0.115252],[99.996756,-0.124726],[99.99384,-0.128469],[99.9821,-0.139346],[99.982134,-0.150288],[99.983976,-0.151039],[99.988459,-0.14991],[99.989301,-0.140927],[99.991809,-0.139607],[99.993613,-0.14116],[99.994561,-0.145688],[99.988344,-0.156295],[99.977668,-0.156295],[99.977896,-0.160376],[99.956424,-0.161005],[99.949768,-0.170376],[99.876109,-0.172087],[99.860748,-0.176407],[99.813244,-0.178511],[99.769353,-0.174147],[99.757362,-0.15783],[99.748756,-0.148929],[99.747223,-0.144175],[99.74734,-0.135928],[99.750151,-0.130392],[99.754348,-0.124921],[99.758742,-0.115722],[99.759203,-0.105198],[99.757236,-0.091357],[99.757701,-0.082043],[99.758788,-0.078007],[99.762718,-0.072723],[99.762282,-0.063337],[99.755698,-0.049226],[99.751277,-0.043309],[99.753501,-0.041334],[99.748124,-0.033089],[99.748483,-0.031177],[99.766487,-0.022228],[99.768667,-0.01937],[99.790477,-0.015528],[99.795895,-0.010162],[99.799895,-0.014769],[99.806548,-0.016997],[99.811933,-0.01116],[99.829315,0.000665],[99.83174,0.001775],[99.850923,0.002827],[99.851362,0.006749],[99.859139,0.006811],[99.861927,0.008132],[99.865766,0.01424],[99.879955,0.014055],[99.879924,0.010053],[99.882591,0.001316],[99.885809,0.004492],[99.893639,0.003359],[99.896216,-0.000263],[99.909467,-0.000134],[99.910241,0.014739],[99.912772,0.019383],[99.899102,0.019648],[99.899681,0.036469],[99.903909,0.042067],[99.959276,0.058759],[99.97617,0.06839],[99.977339,0.051281],[99.979322,0.04582],[99.987794,0.025367],[99.991358,0.022363],[99.995136,0.021878]]]}},{"type":"Feature","properties":{"nmkec":"Lubuk Kilangan","nmkab":"Padang","nmprov":"Sumatera Barat","kdkec":"020","kdkab":"71","kodekab":"1371","idkec":"1371020","index":99},"geometry":{"type":"Polygon","coordinates":[[[100.565843,-0.895818],[100.56623,-0.903023],[100.563548,-0.907261],[100.560766,-0.917865],[100.556614,-0.921726],[100.554517,-0.921964],[100.547976,-0.933149],[100.545706,-0.935453],[100.544412,-0.939996],[100.544074,-0.95134],[100.545992,-0.958098],[100.546363,-0.972275],[100.545551,-0.970079],[100.540527,-0.966309],[100.538574,-0.958974],[100.536303,-0.957751],[100.528931,-0.97699],[100.523771,-0.986148],[100.51982,-0.990806],[100.515193,-0.993912],[100.506613,-0.998086],[100.49949,-1.0],[100.494019,-1.003797],[100.49145,-1.004272],[100.483946,-1.001506],[100.483201,-0.997305],[100.481506,-0.994125],[100.474502,-0.989001],[100.469584,-0.989062],[100.463906,-0.99061],[100.451525,-0.997415],[100.449169,-0.996629],[100.435443,-0.986769],[100.425967,-0.983347],[100.431489,-0.982924],[100.432216,-0.981866],[100.430059,-0.97214],[100.427403,-0.968422],[100.423853,-0.958187],[100.421253,-0.956346],[100.419481,-0.951835],[100.424115,-0.949956],[100.423994,-0.948817],[100.42948,-0.947999],[100.431617,-0.946076],[100.431475,-0.944844],[100.4373,-0.941595],[100.442715,-0.945655],[100.456195,-0.947416],[100.459338,-0.947245],[100.470703,-0.941711],[100.481506,-0.939697],[100.486348,-0.939305],[100.490479,-0.942078],[100.516296,-0.9375],[100.522459,-0.92912],[100.526848,-0.920333],[100.527283,-0.911011],[100.532288,-0.899475],[100.535278,-0.89679],[100.539673,-0.894409],[100.545288,-0.893677],[100.549927,-0.895386],[100.555185,-0.895685],[100.563664,-0.893483],[100.565843,-0.895818]]]}},{"type":"Feature","properties":{"nmkec":"Lubuk Begalung","nmkab":"Padang","nmprov":"Sumatera Barat","kdkec":"030","kdkab":"71","kodekab":"1371","idkec":"1371030","index":100},"geometry":{"type":"Polygon","coordinates":[[[100.414173,-0.945504],[100.416872,-0.949168],[100.422321,-0.94833],[100.42371,-0.948879],[100.424115,-0.949956],[100.419481,-0.951835],[100.421253,-0.956346],[100.423853,-0.958187],[100.427403,-0.968422],[100.430059,-0.97214],[100.432227,-0.982283],[100.425967,-0.983347],[100.423779,-0.982331],[100.420004,-0.985661],[100.417727,-0.992553],[100.410593,-0.997957],[100.407413,-1.004318],[100.39528,-1.019081],[100.386847,-1.032621],[100.378608,-1.041862],[100.377572,-1.038871],[100.380082,-1.033305],[100.386828,-1.0254],[100.39125,-1.009717],[100.389029,-1.007411],[100.387148,-1.009095],[100.385616,-1.007938],[100.387359,-1.002714],[100.38516,-0.995854],[100.382488,-0.99335],[100.379627,-0.995681],[100.379352,-0.993588],[100.385717,-0.985416],[100.386306,-0.981862],[100.385132,-0.973335],[100.383369,-0.971689],[100.379345,-0.970516],[100.379124,-0.960543],[100.385207,-0.958815],[100.385695,-0.957228],[100.388093,-0.955457],[100.393353,-0.954406],[100.399942,-0.949471],[100.404245,-0.948477],[100.408024,-0.945408],[100.411543,-0.944522],[100.414173,-0.945504]]]}},{"type":"Feature","properties":{"nmkec":"Padang Timur","nmkab":"Padang","nmprov":"Sumatera Barat","kdkec":"050","kdkab":"71","kodekab":"1371","idkec":"1371050","index":101},"geometry":{"type":"Polygon","coordinates":[[[100.369878,-0.929035],[100.374471,-0.937311],[100.384806,-0.935885],[100.38768,-0.937028],[100.391584,-0.940671],[100.395904,-0.941037],[100.396561,-0.943652],[100.399512,-0.947035],[100.399942,-0.949471],[100.393353,-0.954406],[100.386445,-0.956459],[100.385207,-0.958815],[100.379124,-0.960543],[100.378536,-0.957877],[100.374511,-0.952085],[100.371551,-0.952558],[100.37085,-0.955039],[100.371395,-0.956846],[100.370441,-0.956796],[100.366958,-0.953724],[100.367878,-0.950617],[100.363797,-0.951294],[100.361724,-0.941654],[100.361278,-0.931187],[100.364565,-0.931042],[100.369878,-0.929035]]]}},{"type":"Feature","properties":{"nmkec":"Padang Utara","nmkab":"Padang","nmprov":"Sumatera Barat","kdkec":"070","kdkab":"71","kodekab":"1371","idkec":"1371070","index":102},"geometry":{"type":"Polygon","coordinates":[[[100.346106,-0.887814],[100.353874,-0.891625],[100.357709,-0.88965],[100.358616,-0.890416],[100.354953,-0.900706],[100.351982,-0.902602],[100.355728,-0.908525],[100.357843,-0.907599],[100.360838,-0.910772],[100.368341,-0.910072],[100.369961,-0.911976],[100.37023,-0.913852],[100.367943,-0.916638],[100.369035,-0.917926],[100.371695,-0.918652],[100.374218,-0.927531],[100.376963,-0.929535],[100.378124,-0.931932],[100.376617,-0.936692],[100.374471,-0.937311],[100.371075,-0.929951],[100.369878,-0.929035],[100.364565,-0.931042],[100.361278,-0.931187],[100.361294,-0.924429],[100.34934,-0.923302],[100.347218,-0.916292],[100.34338,-0.909108],[100.344082,-0.896617],[100.342994,-0.888198],[100.346106,-0.887814]]]}},{"type":"Feature","properties":{"nmkec":"Nanggalo","nmkab":"Padang","nmprov":"Sumatera Barat","kdkec":"080","kdkab":"71","kodekab":"1371","idkec":"1371080","index":103},"geometry":{"type":"Polygon","coordinates":[[[100.383495,-0.884345],[100.382899,-0.890287],[100.383512,-0.895141],[100.381067,-0.904455],[100.382265,-0.907349],[100.380006,-0.910801],[100.381381,-0.912962],[100.38505,-0.91462],[100.381852,-0.919546],[100.377614,-0.92014],[100.376503,-0.917622],[100.371167,-0.918723],[100.369035,-0.917926],[100.367943,-0.916431],[100.37031,-0.913317],[100.368717,-0.910306],[100.360838,-0.910772],[100.357843,-0.907599],[100.355728,-0.908525],[100.351982,-0.902602],[100.354953,-0.900706],[100.358616,-0.890416],[100.363764,-0.887655],[100.377001,-0.884468],[100.381424,-0.879137],[100.386173,-0.876338],[100.387215,-0.877591],[100.385525,-0.87882],[100.383495,-0.884345]]]}},{"type":"Feature","properties":{"nmkec":"Kuranji","nmkab":"Padang","nmprov":"Sumatera Barat","kdkec":"090","kdkab":"71","kodekab":"1371","idkec":"1371090","index":104},"geometry":{"type":"Polygon","coordinates":[[[100.453482,-0.862553],[100.453478,-0.874683],[100.452063,-0.87888],[100.448609,-0.883002],[100.445104,-0.884673],[100.434427,-0.904051],[100.430807,-0.907457],[100.431032,-0.910645],[100.43276,-0.913853],[100.432234,-0.917127],[100.42894,-0.922463],[100.421106,-0.922985],[100.418076,-0.930632],[100.407359,-0.933223],[100.40532,-0.934264],[100.402169,-0.938218],[100.397126,-0.939249],[100.395904,-0.941037],[100.391584,-0.940671],[100.38768,-0.937028],[100.384806,-0.935885],[100.376423,-0.936768],[100.378124,-0.931932],[100.376963,-0.929535],[100.374218,-0.927531],[100.371695,-0.918652],[100.376503,-0.917622],[100.377614,-0.92014],[100.381569,-0.91963],[100.385019,-0.914881],[100.381381,-0.912962],[100.380006,-0.910801],[100.382265,-0.907349],[100.381067,-0.904455],[100.383512,-0.895141],[100.382899,-0.890287],[100.383495,-0.884345],[100.385525,-0.87882],[100.387215,-0.877591],[100.387717,-0.878296],[100.388394,-0.877127],[100.390175,-0.872019],[100.395288,-0.869935],[100.399906,-0.869627],[100.408863,-0.873014],[100.412973,-0.872593],[100.428289,-0.860945],[100.435532,-0.856457],[100.439982,-0.855051],[100.439513,-0.851538],[100.436705,-0.849897],[100.437171,-0.846385],[100.439982,-0.844277],[100.459421,-0.844042],[100.4615,-0.842248],[100.462015,-0.844568],[100.458536,-0.85034],[100.453482,-0.862553]]]}},{"type":"Feature","properties":{"nmkec":"Pauh","nmkab":"Padang","nmprov":"Sumatera Barat","kdkec":"100","kdkab":"71","kodekab":"1371","idkec":"1371100","index":105},"geometry":{"type":"Polygon","coordinates":[[[100.527574,-0.791325],[100.534407,-0.798703],[100.537587,-0.80375],[100.537845,-0.808034],[100.539358,-0.808544],[100.541673,-0.807657],[100.545149,-0.81708],[100.549878,-0.825288],[100.548824,-0.829728],[100.543954,-0.836177],[100.535702,-0.841376],[100.533655,-0.847547],[100.534289,-0.851684],[100.538578,-0.85672],[100.541743,-0.858436],[100.546921,-0.858947],[100.553539,-0.85761],[100.555448,-0.859455],[100.5567,-0.861784],[100.55838,-0.878211],[100.561908,-0.884568],[100.563664,-0.893483],[100.555185,-0.895685],[100.549927,-0.895386],[100.545288,-0.893677],[100.539673,-0.894409],[100.532715,-0.898987],[100.527283,-0.911011],[100.526848,-0.920333],[100.522459,-0.92912],[100.516296,-0.9375],[100.490479,-0.942078],[100.486348,-0.939305],[100.481506,-0.939697],[100.470703,-0.941711],[100.459338,-0.947245],[100.456195,-0.947416],[100.442715,-0.945655],[100.4373,-0.941595],[100.431475,-0.944844],[100.431617,-0.946076],[100.42948,-0.947999],[100.426338,-0.949044],[100.424997,-0.948338],[100.423994,-0.948817],[100.424115,-0.949956],[100.422321,-0.94833],[100.416872,-0.949168],[100.414173,-0.945504],[100.411543,-0.944522],[100.406594,-0.946067],[100.404093,-0.948551],[100.399942,-0.949471],[100.399512,-0.947035],[100.395875,-0.941752],[100.397126,-0.939249],[100.402169,-0.938218],[100.40532,-0.934264],[100.407359,-0.933223],[100.418076,-0.930632],[100.421106,-0.922985],[100.42894,-0.922463],[100.432234,-0.917127],[100.43276,-0.913853],[100.431032,-0.910645],[100.430807,-0.907457],[100.434427,-0.904051],[100.445104,-0.884673],[100.448609,-0.883002],[100.452063,-0.87888],[100.453478,-0.874683],[100.453482,-0.862553],[100.458536,-0.85034],[100.462015,-0.844568],[100.4615,-0.842248],[100.473103,-0.832433],[100.474177,-0.826243],[100.476051,-0.822964],[100.474646,-0.817811],[100.471835,-0.813361],[100.465277,-0.809848],[100.469693,-0.807632],[100.474646,-0.802821],[100.488653,-0.800687],[100.487996,-0.797903],[100.499473,-0.795092],[100.507436,-0.796029],[100.511807,-0.793927],[100.511886,-0.795742],[100.515669,-0.795332],[100.518186,-0.794257],[100.521179,-0.791274],[100.524666,-0.790696],[100.527574,-0.791325]]]}},{"type":"Feature","properties":{"nmkec":"Koto Tangah","nmkab":"Padang","nmprov":"Sumatera Barat","kdkec":"110","kdkab":"71","kodekab":"1371","idkec":"1371110","index":106},"geometry":{"type":"MultiPolygon","coordinates":[[[[100.458671,-0.724483],[100.460825,-0.729585],[100.462968,-0.731148],[100.472951,-0.734304],[100.476896,-0.736519],[100.478292,-0.739669],[100.47879,-0.74557],[100.483183,-0.752168],[100.490407,-0.755062],[100.495938,-0.753695],[100.49951,-0.754385],[100.503568,-0.757294],[100.506575,-0.76873],[100.505993,-0.785306],[100.507796,-0.787789],[100.511408,-0.789398],[100.511807,-0.793927],[100.507436,-0.796029],[100.499473,-0.795092],[100.487996,-0.797903],[100.488653,-0.800687],[100.474646,-0.802821],[100.469693,-0.807632],[100.465277,-0.809848],[100.471835,-0.813361],[100.474646,-0.817811],[100.476051,-0.822964],[100.474177,-0.826243],[100.473103,-0.832433],[100.459421,-0.844042],[100.439982,-0.844277],[100.437171,-0.846385],[100.436705,-0.849897],[100.439513,-0.851538],[100.439982,-0.855051],[100.435532,-0.856457],[100.428289,-0.860945],[100.412973,-0.872593],[100.408863,-0.873014],[100.399906,-0.869627],[100.395288,-0.869935],[100.390175,-0.872019],[100.387717,-0.878296],[100.386173,-0.876338],[100.381424,-0.879137],[100.379213,-0.882444],[100.375719,-0.884945],[100.363764,-0.887655],[100.358616,-0.890416],[100.357709,-0.88965],[100.353874,-0.891625],[100.346106,-0.887814],[100.342999,-0.888257],[100.341213,-0.882309],[100.333584,-0.867984],[100.331046,-0.860297],[100.325556,-0.851341],[100.30966,-0.833494],[100.292112,-0.820354],[100.292143,-0.815807],[100.293617,-0.812486],[100.292885,-0.810294],[100.290907,-0.808524],[100.292736,-0.806414],[100.302538,-0.805913],[100.309781,-0.807817],[100.316192,-0.805939],[100.321717,-0.805964],[100.32549,-0.803579],[100.334174,-0.801676],[100.339245,-0.804604],[100.343713,-0.804329],[100.348899,-0.802136],[100.353165,-0.798917],[100.355239,-0.799073],[100.358246,-0.801407],[100.361014,-0.802215],[100.365938,-0.801203],[100.368276,-0.799368],[100.371834,-0.790109],[100.374811,-0.78789],[100.376284,-0.785122],[100.376909,-0.772372],[100.381448,-0.768777],[100.382029,-0.76436],[100.384352,-0.759272],[100.395719,-0.75459],[100.399677,-0.749027],[100.401317,-0.748066],[100.412568,-0.746409],[100.416062,-0.745087],[100.418158,-0.742911],[100.423797,-0.743027],[100.430268,-0.741206],[100.439025,-0.735356],[100.449842,-0.732342],[100.456287,-0.728733],[100.458671,-0.724483]]],[[[100.100993,-0.875455],[100.098833,-0.874325],[100.10063,-0.872259],[100.101861,-0.87282],[100.100993,-0.875455]]],[[[100.206223,-0.875113],[100.204539,-0.875773],[100.204307,-0.874256],[100.206069,-0.873905],[100.206223,-0.875113]]],[[[100.303051,-0.859061],[100.301528,-0.8594],[100.301135,-0.858336],[100.302935,-0.85776],[100.303051,-0.859061]]]]}},{"type":"Feature","properties":{"nmkec":"Lubuk Sikarah","nmkab":"Solok","nmprov":"Sumatera Barat","kdkec":"010","kdkab":"72","kodekab":"1372","idkec":"1372010","index":107},"geometry":{"type":"Polygon","coordinates":[[[100.633482,-0.765187],[100.642531,-0.772822],[100.6472,-0.779481],[100.645467,-0.781857],[100.645359,-0.784131],[100.646434,-0.785509],[100.650357,-0.786481],[100.653235,-0.789434],[100.655201,-0.793327],[100.658221,-0.794246],[100.670655,-0.788458],[100.676882,-0.793705],[100.6794,-0.804301],[100.675668,-0.807658],[100.666836,-0.810939],[100.66157,-0.809546],[100.659045,-0.807187],[100.641809,-0.804756],[100.641289,-0.801498],[100.642708,-0.797283],[100.636137,-0.795206],[100.631529,-0.795975],[100.624846,-0.799087],[100.596346,-0.806259],[100.561337,-0.819047],[100.5569,-0.818602],[100.544917,-0.814918],[100.541673,-0.807657],[100.543352,-0.808837],[100.546964,-0.803506],[100.549257,-0.802006],[100.552063,-0.802629],[100.557152,-0.800843],[100.561784,-0.794402],[100.582406,-0.789028],[100.584988,-0.781234],[100.58739,-0.778404],[100.594778,-0.774145],[100.59704,-0.768515],[100.606013,-0.771499],[100.621346,-0.773319],[100.627929,-0.771313],[100.633482,-0.765187]]]}},{"type":"Feature","properties":{"nmkec":"Tanjung Harapan","nmkab":"Solok","nmprov":"Sumatera Barat","kdkec":"020","kdkab":"72","kodekab":"1372","idkec":"1372020","index":108},"geometry":{"type":"Polygon","coordinates":[[[100.688451,-0.745825],[100.685571,-0.759682],[100.686251,-0.761184],[100.684762,-0.763173],[100.679872,-0.764392],[100.674719,-0.767725],[100.672846,-0.770208],[100.670682,-0.780009],[100.670655,-0.788458],[100.658221,-0.794246],[100.655036,-0.793171],[100.653235,-0.789434],[100.650357,-0.786481],[100.646434,-0.785509],[100.645359,-0.784131],[100.645467,-0.781857],[100.6472,-0.779481],[100.642531,-0.772822],[100.633482,-0.765187],[100.633973,-0.761365],[100.630977,-0.756146],[100.630789,-0.754104],[100.633711,-0.751752],[100.643158,-0.747121],[100.642202,-0.743777],[100.659792,-0.743297],[100.679636,-0.738688],[100.687476,-0.743177],[100.688451,-0.745825]]]}},{"type":"Feature","properties":{"nmkec":"Silungkang","nmkab":"Sawah Lunto","nmprov":"Sumatera Barat","kdkec":"010","kdkab":"73","kodekab":"1373","idkec":"1373010","index":109},"geometry":{"type":"Polygon","coordinates":[[[100.777492,-0.693514],[100.778288,-0.69431],[100.785031,-0.694724],[100.786934,-0.697111],[100.789433,-0.697978],[100.794576,-0.695404],[100.80108,-0.695279],[100.798482,-0.696798],[100.798411,-0.702759],[100.800723,-0.704491],[100.802452,-0.703976],[100.803272,-0.705715],[100.802883,-0.718633],[100.803921,-0.719164],[100.8086,-0.730134],[100.810055,-0.736237],[100.809335,-0.737756],[100.805957,-0.740023],[100.805427,-0.741601],[100.808169,-0.749338],[100.807887,-0.755468],[100.805599,-0.758232],[100.801159,-0.759892],[100.799421,-0.763482],[100.798687,-0.762537],[100.787693,-0.76368],[100.785577,-0.764829],[100.782619,-0.762404],[100.773838,-0.750537],[100.751593,-0.738053],[100.747738,-0.737232],[100.746954,-0.734807],[100.74506,-0.724121],[100.749716,-0.724061],[100.753334,-0.722227],[100.755589,-0.719978],[100.757784,-0.714568],[100.767962,-0.70902],[100.773924,-0.695636],[100.777492,-0.693514]]]}},{"type":"Feature","properties":{"nmkec":"Lembah Segar","nmkab":"Sawah Lunto","nmprov":"Sumatera Barat","kdkec":"020","kdkab":"73","kodekab":"1373","idkec":"1373020","index":110},"geometry":{"type":"Polygon","coordinates":[[[100.789702,-0.668791],[100.79272,-0.667812],[100.794397,-0.669198],[100.798995,-0.669988],[100.797481,-0.674616],[100.801499,-0.681887],[100.806685,-0.687753],[100.806231,-0.690584],[100.802324,-0.694552],[100.794576,-0.695404],[100.789433,-0.697978],[100.786934,-0.697111],[100.785031,-0.694724],[100.778288,-0.69431],[100.777492,-0.693514],[100.773924,-0.695636],[100.769265,-0.7075],[100.767962,-0.70902],[100.757784,-0.714568],[100.755589,-0.719978],[100.753334,-0.722227],[100.750005,-0.723988],[100.744939,-0.724652],[100.726633,-0.724309],[100.7236,-0.718776],[100.723929,-0.703572],[100.732166,-0.695995],[100.737701,-0.696417],[100.739441,-0.690434],[100.74668,-0.683103],[100.751973,-0.679469],[100.751708,-0.676914],[100.754359,-0.67337],[100.757246,-0.672001],[100.762938,-0.674331],[100.767897,-0.678448],[100.773585,-0.680086],[100.775197,-0.681602],[100.780657,-0.678581],[100.781835,-0.674036],[100.780112,-0.671855],[100.773821,-0.670017],[100.769381,-0.667029],[100.778209,-0.661036],[100.789702,-0.668791]]]}},{"type":"Feature","properties":{"nmkec":"Padang Panjang Timur","nmkab":"Padang Panjang","nmprov":"Sumatera Barat","kdkec":"020","kdkab":"74","kodekab":"1374","idkec":"1374020","index":111},"geometry":{"type":"Polygon","coordinates":[[[100.40747,-0.456639],[100.40965,-0.460822],[100.410802,-0.459944],[100.410137,-0.458166],[100.411437,-0.45468],[100.423797,-0.455731],[100.425218,-0.458296],[100.435027,-0.465785],[100.43565,-0.468999],[100.434713,-0.481477],[100.432887,-0.488178],[100.426116,-0.486049],[100.425061,-0.486605],[100.422311,-0.483966],[100.421349,-0.480781],[100.418832,-0.480153],[100.417355,-0.480526],[100.416859,-0.482193],[100.414228,-0.484023],[100.405852,-0.480057],[100.4045,-0.481667],[100.402361,-0.474593],[100.399489,-0.471743],[100.404685,-0.469838],[100.40509,-0.463872],[100.401474,-0.460928],[100.402105,-0.45783],[100.404895,-0.452993],[100.407538,-0.453667],[100.40747,-0.456639]]]}},{"type":"Feature","properties":{"nmkec":"Mandiangin Koto Selayan","nmkab":"Bukittinggi","nmprov":"Sumatera Barat","kdkec":"020","kdkab":"75","kodekab":"1375","idkec":"1375020","index":112},"geometry":{"type":"Polygon","coordinates":[[[100.336207,-0.27148],[100.349941,-0.278113],[100.358639,-0.284906],[100.369101,-0.28207],[100.374055,-0.285675],[100.384916,-0.283384],[100.387935,-0.283789],[100.391193,-0.286628],[100.390927,-0.28778],[100.397577,-0.295501],[100.397202,-0.304379],[100.386961,-0.30831],[100.382446,-0.3067],[100.377263,-0.301187],[100.374615,-0.300078],[100.360305,-0.298125],[100.351486,-0.290368],[100.34159,-0.29135],[100.335286,-0.282994],[100.33319,-0.278743],[100.338393,-0.275238],[100.336207,-0.27148]]]}},{"type":"Feature","properties":{"nmkec":"Aur Birugo Tigo Baleh","nmkab":"Bukittinggi","nmprov":"Sumatera Barat","kdkec":"030","kdkab":"75","kodekab":"1375","idkec":"1375030","index":113},"geometry":{"type":"Polygon","coordinates":[[[100.397778,-0.306841],[100.403405,-0.313326],[100.406302,-0.31914],[100.401274,-0.321611],[100.397134,-0.321079],[100.393673,-0.321766],[100.390617,-0.32525],[100.385842,-0.324898],[100.379445,-0.32215],[100.375226,-0.321502],[100.37117,-0.322088],[100.366204,-0.316722],[100.365072,-0.314059],[100.375389,-0.311688],[100.387614,-0.317109],[100.388787,-0.316555],[100.388833,-0.311424],[100.387741,-0.308261],[100.39668,-0.304306],[100.397778,-0.306841]]]}},{"type":"Feature","properties":{"nmkec":"Payakumbuh Barat","nmkab":"Payakumbuh","nmprov":"Sumatera Barat","kdkec":"010","kdkab":"76","kodekab":"1376","idkec":"1376010","index":114},"geometry":{"type":"Polygon","coordinates":[[[100.615092,-0.210745],[100.619113,-0.215706],[100.624436,-0.214996],[100.629223,-0.223667],[100.638298,-0.227386],[100.641193,-0.23311],[100.633565,-0.241851],[100.631497,-0.241055],[100.63141,-0.242443],[100.62749,-0.247554],[100.620442,-0.250555],[100.617137,-0.249494],[100.61485,-0.258387],[100.606188,-0.258416],[100.599926,-0.254772],[100.600078,-0.253278],[100.595489,-0.251616],[100.592675,-0.244042],[100.586863,-0.239535],[100.588953,-0.239386],[100.591381,-0.237089],[100.592277,-0.234775],[100.591733,-0.230894],[100.599203,-0.220519],[100.602144,-0.219692],[100.605194,-0.215192],[100.606693,-0.214474],[100.608964,-0.214981],[100.615092,-0.210745]]]}},{"type":"Feature","properties":{"nmkec":"Payakumbuh Utara","nmkab":"Payakumbuh","nmprov":"Sumatera Barat","kdkec":"030","kdkab":"76","kodekab":"1376","idkec":"1376030","index":115},"geometry":{"type":"Polygon","coordinates":[[[100.635673,-0.184028],[100.662433,-0.188304],[100.664046,-0.19059],[100.663253,-0.193811],[100.660781,-0.197832],[100.66209,-0.199576],[100.659511,-0.204884],[100.655893,-0.210734],[100.652522,-0.211639],[100.649565,-0.214411],[100.64726,-0.22221],[100.644254,-0.227301],[100.645052,-0.230365],[100.641193,-0.23311],[100.638298,-0.227386],[100.629223,-0.223667],[100.624436,-0.214996],[100.619113,-0.215706],[100.615092,-0.210745],[100.622899,-0.204848],[100.623752,-0.200947],[100.625477,-0.200134],[100.632634,-0.191013],[100.632403,-0.18707],[100.633516,-0.184641],[100.635673,-0.184028]]]}},{"type":"Feature","properties":{"nmkec":"Lamposi Tigo Nagori","nmkab":"Payakumbuh","nmprov":"Sumatera Barat","kdkec":"031","kdkab":"76","kodekab":"1376","idkec":"1376031","index":116},"geometry":{"type":"Polygon","coordinates":[[[100.604102,-0.193535],[100.604376,-0.195867],[100.606046,-0.19652],[100.624272,-0.194538],[100.622899,-0.204848],[100.608964,-0.214981],[100.606693,-0.214474],[100.605194,-0.215192],[100.602144,-0.219692],[100.592922,-0.217866],[100.59012,-0.214639],[100.582958,-0.210324],[100.583515,-0.201773],[100.586509,-0.198223],[100.593468,-0.193219],[100.597502,-0.19166],[100.60034,-0.191632],[100.604102,-0.193535]]]}},{"type":"Feature","properties":{"nmkec":"Pariaman Selatan","nmkab":"Pariaman","nmprov":"Sumatera Barat","kdkec":"010","kdkab":"77","kodekab":"1377","idkec":"1377010","index":117},"geometry":{"type":"Polygon","coordinates":[[[100.171668,-0.603315],[100.17435,-0.60428],[100.180477,-0.609507],[100.181707,-0.613639],[100.181414,-0.616577],[100.17989,-0.619114],[100.181684,-0.620912],[100.183511,-0.619862],[100.185119,-0.621535],[100.181873,-0.6237],[100.173654,-0.623765],[100.173567,-0.628579],[100.175699,-0.631966],[100.173089,-0.637216],[100.170817,-0.646204],[100.173388,-0.649508],[100.172624,-0.652326],[100.171944,-0.652806],[100.165368,-0.65021],[100.160544,-0.656095],[100.160207,-0.658306],[100.161386,-0.658571],[100.16278,-0.657116],[100.163189,-0.659328],[100.158587,-0.662815],[100.157505,-0.66122],[100.158602,-0.660205],[100.156545,-0.659988],[100.153267,-0.665691],[100.154278,-0.668644],[100.157057,-0.669135],[100.158139,-0.670688],[100.159055,-0.674515],[100.158403,-0.675543],[100.139171,-0.65588],[100.128292,-0.646792],[100.135027,-0.640924],[100.137785,-0.640739],[100.145261,-0.637378],[100.149243,-0.632931],[100.149378,-0.631193],[100.148086,-0.631132],[100.151425,-0.627241],[100.153064,-0.627952],[100.156245,-0.627331],[100.159542,-0.624815],[100.167777,-0.613183],[100.171668,-0.603315]]]}},{"type":"Feature","properties":{"nmkec":"Pariaman Tengah","nmkab":"Pariaman","nmprov":"Sumatera Barat","kdkec":"020","kdkab":"77","kodekab":"1377","idkec":"1377020","index":118},"geometry":{"type":"MultiPolygon","coordinates":[[[[100.12308,-0.60326],[100.125475,-0.605585],[100.124403,-0.607691],[100.12483,-0.608865],[100.128529,-0.612671],[100.133534,-0.611375],[100.141771,-0.613059],[100.14516,-0.618157],[100.146627,-0.622895],[100.151425,-0.627241],[100.148086,-0.631132],[100.149378,-0.631193],[100.149243,-0.632931],[100.145261,-0.637378],[100.137785,-0.640739],[100.135027,-0.640924],[100.128292,-0.646792],[100.125364,-0.643537],[100.121344,-0.635728],[100.117024,-0.630863],[100.11384,-0.622803],[100.115635,-0.621594],[100.115879,-0.618778],[100.112556,-0.608872],[100.115285,-0.608586],[100.118896,-0.6056],[100.119768,-0.603752],[100.12308,-0.60326]]],[[[100.102327,-0.646065],[100.103028,-0.647285],[100.101799,-0.648653],[100.100536,-0.646761],[100.102327,-0.646065]]],[[[100.099244,-0.634411],[100.097976,-0.633397],[100.099427,-0.632278],[100.100546,-0.633613],[100.099244,-0.634411]]],[[[100.110933,-0.661204],[100.110047,-0.660217],[100.111548,-0.658906],[100.111507,-0.660292],[100.110933,-0.661204]]]]}},{"type":"Feature","properties":{"nmkec":"Pariaman Timur","nmkab":"Pariaman","nmprov":"Sumatera Barat","kdkec":"021","kdkab":"77","kodekab":"1377","idkec":"1377021","index":119},"geometry":{"type":"Polygon","coordinates":[[[100.14036,-0.582644],[100.141928,-0.583708],[100.142136,-0.585376],[100.14425,-0.586432],[100.163931,-0.593903],[100.171668,-0.603315],[100.167488,-0.613659],[100.159542,-0.624815],[100.156245,-0.627331],[100.152356,-0.62782],[100.146627,-0.622895],[100.14516,-0.618157],[100.141771,-0.613059],[100.133534,-0.611375],[100.129092,-0.612948],[100.12483,-0.608865],[100.124403,-0.607691],[100.125475,-0.605585],[100.12308,-0.60326],[100.119768,-0.603752],[100.11951,-0.597804],[100.13287,-0.58241],[100.14036,-0.582644]]]}},{"type":"Feature","properties":{"nmkec":"Pariaman Utara","nmkab":"Pariaman","nmprov":"Sumatera Barat","kdkec":"030","kdkab":"77","kodekab":"1377","idkec":"1377030","index":120},"geometry":{"type":"MultiPolygon","coordinates":[[[[100.127511,-0.549115],[100.133543,-0.550906],[100.133499,-0.552841],[100.132109,-0.554437],[100.135953,-0.560647],[100.133933,-0.563331],[100.132863,-0.562434],[100.13122,-0.563334],[100.135073,-0.571122],[100.136887,-0.571268],[100.138429,-0.569872],[100.141232,-0.570359],[100.148066,-0.575549],[100.147958,-0.578607],[100.143763,-0.583047],[100.141928,-0.583708],[100.139248,-0.582408],[100.13287,-0.58241],[100.11951,-0.597804],[100.119768,-0.603752],[100.118896,-0.6056],[100.115285,-0.608586],[100.112556,-0.608872],[100.106252,-0.595425],[100.096606,-0.58142],[100.089362,-0.566438],[100.095623,-0.564708],[100.101732,-0.565517],[100.105483,-0.56148],[100.111194,-0.559679],[100.121892,-0.550524],[100.127511,-0.549115]]],[[[100.075194,-0.596893],[100.074588,-0.59582],[100.075716,-0.595511],[100.076057,-0.596139],[100.075194,-0.596893]]]]}},{"type":"Feature","properties":{"nmkec":"Sipora Utara","nmkab":"Kepulauan Mentawai","nmprov":"Sumatera Barat","kdkec":"022","kdkab":"01","kodekab":"1301","idkec":"1301022","index":121},"geometry":{"type":"MultiPolygon","coordinates":[[[[99.59286,-2.028692],[99.593443,-2.030595],[99.587775,-2.032447],[99.584548,-2.039659],[99.587153,-2.039031],[99.598892,-2.028355],[99.604195,-2.032422],[99.615123,-2.031828],[99.616331,-2.031409],[99.61885,-2.029437],[99.62058,-2.028731],[99.625374,-2.029091],[99.625891,-2.033091],[99.623892,-2.035817],[99.620837,-2.035991],[99.61954,-2.033238],[99.616543,-2.034107],[99.616046,-2.038044],[99.616843,-2.039782],[99.622791,-2.039382],[99.636343,-2.03581],[99.638683,-2.036736],[99.640635,-2.039318],[99.640708,-2.041453],[99.637654,-2.04327],[99.635196,-2.043074],[99.63493,-2.044901],[99.636714,-2.04844],[99.642713,-2.050429],[99.64373,-2.04716],[99.644841,-2.046374],[99.650525,-2.047479],[99.6537,-2.049619],[99.655751,-2.055992],[99.663051,-2.060952],[99.666763,-2.065573],[99.67367,-2.069326],[99.677896,-2.070242],[99.67991,-2.069698],[99.684973,-2.07412],[99.690423,-2.076444],[99.694164,-2.082369],[99.693883,-2.084208],[99.695503,-2.086679],[99.701793,-2.084991],[99.701723,-2.087515],[99.69059,-2.096095],[99.677757,-2.109671],[99.659351,-2.116175],[99.654426,-2.119311],[99.649065,-2.118963],[99.644261,-2.117222],[99.638551,-2.112557],[99.632772,-2.110398],[99.630544,-2.11012],[99.627689,-2.112209],[99.625391,-2.112557],[99.624417,-2.111512],[99.623024,-2.104619],[99.621632,-2.103366],[99.616775,-2.102722],[99.616619,-2.113864],[99.613586,-2.127215],[99.599046,-2.162312],[99.59927,-2.166548],[99.602684,-2.174204],[99.611788,-2.183101],[99.624823,-2.187446],[99.633927,-2.19448],[99.64303,-2.197894],[99.646392,-2.200731],[99.64317,-2.218459],[99.643528,-2.221364],[99.663906,-2.238876],[99.666692,-2.243413],[99.67111,-2.254756],[99.671587,-2.259612],[99.666851,-2.26391],[99.66506,-2.266776],[99.667568,-2.278239],[99.666493,-2.283253],[99.66462,-2.286062],[99.656027,-2.283183],[99.642684,-2.281269],[99.639909,-2.282595],[99.637488,-2.287469],[99.633819,-2.290447],[99.632195,-2.290266],[99.628791,-2.286794],[99.630795,-2.280163],[99.629014,-2.274496],[99.625559,-2.272735],[99.622482,-2.274582],[99.620647,-2.278947],[99.620787,-2.284838],[99.615034,-2.292936],[99.612418,-2.292887],[99.607674,-2.290296],[99.600519,-2.280875],[99.601368,-2.276986],[99.598665,-2.270715],[99.597505,-2.264055],[99.598836,-2.258154],[99.602017,-2.258169],[99.605213,-2.256786],[99.610493,-2.252901],[99.61081,-2.24894],[99.608814,-2.244689],[99.605931,-2.242486],[99.603795,-2.242184],[99.599689,-2.245519],[99.595101,-2.25198],[99.592463,-2.252461],[99.592059,-2.2491],[99.59417,-2.245799],[99.594596,-2.243221],[99.593012,-2.241098],[99.592656,-2.236486],[99.597937,-2.230781],[99.597811,-2.228481],[99.596553,-2.225524],[99.59441,-2.223488],[99.589232,-2.222125],[99.584446,-2.223876],[99.582641,-2.233971],[99.579222,-2.240078],[99.578444,-2.244365],[99.574864,-2.245583],[99.571892,-2.233577],[99.572244,-2.231833],[99.574806,-2.230012],[99.574376,-2.22666],[99.571761,-2.223097],[99.56441,-2.220716],[99.55986,-2.217306],[99.550965,-2.208692],[99.548064,-2.19158],[99.543658,-2.183909],[99.541106,-2.182077],[99.538643,-2.182432],[99.537336,-2.180991],[99.53157,-2.16677],[99.528275,-2.152887],[99.530363,-2.150901],[99.531218,-2.147399],[99.537385,-2.143754],[99.542189,-2.144294],[99.551732,-2.147649],[99.566166,-2.154346],[99.568051,-2.153992],[99.572056,-2.150923],[99.573308,-2.147141],[99.572866,-2.144654],[99.567726,-2.14046],[99.563323,-2.130048],[99.566533,-2.125655],[99.566334,-2.124087],[99.564324,-2.120956],[99.56083,-2.120529],[99.55614,-2.116681],[99.551177,-2.105709],[99.550705,-2.102508],[99.552414,-2.096187],[99.549704,-2.084928],[99.547487,-2.080395],[99.546692,-2.071683],[99.551737,-2.068843],[99.564085,-2.065384],[99.566154,-2.06364],[99.566773,-2.061557],[99.56611,-2.05904],[99.557846,-2.051689],[99.556478,-2.049165],[99.559512,-2.044639],[99.56773,-2.038553],[99.573915,-2.037199],[99.581438,-2.033696],[99.584088,-2.030418],[99.585104,-2.027169],[99.587405,-2.025397],[99.589614,-2.026001],[99.59286,-2.028692]]],[[[99.580348,-1.967467],[99.585461,-1.969587],[99.593131,-1.974912],[99.595416,-1.978481],[99.600285,-1.982129],[99.600942,-1.985435],[99.605507,-1.990411],[99.606671,-1.993395],[99.604885,-1.997231],[99.597295,-1.993213],[99.591767,-1.992258],[99.590589,-1.993436],[99.587008,-1.991064],[99.580048,-1.980405],[99.576664,-1.972853],[99.578097,-1.969111],[99.580348,-1.967467]]],[[[99.559252,-2.001766],[99.570956,-2.00813],[99.574409,-2.019813],[99.576493,-2.021587],[99.577207,-2.025024],[99.563892,-2.020115],[99.558436,-2.020777],[99.553819,-2.018423],[99.552078,-2.016305],[99.548757,-2.009961],[99.549714,-2.007792],[99.559252,-2.001766]]],[[[99.577904,-1.990728],[99.579442,-2.000364],[99.578646,-2.002248],[99.576084,-2.002248],[99.574729,-2.000923],[99.57492,-1.999966],[99.572788,-1.998813],[99.567395,-2.001158],[99.565304,-2.001188],[99.564008,-2.000158],[99.565215,-1.99271],[99.569192,-1.989266],[99.573639,-1.988854],[99.577904,-1.990728]]],[[[99.542327,-2.22303],[99.538957,-2.221968],[99.536526,-2.219486],[99.537661,-2.213693],[99.54052,-2.210972],[99.544243,-2.212666],[99.544599,-2.221532],[99.542327,-2.22303]]],[[[99.527002,-2.127991],[99.535455,-2.128521],[99.539697,-2.131229],[99.528592,-2.133672],[99.525914,-2.126865],[99.527002,-2.127991]]],[[[99.609801,-2.019709],[99.614302,-2.020671],[99.611472,-2.024069],[99.609022,-2.020739],[99.609801,-2.019709]]],[[[99.526358,-2.125121],[99.522495,-2.124253],[99.521766,-2.122802],[99.524421,-2.122788],[99.526358,-2.125121]]],[[[99.566982,-1.964333],[99.571401,-1.964495],[99.569412,-1.966732],[99.566982,-1.964333]]],[[[99.641215,-2.04704],[99.639968,-2.048064],[99.639764,-2.045605],[99.640775,-2.045372],[99.641215,-2.04704]]],[[[99.618444,-2.034454],[99.619927,-2.034346],[99.620129,-2.035026],[99.618444,-2.034454]]],[[[99.616618,-2.030051],[99.616129,-2.030962],[99.615966,-2.029754],[99.616618,-2.030051]]],[[[99.636124,-2.035506],[99.635258,-2.03558],[99.635737,-2.034904],[99.636124,-2.035506]]],[[[99.615611,-2.031085],[99.615021,-2.031331],[99.615427,-2.030747],[99.615611,-2.031085]]],[[[99.608787,-2.030606],[99.60822,-2.030543],[99.608358,-2.030226],[99.608787,-2.030606]]],[[[99.607854,-2.028186],[99.607375,-2.028402],[99.607388,-2.028199],[99.607854,-2.028186]]]]}},{"type":"Feature","properties":{"nmkec":"Siberut Selatan","nmkab":"Kepulauan Mentawai","nmprov":"Sumatera Barat","kdkec":"030","kdkab":"01","kodekab":"1301","idkec":"1301030","index":122},"geometry":{"type":"Polygon","coordinates":[[[98.965175,-1.477798],[98.976431,-1.482278],[98.986544,-1.490527],[98.994921,-1.487663],[99.001076,-1.494438],[99.011003,-1.495931],[99.011742,-1.497997],[99.010615,-1.498969],[99.010314,-1.502149],[99.011953,-1.504305],[99.021408,-1.50277],[99.024938,-1.499285],[99.024078,-1.497349],[99.027544,-1.495578],[99.029519,-1.495749],[99.033607,-1.493008],[99.036326,-1.495104],[99.042429,-1.507469],[99.04944,-1.514677],[99.05195,-1.51517],[99.053705,-1.514702],[99.054504,-1.510084],[99.056142,-1.507685],[99.059693,-1.508469],[99.065796,-1.497091],[99.067385,-1.49816],[99.070744,-1.498133],[99.077538,-1.494016],[99.083176,-1.491987],[99.086734,-1.485984],[99.095574,-1.477248],[99.096479,-1.478715],[99.095905,-1.482549],[99.100341,-1.488651],[99.10208,-1.495199],[99.101591,-1.500884],[99.099781,-1.502503],[99.099706,-1.504114],[99.10202,-1.506728],[99.106613,-1.507067],[99.108676,-1.512494],[99.112657,-1.514878],[99.118311,-1.512668],[99.123295,-1.512917],[99.124727,-1.515234],[99.127361,-1.516816],[99.136393,-1.513086],[99.138093,-1.513293],[99.137144,-1.517612],[99.142981,-1.518223],[99.150024,-1.522662],[99.154438,-1.530606],[99.164616,-1.535846],[99.171213,-1.536481],[99.181361,-1.532059],[99.184231,-1.534573],[99.193606,-1.53496],[99.194011,-1.544255],[99.206683,-1.547986],[99.208487,-1.549588],[99.208792,-1.552485],[99.208131,-1.553709],[99.201114,-1.555146],[99.197105,-1.557093],[99.197374,-1.559999],[99.194401,-1.565201],[99.195386,-1.570326],[99.196797,-1.571592],[99.197163,-1.573621],[99.196198,-1.577172],[99.197781,-1.579438],[99.199829,-1.580394],[99.204146,-1.577753],[99.20744,-1.577592],[99.209279,-1.578861],[99.214823,-1.58934],[99.215176,-1.597754],[99.218616,-1.6029],[99.221627,-1.605787],[99.22623,-1.607999],[99.232951,-1.609261],[99.235262,-1.60734],[99.24461,-1.605415],[99.250049,-1.601858],[99.254163,-1.597288],[99.258231,-1.594726],[99.259938,-1.594744],[99.261383,-1.596163],[99.255016,-1.600717],[99.253945,-1.603015],[99.256118,-1.60373],[99.256211,-1.601757],[99.257871,-1.599801],[99.261157,-1.599954],[99.265261,-1.603075],[99.269548,-1.60952],[99.269863,-1.61485],[99.286666,-1.631172],[99.287489,-1.636279],[99.286417,-1.638297],[99.282522,-1.637009],[99.279463,-1.634564],[99.278378,-1.631428],[99.275365,-1.633023],[99.280209,-1.639676],[99.280749,-1.64085],[99.279983,-1.641393],[99.272644,-1.636768],[99.266251,-1.637472],[99.264649,-1.635159],[99.263767,-1.629711],[99.250004,-1.617423],[99.2412,-1.612791],[99.239979,-1.612776],[99.236891,-1.617431],[99.233009,-1.619291],[99.231263,-1.618853],[99.228976,-1.619686],[99.226213,-1.621687],[99.222491,-1.62277],[99.216374,-1.613083],[99.209977,-1.605465],[99.196727,-1.600674],[99.195841,-1.59848],[99.191034,-1.595149],[99.189062,-1.597777],[99.179986,-1.601659],[99.18008,-1.603791],[99.178656,-1.606442],[99.176597,-1.606635],[99.175158,-1.603516],[99.173705,-1.603634],[99.169349,-1.606926],[99.161945,-1.620056],[99.158805,-1.641936],[99.153805,-1.647586],[99.148681,-1.655405],[99.145957,-1.65548],[99.145468,-1.654086],[99.141165,-1.651764],[99.137123,-1.655588],[99.131997,-1.657957],[99.129033,-1.657299],[99.120449,-1.651009],[99.115842,-1.650638],[99.111569,-1.653253],[99.106552,-1.659269],[99.101678,-1.661568],[99.098275,-1.658524],[99.09524,-1.653661],[99.090754,-1.650364],[99.08643,-1.648274],[99.07596,-1.646569],[99.072616,-1.641019],[99.063944,-1.633718],[99.062371,-1.629416],[99.06411,-1.628583],[99.059554,-1.623586],[99.042252,-1.618864],[99.033849,-1.621288],[99.032251,-1.620982],[99.028229,-1.615016],[99.027671,-1.610701],[99.029888,-1.604281],[99.02787,-1.596377],[99.02513,-1.593158],[99.015003,-1.585165],[99.015008,-1.581224],[99.016894,-1.579885],[99.01756,-1.577651],[99.010971,-1.568264],[99.008201,-1.560792],[99.005605,-1.558185],[99.001495,-1.556599],[98.99414,-1.556555],[98.990116,-1.553033],[98.987,-1.547113],[98.978471,-1.540554],[98.975926,-1.531218],[98.973715,-1.531253],[98.972557,-1.532232],[98.972331,-1.535403],[98.971234,-1.536198],[98.964864,-1.531275],[98.964104,-1.528052],[98.972474,-1.525123],[98.974057,-1.523393],[98.974355,-1.519346],[98.970254,-1.517087],[98.967483,-1.513592],[98.964848,-1.495702],[98.956863,-1.485674],[98.955302,-1.482202],[98.957307,-1.47814],[98.965175,-1.477798]]]}},{"type":"Feature","properties":{"nmkec":"Seberut Barat Daya","nmkab":"Kepulauan Mentawai","nmprov":"Sumatera Barat","kdkec":"031","kdkab":"01","kodekab":"1301","idkec":"1301031","index":123},"geometry":{"type":"MultiPolygon","coordinates":[[[[98.923026,-1.44564],[98.928232,-1.445437],[98.929747,-1.446222],[98.929216,-1.447738],[98.930098,-1.449724],[98.942901,-1.461778],[98.945236,-1.46818],[98.951166,-1.478025],[98.955302,-1.482202],[98.956863,-1.485674],[98.964636,-1.495218],[98.967483,-1.513592],[98.970254,-1.517087],[98.974451,-1.519916],[98.974057,-1.523393],[98.972474,-1.525123],[98.964104,-1.528052],[98.964864,-1.531275],[98.971234,-1.536198],[98.972331,-1.535403],[98.972557,-1.532232],[98.973715,-1.531253],[98.975926,-1.531218],[98.978471,-1.540554],[98.987,-1.547113],[98.990116,-1.553033],[98.99414,-1.556555],[99.001495,-1.556599],[99.005605,-1.558185],[99.008201,-1.560792],[99.010971,-1.568264],[99.01756,-1.577651],[99.016894,-1.579885],[99.015008,-1.581224],[99.015003,-1.585165],[99.02513,-1.593158],[99.02787,-1.596377],[99.029888,-1.604281],[99.027671,-1.610701],[99.028229,-1.615016],[99.032251,-1.620982],[99.033849,-1.621288],[99.042252,-1.618864],[99.059554,-1.623586],[99.06411,-1.628583],[99.062371,-1.629416],[99.063944,-1.633718],[99.072616,-1.641019],[99.07596,-1.646569],[99.08643,-1.648274],[99.090754,-1.650364],[99.09524,-1.653661],[99.098275,-1.658524],[99.101678,-1.661568],[99.106552,-1.659269],[99.111569,-1.653253],[99.115842,-1.650638],[99.120449,-1.651009],[99.129033,-1.657299],[99.131997,-1.657957],[99.137123,-1.655588],[99.141165,-1.651764],[99.145468,-1.654086],[99.145957,-1.65548],[99.148681,-1.655405],[99.153805,-1.647586],[99.158805,-1.641936],[99.161945,-1.620056],[99.169349,-1.606926],[99.173705,-1.603634],[99.175158,-1.603516],[99.176597,-1.606635],[99.178656,-1.606442],[99.18008,-1.603791],[99.179986,-1.601659],[99.189062,-1.597777],[99.191034,-1.595149],[99.195841,-1.59848],[99.196727,-1.600674],[99.209977,-1.605465],[99.216374,-1.613083],[99.222491,-1.62277],[99.226213,-1.621687],[99.228976,-1.619686],[99.231263,-1.618853],[99.233009,-1.619291],[99.236891,-1.617431],[99.239979,-1.612776],[99.2412,-1.612791],[99.250004,-1.617423],[99.263767,-1.629711],[99.264649,-1.635159],[99.266251,-1.637472],[99.272644,-1.636768],[99.27974,-1.641202],[99.271387,-1.643944],[99.270917,-1.647028],[99.27431,-1.645109],[99.280816,-1.644074],[99.282349,-1.647292],[99.280956,-1.648063],[99.286515,-1.649274],[99.291922,-1.652649],[99.291723,-1.655306],[99.288094,-1.656688],[99.280562,-1.663303],[99.277177,-1.663521],[99.274772,-1.661715],[99.276533,-1.66814],[99.279745,-1.667749],[99.279464,-1.670849],[99.277264,-1.675501],[99.277877,-1.677162],[99.286687,-1.682324],[99.288967,-1.679404],[99.286598,-1.676968],[99.285074,-1.677893],[99.285006,-1.679132],[99.282583,-1.676859],[99.284843,-1.672163],[99.285278,-1.664636],[99.286503,-1.663193],[99.291744,-1.669005],[99.291621,-1.675484],[99.292982,-1.678969],[99.301081,-1.682331],[99.303232,-1.684631],[99.302633,-1.686469],[99.299564,-1.687527],[99.294922,-1.685526],[99.292581,-1.686969],[99.294868,-1.693298],[99.299727,-1.700227],[99.297753,-1.700526],[99.293561,-1.704269],[99.292002,-1.710371],[99.294207,-1.713542],[99.296528,-1.713649],[99.298414,-1.715095],[99.301912,-1.719831],[99.300193,-1.722567],[99.285469,-1.727358],[99.286108,-1.730339],[99.287715,-1.731033],[99.289852,-1.734286],[99.287415,-1.743787],[99.290559,-1.750552],[99.280868,-1.751981],[99.275913,-1.751505],[99.274879,-1.750225],[99.276376,-1.746237],[99.262724,-1.737567],[99.261322,-1.73204],[99.264643,-1.724064],[99.263309,-1.716441],[99.262431,-1.715564],[99.260049,-1.715999],[99.255048,-1.712756],[99.251297,-1.70643],[99.250752,-1.704184],[99.252658,-1.702088],[99.25308,-1.699352],[99.251569,-1.692873],[99.245539,-1.686408],[99.243375,-1.686081],[99.241837,-1.684189],[99.241946,-1.682379],[99.243851,-1.680378],[99.243209,-1.674043],[99.240285,-1.669584],[99.23835,-1.66243],[99.233182,-1.650102],[99.222694,-1.628731],[99.220833,-1.626474],[99.216756,-1.62474],[99.207381,-1.625126],[99.208777,-1.629488],[99.208225,-1.634286],[99.205626,-1.635966],[99.202999,-1.635553],[99.199197,-1.64305],[99.200264,-1.644344],[99.204734,-1.645003],[99.207907,-1.642057],[99.206977,-1.640764],[99.20788,-1.639415],[99.211888,-1.63779],[99.214679,-1.639551],[99.219363,-1.648534],[99.223506,-1.649123],[99.224711,-1.650472],[99.235915,-1.665896],[99.240187,-1.67557],[99.237054,-1.683631],[99.235532,-1.684796],[99.23371,-1.682769],[99.232292,-1.676806],[99.228082,-1.668406],[99.223114,-1.664908],[99.220895,-1.664568],[99.224707,-1.679241],[99.237377,-1.6952],[99.239613,-1.699374],[99.238405,-1.71449],[99.244234,-1.733073],[99.240321,-1.737456],[99.239946,-1.74011],[99.242849,-1.74289],[99.247998,-1.75625],[99.256193,-1.762099],[99.256804,-1.764914],[99.260388,-1.768177],[99.263011,-1.772952],[99.261954,-1.77717],[99.260658,-1.778613],[99.255407,-1.778273],[99.254455,-1.776876],[99.251652,-1.776147],[99.247832,-1.777026],[99.246875,-1.778536],[99.247271,-1.782936],[99.24443,-1.793244],[99.242801,-1.796082],[99.240674,-1.796978],[99.235737,-1.796535],[99.233523,-1.795402],[99.228154,-1.785993],[99.226086,-1.785007],[99.194295,-1.780044],[99.170319,-1.779283],[99.156909,-1.781722],[99.147044,-1.786472],[99.143254,-1.79028],[99.141932,-1.793243],[99.141718,-1.79573],[99.143069,-1.799547],[99.140503,-1.804094],[99.131785,-1.807163],[99.128068,-1.807406],[99.120186,-1.805493],[99.116191,-1.806445],[99.11174,-1.80864],[99.110257,-1.811457],[99.107468,-1.811996],[99.106001,-1.811073],[99.107011,-1.809063],[99.106316,-1.807061],[99.103848,-1.805337],[99.095234,-1.803533],[99.09123,-1.801969],[99.087294,-1.799006],[99.079538,-1.796742],[99.077545,-1.793112],[99.074469,-1.79156],[99.065594,-1.788539],[99.055076,-1.786347],[99.040236,-1.775925],[99.018607,-1.764998],[99.01218,-1.762732],[99.005343,-1.756345],[98.993881,-1.750167],[98.956553,-1.724685],[98.928137,-1.708284],[98.925057,-1.705099],[98.906569,-1.696029],[98.878232,-1.679344],[98.874448,-1.675296],[98.867664,-1.661261],[98.86488,-1.649837],[98.861571,-1.645104],[98.854019,-1.638081],[98.831047,-1.621288],[98.825461,-1.616103],[98.825191,-1.614834],[98.833994,-1.606747],[98.835928,-1.6035],[98.837529,-1.595281],[98.836971,-1.585755],[98.819757,-1.560711],[98.813235,-1.543748],[98.808626,-1.540178],[98.805613,-1.535962],[98.804143,-1.528067],[98.805314,-1.518703],[98.797044,-1.50822],[98.798712,-1.507645],[98.802035,-1.508437],[98.803045,-1.513039],[98.814763,-1.525057],[98.823782,-1.523562],[98.831609,-1.529767],[98.836848,-1.536971],[98.842501,-1.529856],[98.841203,-1.522161],[98.843524,-1.512108],[98.849913,-1.510218],[98.865049,-1.511486],[98.870888,-1.50533],[98.87277,-1.501688],[98.868731,-1.497641],[98.864886,-1.487572],[98.864131,-1.476989],[98.86625,-1.465793],[98.87244,-1.461971],[98.878759,-1.453719],[98.882181,-1.451454],[98.888972,-1.451472],[98.892156,-1.448946],[98.904754,-1.450704],[98.913889,-1.449299],[98.911867,-1.442123],[98.912927,-1.440615],[98.916133,-1.439185],[98.917814,-1.439575],[98.919574,-1.443531],[98.923026,-1.44564]]],[[[99.25582,-1.790241],[99.261425,-1.79167],[99.267758,-1.79684],[99.272314,-1.795319],[99.282476,-1.802334],[99.288315,-1.805128],[99.290123,-1.807931],[99.289449,-1.814986],[99.291161,-1.817457],[99.291331,-1.821576],[99.293569,-1.827678],[99.294181,-1.833242],[99.286471,-1.839968],[99.281118,-1.840812],[99.275418,-1.838055],[99.270834,-1.837507],[99.265267,-1.838728],[99.258486,-1.84455],[99.252197,-1.84469],[99.245436,-1.849518],[99.242085,-1.850298],[99.240657,-1.847751],[99.240715,-1.845337],[99.251304,-1.837816],[99.253535,-1.833429],[99.253211,-1.831729],[99.269461,-1.812491],[99.2691,-1.807696],[99.266708,-1.802139],[99.260739,-1.794937],[99.256173,-1.793671],[99.254583,-1.790816],[99.25582,-1.790241]]],[[[99.302295,-1.898912],[99.305616,-1.901694],[99.304114,-1.904882],[99.305697,-1.908958],[99.308311,-1.912623],[99.312052,-1.915206],[99.31429,-1.920166],[99.313723,-1.925443],[99.310447,-1.929019],[99.305675,-1.930344],[99.301267,-1.929968],[99.297097,-1.927905],[99.294079,-1.922561],[99.292642,-1.911372],[99.293996,-1.903291],[99.295499,-1.900318],[99.302295,-1.898912]]],[[[99.311333,-1.844408],[99.316065,-1.846062],[99.318186,-1.848072],[99.319953,-1.851222],[99.319128,-1.853502],[99.314106,-1.855637],[99.302929,-1.854766],[99.302384,-1.853871],[99.303724,-1.850324],[99.308083,-1.847659],[99.309276,-1.84501],[99.311333,-1.844408]]],[[[99.091153,-1.860163],[99.095302,-1.862781],[99.094699,-1.864266],[99.091431,-1.866166],[99.081376,-1.867802],[99.076965,-1.866067],[99.077002,-1.863814],[99.080152,-1.861258],[99.091153,-1.860163]]],[[[99.280392,-1.87141],[99.287958,-1.873003],[99.289726,-1.875328],[99.289229,-1.879326],[99.28209,-1.87942],[99.277421,-1.877212],[99.275418,-1.872944],[99.280392,-1.87141]]],[[[99.25204,-1.714346],[99.258586,-1.715992],[99.259555,-1.723062],[99.258639,-1.724854],[99.256808,-1.723595],[99.251315,-1.715412],[99.25204,-1.714346]]],[[[99.047013,-1.815597],[99.045129,-1.814926],[99.042495,-1.81024],[99.044793,-1.805575],[99.046343,-1.805239],[99.047874,-1.80593],[99.048994,-1.809014],[99.047013,-1.815597]]],[[[99.145729,-1.832919],[99.150679,-1.840436],[99.148454,-1.841108],[99.141313,-1.836692],[99.141067,-1.835763],[99.1432,-1.833385],[99.145729,-1.832919]]],[[[99.271224,-1.745535],[99.271392,-1.747216],[99.268633,-1.749135],[99.267095,-1.748766],[99.265507,-1.74568],[99.269174,-1.744564],[99.271224,-1.745535]]],[[[99.265306,-1.768317],[99.268812,-1.771016],[99.26858,-1.772979],[99.267137,-1.773922],[99.26615,-1.773671],[99.263998,-1.769685],[99.265306,-1.768317]]],[[[99.293003,-1.733802],[99.296669,-1.735943],[99.298168,-1.738681],[99.292059,-1.736288],[99.291351,-1.734455],[99.293003,-1.733802]]],[[[99.246333,-1.695218],[99.244944,-1.695266],[99.243892,-1.691947],[99.245898,-1.692139],[99.246333,-1.695218]]],[[[99.214909,-1.63411],[99.217319,-1.634462],[99.218086,-1.636974],[99.214832,-1.635046],[99.214909,-1.63411]]],[[[99.247569,-1.707316],[99.246753,-1.707072],[99.246142,-1.704421],[99.246814,-1.703324],[99.247752,-1.703872],[99.247569,-1.707316]]],[[[99.294147,-1.778995],[99.296837,-1.779417],[99.296734,-1.780796],[99.294115,-1.779944],[99.294147,-1.778995]]],[[[99.241304,-1.689759],[99.239978,-1.689022],[99.239579,-1.686723],[99.241067,-1.688208],[99.241304,-1.689759]]],[[[99.314927,-1.903309],[99.313698,-1.902371],[99.313845,-1.901241],[99.315642,-1.902198],[99.314927,-1.903309]]],[[[99.309519,-1.72876],[99.308343,-1.727178],[99.309023,-1.72638],[99.310071,-1.726936],[99.309519,-1.72876]]],[[[99.248207,-1.699587],[99.247776,-1.698386],[99.249167,-1.697371],[99.249167,-1.698745],[99.248207,-1.699587]]],[[[99.245381,-1.703739],[99.243953,-1.702042],[99.244075,-1.701517],[99.245572,-1.702584],[99.245381,-1.703739]]],[[[99.313451,-1.895648],[99.314206,-1.896741],[99.313728,-1.897148],[99.313215,-1.896307],[99.313451,-1.895648]]]]}},{"type":"Feature","properties":{"nmkec":"Siberut Barat","nmkab":"Kepulauan Mentawai","nmprov":"Sumatera Barat","kdkec":"041","kdkab":"01","kodekab":"1301","idkec":"1301041","index":124},"geometry":{"type":"MultiPolygon","coordinates":[[[[98.899308,-0.905878],[98.909957,-0.909398],[98.911268,-0.91068],[98.912063,-0.914435],[98.909861,-0.919927],[98.911084,-0.92634],[98.909324,-0.932749],[98.910562,-0.940839],[98.907186,-0.942666],[98.907689,-0.934098],[98.90374,-0.927166],[98.902406,-0.926564],[98.90034,-0.928564],[98.897296,-0.935685],[98.898684,-0.941705],[98.903724,-0.945101],[98.907304,-0.945735],[98.914955,-0.940522],[98.919603,-0.938488],[98.921967,-0.935749],[98.922203,-0.932863],[98.924265,-0.931332],[98.927372,-0.93167],[98.930317,-0.93463],[98.935352,-0.950439],[98.935014,-0.954239],[98.933295,-0.955102],[98.931722,-0.958062],[98.923236,-0.956547],[98.921235,-0.957705],[98.917811,-0.965522],[98.918419,-0.968585],[98.916981,-0.971686],[98.91205,-0.974098],[98.907757,-0.973722],[98.899028,-0.97093],[98.896002,-0.972346],[98.893121,-0.97601],[98.893888,-0.986319],[98.896344,-0.992615],[98.890415,-0.999055],[98.887521,-0.999644],[98.882594,-0.991771],[98.87728,-0.990054],[98.870179,-0.991461],[98.865093,-0.994961],[98.86275,-0.995057],[98.858246,-0.993334],[98.856033,-0.995793],[98.859503,-1.0],[98.860392,-1.002461],[98.852869,-1.002474],[98.850492,-1.004247],[98.845171,-1.005401],[98.842142,-1.007848],[98.84135,-1.015149],[98.837894,-1.017677],[98.833131,-1.017985],[98.830717,-1.015384],[98.825279,-1.018088],[98.82296,-1.020612],[98.819341,-1.021772],[98.811739,-1.020865],[98.811244,-1.02343],[98.813671,-1.029315],[98.812219,-1.036467],[98.810807,-1.038141],[98.8035,-1.03795],[98.799927,-1.035249],[98.796916,-1.034584],[98.780935,-1.03798],[98.772626,-1.038007],[98.765372,-1.042716],[98.760311,-1.047406],[98.753556,-1.059407],[98.75844,-1.065102],[98.769153,-1.083935],[98.770838,-1.090888],[98.78046,-1.092874],[98.78627,-1.098936],[98.789573,-1.10774],[98.79092,-1.114801],[98.787557,-1.121483],[98.787183,-1.126618],[98.793372,-1.13623],[98.794195,-1.139874],[98.792785,-1.143411],[98.794395,-1.153079],[98.792836,-1.157414],[98.794409,-1.160723],[98.789399,-1.166582],[98.785109,-1.168943],[98.790749,-1.173051],[98.794882,-1.179025],[98.801055,-1.182767],[98.801598,-1.1862],[98.809355,-1.194729],[98.810894,-1.19836],[98.809795,-1.199626],[98.810707,-1.201513],[98.817492,-1.211001],[98.817502,-1.213901],[98.815558,-1.218424],[98.816094,-1.223242],[98.821794,-1.231208],[98.820685,-1.234702],[98.821754,-1.236634],[98.825556,-1.238849],[98.830311,-1.243988],[98.829927,-1.248214],[98.826611,-1.253208],[98.821745,-1.256057],[98.816106,-1.256297],[98.811847,-1.265922],[98.813407,-1.270922],[98.81315,-1.275317],[98.814482,-1.280049],[98.817979,-1.284748],[98.81698,-1.290301],[98.81756,-1.296208],[98.822097,-1.301225],[98.822732,-1.305246],[98.818865,-1.309818],[98.807961,-1.316542],[98.804994,-1.321408],[98.800735,-1.323565],[98.796704,-1.329928],[98.800116,-1.333776],[98.800157,-1.335338],[98.796163,-1.336701],[98.793503,-1.335157],[98.788359,-1.336987],[98.785338,-1.34028],[98.785248,-1.342956],[98.766312,-1.360346],[98.766137,-1.361869],[98.772134,-1.367002],[98.780608,-1.369895],[98.78891,-1.376872],[98.798671,-1.395555],[98.797965,-1.404449],[98.801861,-1.411355],[98.814791,-1.405301],[98.8182,-1.400257],[98.823639,-1.398645],[98.825332,-1.39356],[98.828919,-1.391559],[98.831379,-1.388348],[98.829338,-1.38242],[98.829363,-1.374623],[98.830854,-1.371958],[98.830326,-1.368761],[98.827658,-1.360711],[98.825147,-1.358734],[98.825606,-1.357439],[98.827594,-1.356356],[98.831581,-1.357584],[98.834976,-1.355708],[98.846925,-1.352741],[98.850174,-1.352853],[98.856684,-1.356903],[98.860158,-1.35529],[98.861478,-1.35004],[98.853767,-1.335969],[98.855676,-1.332278],[98.857338,-1.33205],[98.861311,-1.335059],[98.864897,-1.332802],[98.869041,-1.331828],[98.87617,-1.334931],[98.88349,-1.336679],[98.883621,-1.340241],[98.897909,-1.339996],[98.901862,-1.335579],[98.905658,-1.333483],[98.906824,-1.334109],[98.906247,-1.342414],[98.901592,-1.346765],[98.898048,-1.348146],[98.895982,-1.351065],[98.896186,-1.362273],[98.898511,-1.362686],[98.901338,-1.36005],[98.903071,-1.360853],[98.913189,-1.376178],[98.91179,-1.378391],[98.909276,-1.379423],[98.909654,-1.381141],[98.928383,-1.397738],[98.932768,-1.403334],[98.943012,-1.412269],[98.945969,-1.420425],[98.941022,-1.427381],[98.944942,-1.434339],[98.946154,-1.438977],[98.944329,-1.442123],[98.939975,-1.445362],[98.938045,-1.448487],[98.935253,-1.449226],[98.928783,-1.445566],[98.923026,-1.44564],[98.919574,-1.443531],[98.917814,-1.439575],[98.916133,-1.439185],[98.912927,-1.440615],[98.911867,-1.442123],[98.913889,-1.449299],[98.904754,-1.450704],[98.892156,-1.448946],[98.888972,-1.451472],[98.882181,-1.451454],[98.878759,-1.453719],[98.87244,-1.461971],[98.86625,-1.465793],[98.864131,-1.476989],[98.864886,-1.487572],[98.868731,-1.497641],[98.87277,-1.501688],[98.870888,-1.50533],[98.865049,-1.511486],[98.849913,-1.510218],[98.843524,-1.512108],[98.841203,-1.522161],[98.842501,-1.529856],[98.836423,-1.537066],[98.831609,-1.529767],[98.823782,-1.523562],[98.814763,-1.525057],[98.803045,-1.513039],[98.802035,-1.508437],[98.796059,-1.507616],[98.773204,-1.481785],[98.765316,-1.471089],[98.764566,-1.467644],[98.756233,-1.454965],[98.747147,-1.445896],[98.744161,-1.436996],[98.737743,-1.423416],[98.725567,-1.404378],[98.705035,-1.380422],[98.70273,-1.375697],[98.697895,-1.369598],[98.695456,-1.363133],[98.684684,-1.347687],[98.653066,-1.312742],[98.65132,-1.306416],[98.645691,-1.300644],[98.636875,-1.287239],[98.636864,-1.284797],[98.640395,-1.28114],[98.641294,-1.276773],[98.636935,-1.261741],[98.635497,-1.258727],[98.627331,-1.249314],[98.602913,-1.225837],[98.603149,-1.218869],[98.597506,-1.20536],[98.596449,-1.198869],[98.60227,-1.191615],[98.607903,-1.190493],[98.612663,-1.187189],[98.615744,-1.183065],[98.617974,-1.174538],[98.621016,-1.170139],[98.62517,-1.160484],[98.627066,-1.158458],[98.627848,-1.152379],[98.62935,-1.148959],[98.6335,-1.148464],[98.636767,-1.141784],[98.640711,-1.110126],[98.644243,-1.108878],[98.646565,-1.109571],[98.649477,-1.108047],[98.651848,-1.104987],[98.656779,-1.088144],[98.659692,-1.07333],[98.661682,-1.055407],[98.660562,-1.033721],[98.660968,-1.012026],[98.664121,-0.991123],[98.664296,-0.980299],[98.66833,-0.978675],[98.673959,-0.974714],[98.679662,-0.965605],[98.684831,-0.959411],[98.687182,-0.958008],[98.689207,-0.959249],[98.691469,-0.958952],[98.702881,-0.952873],[98.708381,-0.947814],[98.71254,-0.945907],[98.720257,-0.944605],[98.727701,-0.950066],[98.731298,-0.955916],[98.738878,-0.958715],[98.751805,-0.959434],[98.771476,-0.957296],[98.793927,-0.957364],[98.79867,-0.956587],[98.810878,-0.951378],[98.823678,-0.94041],[98.829013,-0.9389],[98.853408,-0.936461],[98.863278,-0.933633],[98.884157,-0.921444],[98.888034,-0.917305],[98.89373,-0.908284],[98.899308,-0.905878]]],[[[98.931013,-0.928794],[98.92819,-0.927916],[98.927572,-0.927066],[98.928732,-0.926414],[98.931013,-0.928794]]],[[[98.956113,-0.953199],[98.954588,-0.953025],[98.956213,-0.95285],[98.956113,-0.953199]]]]}},{"type":"Feature","properties":{"nmkec":"Linggo Sari Baganti","nmkab":"Pesisir Selatan","nmprov":"Sumatera Barat","kdkec":"040","kdkab":"02","kodekab":"1302","idkec":"1302040","index":125},"geometry":{"type":"MultiPolygon","coordinates":[[[[101.078438,-1.661978],[101.095149,-1.670736],[101.104973,-1.669853],[101.107921,-1.670722],[101.120579,-1.67598],[101.131627,-1.685209],[101.131537,-1.706556],[101.094455,-1.746498],[101.09098,-1.75285],[101.093088,-1.76399],[101.09671,-1.769426],[101.097701,-1.770803],[101.107239,-1.776335],[101.108444,-1.779346],[101.10721,-1.785526],[101.103522,-1.79318],[101.104236,-1.795752],[101.106799,-1.798752],[101.114791,-1.804743],[101.118002,-1.814676],[101.118291,-1.818394],[101.115029,-1.825618],[101.114183,-1.831839],[101.114747,-1.841691],[101.109705,-1.846773],[101.109355,-1.851563],[101.108148,-1.853137],[101.087744,-1.854162],[101.079138,-1.850884],[101.074454,-1.851124],[101.059742,-1.855788],[101.056054,-1.8643],[101.051719,-1.866307],[101.043337,-1.872823],[101.033603,-1.878768],[101.025043,-1.882476],[101.018857,-1.882341],[100.999027,-1.889013],[100.982937,-1.913292],[100.970621,-1.92286],[100.964278,-1.930988],[100.953162,-1.965215],[100.943907,-1.968188],[100.93337,-1.964789],[100.928548,-1.970793],[100.923075,-1.969701],[100.919759,-1.977357],[100.912895,-1.981304],[100.908902,-1.981439],[100.901411,-1.978942],[100.892513,-1.980003],[100.884741,-1.977256],[100.882221,-1.977593],[100.881627,-1.979779],[100.876558,-1.983577],[100.874688,-1.986284],[100.873971,-1.988348],[100.874589,-1.991008],[100.873388,-1.99232],[100.868744,-1.982375],[100.87009,-1.98088],[100.869416,-1.973921],[100.871027,-1.960678],[100.870235,-1.957198],[100.868113,-1.954485],[100.867836,-1.941366],[100.863594,-1.92559],[100.857567,-1.911361],[100.843101,-1.885268],[100.827973,-1.863479],[100.833647,-1.859085],[100.842075,-1.85441],[100.849148,-1.853941],[100.859998,-1.84383],[100.860607,-1.833492],[100.862125,-1.828388],[100.869314,-1.818666],[100.872471,-1.81542],[100.881254,-1.812937],[100.888704,-1.809304],[100.902408,-1.798865],[100.905581,-1.788335],[100.913996,-1.775413],[100.923239,-1.772309],[100.929336,-1.767781],[100.944806,-1.763595],[100.955704,-1.756467],[100.963614,-1.752512],[100.982375,-1.74727],[100.993504,-1.74028],[101.003712,-1.73559],[101.007023,-1.730348],[101.007115,-1.727773],[101.005,-1.723542],[101.004632,-1.720415],[101.004908,-1.718208],[101.006839,-1.715173],[101.017784,-1.702665],[101.021003,-1.700366],[101.039581,-1.6931],[101.04096,-1.690893],[101.042064,-1.684823],[101.044363,-1.680776],[101.059722,-1.673234],[101.062573,-1.670935],[101.065332,-1.664957],[101.066104,-1.65781],[101.072831,-1.660937],[101.078438,-1.661978]]],[[[100.639821,-1.911666],[100.637333,-1.910237],[100.638327,-1.907434],[100.639866,-1.908529],[100.639821,-1.911666]]],[[[100.570549,-1.889766],[100.569335,-1.888451],[100.570153,-1.887502],[100.571527,-1.888251],[100.570549,-1.889766]]]]}},{"type":"Feature","properties":{"nmkec":"Bayang","nmkab":"Pesisir Selatan","nmprov":"Sumatera Barat","kdkec":"100","kdkab":"02","kodekab":"1302","idkec":"1302100","index":126},"geometry":{"type":"MultiPolygon","coordinates":[[[[100.540459,-1.170312],[100.542983,-1.17733],[100.548887,-1.180351],[100.550259,-1.179507],[100.554442,-1.180747],[100.562172,-1.188022],[100.564834,-1.199443],[100.568893,-1.204833],[100.570992,-1.210457],[100.587404,-1.220945],[100.595512,-1.227953],[100.587201,-1.232914],[100.575691,-1.236012],[100.565602,-1.242401],[100.552434,-1.253504],[100.551751,-1.256362],[100.546754,-1.262658],[100.546602,-1.265968],[100.548477,-1.271498],[100.546972,-1.275714],[100.544061,-1.276161],[100.540259,-1.273527],[100.538405,-1.273249],[100.539486,-1.276173],[100.542918,-1.279358],[100.543533,-1.283545],[100.550933,-1.28473],[100.555667,-1.28437],[100.554513,-1.29103],[100.550851,-1.295543],[100.545719,-1.297993],[100.536435,-1.30964],[100.525968,-1.31102],[100.51921,-1.310798],[100.494694,-1.301394],[100.488954,-1.297533],[100.484949,-1.29166],[100.487275,-1.288093],[100.49169,-1.284935],[100.493149,-1.280968],[100.497804,-1.274723],[100.498397,-1.26971],[100.494742,-1.258332],[100.492208,-1.254835],[100.492099,-1.250036],[100.498022,-1.246739],[100.501073,-1.235511],[100.504004,-1.232503],[100.505691,-1.232214],[100.507453,-1.233699],[100.510768,-1.234426],[100.521757,-1.228387],[100.522706,-1.225748],[100.521019,-1.222581],[100.522836,-1.218483],[100.52813,-1.211571],[100.529933,-1.2105],[100.533894,-1.210582],[100.535096,-1.209428],[100.53533,-1.205745],[100.523853,-1.182774],[100.525208,-1.171695],[100.527936,-1.170123],[100.531817,-1.170801],[100.539301,-1.169741],[100.540459,-1.170312]]],[[[100.474175,-1.330291],[100.472324,-1.328894],[100.471626,-1.32228],[100.474514,-1.318326],[100.476398,-1.319148],[100.477349,-1.321435],[100.474175,-1.330291]]],[[[100.519899,-1.346415],[100.519021,-1.34625],[100.519808,-1.344946],[100.52029,-1.345453],[100.519899,-1.346415]]],[[[100.519691,-1.341909],[100.518768,-1.342528],[100.518594,-1.342274],[100.519691,-1.341909]]],[[[100.472134,-1.329534],[100.471494,-1.329593],[100.471911,-1.328928],[100.472134,-1.329534]]],[[[100.486095,-1.302079],[100.485581,-1.302557],[100.485233,-1.302483],[100.485384,-1.302125],[100.486095,-1.302079]]]]}},{"type":"Feature","properties":{"nmkec":"Lembang Jaya","nmkab":"Solok","nmprov":"Sumatera Barat","kdkec":"070","kdkab":"03","kodekab":"1303","idkec":"1303070","index":127},"geometry":{"type":"Polygon","coordinates":[[[100.687329,-0.870196],[100.688345,-0.876174],[100.694917,-0.881719],[100.703529,-0.885571],[100.709248,-0.896244],[100.712396,-0.907345],[100.716332,-0.912165],[100.723568,-0.917629],[100.72844,-0.924105],[100.729353,-0.930206],[100.728811,-0.932869],[100.731761,-0.935123],[100.735281,-0.934634],[100.737938,-0.937953],[100.737878,-0.940966],[100.743036,-0.950078],[100.745716,-0.951686],[100.748901,-0.951492],[100.749726,-0.952584],[100.749359,-0.963084],[100.748017,-0.966876],[100.743517,-0.972218],[100.742916,-0.974611],[100.744076,-0.977901],[100.742492,-0.980958],[100.738091,-0.970618],[100.734754,-0.969856],[100.730415,-0.971757],[100.730258,-0.979053],[100.729297,-0.979624],[100.716781,-0.978694],[100.715522,-0.977633],[100.708711,-0.979853],[100.702766,-0.979315],[100.69326,-0.983439],[100.687491,-0.984782],[100.685032,-0.987176],[100.679695,-0.986943],[100.672896,-0.982764],[100.672375,-0.97876],[100.674497,-0.974276],[100.676488,-0.953439],[100.68016,-0.944797],[100.676584,-0.932107],[100.676937,-0.917992],[100.675935,-0.916047],[100.666274,-0.907909],[100.666303,-0.903226],[100.668244,-0.899856],[100.663768,-0.889094],[100.664477,-0.885804],[100.666512,-0.885602],[100.667849,-0.883134],[100.666642,-0.878714],[100.665172,-0.876896],[100.67188,-0.874807],[100.672863,-0.873408],[100.687329,-0.870196]]]}},{"type":"Feature","properties":{"nmkec":"Danau Kembar","nmkab":"Solok","nmprov":"Sumatera Barat","kdkec":"071","kdkab":"03","kodekab":"1303","idkec":"1303071","index":128},"geometry":{"type":"Polygon","coordinates":[[[100.735274,-0.969856],[100.73856,-0.971307],[100.750925,-1.001852],[100.751945,-1.008261],[100.751062,-1.014691],[100.753391,-1.022769],[100.751796,-1.031024],[100.747826,-1.036637],[100.74675,-1.040108],[100.746122,-1.054593],[100.748368,-1.062855],[100.758284,-1.073569],[100.760336,-1.078812],[100.761362,-1.082118],[100.761173,-1.094636],[100.759556,-1.096945],[100.749775,-1.096768],[100.745532,-1.097779],[100.742694,-1.100736],[100.739745,-1.107117],[100.735912,-1.10329],[100.72848,-1.100733],[100.726821,-1.094615],[100.719078,-1.092713],[100.716901,-1.094511],[100.709642,-1.093163],[100.695643,-1.10272],[100.687753,-1.103964],[100.680616,-1.107715],[100.677496,-1.107196],[100.676252,-1.105874],[100.673936,-1.106903],[100.672182,-1.110411],[100.669079,-1.112113],[100.664862,-1.113556],[100.661821,-1.113323],[100.65534,-1.11665],[100.644093,-1.116797],[100.639254,-1.114516],[100.637629,-1.113254],[100.634708,-1.107879],[100.626983,-1.104319],[100.623492,-1.100983],[100.621919,-1.091702],[100.624166,-1.08078],[100.620623,-1.074869],[100.623492,-1.069892],[100.622362,-1.060894],[100.624712,-1.056909],[100.628953,-1.053058],[100.651159,-1.051254],[100.658338,-1.045985],[100.664729,-1.043942],[100.66768,-1.043792],[100.672523,-1.045239],[100.677494,-1.049097],[100.682885,-1.038834],[100.695109,-1.029608],[100.697553,-1.023549],[100.697337,-1.019724],[100.695938,-1.017633],[100.687506,-1.008687],[100.686851,-0.996517],[100.684829,-0.989715],[100.685071,-0.986992],[100.687491,-0.984782],[100.69326,-0.983439],[100.702766,-0.979315],[100.708711,-0.979853],[100.715522,-0.977633],[100.716781,-0.978694],[100.729297,-0.979624],[100.730258,-0.979053],[100.730415,-0.971757],[100.735274,-0.969856]]]}},{"type":"Feature","properties":{"nmkec":"Sungai Rumbai","nmkab":"Dharmasraya","nmprov":"Sumatera Barat","kdkec":"010","kdkab":"11","kodekab":"1311","idkec":"1311010","index":129},"geometry":{"type":"Polygon","coordinates":[[[101.751392,-1.152854],[101.756136,-1.152475],[101.764616,-1.156574],[101.767647,-1.162802],[101.773329,-1.165854],[101.775456,-1.170698],[101.774967,-1.172248],[101.77637,-1.17432],[101.786565,-1.180875],[101.791143,-1.187329],[101.79337,-1.193186],[101.803725,-1.198389],[101.807723,-1.202535],[101.814116,-1.206],[101.818199,-1.206866],[101.82037,-1.212419],[101.813783,-1.220988],[101.794348,-1.220043],[101.789513,-1.223128],[101.7853,-1.224365],[101.780906,-1.234056],[101.774655,-1.237642],[101.772237,-1.237876],[101.769597,-1.234154],[101.760686,-1.233937],[101.755018,-1.230335],[101.74695,-1.232509],[101.745607,-1.233981],[101.739618,-1.236225],[101.733601,-1.235193],[101.731785,-1.235699],[101.726245,-1.240106],[101.721662,-1.241146],[101.713208,-1.229839],[101.710858,-1.228227],[101.707667,-1.218622],[101.707869,-1.213484],[101.709313,-1.210058],[101.713847,-1.205625],[101.715929,-1.201158],[101.716533,-1.198001],[101.71566,-1.194038],[101.715759,-1.186158],[101.719311,-1.18294],[101.729817,-1.182519],[101.733643,-1.178985],[101.742135,-1.166127],[101.746653,-1.162277],[101.744349,-1.157215],[101.747018,-1.152369],[101.749651,-1.151269],[101.751392,-1.152854]]]}},{"type":"Feature","properties":{"nmkec":"Kubung","nmkab":"Solok","nmprov":"Sumatera Barat","kdkec":"110","kdkab":"03","kodekab":"1303","idkec":"1303110","index":130},"geometry":{"type":"MultiPolygon","coordinates":[[[[100.688526,-0.763277],[100.69222,-0.769819],[100.69679,-0.773594],[100.698533,-0.776793],[100.700132,-0.783362],[100.710961,-0.792511],[100.712097,-0.802838],[100.715693,-0.808701],[100.717489,-0.819216],[100.720863,-0.821095],[100.7287,-0.815978],[100.729579,-0.817201],[100.727012,-0.824215],[100.72381,-0.827293],[100.721186,-0.832756],[100.717888,-0.833804],[100.714973,-0.833506],[100.713445,-0.832163],[100.700174,-0.836841],[100.696529,-0.835615],[100.69186,-0.837395],[100.674881,-0.837274],[100.667441,-0.843841],[100.661476,-0.852359],[100.650112,-0.860218],[100.639118,-0.862222],[100.635254,-0.859925],[100.633139,-0.861274],[100.630751,-0.864991],[100.630462,-0.871034],[100.627315,-0.874975],[100.624503,-0.876241],[100.623347,-0.878861],[100.624617,-0.884354],[100.623716,-0.890555],[100.622044,-0.892286],[100.602567,-0.900264],[100.595755,-0.897742],[100.586388,-0.899312],[100.583179,-0.89919],[100.577497,-0.897216],[100.566139,-0.901777],[100.565843,-0.895818],[100.563664,-0.893483],[100.561908,-0.884568],[100.55838,-0.878211],[100.5567,-0.861784],[100.555448,-0.859455],[100.553539,-0.85761],[100.546921,-0.858947],[100.541743,-0.858436],[100.538578,-0.85672],[100.534289,-0.851684],[100.533655,-0.847547],[100.535702,-0.841376],[100.543954,-0.836177],[100.548824,-0.829728],[100.549878,-0.825288],[100.545149,-0.81708],[100.544917,-0.814918],[100.5569,-0.818602],[100.561337,-0.819047],[100.596346,-0.806259],[100.624846,-0.799087],[100.631529,-0.795975],[100.636137,-0.795206],[100.642708,-0.797283],[100.641289,-0.801498],[100.641809,-0.804756],[100.659045,-0.807187],[100.663284,-0.810115],[100.666836,-0.810939],[100.669589,-0.810475],[100.675668,-0.807658],[100.6794,-0.804301],[100.676882,-0.793705],[100.670655,-0.788458],[100.670682,-0.780009],[100.672846,-0.770208],[100.674719,-0.767725],[100.679872,-0.764392],[100.684762,-0.763173],[100.686251,-0.761184],[100.688526,-0.763277]]],[[[100.627195,-0.755185],[100.630831,-0.754563],[100.633973,-0.761365],[100.633912,-0.764691],[100.627929,-0.771313],[100.624955,-0.772629],[100.621346,-0.773319],[100.606013,-0.771499],[100.59704,-0.768515],[100.604179,-0.759858],[100.609398,-0.7579],[100.614191,-0.754561],[100.618011,-0.747442],[100.620834,-0.745891],[100.623807,-0.751628],[100.627195,-0.755185]]],[[[100.610371,-0.755656],[100.609945,-0.754858],[100.610747,-0.753986],[100.611533,-0.754865],[100.610371,-0.755656]]]]}},{"type":"Feature","properties":{"nmkec":"Padang Ganting","nmkab":"Tanah Datar","nmprov":"Sumatera Barat","kdkec":"070","kdkab":"05","kodekab":"1305","idkec":"1305070","index":131},"geometry":{"type":"Polygon","coordinates":[[[100.742142,-0.483082],[100.750277,-0.488356],[100.757716,-0.491854],[100.766709,-0.50502],[100.765962,-0.506316],[100.758075,-0.508593],[100.754547,-0.512303],[100.75404,-0.515381],[100.760333,-0.519302],[100.773577,-0.533096],[100.776968,-0.538623],[100.777222,-0.54649],[100.773802,-0.560148],[100.761877,-0.558528],[100.753882,-0.558495],[100.748216,-0.559848],[100.74349,-0.559429],[100.733452,-0.554064],[100.728096,-0.554758],[100.721029,-0.567193],[100.714469,-0.571713],[100.707267,-0.573922],[100.701116,-0.569194],[100.700317,-0.567259],[100.70045,-0.557664],[100.698555,-0.555277],[100.688974,-0.554159],[100.683798,-0.557227],[100.677702,-0.554334],[100.680485,-0.542043],[100.680298,-0.539795],[100.677917,-0.536682],[100.668343,-0.534805],[100.653338,-0.537022],[100.646051,-0.532962],[100.643711,-0.525383],[100.652514,-0.51472],[100.655719,-0.515398],[100.657151,-0.508488],[100.660746,-0.506249],[100.672085,-0.505022],[100.676684,-0.506779],[100.680543,-0.510638],[100.68072,-0.511905],[100.685894,-0.51391],[100.695705,-0.505144],[100.696548,-0.508895],[100.700477,-0.508563],[100.7057,-0.506432],[100.716829,-0.498349],[100.725676,-0.49828],[100.740386,-0.494156],[100.743126,-0.489307],[100.742142,-0.483082]]]}},{"type":"Feature","properties":{"nmkec":"Kamang Baru","nmkab":"Sijunjung","nmprov":"Sumatera Barat","kdkec":"050","kdkab":"04","kodekab":"1304","idkec":"1304050","index":132},"geometry":{"type":"Polygon","coordinates":[[[101.217298,-0.599328],[101.235853,-0.605693],[101.244962,-0.61994],[101.249633,-0.625545],[101.252902,-0.626946],[101.25804,-0.626245],[101.26575,-0.623079],[101.275954,-0.621661],[101.280961,-0.621945],[101.287196,-0.624071],[101.295888,-0.631298],[101.303777,-0.631959],[101.306989,-0.629786],[101.333206,-0.649485],[101.350685,-0.671965],[101.357501,-0.667956],[101.358233,-0.669685],[101.357532,-0.674123],[101.354936,-0.677419],[101.354889,-0.67967],[101.357109,-0.684205],[101.361124,-0.689165],[101.36991,-0.693841],[101.37388,-0.697711],[101.401902,-0.710688],[101.411014,-0.717563],[101.412649,-0.720132],[101.41405,-0.736947],[101.418488,-0.738815],[101.421758,-0.736714],[101.42456,-0.736947],[101.426479,-0.743534],[101.431621,-0.74744],[101.432012,-0.754362],[101.445371,-0.76285],[101.463076,-0.771021],[101.479614,-0.782306],[101.487202,-0.795537],[101.496763,-0.807242],[101.500011,-0.809287],[101.50855,-0.810844],[101.523555,-0.811615],[101.537011,-0.816031],[101.547557,-0.822623],[101.545801,-0.825496],[101.542616,-0.825673],[101.542439,-0.831512],[101.536954,-0.84266],[101.529064,-0.849862],[101.520321,-0.852215],[101.520321,-0.854338],[101.518375,-0.856285],[101.512712,-0.858585],[101.494939,-0.852594],[101.493342,-0.845737],[101.478783,-0.837732],[101.469255,-0.835114],[101.464,-0.839733],[101.459542,-0.842254],[101.44617,-0.847319],[101.441083,-0.850886],[101.437943,-0.851271],[101.430496,-0.855242],[101.430538,-0.857234],[101.434268,-0.858811],[101.436739,-0.861691],[101.438027,-0.86897],[101.436026,-0.879339],[101.436633,-0.885826],[101.432267,-0.887039],[101.423838,-0.901166],[101.421697,-0.901967],[101.420052,-0.901182],[101.419567,-0.899363],[101.415443,-0.899606],[101.414409,-0.899988],[101.413484,-0.904482],[101.414759,-0.91121],[101.419017,-0.909447],[101.420533,-0.909941],[101.420186,-0.911467],[101.418815,-0.911773],[101.423455,-0.921929],[101.424921,-0.937752],[101.419129,-0.949976],[101.39624,-0.940728],[101.391877,-0.941066],[101.386653,-0.939508],[101.383877,-0.936071],[101.382291,-0.935939],[101.377268,-0.939508],[101.375154,-0.93964],[101.370263,-0.936468],[101.363069,-0.937901],[101.353217,-0.94648],[101.353107,-0.947818],[101.343983,-0.952143],[101.343557,-0.955526],[101.337868,-0.958365],[101.334457,-0.950596],[101.332183,-0.949081],[101.318983,-0.951834],[101.308231,-0.951992],[101.302686,-0.950737],[101.279548,-0.950737],[101.274623,-0.949572],[101.252498,-0.935156],[101.24078,-0.931428],[101.239358,-0.929863],[101.234974,-0.929297],[101.229867,-0.916183],[101.229635,-0.91133],[101.232839,-0.905553],[101.238079,-0.89933],[101.244447,-0.885334],[101.23261,-0.87695],[101.223792,-0.873531],[101.2189,-0.870269],[101.219832,-0.862582],[101.223116,-0.861583],[101.223093,-0.850702],[101.22123,-0.850003],[101.22123,-0.84185],[101.222972,-0.83523],[101.230548,-0.834163],[101.237058,-0.82989],[101.236481,-0.828532],[101.240048,-0.823077],[101.265467,-0.796827],[101.23167,-0.778542],[101.230542,-0.772975],[101.213734,-0.769744],[101.211287,-0.765426],[101.208719,-0.767138],[101.205495,-0.764489],[101.203526,-0.760551],[101.201206,-0.758391],[101.1991,-0.760085],[101.194557,-0.755425],[101.194061,-0.75153],[101.190131,-0.74937],[101.185768,-0.750892],[101.183259,-0.755193],[101.177922,-0.750043],[101.174058,-0.748554],[101.171728,-0.74145],[101.169347,-0.739068],[101.167768,-0.73318],[101.161828,-0.72491],[101.164274,-0.723047],[101.164856,-0.715127],[101.157555,-0.698798],[101.151184,-0.687864],[101.156312,-0.68334],[101.158895,-0.679723],[101.158534,-0.678849],[101.172636,-0.686872],[101.189447,-0.652674],[101.189704,-0.640176],[101.196051,-0.646228],[101.198232,-0.647144],[101.204441,-0.645766],[101.209217,-0.643321],[101.21294,-0.643321],[101.208433,-0.636577],[101.204684,-0.628241],[101.206176,-0.608368],[101.209052,-0.600179],[101.210471,-0.599196],[101.217298,-0.599328]]]}},{"type":"Feature","properties":{"nmkec":"Tanjung Gadang","nmkab":"Sijunjung","nmprov":"Sumatera Barat","kdkec":"060","kdkab":"04","kodekab":"1304","idkec":"1304060","index":133},"geometry":{"type":"Polygon","coordinates":[[[101.098754,-0.711198],[101.103326,-0.711283],[101.106264,-0.712869],[101.109016,-0.71906],[101.114099,-0.723677],[101.113194,-0.725583],[101.116073,-0.73207],[101.123715,-0.739166],[101.126445,-0.739275],[101.130921,-0.741677],[101.138929,-0.751484],[101.139317,-0.754564],[101.14201,-0.757881],[101.145844,-0.757235],[101.154115,-0.760229],[101.156936,-0.759825],[101.174058,-0.748554],[101.177922,-0.750043],[101.183259,-0.755193],[101.185768,-0.750892],[101.190131,-0.74937],[101.194061,-0.75153],[101.194557,-0.755425],[101.1991,-0.760085],[101.201206,-0.758391],[101.203526,-0.760551],[101.205495,-0.764489],[101.208719,-0.767138],[101.211287,-0.765426],[101.213734,-0.769744],[101.230542,-0.772975],[101.23167,-0.778542],[101.265467,-0.796827],[101.240048,-0.823077],[101.236481,-0.828532],[101.237058,-0.82989],[101.230548,-0.834163],[101.222972,-0.83523],[101.22123,-0.84185],[101.22123,-0.850003],[101.223093,-0.850702],[101.223116,-0.861583],[101.219832,-0.862582],[101.2189,-0.870269],[101.223792,-0.873531],[101.23261,-0.87695],[101.244447,-0.885334],[101.238079,-0.89933],[101.232839,-0.905553],[101.229635,-0.91133],[101.229867,-0.916183],[101.234974,-0.929297],[101.231303,-0.930494],[101.226534,-0.928547],[101.221231,-0.924892],[101.221395,-0.923153],[101.214962,-0.918444],[101.209537,-0.912321],[101.208952,-0.908813],[101.201058,-0.906181],[101.194334,-0.905889],[101.19258,-0.908228],[101.19141,-0.913783],[101.188487,-0.916122],[101.191703,-0.921969],[101.193165,-0.932786],[101.19141,-0.937756],[101.188194,-0.94068],[101.187902,-0.950328],[101.186059,-0.951653],[101.17857,-0.953978],[101.175558,-0.956933],[101.173627,-0.95744],[101.16499,-0.955279],[101.154311,-0.955522],[101.148608,-0.958677],[101.144968,-0.962317],[101.143148,-0.962803],[101.139629,-0.961346],[101.135746,-0.962803],[101.133076,-0.965958],[101.132227,-0.969719],[101.130406,-0.971661],[101.123732,-0.974088],[101.117721,-0.973931],[101.114025,-0.976757],[101.109535,-0.976272],[101.103589,-0.977849],[101.087086,-0.988528],[101.079077,-0.987557],[101.07301,-0.989741],[101.067914,-0.990227],[101.062332,-0.986222],[101.057235,-0.976151],[101.050009,-0.968415],[101.056082,-0.957599],[101.067062,-0.949377],[101.059601,-0.933907],[101.062719,-0.925422],[101.071725,-0.921919],[101.076513,-0.918266],[101.078441,-0.914281],[101.078111,-0.912762],[101.089788,-0.906063],[101.102465,-0.89683],[101.107013,-0.881809],[101.09908,-0.866628],[101.097617,-0.861451],[101.088226,-0.847501],[101.088941,-0.841917],[101.087791,-0.835468],[101.099151,-0.831837],[101.093928,-0.820016],[101.082252,-0.823174],[101.07946,-0.817291],[101.07428,-0.814767],[101.063236,-0.815932],[101.059733,-0.808204],[101.058183,-0.808592],[101.054785,-0.799989],[101.055398,-0.796888],[101.05024,-0.787376],[101.037469,-0.787148],[101.032973,-0.783891],[101.017632,-0.76771],[101.017694,-0.756841],[101.011182,-0.752714],[101.015118,-0.745399],[101.018092,-0.74184],[101.016053,-0.737615],[101.01727,-0.737305],[101.022873,-0.737224],[101.029286,-0.739906],[101.030831,-0.739232],[101.034619,-0.73369],[101.047026,-0.732075],[101.058384,-0.734137],[101.062574,-0.734094],[101.068437,-0.731749],[101.075493,-0.731792],[101.083558,-0.734638],[101.087608,-0.735266],[101.090257,-0.734593],[101.08476,-0.730031],[101.081403,-0.720018],[101.089371,-0.713246],[101.098754,-0.711198]]]}},{"type":"Feature","properties":{"nmkec":"Lubuk Tarok","nmkab":"Sijunjung","nmprov":"Sumatera Barat","kdkec":"071","kdkab":"04","kodekab":"1304","idkec":"1304071","index":134},"geometry":{"type":"Polygon","coordinates":[[[101.00974,-0.75495],[101.012879,-0.754405],[101.017694,-0.756841],[101.017632,-0.76771],[101.032973,-0.783891],[101.037469,-0.787148],[101.05024,-0.787376],[101.055398,-0.796888],[101.054785,-0.799989],[101.058183,-0.808592],[101.059733,-0.808204],[101.063483,-0.816146],[101.07428,-0.814767],[101.07946,-0.817291],[101.082252,-0.823174],[101.093928,-0.820016],[101.099151,-0.831837],[101.087791,-0.835468],[101.088941,-0.841917],[101.088226,-0.847501],[101.097617,-0.861451],[101.09908,-0.866628],[101.107013,-0.881809],[101.102465,-0.89683],[101.089788,-0.906063],[101.078111,-0.912762],[101.078441,-0.914281],[101.076513,-0.918266],[101.069204,-0.923491],[101.062719,-0.925422],[101.059089,-0.921847],[101.056447,-0.915584],[101.051957,-0.909638],[101.047588,-0.885855],[101.043099,-0.880516],[101.036546,-0.879181],[101.02514,-0.88088],[101.022349,-0.882578],[101.019348,-0.882938],[101.012823,-0.882154],[101.001417,-0.878574],[100.992558,-0.871293],[100.992073,-0.867896],[100.995956,-0.856125],[100.994014,-0.851999],[100.990423,-0.849833],[100.980215,-0.847829],[100.977359,-0.84179],[100.975168,-0.839782],[100.953164,-0.831311],[100.955085,-0.823519],[100.952743,-0.814012],[100.947092,-0.806431],[100.935578,-0.787306],[100.934207,-0.781772],[100.934138,-0.773887],[100.932617,-0.76863],[100.926199,-0.76525],[100.922821,-0.759309],[100.92904,-0.754341],[100.937074,-0.756779],[100.943997,-0.754894],[100.946021,-0.758688],[100.948198,-0.760408],[100.95632,-0.763865],[100.95616,-0.766839],[100.961453,-0.766007],[100.966578,-0.759776],[100.972053,-0.75931],[100.979164,-0.765437],[100.986417,-0.767253],[100.995518,-0.765937],[100.996875,-0.759203],[100.996962,-0.75269],[100.999817,-0.750271],[101.001974,-0.750314],[101.00974,-0.75495]]]}},{"type":"Feature","properties":{"nmkec":"Batipuh","nmkab":"Tanah Datar","nmprov":"Sumatera Barat","kdkec":"020","kdkab":"05","kodekab":"1305","idkec":"1305020","index":135},"geometry":{"type":"Polygon","coordinates":[[[100.466004,-0.38915],[100.471354,-0.419118],[100.468787,-0.432208],[100.469124,-0.435457],[100.477258,-0.450865],[100.477673,-0.460509],[100.486333,-0.474565],[100.492212,-0.479619],[100.50401,-0.496788],[100.51835,-0.512343],[100.520516,-0.515999],[100.5233,-0.52448],[100.5061,-0.530882],[100.50157,-0.529858],[100.493525,-0.521833],[100.486689,-0.522108],[100.477584,-0.530045],[100.479141,-0.532163],[100.47754,-0.537102],[100.474104,-0.537719],[100.4651,-0.555391],[100.450322,-0.557419],[100.446396,-0.561907],[100.448128,-0.570975],[100.446842,-0.573238],[100.444273,-0.572361],[100.431923,-0.560785],[100.427323,-0.561121],[100.42149,-0.563141],[100.4179,-0.565833],[100.416625,-0.565638],[100.411885,-0.561264],[100.407994,-0.553734],[100.40753,-0.54461],[100.416344,-0.528373],[100.421447,-0.525281],[100.441116,-0.519927],[100.442567,-0.517185],[100.441666,-0.508733],[100.436684,-0.506565],[100.43473,-0.503738],[100.43751,-0.496447],[100.437263,-0.493769],[100.432887,-0.488178],[100.434713,-0.481477],[100.435508,-0.467025],[100.437244,-0.465701],[100.436293,-0.454846],[100.442991,-0.444216],[100.445071,-0.435339],[100.44471,-0.422045],[100.453669,-0.397164],[100.457976,-0.389259],[100.466004,-0.38915]]]}},{"type":"Feature","properties":{"nmkec":"Tanjung Emas","nmkab":"Tanah Datar","nmprov":"Sumatera Barat","kdkec":"060","kdkab":"05","kodekab":"1305","idkec":"1305060","index":136},"geometry":{"type":"Polygon","coordinates":[[[100.65397,-0.408799],[100.662138,-0.416197],[100.666734,-0.424917],[100.673511,-0.433896],[100.684714,-0.442072],[100.689049,-0.443319],[100.695435,-0.438179],[100.696187,-0.43853],[100.701365,-0.441859],[100.708269,-0.450489],[100.731694,-0.465406],[100.733296,-0.467255],[100.73305,-0.471077],[100.722585,-0.478946],[100.730162,-0.481507],[100.733685,-0.480362],[100.736064,-0.478029],[100.740894,-0.481186],[100.742142,-0.483082],[100.743126,-0.489307],[100.740386,-0.494156],[100.725676,-0.49828],[100.716829,-0.498349],[100.7057,-0.506432],[100.700477,-0.508563],[100.696548,-0.508895],[100.695705,-0.505144],[100.685894,-0.51391],[100.68072,-0.511905],[100.680543,-0.510638],[100.676684,-0.506779],[100.672085,-0.505022],[100.660746,-0.506249],[100.657151,-0.508488],[100.655719,-0.515398],[100.652514,-0.51472],[100.643711,-0.525383],[100.646051,-0.532962],[100.653338,-0.537022],[100.638762,-0.538176],[100.636734,-0.540962],[100.636976,-0.543935],[100.631514,-0.551952],[100.627293,-0.55014],[100.623582,-0.552632],[100.61417,-0.547552],[100.611695,-0.544134],[100.612755,-0.540246],[100.607335,-0.534118],[100.60677,-0.527023],[100.604865,-0.525403],[100.601258,-0.525261],[100.596635,-0.521223],[100.598176,-0.516169],[100.601071,-0.512659],[100.600711,-0.508801],[100.596967,-0.50481],[100.598511,-0.499394],[100.598141,-0.496841],[100.59615,-0.493533],[100.6011,-0.493248],[100.616684,-0.497595],[100.625416,-0.502167],[100.630402,-0.499532],[100.631875,-0.497758],[100.629254,-0.493757],[100.621385,-0.492193],[100.618112,-0.489323],[100.621119,-0.47939],[100.613974,-0.470198],[100.610628,-0.470419],[100.607913,-0.473157],[100.602547,-0.472165],[100.600341,-0.469099],[100.598559,-0.45904],[100.598741,-0.454197],[100.599627,-0.452887],[100.599078,-0.450891],[100.60082,-0.44936],[100.600968,-0.447567],[100.598891,-0.442493],[100.605417,-0.442004],[100.606035,-0.438984],[100.601678,-0.438988],[100.600169,-0.435221],[100.599938,-0.431055],[100.602137,-0.428239],[100.606489,-0.425796],[100.621105,-0.423929],[100.627974,-0.418927],[100.639134,-0.418662],[100.652081,-0.410984],[100.65397,-0.408799]]]}},{"type":"Feature","properties":{"nmkec":"Lintau Buo Utara","nmkab":"Tanah Datar","nmprov":"Sumatera Barat","kdkec":"081","kdkab":"05","kodekab":"1305","idkec":"1305081","index":137},"geometry":{"type":"Polygon","coordinates":[[[100.676254,-0.325561],[100.687939,-0.329633],[100.690372,-0.334641],[100.692804,-0.336897],[100.722311,-0.349916],[100.734183,-0.360801],[100.738273,-0.361959],[100.745477,-0.359664],[100.747311,-0.361984],[100.754258,-0.365822],[100.756912,-0.365358],[100.762059,-0.361338],[100.770447,-0.358445],[100.772829,-0.355612],[100.773539,-0.351954],[100.777312,-0.348448],[100.779758,-0.347815],[100.786189,-0.348757],[100.787767,-0.350791],[100.791661,-0.352485],[100.805427,-0.352823],[100.811173,-0.354577],[100.813587,-0.353821],[100.81331,-0.35046],[100.823549,-0.365436],[100.831633,-0.368739],[100.833992,-0.372189],[100.83432,-0.382619],[100.835608,-0.384921],[100.837052,-0.393792],[100.833667,-0.397494],[100.829918,-0.398452],[100.829078,-0.399489],[100.831145,-0.405164],[100.830573,-0.411834],[100.828836,-0.417381],[100.829144,-0.423227],[100.824066,-0.427613],[100.819615,-0.433096],[100.819434,-0.436425],[100.820594,-0.439867],[100.817737,-0.446385],[100.818008,-0.448235],[100.811918,-0.450041],[100.802396,-0.450311],[100.798588,-0.453502],[100.794113,-0.455662],[100.782617,-0.457514],[100.780688,-0.457205],[100.771487,-0.451544],[100.765778,-0.450387],[100.760764,-0.451029],[100.749055,-0.455768],[100.748854,-0.461133],[100.752266,-0.465614],[100.752555,-0.467597],[100.749064,-0.46933],[100.743159,-0.467915],[100.733296,-0.468273],[100.731694,-0.465406],[100.708269,-0.450489],[100.701365,-0.441859],[100.696187,-0.43853],[100.695435,-0.438179],[100.690001,-0.44283],[100.687433,-0.443234],[100.673511,-0.433896],[100.666734,-0.424917],[100.662138,-0.416197],[100.65397,-0.408799],[100.655168,-0.400885],[100.661268,-0.393662],[100.664266,-0.388785],[100.665252,-0.385032],[100.66423,-0.383944],[100.662729,-0.385008],[100.661495,-0.384661],[100.661306,-0.380421],[100.665099,-0.372328],[100.663296,-0.36613],[100.665928,-0.357355],[100.663439,-0.347503],[100.668345,-0.343116],[100.666813,-0.332284],[100.673029,-0.325314],[100.676254,-0.325561]]]}},{"type":"Feature","properties":{"nmkec":"2 X 11 Kayu Tanam","nmkab":"Padang Pariaman","nmprov":"Sumatera Barat","kdkec":"052","kdkab":"06","kodekab":"1306","idkec":"1306052","index":138},"geometry":{"type":"Polygon","coordinates":[[[100.329367,-0.485659],[100.337591,-0.486938],[100.342748,-0.486272],[100.349064,-0.483376],[100.352447,-0.480743],[100.354751,-0.480469],[100.357346,-0.482],[100.357098,-0.484669],[100.359754,-0.486808],[100.367135,-0.488223],[100.375051,-0.491715],[100.379596,-0.491577],[100.386293,-0.489449],[100.393372,-0.490955],[100.384407,-0.49995],[100.383522,-0.503008],[100.385207,-0.508986],[100.38528,-0.519514],[100.38346,-0.524105],[100.383937,-0.525902],[100.390012,-0.529615],[100.392156,-0.53261],[100.389299,-0.537723],[100.389458,-0.540639],[100.395934,-0.552763],[100.397722,-0.558913],[100.402559,-0.564403],[100.407227,-0.564262],[100.410531,-0.562857],[100.411885,-0.561264],[100.416991,-0.566429],[100.41688,-0.573071],[100.418303,-0.581579],[100.418194,-0.585864],[100.416178,-0.59096],[100.417317,-0.599124],[100.414731,-0.602754],[100.412221,-0.60232],[100.407863,-0.604203],[100.401747,-0.609293],[100.393515,-0.613752],[100.376483,-0.620679],[100.37633,-0.621822],[100.379722,-0.623936],[100.397166,-0.630648],[100.400264,-0.629898],[100.403243,-0.627728],[100.415774,-0.628065],[100.420556,-0.633345],[100.431133,-0.638983],[100.430426,-0.644298],[100.428659,-0.648609],[100.42805,-0.655976],[100.430156,-0.657575],[100.424392,-0.659111],[100.42133,-0.661082],[100.41301,-0.668944],[100.407549,-0.672373],[100.399887,-0.6729],[100.392135,-0.66806],[100.385587,-0.6659],[100.377074,-0.665335],[100.368064,-0.667054],[100.36219,-0.666706],[100.360231,-0.664963],[100.355372,-0.651993],[100.344791,-0.63859],[100.342507,-0.63635],[100.340285,-0.636164],[100.339719,-0.631792],[100.333739,-0.628297],[100.316437,-0.626272],[100.316412,-0.621496],[100.322187,-0.612898],[100.321546,-0.606257],[100.32336,-0.601846],[100.321924,-0.596473],[100.320521,-0.594508],[100.316228,-0.591987],[100.308875,-0.580726],[100.301811,-0.573199],[100.28191,-0.559745],[100.283491,-0.555801],[100.282935,-0.554096],[100.281365,-0.552913],[100.276476,-0.555229],[100.272252,-0.55182],[100.280329,-0.543207],[100.282309,-0.538053],[100.282621,-0.531426],[100.284648,-0.524973],[100.289535,-0.515503],[100.289028,-0.511539],[100.284849,-0.51053],[100.283207,-0.508549],[100.283278,-0.50517],[100.294563,-0.501186],[100.299762,-0.498282],[100.30557,-0.499499],[100.310957,-0.503668],[100.312221,-0.50334],[100.318872,-0.493457],[100.318591,-0.487275],[100.316249,-0.483808],[100.315875,-0.479031],[100.317011,-0.474976],[100.317751,-0.476806],[100.329367,-0.485659]]]}},{"type":"Feature","properties":{"nmkec":"Sungai Tarab","nmkab":"Tanah Datar","nmprov":"Sumatera Barat","kdkec":"100","kdkab":"05","kodekab":"1305","idkec":"1305100","index":139},"geometry":{"type":"Polygon","coordinates":[[[100.51766,-0.356731],[100.529395,-0.361173],[100.554134,-0.365569],[100.556142,-0.367495],[100.56567,-0.365054],[100.567572,-0.371425],[100.566524,-0.377435],[100.570685,-0.380764],[100.576102,-0.388978],[100.57418,-0.392366],[100.573089,-0.397454],[100.574827,-0.406273],[100.573207,-0.408947],[100.574672,-0.412388],[100.583352,-0.417944],[100.591304,-0.4169],[100.590945,-0.420297],[100.593495,-0.428934],[100.599775,-0.432463],[100.601678,-0.438988],[100.605944,-0.438826],[100.605417,-0.442004],[100.598891,-0.442493],[100.600968,-0.447567],[100.60027,-0.449881],[100.599078,-0.450891],[100.570912,-0.446412],[100.566425,-0.446762],[100.565527,-0.449155],[100.562673,-0.450627],[100.554123,-0.445716],[100.552656,-0.446541],[100.553821,-0.449129],[100.548909,-0.451579],[100.546586,-0.440981],[100.54736,-0.437663],[100.542448,-0.436349],[100.537066,-0.432203],[100.532742,-0.430159],[100.517707,-0.427566],[100.519452,-0.42589],[100.520007,-0.423162],[100.514852,-0.414817],[100.509004,-0.411835],[100.503836,-0.4107],[100.489631,-0.399666],[100.476861,-0.39524],[100.472284,-0.390859],[100.471196,-0.387333],[100.47186,-0.379945],[100.474241,-0.379977],[100.476719,-0.378682],[100.479582,-0.372168],[100.48321,-0.372827],[100.490163,-0.372067],[100.51766,-0.356731]]]}},{"type":"Feature","properties":{"nmkec":"Sintuk Toboh Gadang","nmkab":"Padang Pariaman","nmprov":"Sumatera Barat","kdkec":"021","kdkab":"06","kodekab":"1306","idkec":"1306021","index":140},"geometry":{"type":"Polygon","coordinates":[[[100.250668,-0.648771],[100.276326,-0.651868],[100.280624,-0.651537],[100.287827,-0.647245],[100.289864,-0.647924],[100.288811,-0.651214],[100.280598,-0.65991],[100.276611,-0.669854],[100.27689,-0.67445],[100.274392,-0.67856],[100.268501,-0.679767],[100.257341,-0.678229],[100.253673,-0.68143],[100.257456,-0.68489],[100.250557,-0.694287],[100.252742,-0.698209],[100.244468,-0.694737],[100.240087,-0.690487],[100.234257,-0.688761],[100.228945,-0.689385],[100.224434,-0.688047],[100.222624,-0.685722],[100.222742,-0.678303],[100.224587,-0.675118],[100.226949,-0.658098],[100.228226,-0.655173],[100.229955,-0.652933],[100.233986,-0.651953],[100.237012,-0.649995],[100.246268,-0.64892],[100.248548,-0.644766],[100.250668,-0.648771]]]}},{"type":"Feature","properties":{"nmkec":"Ulakan Tapakis","nmkab":"Padang Pariaman","nmprov":"Sumatera Barat","kdkec":"030","kdkab":"06","kodekab":"1306","idkec":"1306030","index":141},"geometry":{"type":"Polygon","coordinates":[[[100.222861,-0.665575],[100.226107,-0.66634],[100.224587,-0.675118],[100.222742,-0.678303],[100.2233,-0.687218],[100.228945,-0.689385],[100.234257,-0.688761],[100.240087,-0.690487],[100.244468,-0.694737],[100.252742,-0.698209],[100.257748,-0.703074],[100.264477,-0.703097],[100.248374,-0.722318],[100.245383,-0.724206],[100.24264,-0.724224],[100.240802,-0.726164],[100.236752,-0.735201],[100.234653,-0.736914],[100.229953,-0.737235],[100.227621,-0.73495],[100.224041,-0.73676],[100.217926,-0.730814],[100.197303,-0.714535],[100.169562,-0.686461],[100.181649,-0.674483],[100.18714,-0.673183],[100.19,-0.674145],[100.193094,-0.671447],[100.194031,-0.669004],[100.198793,-0.670518],[100.200063,-0.673106],[100.20251,-0.674962],[100.209048,-0.675001],[100.213459,-0.671944],[100.217604,-0.671904],[100.221623,-0.670142],[100.222861,-0.665575]]]}},{"type":"Feature","properties":{"nmkec":"Nan Sabaris","nmkab":"Padang Pariaman","nmprov":"Sumatera Barat","kdkec":"040","kdkab":"06","kodekab":"1306","idkec":"1306040","index":142},"geometry":{"type":"Polygon","coordinates":[[[100.183872,-0.622208],[100.193651,-0.628065],[100.201979,-0.628949],[100.20788,-0.628028],[100.212108,-0.624042],[100.217708,-0.625266],[100.217323,-0.64214],[100.218858,-0.644945],[100.224558,-0.647539],[100.226118,-0.646687],[100.233986,-0.651953],[100.229955,-0.652933],[100.228226,-0.655173],[100.226949,-0.658098],[100.22636,-0.666395],[100.222861,-0.665575],[100.221623,-0.670142],[100.217604,-0.671904],[100.213459,-0.671944],[100.209048,-0.675001],[100.20251,-0.674962],[100.200063,-0.673106],[100.198793,-0.670518],[100.194031,-0.669004],[100.193094,-0.671447],[100.19,-0.674145],[100.18714,-0.673183],[100.181649,-0.674483],[100.169562,-0.686461],[100.159619,-0.676014],[100.157633,-0.669783],[100.154278,-0.668644],[100.153267,-0.665691],[100.156545,-0.659988],[100.158602,-0.660205],[100.157505,-0.66122],[100.158587,-0.662815],[100.163189,-0.659328],[100.16278,-0.657116],[100.161386,-0.658571],[100.160207,-0.658306],[100.160544,-0.656095],[100.165368,-0.65021],[100.171944,-0.652806],[100.172624,-0.652326],[100.173388,-0.649508],[100.170817,-0.646204],[100.173089,-0.637216],[100.175699,-0.631966],[100.173567,-0.628579],[100.173654,-0.623765],[100.181873,-0.6237],[100.183872,-0.622208]]]}},{"type":"Feature","properties":{"nmkec":"Iv Koto Aur Malintang","nmkab":"Padang Pariaman","nmprov":"Sumatera Barat","kdkec":"100","kdkab":"06","kodekab":"1306","idkec":"1306100","index":143},"geometry":{"type":"Polygon","coordinates":[[[100.080515,-0.321739],[100.087195,-0.322692],[100.10138,-0.321978],[100.09617,-0.32455],[100.095725,-0.328969],[100.098305,-0.331907],[100.110728,-0.336459],[100.121739,-0.337116],[100.129466,-0.333915],[100.132808,-0.331262],[100.139692,-0.328964],[100.145275,-0.329557],[100.152961,-0.333504],[100.155034,-0.335195],[100.15538,-0.340761],[100.151954,-0.344563],[100.152957,-0.350199],[100.155343,-0.356133],[100.157957,-0.35869],[100.159036,-0.362624],[100.15671,-0.373569],[100.157102,-0.382978],[100.130867,-0.392595],[100.128278,-0.394154],[100.1274,-0.396958],[100.12389,-0.399357],[100.118894,-0.400908],[100.116179,-0.400125],[100.111202,-0.402557],[100.105857,-0.400906],[100.095727,-0.403065],[100.088685,-0.397955],[100.080282,-0.398594],[100.076524,-0.401696],[100.071699,-0.401776],[100.06662,-0.400385],[100.063296,-0.402136],[100.059788,-0.402029],[100.056129,-0.400175],[100.050485,-0.400426],[100.047291,-0.402872],[100.039735,-0.405059],[100.035867,-0.40501],[100.033012,-0.411779],[100.025065,-0.413365],[100.018481,-0.416105],[100.015577,-0.42557],[100.012387,-0.427109],[100.006013,-0.417902],[100.002058,-0.416532],[99.992896,-0.409329],[99.988798,-0.40826],[99.982079,-0.404678],[99.980979,-0.402231],[99.98656,-0.395876],[99.988406,-0.395857],[99.991168,-0.398734],[99.995521,-0.400396],[99.998824,-0.399766],[99.999819,-0.397969],[99.997076,-0.38133],[99.994007,-0.381089],[99.984798,-0.371642],[99.986592,-0.365942],[99.987044,-0.359009],[100.005885,-0.358962],[100.016504,-0.364071],[100.019457,-0.364128],[100.022133,-0.361839],[100.029708,-0.363613],[100.03631,-0.363444],[100.037572,-0.355319],[100.038738,-0.353673],[100.049057,-0.354016],[100.053994,-0.350778],[100.055481,-0.346096],[100.060002,-0.342527],[100.064675,-0.336316],[100.063608,-0.333235],[100.06447,-0.331432],[100.066965,-0.331536],[100.071481,-0.328655],[100.07145,-0.325638],[100.073367,-0.32407],[100.080515,-0.321739]]]}},{"type":"Feature","properties":{"nmkec":"Agam","nmkab":"Agam","nmprov":"Sumatera Barat","kdkec":"000","kdkab":"07","kodekab":"1307","idkec":"1307000","index":144},"geometry":{"type":"Polygon","coordinates":[[[100.195769,-0.251912],[100.19686,-0.253833],[100.20251,-0.255019],[100.213744,-0.267122],[100.214398,-0.270747],[100.224153,-0.284398],[100.227052,-0.291191],[100.226952,-0.292785],[100.225219,-0.294679],[100.224325,-0.299823],[100.225835,-0.303451],[100.223561,-0.329025],[100.219658,-0.33562],[100.219284,-0.338189],[100.219217,-0.341868],[100.222032,-0.347995],[100.221913,-0.350826],[100.219984,-0.353765],[100.213673,-0.359395],[100.214496,-0.364063],[100.219925,-0.367948],[100.219007,-0.370384],[100.219825,-0.378956],[100.219135,-0.390944],[100.218432,-0.394371],[100.214,-0.400352],[100.207485,-0.403203],[100.201053,-0.40048],[100.180596,-0.399816],[100.171039,-0.395054],[100.166818,-0.389599],[100.16475,-0.383818],[100.164467,-0.374321],[100.169059,-0.362845],[100.16847,-0.356859],[100.169642,-0.356544],[100.172962,-0.358429],[100.183939,-0.355639],[100.185738,-0.353812],[100.17938,-0.351728],[100.175746,-0.352155],[100.173531,-0.355155],[100.171964,-0.355507],[100.167438,-0.352996],[100.163764,-0.341946],[100.165894,-0.325687],[100.163756,-0.314756],[100.165061,-0.310088],[100.164729,-0.30602],[100.162697,-0.297326],[100.155246,-0.291083],[100.153202,-0.291114],[100.149937,-0.292808],[100.149145,-0.292234],[100.150998,-0.288485],[100.154228,-0.285943],[100.156946,-0.281577],[100.159195,-0.275484],[100.164927,-0.266197],[100.175461,-0.259043],[100.180282,-0.258478],[100.184505,-0.254172],[100.186897,-0.253037],[100.188322,-0.252604],[100.193663,-0.254695],[100.194879,-0.252855],[100.19434,-0.251615],[100.195769,-0.251912]]]}},{"type":"Feature","properties":{"nmkec":"Tanjung Mutiara","nmkab":"Agam","nmprov":"Sumatera Barat","kdkec":"010","kdkab":"07","kodekab":"1307","idkec":"1307010","index":145},"geometry":{"type":"MultiPolygon","coordinates":[[[[99.881946,-0.171902],[99.882273,-0.18096],[99.903262,-0.180883],[99.903415,-0.198647],[99.938863,-0.19764],[99.94208,-0.199191],[99.940586,-0.201432],[99.932895,-0.201162],[99.932983,-0.20531],[99.935267,-0.206242],[99.936871,-0.210696],[99.934236,-0.211449],[99.933783,-0.214762],[99.93454,-0.217853],[99.930449,-0.226668],[99.925533,-0.224374],[99.916794,-0.224824],[99.915884,-0.229754],[99.916316,-0.233354],[99.917551,-0.234051],[99.907654,-0.242644],[99.904661,-0.252247],[99.897983,-0.257042],[99.893517,-0.263597],[99.891102,-0.271637],[99.891408,-0.297934],[99.889113,-0.300876],[99.887968,-0.30487],[99.887668,-0.311103],[99.892223,-0.313815],[99.901558,-0.313381],[99.900929,-0.326924],[99.906844,-0.328979],[99.911005,-0.329349],[99.911815,-0.339341],[99.917286,-0.348879],[99.920889,-0.349889],[99.9275,-0.344927],[99.938408,-0.351085],[99.946334,-0.351909],[99.948752,-0.35886],[99.958341,-0.36696],[99.959598,-0.370008],[99.957669,-0.376632],[99.960933,-0.380238],[99.967278,-0.383468],[99.975149,-0.383602],[99.98199,-0.388764],[99.986946,-0.383087],[99.990861,-0.380602],[99.997076,-0.38133],[99.999819,-0.397969],[99.999058,-0.399586],[99.995521,-0.400396],[99.991168,-0.398734],[99.988406,-0.395857],[99.986217,-0.396105],[99.97969,-0.403591],[99.980377,-0.407841],[99.979738,-0.412959],[99.975797,-0.420692],[99.969215,-0.420424],[99.965841,-0.424715],[99.965136,-0.428851],[99.960319,-0.432732],[99.949453,-0.423629],[99.924282,-0.40621],[99.919449,-0.404147],[99.913764,-0.403552],[99.913183,-0.401109],[99.914551,-0.398928],[99.917754,-0.39965],[99.919009,-0.39775],[99.918111,-0.392272],[99.91156,-0.375407],[99.903624,-0.364256],[99.878878,-0.340633],[99.862966,-0.328526],[99.846333,-0.318823],[99.834122,-0.31325],[99.817562,-0.298956],[99.815384,-0.292106],[99.809008,-0.281625],[99.804056,-0.265786],[99.802007,-0.254615],[99.80477,-0.248547],[99.805001,-0.243921],[99.801118,-0.229043],[99.796815,-0.218365],[99.788132,-0.202057],[99.769353,-0.174147],[99.814583,-0.178496],[99.860748,-0.176407],[99.876109,-0.172087],[99.881946,-0.171902]]],[[[99.901134,-0.423616],[99.898982,-0.423703],[99.898865,-0.422371],[99.900927,-0.421809],[99.901134,-0.423616]]],[[[99.902976,-0.412669],[99.901561,-0.412152],[99.902128,-0.410602],[99.903191,-0.41124],[99.902976,-0.412669]]]]}},{"type":"Feature","properties":{"nmkec":"Ampek Nagari","nmkab":"Agam","nmprov":"Sumatera Barat","kdkec":"021","kdkab":"07","kodekab":"1307","idkec":"1307021","index":146},"geometry":{"type":"Polygon","coordinates":[[[99.988344,-0.156295],[99.988746,-0.159895],[100.000051,-0.160013],[100.000166,-0.163062],[100.002261,-0.162668],[100.005487,-0.159661],[100.008853,-0.159783],[100.017363,-0.16387],[100.018899,-0.166928],[100.024002,-0.168921],[100.028613,-0.165722],[100.033363,-0.168596],[100.037113,-0.168513],[100.041556,-0.166843],[100.063054,-0.170424],[100.066198,-0.173353],[100.06823,-0.17343],[100.078657,-0.170263],[100.097637,-0.169185],[100.124796,-0.184594],[100.135351,-0.193124],[100.138257,-0.203766],[100.136544,-0.22084],[100.137135,-0.230347],[100.1327,-0.237725],[100.13104,-0.24252],[100.131217,-0.250988],[100.12957,-0.254841],[100.119639,-0.254551],[100.112622,-0.25215],[100.105052,-0.250898],[100.098009,-0.260514],[100.084321,-0.264736],[100.079263,-0.264852],[100.071078,-0.261306],[100.064304,-0.263321],[100.051041,-0.264598],[100.041976,-0.267839],[100.036997,-0.266384],[100.03492,-0.266944],[100.037244,-0.272769],[100.033177,-0.27165],[100.030232,-0.27003],[100.025548,-0.265333],[100.015097,-0.261774],[100.005052,-0.259859],[100.004144,-0.257527],[100.002546,-0.256398],[100.000958,-0.256247],[99.997457,-0.258344],[99.99083,-0.253403],[99.979351,-0.249968],[99.976467,-0.241548],[99.98426,-0.244949],[99.978337,-0.239896],[99.975759,-0.238936],[99.969509,-0.230378],[99.949671,-0.218301],[99.948476,-0.209161],[99.945294,-0.205828],[99.94372,-0.205603],[99.942373,-0.207143],[99.941529,-0.211231],[99.938449,-0.215771],[99.93454,-0.217853],[99.933783,-0.214762],[99.934236,-0.211449],[99.936871,-0.210696],[99.935267,-0.206242],[99.932983,-0.20531],[99.932895,-0.201162],[99.940586,-0.201432],[99.94208,-0.199191],[99.938863,-0.19764],[99.903415,-0.198647],[99.903262,-0.180883],[99.882273,-0.18096],[99.881946,-0.171902],[99.949768,-0.170376],[99.956424,-0.161005],[99.977896,-0.160376],[99.977668,-0.156295],[99.988344,-0.156295]]]}},{"type":"Feature","properties":{"nmkec":"Payakumbuh","nmkab":"Lima Puluh Kota","nmprov":"Sumatera Barat","kdkec":"010","kdkab":"08","kodekab":"1308","idkec":"1308010","index":147},"geometry":{"type":"Polygon","coordinates":[[[100.62227,-0.133233],[100.623037,-0.138701],[100.626526,-0.146204],[100.625918,-0.150616],[100.623819,-0.15368],[100.613848,-0.152947],[100.609028,-0.159341],[100.607593,-0.16507],[100.611,-0.168466],[100.61558,-0.170566],[100.622386,-0.176101],[100.632402,-0.187086],[100.632634,-0.191013],[100.625477,-0.200134],[100.62388,-0.200935],[100.624272,-0.194538],[100.606046,-0.19652],[100.604376,-0.195867],[100.604102,-0.193535],[100.599223,-0.191419],[100.593468,-0.193219],[100.585253,-0.199323],[100.583515,-0.201773],[100.582958,-0.210324],[100.59012,-0.214639],[100.592922,-0.217866],[100.602144,-0.219692],[100.599203,-0.220519],[100.594157,-0.226902],[100.591733,-0.230894],[100.592097,-0.235948],[100.590028,-0.238539],[100.587422,-0.239712],[100.585377,-0.238162],[100.579488,-0.242993],[100.57466,-0.236549],[100.563939,-0.229763],[100.560257,-0.224968],[100.55522,-0.214841],[100.544734,-0.204761],[100.551526,-0.194802],[100.556225,-0.190562],[100.559652,-0.191621],[100.567535,-0.191416],[100.57262,-0.184715],[100.579513,-0.179339],[100.580607,-0.176308],[100.581071,-0.16582],[100.574143,-0.156921],[100.573727,-0.152477],[100.576121,-0.149742],[100.573964,-0.145553],[100.568042,-0.141044],[100.574481,-0.13519],[100.582861,-0.134678],[100.589854,-0.1316],[100.591769,-0.127751],[100.59232,-0.122695],[100.589153,-0.118847],[100.586742,-0.112659],[100.594108,-0.112324],[100.60596,-0.105457],[100.611349,-0.106596],[100.623212,-0.113362],[100.628351,-0.122061],[100.624289,-0.127506],[100.62227,-0.133233]]]}},{"type":"Feature","properties":{"nmkec":"Matur","nmkab":"Agam","nmprov":"Sumatera Barat","kdkec":"040","kdkab":"07","kodekab":"1307","idkec":"1307040","index":148},"geometry":{"type":"Polygon","coordinates":[[[100.31627,-0.226441],[100.316811,-0.231088],[100.320049,-0.235875],[100.322834,-0.236939],[100.323678,-0.245154],[100.329561,-0.246262],[100.329861,-0.250188],[100.328888,-0.25213],[100.327787,-0.261865],[100.331596,-0.266535],[100.332898,-0.266251],[100.338393,-0.275238],[100.33319,-0.278743],[100.328466,-0.274217],[100.316403,-0.281962],[100.315316,-0.286389],[100.315941,-0.28782],[100.314332,-0.29186],[100.30645,-0.299244],[100.306077,-0.30106],[100.303659,-0.303975],[100.30135,-0.305391],[100.299448,-0.304472],[100.296918,-0.305122],[100.295975,-0.308081],[100.291542,-0.312001],[100.2883,-0.317544],[100.283081,-0.320912],[100.279552,-0.32166],[100.274687,-0.321627],[100.272314,-0.319561],[100.271148,-0.319595],[100.269713,-0.322911],[100.272535,-0.329951],[100.270534,-0.338325],[100.263991,-0.343654],[100.250087,-0.333942],[100.245522,-0.328467],[100.234689,-0.311346],[100.233529,-0.299571],[100.235346,-0.294399],[100.239277,-0.28904],[100.239369,-0.266897],[100.226081,-0.256064],[100.224881,-0.254074],[100.225707,-0.251551],[100.229493,-0.246448],[100.234642,-0.243076],[100.237083,-0.242547],[100.249292,-0.244272],[100.252793,-0.243886],[100.257655,-0.2388],[100.265036,-0.23386],[100.274788,-0.233527],[100.277808,-0.23168],[100.280491,-0.227564],[100.284267,-0.224633],[100.287451,-0.223505],[100.292449,-0.225458],[100.305315,-0.219203],[100.310118,-0.221056],[100.31627,-0.226441]]]}},{"type":"Feature","properties":{"nmkec":"Ampek Angkek","nmkab":"Agam","nmprov":"Sumatera Barat","kdkec":"070","kdkab":"07","kodekab":"1307","idkec":"1307070","index":149},"geometry":{"type":"Polygon","coordinates":[[[100.43349,-0.26309],[100.444861,-0.26522],[100.453608,-0.275488],[100.459255,-0.283953],[100.458779,-0.286576],[100.453062,-0.293979],[100.445192,-0.297393],[100.441862,-0.304484],[100.441192,-0.311011],[100.435496,-0.316458],[100.424957,-0.31918],[100.424789,-0.320323],[100.414985,-0.323828],[100.408237,-0.323721],[100.403405,-0.313326],[100.397778,-0.306841],[100.39769,-0.295851],[100.390927,-0.28778],[100.391397,-0.286242],[100.397462,-0.283471],[100.407304,-0.27707],[100.414377,-0.277858],[100.416582,-0.277316],[100.419174,-0.270729],[100.423165,-0.265649],[100.426051,-0.263669],[100.43349,-0.26309]]]}},{"type":"Feature","properties":{"nmkec":"Palembayan","nmkab":"Agam","nmprov":"Sumatera Barat","kdkec":"100","kdkab":"07","kodekab":"1307","idkec":"1307100","index":150},"geometry":{"type":"Polygon","coordinates":[[[100.111222,-0.077952],[100.115749,-0.085593],[100.122632,-0.087867],[100.121998,-0.093186],[100.12317,-0.094162],[100.126316,-0.09566],[100.130258,-0.095043],[100.135627,-0.096214],[100.13642,-0.098356],[100.140821,-0.102859],[100.144113,-0.101865],[100.151449,-0.102933],[100.155337,-0.106503],[100.16124,-0.10766],[100.164617,-0.102063],[100.174818,-0.093047],[100.18169,-0.09356],[100.188425,-0.092592],[100.199849,-0.10523],[100.202122,-0.106908],[100.203265,-0.106639],[100.206563,-0.111101],[100.208631,-0.111605],[100.213648,-0.116632],[100.216243,-0.125353],[100.223326,-0.137412],[100.235396,-0.144322],[100.236428,-0.146866],[100.246899,-0.155366],[100.251128,-0.160058],[100.255881,-0.171882],[100.272539,-0.182228],[100.278692,-0.18755],[100.305903,-0.193612],[100.318773,-0.207532],[100.324946,-0.21236],[100.327004,-0.216222],[100.326835,-0.224034],[100.328797,-0.233054],[100.330253,-0.235252],[100.328866,-0.239807],[100.325774,-0.24319],[100.3238,-0.243493],[100.322834,-0.236939],[100.320049,-0.235875],[100.316811,-0.231088],[100.316826,-0.226941],[100.310118,-0.221056],[100.305315,-0.219203],[100.292449,-0.225458],[100.287451,-0.223505],[100.284267,-0.224633],[100.280491,-0.227564],[100.276653,-0.232444],[100.274788,-0.233527],[100.265036,-0.23386],[100.257655,-0.2388],[100.252793,-0.243886],[100.249292,-0.244272],[100.237083,-0.242547],[100.234642,-0.243076],[100.229493,-0.246448],[100.225707,-0.251551],[100.220677,-0.245694],[100.213063,-0.240499],[100.208153,-0.230693],[100.200019,-0.232481],[100.191089,-0.227251],[100.191433,-0.223966],[100.194197,-0.223752],[100.196846,-0.219627],[100.194683,-0.219014],[100.190212,-0.218196],[100.180889,-0.218843],[100.173956,-0.215493],[100.170618,-0.218751],[100.165793,-0.217609],[100.164292,-0.216211],[100.161395,-0.216724],[100.157607,-0.220953],[100.156717,-0.225041],[100.150371,-0.222015],[100.147207,-0.221435],[100.144013,-0.222162],[100.136653,-0.232093],[100.136544,-0.22084],[100.138257,-0.203766],[100.135351,-0.193124],[100.124796,-0.184594],[100.100915,-0.170795],[100.097637,-0.169185],[100.082229,-0.169859],[100.066198,-0.173353],[100.063054,-0.170424],[100.041556,-0.166843],[100.037113,-0.168513],[100.033363,-0.168596],[100.028613,-0.165722],[100.024002,-0.168921],[100.018899,-0.166928],[100.017363,-0.16387],[100.008853,-0.159783],[100.005487,-0.159661],[100.002261,-0.162668],[100.000448,-0.163063],[100.000051,-0.160013],[99.988746,-0.159895],[99.98833,-0.155395],[99.994561,-0.145688],[99.993613,-0.14116],[99.991809,-0.139607],[99.989246,-0.140991],[99.988459,-0.14991],[99.983976,-0.151039],[99.982134,-0.150288],[99.9821,-0.139346],[99.99384,-0.128469],[99.996756,-0.124726],[100.001382,-0.115252],[100.004775,-0.117022],[100.00643,-0.119532],[100.009612,-0.119875],[100.010949,-0.114477],[100.013555,-0.113029],[100.015264,-0.108359],[100.014897,-0.100967],[100.016291,-0.098593],[100.017872,-0.098685],[100.019363,-0.096603],[100.025551,-0.092651],[100.032321,-0.090791],[100.032788,-0.088079],[100.036299,-0.08422],[100.040664,-0.082721],[100.044387,-0.083445],[100.048642,-0.081786],[100.055103,-0.081474],[100.058054,-0.082235],[100.060407,-0.085683],[100.062339,-0.086277],[100.07359,-0.083811],[100.076587,-0.084558],[100.078862,-0.083451],[100.079518,-0.080606],[100.084142,-0.081053],[100.09194,-0.076953],[100.094087,-0.079845],[100.097166,-0.080555],[100.101197,-0.079873],[100.10346,-0.076679],[100.102611,-0.074654],[100.103598,-0.073677],[100.111222,-0.077952]]]}},{"type":"Feature","properties":{"nmkec":"Palupuh","nmkab":"Agam","nmprov":"Sumatera Barat","kdkec":"110","kdkab":"07","kodekab":"1307","idkec":"1307110","index":151},"geometry":{"type":"Polygon","coordinates":[[[100.275612,-0.036542],[100.279067,-0.037224],[100.283031,-0.03595],[100.290729,-0.035578],[100.301095,-0.042106],[100.30581,-0.041556],[100.306698,-0.040388],[100.310446,-0.039172],[100.315995,-0.041029],[100.32214,-0.045099],[100.324282,-0.047925],[100.326784,-0.054475],[100.330668,-0.068875],[100.33126,-0.071735],[100.329565,-0.077632],[100.33013,-0.081169],[100.334829,-0.086487],[100.338945,-0.086878],[100.343175,-0.093225],[100.34595,-0.094099],[100.349066,-0.092566],[100.353378,-0.094067],[100.358966,-0.098251],[100.361207,-0.102482],[100.361416,-0.107827],[100.368783,-0.110593],[100.374472,-0.116689],[100.37647,-0.131503],[100.37842,-0.137421],[100.377837,-0.138962],[100.369946,-0.142577],[100.365641,-0.143104],[100.355905,-0.141546],[100.358979,-0.148645],[100.360535,-0.157219],[100.355495,-0.160021],[100.353619,-0.162778],[100.352717,-0.170764],[100.351694,-0.181841],[100.366756,-0.185515],[100.367624,-0.188994],[100.367012,-0.212769],[100.361847,-0.22826],[100.362814,-0.23658],[100.361957,-0.239823],[100.354476,-0.252551],[100.348863,-0.255613],[100.347262,-0.253924],[100.345422,-0.253978],[100.339705,-0.261675],[100.332898,-0.266251],[100.331596,-0.266535],[100.327787,-0.261865],[100.328888,-0.25213],[100.329861,-0.250188],[100.329561,-0.246262],[100.323678,-0.245154],[100.3238,-0.243493],[100.325774,-0.24319],[100.330253,-0.237047],[100.326835,-0.224034],[100.327004,-0.216222],[100.325993,-0.213483],[100.318773,-0.207532],[100.305903,-0.193612],[100.278692,-0.18755],[100.272539,-0.182228],[100.255881,-0.171882],[100.251128,-0.160058],[100.246899,-0.155366],[100.236428,-0.146866],[100.235396,-0.144322],[100.223326,-0.137412],[100.216243,-0.125353],[100.213648,-0.116632],[100.208631,-0.111605],[100.206563,-0.111101],[100.203265,-0.106639],[100.20796,-0.096736],[100.209217,-0.085007],[100.213008,-0.074396],[100.221459,-0.068535],[100.226046,-0.067723],[100.233481,-0.079408],[100.236524,-0.08055],[100.245103,-0.078648],[100.247711,-0.077516],[100.248959,-0.075596],[100.259393,-0.081799],[100.262216,-0.079839],[100.266704,-0.07944],[100.277818,-0.086758],[100.279969,-0.087007],[100.285078,-0.084225],[100.286464,-0.081408],[100.28189,-0.074824],[100.275911,-0.069244],[100.273115,-0.061393],[100.267126,-0.054202],[100.265618,-0.046653],[100.262236,-0.042485],[100.262679,-0.03925],[100.2658,-0.037284],[100.271282,-0.036759],[100.27403,-0.034461],[100.275612,-0.036542]]]}},{"type":"Feature","properties":{"nmkec":"Luak","nmkab":"Lima Puluh Kota","nmprov":"Sumatera Barat","kdkec":"020","kdkab":"08","kodekab":"1308","idkec":"1308020","index":152},"geometry":{"type":"Polygon","coordinates":[[[100.682947,-0.215668],[100.691373,-0.224023],[100.702489,-0.22753],[100.709203,-0.230871],[100.711437,-0.230012],[100.712133,-0.227666],[100.715333,-0.22928],[100.710228,-0.24925],[100.697708,-0.27848],[100.69092,-0.300302],[100.68851,-0.309176],[100.687116,-0.324198],[100.685441,-0.329131],[100.676254,-0.325561],[100.673029,-0.325314],[100.669883,-0.328205],[100.666105,-0.323039],[100.657963,-0.305931],[100.655215,-0.289513],[100.654166,-0.287396],[100.651685,-0.285581],[100.650107,-0.28222],[100.650765,-0.278967],[100.646508,-0.270651],[100.646763,-0.267137],[100.644409,-0.256701],[100.647734,-0.249767],[100.65269,-0.248427],[100.654326,-0.244913],[100.661141,-0.242316],[100.668912,-0.244021],[100.674517,-0.23943],[100.678912,-0.233861],[100.675989,-0.221039],[100.680428,-0.215154],[100.682947,-0.215668]]]}},{"type":"Feature","properties":{"nmkec":"Guguak","nmkab":"Lima Puluh Kota","nmprov":"Sumatera Barat","kdkec":"040","kdkab":"08","kodekab":"1308","idkec":"1308040","index":153},"geometry":{"type":"Polygon","coordinates":[[[100.528457,-0.056721],[100.544301,-0.060987],[100.54794,-0.062884],[100.548082,-0.073273],[100.545779,-0.080059],[100.547616,-0.086078],[100.551233,-0.09111],[100.551393,-0.096966],[100.546696,-0.110228],[100.548716,-0.123696],[100.558547,-0.132602],[100.564059,-0.134065],[100.567325,-0.138399],[100.568015,-0.141505],[100.573794,-0.145284],[100.576121,-0.149742],[100.573727,-0.152477],[100.574143,-0.156921],[100.580656,-0.164523],[100.581361,-0.166853],[100.580607,-0.176308],[100.579513,-0.179339],[100.57262,-0.184715],[100.567535,-0.191416],[100.559652,-0.191621],[100.556225,-0.190562],[100.551526,-0.194802],[100.547242,-0.201934],[100.540628,-0.199152],[100.534544,-0.19902],[100.530578,-0.200577],[100.528306,-0.200461],[100.522747,-0.196382],[100.519544,-0.196501],[100.515428,-0.191772],[100.513411,-0.187104],[100.500929,-0.178088],[100.49817,-0.173786],[100.498019,-0.163538],[100.496206,-0.160884],[100.483904,-0.154814],[100.480516,-0.154058],[100.47799,-0.154825],[100.474923,-0.160028],[100.472419,-0.161043],[100.46381,-0.158515],[100.463754,-0.157118],[100.459153,-0.154647],[100.457973,-0.152926],[100.457015,-0.146587],[100.460308,-0.135655],[100.47114,-0.134601],[100.485384,-0.135492],[100.500331,-0.132591],[100.505392,-0.129297],[100.508535,-0.120985],[100.507102,-0.11921],[100.516321,-0.104628],[100.515636,-0.099273],[100.516323,-0.094032],[100.51794,-0.086631],[100.521155,-0.080339],[100.520389,-0.071088],[100.521372,-0.065546],[100.517963,-0.058083],[100.516389,-0.056887],[100.518642,-0.055944],[100.528457,-0.056721]]]}},{"type":"Feature","properties":{"nmkec":"Pangkalan Koto Baru","nmkab":"Lima Puluh Kota","nmprov":"Sumatera Barat","kdkec":"080","kdkab":"08","kodekab":"1308","idkec":"1308080","index":154},"geometry":{"type":"Polygon","coordinates":[[[100.807947,0.251998],[100.818965,0.249041],[100.823045,0.244771],[100.825901,0.239352],[100.834388,0.235081],[100.841324,0.225967],[100.841487,0.222601],[100.838972,0.218519],[100.839053,0.213018],[100.839788,0.211212],[100.844521,0.209323],[100.845255,0.207599],[100.843459,0.197172],[100.845254,0.191261],[100.845508,0.186771],[100.84265,0.180942],[100.843222,0.1793],[100.848445,0.176837],[100.848852,0.170351],[100.845069,0.16185],[100.842557,0.158645],[100.840353,0.152077],[100.839944,0.150599],[100.84125,0.146823],[100.836516,0.140665],[100.832272,0.140173],[100.824682,0.14354],[100.819948,0.143048],[100.813581,0.138779],[100.80286,0.12847],[100.797065,0.12806],[100.790617,0.128881],[100.787842,0.127978],[100.784251,0.121985],[100.784658,0.120343],[100.790127,0.11558],[100.786681,0.106993],[100.777132,0.104284],[100.774765,0.103135],[100.774438,0.102067],[100.777376,0.096813],[100.781049,0.0932],[100.781294,0.089177],[100.779327,0.083864],[100.781449,0.077789],[100.786591,0.076475],[100.788876,0.07475],[100.79288,0.06876],[100.794099,0.064323],[100.799567,0.054717],[100.801059,0.049497],[100.804406,0.04884],[100.809058,0.050892],[100.814282,0.060908],[100.81673,0.062468],[100.828483,0.064356],[100.832482,0.066901],[100.834115,0.066737],[100.835339,0.065177],[100.837216,0.060579],[100.848784,0.054658],[100.851314,0.051045],[100.851584,0.045178],[100.844294,0.027318],[100.847794,0.004518],[100.847674,0.0],[100.840143,-0.007057],[100.826168,-0.016952],[100.824356,-0.020597],[100.82798,-0.028408],[100.827721,-0.031272],[100.826215,-0.033394],[100.819201,-0.032603],[100.814545,-0.040252],[100.81193,-0.040727],[100.810899,-0.039344],[100.809223,-0.030275],[100.801064,-0.023982],[100.789026,-0.02083],[100.785943,-0.013978],[100.782284,-0.011317],[100.7753,-0.014311],[100.766124,-0.0219],[100.758566,-0.031946],[100.757014,-0.039498],[100.750675,-0.044645],[100.747193,-0.044835],[100.745136,-0.041169],[100.741042,-0.037063],[100.727058,-0.033992],[100.725593,-0.031489],[100.726613,-0.026835],[100.724269,-0.021007],[100.716321,-0.018446],[100.712784,-0.015179],[100.711459,-0.010618],[100.709684,-0.008804],[100.700636,-0.009191],[100.692701,-0.010778],[100.68886,-0.010378],[100.66581,-0.003843],[100.654457,-0.002203],[100.653212,-0.002977],[100.653281,-0.005616],[100.650073,-0.016139],[100.648376,-0.018056],[100.637845,-0.0173],[100.63085,-0.014393],[100.611596,-0.013167],[100.595035,-0.006329],[100.582283,0.001773],[100.577084,0.005675],[100.570389,0.016824],[100.564738,0.021487],[100.55808,0.022344],[100.552623,0.017686],[100.549572,0.01084],[100.546398,-0.000699],[100.541345,0.005438],[100.537855,0.014184],[100.5243,0.02422],[100.521111,0.028982],[100.520423,0.034578],[100.521596,0.038817],[100.521339,0.041836],[100.516304,0.049325],[100.515789,0.051802],[100.51865,0.055373],[100.523342,0.057216],[100.529481,0.061225],[100.532726,0.068737],[100.540394,0.073806],[100.543959,0.073983],[100.54829,0.080027],[100.549721,0.086075],[100.546632,0.10232],[100.544804,0.120983],[100.547188,0.126659],[100.547758,0.135033],[100.549695,0.140424],[100.566371,0.145136],[100.5945,0.154798],[100.60378,0.159638],[100.621972,0.179839],[100.652253,0.202217],[100.667304,0.195604],[100.6762,0.186242],[100.68069,0.187309],[100.682812,0.190265],[100.683793,0.20135],[100.684773,0.203566],[100.695466,0.216949],[100.695821,0.221282],[100.694588,0.23185],[100.697692,0.233742],[100.700147,0.237494],[100.701435,0.24369],[100.705333,0.243961],[100.713454,0.238604],[100.716065,0.238768],[100.719494,0.241149],[100.723249,0.24197],[100.725044,0.24123],[100.728145,0.237699],[100.731553,0.236231],[100.738572,0.23623],[100.741269,0.241482],[100.74804,0.240334],[100.754896,0.237213],[100.764772,0.236883],[100.76665,0.239182],[100.767058,0.24534],[100.768038,0.247228],[100.772691,0.25125],[100.787773,0.25345],[100.798072,0.257747],[100.800357,0.25791],[100.804274,0.256432],[100.807947,0.251998]]]}},{"type":"Feature","properties":{"nmkec":"Bonjol","nmkab":"Pasaman","nmprov":"Sumatera Barat","kdkec":"070","kdkab":"09","kodekab":"1309","idkec":"1309070","index":155},"geometry":{"type":"Polygon","coordinates":[[[100.27562,0.111333],[100.284856,0.109214],[100.291965,0.106066],[100.29719,0.106985],[100.300917,0.110739],[100.306442,0.110002],[100.310311,0.105657],[100.325731,0.101466],[100.320162,0.094837],[100.318084,0.090909],[100.317565,0.086427],[100.321237,0.073649],[100.326682,0.066954],[100.330246,0.058282],[100.329369,0.051272],[100.321974,0.052435],[100.312986,0.041549],[100.307814,0.03747],[100.302673,0.02647],[100.288303,0.00961],[100.287166,0.005914],[100.287787,0.002103],[100.286564,-0.002549],[100.282991,-0.004919],[100.276278,-0.005545],[100.272296,-0.004515],[100.264976,-0.016456],[100.261807,-0.019427],[100.262765,-0.022639],[100.265618,-0.024133],[100.269226,-0.030057],[100.27403,-0.034461],[100.271282,-0.036759],[100.2658,-0.037284],[100.262917,-0.039037],[100.262236,-0.042485],[100.265618,-0.046653],[100.267126,-0.054202],[100.273115,-0.061393],[100.275911,-0.069244],[100.28189,-0.074824],[100.286514,-0.081938],[100.285078,-0.084225],[100.279969,-0.087007],[100.277818,-0.086758],[100.266704,-0.07944],[100.262216,-0.079839],[100.259393,-0.081799],[100.248959,-0.075596],[100.247711,-0.077516],[100.245103,-0.078648],[100.236524,-0.08055],[100.233481,-0.079408],[100.226088,-0.067758],[100.22373,-0.06802],[100.221459,-0.068535],[100.213008,-0.074396],[100.209217,-0.085007],[100.20796,-0.096736],[100.203265,-0.106639],[100.202122,-0.106908],[100.199849,-0.10523],[100.188425,-0.092592],[100.18169,-0.09356],[100.174818,-0.093047],[100.164617,-0.102063],[100.16124,-0.10766],[100.157833,-0.100182],[100.156243,-0.091862],[100.158139,-0.083622],[100.157928,-0.079845],[100.154662,-0.076282],[100.158893,-0.073819],[100.161258,-0.069445],[100.161268,-0.066792],[100.15943,-0.063598],[100.15994,-0.059616],[100.163098,-0.052433],[100.1718,-0.047342],[100.179813,-0.040229],[100.18842,-0.034901],[100.192015,-0.031601],[100.195376,-0.02322],[100.193373,-0.018422],[100.195115,-0.009902],[100.192446,-0.005481],[100.190374,-0.007402],[100.187977,-0.007159],[100.179767,-0.005392],[100.1769,-0.002711],[100.176382,0.000283],[100.179178,0.005622],[100.176767,0.013413],[100.177095,0.018714],[100.176155,0.021282],[100.172268,0.024752],[100.172484,0.029485],[100.170122,0.033628],[100.165544,0.033932],[100.162975,0.035191],[100.158527,0.03872],[100.155969,0.043344],[100.143767,0.046912],[100.141018,0.048719],[100.138167,0.053093],[100.144736,0.05601],[100.14669,0.055133],[100.149858,0.056539],[100.153554,0.060033],[100.157921,0.062397],[100.160633,0.061529],[100.162711,0.059497],[100.175195,0.06101],[100.186906,0.052699],[100.19051,0.052498],[100.196255,0.057788],[100.203661,0.060896],[100.212026,0.062715],[100.238667,0.063142],[100.240537,0.070763],[100.245477,0.073587],[100.248612,0.076864],[100.259679,0.080162],[100.264103,0.08294],[100.266864,0.090395],[100.274782,0.099189],[100.273007,0.108241],[100.273204,0.113068],[100.27562,0.111333]]]}},{"type":"Feature","properties":{"nmkec":"Tigo Nagari","nmkab":"Pasaman","nmprov":"Sumatera Barat","kdkec":"071","kdkab":"09","kodekab":"1309","idkec":"1309071","index":156},"geometry":{"type":"Polygon","coordinates":[[[100.012393,0.085432],[100.020265,0.082073],[100.030347,0.081921],[100.038564,0.080354],[100.049355,0.080853],[100.057887,0.078964],[100.062531,0.076406],[100.072394,0.062914],[100.075808,0.063049],[100.084143,0.065768],[100.087598,0.06395],[100.095113,0.06224],[100.096277,0.066784],[100.098765,0.069106],[100.100827,0.069377],[100.101804,0.066954],[100.10105,0.061297],[100.099083,0.058308],[100.095161,0.055606],[100.098457,0.046582],[100.098109,0.037115],[100.09969,0.026185],[100.098436,0.016205],[100.094071,0.014122],[100.090939,0.009984],[100.081372,0.007343],[100.081096,0.003945],[100.082673,0.002535],[100.093827,-0.001043],[100.094537,-0.007839],[100.093192,-0.010567],[100.090951,-0.011922],[100.091656,-0.012792],[100.095388,-0.013289],[100.108213,-0.012318],[100.112936,-0.011131],[100.119529,-0.006633],[100.124372,-0.004864],[100.12983,-0.010735],[100.136932,-0.015233],[100.138976,-0.022367],[100.14629,-0.027762],[100.147067,-0.030419],[100.142996,-0.042059],[100.142565,-0.04812],[100.146012,-0.062217],[100.153417,-0.073481],[100.153515,-0.075467],[100.157928,-0.079845],[100.158139,-0.083622],[100.156243,-0.091862],[100.157833,-0.100182],[100.16124,-0.10766],[100.155337,-0.106503],[100.151449,-0.102933],[100.144113,-0.101865],[100.140821,-0.102859],[100.13642,-0.098356],[100.135627,-0.096214],[100.130258,-0.095043],[100.126316,-0.09566],[100.122502,-0.093794],[100.122632,-0.087867],[100.115749,-0.085593],[100.111222,-0.077952],[100.104057,-0.073692],[100.10271,-0.074062],[100.10346,-0.076679],[100.101197,-0.079873],[100.097166,-0.080555],[100.094087,-0.079845],[100.09194,-0.076953],[100.084142,-0.081053],[100.079518,-0.080606],[100.078862,-0.083451],[100.076587,-0.084558],[100.07359,-0.083811],[100.062339,-0.086277],[100.060407,-0.085683],[100.058782,-0.082768],[100.056041,-0.081518],[100.048642,-0.081786],[100.044387,-0.083445],[100.040664,-0.082721],[100.036299,-0.08422],[100.032788,-0.088079],[100.032321,-0.090791],[100.025551,-0.092651],[100.019363,-0.096603],[100.017872,-0.098685],[100.016291,-0.098593],[100.017186,-0.085791],[100.018534,-0.083206],[100.029312,-0.072438],[100.035577,-0.070755],[100.037137,-0.06642],[100.035411,-0.062069],[100.033243,-0.061552],[100.031067,-0.058195],[100.036516,-0.049504],[100.036171,-0.046299],[100.031121,-0.036448],[100.02641,-0.019031],[100.026686,-0.002054],[100.037081,0.006672],[100.037152,0.00872],[100.032999,0.016457],[100.024932,0.018528],[100.010083,0.028549],[100.004482,0.027405],[99.995539,0.021899],[99.991358,0.022363],[99.987794,0.025367],[99.977339,0.051281],[99.975905,0.06547],[99.976034,0.067972],[99.977313,0.070021],[99.982773,0.074492],[99.984354,0.080042],[99.992293,0.080909],[99.997182,0.083395],[100.006986,0.085904],[100.012393,0.085432]]]}},{"type":"Feature","properties":{"nmkec":"Simpang Alahan Mati","nmkab":"Pasaman","nmprov":"Sumatera Barat","kdkec":"072","kdkab":"09","kodekab":"1309","idkec":"1309072","index":157},"geometry":{"type":"Polygon","coordinates":[[[100.104532,0.069466],[100.120555,0.065322],[100.127238,0.062186],[100.136487,0.053365],[100.138167,0.053093],[100.141018,0.048719],[100.143767,0.046912],[100.155969,0.043344],[100.158527,0.03872],[100.162975,0.035191],[100.165544,0.033932],[100.170122,0.033628],[100.172484,0.029485],[100.172268,0.024752],[100.176155,0.021282],[100.177095,0.018714],[100.176767,0.013413],[100.179178,0.005622],[100.176382,0.000283],[100.1769,-0.002711],[100.179767,-0.005392],[100.187977,-0.007159],[100.190374,-0.007402],[100.192446,-0.005481],[100.195115,-0.009902],[100.193373,-0.018422],[100.195376,-0.02322],[100.192015,-0.031601],[100.18842,-0.034901],[100.179813,-0.040229],[100.1718,-0.047342],[100.163098,-0.052433],[100.159362,-0.062918],[100.161268,-0.066792],[100.161258,-0.069445],[100.158893,-0.073819],[100.156771,-0.075717],[100.154662,-0.076282],[100.153649,-0.075665],[100.153417,-0.073481],[100.148259,-0.066132],[100.144515,-0.058467],[100.142529,-0.046398],[100.142996,-0.042059],[100.147067,-0.030419],[100.14629,-0.027762],[100.138976,-0.022367],[100.136932,-0.015233],[100.12983,-0.010735],[100.12422,-0.004838],[100.119529,-0.006633],[100.112936,-0.011131],[100.108213,-0.012318],[100.095388,-0.013289],[100.091656,-0.012792],[100.090951,-0.011922],[100.093192,-0.010567],[100.094537,-0.007839],[100.093827,-0.001043],[100.082673,0.002535],[100.081096,0.003945],[100.081372,0.007343],[100.090939,0.009984],[100.094071,0.014122],[100.098436,0.016205],[100.09969,0.026185],[100.098109,0.037115],[100.098457,0.046582],[100.095161,0.055606],[100.099083,0.058308],[100.10105,0.061297],[100.101804,0.066954],[100.100827,0.069377],[100.104532,0.069466]]]}},{"type":"Feature","properties":{"nmkec":"Dua Koto","nmkab":"Pasaman","nmprov":"Sumatera Barat","kdkec":"100","kdkab":"09","kodekab":"1309","idkec":"1309100","index":158},"geometry":{"type":"Polygon","coordinates":[[[99.926305,0.481132],[99.931247,0.47419],[99.940493,0.474216],[99.944179,0.475363],[99.947001,0.474875],[99.95326,0.471675],[99.963427,0.474027],[99.967432,0.470227],[99.971646,0.469293],[99.974569,0.466664],[99.981772,0.464735],[99.984462,0.462485],[99.98724,0.453362],[99.99437,0.451169],[99.999863,0.44449],[100.00228,0.443192],[100.00567,0.443691],[100.007335,0.439826],[100.013635,0.43294],[100.012752,0.426137],[100.007395,0.421434],[100.005619,0.415349],[100.003336,0.41196],[100.003819,0.403219],[100.011564,0.388293],[100.017643,0.381553],[100.022244,0.379531],[100.022062,0.376923],[100.017954,0.369358],[100.018779,0.354224],[100.021034,0.348993],[100.030881,0.345528],[100.031874,0.341659],[100.031622,0.337461],[100.028465,0.327844],[100.024653,0.323193],[100.009398,0.318088],[100.010766,0.313499],[100.014097,0.311577],[100.017746,0.304854],[100.021634,0.301795],[100.022234,0.298863],[100.021343,0.292915],[100.02366,0.289679],[100.018432,0.287351],[100.009727,0.286967],[100.00868,0.282212],[99.996275,0.274823],[99.993717,0.274684],[99.98912,0.277304],[99.988507,0.282877],[99.985167,0.285833],[99.978091,0.283158],[99.976317,0.286148],[99.972748,0.2876],[99.965795,0.288234],[99.960728,0.29177],[99.954742,0.291361],[99.950741,0.292516],[99.940799,0.290761],[99.925731,0.293483],[99.916781,0.297506],[99.909989,0.305965],[99.894736,0.310204],[99.889628,0.321739],[99.883627,0.313772],[99.875845,0.319087],[99.868231,0.322865],[99.86108,0.325885],[99.853906,0.327263],[99.853344,0.333248],[99.853961,0.334427],[99.848327,0.339121],[99.840308,0.34859],[99.830445,0.350981],[99.825551,0.343545],[99.814346,0.339554],[99.803445,0.340479],[99.799858,0.343168],[99.789978,0.346362],[99.784502,0.346075],[99.780686,0.350296],[99.77693,0.350697],[99.769538,0.357026],[99.762124,0.359866],[99.75868,0.364728],[99.75602,0.374531],[99.749496,0.376841],[99.744009,0.385799],[99.744254,0.387008],[99.749331,0.390166],[99.751459,0.393618],[99.75035,0.39784],[99.751174,0.399956],[99.756962,0.402085],[99.77102,0.399353],[99.774753,0.401135],[99.776415,0.404722],[99.77564,0.415299],[99.778346,0.418689],[99.785621,0.417894],[99.789959,0.415709],[99.792915,0.412758],[99.803108,0.413324],[99.816593,0.411441],[99.82443,0.416506],[99.827787,0.426766],[99.824856,0.432319],[99.823253,0.437851],[99.826043,0.446414],[99.820334,0.460521],[99.836756,0.458642],[99.848358,0.469369],[99.8571,0.463766],[99.85912,0.463338],[99.878106,0.468256],[99.882306,0.466491],[99.886958,0.467458],[99.892931,0.470525],[99.902171,0.469935],[99.907946,0.47248],[99.912878,0.477339],[99.915292,0.476009],[99.917532,0.476363],[99.922592,0.478407],[99.926305,0.481132]]]}},{"type":"Feature","properties":{"nmkec":"Panti","nmkab":"Pasaman","nmprov":"Sumatera Barat","kdkec":"110","kdkab":"09","kodekab":"1309","idkec":"1309110","index":159},"geometry":{"type":"Polygon","coordinates":[[[100.122194,0.47774],[100.133415,0.465772],[100.139867,0.455258],[100.145841,0.45045],[100.148735,0.445304],[100.150935,0.436035],[100.154951,0.428902],[100.152819,0.41805],[100.155178,0.414849],[100.155682,0.4115],[100.15444,0.409989],[100.15204,0.409538],[100.15051,0.406148],[100.150643,0.404118],[100.155426,0.399367],[100.160615,0.392073],[100.161352,0.389432],[100.164701,0.370448],[100.164778,0.367207],[100.163123,0.363275],[100.164481,0.35293],[100.166567,0.34834],[100.165823,0.336743],[100.171793,0.319104],[100.17464,0.313867],[100.176457,0.306411],[100.176945,0.295748],[100.171922,0.284311],[100.17028,0.267717],[100.164387,0.263545],[100.154875,0.261241],[100.150115,0.269793],[100.146108,0.271529],[100.138898,0.261557],[100.131347,0.26111],[100.127235,0.258918],[100.1242,0.255456],[100.115572,0.25911],[100.105667,0.258125],[100.103574,0.257032],[100.098208,0.259129],[100.092755,0.257638],[100.088164,0.261097],[100.086839,0.261113],[100.082602,0.259895],[100.080144,0.257643],[100.074388,0.247475],[100.062819,0.239547],[100.055939,0.237485],[100.0502,0.240805],[100.048027,0.245874],[100.038404,0.288515],[100.03492,0.291833],[100.030606,0.292331],[100.02366,0.289679],[100.022602,0.290547],[100.021343,0.292915],[100.022234,0.298863],[100.021634,0.301795],[100.017746,0.304854],[100.014097,0.311577],[100.0104,0.314309],[100.009398,0.318088],[100.020857,0.321296],[100.024653,0.323193],[100.027159,0.325803],[100.030582,0.332904],[100.031622,0.337461],[100.031874,0.341659],[100.030881,0.345528],[100.020241,0.349839],[100.017811,0.361903],[100.018165,0.370599],[100.021789,0.376397],[100.027744,0.374803],[100.035145,0.374738],[100.037918,0.375816],[100.038101,0.377062],[100.042805,0.381832],[100.045896,0.387243],[100.045593,0.388815],[100.072781,0.389375],[100.076559,0.391167],[100.080597,0.394887],[100.08506,0.404925],[100.080536,0.413272],[100.079647,0.427322],[100.07879,0.432428],[100.07742,0.43498],[100.080922,0.454672],[100.079961,0.470582],[100.090536,0.475177],[100.096999,0.475098],[100.102662,0.473388],[100.114598,0.478869],[100.116277,0.480772],[100.122194,0.47774]]]}},{"type":"Feature","properties":{"nmkec":"Rao Selatan","nmkab":"Pasaman","nmprov":"Sumatera Barat","kdkec":"124","kdkab":"09","kodekab":"1309","idkec":"1309124","index":160},"geometry":{"type":"Polygon","coordinates":[[[100.090066,0.589632],[100.098142,0.585157],[100.118458,0.586742],[100.122484,0.583852],[100.120468,0.578486],[100.11992,0.57293],[100.111177,0.563575],[100.106325,0.550922],[100.106683,0.547214],[100.102128,0.541002],[100.10469,0.536537],[100.109052,0.533623],[100.111574,0.525815],[100.107902,0.516773],[100.102686,0.515401],[100.101647,0.5124],[100.102073,0.50835],[100.108013,0.494118],[100.116277,0.480772],[100.114598,0.478869],[100.102662,0.473388],[100.096999,0.475098],[100.090536,0.475177],[100.082433,0.472127],[100.079662,0.469706],[100.07661,0.468731],[100.075858,0.470913],[100.054759,0.471011],[100.053293,0.469876],[100.051417,0.465667],[100.048784,0.469249],[100.049681,0.470625],[100.048393,0.471745],[100.039343,0.467839],[100.035671,0.463484],[100.023936,0.455716],[100.015312,0.453217],[100.009014,0.456786],[100.007341,0.45653],[100.00567,0.443691],[100.002437,0.443161],[99.999863,0.44449],[99.994652,0.450974],[99.98724,0.453362],[99.984462,0.462485],[99.987197,0.464001],[99.990075,0.467436],[99.990151,0.472148],[99.992169,0.475355],[99.99696,0.478093],[100.000836,0.483749],[100.008446,0.489072],[100.011312,0.492799],[100.012476,0.497065],[100.028315,0.506293],[100.034496,0.512527],[100.040904,0.52206],[100.044569,0.532875],[100.05535,0.543031],[100.050161,0.548392],[100.044077,0.55072],[100.038963,0.555235],[100.038648,0.558796],[100.03364,0.566633],[100.035302,0.570271],[100.041182,0.575037],[100.050935,0.577626],[100.064768,0.575699],[100.07447,0.577417],[100.080772,0.58007],[100.083393,0.582394],[100.083333,0.587326],[100.084693,0.589866],[100.090066,0.589632]],[[100.04803,0.491571],[100.04806,0.490857],[100.051779,0.490235],[100.056715,0.486676],[100.058138,0.486995],[100.051267,0.492355],[100.04803,0.491571]]]}},{"type":"Feature","properties":{"nmkec":"Rao Utara","nmkab":"Pasaman","nmprov":"Sumatera Barat","kdkec":"125","kdkab":"09","kodekab":"1309","idkec":"1309125","index":161},"geometry":{"type":"Polygon","coordinates":[[[99.879244,0.905308],[99.884222,0.900959],[99.892116,0.897043],[99.898373,0.895995],[99.9008,0.893132],[99.900548,0.891027],[99.904935,0.888706],[99.909892,0.887042],[99.941052,0.882734],[99.951686,0.879334],[99.95948,0.868893],[99.961037,0.864773],[99.960844,0.859977],[99.967505,0.85072],[99.972581,0.848911],[99.974485,0.849229],[99.985906,0.844546],[99.995168,0.842145],[100.002052,0.843546],[100.009331,0.840555],[100.034697,0.82734],[100.06215,0.80812],[100.07252,0.802266],[100.064822,0.796692],[100.06279,0.787484],[100.06278,0.777868],[100.058945,0.770513],[100.053279,0.762909],[100.049999,0.754895],[100.044091,0.748486],[100.042189,0.741053],[100.043405,0.738202],[100.047743,0.73424],[100.052864,0.726425],[100.060222,0.722422],[100.060726,0.721297],[100.06105,0.718146],[100.059213,0.714383],[100.060533,0.706256],[100.065932,0.703346],[100.066437,0.702096],[100.065792,0.70008],[100.063269,0.699579],[100.058891,0.693179],[100.058469,0.688745],[100.05966,0.685842],[100.077229,0.678501],[100.0791,0.671668],[100.093364,0.667757],[100.103568,0.65863],[100.10887,0.657385],[100.115014,0.650462],[100.127813,0.642652],[100.136875,0.640646],[100.137859,0.638803],[100.139788,0.632333],[100.136509,0.631887],[100.132986,0.629063],[100.128839,0.621101],[100.126021,0.612066],[100.126603,0.606832],[100.129547,0.603097],[100.128006,0.597488],[100.124532,0.591624],[100.123523,0.584782],[100.122424,0.58276],[100.121947,0.584442],[100.118458,0.586742],[100.098635,0.585092],[100.090066,0.589632],[100.084693,0.589866],[100.083333,0.587326],[100.083393,0.582394],[100.080772,0.58007],[100.07447,0.577417],[100.064768,0.575699],[100.050935,0.577626],[100.040698,0.574732],[100.035378,0.570382],[100.03364,0.566633],[100.028683,0.567638],[100.026336,0.577557],[100.007448,0.587223],[100.003607,0.598106],[100.001063,0.598223],[99.999462,0.60525],[99.992632,0.611528],[99.990697,0.611992],[99.987334,0.615718],[99.985725,0.622474],[99.989955,0.635061],[99.98931,0.637415],[99.982094,0.640073],[99.969785,0.648609],[99.960771,0.650412],[99.957226,0.649581],[99.955651,0.648486],[99.952546,0.643139],[99.953785,0.637378],[99.952378,0.634985],[99.941102,0.629652],[99.9284,0.612161],[99.922454,0.611695],[99.92288,0.615756],[99.916003,0.621577],[99.909958,0.624798],[99.908831,0.626755],[99.909632,0.628962],[99.911765,0.630792],[99.925059,0.63117],[99.925197,0.632873],[99.917971,0.646703],[99.913425,0.66508],[99.912145,0.678142],[99.909638,0.679941],[99.904295,0.681309],[99.899308,0.678115],[99.894354,0.677824],[99.888849,0.686832],[99.885739,0.688286],[99.883922,0.688177],[99.881779,0.686523],[99.87349,0.686636],[99.857073,0.682876],[99.851007,0.68341],[99.847017,0.684966],[99.836075,0.691907],[99.830871,0.696217],[99.834158,0.701341],[99.835189,0.709019],[99.829683,0.716045],[99.825295,0.73591],[99.826066,0.739726],[99.830545,0.744166],[99.833939,0.751243],[99.833513,0.755682],[99.834833,0.757504],[99.843573,0.759371],[99.845636,0.762238],[99.846222,0.768931],[99.843145,0.780202],[99.845998,0.786173],[99.846828,0.791098],[99.844375,0.795639],[99.844392,0.800782],[99.845907,0.807699],[99.844808,0.814259],[99.842852,0.816895],[99.838042,0.819709],[99.837539,0.820866],[99.841568,0.834318],[99.841233,0.851179],[99.832879,0.87114],[99.830793,0.877609],[99.830865,0.8805],[99.834038,0.886681],[99.840669,0.892918],[99.85696,0.896699],[99.863031,0.902607],[99.865276,0.906044],[99.871555,0.907389],[99.879244,0.905308]]]}},{"type":"Feature","properties":{"nmkec":"Sangir","nmkab":"Solok Selatan","nmprov":"Sumatera Barat","kdkec":"010","kdkab":"10","kodekab":"1310","idkec":"1310010","index":162},"geometry":{"type":"Polygon","coordinates":[[[101.297654,-1.49749],[101.301186,-1.498526],[101.30634,-1.494546],[101.310485,-1.497857],[101.320796,-1.509754],[101.343004,-1.516099],[101.361353,-1.525379],[101.362835,-1.521918],[101.367939,-1.522144],[101.371047,-1.52063],[101.376674,-1.515698],[101.376182,-1.51717],[101.378632,-1.516882],[101.384499,-1.519891],[101.383043,-1.526507],[101.3931,-1.531882],[101.401505,-1.53401],[101.410354,-1.540166],[101.406771,-1.542873],[101.403377,-1.547884],[101.402757,-1.554592],[101.404468,-1.558875],[101.40269,-1.571314],[101.397105,-1.582676],[101.39574,-1.591909],[101.391214,-1.605378],[101.385287,-1.630162],[101.38421,-1.641153],[101.387227,-1.661304],[101.395416,-1.668092],[101.399188,-1.676389],[101.403035,-1.679075],[101.401797,-1.686694],[101.397178,-1.689663],[101.390302,-1.689614],[101.380897,-1.684643],[101.379104,-1.685865],[101.377952,-1.689005],[101.375644,-1.691099],[101.369983,-1.693024],[101.362877,-1.69373],[101.344749,-1.690791],[101.33548,-1.686776],[101.332768,-1.68816],[101.332502,-1.693886],[101.329964,-1.697143],[101.32259,-1.696803],[101.308843,-1.701178],[101.287862,-1.696903],[101.271461,-1.695301],[101.26727,-1.696072],[101.242848,-1.710719],[101.239442,-1.713629],[101.232577,-1.724097],[101.228993,-1.722416],[101.228124,-1.720615],[101.225348,-1.718991],[101.21843,-1.723636],[101.215136,-1.724105],[101.212016,-1.723876],[101.208951,-1.722369],[101.206299,-1.719251],[101.199175,-1.713954],[101.197149,-1.710585],[101.195031,-1.698101],[101.19458,-1.686356],[101.192449,-1.680468],[101.189171,-1.677245],[101.188189,-1.677653],[101.183174,-1.688933],[101.181701,-1.696076],[101.176348,-1.703517],[101.170471,-1.710194],[101.168853,-1.710661],[101.163302,-1.707936],[101.158903,-1.70149],[101.151867,-1.694019],[101.145391,-1.691179],[101.138788,-1.686375],[101.147298,-1.659196],[101.145859,-1.6529],[101.146981,-1.642588],[101.146293,-1.635634],[101.148648,-1.62693],[101.148257,-1.609275],[101.150544,-1.607007],[101.151093,-1.598924],[101.153936,-1.595254],[101.152626,-1.592106],[101.155783,-1.581659],[101.159412,-1.553887],[101.162128,-1.544381],[101.164507,-1.538829],[101.170852,-1.530105],[101.179535,-1.513156],[101.185129,-1.499173],[101.20575,-1.465861],[101.211302,-1.454757],[101.214475,-1.44286],[101.214687,-1.427653],[101.235931,-1.430441],[101.25338,-1.436786],[101.28114,-1.452649],[101.292877,-1.463408],[101.289885,-1.47938],[101.297654,-1.49749]]]}},{"type":"Feature","properties":{"nmkec":"Koto Parik Gadang Diateh","nmkab":"Solok Selatan","nmprov":"Sumatera Barat","kdkec":"050","kdkab":"10","kodekab":"1310","idkec":"1310050","index":163},"geometry":{"type":"Polygon","coordinates":[[[101.022715,-1.132619],[101.038425,-1.135539],[101.058676,-1.133455],[101.062744,-1.136848],[101.073233,-1.141018],[101.083847,-1.148164],[101.093373,-1.150088],[101.101807,-1.156513],[101.105649,-1.161372],[101.115674,-1.167227],[101.128978,-1.188686],[101.141397,-1.193081],[101.147226,-1.194148],[101.14879,-1.195363],[101.154981,-1.204508],[101.157345,-1.214958],[101.162077,-1.226],[101.163291,-1.227092],[101.166203,-1.228184],[101.169479,-1.225757],[101.171906,-1.225151],[101.181493,-1.229034],[101.187196,-1.227699],[101.19387,-1.230126],[101.197753,-1.230126],[101.201029,-1.232067],[101.204427,-1.238377],[101.218503,-1.246386],[101.228332,-1.247235],[101.233394,-1.24669],[101.230076,-1.247231],[101.224772,-1.266797],[101.224188,-1.274923],[101.223052,-1.276425],[101.215568,-1.279054],[101.211553,-1.2843],[101.209808,-1.289061],[101.211344,-1.29605],[101.211635,-1.303628],[101.207799,-1.321878],[101.205976,-1.322437],[101.208285,-1.333791],[101.207811,-1.337382],[101.200848,-1.340391],[101.199545,-1.341838],[101.200363,-1.353903],[101.203281,-1.358832],[101.203781,-1.361688],[101.202511,-1.368277],[101.203241,-1.377126],[101.20185,-1.38234],[101.199959,-1.385343],[101.199692,-1.394189],[101.186477,-1.396145],[101.173152,-1.396145],[101.15031,-1.401221],[101.093204,-1.419621],[101.087494,-1.422159],[101.079245,-1.422794],[101.071088,-1.425304],[101.059619,-1.425625],[101.044551,-1.439276],[101.026865,-1.452872],[101.023539,-1.453906],[101.015307,-1.453824],[101.000833,-1.460903],[100.995398,-1.466088],[100.980228,-1.4734],[100.969571,-1.481543],[100.960059,-1.481081],[100.957747,-1.480502],[100.942848,-1.467738],[100.935101,-1.464083],[100.934406,-1.462746],[100.93423,-1.460073],[100.939606,-1.448514],[100.939951,-1.446189],[100.938389,-1.443807],[100.937459,-1.437705],[100.941961,-1.431075],[100.942568,-1.427599],[100.941697,-1.422892],[100.934877,-1.415799],[100.921037,-1.407161],[100.917656,-1.404075],[100.899905,-1.393821],[100.895221,-1.390163],[100.893832,-1.387723],[100.893715,-1.385689],[100.897871,-1.380105],[100.906155,-1.379472],[100.909391,-1.378307],[100.910487,-1.376446],[100.910427,-1.37354],[100.905841,-1.362899],[100.90562,-1.359594],[100.894617,-1.346298],[100.891955,-1.341417],[100.892299,-1.338278],[100.896052,-1.3338],[100.896686,-1.3313],[100.895875,-1.329847],[100.893216,-1.328396],[100.884548,-1.328577],[100.875967,-1.320461],[100.871953,-1.312104],[100.875621,-1.313203],[100.88508,-1.311296],[100.88815,-1.309843],[100.893361,-1.305881],[100.900168,-1.297844],[100.909971,-1.29039],[100.918533,-1.288078],[100.925912,-1.288403],[100.936675,-1.283703],[100.940212,-1.286321],[100.94445,-1.287179],[100.949135,-1.298134],[100.953008,-1.302073],[100.964792,-1.301842],[100.977323,-1.29959],[100.989851,-1.302535],[100.991238,-1.301322],[100.990475,-1.29557],[101.001658,-1.289504],[101.004454,-1.284362],[101.004989,-1.280781],[101.003179,-1.27671],[101.002177,-1.269611],[101.002612,-1.262749],[101.004597,-1.258116],[101.006644,-1.256388],[101.013923,-1.24506],[101.018366,-1.236002],[101.024226,-1.227338],[101.022952,-1.208736],[101.024481,-1.20262],[101.020149,-1.197524],[101.01964,-1.191663],[101.022315,-1.18886],[101.024354,-1.183126],[101.023844,-1.171277],[101.01658,-1.16452],[101.009956,-1.154076],[101.0083,-1.149235],[101.008682,-1.143629],[101.007281,-1.138532],[101.003982,-1.133891],[101.01255,-1.132698],[101.022715,-1.132619]]]}},{"type":"Feature","properties":{"nmkec":"Pauah Duo","nmkab":"Solok Selatan","nmprov":"Sumatera Barat","kdkec":"041","kdkab":"10","kodekab":"1310","idkec":"1310041","index":164},"geometry":{"type":"Polygon","coordinates":[[[101.185129,-1.499173],[101.179535,-1.513156],[101.170852,-1.530105],[101.164507,-1.538829],[101.1603,-1.550039],[101.155783,-1.581659],[101.152626,-1.592106],[101.153936,-1.595254],[101.151093,-1.598924],[101.150544,-1.607007],[101.148922,-1.607818],[101.147847,-1.612539],[101.148648,-1.62693],[101.146293,-1.635634],[101.146981,-1.642588],[101.145859,-1.6529],[101.147298,-1.659196],[101.138788,-1.686375],[101.134403,-1.683868],[101.131627,-1.685209],[101.120579,-1.67598],[101.107921,-1.670722],[101.104973,-1.669853],[101.095149,-1.670736],[101.078438,-1.661978],[101.067801,-1.659199],[101.064362,-1.655615],[101.061173,-1.645157],[101.061398,-1.63888],[101.063013,-1.636205],[101.062723,-1.634694],[101.046668,-1.626301],[101.037588,-1.619452],[101.028626,-1.615393],[101.017328,-1.605879],[101.015243,-1.601813],[101.014023,-1.590603],[101.020871,-1.585862],[101.024043,-1.579517],[101.03483,-1.563655],[101.039271,-1.552868],[101.039271,-1.549061],[101.036733,-1.542716],[101.042444,-1.533833],[101.046749,-1.529527],[101.05119,-1.52889],[101.056452,-1.52511],[101.057914,-1.519571],[101.061268,-1.515378],[101.074232,-1.509325],[101.076403,-1.511866],[101.083484,-1.513747],[101.086691,-1.512555],[101.111092,-1.511253],[101.182614,-1.48165],[101.212099,-1.427173],[101.214687,-1.427653],[101.214475,-1.44286],[101.211302,-1.454757],[101.20575,-1.465861],[101.185129,-1.499173]]]}},{"type":"Feature","properties":{"nmkec":"Padang Laweh","nmkab":"Dharmasraya","nmprov":"Sumatera Barat","kdkec":"023","kdkab":"11","kodekab":"1311","idkec":"1311023","index":165},"geometry":{"type":"Polygon","coordinates":[[[101.748027,-0.968449],[101.77114,-0.969747],[101.774686,-0.965522],[101.793292,-0.965869],[101.795873,-0.969644],[101.81105,-0.96947],[101.818196,-0.973688],[101.824852,-0.979776],[101.833406,-0.981526],[101.823411,-0.992187],[101.821991,-0.995769],[101.822012,-1.0],[101.827331,-1.007382],[101.825404,-1.018507],[101.775109,-1.018231],[101.773828,-1.020346],[101.778253,-1.025947],[101.780584,-1.033604],[101.77264,-1.037003],[101.771176,-1.040681],[101.768384,-1.04131],[101.757867,-1.038717],[101.752474,-1.039757],[101.747158,-1.043224],[101.732224,-1.044623],[101.727556,-1.04248],[101.704594,-1.041906],[101.700527,-1.038633],[101.698812,-1.03073],[101.708747,-1.025121],[101.7113,-1.022111],[101.711943,-1.019334],[101.706798,-1.014917],[101.708766,-1.009121],[101.703121,-1.008827],[101.695734,-1.004429],[101.704277,-0.991444],[101.704898,-0.988528],[101.707057,-0.986285],[101.71016,-0.984976],[101.717181,-0.986815],[101.729214,-0.987879],[101.733183,-0.980501],[101.737372,-0.960153],[101.748027,-0.968449]]]}},{"type":"Feature","properties":{"nmkec":"Timpeh","nmkab":"Dharmasraya","nmprov":"Sumatera Barat","kdkec":"031","kdkab":"11","kodekab":"1311","idkec":"1311031","index":166},"geometry":{"type":"Polygon","coordinates":[[[101.558334,-0.8345],[101.562894,-0.834752],[101.570654,-0.832925],[101.579116,-0.833297],[101.593087,-0.83563],[101.59645,-0.834847],[101.604205,-0.826254],[101.608343,-0.82495],[101.616621,-0.824424],[101.636286,-0.830136],[101.648184,-0.827786],[101.653616,-0.828042],[101.669401,-0.835318],[101.671213,-0.837138],[101.673288,-0.845204],[101.678729,-0.857691],[101.683909,-0.866274],[101.688568,-0.870174],[101.693743,-0.871732],[101.699434,-0.871988],[101.711069,-0.864954],[101.711846,-0.865474],[101.71394,-0.900341],[101.689483,-0.940124],[101.69026,-0.941945],[101.693107,-0.943764],[101.703716,-0.947139],[101.718203,-0.948428],[101.732695,-0.955703],[101.737372,-0.960153],[101.733183,-0.980501],[101.730364,-0.986772],[101.728566,-0.987842],[101.717181,-0.986815],[101.71016,-0.984976],[101.707057,-0.986285],[101.704898,-0.988528],[101.704277,-0.991444],[101.702724,-0.993473],[101.684617,-0.985931],[101.671476,-0.98254],[101.658745,-0.982374],[101.655114,-0.980692],[101.649028,-0.969427],[101.648524,-0.963425],[101.631538,-0.955782],[101.61795,-0.94092],[101.604787,-0.933277],[101.597885,-0.927187],[101.587654,-0.929195],[101.564871,-0.919688],[101.545338,-0.918839],[101.534298,-0.917141],[101.532535,-0.91858],[101.525555,-0.914748],[101.514488,-0.89841],[101.51022,-0.897557],[101.50865,-0.896012],[101.505995,-0.888325],[101.486887,-0.875586],[101.477863,-0.873463],[101.469901,-0.870278],[101.456101,-0.854886],[101.44617,-0.847319],[101.459542,-0.842254],[101.464,-0.839733],[101.469255,-0.835114],[101.478783,-0.837732],[101.493342,-0.845737],[101.494939,-0.852594],[101.512712,-0.858585],[101.518375,-0.856285],[101.520321,-0.854338],[101.520321,-0.852215],[101.529064,-0.849862],[101.536954,-0.84266],[101.542439,-0.831512],[101.542616,-0.825673],[101.545801,-0.825496],[101.547557,-0.822623],[101.551248,-0.827993],[101.558334,-0.8345]]]}},{"type":"Feature","properties":{"nmkec":"Ix Koto","nmkab":"Dharmasraya","nmprov":"Sumatera Barat","kdkec":"041","kdkab":"11","kodekab":"1311","idkec":"1311041","index":167},"geometry":{"type":"Polygon","coordinates":[[[101.231303,-0.930494],[101.236651,-0.929297],[101.239358,-0.929863],[101.24078,-0.931428],[101.249169,-0.933558],[101.272682,-0.9486],[101.279548,-0.950737],[101.295196,-0.950404],[101.308231,-0.951992],[101.318983,-0.951834],[101.332183,-0.949081],[101.334457,-0.950596],[101.337868,-0.958365],[101.343557,-0.955526],[101.343983,-0.952143],[101.353107,-0.947818],[101.353217,-0.94648],[101.363069,-0.937901],[101.370263,-0.936468],[101.374096,-0.939508],[101.377268,-0.939508],[101.382291,-0.935939],[101.383877,-0.936071],[101.386653,-0.939508],[101.393055,-0.941178],[101.396629,-0.949008],[101.400178,-0.95167],[101.403727,-0.957881],[101.406389,-0.957881],[101.407276,-0.952558],[101.413487,-0.95522],[101.414375,-0.964093],[101.419699,-0.972966],[101.421473,-0.980064],[101.42591,-0.982726],[101.432129,-0.984781],[101.431362,-0.987284],[101.431629,-1.005097],[101.429391,-1.004786],[101.424981,-1.006095],[101.422453,-1.008119],[101.420899,-1.012558],[101.421226,-1.01582],[101.420303,-1.019451],[101.417778,-1.026239],[101.409285,-1.031987],[101.407601,-1.035447],[101.404943,-1.037733],[101.396238,-1.040715],[101.389688,-1.044114],[101.385846,-1.044052],[101.374966,-1.048105],[101.370831,-1.047649],[101.360058,-1.041523],[101.356108,-1.043025],[101.347799,-1.043034],[101.343518,-1.044668],[101.342417,-1.046496],[101.342678,-1.048845],[101.347941,-1.059999],[101.347489,-1.063132],[101.343729,-1.066463],[101.339763,-1.075785],[101.34042,-1.085898],[101.343997,-1.094485],[101.341797,-1.102122],[101.343737,-1.113087],[101.342787,-1.117206],[101.337972,-1.12518],[101.336816,-1.128762],[101.33046,-1.131151],[101.33073,-1.133693],[101.335237,-1.13793],[101.338665,-1.146752],[101.331231,-1.154032],[101.329497,-1.166436],[101.331115,-1.171521],[101.311277,-1.187006],[101.289821,-1.198563],[101.282579,-1.200104],[101.273049,-1.194252],[101.255196,-1.175608],[101.248492,-1.170317],[101.232424,-1.151099],[101.217785,-1.138499],[101.214668,-1.135043],[101.206269,-1.12136],[101.195554,-1.107925],[101.188755,-1.104366],[101.176166,-1.101699],[101.172078,-1.101376],[101.166423,-1.102912],[101.159044,-1.092642],[101.15783,-1.081235],[101.154918,-1.076382],[101.156131,-1.073227],[101.160015,-1.069344],[101.162199,-1.062063],[101.161713,-1.05818],[101.158801,-1.051506],[101.154311,-1.046167],[101.144846,-1.042284],[101.143754,-1.039857],[101.143997,-1.036095],[101.157366,-1.031885],[101.164868,-1.030513],[101.168145,-1.032819],[101.172877,-1.033425],[101.17676,-1.032819],[101.181371,-1.030028],[101.187924,-1.020563],[101.190715,-1.009035],[101.191267,-0.996729],[101.192695,-0.993817],[101.196864,-0.989762],[101.203647,-0.986022],[101.200262,-0.980607],[101.202606,-0.97804],[101.199863,-0.967717],[101.196515,-0.960724],[101.19544,-0.95225],[101.193701,-0.95104],[101.187205,-0.950676],[101.187902,-0.950328],[101.188194,-0.94068],[101.19141,-0.937756],[101.193165,-0.932786],[101.191703,-0.921969],[101.188487,-0.916122],[101.19141,-0.913783],[101.19258,-0.908228],[101.194334,-0.905889],[101.201058,-0.906181],[101.208952,-0.908813],[101.209537,-0.912321],[101.214962,-0.918444],[101.221395,-0.923153],[101.221231,-0.924892],[101.226534,-0.928547],[101.231303,-0.930494]]]}},{"type":"Feature","properties":{"nmkec":"Gunung Tuleh","nmkab":"Pasaman Barat","nmprov":"Sumatera Barat","kdkec":"060","kdkab":"12","kodekab":"1312","idkec":"1312060","index":168},"geometry":{"type":"Polygon","coordinates":[[[99.682808,0.469192],[99.686381,0.468293],[99.692123,0.469384],[99.699509,0.468673],[99.702827,0.466228],[99.704677,0.462506],[99.713736,0.455445],[99.720116,0.452363],[99.722094,0.452427],[99.72671,0.453212],[99.729413,0.455249],[99.735133,0.464058],[99.738083,0.470054],[99.739026,0.474776],[99.742472,0.477792],[99.750823,0.478678],[99.757696,0.477451],[99.776832,0.481774],[99.784418,0.482338],[99.804176,0.473104],[99.806423,0.471408],[99.808808,0.465074],[99.820334,0.460521],[99.826043,0.446414],[99.823253,0.437851],[99.824856,0.432319],[99.827787,0.426766],[99.82443,0.416506],[99.816593,0.411441],[99.803108,0.413324],[99.792915,0.412758],[99.789959,0.415709],[99.785621,0.417894],[99.778346,0.418689],[99.77564,0.415299],[99.776415,0.404722],[99.774753,0.401135],[99.77102,0.399353],[99.756962,0.402085],[99.751174,0.399956],[99.75035,0.39784],[99.751459,0.393618],[99.749331,0.390166],[99.744254,0.387008],[99.744009,0.385799],[99.749496,0.376841],[99.75602,0.374531],[99.75868,0.364728],[99.762124,0.359866],[99.769538,0.357026],[99.77693,0.350697],[99.780686,0.350296],[99.784502,0.346075],[99.789978,0.346362],[99.799858,0.343168],[99.803445,0.340479],[99.814346,0.339554],[99.825551,0.343545],[99.828402,0.34841],[99.828579,0.346747],[99.821211,0.331291],[99.819552,0.317105],[99.816897,0.308726],[99.810012,0.298107],[99.807523,0.287986],[99.809265,0.285498],[99.811422,0.278197],[99.834305,0.262022],[99.841655,0.254386],[99.845211,0.246378],[99.847563,0.23707],[99.848138,0.218531],[99.842884,0.200041],[99.844285,0.196238],[99.842391,0.193745],[99.838856,0.193036],[99.836504,0.194387],[99.830149,0.190959],[99.816634,0.193454],[99.816466,0.192141],[99.819847,0.188226],[99.819472,0.186249],[99.815794,0.182396],[99.80339,0.182717],[99.769363,0.188482],[99.764159,0.19024],[99.76278,0.194703],[99.718853,0.197275],[99.706579,0.202022],[99.704226,0.204188],[99.705904,0.210453],[99.703688,0.211463],[99.702309,0.210922],[99.701222,0.213427],[99.707314,0.216254],[99.707346,0.221887],[99.700722,0.237828],[99.697673,0.243124],[99.685486,0.253514],[99.677187,0.264033],[99.677488,0.268106],[99.676037,0.272479],[99.669506,0.273562],[99.668412,0.277464],[99.671402,0.281167],[99.673329,0.282543],[99.675063,0.28181],[99.676147,0.283574],[99.668337,0.296929],[99.670017,0.30679],[99.670817,0.308432],[99.677854,0.31186],[99.68197,0.316689],[99.681194,0.323461],[99.678473,0.32648],[99.676857,0.332527],[99.681582,0.3361],[99.685171,0.344694],[99.685665,0.35089],[99.693397,0.360361],[99.692448,0.367059],[99.696399,0.372082],[99.696099,0.375285],[99.694854,0.378429],[99.685074,0.390304],[99.682668,0.391313],[99.675722,0.397852],[99.668271,0.402664],[99.662038,0.409675],[99.657928,0.408738],[99.650774,0.415448],[99.649614,0.424239],[99.641124,0.425405],[99.629191,0.425328],[99.628298,0.42556],[99.627549,0.42788],[99.630739,0.439859],[99.632918,0.459402],[99.63592,0.46941],[99.64608,0.483282],[99.653734,0.49623],[99.663259,0.505059],[99.665311,0.502108],[99.665511,0.493877],[99.666587,0.490749],[99.674293,0.483894],[99.675794,0.476432],[99.682808,0.469192]]]}},{"type":"Feature","properties":{"nmkec":"Pasaman","nmkab":"Pasaman Barat","nmprov":"Sumatera Barat","kdkec":"080","kdkab":"12","kodekab":"1312","idkec":"1312080","index":169},"geometry":{"type":"Polygon","coordinates":[[[99.847432,0.214532],[99.859699,0.213413],[99.866206,0.20761],[99.887593,0.181694],[99.889916,0.177546],[99.892467,0.166222],[99.894624,0.162986],[99.907887,0.152897],[99.916225,0.149661],[99.92453,0.143314],[99.941953,0.121463],[99.957176,0.109251],[99.957498,0.106438],[99.965928,0.097432],[99.981718,0.084028],[99.986008,0.082477],[99.984354,0.080042],[99.982773,0.074492],[99.97617,0.06839],[99.959276,0.058759],[99.940507,0.056034],[99.902135,0.055942],[99.896131,0.05812],[99.880532,0.058012],[99.880682,0.03629],[99.87239,0.034379],[99.870394,0.065363],[99.858415,0.062206],[99.851435,0.059111],[99.851636,0.039425],[99.841824,0.039394],[99.841582,0.058613],[99.840895,0.058956],[99.838264,0.058151],[99.836701,0.055071],[99.829346,0.0542],[99.79875,0.054096],[99.801115,0.05746],[99.801896,0.060409],[99.795884,0.063923],[99.792291,0.070853],[99.7893,0.079493],[99.784966,0.078935],[99.77045,0.073457],[99.763005,0.075902],[99.735325,0.081478],[99.727272,0.083963],[99.723921,0.083446],[99.719581,0.077415],[99.723918,0.077381],[99.724862,0.076268],[99.724336,0.075004],[99.722581,0.0738],[99.715305,0.073624],[99.71028,0.075453],[99.708578,0.079858],[99.707142,0.080027],[99.705805,0.076087],[99.707466,0.073026],[99.713982,0.072153],[99.716434,0.069865],[99.71453,0.067499],[99.706741,0.065494],[99.701829,0.065496],[99.70346,0.060449],[99.702368,0.058663],[99.700943,0.05833],[99.698615,0.060563],[99.69797,0.064817],[99.695455,0.064965],[99.693928,0.061907],[99.67105,0.086067],[99.65874,0.078753],[99.644819,0.10143],[99.648283,0.103214],[99.647045,0.105308],[99.649611,0.105799],[99.651753,0.110484],[99.649847,0.116069],[99.650824,0.119569],[99.655962,0.12432],[99.660162,0.124761],[99.661782,0.129443],[99.66107,0.131145],[99.659659,0.131037],[99.658623,0.132323],[99.659752,0.137227],[99.664906,0.140988],[99.668018,0.14577],[99.667667,0.148889],[99.665765,0.150707],[99.663921,0.156312],[99.664432,0.162328],[99.667208,0.172208],[99.662898,0.177242],[99.663687,0.180337],[99.673236,0.187319],[99.682089,0.187719],[99.687474,0.19379],[99.69284,0.197926],[99.698366,0.198278],[99.705675,0.201389],[99.705814,0.202209],[99.705922,0.202425],[99.706185,0.202632],[99.718853,0.197275],[99.76278,0.194703],[99.764159,0.19024],[99.769363,0.188482],[99.80339,0.182717],[99.815794,0.182396],[99.819472,0.186249],[99.819847,0.188226],[99.816466,0.192141],[99.816461,0.193341],[99.830149,0.190959],[99.836504,0.194387],[99.838856,0.193036],[99.842391,0.193745],[99.844285,0.196238],[99.842884,0.200041],[99.847432,0.214532]]]}},{"type":"Feature","properties":{"nmkec":"Luhak Nan Duo","nmkab":"Pasaman Barat","nmprov":"Sumatera Barat","kdkec":"090","kdkab":"12","kodekab":"1312","idkec":"1312090","index":170},"geometry":{"type":"Polygon","coordinates":[[[99.735325,0.081478],[99.761179,0.07632],[99.77144,0.073395],[99.784966,0.078935],[99.7893,0.079493],[99.792291,0.070853],[99.795884,0.063923],[99.801896,0.060409],[99.801115,0.05746],[99.79875,0.054096],[99.829346,0.0542],[99.836701,0.055071],[99.838264,0.058151],[99.840291,0.059064],[99.841582,0.058613],[99.841824,0.039394],[99.851636,0.039425],[99.851435,0.059111],[99.866168,0.064636],[99.870912,0.065202],[99.87239,0.034379],[99.880682,0.03629],[99.880532,0.058012],[99.896131,0.05812],[99.904753,0.055871],[99.940507,0.056034],[99.955779,0.057839],[99.903909,0.042067],[99.899681,0.036469],[99.899102,0.019648],[99.912772,0.019383],[99.910241,0.014739],[99.909467,-0.000134],[99.896216,-0.000263],[99.893639,0.003359],[99.885809,0.004492],[99.882591,0.001316],[99.879924,0.010053],[99.879955,0.014055],[99.865766,0.01424],[99.861927,0.008132],[99.859139,0.006811],[99.851362,0.006749],[99.850923,0.002827],[99.83174,0.001775],[99.829315,0.000665],[99.811933,-0.01116],[99.806548,-0.016997],[99.799895,-0.014769],[99.795895,-0.010162],[99.790477,-0.015528],[99.768629,-0.019429],[99.76011,-0.015587],[99.759134,-0.012986],[99.774876,0.006845],[99.774358,0.012497],[99.762334,0.018371],[99.755706,0.017008],[99.741835,0.016554],[99.733907,0.014318],[99.730919,0.016188],[99.719362,0.034882],[99.697354,0.060471],[99.694983,0.064602],[99.696325,0.065319],[99.69797,0.064817],[99.698615,0.060563],[99.700943,0.05833],[99.702368,0.058663],[99.70346,0.060449],[99.701829,0.065496],[99.706741,0.065494],[99.715797,0.068494],[99.716478,0.070159],[99.715699,0.071225],[99.712293,0.072589],[99.707466,0.073026],[99.705974,0.074736],[99.707142,0.080027],[99.708578,0.079858],[99.71028,0.075453],[99.715305,0.073624],[99.719703,0.073631],[99.722581,0.0738],[99.724786,0.075585],[99.723918,0.077381],[99.719581,0.077415],[99.723921,0.083446],[99.727272,0.083963],[99.735325,0.081478]]]}},{"type":"Feature","properties":{"nmkec":"Sasak Ranah Pasisie","nmkab":"Pasaman Barat","nmprov":"Sumatera Barat","kdkec":"100","kdkab":"12","kodekab":"1312","idkec":"1312100","index":171},"geometry":{"type":"Polygon","coordinates":[[[99.626886,0.117812],[99.642283,0.109165],[99.643622,0.105582],[99.646315,0.104692],[99.647045,0.105308],[99.648283,0.103214],[99.644819,0.10143],[99.65874,0.078753],[99.67105,0.086067],[99.693928,0.061907],[99.694983,0.064602],[99.697354,0.060471],[99.719362,0.034882],[99.730919,0.016188],[99.733907,0.014318],[99.741835,0.016554],[99.755706,0.017008],[99.762334,0.018371],[99.774358,0.012497],[99.774876,0.006845],[99.759134,-0.012986],[99.76011,-0.015587],[99.76868,-0.019393],[99.766487,-0.022228],[99.748483,-0.031177],[99.748124,-0.033089],[99.753501,-0.041334],[99.752127,-0.042947],[99.750614,-0.043579],[99.741136,-0.03114],[99.733075,-0.023603],[99.691194,0.002192],[99.687985,0.006606],[99.684444,0.008277],[99.682952,0.013267],[99.679753,0.014985],[99.654078,0.039972],[99.614321,0.067342],[99.572063,0.088361],[99.581768,0.098045],[99.594405,0.098525],[99.595032,0.101713],[99.622978,0.118625],[99.626886,0.117812]]]}},{"type":"Feature","properties":{"nmkec":"Bungus Teluk Kabung","nmkab":"Padang","nmprov":"Sumatera Barat","kdkec":"010","kdkab":"71","kodekab":"1371","idkec":"1371010","index":172},"geometry":{"type":"MultiPolygon","coordinates":[[[[100.423779,-0.982331],[100.435443,-0.986769],[100.449169,-0.996629],[100.451525,-0.997415],[100.463906,-0.99061],[100.469584,-0.989062],[100.474502,-0.989001],[100.481506,-0.994125],[100.483201,-0.997305],[100.483946,-1.001506],[100.479063,-1.003419],[100.476752,-1.006047],[100.471475,-1.015335],[100.466178,-1.021393],[100.465075,-1.027043],[100.447071,-1.042347],[100.439286,-1.052874],[100.429895,-1.059056],[100.428185,-1.066077],[100.430308,-1.068557],[100.42857,-1.072718],[100.42206,-1.083638],[100.417519,-1.088884],[100.414938,-1.094251],[100.416004,-1.096162],[100.420725,-1.099865],[100.420739,-1.108518],[100.41272,-1.112377],[100.408389,-1.115765],[100.393479,-1.130886],[100.375532,-1.136443],[100.362793,-1.145007],[100.366418,-1.138626],[100.366466,-1.136711],[100.363779,-1.132247],[100.359816,-1.13336],[100.360818,-1.12827],[100.363643,-1.124235],[100.366348,-1.124194],[100.367695,-1.125543],[100.371295,-1.124714],[100.374014,-1.123549],[100.373376,-1.122895],[100.3742,-1.120245],[100.38054,-1.123799],[100.383152,-1.128529],[100.387154,-1.127042],[100.388071,-1.124324],[100.385383,-1.119634],[100.385049,-1.114964],[100.38183,-1.110124],[100.37443,-1.103483],[100.372565,-1.099496],[100.372155,-1.096064],[100.366503,-1.089662],[100.365452,-1.078218],[100.366507,-1.076114],[100.36834,-1.076733],[100.373854,-1.073558],[100.376418,-1.068848],[100.376868,-1.065134],[100.378829,-1.063623],[100.381884,-1.06343],[100.381677,-1.064473],[100.387783,-1.067931],[100.389086,-1.076922],[100.393105,-1.071761],[100.39378,-1.069189],[100.39714,-1.066424],[100.398385,-1.067662],[100.398188,-1.070335],[100.399768,-1.07148],[100.40144,-1.071802],[100.404108,-1.070162],[100.405748,-1.071898],[100.405791,-1.073904],[100.408865,-1.074778],[100.412784,-1.071004],[100.412378,-1.068002],[100.414606,-1.060597],[100.413115,-1.056034],[100.41019,-1.052519],[100.412702,-1.045605],[100.411351,-1.039823],[100.409291,-1.03778],[100.404323,-1.036764],[100.400978,-1.031259],[100.396096,-1.029634],[100.394355,-1.030778],[100.392329,-1.036331],[100.387868,-1.039109],[100.384305,-1.043411],[100.380125,-1.043548],[100.378616,-1.041858],[100.386847,-1.032621],[100.39528,-1.019081],[100.407413,-1.004318],[100.410593,-0.997957],[100.417727,-0.992553],[100.420004,-0.985661],[100.423779,-0.982331]]],[[[100.335345,-1.145896],[100.330705,-1.15198],[100.32791,-1.15293],[100.325705,-1.152436],[100.325971,-1.147512],[100.328138,-1.14544],[100.332207,-1.144395],[100.334641,-1.144813],[100.335345,-1.145896]]],[[[100.352226,-1.133418],[100.349014,-1.131957],[100.35094,-1.124544],[100.355777,-1.123433],[100.356277,-1.12419],[100.355137,-1.127887],[100.352226,-1.133418]]],[[[100.341913,-1.124924],[100.338883,-1.123708],[100.338897,-1.121649],[100.340426,-1.119818],[100.342034,-1.120011],[100.342452,-1.121072],[100.342741,-1.123772],[100.341913,-1.124924]]],[[[100.36954,-1.118049],[100.369974,-1.12022],[100.368624,-1.120633],[100.364513,-1.11751],[100.367599,-1.116257],[100.36954,-1.118049]]],[[[100.35967,-1.143502],[100.359485,-1.145266],[100.358249,-1.146365],[100.356693,-1.144256],[100.358526,-1.142338],[100.35967,-1.143502]]],[[[100.383091,-1.121289],[100.379691,-1.119609],[100.379989,-1.118612],[100.381604,-1.118443],[100.383091,-1.121289]]],[[[100.297423,-1.074112],[100.296641,-1.076583],[100.295578,-1.075301],[100.296673,-1.073205],[100.297423,-1.074112]]],[[[100.171568,-1.135474],[100.173435,-1.13572],[100.17147,-1.136801],[100.171568,-1.135474]]],[[[100.171224,-1.134541],[100.1698,-1.135523],[100.171175,-1.133902],[100.171224,-1.134541]]],[[[100.356663,-1.119303],[100.354975,-1.119512],[100.356583,-1.119094],[100.356663,-1.119303]]],[[[100.338497,-1.123612],[100.337826,-1.123438],[100.338052,-1.122648],[100.338465,-1.122711],[100.338497,-1.123612]]],[[[100.36796,-1.075782],[100.36788,-1.076562],[100.367391,-1.075982],[100.36796,-1.075782]]]]}},{"type":"Feature","properties":{"nmkec":"Padang Selatan","nmkab":"Padang","nmprov":"Sumatera Barat","kdkec":"040","kdkab":"71","kodekab":"1371","idkec":"1371040","index":173},"geometry":{"type":"MultiPolygon","coordinates":[[[[100.367905,-0.951042],[100.366958,-0.953724],[100.370441,-0.956796],[100.371395,-0.956846],[100.370864,-0.954814],[100.371914,-0.952292],[100.373673,-0.951861],[100.375866,-0.9532],[100.379044,-0.959259],[100.379345,-0.970516],[100.383369,-0.971689],[100.385132,-0.973335],[100.386297,-0.982361],[100.385717,-0.985416],[100.379352,-0.993588],[100.380514,-0.997857],[100.375877,-0.995456],[100.371199,-0.998987],[100.364946,-1.005623],[100.363313,-1.00213],[100.365352,-0.996305],[100.359992,-0.990938],[100.358546,-0.987141],[100.360099,-0.97941],[100.359114,-0.976883],[100.357914,-0.974872],[100.347688,-0.968243],[100.346792,-0.965637],[100.347243,-0.96443],[100.349778,-0.963492],[100.3523,-0.966182],[100.355457,-0.966588],[100.362842,-0.96331],[100.363235,-0.961062],[100.360192,-0.954877],[100.360246,-0.951596],[100.367905,-0.951042]]],[[[100.338456,-0.990005],[100.341278,-0.992108],[100.341834,-0.99421],[100.3382,-0.996306],[100.337387,-0.995473],[100.337194,-0.991539],[100.338456,-0.990005]]],[[[100.35474,-0.989881],[100.353991,-0.991643],[100.352466,-0.991962],[100.352804,-0.990713],[100.35474,-0.989881]]],[[[100.376549,-0.999247],[100.376079,-0.999549],[100.376213,-0.999197],[100.376549,-0.999247]]]]}},{"type":"Feature","properties":{"nmkec":"Padang Barat","nmkab":"Padang","nmprov":"Sumatera Barat","kdkec":"060","kdkab":"71","kodekab":"1371","idkec":"1371060","index":174},"geometry":{"type":"Polygon","coordinates":[[[100.361294,-0.924429],[100.361339,-0.938511],[100.363797,-0.951294],[100.360326,-0.951471],[100.360192,-0.954877],[100.36327,-0.961418],[100.362842,-0.96331],[100.361333,-0.964257],[100.353834,-0.966578],[100.352239,-0.966135],[100.351114,-0.964341],[100.352907,-0.960767],[100.352985,-0.957166],[100.34934,-0.923302],[100.361294,-0.924429]]]}},{"type":"Feature","properties":{"nmkec":"Padang Panjang Barat","nmkab":"Padang Panjang","nmprov":"Sumatera Barat","kdkec":"010","kdkab":"74","kodekab":"1374","idkec":"1374010","index":175},"geometry":{"type":"Polygon","coordinates":[[[100.395397,-0.450545],[100.403823,-0.450669],[100.404896,-0.452998],[100.402105,-0.45783],[100.401474,-0.460928],[100.40509,-0.463872],[100.404685,-0.469838],[100.399489,-0.471743],[100.402361,-0.474593],[100.404307,-0.478991],[100.4045,-0.481667],[100.402949,-0.483312],[100.395048,-0.483175],[100.392796,-0.484216],[100.383892,-0.482977],[100.374853,-0.483627],[100.372261,-0.482902],[100.365336,-0.477351],[100.377322,-0.462128],[100.381833,-0.462785],[100.387933,-0.460287],[100.396194,-0.459835],[100.396576,-0.455156],[100.395397,-0.450545]]]}},{"type":"Feature","properties":{"nmkec":"Barangin","nmkab":"Sawah Lunto","nmprov":"Sumatera Barat","kdkec":"030","kdkab":"73","kodekab":"1373","idkec":"1373030","index":176},"geometry":{"type":"Polygon","coordinates":[[[100.70956,-0.591214],[100.715634,-0.594416],[100.717272,-0.59886],[100.720319,-0.602257],[100.733008,-0.602299],[100.737031,-0.605624],[100.738823,-0.609293],[100.748499,-0.613526],[100.750302,-0.629594],[100.753724,-0.637089],[100.755849,-0.63959],[100.758632,-0.640192],[100.761991,-0.643871],[100.762121,-0.655629],[100.763394,-0.66012],[100.766915,-0.665366],[100.773821,-0.670017],[100.780112,-0.671855],[100.781835,-0.674229],[100.780657,-0.678581],[100.775197,-0.681602],[100.773585,-0.680086],[100.767897,-0.678448],[100.762938,-0.674331],[100.757246,-0.672001],[100.754359,-0.67337],[100.751708,-0.676914],[100.751973,-0.679469],[100.74668,-0.683103],[100.739441,-0.690434],[100.737701,-0.696417],[100.732166,-0.695995],[100.724387,-0.702812],[100.723609,-0.705277],[100.7236,-0.718776],[100.727063,-0.724741],[100.724544,-0.726161],[100.719329,-0.732592],[100.715937,-0.734111],[100.711695,-0.734477],[100.707644,-0.732027],[100.70553,-0.726519],[100.697779,-0.725496],[100.694683,-0.72163],[100.695414,-0.709023],[100.701979,-0.699234],[100.701765,-0.681177],[100.703936,-0.677396],[100.709966,-0.676457],[100.721401,-0.678088],[100.729236,-0.672265],[100.73556,-0.668914],[100.736011,-0.66777],[100.73464,-0.666507],[100.725295,-0.666023],[100.722439,-0.659074],[100.719206,-0.656312],[100.709326,-0.654537],[100.704423,-0.656736],[100.692894,-0.648712],[100.69456,-0.636184],[100.692343,-0.633203],[100.692019,-0.627123],[100.699265,-0.622587],[100.702337,-0.618828],[100.702525,-0.607624],[100.692628,-0.598584],[100.692725,-0.597545],[100.695399,-0.595762],[100.70956,-0.591214]]]}},{"type":"Feature","properties":{"nmkec":"Payakumbuh Timur","nmkab":"Payakumbuh","nmprov":"Sumatera Barat","kdkec":"020","kdkab":"76","kodekab":"1376","idkec":"1376020","index":177},"geometry":{"type":"Polygon","coordinates":[[[100.669334,-0.189621],[100.677473,-0.192369],[100.678255,-0.195231],[100.675141,-0.19736],[100.674134,-0.201538],[100.676692,-0.202426],[100.678907,-0.201491],[100.681602,-0.203187],[100.684963,-0.207929],[100.682633,-0.212581],[100.675989,-0.221039],[100.678912,-0.233861],[100.678503,-0.235234],[100.668912,-0.244021],[100.661141,-0.242316],[100.654326,-0.244913],[100.65269,-0.248427],[100.647734,-0.249767],[100.644409,-0.256701],[100.642651,-0.256638],[100.64121,-0.253893],[100.639987,-0.247621],[100.637945,-0.245132],[100.633537,-0.243602],[100.6332,-0.242349],[100.641193,-0.23311],[100.645052,-0.230365],[100.644254,-0.227301],[100.64726,-0.22221],[100.64847,-0.216473],[100.652522,-0.211639],[100.655893,-0.210734],[100.659511,-0.204884],[100.66209,-0.199576],[100.660781,-0.197832],[100.663253,-0.193811],[100.664046,-0.19059],[100.669334,-0.189621]]]}},{"type":"Feature","properties":{"nmkec":"Talawi","nmkab":"Sawah Lunto","nmprov":"Sumatera Barat","kdkec":"040","kdkab":"73","kodekab":"1373","idkec":"1373040","index":178},"geometry":{"type":"Polygon","coordinates":[[[100.74349,-0.559429],[100.748216,-0.559848],[100.753882,-0.558495],[100.761877,-0.558528],[100.773802,-0.560148],[100.774254,-0.559038],[100.779608,-0.559081],[100.781871,-0.557925],[100.783123,-0.555204],[100.788493,-0.553783],[100.789095,-0.559345],[100.787121,-0.561561],[100.786964,-0.564072],[100.796884,-0.564373],[100.803271,-0.566696],[100.80872,-0.571367],[100.813572,-0.579405],[100.813063,-0.584027],[100.807984,-0.58833],[100.804265,-0.593147],[100.804346,-0.598775],[100.810957,-0.604474],[100.808837,-0.613406],[100.80981,-0.62401],[100.806107,-0.635106],[100.805073,-0.646845],[100.7997,-0.663031],[100.79272,-0.667812],[100.789702,-0.668791],[100.778209,-0.661036],[100.769381,-0.667029],[100.766431,-0.664948],[100.763394,-0.66012],[100.762121,-0.655629],[100.761991,-0.643871],[100.758632,-0.640192],[100.755849,-0.63959],[100.753724,-0.637089],[100.750302,-0.629594],[100.748499,-0.613526],[100.738823,-0.609293],[100.737031,-0.605624],[100.733008,-0.602299],[100.720319,-0.602257],[100.717272,-0.59886],[100.715634,-0.594416],[100.711103,-0.592077],[100.713137,-0.591132],[100.707399,-0.580244],[100.706981,-0.574096],[100.714469,-0.571713],[100.721029,-0.567193],[100.728096,-0.554758],[100.733452,-0.554064],[100.74349,-0.559429]]]}},{"type":"Feature","properties":{"nmkec":"Guguk Panjang","nmkab":"Bukittinggi","nmprov":"Sumatera Barat","kdkec":"010","kdkab":"75","kodekab":"1375","idkec":"1375010","index":179},"geometry":{"type":"Polygon","coordinates":[[[100.351486,-0.290368],[100.360305,-0.298125],[100.374615,-0.300078],[100.377263,-0.301187],[100.382446,-0.3067],[100.387741,-0.308261],[100.388833,-0.311424],[100.388787,-0.316555],[100.38705,-0.317096],[100.375389,-0.311688],[100.365072,-0.314059],[100.364705,-0.311088],[100.359074,-0.306278],[100.343049,-0.296237],[100.341622,-0.291321],[100.351486,-0.290368]]]}},{"type":"Feature","properties":{"nmkec":"Payakumbuh Selatan","nmkab":"Payakumbuh","nmprov":"Sumatera Barat","kdkec":"011","kdkab":"76","kodekab":"1376","idkec":"1376011","index":180},"geometry":{"type":"Polygon","coordinates":[[[100.631339,-0.241254],[100.633565,-0.241851],[100.633537,-0.243602],[100.637945,-0.245132],[100.639987,-0.247621],[100.641919,-0.255543],[100.642651,-0.256638],[100.644409,-0.256701],[100.646763,-0.267137],[100.646299,-0.269813],[100.648657,-0.274613],[100.644743,-0.274606],[100.634287,-0.268048],[100.615421,-0.274511],[100.607975,-0.268641],[100.606802,-0.270721],[100.599154,-0.267793],[100.597207,-0.260463],[100.594362,-0.258282],[100.596922,-0.255842],[100.599926,-0.254772],[100.606188,-0.258416],[100.61485,-0.258387],[100.617137,-0.249494],[100.620442,-0.250555],[100.62749,-0.247554],[100.63141,-0.242443],[100.631339,-0.241254]]]}}]}