{"type":"FeatureCollection","name":"sumut_kecamatan","crs":{"type":"name","properties":{"name":"urn:ogc:def:crs:OGC:1.3:CRS84"}},"features":[{"type":"Feature","properties":{"nmkec":"Bawolato","nmkab":"Nias","nmprov":"Sumatera Utara","kdkec":"061","kdkab":"01","kodekab":"1201","idkec":"1201061","index":0},"geometry":{"type":"MultiPolygon","coordinates":[[[[97.874695,1.05188],[97.879708,1.051975],[97.888572,1.055531],[97.896906,1.053906],[97.90035,1.050363],[97.9192,1.02569],[97.9245,1.009888],[97.928101,0.995483],[97.929687,0.992126],[97.940684,0.978062],[97.944821,0.968828],[97.946878,0.961164],[97.946317,0.953623],[97.911473,0.909187],[97.903921,0.896537],[97.901667,0.884705],[97.898243,0.883743],[97.892572,0.885066],[97.889533,0.888328],[97.88538,0.890467],[97.878697,0.889547],[97.875052,0.887711],[97.868123,0.889988],[97.867818,0.887949],[97.864443,0.888288],[97.863191,0.891462],[97.865503,0.893344],[97.867385,0.896492],[97.866816,0.897479],[97.858196,0.89806],[97.84942,0.902877],[97.846612,0.909674],[97.850006,0.910826],[97.852809,0.908874],[97.859683,0.906715],[97.864341,0.912767],[97.864038,0.916388],[97.860197,0.919185],[97.853807,0.917897],[97.850892,0.916316],[97.849721,0.913987],[97.845835,0.912165],[97.844594,0.915258],[97.839195,0.918006],[97.829939,0.91862],[97.821882,0.921619],[97.816515,0.918041],[97.804805,0.91372],[97.798053,0.912341],[97.796942,0.913896],[97.796649,0.917505],[97.794288,0.92153],[97.78885,0.918036],[97.783536,0.920393],[97.780592,0.937626],[97.780851,0.943752],[97.782818,0.951539],[97.781888,0.95586],[97.77996,0.957474],[97.78003,0.958625],[97.781286,0.961938],[97.784915,0.96184],[97.796123,0.964476],[97.797189,0.972254],[97.796392,0.981784],[97.800924,0.991632],[97.810567,0.992873],[97.813234,0.998538],[97.828461,0.995987],[97.836898,0.996313],[97.837123,1.000567],[97.838548,1.004062],[97.847599,1.017964],[97.841307,1.024254],[97.843648,1.026476],[97.852697,1.031393],[97.87083,1.036309],[97.862997,1.038011],[97.849761,1.045539],[97.838654,1.054948],[97.850762,1.064434],[97.855937,1.065878],[97.867676,1.055115],[97.874695,1.05188]]],[[[97.904161,1.072807],[97.901657,1.07398],[97.900982,1.076831],[97.904777,1.078477],[97.906692,1.075901],[97.906068,1.073387],[97.904161,1.072807]]],[[[97.955858,1.023143],[97.952821,1.023768],[97.952182,1.02564],[97.95428,1.026482],[97.95655,1.025438],[97.955858,1.023143]]],[[[97.967133,1.021804],[97.965138,1.021793],[97.964816,1.023708],[97.966525,1.023685],[97.967133,1.021804]]],[[[97.93018,1.07935],[97.92918,1.079261],[97.928822,1.080215],[97.929961,1.08048],[97.93018,1.07935]]]]}},{"type":"Feature","properties":{"nmkec":"Gido","nmkab":"Nias","nmprov":"Sumatera Utara","kdkec":"070","kdkab":"01","kodekab":"1201","idkec":"1201070","index":1},"geometry":{"type":"MultiPolygon","coordinates":[[[[97.711154,1.162029],[97.717281,1.157515],[97.722509,1.157885],[97.725229,1.152369],[97.728646,1.152973],[97.730214,1.146374],[97.743931,1.149439],[97.745238,1.152144],[97.746627,1.152892],[97.753016,1.150921],[97.759863,1.159414],[97.766191,1.153202],[97.772735,1.150442],[97.775994,1.150193],[97.792801,1.152661],[97.800548,1.150454],[97.811707,1.139187],[97.815647,1.133178],[97.805936,1.127272],[97.807678,1.123563],[97.799891,1.114323],[97.802244,1.112785],[97.79767,1.109566],[97.800655,1.104521],[97.802139,1.096812],[97.796572,1.091285],[97.784348,1.087924],[97.77583,1.086791],[97.766168,1.082734],[97.762007,1.08668],[97.756995,1.087416],[97.752789,1.094464],[97.767418,1.10129],[97.7805,1.109478],[97.789155,1.112471],[97.790053,1.113449],[97.787823,1.116377],[97.782426,1.117866],[97.776634,1.117493],[97.751181,1.104654],[97.745843,1.106096],[97.738264,1.110456],[97.723105,1.101631],[97.713342,1.094426],[97.716747,1.089942],[97.700131,1.08302],[97.701912,1.077979],[97.702224,1.072458],[97.690728,1.066954],[97.6851,1.067582],[97.682546,1.073455],[97.684416,1.077809],[97.683977,1.082574],[97.682076,1.085413],[97.679753,1.085438],[97.678481,1.086582],[97.678146,1.09587],[97.676508,1.096023],[97.673258,1.092893],[97.665688,1.088961],[97.662468,1.08919],[97.660027,1.09147],[97.654334,1.09187],[97.652845,1.098556],[97.655792,1.101248],[97.654282,1.103452],[97.655523,1.109629],[97.660725,1.11755],[97.660589,1.120984],[97.662546,1.122977],[97.666322,1.125038],[97.673689,1.126041],[97.677347,1.130136],[97.678978,1.130359],[97.680758,1.132343],[97.683255,1.139679],[97.692263,1.153264],[97.69605,1.153447],[97.702118,1.15623],[97.711154,1.162029]]],[[[97.718731,1.069221],[97.728127,1.05643],[97.723109,1.04926],[97.720031,1.047633],[97.719926,1.048978],[97.716783,1.050038],[97.709962,1.048619],[97.702756,1.046401],[97.687423,1.039199],[97.682689,1.046173],[97.688533,1.053178],[97.689042,1.056527],[97.693381,1.057816],[97.698203,1.056865],[97.701557,1.059518],[97.705359,1.060599],[97.714186,1.060937],[97.714968,1.063267],[97.713177,1.066746],[97.718731,1.069221]]]]}},{"type":"Feature","properties":{"nmkec":"Batang Natal","nmkab":"Mandailing Natal","nmprov":"Sumatera Utara","kdkec":"020","kdkab":"02","kodekab":"1202","idkec":"1202020","index":2},"geometry":{"type":"Polygon","coordinates":[[[99.441502,0.801922],[99.45606,0.788314],[99.461904,0.784876],[99.47022,0.785502],[99.476484,0.779445],[99.484289,0.775374],[99.492399,0.767765],[99.500036,0.758571],[99.499975,0.753023],[99.503004,0.750183],[99.505521,0.750458],[99.503179,0.74207],[99.505598,0.736289],[99.509687,0.735219],[99.513174,0.732914],[99.512686,0.724515],[99.515287,0.718746],[99.517057,0.717264],[99.525923,0.716822],[99.526686,0.714845],[99.526724,0.706168],[99.530836,0.701482],[99.530753,0.694978],[99.543747,0.6793],[99.546972,0.664091],[99.557608,0.645356],[99.565787,0.642905],[99.567374,0.641516],[99.569594,0.637757],[99.570906,0.628928],[99.573356,0.623043],[99.577101,0.62046],[99.586089,0.618597],[99.590964,0.614753],[99.595191,0.604648],[99.599364,0.599165],[99.616241,0.584603],[99.623573,0.564741],[99.6324,0.557529],[99.635909,0.551376],[99.637374,0.546263],[99.628455,0.54121],[99.624831,0.536455],[99.617045,0.529644],[99.608913,0.525004],[99.599822,0.524584],[99.595649,0.522962],[99.592647,0.520296],[99.590284,0.515745],[99.584506,0.515645],[99.579935,0.513641],[99.575191,0.509552],[99.56098,0.510303],[99.556149,0.51188],[99.545768,0.517909],[99.534026,0.520279],[99.530494,0.521813],[99.523703,0.527736],[99.516515,0.536228],[99.513341,0.537662],[99.51358,0.539401],[99.519781,0.545709],[99.520773,0.550075],[99.519615,0.55208],[99.503782,0.539482],[99.491942,0.532478],[99.489597,0.529606],[99.480107,0.5265],[99.47734,0.526604],[99.4755,0.525001],[99.467492,0.541002],[99.465822,0.549785],[99.466008,0.557072],[99.46211,0.560436],[99.456171,0.561184],[99.449675,0.564361],[99.442993,0.565482],[99.437796,0.576133],[99.431115,0.574265],[99.427588,0.572023],[99.421771,0.571438],[99.419289,0.57495],[99.416334,0.57699],[99.397068,0.584024],[99.387998,0.591358],[99.370126,0.595512],[99.364128,0.597784],[99.357831,0.603644],[99.352843,0.603884],[99.350585,0.60209],[99.346427,0.602569],[99.337637,0.60807],[99.333123,0.607712],[99.323975,0.604005],[99.315422,0.604125],[99.310433,0.608192],[99.305443,0.609986],[99.301405,0.610225],[99.301286,0.612139],[99.306275,0.613454],[99.315118,0.618363],[99.31863,0.623379],[99.314711,0.634262],[99.314949,0.63773],[99.308426,0.64421],[99.287676,0.656948],[99.260532,0.668672],[99.259883,0.673034],[99.258616,0.674648],[99.242572,0.686077],[99.235842,0.694292],[99.233889,0.704195],[99.230395,0.709578],[99.230204,0.713955],[99.231127,0.716091],[99.252658,0.729981],[99.268153,0.742256],[99.270252,0.745864],[99.269962,0.752034],[99.271006,0.754147],[99.279895,0.763984],[99.281787,0.770012],[99.284351,0.773501],[99.302226,0.776613],[99.310146,0.780754],[99.322566,0.789968],[99.35355,0.800157],[99.37331,0.800304],[99.394871,0.794236],[99.399098,0.794015],[99.40305,0.795942],[99.433484,0.818317],[99.439382,0.810629],[99.440274,0.808481],[99.440244,0.804036],[99.441502,0.801922]]]}},{"type":"Feature","properties":{"nmkec":"Panyabungan Timur","nmkab":"Mandailing Natal","nmprov":"Sumatera Utara","kdkec":"054","kdkab":"02","kodekab":"1202","idkec":"1202054","index":3},"geometry":{"type":"Polygon","coordinates":[[[99.732042,0.893513],[99.734771,0.890728],[99.732849,0.88683],[99.733048,0.884718],[99.734833,0.88183],[99.739902,0.877645],[99.742836,0.873377],[99.743317,0.869232],[99.746354,0.866085],[99.748116,0.865058],[99.762246,0.863032],[99.766934,0.861304],[99.769715,0.859192],[99.782861,0.85776],[99.79075,0.85418],[99.79902,0.857753],[99.801156,0.856363],[99.805656,0.84996],[99.812257,0.8476],[99.813775,0.846147],[99.817964,0.838785],[99.834833,0.826849],[99.835618,0.822895],[99.837611,0.822193],[99.837611,0.820143],[99.842852,0.816895],[99.844808,0.814259],[99.845907,0.807699],[99.844392,0.800782],[99.844375,0.795639],[99.846828,0.791098],[99.845998,0.786173],[99.843111,0.779302],[99.846222,0.768931],[99.845636,0.762238],[99.843573,0.759371],[99.834833,0.757504],[99.833513,0.755682],[99.833939,0.751243],[99.830545,0.744166],[99.826066,0.739726],[99.825295,0.73591],[99.829683,0.716045],[99.835189,0.709019],[99.834158,0.701341],[99.831402,0.697045],[99.822229,0.701225],[99.806939,0.704652],[99.804627,0.704183],[99.803018,0.702677],[99.801881,0.698675],[99.800096,0.697481],[99.793588,0.696082],[99.787118,0.695708],[99.770745,0.700033],[99.745325,0.712649],[99.724342,0.727427],[99.711548,0.731503],[99.702286,0.737884],[99.698395,0.745354],[99.685844,0.747027],[99.680038,0.751261],[99.666588,0.754327],[99.664344,0.75456],[99.662261,0.752833],[99.654579,0.761964],[99.648429,0.764493],[99.64228,0.764744],[99.637466,0.768779],[99.63549,0.769185],[99.635872,0.776674],[99.632977,0.784529],[99.609321,0.805752],[99.60372,0.808147],[99.600034,0.814968],[99.590008,0.825942],[99.587502,0.83128],[99.596413,0.837042],[99.613304,0.838959],[99.621562,0.837421],[99.639553,0.840384],[99.666328,0.848103],[99.686975,0.860405],[99.70069,0.86663],[99.716833,0.877416],[99.732042,0.893513]]]}},{"type":"Feature","properties":{"nmkec":"Natal","nmkab":"Mandailing Natal","nmprov":"Sumatera Utara","kdkec":"060","kdkab":"02","kodekab":"1202","idkec":"1202060","index":4},"geometry":{"type":"MultiPolygon","coordinates":[[[[99.241245,0.88678],[99.243857,0.885202],[99.264233,0.885727],[99.270502,0.882571],[99.285131,0.878888],[99.29976,0.880465],[99.308119,0.878361],[99.320657,0.867841],[99.33842,0.857321],[99.367154,0.848904],[99.37917,0.842592],[99.393275,0.83365],[99.398499,0.832072],[99.407903,0.833123],[99.415037,0.839362],[99.416821,0.836463],[99.429212,0.827829],[99.431218,0.824176],[99.43189,0.819823],[99.433484,0.818317],[99.40305,0.795942],[99.399098,0.794015],[99.394871,0.794236],[99.37331,0.800304],[99.35355,0.800157],[99.322566,0.789968],[99.310146,0.780754],[99.302226,0.776613],[99.284351,0.773501],[99.281787,0.770012],[99.279895,0.763984],[99.271006,0.754147],[99.269962,0.752034],[99.270252,0.745864],[99.268153,0.742256],[99.252658,0.729981],[99.231127,0.716091],[99.230204,0.713955],[99.230395,0.709578],[99.233035,0.706389],[99.235842,0.694292],[99.238031,0.691374],[99.233049,0.689163],[99.224188,0.693776],[99.221745,0.694084],[99.219605,0.693161],[99.213801,0.6947],[99.209739,0.698765],[99.19407,0.699979],[99.175852,0.687818],[99.172059,0.668269],[99.167314,0.662343],[99.155813,0.65348],[99.160725,0.649484],[99.168887,0.646722],[99.170721,0.644877],[99.176915,0.643954],[99.181719,0.640878],[99.224017,0.634016],[99.22388,0.628574],[99.216853,0.620578],[99.215631,0.617195],[99.216242,0.61535],[99.225101,0.610121],[99.230159,0.608622],[99.226763,0.602073],[99.212588,0.584377],[99.210551,0.58039],[99.209963,0.575941],[99.214732,0.566111],[99.216265,0.564393],[99.224467,0.560105],[99.228647,0.554217],[99.224616,0.550927],[99.224771,0.548288],[99.223075,0.544756],[99.215074,0.539878],[99.202133,0.536222],[99.191611,0.524207],[99.188473,0.524176],[99.187021,0.526603],[99.182619,0.530172],[99.182848,0.515252],[99.176817,0.512316],[99.17378,0.507817],[99.166731,0.506043],[99.156157,0.500721],[99.147187,0.49392],[99.130605,0.477983],[99.129091,0.478603],[99.124551,0.487694],[99.121599,0.490692],[99.116589,0.509047],[99.114239,0.511438],[99.103967,0.508124],[99.10233,0.5041],[99.100241,0.503051],[99.094712,0.503428],[99.092061,0.50792],[99.091582,0.511106],[99.094067,0.514506],[99.094908,0.519546],[99.089631,0.525771],[99.08845,0.529717],[99.088741,0.531904],[99.089863,0.532546],[99.099709,0.528603],[99.101889,0.529151],[99.104523,0.531647],[99.107897,0.541271],[99.109948,0.555426],[99.109701,0.56435],[99.106998,0.576674],[99.101309,0.595027],[99.097689,0.603096],[99.088082,0.616888],[99.084863,0.620003],[99.078004,0.619837],[99.075089,0.621763],[99.07277,0.630489],[99.067628,0.631489],[99.06186,0.62702],[99.061143,0.624095],[99.057618,0.621481],[99.050866,0.622147],[99.04892,0.62405],[99.048775,0.635319],[99.046074,0.636389],[99.045128,0.639647],[99.046715,0.643997],[99.049416,0.645447],[99.053315,0.641238],[99.058579,0.639098],[99.0588,0.646706],[99.055207,0.651152],[99.057641,0.655218],[99.065926,0.658854],[99.064515,0.663799],[99.060639,0.668198],[99.054154,0.670815],[99.049882,0.669341],[99.048462,0.671529],[99.052536,0.674334],[99.055764,0.67809],[99.056832,0.683534],[99.061871,0.691129],[99.058754,0.706401],[99.05853,0.712036],[99.059864,0.715316],[99.060372,0.72164],[99.058075,0.737045],[99.058289,0.741831],[99.054373,0.742487],[99.047053,0.76071],[99.044259,0.761576],[99.040279,0.772056],[99.038008,0.781549],[99.035137,0.786751],[99.022292,0.800012],[99.020256,0.810593],[99.01764,0.81531],[99.013618,0.81854],[99.014494,0.819486],[99.014994,0.823703],[99.032618,0.821942],[99.049635,0.816677],[99.058143,0.815361],[99.066943,0.816063],[99.07194,0.814992],[99.0789,0.810566],[99.105046,0.806828],[99.110381,0.802373],[99.119647,0.800188],[99.124758,0.797947],[99.127928,0.796062],[99.129127,0.793707],[99.12896,0.784919],[99.132491,0.781835],[99.134604,0.782311],[99.136018,0.780232],[99.141919,0.76824],[99.146868,0.754915],[99.154673,0.750346],[99.161716,0.751869],[99.175612,0.755867],[99.186082,0.772047],[99.198074,0.78423],[99.204166,0.796222],[99.209876,0.811831],[99.209496,0.819446],[99.206714,0.825226],[99.212605,0.829832],[99.217186,0.835096],[99.219442,0.839634],[99.219442,0.845089],[99.217187,0.85352],[99.209334,0.859443],[99.208591,0.870185],[99.213261,0.874577],[99.221771,0.879183],[99.230434,0.88659],[99.236542,0.885729],[99.241245,0.88678]]],[[[99.00427,0.781014],[99.009588,0.780337],[99.007332,0.776188],[99.002827,0.777363],[99.002467,0.779481],[99.00427,0.781014]]],[[[99.037798,0.763998],[99.035687,0.765318],[99.035873,0.765955],[99.038639,0.765054],[99.037798,0.763998]]],[[[99.039255,0.762826],[99.040815,0.761711],[99.038791,0.761656],[99.039255,0.762826]]],[[[99.044687,0.760341],[99.044017,0.759355],[99.044264,0.760608],[99.044687,0.760341]]]]}},{"type":"Feature","properties":{"nmkec":"Muara Batang Gadis","nmkab":"Mandailing Natal","nmprov":"Sumatera Utara","kdkec":"070","kdkab":"02","kodekab":"1202","idkec":"1202070","index":5},"geometry":{"type":"MultiPolygon","coordinates":[[[[98.982635,1.300116],[98.984346,1.296911],[98.989309,1.292498],[98.996752,1.289015],[98.998613,1.281122],[99.001341,1.276247],[99.007048,1.271837],[99.01766,1.269403],[99.028772,1.272684],[99.032095,1.265669],[99.0291,1.26198],[99.030619,1.255785],[99.031904,1.2558],[99.03279,1.250444],[99.023023,1.239757],[99.018367,1.232781],[99.021382,1.216006],[99.022288,1.20307],[99.023816,1.200603],[99.027219,1.198306],[99.038055,1.19544],[99.039821,1.193674],[99.043854,1.19212],[99.054133,1.190762],[99.055862,1.191088],[99.057207,1.193908],[99.058617,1.194382],[99.067275,1.192969],[99.070914,1.19102],[99.069548,1.190625],[99.069107,1.189195],[99.069917,1.180546],[99.076554,1.169307],[99.078056,1.168385],[99.083407,1.168543],[99.086912,1.166435],[99.085067,1.161639],[99.085515,1.155354],[99.084329,1.153904],[99.084461,1.151954],[99.087914,1.151928],[99.089575,1.150373],[99.089258,1.147896],[99.093976,1.145761],[99.095742,1.147316],[99.093607,1.150715],[99.093818,1.153219],[99.095373,1.153614],[99.098774,1.147975],[99.095591,1.143778],[99.094543,1.139192],[99.106529,1.132629],[99.109238,1.129817],[99.104915,1.123598],[99.105337,1.121595],[99.111399,1.121595],[99.108289,1.118802],[99.107604,1.115323],[99.108974,1.112951],[99.113086,1.114901],[99.114351,1.113478],[99.112243,1.106995],[99.113508,1.105467],[99.115669,1.107839],[99.116882,1.107733],[99.116671,1.102041],[99.117409,1.100987],[99.119834,1.10104],[99.12384,1.103517],[99.12384,1.104518],[99.121679,1.104624],[99.121152,1.106416],[99.12442,1.108735],[99.126845,1.10689],[99.132802,1.108471],[99.135945,1.106613],[99.143557,1.107206],[99.147695,1.102489],[99.15168,1.101199],[99.153441,1.09847],[99.159055,1.099551],[99.160689,1.098286],[99.163524,1.098164],[99.164854,1.099261],[99.167648,1.099577],[99.168834,1.098707],[99.169915,1.092857],[99.175925,1.092857],[99.175925,1.095703],[99.179088,1.097548],[99.182145,1.098022],[99.184992,1.095281],[99.18768,1.096335],[99.190053,1.09312],[99.190211,1.08864],[99.192056,1.08806],[99.196742,1.090547],[99.199858,1.088956],[99.200649,1.087006],[99.208562,1.081427],[99.209653,1.077973],[99.208293,1.076939],[99.208135,1.074831],[99.216833,1.070008],[99.218678,1.065673],[99.215127,1.064592],[99.215056,1.061324],[99.217961,1.057658],[99.216667,1.05317],[99.221709,1.043562],[99.223264,1.042534],[99.22366,1.043378],[99.221182,1.047304],[99.221366,1.048859],[99.229538,1.049623],[99.233175,1.047252],[99.234124,1.044353],[99.235626,1.043061],[99.24045,1.04148],[99.245999,1.043423],[99.262124,1.052606],[99.264503,1.058045],[99.261556,1.064748],[99.262429,1.068138],[99.265538,1.072065],[99.267112,1.076801],[99.269396,1.097128],[99.270917,1.097571],[99.277026,1.095898],[99.280986,1.08949],[99.282076,1.084626],[99.286957,1.080394],[99.290044,1.079031],[99.298212,1.064843],[99.299967,1.06296],[99.306734,1.06032],[99.31023,1.050812],[99.315556,1.043411],[99.313923,1.023571],[99.32417,1.011544],[99.326528,1.006112],[99.327653,0.99994],[99.337597,0.994415],[99.346638,0.987609],[99.35403,0.979645],[99.361141,0.968155],[99.362797,0.966638],[99.370579,0.963417],[99.374546,0.95395],[99.380405,0.951144],[99.383587,0.940621],[99.391216,0.929544],[99.390881,0.925261],[99.386997,0.920233],[99.389218,0.913317],[99.390026,0.90522],[99.393276,0.899314],[99.403691,0.874097],[99.407078,0.87127],[99.413258,0.870002],[99.413327,0.867877],[99.409947,0.862447],[99.409619,0.855855],[99.415037,0.839362],[99.407903,0.833123],[99.398499,0.832072],[99.393275,0.83365],[99.37917,0.842592],[99.367154,0.848904],[99.33842,0.857321],[99.320657,0.867841],[99.308119,0.878361],[99.29976,0.880465],[99.285131,0.878888],[99.278862,0.879941],[99.270502,0.882571],[99.264233,0.885727],[99.243857,0.885202],[99.241245,0.88678],[99.236542,0.885729],[99.230434,0.88659],[99.221771,0.879183],[99.213261,0.874577],[99.208591,0.870185],[99.209334,0.859443],[99.217187,0.85352],[99.219442,0.845089],[99.219442,0.839634],[99.217186,0.835096],[99.212605,0.829832],[99.206714,0.825226],[99.209496,0.819446],[99.209876,0.811831],[99.204166,0.796222],[99.198074,0.78423],[99.186082,0.772047],[99.175612,0.755867],[99.154673,0.750346],[99.146868,0.754915],[99.141919,0.76824],[99.136018,0.780232],[99.134604,0.782311],[99.132491,0.781835],[99.12896,0.784919],[99.129127,0.793707],[99.127928,0.796062],[99.124758,0.797947],[99.119647,0.800188],[99.110381,0.802373],[99.105046,0.806828],[99.0789,0.810566],[99.07194,0.814992],[99.066943,0.816063],[99.058143,0.815361],[99.049635,0.816677],[99.032618,0.821942],[99.014994,0.823703],[99.014494,0.819486],[99.013618,0.81854],[99.012374,0.824328],[99.008339,0.82624],[99.006069,0.824797],[99.000717,0.823895],[98.997253,0.820132],[98.996017,0.820029],[98.992973,0.82277],[98.991618,0.828575],[98.988933,0.833005],[98.980214,0.836728],[98.971547,0.845069],[98.97357,0.846689],[98.977607,0.845123],[98.982915,0.847686],[98.985601,0.854247],[98.981925,0.87107],[98.98144,0.882511],[98.976318,0.896344],[98.973434,0.921968],[98.971092,0.929985],[98.966613,0.943079],[98.927543,1.039878],[98.928406,1.043069],[98.927958,1.048453],[98.9166,1.102232],[98.913548,1.114448],[98.909095,1.12713],[98.899421,1.148891],[98.874542,1.195568],[98.864968,1.215472],[98.863944,1.218079],[98.864416,1.219357],[98.867818,1.221592],[98.869169,1.227035],[98.86848,1.229909],[98.849439,1.265709],[98.841476,1.278517],[98.840535,1.28833],[98.843603,1.295231],[98.843749,1.297474],[98.84458,1.298769],[98.845812,1.29888],[98.848993,1.295645],[98.851236,1.28755],[98.852633,1.286009],[98.854769,1.285833],[98.855532,1.28792],[98.864939,1.279753],[98.867304,1.279238],[98.869768,1.28047],[98.869871,1.282114],[98.867765,1.281961],[98.867304,1.285608],[98.869719,1.288382],[98.874701,1.290953],[98.878142,1.294643],[98.883288,1.29817],[98.887129,1.299566],[98.902879,1.295512],[98.909948,1.28734],[98.913809,1.286142],[98.915638,1.287306],[98.925276,1.280886],[98.929815,1.279039],[98.933599,1.283072],[98.936041,1.289999],[98.943716,1.296846],[98.954261,1.297676],[98.962626,1.297056],[98.975912,1.300161],[98.982635,1.300116]]],[[[98.819408,1.265005],[98.815773,1.270213],[98.817117,1.274669],[98.818549,1.275897],[98.823653,1.276294],[98.827456,1.272664],[98.826994,1.270545],[98.823428,1.265665],[98.819408,1.265005]]],[[[98.921519,0.874446],[98.920301,0.875968],[98.921843,0.877082],[98.923052,0.876064],[98.921519,0.874446]]],[[[98.950592,0.862533],[98.948783,0.86145],[98.947962,0.861652],[98.950592,0.862533]]],[[[98.944399,0.860783],[98.943957,0.860334],[98.944093,0.860919],[98.944399,0.860783]]]]}},{"type":"Feature","properties":{"nmkec":"Siabu","nmkab":"Mandailing Natal","nmprov":"Sumatera Utara","kdkec":"080","kdkab":"02","kodekab":"1202","idkec":"1202080","index":6},"geometry":{"type":"Polygon","coordinates":[[[99.503294,1.134249],[99.509765,1.132873],[99.513862,1.129482],[99.522572,1.115652],[99.526703,1.107176],[99.538724,1.097469],[99.542716,1.092953],[99.545027,1.08707],[99.546645,1.070809],[99.54944,1.069794],[99.561785,1.068956],[99.568092,1.065559],[99.569244,1.062568],[99.567974,1.051544],[99.569527,1.041733],[99.572272,1.034566],[99.579381,1.021832],[99.539531,0.993086],[99.528426,0.988088],[99.510768,0.97626],[99.494891,0.969683],[99.481391,0.962233],[99.480083,0.952152],[99.47355,0.948646],[99.459615,0.949963],[99.451278,0.954484],[99.446844,0.951781],[99.439231,0.950249],[99.411824,0.94872],[99.402688,0.945656],[99.396597,0.941059],[99.389745,0.940293],[99.388984,0.93876],[99.385484,0.937073],[99.381825,0.945136],[99.380405,0.951144],[99.374546,0.95395],[99.370579,0.963417],[99.362797,0.966638],[99.361141,0.968155],[99.35403,0.979645],[99.344898,0.989184],[99.327653,0.99994],[99.326528,1.006112],[99.32417,1.011544],[99.313923,1.023571],[99.315408,1.043657],[99.31988,1.043371],[99.322139,1.041863],[99.324436,1.038385],[99.331103,1.035699],[99.335114,1.027288],[99.335759,1.02395],[99.337674,1.023272],[99.338562,1.024462],[99.34246,1.025772],[99.348344,1.016902],[99.355691,1.017754],[99.359056,1.020453],[99.368471,1.020214],[99.372955,1.023578],[99.374777,1.023312],[99.381381,1.016473],[99.383931,1.010819],[99.387289,1.007827],[99.391385,1.006457],[99.394397,1.007428],[99.396963,1.006882],[99.402526,1.000617],[99.419256,0.989507],[99.421955,0.985657],[99.421852,0.979638],[99.433027,0.976229],[99.440809,0.978262],[99.44278,0.980577],[99.441983,0.985589],[99.445521,0.992284],[99.45336,0.999811],[99.456149,1.000227],[99.460594,1.002769],[99.467279,1.016184],[99.466968,1.021088],[99.464244,1.023168],[99.461581,1.027405],[99.462226,1.034099],[99.464895,1.038403],[99.464645,1.040235],[99.462906,1.043956],[99.449258,1.046843],[99.442104,1.05768],[99.434769,1.06605],[99.424725,1.071216],[99.431016,1.074771],[99.433154,1.078736],[99.436899,1.080713],[99.447988,1.080272],[99.449622,1.080391],[99.450547,1.081668],[99.451198,1.084048],[99.450613,1.089315],[99.447451,1.104853],[99.44834,1.109962],[99.449194,1.109655],[99.453806,1.113247],[99.466299,1.118155],[99.473764,1.122309],[99.47777,1.122751],[99.48984,1.120626],[99.491716,1.121023],[99.495329,1.128241],[99.50062,1.133287],[99.503294,1.134249]]]}},{"type":"Feature","properties":{"nmkec":"Batang Angkola","nmkab":"Tapanuli Selatan","nmprov":"Sumatera Utara","kdkec":"010","kdkab":"03","kodekab":"1203","idkec":"1203010","index":7},"geometry":{"type":"Polygon","coordinates":[[[99.419213,1.278431],[99.417397,1.266779],[99.41896,1.260814],[99.416092,1.251717],[99.420204,1.242684],[99.426978,1.238111],[99.426826,1.233651],[99.424028,1.228827],[99.421436,1.230591],[99.411898,1.233889],[99.395693,1.235765],[99.384855,1.234881],[99.378507,1.230687],[99.37254,1.228686],[99.372826,1.223822],[99.373908,1.220285],[99.375394,1.2193],[99.375212,1.217389],[99.372144,1.216012],[99.364504,1.216492],[99.314742,1.201432],[99.302279,1.199227],[99.284766,1.199861],[99.276008,1.19671],[99.2686,1.192296],[99.264895,1.187253],[99.258162,1.182214],[99.232062,1.170552],[99.228358,1.171498],[99.217582,1.163938],[99.21152,1.157315],[99.199741,1.152072],[99.194435,1.156643],[99.189736,1.164227],[99.183067,1.17001],[99.177682,1.176319],[99.173769,1.188086],[99.166533,1.200449],[99.146218,1.241135],[99.146575,1.254698],[99.157639,1.261837],[99.178375,1.26555],[99.192974,1.252557],[99.218579,1.23412],[99.229088,1.227596],[99.235598,1.225698],[99.241308,1.222176],[99.245211,1.217703],[99.248637,1.215609],[99.252825,1.217132],[99.253682,1.221415],[99.231437,1.245285],[99.309555,1.265964],[99.317001,1.265151],[99.321363,1.2666],[99.324938,1.270736],[99.327555,1.270717],[99.330098,1.267439],[99.332294,1.268297],[99.335733,1.274631],[99.343002,1.27695],[99.347249,1.273651],[99.348369,1.273748],[99.35076,1.277084],[99.347989,1.284124],[99.359007,1.286248],[99.353221,1.296982],[99.358939,1.302335],[99.35681,1.304647],[99.356687,1.308899],[99.379572,1.350441],[99.387909,1.335221],[99.390961,1.332289],[99.392807,1.323226],[99.390831,1.314435],[99.408005,1.300067],[99.412597,1.285041],[99.419213,1.278431]]]}},{"type":"Feature","properties":{"nmkec":"Sayur Matinggi","nmkab":"Tapanuli Selatan","nmprov":"Sumatera Utara","kdkec":"011","kdkab":"03","kodekab":"1203","idkec":"1203011","index":8},"geometry":{"type":"Polygon","coordinates":[[[99.422377,1.216047],[99.428831,1.206587],[99.431616,1.188581],[99.436754,1.180876],[99.445646,1.177702],[99.452116,1.174093],[99.487383,1.143549],[99.495329,1.140223],[99.506231,1.137297],[99.50477,1.134737],[99.50062,1.133287],[99.495329,1.128241],[99.491716,1.121023],[99.48984,1.120626],[99.47777,1.122751],[99.473764,1.122309],[99.466299,1.118155],[99.453806,1.113247],[99.449194,1.109655],[99.44834,1.109962],[99.447451,1.104853],[99.450613,1.089315],[99.451198,1.084048],[99.450547,1.081668],[99.449622,1.080391],[99.447988,1.080272],[99.436899,1.080713],[99.433154,1.078736],[99.431016,1.074771],[99.424688,1.071214],[99.424727,1.075194],[99.429652,1.08101],[99.428613,1.087028],[99.430658,1.092079],[99.424611,1.105647],[99.422415,1.109377],[99.418339,1.113104],[99.41715,1.116768],[99.415215,1.118879],[99.410747,1.121629],[99.379644,1.132357],[99.357813,1.141428],[99.341364,1.14625],[99.318678,1.134909],[99.302515,1.132071],[99.296804,1.128088],[99.295782,1.118567],[99.297411,1.105417],[99.294859,1.090105],[99.292025,1.083582],[99.289026,1.079408],[99.287243,1.080208],[99.282076,1.084626],[99.280986,1.08949],[99.277026,1.095898],[99.269663,1.09749],[99.268511,1.093335],[99.267112,1.076801],[99.265538,1.072065],[99.262429,1.068138],[99.261556,1.064748],[99.263802,1.060918],[99.264465,1.057425],[99.262124,1.052606],[99.246738,1.044088],[99.237605,1.067051],[99.232894,1.075474],[99.228826,1.096916],[99.218415,1.117141],[99.207992,1.132907],[99.207344,1.144712],[99.203251,1.14844],[99.199737,1.152077],[99.21152,1.157315],[99.217582,1.163938],[99.228358,1.171498],[99.232062,1.170552],[99.258162,1.182214],[99.264895,1.187253],[99.2686,1.192296],[99.276008,1.19671],[99.284766,1.199861],[99.302279,1.199227],[99.314742,1.201432],[99.364504,1.216492],[99.372144,1.216012],[99.375212,1.217389],[99.375394,1.2193],[99.373908,1.220285],[99.372826,1.223822],[99.37254,1.228686],[99.378507,1.230687],[99.384855,1.234881],[99.395693,1.235765],[99.405497,1.234835],[99.411898,1.233889],[99.421436,1.230591],[99.424028,1.228827],[99.422094,1.227087],[99.421843,1.225336],[99.422377,1.216047]]]}},{"type":"Feature","properties":{"nmkec":"Tano Tombangan Angkola","nmkab":"Tapanuli Selatan","nmprov":"Sumatera Utara","kdkec":"012","kdkab":"03","kodekab":"1203","idkec":"1203012","index":9},"geometry":{"type":"Polygon","coordinates":[[[99.422415,1.109377],[99.430658,1.092079],[99.428613,1.087028],[99.429652,1.08101],[99.424727,1.075194],[99.424426,1.071336],[99.434769,1.06605],[99.442104,1.05768],[99.449258,1.046843],[99.46372,1.043544],[99.464895,1.038403],[99.462226,1.034099],[99.461581,1.027405],[99.464244,1.023168],[99.466968,1.021088],[99.46773,1.01841],[99.465242,1.011479],[99.460594,1.002769],[99.456149,1.000227],[99.45336,0.999811],[99.445521,0.992284],[99.441983,0.985589],[99.44278,0.980577],[99.440809,0.978262],[99.437682,0.976904],[99.43035,0.97662],[99.421852,0.979638],[99.421955,0.985657],[99.419256,0.989507],[99.402526,1.000617],[99.396963,1.006882],[99.394397,1.007428],[99.391385,1.006457],[99.387289,1.007827],[99.383931,1.010819],[99.381381,1.016473],[99.374112,1.023618],[99.368471,1.020214],[99.359056,1.020453],[99.355691,1.017754],[99.348344,1.016902],[99.34246,1.025772],[99.338562,1.024462],[99.338176,1.023412],[99.336171,1.023551],[99.331363,1.035466],[99.324436,1.038385],[99.322139,1.041863],[99.31988,1.043371],[99.315408,1.043657],[99.31023,1.050812],[99.306734,1.06032],[99.299967,1.06296],[99.298212,1.064843],[99.290044,1.079031],[99.289026,1.079408],[99.292025,1.083582],[99.294859,1.090105],[99.297411,1.105417],[99.295782,1.118567],[99.296804,1.128088],[99.302515,1.132071],[99.318678,1.134909],[99.341364,1.14625],[99.357813,1.141428],[99.379644,1.132357],[99.410747,1.121629],[99.41715,1.116768],[99.418339,1.113104],[99.422415,1.109377]]]}},{"type":"Feature","properties":{"nmkec":"Angkola Muara Tais","nmkab":"Tapanuli Selatan","nmprov":"Sumatera Utara","kdkec":"013","kdkab":"03","kodekab":"1203","idkec":"1203013","index":10},"geometry":{"type":"Polygon","coordinates":[[[99.35976,1.383838],[99.364739,1.375506],[99.368911,1.362058],[99.379572,1.350441],[99.356687,1.308899],[99.35681,1.304647],[99.358939,1.302335],[99.353221,1.296982],[99.359007,1.286248],[99.347989,1.284124],[99.35076,1.277084],[99.348369,1.273748],[99.347249,1.273651],[99.343002,1.27695],[99.335733,1.274631],[99.332294,1.268297],[99.330098,1.267439],[99.327555,1.270717],[99.324938,1.270736],[99.321363,1.2666],[99.317001,1.265151],[99.309555,1.265964],[99.231437,1.245285],[99.224665,1.255557],[99.227469,1.26448],[99.227167,1.270522],[99.23038,1.280991],[99.228474,1.333066],[99.237871,1.335341],[99.250597,1.341433],[99.269075,1.34123],[99.280572,1.337295],[99.310447,1.30396],[99.312413,1.303457],[99.317959,1.304355],[99.324935,1.30969],[99.332666,1.311409],[99.349014,1.311598],[99.350649,1.31598],[99.34075,1.350054],[99.339895,1.374825],[99.338461,1.384032],[99.347325,1.385028],[99.349889,1.384116],[99.352675,1.381483],[99.354397,1.382466],[99.355317,1.384878],[99.358448,1.386737],[99.360055,1.385761],[99.35976,1.383838]]]}},{"type":"Feature","properties":{"nmkec":"Angkola Timur","nmkab":"Tapanuli Selatan","nmprov":"Sumatera Utara","kdkec":"070","kdkab":"03","kodekab":"1203","idkec":"1203070","index":11},"geometry":{"type":"MultiPolygon","coordinates":[[[[99.406892,1.510564],[99.400912,1.505439],[99.396973,1.500115],[99.394555,1.488814],[99.394251,1.481524],[99.395871,1.476268],[99.399888,1.470902],[99.404154,1.467348],[99.405256,1.457325],[99.406963,1.451994],[99.410393,1.445491],[99.415984,1.437849],[99.420428,1.428662],[99.417904,1.423758],[99.419793,1.422038],[99.419929,1.420098],[99.418456,1.407664],[99.416564,1.405451],[99.418061,1.401535],[99.419774,1.399931],[99.419351,1.397665],[99.417594,1.396829],[99.415851,1.397661],[99.41374,1.40175],[99.408642,1.408014],[99.405404,1.414513],[99.40248,1.415501],[99.397645,1.414047],[99.39444,1.410119],[99.389388,1.414007],[99.383822,1.41269],[99.380521,1.411605],[99.376649,1.407421],[99.371685,1.406135],[99.36147,1.39313],[99.360055,1.385761],[99.358448,1.386737],[99.355317,1.384878],[99.354397,1.382466],[99.352675,1.381483],[99.349889,1.384116],[99.347325,1.385028],[99.338461,1.384032],[99.335347,1.396653],[99.327629,1.416445],[99.304068,1.440934],[99.273136,1.467694],[99.269807,1.469335],[99.263082,1.469019],[99.259436,1.472424],[99.25302,1.472727],[99.248117,1.476857],[99.243417,1.477489],[99.240605,1.476645],[99.236598,1.47045],[99.233958,1.468444],[99.221337,1.466702],[99.212888,1.466702],[99.209612,1.467424],[99.206011,1.471189],[99.203608,1.47632],[99.208956,1.477957],[99.210029,1.48222],[99.21732,1.484175],[99.219183,1.485528],[99.223134,1.490618],[99.222727,1.49546],[99.237111,1.510024],[99.257623,1.51831],[99.259436,1.517623],[99.261328,1.513899],[99.264376,1.512106],[99.271315,1.511988],[99.277834,1.508696],[99.284056,1.507738],[99.300752,1.510915],[99.303357,1.50731],[99.305931,1.506756],[99.325009,1.512933],[99.327452,1.518892],[99.336049,1.522642],[99.344824,1.523829],[99.369524,1.533518],[99.38351,1.541469],[99.395681,1.54981],[99.403246,1.559862],[99.408674,1.556753],[99.416606,1.548944],[99.419384,1.541672],[99.413409,1.528791],[99.411682,1.527112],[99.410033,1.518383],[99.406892,1.510564]]],[[[99.436683,1.464163],[99.433919,1.462013],[99.429388,1.462627],[99.418386,1.476034],[99.427612,1.479582],[99.434226,1.479438],[99.439778,1.474425],[99.440445,1.469843],[99.436683,1.464163]]]]}},{"type":"Feature","properties":{"nmkec":"Angkola Selatan","nmkab":"Tapanuli Selatan","nmprov":"Sumatera Utara","kdkec":"080","kdkab":"03","kodekab":"1203","idkec":"1203080","index":12},"geometry":{"type":"Polygon","coordinates":[[[99.208338,1.39522],[99.22883,1.395926],[99.245641,1.367812],[99.24387,1.363418],[99.269121,1.349806],[99.280572,1.337295],[99.269075,1.34123],[99.250597,1.341433],[99.237871,1.335341],[99.228474,1.333066],[99.23038,1.280991],[99.227167,1.270522],[99.227469,1.26448],[99.224665,1.255557],[99.229423,1.247528],[99.253682,1.221415],[99.252825,1.217132],[99.248637,1.215609],[99.245211,1.217703],[99.241308,1.222176],[99.235598,1.225698],[99.229088,1.227596],[99.218579,1.23412],[99.192974,1.252557],[99.178375,1.26555],[99.157639,1.261837],[99.146575,1.254698],[99.146218,1.241135],[99.166533,1.200449],[99.173769,1.188086],[99.177682,1.176319],[99.183067,1.17001],[99.189736,1.164227],[99.194435,1.156643],[99.207344,1.144712],[99.207992,1.132907],[99.218415,1.117141],[99.228826,1.096916],[99.232894,1.075474],[99.237605,1.067051],[99.246738,1.044088],[99.24045,1.04148],[99.235626,1.043061],[99.234124,1.044353],[99.233175,1.047252],[99.229538,1.049623],[99.221366,1.048859],[99.221182,1.047304],[99.22366,1.043378],[99.223264,1.042534],[99.221709,1.043562],[99.216667,1.05317],[99.217961,1.057658],[99.215056,1.061324],[99.215127,1.064592],[99.218678,1.065673],[99.216833,1.070008],[99.208135,1.074831],[99.208293,1.076939],[99.209653,1.077973],[99.208562,1.081427],[99.200649,1.087006],[99.199858,1.088956],[99.196742,1.090547],[99.192056,1.08806],[99.190211,1.08864],[99.190053,1.09312],[99.18768,1.096335],[99.184992,1.095281],[99.182145,1.098022],[99.179088,1.097548],[99.175925,1.095703],[99.175925,1.092857],[99.169915,1.092857],[99.168834,1.098707],[99.167648,1.099577],[99.164854,1.099261],[99.163524,1.098164],[99.160689,1.098286],[99.159055,1.099551],[99.153441,1.09847],[99.15168,1.101199],[99.147695,1.102489],[99.143557,1.107206],[99.135945,1.106613],[99.132802,1.108471],[99.126845,1.10689],[99.12442,1.108735],[99.121152,1.106416],[99.121679,1.104624],[99.12384,1.104518],[99.12384,1.103517],[99.119834,1.10104],[99.117409,1.100987],[99.116671,1.102041],[99.116882,1.107733],[99.115669,1.107839],[99.113508,1.105467],[99.112243,1.106995],[99.114351,1.113478],[99.113086,1.114901],[99.108974,1.112951],[99.107604,1.115323],[99.108289,1.118802],[99.111399,1.121595],[99.105337,1.121595],[99.104915,1.123598],[99.109238,1.129817],[99.106529,1.132629],[99.094543,1.139192],[99.095591,1.143778],[99.098774,1.147975],[99.095373,1.153614],[99.093818,1.153219],[99.093607,1.150715],[99.095742,1.147316],[99.093976,1.145761],[99.089258,1.147896],[99.089575,1.150373],[99.087914,1.151928],[99.084461,1.151954],[99.084329,1.153904],[99.085515,1.155354],[99.085067,1.161639],[99.086912,1.166435],[99.083407,1.168543],[99.078056,1.168385],[99.076554,1.169307],[99.069917,1.180546],[99.069107,1.189195],[99.069548,1.190625],[99.070914,1.19102],[99.067275,1.192969],[99.058617,1.194382],[99.057207,1.193908],[99.055862,1.191088],[99.049928,1.190782],[99.039821,1.193674],[99.038055,1.19544],[99.027219,1.198306],[99.023816,1.200603],[99.021985,1.203885],[99.021382,1.216006],[99.018367,1.231547],[99.019657,1.23563],[99.03279,1.250444],[99.031904,1.2558],[99.035095,1.254883],[99.052104,1.25415],[99.056189,1.256351],[99.060657,1.255875],[99.067658,1.263096],[99.068885,1.265745],[99.068842,1.269862],[99.072844,1.274693],[99.077845,1.278767],[99.077357,1.285222],[99.067932,1.300569],[99.077232,1.309438],[99.079613,1.316319],[99.071535,1.319035],[99.066307,1.318693],[99.063,1.321667],[99.054767,1.325015],[99.054895,1.328688],[99.05762,1.332259],[99.07311,1.347858],[99.087425,1.359435],[99.107217,1.363241],[99.126547,1.365297],[99.144233,1.374767],[99.145582,1.370104],[99.155438,1.370935],[99.159747,1.368069],[99.169694,1.373398],[99.171647,1.381053],[99.181861,1.388366],[99.20212,1.396109],[99.208338,1.39522]]]}},{"type":"Feature","properties":{"nmkec":"Angkola Sangkunur","nmkab":"Tapanuli Selatan","nmprov":"Sumatera Utara","kdkec":"091","kdkab":"03","kodekab":"1203","idkec":"1203091","index":13},"geometry":{"type":"Polygon","coordinates":[[[99.019122,1.453067],[99.018346,1.446426],[99.020792,1.442316],[99.019827,1.432999],[99.023628,1.423103],[99.026839,1.425874],[99.030186,1.426598],[99.035169,1.423629],[99.043927,1.423859],[99.047918,1.429713],[99.049327,1.430332],[99.05374,1.428988],[99.054828,1.436811],[99.056772,1.441724],[99.058991,1.443646],[99.06126,1.442386],[99.065691,1.444913],[99.070444,1.448203],[99.071749,1.450379],[99.082923,1.445816],[99.084662,1.441817],[99.086904,1.440191],[99.095712,1.438573],[99.100128,1.439429],[99.099591,1.441312],[99.100224,1.442152],[99.103803,1.44234],[99.105435,1.441167],[99.105542,1.437712],[99.102068,1.434398],[99.098626,1.433919],[99.094914,1.431992],[99.093296,1.428946],[99.093617,1.425698],[99.099435,1.421486],[99.107185,1.418463],[99.116922,1.408304],[99.117661,1.399187],[99.11,1.389792],[99.110856,1.381036],[99.106098,1.37266],[99.105583,1.368895],[99.107217,1.363241],[99.087425,1.359435],[99.063302,1.338683],[99.060181,1.333995],[99.054895,1.328688],[99.054767,1.325015],[99.063,1.321667],[99.066307,1.318693],[99.071535,1.319035],[99.079613,1.316319],[99.077232,1.309438],[99.067932,1.300569],[99.077357,1.285222],[99.077845,1.278767],[99.072844,1.274693],[99.068842,1.269862],[99.06873,1.265276],[99.063477,1.25867],[99.060657,1.255875],[99.056189,1.256351],[99.053347,1.254233],[99.030619,1.255785],[99.0291,1.26198],[99.032095,1.265669],[99.028772,1.272684],[99.01766,1.269403],[99.007048,1.271837],[99.001341,1.276247],[98.998613,1.281122],[98.996752,1.289015],[98.989309,1.292498],[98.984346,1.296911],[98.982611,1.300161],[98.975912,1.300161],[98.962626,1.297056],[98.954261,1.297676],[98.943716,1.296846],[98.936041,1.289999],[98.933599,1.283072],[98.929815,1.279039],[98.925276,1.280886],[98.915638,1.287306],[98.913809,1.286142],[98.909948,1.28734],[98.905066,1.292154],[98.908145,1.294568],[98.90981,1.299469],[98.913308,1.30424],[98.917669,1.305371],[98.920704,1.304375],[98.922738,1.30629],[98.937289,1.326658],[98.942654,1.328978],[98.948627,1.328253],[98.951054,1.328907],[98.9573,1.336176],[98.96959,1.345446],[98.974957,1.350677],[98.974813,1.354738],[98.971896,1.363375],[98.968284,1.368329],[98.959106,1.373371],[98.954866,1.380323],[98.954793,1.383277],[98.961431,1.387003],[98.964701,1.390515],[98.965201,1.393889],[98.971282,1.397611],[98.974452,1.402394],[98.97715,1.403207],[98.983703,1.400723],[98.986738,1.402694],[98.993939,1.403393],[98.999008,1.406691],[99.00005,1.409004],[99.000151,1.415986],[99.002905,1.42378],[98.995791,1.435004],[98.994047,1.441401],[98.994494,1.443385],[98.996672,1.446574],[99.002012,1.444941],[99.006481,1.445943],[99.013769,1.452423],[99.019122,1.453067]]]}},{"type":"Feature","properties":{"nmkec":"Batang Toru","nmkab":"Tapanuli Selatan","nmprov":"Sumatera Utara","kdkec":"100","kdkab":"03","kodekab":"1203","idkec":"1203100","index":14},"geometry":{"type":"Polygon","coordinates":[[[99.05113,1.700746],[99.061811,1.69975],[99.068659,1.69711],[99.077398,1.699376],[99.081924,1.692543],[99.085792,1.6896],[99.08976,1.681328],[99.097627,1.672865],[99.106104,1.660035],[99.110985,1.65582],[99.116348,1.648936],[99.122643,1.646773],[99.130798,1.640555],[99.142609,1.639935],[99.162606,1.663825],[99.167615,1.653178],[99.176948,1.643356],[99.177686,1.639822],[99.175259,1.638883],[99.174593,1.634183],[99.178203,1.633276],[99.1797,1.630331],[99.179263,1.627697],[99.176306,1.626767],[99.175374,1.622163],[99.176653,1.613738],[99.176196,1.608617],[99.173341,1.603639],[99.170781,1.602849],[99.168524,1.603595],[99.165812,1.601285],[99.16487,1.598254],[99.167368,1.59447],[99.167763,1.589154],[99.169775,1.581907],[99.167315,1.57456],[99.152352,1.554869],[99.149917,1.549944],[99.149354,1.544806],[99.142624,1.541585],[99.141853,1.539845],[99.141294,1.535314],[99.143828,1.528006],[99.140533,1.515645],[99.131743,1.514993],[99.127691,1.512138],[99.122317,1.503728],[99.111749,1.497908],[99.111529,1.492048],[99.108171,1.491055],[99.101714,1.491036],[99.10076,1.490094],[99.108168,1.485177],[99.112791,1.484418],[99.130522,1.484414],[99.139999,1.47194],[99.147193,1.466211],[99.158049,1.4667],[99.167153,1.468859],[99.178239,1.468602],[99.184575,1.464253],[99.190469,1.463163],[99.178637,1.452878],[99.172384,1.45128],[99.167513,1.450845],[99.165719,1.454089],[99.161757,1.456802],[99.157081,1.456873],[99.149336,1.452555],[99.144899,1.448445],[99.1401,1.448759],[99.136904,1.450212],[99.133921,1.449484],[99.127378,1.443936],[99.115091,1.438775],[99.114943,1.437269],[99.111451,1.434333],[99.102068,1.434398],[99.106033,1.438928],[99.105137,1.441689],[99.103803,1.44234],[99.100224,1.442152],[99.099591,1.441312],[99.100128,1.439429],[99.095712,1.438573],[99.086904,1.440191],[99.084662,1.441817],[99.082923,1.445816],[99.071749,1.450379],[99.070444,1.448203],[99.065691,1.444913],[99.06126,1.442386],[99.058991,1.443646],[99.056772,1.441724],[99.054828,1.436811],[99.05374,1.428988],[99.049327,1.430332],[99.047918,1.429713],[99.043927,1.423859],[99.035169,1.423629],[99.030186,1.426598],[99.026839,1.425874],[99.023628,1.423103],[99.019827,1.432999],[99.020792,1.442316],[99.018346,1.446426],[99.019122,1.453067],[99.016852,1.455864],[99.014069,1.46552],[99.007448,1.467099],[99.004197,1.473066],[99.006594,1.474703],[99.009674,1.479159],[99.00963,1.490783],[99.01246,1.49665],[99.012168,1.5001],[99.010479,1.502443],[99.000655,1.503875],[99.000142,1.50254],[98.998179,1.502735],[98.994956,1.508777],[98.991182,1.512865],[98.989374,1.513646],[98.989725,1.521095],[98.991219,1.525156],[99.010299,1.537946],[99.034959,1.544569],[99.0562,1.544461],[99.062374,1.55285],[99.065595,1.559156],[99.065595,1.568414],[99.056915,1.587618],[99.055557,1.600776],[99.058112,1.629629],[99.056381,1.641663],[99.057412,1.64437],[99.058198,1.656595],[99.06028,1.667485],[99.053202,1.695931],[99.05182,1.696072],[99.050432,1.698655],[99.05113,1.700746]]]}},{"type":"Feature","properties":{"nmkec":"Marancar","nmkab":"Tapanuli Selatan","nmprov":"Sumatera Utara","kdkec":"101","kdkab":"03","kodekab":"1203","idkec":"1203101","index":15},"geometry":{"type":"Polygon","coordinates":[[[99.211728,1.557084],[99.215836,1.555069],[99.222266,1.55716],[99.234698,1.556313],[99.239975,1.55495],[99.250429,1.554296],[99.254305,1.55197],[99.257322,1.548697],[99.259893,1.542849],[99.258577,1.522036],[99.259436,1.517623],[99.256625,1.518137],[99.243104,1.511853],[99.237111,1.510024],[99.222727,1.49546],[99.223134,1.490618],[99.219183,1.485528],[99.21732,1.484175],[99.209744,1.482037],[99.208956,1.477957],[99.200841,1.475962],[99.195686,1.470654],[99.190468,1.463162],[99.184575,1.464253],[99.178239,1.468602],[99.167153,1.468859],[99.158049,1.4667],[99.147193,1.466211],[99.139999,1.47194],[99.130522,1.484414],[99.112791,1.484418],[99.108168,1.485177],[99.100988,1.489301],[99.101714,1.491036],[99.108171,1.491055],[99.111529,1.492048],[99.111749,1.497908],[99.122317,1.503728],[99.127691,1.512138],[99.131743,1.514993],[99.140533,1.515645],[99.143828,1.528006],[99.141294,1.535314],[99.142624,1.541585],[99.149411,1.544998],[99.153989,1.541541],[99.156998,1.541856],[99.172987,1.53722],[99.173498,1.541313],[99.17584,1.544813],[99.179896,1.544866],[99.184291,1.543062],[99.1888,1.543746],[99.194933,1.552595],[99.206112,1.557704],[99.211728,1.557084]]]}},{"type":"Feature","properties":{"nmkec":"Saipar Dolok Hole","nmkab":"Tapanuli Selatan","nmprov":"Sumatera Utara","kdkec":"160","kdkab":"03","kodekab":"1203","idkec":"1203160","index":16},"geometry":{"type":"Polygon","coordinates":[[[99.457407,1.884924],[99.472696,1.882578],[99.498079,1.8836],[99.524073,1.879827],[99.558663,1.884803],[99.559901,1.8719],[99.551381,1.866717],[99.544905,1.865126],[99.544106,1.863103],[99.544861,1.861304],[99.554492,1.85304],[99.562289,1.833677],[99.567041,1.826548],[99.570048,1.815888],[99.570766,1.808659],[99.565657,1.779093],[99.565481,1.759034],[99.564123,1.755118],[99.556903,1.748542],[99.553187,1.743568],[99.551158,1.734786],[99.553679,1.729898],[99.55197,1.726194],[99.550381,1.725357],[99.550432,1.716402],[99.54694,1.713094],[99.535432,1.707386],[99.532343,1.707845],[99.528836,1.709923],[99.52234,1.710791],[99.518893,1.706666],[99.510578,1.703093],[99.508223,1.703108],[99.50601,1.704695],[99.502642,1.710322],[99.501632,1.715227],[99.502209,1.723619],[99.500958,1.727274],[99.498554,1.729944],[99.487677,1.731161],[99.467714,1.731585],[99.460466,1.733606],[99.453814,1.732595],[99.449892,1.730459],[99.446028,1.730337],[99.42898,1.73723],[99.420065,1.739489],[99.418047,1.742697],[99.414244,1.74531],[99.408548,1.743719],[99.401766,1.743944],[99.382696,1.746855],[99.373606,1.743765],[99.370874,1.743883],[99.369566,1.746084],[99.364752,1.747152],[99.359583,1.746618],[99.34984,1.75226],[99.328991,1.758142],[99.306709,1.759367],[99.294441,1.758784],[99.265238,1.754438],[99.241659,1.755494],[99.239945,1.757372],[99.237609,1.761732],[99.237558,1.774599],[99.240091,1.7852],[99.245039,1.796373],[99.245363,1.80092],[99.235598,1.817141],[99.235426,1.822042],[99.236803,1.824881],[99.243082,1.829782],[99.268267,1.822965],[99.292813,1.826134],[99.300435,1.828699],[99.302524,1.830852],[99.297983,1.841974],[99.297243,1.847216],[99.29907,1.848402],[99.308867,1.85058],[99.320486,1.850874],[99.322664,1.845484],[99.327559,1.843061],[99.336442,1.845383],[99.33943,1.849813],[99.349039,1.856592],[99.350576,1.86199],[99.349867,1.868792],[99.354891,1.878508],[99.355846,1.884707],[99.35433,1.889509],[99.344542,1.894648],[99.340258,1.898623],[99.339203,1.904173],[99.349878,1.907587],[99.35457,1.91128],[99.356611,1.914797],[99.360033,1.927916],[99.363104,1.930986],[99.363515,1.934146],[99.376677,1.925798],[99.396654,1.916624],[99.408785,1.913973],[99.411947,1.911734],[99.418917,1.909227],[99.431822,1.908777],[99.437204,1.907495],[99.450373,1.899706],[99.457407,1.884924]]]}},{"type":"Feature","properties":{"nmkec":"Pinang Sori","nmkab":"Tapanuli Tengah","nmprov":"Sumatera Utara","kdkec":"010","kdkab":"04","kodekab":"1204","idkec":"1204010","index":17},"geometry":{"type":"Polygon","coordinates":[[[98.949912,1.615262],[98.948718,1.611469],[98.941459,1.59823],[98.934447,1.5947],[98.933156,1.59156],[98.942278,1.585308],[98.952418,1.56858],[98.943417,1.564599],[98.94783,1.554764],[98.937117,1.557029],[98.931481,1.546621],[98.923459,1.537531],[98.91957,1.536847],[98.91537,1.538419],[98.910544,1.536139],[98.902854,1.530373],[98.893238,1.518642],[98.892964,1.51709],[98.885894,1.511463],[98.882551,1.502261],[98.879189,1.498908],[98.872592,1.49754],[98.848673,1.483805],[98.848674,1.480414],[98.832006,1.474971],[98.803381,1.470762],[98.773353,1.471162],[98.768857,1.483971],[98.789612,1.485289],[98.797932,1.491596],[98.80162,1.50004],[98.805692,1.505967],[98.838948,1.499166],[98.838351,1.532745],[98.850848,1.542866],[98.860338,1.548126],[98.866468,1.553037],[98.866247,1.556443],[98.871733,1.575434],[98.881474,1.579483],[98.884249,1.582971],[98.884263,1.601396],[98.892564,1.6097],[98.901655,1.613766],[98.906216,1.613759],[98.909654,1.614948],[98.924784,1.623209],[98.948101,1.640594],[98.949912,1.615262]]]}},{"type":"Feature","properties":{"nmkec":"Sibabangun","nmkab":"Tapanuli Tengah","nmprov":"Sumatera Utara","kdkec":"020","kdkab":"04","kodekab":"1204","idkec":"1204020","index":18},"geometry":{"type":"Polygon","coordinates":[[[99.060234,1.668163],[99.057412,1.64437],[99.056381,1.641663],[99.058112,1.629629],[99.055557,1.600776],[99.056915,1.587618],[99.065595,1.568414],[99.065595,1.559156],[99.062374,1.55285],[99.0562,1.544461],[99.034959,1.544569],[99.010299,1.537946],[98.991219,1.525156],[98.989725,1.521095],[98.989374,1.513646],[98.991182,1.512865],[98.994956,1.508777],[98.998179,1.502735],[99.000142,1.50254],[99.000655,1.503875],[99.010479,1.502443],[99.011903,1.500843],[99.01246,1.49665],[99.00963,1.490783],[99.009674,1.479159],[99.006594,1.474703],[99.004197,1.473066],[98.995882,1.474003],[98.991069,1.469797],[98.986356,1.471592],[98.982808,1.471327],[98.978256,1.469824],[98.974029,1.465192],[98.971913,1.465872],[98.970562,1.465309],[98.967095,1.472801],[98.965331,1.472958],[98.961338,1.471183],[98.95527,1.474889],[98.953091,1.481121],[98.953507,1.489251],[98.939578,1.49007],[98.941313,1.49391],[98.948129,1.49614],[98.950359,1.50221],[98.950615,1.505758],[98.950035,1.509036],[98.943899,1.513457],[98.948208,1.515549],[98.948191,1.518776],[98.947435,1.523314],[98.942604,1.536187],[98.948197,1.540642],[98.95059,1.547066],[98.959019,1.558739],[98.962334,1.559125],[98.966566,1.579366],[98.973602,1.601728],[98.976985,1.632944],[98.977786,1.649688],[98.976856,1.661291],[98.987402,1.65978],[98.993148,1.660681],[98.993896,1.671082],[98.997481,1.671514],[99.002492,1.683083],[99.004567,1.684403],[99.00976,1.692088],[99.014792,1.694243],[99.018721,1.697539],[99.027878,1.700865],[99.038121,1.710049],[99.049712,1.696172],[99.053202,1.695931],[99.060234,1.668163]]]}},{"type":"Feature","properties":{"nmkec":"Sukabangun","nmkab":"Tapanuli Tengah","nmprov":"Sumatera Utara","kdkec":"022","kdkab":"04","kodekab":"1204","idkec":"1204022","index":19},"geometry":{"type":"MultiPolygon","coordinates":[[[[98.953091,1.481121],[98.95527,1.474889],[98.961338,1.471183],[98.965331,1.472958],[98.967095,1.472801],[98.970562,1.465309],[98.971913,1.465872],[98.972968,1.460532],[98.988168,1.461042],[98.989884,1.455848],[98.989477,1.454655],[98.987723,1.45378],[98.97932,1.455272],[98.97518,1.456214],[98.974619,1.458155],[98.973041,1.45838],[98.971079,1.453989],[98.971998,1.452378],[98.969845,1.446524],[98.963214,1.44764],[98.957714,1.441859],[98.953922,1.442075],[98.946706,1.445054],[98.943511,1.442713],[98.942823,1.439627],[98.944291,1.436055],[98.942951,1.43472],[98.93046,1.440944],[98.927719,1.447264],[98.924899,1.448632],[98.918292,1.44535],[98.914433,1.446065],[98.903702,1.440891],[98.90033,1.447876],[98.897161,1.446472],[98.89443,1.447468],[98.895244,1.44989],[98.892253,1.454368],[98.892544,1.457104],[98.895614,1.468549],[98.901075,1.477941],[98.925346,1.479914],[98.936684,1.478245],[98.942214,1.479637],[98.947376,1.483254],[98.953091,1.481121]]],[[[98.983323,1.444511],[98.973083,1.439118],[98.970324,1.439348],[98.968025,1.441399],[98.969909,1.444075],[98.977117,1.445033],[98.980947,1.447526],[98.986454,1.449423],[98.986901,1.448552],[98.983323,1.444511]]]]}},{"type":"Feature","properties":{"nmkec":"Pandan","nmkab":"Tapanuli Tengah","nmprov":"Sumatera Utara","kdkec":"030","kdkab":"04","kodekab":"1204","idkec":"1204030","index":20},"geometry":{"type":"Polygon","coordinates":[[[98.88727,1.753499],[98.897697,1.748864],[98.905941,1.748864],[98.904733,1.741126],[98.896089,1.732514],[98.885111,1.728077],[98.876207,1.731034],[98.863241,1.725727],[98.859654,1.72153],[98.852667,1.716583],[98.852462,1.713174],[98.841909,1.693455],[98.839218,1.690041],[98.83945,1.684067],[98.841478,1.677158],[98.850867,1.675181],[98.851932,1.673915],[98.855704,1.663252],[98.855598,1.659598],[98.853047,1.654891],[98.853103,1.653238],[98.864392,1.643224],[98.856678,1.639678],[98.847044,1.633222],[98.839445,1.635286],[98.840445,1.639119],[98.838977,1.645112],[98.834681,1.651176],[98.827083,1.659379],[98.819638,1.661641],[98.819991,1.663179],[98.827879,1.66409],[98.827812,1.668966],[98.825101,1.677799],[98.811395,1.689232],[98.812492,1.693158],[98.816393,1.696469],[98.818612,1.703289],[98.821872,1.70822],[98.822474,1.713346],[98.821262,1.71753],[98.8268,1.723821],[98.825805,1.725771],[98.827035,1.727661],[98.836067,1.729025],[98.840724,1.734793],[98.845257,1.737594],[98.856582,1.737425],[98.867009,1.740984],[98.873425,1.746814],[98.878728,1.746985],[98.885598,1.751422],[98.88727,1.753499]]]}},{"type":"Feature","properties":{"nmkec":"Sarudik","nmkab":"Tapanuli Tengah","nmprov":"Sumatera Utara","kdkec":"032","kdkab":"04","kodekab":"1204","idkec":"1204032","index":21},"geometry":{"type":"Polygon","coordinates":[[[98.86701,1.777394],[98.868746,1.762539],[98.87207,1.75708],[98.879357,1.754629],[98.883408,1.755255],[98.88727,1.753499],[98.886866,1.752502],[98.878728,1.746985],[98.873425,1.746814],[98.867009,1.740984],[98.856582,1.737425],[98.845257,1.737594],[98.840724,1.734793],[98.836067,1.729025],[98.827035,1.727661],[98.825805,1.725771],[98.8268,1.723821],[98.821262,1.71753],[98.822474,1.713346],[98.821872,1.70822],[98.818612,1.703289],[98.816393,1.696469],[98.812492,1.693158],[98.811395,1.689232],[98.807481,1.689154],[98.801681,1.685384],[98.794794,1.68283],[98.791168,1.687572],[98.786926,1.691197],[98.786817,1.695232],[98.785004,1.70046],[98.781742,1.700946],[98.781016,1.704594],[98.783795,1.705445],[98.784278,1.709458],[98.780774,1.712133],[98.780411,1.715902],[98.785056,1.722661],[98.791476,1.720151],[98.794217,1.720301],[98.804602,1.726722],[98.806807,1.729268],[98.807689,1.731097],[98.804753,1.739413],[98.802301,1.740302],[98.799186,1.743844],[98.825142,1.760274],[98.827654,1.763855],[98.831573,1.765826],[98.856747,1.771992],[98.86701,1.777394]]]}},{"type":"Feature","properties":{"nmkec":"Tapian Nauli","nmkab":"Tapanuli Tengah","nmprov":"Sumatera Utara","kdkec":"040","kdkab":"04","kodekab":"1204","idkec":"1204040","index":22},"geometry":{"type":"MultiPolygon","coordinates":[[[[98.468712,1.704416],[98.482099,1.703431],[98.492832,1.696392],[98.490643,1.684334],[98.496302,1.683627],[98.500688,1.685324],[98.504225,1.683627],[98.506772,1.680516],[98.50564,1.677121],[98.497436,1.671125],[98.493306,1.665406],[98.493774,1.659773],[98.491909,1.656016],[98.497042,1.653201],[98.504039,1.656489],[98.505439,1.654142],[98.504974,1.649447],[98.510572,1.64804],[98.525501,1.648983],[98.528302,1.644288],[98.534367,1.641003],[98.543229,1.651804],[98.539029,1.65462],[98.546958,1.66542],[98.547889,1.67387],[98.545088,1.681851],[98.550221,1.679505],[98.553021,1.676689],[98.556287,1.676689],[98.560019,1.678099],[98.564686,1.671057],[98.571684,1.670589],[98.571685,1.665425],[98.566132,1.650496],[98.56998,1.648444],[98.576477,1.647705],[98.580078,1.650513],[98.579152,1.655567],[98.58055,1.660732],[98.587081,1.665898],[98.589881,1.662612],[98.586149,1.657447],[98.586152,1.64571],[98.600616,1.638201],[98.600617,1.633506],[98.605749,1.63069],[98.60715,1.627404],[98.610417,1.618484],[98.610885,1.61332],[98.605287,1.611441],[98.598298,1.621283],[98.584757,1.624583],[98.579625,1.622704],[98.580093,1.618478],[98.578227,1.614722],[98.573094,1.618946],[98.568429,1.618476],[98.563765,1.615188],[98.556364,1.618221],[98.538938,1.616171],[98.471404,1.629617],[98.464952,1.635363],[98.463336,1.635118],[98.456686,1.637522],[98.450319,1.642331],[98.443245,1.649685],[98.440698,1.66015],[98.439566,1.674293],[98.44084,1.679384],[98.445367,1.681788],[98.449806,1.688192],[98.455973,1.702016],[98.461307,1.702322],[98.464185,1.703992],[98.468712,1.704416]]],[[[98.773788,1.838502],[98.774228,1.833639],[98.779453,1.828247],[98.783875,1.819082],[98.782244,1.816391],[98.791655,1.808604],[98.794835,1.802422],[98.800675,1.798765],[98.794862,1.79384],[98.792278,1.757448],[98.788467,1.756531],[98.768909,1.756386],[98.768285,1.760682],[98.758921,1.764768],[98.752551,1.764316],[98.745942,1.772293],[98.742071,1.781855],[98.738194,1.781549],[98.738483,1.778043],[98.735016,1.775948],[98.727905,1.774475],[98.72526,1.778024],[98.715543,1.783],[98.707145,1.785553],[98.698926,1.776996],[98.699197,1.774091],[98.697876,1.770874],[98.695313,1.770874],[98.691723,1.772705],[98.685269,1.774089],[98.678621,1.774406],[98.671335,1.773027],[98.66892,1.769728],[98.669956,1.767819],[98.672608,1.767185],[98.675102,1.769281],[98.68105,1.766762],[98.681471,1.768355],[98.680416,1.769841],[98.681687,1.77164],[98.684965,1.771988],[98.688244,1.767996],[98.693164,1.769771],[98.702258,1.769208],[98.707218,1.765386],[98.717896,1.753906],[98.72168,1.757106],[98.728027,1.765908],[98.72963,1.767289],[98.731636,1.766657],[98.730087,1.758288],[98.728851,1.757214],[98.731984,1.753575],[98.736096,1.753509],[98.73295,1.748119],[98.730357,1.740018],[98.727632,1.73632],[98.728668,1.73146],[98.731281,1.728758],[98.734253,1.731273],[98.739406,1.731732],[98.736043,1.720496],[98.732802,1.717178],[98.730755,1.718459],[98.727905,1.718323],[98.726535,1.716016],[98.723159,1.715803],[98.720731,1.718988],[98.710284,1.724826],[98.685065,1.734485],[98.67923,1.73851],[98.672539,1.74604],[98.658093,1.772326],[98.669531,1.779954],[98.688379,1.789377],[98.695148,1.790757],[98.697279,1.78895],[98.697293,1.787212],[98.699549,1.7857],[98.701427,1.785335],[98.704356,1.786428],[98.705786,1.791079],[98.709828,1.794005],[98.729549,1.805186],[98.732032,1.805782],[98.744895,1.819275],[98.758299,1.837932],[98.769888,1.84991],[98.775008,1.850252],[98.773388,1.8479],[98.779381,1.844698],[98.78377,1.843586],[98.773788,1.838502]]],[[[98.57281,1.611808],[98.572754,1.604635],[98.583518,1.601104],[98.587891,1.594828],[98.587722,1.593819],[98.578753,1.594099],[98.571521,1.596901],[98.56883,1.599423],[98.567092,1.603458],[98.564233,1.605419],[98.564233,1.61164],[98.567428,1.614386],[98.571016,1.613209],[98.57281,1.611808]]],[[[98.593777,1.579024],[98.594786,1.57796],[98.59075,1.571515],[98.58548,1.570058],[98.57864,1.565799],[98.577239,1.567704],[98.576678,1.571683],[98.577687,1.57639],[98.57965,1.57852],[98.582453,1.578856],[98.584247,1.577455],[98.593777,1.579024]]],[[[98.520841,1.578856],[98.537883,1.574037],[98.538724,1.568208],[98.537435,1.567704],[98.532782,1.569105],[98.520785,1.574653],[98.518094,1.577007],[98.517925,1.580313],[98.519495,1.580201],[98.520841,1.578856]]]]}},{"type":"Feature","properties":{"nmkec":"Andam Dewi","nmkab":"Tapanuli Tengah","nmprov":"Sumatera Utara","kdkec":"072","kdkab":"04","kodekab":"1204","idkec":"1204072","index":23},"geometry":{"type":"MultiPolygon","coordinates":[[[[98.396862,2.117248],[98.417472,2.113029],[98.426175,2.108988],[98.438204,2.102041],[98.444895,2.097683],[98.449702,2.092661],[98.458518,2.090661],[98.468163,2.096329],[98.46803,2.088343],[98.4666,2.085334],[98.465147,2.083054],[98.459989,2.079329],[98.450235,2.075015],[98.43877,2.065772],[98.423073,2.063922],[98.417747,2.062353],[98.413486,2.062913],[98.401987,2.067594],[98.40041,2.067304],[98.401503,2.064615],[98.398155,2.059112],[98.398251,2.056877],[98.395547,2.054617],[98.391779,2.042978],[98.391279,2.040064],[98.392231,2.03576],[98.388156,2.031638],[98.387615,2.029154],[98.391119,2.023107],[98.391307,2.019146],[98.384973,2.01017],[98.377512,2.014468],[98.374452,2.015069],[98.371631,2.013222],[98.362811,2.003995],[98.358212,2.002935],[98.357682,2.004808],[98.364087,2.011472],[98.365746,2.014777],[98.367126,2.018524],[98.366969,2.021312],[98.364515,2.026179],[98.356478,2.034797],[98.346964,2.042678],[98.34231,2.045784],[98.339462,2.046254],[98.342224,2.047826],[98.344491,2.051022],[98.349344,2.061729],[98.351079,2.063763],[98.363577,2.071817],[98.366892,2.080828],[98.373791,2.088728],[98.372269,2.095735],[98.372321,2.100903],[98.389331,2.110166],[98.396862,2.117248]]],[[[98.333612,2.044405],[98.332726,2.044101],[98.334554,2.044882],[98.333612,2.044405]]]]}},{"type":"Feature","properties":{"nmkec":"Manduamas","nmkab":"Tapanuli Tengah","nmprov":"Sumatera Utara","kdkec":"080","kdkab":"04","kodekab":"1204","idkec":"1204080","index":24},"geometry":{"type":"MultiPolygon","coordinates":[[[[98.197291,2.31171],[98.230907,2.288547],[98.247162,2.280002],[98.25257,2.275806],[98.26198,2.266156],[98.269485,2.241803],[98.267251,2.232873],[98.268067,2.220899],[98.279778,2.22252],[98.282775,2.208989],[98.282417,2.204467],[98.283918,2.200115],[98.275435,2.187999],[98.280064,2.184267],[98.29185,2.177526],[98.299204,2.16625],[98.303823,2.161323],[98.306927,2.159811],[98.323395,2.158464],[98.32586,2.155987],[98.322571,2.150758],[98.309136,2.142755],[98.286513,2.142641],[98.276813,2.137087],[98.26431,2.133433],[98.262063,2.129255],[98.264759,2.12276],[98.259896,2.123146],[98.255368,2.121856],[98.252308,2.119293],[98.254068,2.109847],[98.277844,2.088547],[98.27875,2.085122],[98.278482,2.079766],[98.291368,2.060643],[98.314293,2.042043],[98.312637,2.039645],[98.312561,2.034461],[98.31032,2.03277],[98.309117,2.03277],[98.302043,2.039203],[98.294957,2.042872],[98.291023,2.04416],[98.287025,2.044196],[98.281319,2.042519],[98.278769,2.039978],[98.278072,2.037066],[98.280614,2.03268],[98.279519,2.02956],[98.276354,2.028827],[98.271226,2.029397],[98.264118,2.027276],[98.26297,2.028434],[98.263142,2.030618],[98.26732,2.031459],[98.269978,2.034068],[98.271208,2.036419],[98.272058,2.042578],[98.269074,2.051042],[98.260925,2.064162],[98.255547,2.069519],[98.243134,2.075626],[98.233818,2.08754],[98.223618,2.096766],[98.208801,2.106041],[98.187065,2.115489],[98.177377,2.125134],[98.171328,2.1298],[98.161035,2.142136],[98.148054,2.149311],[98.144092,2.153305],[98.135745,2.15889],[98.13005,2.165465],[98.157539,2.206381],[98.178767,2.239955],[98.17856,2.242469],[98.174138,2.249501],[98.178552,2.254086],[98.181337,2.259099],[98.188006,2.295759],[98.197291,2.31171]]],[[[98.179853,2.099331],[98.181957,2.095548],[98.180719,2.092261],[98.178986,2.091625],[98.175696,2.092615],[98.173433,2.095867],[98.174618,2.098606],[98.179853,2.099331]]]]}},{"type":"Feature","properties":{"nmkec":"Muara","nmkab":"Tapanuli Utara","nmprov":"Sumatera Utara","kdkec":"180","kdkab":"05","kodekab":"1205","idkec":"1205180","index":25},"geometry":{"type":"MultiPolygon","coordinates":[[[[98.938659,2.355648],[98.937191,2.345108],[98.938708,2.344438],[98.944624,2.346133],[98.944625,2.342718],[98.947581,2.337434],[98.949059,2.335413],[98.953336,2.333393],[98.961192,2.336501],[98.961307,2.338695],[98.96261,2.339334],[98.965142,2.335013],[98.967986,2.333651],[98.972727,2.336328],[98.9816,2.332041],[98.983258,2.332918],[98.986746,2.339061],[98.993266,2.306485],[98.989475,2.300173],[98.98908,2.291368],[98.993767,2.278593],[99.00278,2.273684],[99.005299,2.268586],[99.002665,2.255869],[98.996591,2.258313],[98.992731,2.262597],[98.98742,2.265646],[98.981764,2.27291],[98.956523,2.26685],[98.962036,2.269403],[98.963237,2.278558],[98.961961,2.284049],[98.963629,2.289766],[98.959713,2.300694],[98.953621,2.309438],[98.951654,2.317995],[98.942417,2.320172],[98.937388,2.323712],[98.927338,2.324804],[98.91676,2.322834],[98.910852,2.32492],[98.900124,2.326931],[98.893782,2.325489],[98.888441,2.329602],[98.886014,2.335765],[98.880482,2.333455],[98.874079,2.332204],[98.866254,2.334766],[98.865514,2.334146],[98.86272,2.33906],[98.858278,2.335992],[98.855308,2.338325],[98.856855,2.342376],[98.857053,2.348382],[98.858609,2.349489],[98.865862,2.349781],[98.866883,2.347937],[98.866299,2.343928],[98.869961,2.340385],[98.873701,2.339373],[98.878868,2.343443],[98.888251,2.344487],[98.894485,2.341009],[98.896881,2.335636],[98.899755,2.333247],[98.901987,2.333293],[98.904791,2.339833],[98.906838,2.339961],[98.908411,2.342088],[98.909302,2.347197],[98.910391,2.34809],[98.913463,2.34809],[98.919625,2.354367],[98.923171,2.355237],[98.928208,2.354309],[98.930513,2.351937],[98.93554,2.355241],[98.938659,2.355648]]],[[[98.9001,2.383698],[98.90308,2.381535],[98.90372,2.379953],[98.901326,2.373509],[98.904866,2.367279],[98.90871,2.36452],[98.91076,2.354042],[98.908548,2.351832],[98.899714,2.346874],[98.897578,2.347223],[98.883573,2.357867],[98.882464,2.361434],[98.88452,2.366863],[98.893647,2.369121],[98.89234,2.374702],[98.893465,2.379875],[98.895341,2.38245],[98.9001,2.383698]]]]}},{"type":"Feature","properties":{"nmkec":"Porsea","nmkab":"Toba Samosir","nmprov":"Sumatera Utara","kdkec":"070","kdkab":"06","kodekab":"1206","idkec":"1206070","index":26},"geometry":{"type":"MultiPolygon","coordinates":[[[[99.094433,2.511747],[99.093492,2.506972],[99.106702,2.511747],[99.125108,2.505589],[99.122574,2.501817],[99.132996,2.500556],[99.133564,2.499743],[99.13139,2.496688],[99.136631,2.487059],[99.141614,2.481228],[99.144507,2.481163],[99.148345,2.477854],[99.155587,2.459495],[99.155338,2.454476],[99.159108,2.450108],[99.161059,2.441242],[99.163439,2.439578],[99.170262,2.440249],[99.170557,2.43875],[99.161375,2.431145],[99.16203,2.429949],[99.155531,2.424138],[99.151459,2.422773],[99.147374,2.434595],[99.138889,2.433837],[99.137571,2.434807],[99.137385,2.444408],[99.135442,2.453083],[99.134327,2.466715],[99.130987,2.470214],[99.123925,2.475002],[99.120355,2.475617],[99.113596,2.47436],[99.112844,2.471653],[99.117322,2.467291],[99.107236,2.469622],[99.098668,2.473723],[99.095606,2.473796],[99.094326,2.466313],[99.093047,2.465561],[99.08487,2.478657],[99.082812,2.484773],[99.07812,2.492945],[99.086752,2.499262],[99.085924,2.501644],[99.0794,2.503473],[99.077192,2.506105],[99.075686,2.512054],[99.076972,2.512076],[99.078114,2.515148],[99.083672,2.531816],[99.083282,2.533113],[99.094433,2.511747]]],[[[99.168246,2.496525],[99.172827,2.483433],[99.174309,2.475288],[99.173401,2.47282],[99.168915,2.470266],[99.16623,2.470363],[99.166669,2.47658],[99.161283,2.491719],[99.168246,2.496525]]],[[[99.192726,2.440386],[99.193311,2.430572],[99.192276,2.429576],[99.187646,2.428655],[99.185877,2.429444],[99.183188,2.435155],[99.180025,2.435919],[99.177504,2.438156],[99.177048,2.439844],[99.184937,2.438983],[99.192726,2.440386]]]]}},{"type":"Feature","properties":{"nmkec":"Pintu Pohan Meranti","nmkab":"Toba Samosir","nmprov":"Sumatera Utara","kdkec":"071","kdkab":"06","kodekab":"1206","idkec":"1206071","index":27},"geometry":{"type":"Polygon","coordinates":[[[99.458373,2.599842],[99.455095,2.590038],[99.455325,2.576884],[99.454159,2.572008],[99.451257,2.56875],[99.448546,2.56738],[99.450418,2.562754],[99.460988,2.550406],[99.452547,2.540321],[99.450049,2.50199],[99.44789,2.496954],[99.434219,2.480044],[99.410346,2.488598],[99.393626,2.492157],[99.373152,2.489902],[99.372487,2.485924],[99.352356,2.488282],[99.312925,2.487776],[99.307267,2.48939],[99.304468,2.496439],[99.299914,2.489111],[99.295706,2.489256],[99.285161,2.484937],[99.276598,2.477361],[99.270857,2.478843],[99.270998,2.480906],[99.262017,2.481595],[99.257103,2.482945],[99.261,2.491926],[99.250462,2.498093],[99.248354,2.49562],[99.223344,2.48282],[99.215026,2.480425],[99.196564,2.515946],[99.196508,2.517068],[99.210364,2.527388],[99.213996,2.524066],[99.218385,2.535736],[99.22051,2.538115],[99.225553,2.54081],[99.245933,2.537093],[99.250848,2.537723],[99.257217,2.5406],[99.260599,2.54361],[99.270974,2.544721],[99.272338,2.548213],[99.280984,2.555031],[99.282243,2.558568],[99.289721,2.563438],[99.295138,2.565397],[99.299737,2.570648],[99.305009,2.574051],[99.306141,2.567736],[99.306136,2.559238],[99.303397,2.554082],[99.305432,2.550302],[99.309268,2.554398],[99.310362,2.559146],[99.313956,2.561407],[99.326183,2.565928],[99.340297,2.564465],[99.350132,2.560691],[99.359976,2.562258],[99.36256,2.564783],[99.369349,2.568154],[99.374043,2.568095],[99.380327,2.564981],[99.386461,2.564851],[99.391397,2.569186],[99.390149,2.574503],[99.39075,2.578035],[99.395536,2.58482],[99.405304,2.591494],[99.418573,2.598553],[99.421941,2.599139],[99.426512,2.598485],[99.426364,2.595261],[99.419049,2.586268],[99.410511,2.566855],[99.409954,2.561812],[99.412437,2.560487],[99.41535,2.560544],[99.421396,2.563515],[99.426673,2.570395],[99.427613,2.570605],[99.429962,2.568175],[99.432784,2.568002],[99.439044,2.574044],[99.441017,2.577535],[99.441701,2.591363],[99.442875,2.59538],[99.449689,2.599124],[99.456265,2.604405],[99.457393,2.603939],[99.458373,2.599842]]]}},{"type":"Feature","properties":{"nmkec":"Uluan","nmkab":"Toba Samosir","nmprov":"Sumatera Utara","kdkec":"081","kdkab":"06","kodekab":"1206","idkec":"1206081","index":28},"geometry":{"type":"Polygon","coordinates":[[[99.059616,2.511577],[99.075686,2.512054],[99.077192,2.506105],[99.0794,2.503473],[99.085924,2.501644],[99.086275,2.498711],[99.07812,2.492945],[99.082812,2.484773],[99.08487,2.478657],[99.093047,2.465561],[99.094326,2.466313],[99.095606,2.473796],[99.098668,2.473723],[99.107236,2.469622],[99.117322,2.467291],[99.112584,2.472178],[99.113596,2.47436],[99.120355,2.475617],[99.123925,2.475002],[99.134064,2.467241],[99.135442,2.453083],[99.137385,2.444408],[99.137556,2.434937],[99.133686,2.437395],[99.130026,2.437706],[99.126477,2.436113],[99.122192,2.432472],[99.119366,2.425062],[99.116328,2.422264],[99.11503,2.417916],[99.106232,2.41536],[99.099346,2.408136],[99.089325,2.409453],[99.086224,2.407346],[99.076643,2.404491],[99.067472,2.39982],[99.063666,2.39679],[99.058551,2.396893],[99.049384,2.394945],[99.046013,2.397988],[99.043174,2.403934],[99.043061,2.406132],[99.046402,2.413923],[99.052899,2.42325],[99.055855,2.430441],[99.057333,2.439457],[99.061841,2.445851],[99.056313,2.449218],[99.048017,2.461979],[99.046246,2.476134],[99.049268,2.48079],[99.049268,2.486973],[99.047162,2.493156],[99.03913,2.503285],[99.036896,2.508136],[99.037573,2.510254],[99.03962,2.509422],[99.040302,2.510861],[99.042795,2.510298],[99.05469,2.512502],[99.059616,2.511577]]]}},{"type":"Feature","properties":{"nmkec":"Ajibata","nmkab":"Toba Samosir","nmprov":"Sumatera Utara","kdkec":"082","kdkab":"06","kodekab":"1206","idkec":"1206082","index":29},"geometry":{"type":"Polygon","coordinates":[[[98.93419,2.660747],[98.939674,2.658074],[98.946792,2.657901],[98.950443,2.656548],[98.951911,2.654875],[98.956653,2.641302],[98.956644,2.634567],[98.962536,2.626822],[98.963323,2.616089],[98.967294,2.609249],[98.977258,2.606064],[99.000469,2.607528],[99.003891,2.602261],[99.006538,2.593015],[99.004946,2.585798],[98.988385,2.584699],[98.979277,2.574679],[98.975578,2.575631],[98.970246,2.571207],[98.974049,2.567574],[98.974068,2.553343],[98.968654,2.560656],[98.96718,2.565458],[98.954302,2.569244],[98.951814,2.568182],[98.954284,2.56244],[98.949587,2.563249],[98.948878,2.564881],[98.949739,2.565981],[98.93999,2.57854],[98.936996,2.578305],[98.934239,2.580862],[98.931963,2.58483],[98.925424,2.585582],[98.924294,2.588592],[98.929187,2.598052],[98.927683,2.601246],[98.923404,2.601691],[98.919844,2.600152],[98.917961,2.597792],[98.915256,2.597895],[98.915126,2.600283],[98.918063,2.602443],[98.918235,2.60388],[98.913844,2.613836],[98.915008,2.619445],[98.913022,2.622728],[98.90775,2.623275],[98.908161,2.629089],[98.909667,2.631893],[98.919142,2.640182],[98.924888,2.653418],[98.931304,2.651686],[98.933518,2.653697],[98.933774,2.658707],[98.930003,2.65957],[98.93419,2.660747]]]}},{"type":"Feature","properties":{"nmkec":"Bilah Hulu","nmkab":"Labuhan Batu","nmprov":"Sumatera Utara","kdkec":"050","kdkab":"07","kodekab":"1207","idkec":"1207050","index":30},"geometry":{"type":"Polygon","coordinates":[[[100.030694,2.071011],[100.033805,2.064719],[100.033142,2.060836],[100.025891,2.052816],[100.032262,2.045512],[100.039092,2.042756],[100.045129,2.042154],[100.032933,2.028637],[100.029817,2.023742],[100.029844,2.019175],[100.024696,2.008173],[100.017607,1.98727],[100.010336,1.974207],[100.036995,1.947913],[100.037333,1.936355],[99.997719,1.936582],[99.998056,1.948498],[99.959728,1.9496],[99.949992,1.96477],[99.950759,1.964986],[99.944499,1.967273],[99.920261,1.967374],[99.912492,1.965784],[99.912358,1.984837],[99.898241,1.984038],[99.896003,1.983155],[99.892969,1.966063],[99.882324,1.966512],[99.883427,1.948962],[99.880422,1.924066],[99.876372,1.922529],[99.871476,1.917126],[99.869956,1.907378],[99.870293,1.902094],[99.870967,1.897496],[99.876177,1.886054],[99.880302,1.87902],[99.882997,1.876807],[99.889534,1.867629],[99.890491,1.863344],[99.890284,1.855741],[99.891592,1.853235],[99.894256,1.852407],[99.896212,1.845364],[99.906177,1.847361],[99.893808,1.828467],[99.890391,1.821312],[99.888412,1.814498],[99.870346,1.806902],[99.866717,1.807143],[99.862847,1.805288],[99.852909,1.805853],[99.841561,1.800527],[99.837829,1.802366],[99.836205,1.810724],[99.832418,1.818456],[99.833801,1.824323],[99.834876,1.827644],[99.844358,1.832549],[99.84775,1.835363],[99.845338,1.844963],[99.841234,1.847137],[99.839175,1.850001],[99.841465,1.857242],[99.837461,1.857231],[99.836327,1.859309],[99.836259,1.863003],[99.831535,1.868116],[99.826185,1.868484],[99.823679,1.869866],[99.822619,1.874075],[99.827349,1.894124],[99.833039,1.905106],[99.832175,1.907915],[99.828902,1.910025],[99.827702,1.912513],[99.832379,1.922351],[99.833159,1.926979],[99.83152,1.932911],[99.833026,1.941792],[99.840891,1.970297],[99.849609,1.978417],[99.852205,1.982944],[99.852861,1.988898],[99.851777,1.993576],[99.846909,1.992816],[99.844185,1.988697],[99.837909,1.988798],[99.831046,1.990619],[99.823733,1.990041],[99.821298,2.005123],[99.805864,2.006257],[99.779771,2.005605],[99.767757,1.99998],[99.759537,1.997453],[99.739829,1.978597],[99.745856,2.002874],[99.748235,2.005227],[99.755051,2.008432],[99.761963,2.007842],[99.767517,2.009496],[99.770631,2.01452],[99.778491,2.019052],[99.779022,2.020647],[99.787175,2.02171],[99.789066,2.024901],[99.793437,2.025491],[99.797573,2.020233],[99.811279,2.019702],[99.833629,2.021575],[99.837506,2.020778],[99.846427,2.016298],[99.859011,2.019331],[99.867957,2.023363],[99.873062,2.023557],[99.870994,2.030947],[99.881028,2.03057],[99.879071,2.034545],[99.881292,2.048722],[99.881952,2.079366],[99.903621,2.079019],[99.90375,2.073695],[99.907211,2.062251],[99.911957,2.062188],[99.912986,2.065861],[99.958384,2.065921],[99.958913,2.082214],[99.975546,2.082028],[99.977023,2.078941],[99.976265,2.076982],[99.982313,2.071098],[99.981968,2.064316],[99.985962,2.064875],[99.989877,2.066959],[99.995886,2.066732],[99.996791,2.082583],[100.013966,2.112773],[100.020802,2.121427],[100.033011,2.12612],[100.045289,2.116494],[100.037295,2.110553],[100.043121,2.103997],[100.050396,2.093299],[100.045319,2.089521],[100.030694,2.071011]],[[99.896258,2.007947],[99.898081,1.992044],[99.905805,1.999193],[99.911259,1.993873],[99.912487,1.996357],[99.909464,2.005914],[99.906101,2.01129],[99.896258,2.007947]],[[99.900611,2.031982],[99.90564,2.031154],[99.905535,2.034188],[99.910245,2.03544],[99.910261,2.038657],[99.896949,2.038578],[99.896915,2.036255],[99.900611,2.031982]]]}},{"type":"Feature","properties":{"nmkec":"Bilah Barat","nmkab":"Labuhan Batu","nmprov":"Sumatera Utara","kdkec":"080","kdkab":"07","kodekab":"1207","idkec":"1207080","index":31},"geometry":{"type":"MultiPolygon","coordinates":[[[[99.771265,2.188016],[99.792305,2.187845],[99.813888,2.183657],[99.811342,2.173788],[99.826206,2.173473],[99.85346,2.174621],[99.850384,2.15788],[99.825436,2.144156],[99.833776,2.134116],[99.835531,2.127133],[99.835326,2.123441],[99.826021,2.123554],[99.828469,2.126311],[99.830255,2.132413],[99.81632,2.133462],[99.811168,2.133239],[99.80439,2.131512],[99.805227,2.125202],[99.808003,2.123257],[99.811485,2.123097],[99.811185,2.118962],[99.809272,2.118589],[99.809238,2.112798],[99.813083,2.111555],[99.81373,2.106481],[99.811433,2.102773],[99.809653,2.10232],[99.806674,2.099617],[99.801433,2.09827],[99.796759,2.099906],[99.79072,2.098979],[99.767381,2.101598],[99.791746,2.092079],[99.794608,2.082594],[99.789305,2.064917],[99.793992,2.051011],[99.793137,2.042367],[99.787254,2.032996],[99.787443,2.027539],[99.788985,2.024764],[99.787175,2.02171],[99.779022,2.020647],[99.778491,2.019052],[99.770631,2.01452],[99.767517,2.009496],[99.761963,2.007842],[99.755051,2.008432],[99.746762,2.00394],[99.745403,2.00194],[99.739829,1.978597],[99.726875,1.969554],[99.720282,1.963498],[99.709468,1.94818],[99.695658,1.938531],[99.693863,1.938779],[99.690795,1.942359],[99.688476,1.946987],[99.687947,1.953319],[99.689324,1.956899],[99.693396,1.962557],[99.693781,1.970716],[99.690383,1.974987],[99.687989,1.988337],[99.687515,1.995214],[99.690208,2.001715],[99.689788,2.003196],[99.679055,2.015031],[99.683501,2.036463],[99.682781,2.037067],[99.668257,2.035987],[99.665017,2.037919],[99.661896,2.038041],[99.661344,2.040316],[99.662821,2.045308],[99.657698,2.049561],[99.665449,2.054033],[99.670161,2.058643],[99.670145,2.061094],[99.673109,2.062007],[99.677501,2.06541],[99.677474,2.068754],[99.681984,2.083805],[99.684064,2.074834],[99.691134,2.078779],[99.697904,2.077635],[99.701905,2.078022],[99.702096,2.080767],[99.71015,2.082451],[99.717828,2.086126],[99.726975,2.103407],[99.727709,2.108555],[99.730271,2.115542],[99.735162,2.120091],[99.74447,2.125076],[99.74697,2.128537],[99.755735,2.134025],[99.760927,2.135783],[99.769579,2.133664],[99.770997,2.135755],[99.769872,2.140374],[99.770292,2.16774],[99.771265,2.188016]]],[[[99.921413,2.141964],[99.923329,2.134789],[99.923691,2.12945],[99.922563,2.126326],[99.923197,2.124111],[99.93005,2.12543],[99.931182,2.126876],[99.929422,2.128761],[99.93269,2.130458],[99.935328,2.128197],[99.935324,2.122207],[99.930561,2.11933],[99.930003,2.110474],[99.92755,2.110544],[99.924915,2.103798],[99.928253,2.098854],[99.925956,2.094894],[99.922964,2.095462],[99.919909,2.089994],[99.920201,2.086573],[99.913506,2.072593],[99.912828,2.063425],[99.911957,2.062188],[99.907211,2.062251],[99.903569,2.07459],[99.903185,2.085923],[99.896736,2.086751],[99.88503,2.094624],[99.884919,2.101472],[99.889279,2.106115],[99.891719,2.112807],[99.890386,2.12027],[99.886729,2.122368],[99.883882,2.128511],[99.88336,2.134418],[99.878335,2.137966],[99.877411,2.136409],[99.869347,2.13635],[99.868834,2.139651],[99.873154,2.142913],[99.874403,2.146437],[99.879505,2.144753],[99.894053,2.160615],[99.895764,2.157406],[99.899042,2.159253],[99.909798,2.168197],[99.909526,2.169214],[99.924526,2.182632],[99.930315,2.17934],[99.922753,2.159071],[99.921413,2.141964]]]]}},{"type":"Feature","properties":{"nmkec":"Bilah Hilir","nmkab":"Labuhan Batu","nmprov":"Sumatera Utara","kdkec":"130","kdkab":"07","kodekab":"1207","idkec":"1207130","index":32},"geometry":{"type":"Polygon","coordinates":[[[100.113907,2.497844],[100.123671,2.476818],[100.126161,2.473658],[100.124165,2.464429],[100.122548,2.447612],[100.111203,2.447631],[100.111363,2.444104],[100.122521,2.437933],[100.132371,2.428805],[100.132308,2.424105],[100.129063,2.414418],[100.128782,2.384334],[100.146174,2.384258],[100.146832,2.37039],[100.146821,2.369309],[100.145866,2.369152],[100.146003,2.358024],[100.153202,2.358239],[100.154273,2.253779],[100.165718,2.253782],[100.166764,2.1985],[100.156731,2.19813],[100.157239,2.17538],[100.149531,2.170496],[100.077828,2.171107],[100.083588,2.175805],[100.087716,2.183818],[100.088142,2.185481],[100.085544,2.192084],[100.091114,2.216191],[100.07099,2.216487],[100.066456,2.217729],[100.06305,2.22167],[100.056538,2.222766],[100.054694,2.232773],[100.05533,2.23934],[100.050049,2.24719],[100.048023,2.253649],[100.044686,2.258279],[100.045112,2.264707],[100.04409,2.265142],[100.038573,2.261083],[100.036029,2.258546],[100.0335,2.253371],[100.029902,2.253707],[100.026671,2.252375],[100.014224,2.255016],[100.00263,2.265291],[99.998514,2.265568],[99.995863,2.264723],[99.99233,2.259019],[99.989307,2.256654],[99.983354,2.252588],[99.980557,2.252662],[99.979916,2.285589],[99.985802,2.285006],[99.983651,2.367375],[99.979251,2.367546],[99.983269,2.429772],[99.982676,2.473489],[99.982955,2.474914],[100.022341,2.474929],[100.02251,2.476507],[100.030625,2.47746],[100.043632,2.455069],[100.069623,2.459664],[100.075453,2.472859],[100.079832,2.476088],[100.088694,2.478532],[100.091148,2.48768],[100.0937,2.490998],[100.097022,2.492717],[100.109772,2.494058],[100.113907,2.497844]]]}},{"type":"Feature","properties":{"nmkec":"Panai Tengah","nmkab":"Labuhan Batu","nmprov":"Sumatera Utara","kdkec":"150","kdkab":"07","kodekab":"1207","idkec":"1207150","index":33},"geometry":{"type":"Polygon","coordinates":[[[100.208584,2.549964],[100.244103,2.542797],[100.322253,2.543205],[100.321179,2.539531],[100.308857,2.534127],[100.306536,2.529409],[100.306883,2.506937],[100.304624,2.506741],[100.300391,2.501126],[100.300909,2.491883],[100.289938,2.491105],[100.28847,2.475859],[100.296676,2.473283],[100.303274,2.473275],[100.304019,2.471652],[100.300126,2.460751],[100.299166,2.452692],[100.299484,2.445605],[100.296766,2.436833],[100.295453,2.428214],[100.299382,2.356365],[100.301572,2.352766],[100.301911,2.34993],[100.300816,2.34018],[100.307013,2.322502],[100.313191,2.309664],[100.317302,2.290223],[100.320644,2.286698],[100.329261,2.272799],[100.333669,2.263675],[100.335683,2.253028],[100.329951,2.219927],[100.25119,2.220077],[100.217991,2.214354],[100.216708,2.208611],[100.209651,2.20567],[100.197824,2.208308],[100.195346,2.195598],[100.179578,2.182323],[100.157179,2.178089],[100.156731,2.19813],[100.166764,2.1985],[100.165718,2.253782],[100.188294,2.254255],[100.188791,2.29592],[100.201163,2.299557],[100.190473,2.335084],[100.211097,2.341291],[100.203097,2.367611],[100.200948,2.368724],[100.195894,2.367304],[100.191244,2.383193],[100.196846,2.385974],[100.196874,2.390401],[100.195251,2.392761],[100.192742,2.394035],[100.188764,2.392887],[100.183576,2.388535],[100.174978,2.383551],[100.172786,2.384343],[100.170143,2.391128],[100.170377,2.395062],[100.173936,2.399993],[100.176657,2.401593],[100.186282,2.403417],[100.185708,2.407204],[100.190494,2.408631],[100.197284,2.416687],[100.197408,2.425728],[100.194448,2.432618],[100.196813,2.436343],[100.194633,2.446093],[100.18745,2.46417],[100.184909,2.468029],[100.178592,2.469861],[100.172995,2.468908],[100.16423,2.46536],[100.153971,2.465963],[100.149795,2.46847],[100.14658,2.475266],[100.147219,2.481162],[100.152207,2.487075],[100.168124,2.497443],[100.169628,2.502414],[100.165978,2.506451],[100.156813,2.510607],[100.139746,2.515188],[100.130133,2.53779],[100.141698,2.541553],[100.147277,2.545006],[100.162813,2.543964],[100.169374,2.544807],[100.172701,2.541419],[100.174802,2.54061],[100.181386,2.54696],[100.183086,2.545837],[100.193355,2.555425],[100.204743,2.553463],[100.208584,2.549964]]]}},{"type":"Feature","properties":{"nmkec":"Panai Hilir","nmkab":"Labuhan Batu","nmprov":"Sumatera Utara","kdkec":"160","kdkab":"07","kodekab":"1207","idkec":"1207160","index":34},"geometry":{"type":"MultiPolygon","coordinates":[[[[100.194754,2.711781],[100.214131,2.707795],[100.220264,2.704935],[100.221605,2.692711],[100.223812,2.68744],[100.222841,2.678168],[100.228676,2.662055],[100.23299,2.658926],[100.233261,2.657217],[100.230657,2.65506],[100.234433,2.642863],[100.251486,2.624335],[100.271145,2.612423],[100.273616,2.609137],[100.272828,2.60502],[100.27393,2.595423],[100.279383,2.58588],[100.280152,2.585262],[100.281478,2.585905],[100.289916,2.574901],[100.292238,2.574685],[100.294594,2.573137],[100.298819,2.566115],[100.303348,2.564651],[100.314249,2.554469],[100.319606,2.55158],[100.322138,2.547762],[100.322253,2.543205],[100.244103,2.542797],[100.208584,2.549964],[100.204743,2.553463],[100.193355,2.555425],[100.183086,2.545837],[100.181386,2.54696],[100.174802,2.54061],[100.172701,2.541419],[100.169374,2.544807],[100.162813,2.543964],[100.147277,2.545006],[100.141698,2.541553],[100.136762,2.539938],[100.131881,2.572803],[100.128142,2.585934],[100.125239,2.601311],[100.123144,2.605957],[100.121111,2.614969],[100.122709,2.658899],[100.130529,2.677867],[100.133503,2.682507],[100.151395,2.699166],[100.163403,2.706695],[100.171016,2.709888],[100.183009,2.711856],[100.194754,2.711781]]],[[[100.102222,2.588102],[100.107005,2.557693],[100.111002,2.548484],[100.117797,2.540107],[100.114075,2.537623],[100.095433,2.532481],[100.085351,2.545447],[100.068401,2.556744],[100.067364,2.563645],[100.063457,2.564635],[100.063654,2.57965],[100.069624,2.585874],[100.066666,2.607408],[100.064707,2.632485],[100.054803,2.641206],[100.067646,2.661461],[100.067539,2.665715],[100.066224,2.667207],[100.068045,2.673581],[100.073585,2.677152],[100.062208,2.684431],[100.06399,2.69207],[100.071332,2.710217],[100.076117,2.719582],[100.088532,2.711023],[100.089273,2.707742],[100.095869,2.672764],[100.096511,2.663769],[100.095655,2.656131],[100.091515,2.641497],[100.091408,2.617798],[100.093192,2.610838],[100.100329,2.594843],[100.102222,2.588102]]],[[[100.122326,2.563708],[100.124468,2.547528],[100.118995,2.548122],[100.115723,2.551632],[100.11495,2.554725],[100.110786,2.593213],[100.103112,2.622124],[100.103291,2.62605],[100.107098,2.631344],[100.110488,2.627775],[100.111916,2.623194],[100.115009,2.600887],[100.123402,2.57411],[100.122326,2.563708]]]]}},{"type":"Feature","properties":{"nmkec":"Bandar Pulau","nmkab":"Asahan","nmprov":"Sumatera Utara","kdkec":"020","kdkab":"08","kodekab":"1208","idkec":"1208020","index":35},"geometry":{"type":"Polygon","coordinates":[[[99.386986,2.751422],[99.39629,2.700812],[99.397756,2.699952],[99.401705,2.702241],[99.404713,2.701876],[99.410767,2.706236],[99.418411,2.708004],[99.423976,2.710387],[99.429379,2.714175],[99.43398,2.716103],[99.442864,2.717144],[99.448062,2.713829],[99.454919,2.719798],[99.461567,2.716968],[99.469177,2.719109],[99.472742,2.717778],[99.476927,2.722013],[99.481331,2.722369],[99.484736,2.720884],[99.48582,2.728098],[99.487988,2.730717],[99.49307,2.728503],[99.495664,2.725924],[99.501556,2.723718],[99.50389,2.724407],[99.502073,2.7269],[99.504424,2.730178],[99.506184,2.72666],[99.508363,2.725911],[99.513452,2.72837],[99.52108,2.72977],[99.530738,2.729327],[99.535815,2.731878],[99.54124,2.73218],[99.537468,2.726786],[99.535028,2.727674],[99.5275,2.722424],[99.524234,2.722319],[99.519659,2.720546],[99.514097,2.713663],[99.509667,2.710882],[99.525032,2.685384],[99.520423,2.682059],[99.516056,2.675261],[99.508769,2.668492],[99.502621,2.656753],[99.495641,2.647549],[99.491181,2.644523],[99.481429,2.642859],[99.475697,2.640696],[99.472627,2.638127],[99.46358,2.624428],[99.460754,2.607179],[99.457758,2.604036],[99.449798,2.606556],[99.437058,2.600028],[99.435668,2.615109],[99.428891,2.633023],[99.421862,2.625246],[99.410191,2.62096],[99.404448,2.615734],[99.39732,2.614715],[99.389095,2.609111],[99.364723,2.600692],[99.347351,2.58086],[99.305479,2.57463],[99.299737,2.570648],[99.295138,2.565397],[99.289721,2.563438],[99.282243,2.558568],[99.280984,2.555031],[99.272338,2.548213],[99.270974,2.544721],[99.260599,2.54361],[99.257217,2.5406],[99.250848,2.537723],[99.245933,2.537093],[99.225553,2.54081],[99.219047,2.536682],[99.21345,2.523754],[99.208465,2.52918],[99.204357,2.530617],[99.193112,2.531466],[99.193233,2.535119],[99.195558,2.538464],[99.206289,2.539949],[99.206895,2.540946],[99.20824,2.548846],[99.210715,2.553347],[99.213039,2.554785],[99.214896,2.558965],[99.215991,2.571885],[99.221087,2.577087],[99.224558,2.583718],[99.224974,2.589223],[99.219776,2.60177],[99.219518,2.609211],[99.221436,2.617701],[99.223648,2.622458],[99.229809,2.627767],[99.24261,2.636415],[99.245028,2.640691],[99.245651,2.645962],[99.244119,2.672844],[99.248686,2.6815],[99.257236,2.68669],[99.268733,2.684957],[99.275225,2.686656],[99.282951,2.685494],[99.285469,2.690009],[99.284934,2.694603],[99.287253,2.696385],[99.289764,2.696102],[99.289176,2.692226],[99.290861,2.69086],[99.292566,2.690741],[99.294291,2.692444],[99.30252,2.693594],[99.303974,2.694558],[99.304504,2.697688],[99.310409,2.703259],[99.314741,2.702837],[99.318837,2.706899],[99.325681,2.711145],[99.332247,2.711913],[99.332506,2.716466],[99.337559,2.718243],[99.346041,2.71791],[99.348582,2.719386],[99.35081,2.726746],[99.353304,2.728852],[99.354895,2.728739],[99.356235,2.726888],[99.358908,2.725998],[99.3631,2.727555],[99.370919,2.737499],[99.376295,2.739225],[99.386986,2.751422]]]}},{"type":"Feature","properties":{"nmkec":"Aek Songsongan","nmkab":"Asahan","nmprov":"Sumatera Utara","kdkec":"021","kdkab":"08","kodekab":"1208","idkec":"1208021","index":36},"geometry":{"type":"MultiPolygon","coordinates":[[[[99.538316,2.690707],[99.551743,2.6891],[99.558253,2.692614],[99.561341,2.690319],[99.551825,2.684256],[99.548698,2.684213],[99.548395,2.642887],[99.561961,2.647798],[99.561989,2.646281],[99.562052,2.628409],[99.549211,2.625172],[99.549336,2.621763],[99.550956,2.61864],[99.560446,2.610018],[99.560041,2.607705],[99.552922,2.612409],[99.543926,2.614855],[99.542029,2.612423],[99.540212,2.601685],[99.54126,2.598077],[99.53841,2.592179],[99.528672,2.592628],[99.519652,2.591373],[99.503324,2.585175],[99.499989,2.583035],[99.497452,2.578829],[99.487844,2.57021],[99.483144,2.562353],[99.474447,2.552261],[99.468141,2.548519],[99.462837,2.547819],[99.450418,2.562754],[99.448546,2.56738],[99.453097,2.570539],[99.455086,2.575091],[99.455095,2.590038],[99.458373,2.599842],[99.457393,2.603939],[99.460754,2.607179],[99.463491,2.624085],[99.465058,2.627573],[99.472627,2.638127],[99.475697,2.640696],[99.481429,2.642859],[99.491181,2.644523],[99.495641,2.647549],[99.502621,2.656753],[99.508769,2.668492],[99.516056,2.675261],[99.520423,2.682059],[99.527163,2.686857],[99.532457,2.692652],[99.535836,2.694769],[99.538316,2.690707]]],[[[99.429256,2.632928],[99.435668,2.615109],[99.437058,2.600028],[99.449798,2.606556],[99.456265,2.604405],[99.449689,2.599124],[99.442718,2.595205],[99.441701,2.591363],[99.441017,2.577535],[99.439044,2.574044],[99.432784,2.568002],[99.429962,2.568175],[99.427613,2.570605],[99.426673,2.570395],[99.41984,2.562473],[99.414364,2.560357],[99.409954,2.561812],[99.410511,2.566855],[99.419049,2.586268],[99.426656,2.596126],[99.426685,2.598408],[99.421941,2.599139],[99.418573,2.598553],[99.405304,2.591494],[99.395536,2.58482],[99.39075,2.578035],[99.390149,2.574503],[99.391397,2.569186],[99.38717,2.565138],[99.384587,2.56438],[99.380327,2.564981],[99.374043,2.568095],[99.369349,2.568154],[99.36256,2.564783],[99.359976,2.562258],[99.350132,2.560691],[99.340297,2.564465],[99.326183,2.565928],[99.313956,2.561407],[99.310362,2.559146],[99.309268,2.554398],[99.305432,2.550302],[99.304698,2.551353],[99.303397,2.554082],[99.306136,2.559238],[99.305479,2.57463],[99.347351,2.58086],[99.364723,2.600692],[99.389095,2.609111],[99.39732,2.614715],[99.404448,2.615734],[99.410191,2.62096],[99.421862,2.625246],[99.427771,2.632274],[99.429256,2.632928]]]]}},{"type":"Feature","properties":{"nmkec":"Rahuning","nmkab":"Asahan","nmprov":"Sumatera Utara","kdkec":"022","kdkab":"08","kodekab":"1208","idkec":"1208022","index":37},"geometry":{"type":"Polygon","coordinates":[[[99.619129,2.798031],[99.621065,2.796974],[99.619853,2.795346],[99.608183,2.794281],[99.605667,2.79297],[99.603155,2.782056],[99.593483,2.766739],[99.585708,2.762759],[99.580452,2.757491],[99.582568,2.753633],[99.594733,2.752513],[99.595152,2.732472],[99.601895,2.729872],[99.606533,2.72689],[99.608532,2.722321],[99.623981,2.705995],[99.619752,2.703548],[99.608103,2.705581],[99.603655,2.70476],[99.601247,2.703062],[99.596148,2.703389],[99.587101,2.69832],[99.58136,2.699917],[99.579801,2.69688],[99.581503,2.692726],[99.581298,2.654789],[99.548395,2.642887],[99.548698,2.684213],[99.551825,2.684256],[99.561341,2.690319],[99.558253,2.692614],[99.551743,2.6891],[99.538316,2.690707],[99.535836,2.694769],[99.529635,2.690251],[99.525032,2.685384],[99.509667,2.710882],[99.514097,2.713663],[99.519659,2.720546],[99.524234,2.722319],[99.5275,2.722424],[99.535028,2.727674],[99.537468,2.726786],[99.54118,2.7323],[99.535815,2.731878],[99.530738,2.729327],[99.52108,2.72977],[99.513452,2.72837],[99.508363,2.725911],[99.506184,2.72666],[99.504424,2.730178],[99.502073,2.7269],[99.50389,2.724407],[99.501556,2.723718],[99.495664,2.725924],[99.49307,2.728503],[99.487988,2.730717],[99.48582,2.728098],[99.484736,2.720884],[99.481331,2.722369],[99.476927,2.722013],[99.472742,2.717778],[99.469177,2.719109],[99.461567,2.716968],[99.454919,2.719798],[99.448062,2.713829],[99.442864,2.717144],[99.43398,2.716103],[99.418411,2.708004],[99.410767,2.706236],[99.404713,2.701876],[99.401705,2.702241],[99.397756,2.699952],[99.39629,2.700812],[99.386986,2.751422],[99.391486,2.754959],[99.393652,2.755264],[99.399217,2.753691],[99.405893,2.754183],[99.409416,2.756296],[99.413828,2.753126],[99.416858,2.752797],[99.427915,2.761688],[99.443206,2.768677],[99.447572,2.770289],[99.451496,2.768486],[99.459092,2.770195],[99.45789,2.774777],[99.461869,2.775678],[99.464685,2.774227],[99.464178,2.77191],[99.471451,2.768376],[99.472833,2.764689],[99.470384,2.759253],[99.471195,2.7583],[99.494753,2.758751],[99.505999,2.765685],[99.511874,2.767223],[99.514995,2.770981],[99.521133,2.77073],[99.524663,2.772826],[99.525726,2.776468],[99.52691,2.776982],[99.528905,2.777402],[99.534145,2.776287],[99.537415,2.77463],[99.540812,2.775436],[99.545997,2.779924],[99.558827,2.78663],[99.562772,2.791172],[99.567238,2.792294],[99.575646,2.791916],[99.576378,2.792862],[99.578735,2.792566],[99.585308,2.794221],[99.593047,2.793498],[99.606009,2.796708],[99.619129,2.798031]]]}},{"type":"Feature","properties":{"nmkec":"Pulau Rakyat","nmkab":"Asahan","nmprov":"Sumatera Utara","kdkec":"030","kdkab":"08","kodekab":"1208","idkec":"1208030","index":38},"geometry":{"type":"Polygon","coordinates":[[[99.749703,2.814431],[99.75429,2.8035],[99.76188,2.80801],[99.77763,2.801553],[99.783214,2.791014],[99.779687,2.788054],[99.779391,2.782309],[99.782958,2.778424],[99.787149,2.778946],[99.787788,2.776138],[99.787049,2.77135],[99.778869,2.762354],[99.778861,2.760197],[99.780745,2.758885],[99.779619,2.755951],[99.776529,2.752217],[99.772117,2.751146],[99.756757,2.736279],[99.755295,2.733077],[99.756114,2.729023],[99.754135,2.72401],[99.745195,2.713982],[99.734914,2.709179],[99.734751,2.705238],[99.727277,2.700898],[99.720883,2.700131],[99.692656,2.688658],[99.672214,2.671641],[99.667688,2.670171],[99.664308,2.670818],[99.651859,2.666135],[99.630438,2.664951],[99.610781,2.666137],[99.605709,2.664196],[99.591794,2.653931],[99.581288,2.652071],[99.581503,2.692726],[99.579801,2.69688],[99.58136,2.699917],[99.587101,2.69832],[99.596148,2.703389],[99.601247,2.703062],[99.603655,2.70476],[99.608103,2.705581],[99.619752,2.703548],[99.623981,2.705995],[99.608532,2.722321],[99.606533,2.72689],[99.601895,2.729872],[99.595152,2.732472],[99.594733,2.752513],[99.597181,2.752096],[99.601412,2.754759],[99.607207,2.755123],[99.613769,2.753789],[99.625025,2.75461],[99.630115,2.762515],[99.631832,2.76313],[99.637845,2.763309],[99.645675,2.760045],[99.654877,2.762004],[99.660458,2.764967],[99.662565,2.769741],[99.664557,2.771008],[99.67208,2.772687],[99.677413,2.776934],[99.681746,2.783719],[99.685628,2.786177],[99.692855,2.7863],[99.695987,2.789135],[99.701285,2.787352],[99.700994,2.784404],[99.705189,2.784546],[99.707832,2.785884],[99.707743,2.787604],[99.709464,2.790167],[99.712098,2.791929],[99.717282,2.792291],[99.717008,2.801037],[99.7183,2.802426],[99.723016,2.800791],[99.723992,2.796903],[99.726656,2.795414],[99.728261,2.796886],[99.727764,2.799086],[99.728558,2.800939],[99.732321,2.802462],[99.73807,2.807739],[99.739555,2.808116],[99.742958,2.805563],[99.747222,2.807142],[99.748183,2.808439],[99.748458,2.813058],[99.749703,2.814431]]]}},{"type":"Feature","properties":{"nmkec":"Aek Kuasan","nmkab":"Asahan","nmprov":"Sumatera Utara","kdkec":"031","kdkab":"08","kodekab":"1208","idkec":"1208031","index":39},"geometry":{"type":"Polygon","coordinates":[[[99.774824,2.751537],[99.779777,2.74461],[99.785782,2.74002],[99.788333,2.736507],[99.788998,2.727659],[99.792167,2.725483],[99.795574,2.720696],[99.801989,2.714554],[99.810409,2.703793],[99.795534,2.690031],[99.795437,2.682845],[99.79661,2.678886],[99.795388,2.675464],[99.795486,2.663684],[99.787078,2.661142],[99.778206,2.657093],[99.783005,2.645191],[99.782378,2.637838],[99.739132,2.636038],[99.724414,2.626193],[99.722263,2.622282],[99.722191,2.606434],[99.720243,2.605058],[99.719256,2.605067],[99.71563,2.616803],[99.715738,2.622157],[99.710688,2.65534],[99.673897,2.652799],[99.662278,2.644564],[99.661828,2.632644],[99.646031,2.632641],[99.642222,2.636134],[99.627662,2.636162],[99.637215,2.623919],[99.637042,2.61229],[99.590109,2.612829],[99.590243,2.645665],[99.561989,2.646281],[99.561961,2.647798],[99.581298,2.654789],[99.581288,2.652071],[99.591794,2.653931],[99.605709,2.664196],[99.610781,2.666137],[99.630438,2.664951],[99.651859,2.666135],[99.664308,2.670818],[99.667688,2.670171],[99.672214,2.671641],[99.692656,2.688658],[99.720883,2.700131],[99.727277,2.700898],[99.734751,2.705238],[99.734914,2.709179],[99.745195,2.713982],[99.754135,2.72401],[99.756114,2.729023],[99.755295,2.733077],[99.756757,2.736279],[99.772117,2.751146],[99.774824,2.751537]]]}},{"type":"Feature","properties":{"nmkec":"Aek Ledong","nmkab":"Asahan","nmprov":"Sumatera Utara","kdkec":"032","kdkab":"08","kodekab":"1208","idkec":"1208032","index":40},"geometry":{"type":"Polygon","coordinates":[[[99.710688,2.65534],[99.715738,2.622157],[99.71563,2.616803],[99.719256,2.605067],[99.707508,2.608302],[99.704712,2.607914],[99.701957,2.606042],[99.697957,2.601249],[99.697482,2.587211],[99.67005,2.58682],[99.653438,2.579261],[99.649869,2.578321],[99.631974,2.577582],[99.626521,2.573485],[99.623213,2.573264],[99.612189,2.575591],[99.609888,2.57687],[99.609237,2.579795],[99.608185,2.580571],[99.59077,2.586369],[99.584852,2.592647],[99.581433,2.59136],[99.581204,2.588717],[99.579771,2.58743],[99.569992,2.584353],[99.565627,2.590926],[99.562943,2.59312],[99.560945,2.597962],[99.558885,2.606974],[99.560041,2.607705],[99.560446,2.610018],[99.550956,2.61864],[99.549336,2.621763],[99.549211,2.625172],[99.562052,2.628409],[99.561989,2.646281],[99.590243,2.645665],[99.590109,2.612829],[99.637042,2.61229],[99.637215,2.623919],[99.627662,2.636162],[99.642222,2.636134],[99.646031,2.632641],[99.661828,2.632644],[99.662278,2.644564],[99.673897,2.652799],[99.710688,2.65534]]]}},{"type":"Feature","properties":{"nmkec":"Sei Kepayang Timur","nmkab":"Asahan","nmprov":"Sumatera Utara","kdkec":"042","kdkab":"08","kodekab":"1208","idkec":"1208042","index":41},"geometry":{"type":"Polygon","coordinates":[[[99.887132,3.040204],[99.891008,3.038866],[99.901908,3.014031],[99.912295,2.997438],[99.926944,2.981222],[99.937419,2.973006],[99.958235,2.959112],[99.974898,2.952125],[99.97917,2.948536],[99.981302,2.952592],[99.976811,2.955089],[99.977119,2.957701],[99.987748,2.961757],[99.989942,2.961167],[99.991238,2.958711],[99.992577,2.952714],[99.992977,2.941887],[99.988336,2.912253],[99.989473,2.903664],[99.988505,2.893676],[99.988449,2.872723],[99.986573,2.860892],[99.986807,2.856205],[99.969899,2.839641],[99.96685,2.837748],[99.962435,2.842728],[99.959645,2.857216],[99.950103,2.857408],[99.945448,2.861235],[99.934802,2.863855],[99.948727,2.876334],[99.948687,2.906578],[99.951033,2.931529],[99.933574,2.932378],[99.927988,2.945127],[99.908036,2.94373],[99.908479,2.945437],[99.906937,2.947607],[99.895407,2.95685],[99.886375,2.956304],[99.86315,2.959174],[99.856042,2.960849],[99.859089,2.9645],[99.850203,2.970669],[99.831993,2.971125],[99.825598,2.973353],[99.823884,2.979569],[99.821429,2.983202],[99.820907,2.990853],[99.823502,2.993859],[99.825049,2.992281],[99.831641,2.989696],[99.85326,2.984653],[99.857072,2.984411],[99.861064,2.985604],[99.863942,2.989541],[99.865408,2.998795],[99.865599,3.013648],[99.863383,3.028291],[99.864928,3.034646],[99.870359,3.035256],[99.879475,3.039261],[99.887132,3.040204]]]}},{"type":"Feature","properties":{"nmkec":"Tanjung Balai","nmkab":"Asahan","nmprov":"Sumatera Utara","kdkec":"050","kdkab":"08","kodekab":"1208","idkec":"1208050","index":42},"geometry":{"type":"Polygon","coordinates":[[[99.792563,3.108216],[99.79803,3.099105],[99.805397,3.090333],[99.809798,3.08739],[99.819111,3.073377],[99.826077,3.065253],[99.848387,3.048375],[99.860021,3.036198],[99.864928,3.034646],[99.863383,3.028291],[99.865599,3.013648],[99.865408,2.998795],[99.863942,2.989541],[99.861064,2.985604],[99.857072,2.984411],[99.85326,2.984653],[99.831641,2.989696],[99.825049,2.992281],[99.818968,2.996473],[99.819803,3.004713],[99.818235,3.00785],[99.816911,3.023466],[99.811539,3.021352],[99.805102,3.01731],[99.798255,3.015322],[99.79858,3.009479],[99.766079,3.008818],[99.760987,3.019944],[99.759874,3.028971],[99.763938,3.030639],[99.763888,3.05564],[99.765575,3.061135],[99.767738,3.062719],[99.769037,3.07869],[99.779887,3.09792],[99.792563,3.108216]]]}},{"type":"Feature","properties":{"nmkec":"Simpang Empat","nmkab":"Asahan","nmprov":"Sumatera Utara","kdkec":"060","kdkab":"08","kodekab":"1208","idkec":"1208060","index":43},"geometry":{"type":"Polygon","coordinates":[[[99.725859,2.977335],[99.733226,2.977638],[99.747047,2.970737],[99.758245,2.968772],[99.762859,2.968942],[99.762705,2.965927],[99.759446,2.96609],[99.757294,2.965172],[99.755644,2.959589],[99.756373,2.953039],[99.754765,2.948296],[99.752694,2.945919],[99.752996,2.942469],[99.774794,2.921624],[99.790204,2.923767],[99.796669,2.926993],[99.803323,2.928788],[99.80901,2.927897],[99.81709,2.924114],[99.816782,2.919641],[99.817733,2.916982],[99.822613,2.911602],[99.824705,2.911475],[99.832881,2.915273],[99.834719,2.91483],[99.839548,2.907819],[99.83619,2.90144],[99.83262,2.899624],[99.830464,2.899077],[99.82007,2.904394],[99.807458,2.897906],[99.806602,2.894899],[99.806887,2.893253],[99.807711,2.893222],[99.802007,2.888379],[99.802699,2.885425],[99.805013,2.883908],[99.804945,2.879685],[99.80207,2.871478],[99.798426,2.867332],[99.798204,2.865939],[99.795933,2.865969],[99.789569,2.869405],[99.786241,2.869468],[99.785488,2.866437],[99.783955,2.865521],[99.780783,2.865916],[99.775084,2.868542],[99.772191,2.868379],[99.770705,2.86658],[99.7708,2.864745],[99.774114,2.861206],[99.774067,2.857685],[99.767168,2.852462],[99.765145,2.85229],[99.76082,2.849607],[99.762946,2.843979],[99.766196,2.840863],[99.766273,2.837526],[99.76291,2.835025],[99.756276,2.834938],[99.753403,2.83379],[99.752579,2.833347],[99.752589,2.831557],[99.742771,2.833766],[99.743174,2.838705],[99.720838,2.839317],[99.709123,2.837693],[99.704921,2.841483],[99.705638,2.844392],[99.704842,2.845182],[99.697879,2.846943],[99.696192,2.844031],[99.693602,2.84736],[99.70989,2.863865],[99.711783,2.86903],[99.701488,2.868896],[99.681523,2.872482],[99.681535,2.869239],[99.678126,2.868411],[99.675747,2.87278],[99.676898,2.880071],[99.678984,2.883742],[99.689763,2.890749],[99.70202,2.901773],[99.704604,2.905492],[99.705216,2.911726],[99.706865,2.915947],[99.713171,2.920031],[99.715804,2.925338],[99.704467,2.926345],[99.70197,2.928618],[99.702055,2.930895],[99.680158,2.969332],[99.687788,2.967907],[99.689321,2.96291],[99.693215,2.959213],[99.695875,2.958904],[99.698921,2.960255],[99.70918,2.956027],[99.710221,2.956566],[99.710046,2.970898],[99.711289,2.981223],[99.713455,2.980237],[99.718442,2.980692],[99.725859,2.977335]]]}},{"type":"Feature","properties":{"nmkec":"Air Batu","nmkab":"Asahan","nmprov":"Sumatera Utara","kdkec":"070","kdkab":"08","kodekab":"1208","idkec":"1208070","index":44},"geometry":{"type":"Polygon","coordinates":[[[99.606501,2.956724],[99.606326,2.934331],[99.621992,2.892985],[99.624086,2.889662],[99.629491,2.902851],[99.628927,2.903759],[99.637504,2.904984],[99.640214,2.904107],[99.656054,2.909307],[99.658449,2.913904],[99.654652,2.917201],[99.656578,2.929013],[99.675108,2.932275],[99.691164,2.931599],[99.701993,2.930895],[99.70197,2.928618],[99.704467,2.926345],[99.715804,2.925338],[99.713171,2.920031],[99.706865,2.915947],[99.705216,2.911726],[99.704604,2.905492],[99.70202,2.901773],[99.689763,2.890749],[99.678984,2.883742],[99.676898,2.880071],[99.675747,2.87278],[99.671244,2.869322],[99.667327,2.858496],[99.665303,2.855931],[99.659386,2.851378],[99.64916,2.84732],[99.63953,2.836539],[99.636676,2.834884],[99.632066,2.83441],[99.622584,2.825746],[99.623343,2.812551],[99.625332,2.808387],[99.624187,2.798159],[99.621675,2.796318],[99.619819,2.797895],[99.617442,2.797919],[99.606009,2.796708],[99.593047,2.793498],[99.585308,2.794221],[99.577254,2.7925],[99.57527,2.793438],[99.572646,2.797407],[99.569203,2.800132],[99.551244,2.801059],[99.550963,2.842109],[99.571925,2.839444],[99.610052,2.877784],[99.598971,2.888808],[99.600587,2.89306],[99.60304,2.896075],[99.599947,2.900061],[99.599225,2.903901],[99.599967,2.906169],[99.598737,2.909551],[99.592621,2.914361],[99.592439,2.928297],[99.596155,2.930378],[99.596284,2.94796],[99.599837,2.953319],[99.606501,2.956724]]]}},{"type":"Feature","properties":{"nmkec":"Pulo Bandring","nmkab":"Asahan","nmprov":"Sumatera Utara","kdkec":"091","kdkab":"08","kodekab":"1208","idkec":"1208091","index":45},"geometry":{"type":"Polygon","coordinates":[[[99.568341,3.061509],[99.55702,3.061479],[99.554587,3.055708],[99.555769,3.043467],[99.549245,3.043697],[99.549493,3.028997],[99.531276,3.028804],[99.530038,3.021587],[99.549572,3.021641],[99.549609,3.01586],[99.551392,3.015653],[99.558046,3.0188],[99.560107,3.017762],[99.562784,3.018396],[99.553484,3.027863],[99.573156,3.028947],[99.577867,3.033521],[99.578657,3.037247],[99.581199,3.038389],[99.587946,3.03869],[99.588952,3.033064],[99.62705,3.031999],[99.628168,3.031595],[99.628809,3.028209],[99.625767,3.023032],[99.617609,3.0189],[99.611712,3.01737],[99.58016,3.018987],[99.578272,3.017937],[99.57904,2.989603],[99.577921,2.988152],[99.579132,2.975424],[99.601578,2.975251],[99.602407,2.976758],[99.605837,2.976384],[99.606242,2.973789],[99.596509,2.967828],[99.588581,2.955816],[99.592726,2.951795],[99.590882,2.949829],[99.589344,2.945333],[99.594434,2.939247],[99.590005,2.936959],[99.591184,2.931221],[99.582994,2.92455],[99.58028,2.925832],[99.578609,2.92402],[99.572752,2.927109],[99.553535,2.947881],[99.549468,2.951783],[99.547693,2.951299],[99.545006,2.954068],[99.544656,2.958508],[99.548218,2.963565],[99.553181,2.965523],[99.560415,2.972067],[99.505456,2.972132],[99.505498,2.983914],[99.498468,2.98395],[99.498481,2.986997],[99.496005,2.994306],[99.497973,3.002726],[99.499806,3.0045],[99.509255,3.011406],[99.517455,3.014485],[99.522916,3.01809],[99.522016,3.023851],[99.522871,3.024742],[99.528887,3.029685],[99.533225,3.029927],[99.540744,3.036762],[99.545315,3.038316],[99.565822,3.07924],[99.570074,3.085039],[99.571142,3.08369],[99.569188,3.081474],[99.568601,3.077005],[99.570607,3.075783],[99.568341,3.061509]]]}},{"type":"Feature","properties":{"nmkec":"Silau Laut","nmkab":"Asahan","nmprov":"Sumatera Utara","kdkec":"101","kdkab":"08","kodekab":"1208","idkec":"1208101","index":46},"geometry":{"type":"Polygon","coordinates":[[[99.740405,3.170752],[99.748732,3.170812],[99.757028,3.168358],[99.758595,3.164765],[99.760287,3.155347],[99.769771,3.135121],[99.776968,3.126456],[99.778921,3.124944],[99.781867,3.124765],[99.784059,3.121877],[99.783944,3.119993],[99.786437,3.113922],[99.792563,3.108216],[99.779887,3.09792],[99.769037,3.07869],[99.767738,3.062719],[99.765575,3.061135],[99.763888,3.05564],[99.76386,3.030491],[99.759874,3.028971],[99.760241,3.025843],[99.744036,3.021478],[99.728938,3.023644],[99.728476,3.052343],[99.729184,3.056354],[99.720386,3.061751],[99.717396,3.062146],[99.708206,3.054242],[99.704782,3.05271],[99.702137,3.052761],[99.697683,3.049348],[99.69054,3.049396],[99.691057,3.072601],[99.688535,3.081732],[99.690698,3.093309],[99.706544,3.125725],[99.712093,3.134636],[99.726582,3.151424],[99.731694,3.160692],[99.737688,3.165189],[99.73812,3.167574],[99.73624,3.172581],[99.737688,3.173116],[99.740405,3.170752]]]}},{"type":"Feature","properties":{"nmkec":"Kisaran Barat","nmkab":"Asahan","nmprov":"Sumatera Utara","kdkec":"160","kdkab":"08","kodekab":"1208","idkec":"1208160","index":47},"geometry":{"type":"Polygon","coordinates":[[[99.58016,3.018987],[99.610311,3.017803],[99.610972,3.017272],[99.60812,3.013975],[99.610204,3.01057],[99.622006,3.010955],[99.621995,3.004286],[99.624374,3.003801],[99.623282,2.992634],[99.624591,2.986359],[99.627925,2.986328],[99.630824,2.984163],[99.62997,2.975085],[99.628536,2.973313],[99.622321,2.978337],[99.61805,2.978139],[99.617022,2.977397],[99.617497,2.975448],[99.601774,2.970566],[99.601071,2.967455],[99.603806,2.962111],[99.603816,2.959578],[99.597891,2.955911],[99.593019,2.954946],[99.592726,2.951795],[99.588581,2.955816],[99.596509,2.967828],[99.606242,2.973789],[99.605837,2.976384],[99.602407,2.976758],[99.601578,2.975251],[99.579132,2.975424],[99.577921,2.988152],[99.57904,2.989603],[99.579039,3.010291],[99.578023,3.013162],[99.578272,3.017937],[99.58016,3.018987]]]}},{"type":"Feature","properties":{"nmkec":"Kisaran Timur","nmkab":"Asahan","nmprov":"Sumatera Utara","kdkec":"170","kdkab":"08","kodekab":"1208","idkec":"1208170","index":48},"geometry":{"type":"Polygon","coordinates":[[[99.65337,3.024819],[99.652644,2.99065],[99.673757,2.998838],[99.673668,2.99528],[99.676801,2.990757],[99.676686,2.979702],[99.672798,2.977002],[99.665285,2.977947],[99.659135,2.975516],[99.650765,2.968407],[99.6584,2.954707],[99.654755,2.952571],[99.657844,2.947362],[99.648342,2.94802],[99.644103,2.951484],[99.64472,2.961114],[99.630898,2.961975],[99.614282,2.968646],[99.612255,2.973441],[99.617497,2.975448],[99.617022,2.977397],[99.61805,2.978139],[99.622321,2.978337],[99.627965,2.973151],[99.62997,2.975085],[99.630824,2.984163],[99.627925,2.986328],[99.624591,2.986359],[99.623339,2.99577],[99.624217,2.998017],[99.633945,2.997906],[99.634524,3.012968],[99.642592,3.012873],[99.643058,3.02507],[99.65337,3.024819]]]}},{"type":"Feature","properties":{"nmkec":"Silimakuta","nmkab":"Simalungun","nmprov":"Sumatera Utara","kdkec":"010","kdkab":"09","kodekab":"1209","idkec":"1209010","index":49},"geometry":{"type":"Polygon","coordinates":[[[98.699986,3.022136],[98.699387,3.019848],[98.692715,3.019957],[98.68579,3.018006],[98.686049,3.00729],[98.687739,3.007933],[98.69183,3.006613],[98.692266,3.004435],[98.691503,3.002583],[98.690904,3.001875],[98.686601,3.002038],[98.681427,2.996429],[98.668914,2.989621],[98.666097,2.984653],[98.657972,2.97579],[98.653747,2.975266],[98.651273,2.970589],[98.638379,2.957205],[98.63426,2.950527],[98.636854,2.945549],[98.640557,2.941628],[98.638597,2.938687],[98.635329,2.93836],[98.627735,2.930691],[98.616784,2.923355],[98.613114,2.912299],[98.611147,2.910012],[98.607116,2.908487],[98.605265,2.906744],[98.601479,2.899282],[98.601805,2.896874],[98.599003,2.894757],[98.597914,2.896159],[98.595824,2.896515],[98.591019,2.89612],[98.586843,2.894121],[98.580826,2.893661],[98.576823,2.896203],[98.573664,2.899907],[98.571865,2.909123],[98.580294,2.919198],[98.58448,2.929045],[98.589702,2.936343],[98.589661,2.941667],[98.587509,2.94695],[98.58923,2.952658],[98.586058,2.960144],[98.589572,2.96544],[98.596036,2.966581],[98.598336,2.963895],[98.60062,2.963548],[98.605665,2.970036],[98.606171,2.984221],[98.607976,2.993765],[98.599912,2.999569],[98.599216,3.004289],[98.599778,3.019886],[98.611896,3.019174],[98.616179,3.019639],[98.619283,3.021118],[98.627705,3.016437],[98.631137,3.012285],[98.643677,3.006988],[98.649096,3.006321],[98.655264,3.008915],[98.660016,3.00675],[98.665953,3.011788],[98.66856,3.015981],[98.680549,3.024246],[98.683914,3.025607],[98.69763,3.028753],[98.699986,3.022136]]]}},{"type":"Feature","properties":{"nmkec":"Pematang Silimahuta","nmkab":"Simalungun","nmprov":"Sumatera Utara","kdkec":"011","kdkab":"09","kodekab":"1209","idkec":"1209011","index":50},"geometry":{"type":"Polygon","coordinates":[[[98.573899,3.027652],[98.596262,3.019561],[98.599778,3.019886],[98.599216,3.004289],[98.599912,2.999569],[98.607976,2.993765],[98.606171,2.984221],[98.605925,2.97149],[98.60062,2.963548],[98.598336,2.963895],[98.596036,2.966581],[98.589572,2.96544],[98.586906,2.961843],[98.586136,2.959147],[98.589375,2.951661],[98.587509,2.94695],[98.589661,2.941667],[98.589702,2.936343],[98.58448,2.929045],[98.580294,2.919198],[98.57162,2.908306],[98.573664,2.899907],[98.576823,2.896203],[98.580826,2.893661],[98.586843,2.894121],[98.591019,2.89612],[98.597056,2.896445],[98.599003,2.894757],[98.601489,2.895559],[98.599523,2.89047],[98.596697,2.888332],[98.593915,2.889541],[98.588309,2.886095],[98.580543,2.886391],[98.574565,2.884299],[98.571053,2.887585],[98.571403,2.891302],[98.570267,2.893152],[98.568289,2.893812],[98.565438,2.892623],[98.560789,2.893908],[98.558167,2.902454],[98.555892,2.902256],[98.550056,2.894352],[98.544863,2.898136],[98.540441,2.897206],[98.532631,2.905176],[98.534673,2.927363],[98.541177,2.935761],[98.545519,2.944212],[98.547488,2.949434],[98.546994,2.954756],[98.551939,2.967189],[98.551858,2.970786],[98.549991,2.973057],[98.549253,2.97808],[98.551507,2.987488],[98.554517,2.991442],[98.553825,2.996382],[98.551073,3.000069],[98.553296,3.00699],[98.553922,3.014489],[98.55777,3.022545],[98.556384,3.026961],[98.56718,3.034159],[98.56916,3.030882],[98.573899,3.027652]]]}},{"type":"Feature","properties":{"nmkec":"Haranggaol Horison","nmkab":"Simalungun","nmprov":"Sumatera Utara","kdkec":"021","kdkab":"09","kodekab":"1209","idkec":"1209021","index":51},"geometry":{"type":"Polygon","coordinates":[[[98.659797,2.916152],[98.664072,2.916261],[98.66591,2.914627],[98.667667,2.910556],[98.671976,2.906308],[98.679063,2.902387],[98.679676,2.8963],[98.683325,2.895742],[98.687355,2.892379],[98.690547,2.884295],[98.689881,2.880588],[98.692441,2.873371],[98.6953,2.869096],[98.696063,2.865365],[98.701026,2.858993],[98.703586,2.856446],[98.716099,2.854132],[98.729551,2.84716],[98.737231,2.839045],[98.739028,2.83251],[98.740288,2.831141],[98.739689,2.827497],[98.737615,2.827934],[98.735785,2.827143],[98.733139,2.829317],[98.729553,2.838209],[98.726091,2.842309],[98.723346,2.843396],[98.717658,2.842828],[98.703264,2.847867],[98.692234,2.853919],[98.686694,2.861625],[98.68845,2.864984],[98.687214,2.871135],[98.677025,2.87726],[98.673068,2.876692],[98.669828,2.869653],[98.669602,2.862655],[98.668319,2.862243],[98.660356,2.868986],[98.653134,2.871431],[98.648732,2.868961],[98.645418,2.864021],[98.640917,2.862934],[98.639087,2.866046],[98.631965,2.867924],[98.630135,2.871283],[98.632707,2.875136],[98.632509,2.876173],[98.62875,2.879286],[98.624397,2.880916],[98.621231,2.880027],[98.618395,2.877029],[98.611636,2.877161],[98.610498,2.876173],[98.610498,2.873654],[98.607629,2.871184],[98.604315,2.872814],[98.599963,2.876717],[98.59848,2.881594],[98.598974,2.885362],[98.596381,2.888523],[98.599523,2.89047],[98.601489,2.895559],[98.600501,2.89569],[98.601805,2.896874],[98.606517,2.894952],[98.607852,2.893264],[98.605129,2.887409],[98.606735,2.882153],[98.614006,2.883488],[98.615967,2.885585],[98.616648,2.89065],[98.622748,2.892774],[98.639575,2.891057],[98.651341,2.885748],[98.653955,2.888144],[98.657659,2.894027],[98.657877,2.898819],[98.656243,2.899582],[98.653302,2.907425],[98.649271,2.910584],[98.649271,2.913633],[98.661049,2.909562],[98.662901,2.912857],[98.662792,2.914464],[98.661757,2.91509],[98.659579,2.914682],[98.659797,2.916152]]]}},{"type":"Feature","properties":{"nmkec":"Dolok Pardamean","nmkab":"Simalungun","nmprov":"Sumatera Utara","kdkec":"030","kdkab":"09","kodekab":"1209","idkec":"1209030","index":52},"geometry":{"type":"Polygon","coordinates":[[[98.810918,2.888594],[98.810492,2.877268],[98.813868,2.872611],[98.819576,2.868788],[98.827733,2.867663],[98.842844,2.874081],[98.845718,2.877484],[98.857791,2.880683],[98.860069,2.877781],[98.860383,2.874413],[98.858747,2.872358],[98.85946,2.870564],[98.86322,2.86753],[98.865103,2.86375],[98.860498,2.860693],[98.851254,2.858083],[98.852962,2.848386],[98.846346,2.846232],[98.844306,2.844794],[98.843987,2.84302],[98.839085,2.840591],[98.829329,2.825005],[98.829613,2.821258],[98.824895,2.816842],[98.823234,2.813239],[98.818775,2.80818],[98.811188,2.801182],[98.810662,2.792136],[98.808095,2.783805],[98.804134,2.78126],[98.802633,2.784262],[98.796747,2.788165],[98.791405,2.796613],[98.784035,2.798342],[98.774143,2.805307],[98.77209,2.80926],[98.766872,2.811853],[98.764993,2.811903],[98.750871,2.823981],[98.745752,2.823907],[98.742784,2.82702],[98.739689,2.827497],[98.740307,2.831228],[98.751691,2.830885],[98.770004,2.83995],[98.770749,2.850086],[98.769909,2.853751],[98.782895,2.852798],[98.783667,2.857958],[98.783418,2.870131],[98.787937,2.875519],[98.790679,2.882065],[98.798292,2.887041],[98.808167,2.890523],[98.810918,2.888594]]]}},{"type":"Feature","properties":{"nmkec":"Sidamanik","nmkab":"Simalungun","nmprov":"Sumatera Utara","kdkec":"040","kdkab":"09","kodekab":"1209","idkec":"1209040","index":53},"geometry":{"type":"Polygon","coordinates":[[[99.016835,2.900428],[99.015171,2.898434],[99.017288,2.892189],[99.010032,2.888328],[99.008643,2.879651],[99.005693,2.87534],[99.007451,2.872695],[99.000232,2.869895],[98.997073,2.864959],[98.995464,2.852993],[98.985252,2.850053],[98.976559,2.84421],[98.967735,2.842982],[98.962669,2.838198],[98.959759,2.838508],[98.951441,2.833918],[98.947751,2.828198],[98.946534,2.827661],[98.942684,2.828622],[98.938742,2.826964],[98.931293,2.821471],[98.92842,2.815951],[98.92028,2.804825],[98.917035,2.803395],[98.912806,2.805761],[98.912533,2.8091],[98.914011,2.814466],[98.912786,2.815866],[98.909111,2.815341],[98.904386,2.812016],[98.901236,2.807466],[98.895112,2.809391],[98.89493,2.817233],[98.890824,2.816949],[98.889612,2.815596],[98.890656,2.81467],[98.888141,2.8123],[98.883224,2.816831],[98.886434,2.820957],[98.893979,2.826929],[98.895161,2.830526],[98.895011,2.850865],[98.889671,2.850428],[98.885261,2.847968],[98.875271,2.848057],[98.871617,2.846315],[98.870494,2.847344],[98.869997,2.851535],[98.881197,2.864393],[98.891311,2.872922],[98.889833,2.878207],[98.885855,2.886417],[98.891757,2.891892],[98.892865,2.890106],[98.898925,2.892807],[98.91494,2.894165],[98.925224,2.887422],[98.932898,2.884491],[98.938958,2.87904],[98.946863,2.883651],[98.960108,2.882788],[98.969852,2.890172],[98.976439,2.891819],[98.983899,2.887372],[98.984727,2.883013],[98.986045,2.881177],[98.987937,2.880821],[98.997599,2.888645],[99.006531,2.893244],[99.0085,2.898711],[99.024054,2.905765],[99.024523,2.90413],[99.016835,2.900428]]]}},{"type":"Feature","properties":{"nmkec":"Pematang Sidamanik","nmkab":"Simalungun","nmprov":"Sumatera Utara","kdkec":"041","kdkab":"09","kodekab":"1209","idkec":"1209041","index":54},"geometry":{"type":"Polygon","coordinates":[[[98.891834,2.891699],[98.885855,2.886417],[98.889833,2.878207],[98.891311,2.872922],[98.881197,2.864393],[98.869997,2.851535],[98.870494,2.847344],[98.871617,2.846315],[98.875271,2.848057],[98.885261,2.847968],[98.889671,2.850428],[98.895011,2.850865],[98.895161,2.830526],[98.893979,2.826929],[98.886434,2.820957],[98.883224,2.816831],[98.888141,2.8123],[98.890656,2.81467],[98.889612,2.815596],[98.890824,2.816949],[98.89493,2.817233],[98.895112,2.809391],[98.901236,2.807466],[98.904386,2.812016],[98.909111,2.815341],[98.912786,2.815866],[98.914011,2.814466],[98.912533,2.806187],[98.91742,2.803432],[98.92028,2.804825],[98.924689,2.810502],[98.931293,2.821471],[98.938742,2.826964],[98.942684,2.828622],[98.947491,2.827285],[98.957191,2.827605],[98.956075,2.825753],[98.952242,2.824373],[98.94841,2.820694],[98.938873,2.8077],[98.934002,2.795249],[98.934166,2.789306],[98.926525,2.778503],[98.925471,2.772048],[98.932322,2.769018],[98.930873,2.768491],[98.929555,2.76467],[98.926092,2.761004],[98.931625,2.749031],[98.939071,2.742061],[98.93939,2.736552],[98.936094,2.73721],[98.933002,2.736252],[98.930047,2.737989],[98.924549,2.738946],[98.909832,2.731991],[98.909563,2.730035],[98.905791,2.726175],[98.90115,2.703823],[98.899529,2.702891],[98.895622,2.70467],[98.888746,2.718207],[98.886075,2.722259],[98.88291,2.724828],[98.878359,2.72631],[98.865499,2.734709],[98.861246,2.735302],[98.858476,2.733325],[98.854222,2.73461],[98.853668,2.73975],[98.843835,2.742317],[98.83236,2.749629],[98.827809,2.759115],[98.827018,2.765587],[98.820687,2.772899],[98.813119,2.776456],[98.809954,2.776752],[98.809063,2.775369],[98.811388,2.770972],[98.811042,2.768255],[98.809657,2.767415],[98.806026,2.772886],[98.805898,2.777444],[98.804134,2.78126],[98.808095,2.783805],[98.810662,2.792136],[98.811188,2.801182],[98.818775,2.80818],[98.823234,2.813239],[98.824895,2.816842],[98.829613,2.821258],[98.829329,2.825005],[98.839085,2.840591],[98.843987,2.84302],[98.844306,2.844794],[98.846346,2.846232],[98.852962,2.848386],[98.851254,2.858083],[98.860498,2.860693],[98.865103,2.86375],[98.86322,2.86753],[98.861047,2.868727],[98.858747,2.872358],[98.880076,2.894291],[98.888959,2.898493],[98.891834,2.891699]]]}},{"type":"Feature","properties":{"nmkec":"Girsang Sipangan Bolon","nmkab":"Simalungun","nmprov":"Sumatera Utara","kdkec":"050","kdkab":"09","kodekab":"1209","idkec":"1209050","index":55},"geometry":{"type":"Polygon","coordinates":[[[98.930047,2.737989],[98.933002,2.736252],[98.936094,2.73721],[98.93939,2.736552],[98.941278,2.731632],[98.944793,2.730396],[98.945626,2.723847],[98.946954,2.722285],[98.963354,2.708952],[98.99719,2.712082],[98.998898,2.704795],[98.998,2.698236],[98.999066,2.689149],[98.995976,2.682917],[99.020652,2.673856],[99.0416,2.642796],[99.042853,2.634224],[99.040981,2.630482],[99.027663,2.618842],[99.023918,2.616763],[99.006844,2.613785],[99.004793,2.610225],[98.997494,2.609337],[98.996274,2.607378],[98.977258,2.606064],[98.967294,2.609249],[98.963323,2.616089],[98.962536,2.626822],[98.956644,2.634567],[98.956653,2.641302],[98.951911,2.654875],[98.950443,2.656548],[98.946792,2.657901],[98.939674,2.658074],[98.935435,2.660514],[98.930003,2.65957],[98.930381,2.661735],[98.929491,2.663661],[98.925138,2.664501],[98.926681,2.667482],[98.934858,2.665396],[98.936675,2.668676],[98.933707,2.67085],[98.933089,2.67631],[98.931877,2.678262],[98.9298,2.67836],[98.925546,2.676162],[98.923864,2.68004],[98.924878,2.686784],[98.921045,2.691009],[98.916343,2.69205],[98.914937,2.696271],[98.915876,2.697679],[98.91924,2.698346],[98.919067,2.703879],[98.916396,2.705115],[98.910856,2.702249],[98.90408,2.702447],[98.90115,2.703823],[98.905791,2.726175],[98.909563,2.730035],[98.909832,2.731991],[98.924549,2.738946],[98.930047,2.737989]]]}},{"type":"Feature","properties":{"nmkec":"Hatonduhan","nmkab":"Simalungun","nmprov":"Sumatera Utara","kdkec":"061","kdkab":"09","kodekab":"1209","idkec":"1209061","index":56},"geometry":{"type":"Polygon","coordinates":[[[99.252741,2.878894],[99.258057,2.87344],[99.259843,2.873137],[99.285472,2.873336],[99.289184,2.872701],[99.289654,2.870696],[99.288714,2.868905],[99.284731,2.866386],[99.278043,2.863799],[99.275852,2.864662],[99.266203,2.859186],[99.264056,2.854836],[99.265433,2.85108],[99.264605,2.849076],[99.260738,2.846596],[99.259072,2.843819],[99.259565,2.840303],[99.257645,2.838053],[99.258176,2.83148],[99.250577,2.823812],[99.248576,2.81914],[99.24804,2.812336],[99.240504,2.808524],[99.225397,2.798775],[99.21951,2.792113],[99.21267,2.787007],[99.211336,2.782229],[99.210891,2.774657],[99.208014,2.770235],[99.197291,2.766639],[99.191644,2.762212],[99.184992,2.755164],[99.176606,2.752505],[99.173511,2.750154],[99.1728,2.748289],[99.167219,2.742669],[99.159891,2.738324],[99.154779,2.736757],[99.150713,2.730506],[99.139294,2.718683],[99.135368,2.718923],[99.128534,2.715386],[99.125717,2.712629],[99.124698,2.709931],[99.126646,2.70058],[99.126166,2.693297],[99.118541,2.686036],[99.114197,2.682834],[99.106091,2.680505],[99.10421,2.680774],[99.099406,2.676161],[99.090091,2.674548],[99.085735,2.670383],[99.080047,2.663173],[99.078469,2.6595],[99.07689,2.650632],[99.077069,2.643198],[99.075759,2.630792],[99.081449,2.614383],[99.079814,2.60448],[99.077237,2.603494],[99.068793,2.607543],[99.063315,2.612194],[99.053156,2.623813],[99.049512,2.629859],[99.042853,2.634224],[99.0416,2.642796],[99.020652,2.673856],[98.995976,2.682917],[98.999066,2.689149],[98.998,2.698236],[98.998898,2.704795],[98.997177,2.71214],[98.99826,2.729837],[99.003316,2.738505],[99.018792,2.744972],[99.039306,2.755486],[99.045239,2.754639],[99.05055,2.757106],[99.053969,2.759958],[99.05948,2.769313],[99.059354,2.778124],[99.06359,2.781231],[99.081597,2.790705],[99.087642,2.800208],[99.091461,2.813994],[99.099193,2.820924],[99.106989,2.824347],[99.104363,2.817165],[99.102196,2.814637],[99.101925,2.811657],[99.106744,2.809624],[99.110944,2.809612],[99.132082,2.825381],[99.138764,2.825471],[99.141202,2.829173],[99.144362,2.83107],[99.153252,2.832192],[99.163763,2.836721],[99.166727,2.84803],[99.170135,2.850945],[99.174248,2.866915],[99.182826,2.86845],[99.187979,2.864764],[99.199893,2.852816],[99.203773,2.850933],[99.20445,2.852288],[99.21217,2.853597],[99.223818,2.857164],[99.227339,2.860775],[99.230454,2.859737],[99.231853,2.858112],[99.233253,2.858473],[99.237583,2.863114],[99.239799,2.867637],[99.250995,2.877468],[99.252142,2.877283],[99.252741,2.878894]]]}},{"type":"Feature","properties":{"nmkec":"Dolok Panribuan","nmkab":"Simalungun","nmprov":"Sumatera Utara","kdkec":"070","kdkab":"09","kodekab":"1209","idkec":"1209070","index":57},"geometry":{"type":"MultiPolygon","coordinates":[[[[99.089924,2.85509],[99.091706,2.854117],[99.095689,2.856337],[99.099487,2.856712],[99.103023,2.846497],[99.107186,2.843424],[99.106723,2.832364],[99.107651,2.827293],[99.105918,2.82402],[99.099193,2.820924],[99.091461,2.813994],[99.087642,2.800208],[99.081597,2.790705],[99.06359,2.781231],[99.059354,2.778124],[99.05948,2.769313],[99.053969,2.759958],[99.05055,2.757106],[99.045239,2.754639],[99.039306,2.755486],[99.018792,2.744972],[99.003316,2.738505],[98.99826,2.729837],[98.99719,2.712082],[98.963354,2.708952],[98.946954,2.722285],[98.945626,2.723847],[98.944793,2.730396],[98.941278,2.731632],[98.93939,2.736552],[98.939071,2.742061],[98.931625,2.749031],[98.926092,2.761004],[98.929555,2.76467],[98.930873,2.768491],[98.932322,2.769018],[98.949619,2.75804],[98.961565,2.767996],[98.960894,2.777165],[98.966038,2.777836],[98.967469,2.779047],[98.96783,2.785644],[98.976414,2.794485],[98.977563,2.802013],[98.983771,2.808374],[98.984154,2.81121],[98.999147,2.822534],[98.99953,2.826289],[99.00068,2.828205],[99.007577,2.831347],[99.015012,2.830351],[99.014455,2.823094],[99.016621,2.823607],[99.021851,2.826664],[99.029584,2.833933],[99.03464,2.839193],[99.0348,2.840961],[99.036625,2.84338],[99.039452,2.845579],[99.046002,2.847905],[99.052856,2.85415],[99.058331,2.854571],[99.063296,2.859935],[99.071456,2.862796],[99.083989,2.871891],[99.08672,2.871172],[99.086144,2.861361],[99.089924,2.85509]]],[[[99.115456,2.837945],[99.115464,2.836985],[99.114254,2.836542],[99.11402,2.837859],[99.115456,2.837945]]]]}},{"type":"Feature","properties":{"nmkec":"Jorlang Hataran","nmkab":"Simalungun","nmprov":"Sumatera Utara","kdkec":"080","kdkab":"09","kodekab":"1209","idkec":"1209080","index":58},"geometry":{"type":"Polygon","coordinates":[[[99.089298,2.892348],[99.088919,2.875487],[99.092695,2.87612],[99.094512,2.870425],[99.091,2.869172],[99.083989,2.871891],[99.071456,2.862796],[99.063296,2.859935],[99.058331,2.854571],[99.051284,2.853354],[99.046002,2.847905],[99.039452,2.845579],[99.036625,2.84338],[99.0348,2.840961],[99.03464,2.839193],[99.029584,2.833933],[99.021851,2.826664],[99.016621,2.823607],[99.014455,2.823094],[99.015012,2.830351],[99.007577,2.831347],[99.00068,2.828205],[98.99953,2.826289],[98.999147,2.822534],[98.984154,2.81121],[98.983771,2.808374],[98.977563,2.802013],[98.976414,2.794485],[98.96783,2.785644],[98.967469,2.779047],[98.966038,2.777836],[98.960894,2.777165],[98.961565,2.767996],[98.949619,2.75804],[98.932322,2.769018],[98.925471,2.772048],[98.926525,2.778503],[98.934166,2.789306],[98.934002,2.795249],[98.938873,2.8077],[98.94841,2.820694],[98.952242,2.824373],[98.956075,2.825753],[98.957191,2.827605],[98.946534,2.827661],[98.948893,2.829356],[98.951441,2.833918],[98.959759,2.838508],[98.962669,2.838198],[98.967735,2.842982],[98.976559,2.84421],[98.985252,2.850053],[98.995113,2.852657],[98.99592,2.853526],[98.997073,2.864959],[99.000232,2.869895],[99.007451,2.872695],[99.005693,2.87534],[99.008643,2.879651],[99.010032,2.888328],[99.011247,2.889288],[99.018835,2.892699],[99.020578,2.891684],[99.027675,2.891925],[99.0234,2.886897],[99.021087,2.881454],[99.023711,2.868157],[99.02734,2.867664],[99.029885,2.868586],[99.036002,2.873779],[99.04236,2.876449],[99.046617,2.881539],[99.051996,2.881807],[99.059214,2.878894],[99.064686,2.880871],[99.066535,2.88781],[99.072554,2.889466],[99.079606,2.894046],[99.086201,2.896053],[99.089298,2.892348]]]}},{"type":"Feature","properties":{"nmkec":"Panombean Panei","nmkab":"Simalungun","nmprov":"Sumatera Utara","kdkec":"091","kdkab":"09","kodekab":"1209","idkec":"1209091","index":59},"geometry":{"type":"Polygon","coordinates":[[[99.011631,3.011589],[99.012224,3.009745],[99.009523,3.00599],[99.007876,2.994792],[99.008303,2.992755],[99.010841,2.991323],[99.025299,3.002829],[99.037129,3.005873],[99.03686,2.997701],[99.033342,2.996745],[99.029357,2.993892],[99.021966,2.983365],[99.02198,2.976258],[99.023202,2.972985],[99.026443,2.972289],[99.0263,2.966915],[99.021304,2.958097],[99.021215,2.956303],[99.022226,2.956526],[99.023429,2.952305],[99.021551,2.951463],[99.020343,2.948598],[99.022351,2.943398],[99.031039,2.936227],[99.03259,2.931619],[99.038236,2.930297],[99.040995,2.928275],[99.04155,2.924755],[99.038158,2.922363],[99.033512,2.921381],[99.03378,2.918986],[99.037718,2.914751],[99.032617,2.911599],[99.027749,2.909964],[99.024054,2.905765],[99.018591,2.903373],[99.017207,2.907253],[99.01788,2.909577],[99.017162,2.916873],[99.013402,2.9233],[99.012533,2.923784],[99.011416,2.922365],[99.007381,2.920563],[99.003018,2.922943],[99.001907,2.924839],[98.996277,2.925828],[98.990468,2.925534],[98.985447,2.922828],[98.98189,2.92454],[98.97455,2.931298],[98.972009,2.931786],[98.971087,2.931523],[98.97051,2.928799],[98.968717,2.927828],[98.96222,2.927323],[98.962481,2.916433],[98.966007,2.916521],[98.966467,2.91568],[98.958811,2.909116],[98.952177,2.9087],[98.943856,2.916709],[98.938227,2.919952],[98.935209,2.91982],[98.932145,2.917484],[98.928452,2.916949],[98.922326,2.922963],[98.922427,2.927238],[98.925372,2.927559],[98.925446,2.934487],[98.933037,2.934743],[98.939477,2.932798],[98.948892,2.933641],[98.959807,2.941453],[98.963841,2.948518],[98.962985,2.968938],[98.959642,2.974553],[98.950896,2.976074],[98.945546,2.997288],[98.946619,2.99808],[98.951342,2.998003],[98.960169,2.99247],[98.971104,2.991021],[98.976406,2.997509],[98.97835,3.001758],[98.98912,3.004722],[98.992145,3.007298],[98.998918,3.009679],[99.009589,3.012512],[99.011631,3.011589]]]}},{"type":"Feature","properties":{"nmkec":"Silau Kahean","nmkab":"Simalungun","nmprov":"Sumatera Utara","kdkec":"120","kdkab":"09","kodekab":"1209","idkec":"1209120","index":60},"geometry":{"type":"Polygon","coordinates":[[[98.966355,3.286098],[98.980361,3.27235],[98.97948,3.271514],[98.976687,3.271497],[98.97139,3.268067],[98.966483,3.267526],[98.964035,3.265723],[98.958252,3.250616],[98.955303,3.240033],[98.952597,3.221903],[98.949252,3.220362],[98.948026,3.218062],[98.941177,3.212218],[98.940199,3.209131],[98.923517,3.208492],[98.920645,3.204343],[98.920006,3.197961],[98.915538,3.195088],[98.911071,3.187748],[98.908697,3.176779],[98.901391,3.171069],[98.896659,3.177098],[98.888672,3.166736],[98.887651,3.162298],[98.890297,3.144608],[98.884579,3.141463],[98.881702,3.138586],[98.88054,3.134657],[98.881789,3.130782],[98.878921,3.121065],[98.862162,3.106049],[98.861212,3.103673],[98.85534,3.10329],[98.856351,3.099132],[98.860323,3.094077],[98.860685,3.090104],[98.85924,3.086673],[98.85599,3.084145],[98.854545,3.079451],[98.8466,3.078006],[98.843531,3.075298],[98.832516,3.076201],[98.82503,3.08356],[98.81672,3.08503],[98.810728,3.088586],[98.804427,3.094191],[98.802197,3.098359],[98.801363,3.084631],[98.797844,3.087161],[98.792835,3.087983],[98.788735,3.084251],[98.785931,3.083845],[98.769153,3.090826],[98.766794,3.094095],[98.755151,3.088099],[98.75138,3.089202],[98.745537,3.097006],[98.762067,3.128947],[98.756679,3.132898],[98.76011,3.139579],[98.761193,3.150052],[98.765246,3.154973],[98.766791,3.159983],[98.766791,3.167386],[98.773652,3.169733],[98.777912,3.169733],[98.779521,3.173254],[98.778798,3.176775],[98.777534,3.177949],[98.80742,3.185292],[98.810387,3.190289],[98.817249,3.194803],[98.823749,3.204735],[98.826097,3.206901],[98.83025,3.207804],[98.830791,3.210693],[98.841667,3.224056],[98.85137,3.229164],[98.858244,3.237728],[98.859953,3.237677],[98.862167,3.239753],[98.863992,3.242732],[98.864903,3.249023],[98.862577,3.257725],[98.864164,3.260413],[98.867943,3.261498],[98.900807,3.260132],[98.90132,3.256794],[98.906412,3.256294],[98.90909,3.25387],[98.919009,3.260249],[98.926601,3.266699],[98.936629,3.27116],[98.940091,3.274527],[98.944252,3.27581],[98.95096,3.276222],[98.956659,3.282696],[98.964236,3.28699],[98.966355,3.286098]]]}},{"type":"Feature","properties":{"nmkec":"Tapian Dolok","nmkab":"Simalungun","nmprov":"Sumatera Utara","kdkec":"140","kdkab":"09","kodekab":"1209","idkec":"1209140","index":61},"geometry":{"type":"Polygon","coordinates":[[[99.106196,3.139307],[99.107813,3.109096],[99.094524,3.095912],[99.09313,3.091562],[99.097634,3.080836],[99.100276,3.07154],[99.118836,3.071231],[99.094069,3.030323],[99.095329,3.017741],[99.096126,3.016826],[99.094029,3.015819],[99.092541,3.012748],[99.088244,3.013029],[99.084693,3.014775],[99.076312,3.014041],[99.06884,3.015263],[99.064229,3.011984],[99.061787,3.008736],[99.057544,3.00625],[99.055496,3.007058],[99.038222,3.00751],[99.037129,3.005873],[99.025299,3.002829],[99.011742,2.991462],[99.008303,2.992755],[99.007876,2.994792],[99.009523,3.00599],[99.012224,3.009745],[99.011631,3.011589],[99.009589,3.012512],[98.992145,3.007298],[98.992796,3.0101],[98.99126,3.011489],[98.989616,3.010794],[98.987167,3.011416],[98.986253,3.014705],[98.986691,3.017849],[98.98941,3.023605],[98.997694,3.026494],[99.00032,3.031467],[99.001466,3.040412],[99.006832,3.044698],[99.009827,3.048482],[99.009303,3.059305],[99.007079,3.070317],[99.018646,3.084412],[99.031675,3.094802],[99.032598,3.109264],[99.042446,3.111865],[99.046041,3.114015],[99.052894,3.129291],[99.081842,3.12924],[99.081899,3.134272],[99.095546,3.134261],[99.106196,3.139307]]]}},{"type":"Feature","properties":{"nmkec":"Hutabayu Raja","nmkab":"Simalungun","nmprov":"Sumatera Utara","kdkec":"170","kdkab":"09","kodekab":"1209","idkec":"1209170","index":62},"geometry":{"type":"Polygon","coordinates":[[[99.330138,3.121662],[99.331733,3.119777],[99.332979,3.114689],[99.33238,3.113191],[99.333394,3.107524],[99.331525,3.105136],[99.330798,3.102332],[99.332875,3.095271],[99.337756,3.08769],[99.339412,3.083283],[99.339106,3.073983],[99.336302,3.062249],[99.336717,3.059757],[99.334017,3.055084],[99.331316,3.041103],[99.330669,3.028994],[99.327455,3.021808],[99.325087,3.0028],[99.321177,3.000282],[99.313497,2.99011],[99.311172,2.989612],[99.305461,2.98307],[99.301537,2.976536],[99.301458,2.974004],[99.299902,2.971197],[99.297258,2.969155],[99.295863,2.959528],[99.300061,2.958563],[99.298306,2.953056],[99.297569,2.925646],[99.299438,2.923465],[99.302657,2.922946],[99.304839,2.916806],[99.308369,2.9109],[99.307538,2.905916],[99.309912,2.900288],[99.321125,2.897764],[99.323841,2.898232],[99.32841,2.899582],[99.329843,2.904856],[99.337498,2.906941],[99.345642,2.904435],[99.345762,2.90299],[99.347796,2.902739],[99.348838,2.904037],[99.362161,2.904175],[99.37548,2.896691],[99.383305,2.894741],[99.378906,2.888608],[99.378738,2.8861],[99.370805,2.881801],[99.359765,2.880818],[99.356279,2.883724],[99.353423,2.888292],[99.352546,2.891657],[99.347334,2.894232],[99.3375,2.893974],[99.334054,2.893608],[99.320328,2.885017],[99.31567,2.883304],[99.312591,2.880717],[99.310645,2.877258],[99.306307,2.881356],[99.305265,2.881389],[99.300358,2.875847],[99.296985,2.870349],[99.285472,2.873336],[99.258057,2.87344],[99.252741,2.878894],[99.25354,2.881228],[99.254475,2.882578],[99.259511,2.884447],[99.259563,2.887666],[99.262055,2.889846],[99.263717,2.890054],[99.264028,2.887458],[99.264963,2.88751],[99.265852,2.889853],[99.254111,2.900594],[99.235837,2.920029],[99.236531,2.92166],[99.235434,2.922781],[99.236666,2.926866],[99.244718,2.931127],[99.24753,2.937029],[99.253421,2.942027],[99.261297,2.953886],[99.264974,2.956823],[99.266314,2.959534],[99.259227,2.965481],[99.249854,2.957551],[99.246946,2.958797],[99.247777,2.962535],[99.255189,2.968866],[99.255669,2.971466],[99.255669,2.97375],[99.25131,2.977322],[99.250821,2.983059],[99.258537,2.985605],[99.262441,2.990099],[99.267807,3.000296],[99.267532,3.004058],[99.264889,3.008426],[99.258796,3.007777],[99.253855,3.009729],[99.255037,3.012976],[99.258588,3.016334],[99.261401,3.026222],[99.26299,3.027748],[99.27258,3.030536],[99.278022,3.030585],[99.280721,3.038304],[99.280173,3.043408],[99.286276,3.053916],[99.29309,3.05478],[99.290742,3.059523],[99.29313,3.067831],[99.295311,3.070323],[99.297766,3.065524],[99.299501,3.066846],[99.302196,3.07408],[99.306993,3.082753],[99.306665,3.088601],[99.308881,3.092939],[99.314833,3.09296],[99.315245,3.102197],[99.316898,3.10516],[99.318251,3.113332],[99.322128,3.116407],[99.321901,3.120987],[99.330138,3.121662]],[[99.306115,3.039061],[99.307179,3.045008],[99.312379,3.051237],[99.303228,3.051424],[99.303644,3.041247],[99.306115,3.039061]]]}},{"type":"Feature","properties":{"nmkec":"Jawa Maraja Bah Jambi","nmkab":"Simalungun","nmprov":"Sumatera Utara","kdkec":"171","kdkab":"09","kodekab":"1209","idkec":"1209171","index":63},"geometry":{"type":"Polygon","coordinates":[[[99.264889,3.008426],[99.267532,3.004058],[99.267807,3.000296],[99.262441,2.990099],[99.258537,2.985605],[99.250821,2.983059],[99.25131,2.977322],[99.255669,2.97375],[99.255669,2.971466],[99.255189,2.968866],[99.247777,2.962535],[99.246946,2.958797],[99.249854,2.957551],[99.259227,2.965481],[99.266314,2.959534],[99.264974,2.956823],[99.261297,2.953886],[99.253421,2.942027],[99.24753,2.937029],[99.244718,2.931127],[99.236666,2.926866],[99.235434,2.922781],[99.236292,2.922646],[99.236531,2.921286],[99.234252,2.918615],[99.228517,2.918184],[99.23245,2.923032],[99.222606,2.933221],[99.218104,2.93356],[99.217505,2.935072],[99.209425,2.928348],[99.201499,2.928334],[99.20146,2.930148],[99.200334,2.930803],[99.194652,2.931184],[99.188399,2.930904],[99.183025,2.929449],[99.179515,2.927126],[99.176716,2.930761],[99.176884,2.935307],[99.167216,2.942887],[99.170844,2.951508],[99.168896,2.954912],[99.168324,2.955325],[99.162322,2.95026],[99.161489,2.951109],[99.163163,2.952206],[99.154407,2.961153],[99.153046,2.959354],[99.151508,2.959977],[99.15164,2.961264],[99.153627,2.962039],[99.154551,2.967341],[99.155753,2.968979],[99.163415,2.971427],[99.165629,2.969878],[99.167179,2.970077],[99.171767,2.973479],[99.172768,2.975215],[99.186941,2.978846],[99.194525,2.979663],[99.202976,2.985723],[99.208659,2.994391],[99.231465,3.00298],[99.233303,3.005898],[99.236025,3.007715],[99.237798,3.007726],[99.246161,3.004087],[99.249952,3.004895],[99.2565,3.008469],[99.258796,3.007777],[99.264889,3.008426]]]}},{"type":"Feature","properties":{"nmkec":"Pematang Bandar","nmkab":"Simalungun","nmprov":"Sumatera Utara","kdkec":"180","kdkab":"09","kodekab":"1209","idkec":"1209180","index":64},"geometry":{"type":"Polygon","coordinates":[[[99.248528,3.152488],[99.252839,3.147373],[99.251593,3.143219],[99.252009,3.136366],[99.26097,3.13091],[99.264885,3.132835],[99.266046,3.137047],[99.275269,3.137197],[99.286276,3.13242],[99.285653,3.125255],[99.290742,3.122451],[99.293338,3.124424],[99.300363,3.121995],[99.295789,3.105767],[99.290488,3.098952],[99.287139,3.097459],[99.283966,3.097414],[99.281281,3.095051],[99.280797,3.092537],[99.282058,3.087746],[99.280145,3.086366],[99.279832,3.081891],[99.292372,3.081901],[99.295708,3.077382],[99.29667,3.077369],[99.296652,3.074573],[99.296037,3.069778],[99.295311,3.070323],[99.29313,3.067831],[99.291053,3.062742],[99.290742,3.059523],[99.29309,3.05478],[99.286276,3.053916],[99.280173,3.043408],[99.280721,3.038304],[99.278022,3.030585],[99.275892,3.032005],[99.275892,3.034809],[99.274438,3.036159],[99.267585,3.036886],[99.265508,3.035536],[99.203965,3.056245],[99.203554,3.05976],[99.209691,3.072734],[99.213943,3.077035],[99.219096,3.079643],[99.219844,3.083515],[99.225583,3.09343],[99.23433,3.117882],[99.233659,3.121655],[99.232694,3.122555],[99.232472,3.121386],[99.228095,3.123524],[99.227045,3.127597],[99.233715,3.134623],[99.23419,3.138613],[99.236702,3.143126],[99.243647,3.15173],[99.248528,3.152488]]]}},{"type":"Feature","properties":{"nmkec":"Bandar Huluan","nmkab":"Simalungun","nmprov":"Sumatera Utara","kdkec":"181","kdkab":"09","kodekab":"1209","idkec":"1209181","index":65},"geometry":{"type":"Polygon","coordinates":[[[99.256564,3.235276],[99.2621,3.232591],[99.266209,3.228811],[99.267767,3.22528],[99.267909,3.220607],[99.287341,3.205862],[99.290352,3.201708],[99.285862,3.189116],[99.286748,3.186763],[99.283826,3.181641],[99.284111,3.177765],[99.269908,3.163089],[99.252865,3.157537],[99.248785,3.154925],[99.248528,3.152488],[99.243647,3.15173],[99.241347,3.149098],[99.234568,3.139407],[99.233715,3.134623],[99.226983,3.127435],[99.228095,3.123524],[99.232472,3.121386],[99.232694,3.122555],[99.233659,3.121655],[99.23433,3.117882],[99.225583,3.09343],[99.219844,3.083515],[99.219096,3.079643],[99.213943,3.077035],[99.209691,3.072734],[99.206754,3.067615],[99.197685,3.070679],[99.193994,3.068664],[99.194256,3.071101],[99.190155,3.080427],[99.190139,3.087131],[99.188783,3.092469],[99.17845,3.101693],[99.172806,3.101278],[99.166817,3.10457],[99.169398,3.116903],[99.175617,3.123011],[99.180666,3.1299],[99.18323,3.140723],[99.181734,3.143998],[99.182238,3.149802],[99.184341,3.154325],[99.188235,3.158384],[99.192476,3.159015],[99.195173,3.16067],[99.200276,3.165955],[99.203255,3.169475],[99.205852,3.177918],[99.212365,3.181522],[99.218169,3.189541],[99.221383,3.199673],[99.226533,3.201936],[99.226013,3.204705],[99.227325,3.206302],[99.225281,3.207901],[99.225184,3.210379],[99.22638,3.214316],[99.224362,3.220035],[99.225603,3.225422],[99.229742,3.231399],[99.232129,3.239705],[99.238096,3.237271],[99.256564,3.235276]]]}},{"type":"Feature","properties":{"nmkec":"Sidikalang","nmkab":"Dairi","nmprov":"Sumatera Utara","kdkec":"030","kdkab":"10","kodekab":"1210","idkec":"1210030","index":66},"geometry":{"type":"MultiPolygon","coordinates":[[[[98.332696,2.792063],[98.341957,2.778849],[98.346153,2.77688],[98.349468,2.769421],[98.356979,2.764759],[98.366906,2.754296],[98.35889,2.743895],[98.359073,2.729234],[98.352977,2.731786],[98.350245,2.738612],[98.348123,2.736736],[98.350926,2.732408],[98.350596,2.731616],[98.333314,2.72102],[98.327792,2.720586],[98.328508,2.711838],[98.332337,2.705693],[98.331196,2.705621],[98.327026,2.699035],[98.32261,2.696981],[98.31185,2.695324],[98.303773,2.696809],[98.295882,2.701205],[98.294267,2.704908],[98.292128,2.706761],[98.292417,2.708938],[98.297729,2.717391],[98.300113,2.718884],[98.304239,2.717772],[98.302828,2.722142],[98.298865,2.724888],[98.297631,2.727206],[98.299461,2.729912],[98.304563,2.732683],[98.305025,2.735743],[98.299564,2.738598],[98.290606,2.73988],[98.280737,2.745291],[98.272362,2.75094],[98.272384,2.756302],[98.285326,2.755606],[98.288301,2.760305],[98.294484,2.762376],[98.297383,2.768598],[98.298201,2.76726],[98.302814,2.765687],[98.307465,2.765353],[98.309301,2.773333],[98.311409,2.772357],[98.31202,2.774994],[98.311539,2.77623],[98.307469,2.779021],[98.306764,2.782318],[98.307353,2.783587],[98.31289,2.787547],[98.314492,2.790885],[98.317228,2.792857],[98.326704,2.796332],[98.332696,2.792063]]],[[[98.344198,2.695331],[98.344795,2.688871],[98.343402,2.688008],[98.342379,2.694826],[98.344198,2.695331]]]]}},{"type":"Feature","properties":{"nmkec":"Parbuluan","nmkab":"Dairi","nmprov":"Sumatera Utara","kdkec":"040","kdkab":"10","kodekab":"1210","idkec":"1210040","index":67},"geometry":{"type":"Polygon","coordinates":[[[98.392955,2.727864],[98.407247,2.708423],[98.414577,2.703755],[98.419098,2.697816],[98.42417,2.697809],[98.428328,2.688688],[98.432754,2.683264],[98.438449,2.682601],[98.440898,2.684272],[98.443931,2.684434],[98.451042,2.682669],[98.456577,2.683753],[98.459254,2.6863],[98.467365,2.682198],[98.473393,2.684436],[98.476536,2.684207],[98.486448,2.682765],[98.493783,2.680287],[98.529045,2.676965],[98.527571,2.668906],[98.525562,2.666451],[98.530481,2.664831],[98.543932,2.666946],[98.565258,2.674056],[98.555433,2.598188],[98.555276,2.595917],[98.559141,2.591424],[98.560967,2.587718],[98.5603,2.580298],[98.557345,2.576835],[98.553061,2.57382],[98.549734,2.572982],[98.541504,2.572423],[98.537951,2.574454],[98.528931,2.571106],[98.52584,2.568864],[98.523971,2.565613],[98.51948,2.564363],[98.517318,2.564743],[98.505068,2.554421],[98.490479,2.546875],[98.486511,2.546875],[98.475281,2.552307],[98.466852,2.552821],[98.464579,2.562574],[98.460662,2.566336],[98.453569,2.570497],[98.447155,2.577738],[98.440831,2.587753],[98.432936,2.607541],[98.429518,2.619376],[98.419296,2.610827],[98.412409,2.609228],[98.40573,2.60895],[98.401347,2.613537],[98.403434,2.627228],[98.407121,2.633066],[98.41213,2.638209],[98.412562,2.639992],[98.401527,2.642479],[98.396556,2.644725],[98.393887,2.647804],[98.386065,2.649993],[98.390536,2.663197],[98.385216,2.667836],[98.388896,2.674281],[98.389065,2.676228],[98.384252,2.694976],[98.381454,2.699957],[98.381693,2.714077],[98.383697,2.726533],[98.392955,2.727864]]]}},{"type":"Feature","properties":{"nmkec":"Lae Parira","nmkab":"Dairi","nmprov":"Sumatera Utara","kdkec":"061","kdkab":"10","kodekab":"1210","idkec":"1210061","index":68},"geometry":{"type":"MultiPolygon","coordinates":[[[[98.176541,2.827146],[98.200481,2.81786],[98.211296,2.811],[98.214115,2.807422],[98.217381,2.794672],[98.227375,2.786358],[98.242045,2.792083],[98.253393,2.800397],[98.255238,2.798749],[98.258111,2.792265],[98.258111,2.79014],[98.256694,2.786924],[98.253116,2.785474],[98.251883,2.783657],[98.24696,2.765531],[98.249339,2.763244],[98.25486,2.760686],[98.249029,2.753144],[98.244698,2.756025],[98.242366,2.746064],[98.240342,2.745691],[98.234137,2.751958],[98.232758,2.758295],[98.228718,2.764221],[98.222617,2.761686],[98.211401,2.760489],[98.210354,2.762955],[98.20728,2.758534],[98.205515,2.752861],[98.191233,2.740519],[98.186498,2.749994],[98.17972,2.756028],[98.167382,2.764555],[98.160956,2.768388],[98.157118,2.769506],[98.146426,2.769795],[98.141773,2.771865],[98.155856,2.80771],[98.163667,2.809732],[98.170162,2.812648],[98.174295,2.819064],[98.172433,2.820902],[98.173965,2.824272],[98.176541,2.827146]]],[[[98.163499,2.82864],[98.167447,2.827512],[98.166468,2.822573],[98.163328,2.817428],[98.160849,2.816107],[98.157846,2.816806],[98.154072,2.82086],[98.163499,2.82864]]]]}},{"type":"Feature","properties":{"nmkec":"Siempat Nempu","nmkab":"Dairi","nmprov":"Sumatera Utara","kdkec":"070","kdkab":"10","kodekab":"1210","idkec":"1210070","index":69},"geometry":{"type":"MultiPolygon","coordinates":[[[[98.179964,2.883533],[98.189795,2.882471],[98.192927,2.874083],[98.191877,2.873222],[98.194208,2.863364],[98.198593,2.861784],[98.20233,2.858483],[98.201068,2.855725],[98.202614,2.854116],[98.208292,2.852314],[98.209523,2.855672],[98.214754,2.857125],[98.218158,2.845447],[98.223252,2.844511],[98.223552,2.841788],[98.218878,2.835968],[98.223949,2.838302],[98.232493,2.837531],[98.236976,2.833258],[98.242966,2.833522],[98.249506,2.828225],[98.253623,2.818759],[98.252411,2.816145],[98.244192,2.817602],[98.243672,2.81353],[98.246633,2.808095],[98.253393,2.800397],[98.242045,2.792083],[98.227375,2.786358],[98.217381,2.794672],[98.214115,2.807422],[98.210113,2.811933],[98.197667,2.819218],[98.175398,2.827765],[98.165114,2.827705],[98.152186,2.837141],[98.146697,2.844107],[98.141745,2.848387],[98.144975,2.849813],[98.149016,2.855099],[98.150895,2.861196],[98.151579,2.867542],[98.147088,2.873841],[98.148572,2.877774],[98.16244,2.877252],[98.16626,2.878782],[98.166082,2.880333],[98.167172,2.880968],[98.173026,2.882906],[98.179964,2.883533]]],[[[98.256033,2.786924],[98.259696,2.782995],[98.270492,2.777491],[98.2766,2.776785],[98.281258,2.780636],[98.288292,2.781261],[98.289742,2.778902],[98.28653,2.774701],[98.287554,2.772126],[98.293343,2.771019],[98.297383,2.768598],[98.294484,2.762376],[98.288301,2.760305],[98.285326,2.755606],[98.272384,2.756302],[98.263938,2.75957],[98.25486,2.760686],[98.249339,2.763244],[98.24696,2.765531],[98.247412,2.7685],[98.251883,2.783657],[98.253116,2.785474],[98.256033,2.786924]]]]}},{"type":"Feature","properties":{"nmkec":"Siempat Nempu Hilir","nmkab":"Dairi","nmprov":"Sumatera Utara","kdkec":"090","kdkab":"10","kodekab":"1210","idkec":"1210090","index":70},"geometry":{"type":"Polygon","coordinates":[[[97.998358,2.991547],[98.029731,2.96215],[98.0335,2.960835],[98.036285,2.961],[98.049824,2.966689],[98.058328,2.964628],[98.060309,2.961547],[98.056305,2.956332],[98.055749,2.95137],[98.063088,2.94599],[98.072867,2.943838],[98.082204,2.938762],[98.088806,2.937855],[98.092881,2.939707],[98.095201,2.942852],[98.097853,2.943845],[98.099666,2.942968],[98.109043,2.951782],[98.114349,2.94449],[98.122131,2.928893],[98.131012,2.915125],[98.132353,2.906358],[98.135536,2.905895],[98.146716,2.908132],[98.150955,2.906542],[98.157433,2.907042],[98.160876,2.905821],[98.161831,2.90425],[98.159379,2.900134],[98.155734,2.900166],[98.153208,2.898409],[98.153368,2.894896],[98.148315,2.887455],[98.147743,2.879057],[98.148572,2.877774],[98.147088,2.873841],[98.151579,2.867542],[98.150895,2.861196],[98.149016,2.855099],[98.144975,2.849813],[98.142986,2.848468],[98.141195,2.848552],[98.138166,2.853331],[98.129955,2.858369],[98.127326,2.86097],[98.12377,2.863035],[98.11725,2.864359],[98.105939,2.860823],[98.095963,2.863691],[98.093316,2.859745],[98.089591,2.858397],[98.072918,2.861607],[98.06728,2.86499],[98.055074,2.877588],[98.054373,2.881273],[98.043849,2.887539],[98.03869,2.895247],[98.028402,2.899966],[98.018248,2.898801],[98.015013,2.902845],[98.009817,2.905346],[98.006383,2.905516],[97.999229,2.902135],[97.990999,2.901818],[97.988885,2.899292],[97.978983,2.899635],[97.976679,2.901301],[97.976532,2.903017],[97.978983,2.908507],[97.978562,2.909507],[97.976436,2.9099],[97.970472,2.908973],[97.968364,2.906964],[97.964834,2.907699],[97.959546,2.911173],[97.951173,2.9067],[97.951481,2.909524],[97.945253,2.912522],[97.947207,2.918126],[97.944341,2.923475],[97.94383,2.927346],[97.944706,2.931143],[97.949935,2.934114],[97.951424,2.937752],[97.952446,2.949581],[97.955148,2.958929],[97.954053,2.969809],[97.954126,2.981785],[97.952081,2.985363],[97.937842,2.986605],[97.936269,2.988442],[97.938395,2.989433],[97.979737,2.991813],[97.998358,2.991547]]]}},{"type":"Feature","properties":{"nmkec":"Tanah Pinem","nmkab":"Dairi","nmprov":"Sumatera Utara","kdkec":"120","kdkab":"10","kodekab":"1210","idkec":"1210120","index":71},"geometry":{"type":"MultiPolygon","coordinates":[[[[98.040631,3.122156],[98.051667,3.12045],[98.05963,3.110293],[98.067369,3.103346],[98.074217,3.086839],[98.077335,3.074556],[98.085405,3.070894],[98.097166,3.071493],[98.101908,3.066379],[98.105719,3.058658],[98.10928,3.055397],[98.116635,3.05387],[98.121231,3.055956],[98.124653,3.055108],[98.131398,3.052238],[98.134558,3.048832],[98.138904,3.053316],[98.151836,3.062557],[98.159145,3.070009],[98.17094,3.064899],[98.176139,3.064756],[98.181641,3.068216],[98.191509,3.052981],[98.19623,3.049979],[98.198035,3.045551],[98.19736,3.031984],[98.192048,3.021202],[98.195944,3.001048],[98.199923,2.999312],[98.201503,2.997301],[98.202059,2.988309],[98.199567,2.986843],[98.200816,2.984102],[98.215899,2.965353],[98.221948,2.952304],[98.248718,2.931285],[98.249947,2.927522],[98.251421,2.926048],[98.234006,2.913255],[98.231023,2.912983],[98.224507,2.920496],[98.219799,2.923374],[98.218871,2.925865],[98.215338,2.929442],[98.213678,2.928766],[98.207855,2.933322],[98.190171,2.942009],[98.191546,2.945171],[98.19653,2.948076],[98.189908,2.955676],[98.185005,2.955623],[98.178083,2.963914],[98.176253,2.966679],[98.176438,2.968676],[98.17355,2.971966],[98.167942,2.973556],[98.163814,2.979545],[98.15815,2.982317],[98.145379,2.986347],[98.143329,2.989378],[98.133278,2.993537],[98.12978,3.000302],[98.12854,3.000728],[98.126134,2.99923],[98.120905,2.999917],[98.11475,3.005645],[98.111377,3.006026],[98.109486,3.008936],[98.108457,3.013066],[98.08395,2.99782],[98.082477,2.998574],[98.093649,2.973797],[98.097229,2.967548],[98.109043,2.951782],[98.099666,2.942968],[98.097853,2.943845],[98.095201,2.942852],[98.092881,2.939707],[98.088806,2.937855],[98.082204,2.938762],[98.072867,2.943838],[98.063088,2.94599],[98.058668,2.948749],[98.055749,2.95137],[98.056305,2.956332],[98.060309,2.961547],[98.058328,2.964628],[98.049824,2.966689],[98.036285,2.961],[98.0335,2.960835],[98.029731,2.96215],[97.999602,2.991203],[97.979737,2.991813],[97.938395,2.989433],[97.936269,2.988442],[97.935135,2.98952],[97.940433,2.995109],[97.946942,3.005719],[97.946098,3.010448],[97.939737,3.023184],[97.938528,3.0282],[97.939124,3.037001],[97.94396,3.043053],[97.944228,3.045648],[97.942363,3.047971],[97.930303,3.054254],[97.930287,3.063129],[97.932021,3.069423],[97.937329,3.074626],[97.940304,3.075221],[97.943339,3.074193],[97.949148,3.075145],[97.950318,3.073926],[97.948174,3.06851],[97.949571,3.065565],[97.961333,3.065642],[97.964568,3.067906],[97.971007,3.070218],[97.973774,3.07298],[97.975289,3.076562],[97.978987,3.079749],[97.981517,3.084566],[97.986082,3.090193],[97.990119,3.091953],[98.000086,3.087079],[98.00722,3.084755],[98.023111,3.08033],[98.027822,3.081647],[98.031697,3.078063],[98.037412,3.078009],[98.038434,3.078772],[98.038498,3.081693],[98.036821,3.089536],[98.034757,3.093895],[98.029351,3.100307],[98.028107,3.104218],[98.028376,3.108007],[98.031428,3.112373],[98.031445,3.114711],[98.027928,3.120921],[98.029274,3.122935],[98.032148,3.123729],[98.036054,3.123883],[98.040631,3.122156]]],[[[98.318493,2.967274],[98.344263,2.96619],[98.348464,2.962707],[98.36378,2.937234],[98.368451,2.932512],[98.371408,2.931454],[98.359929,2.917909],[98.352575,2.91087],[98.337686,2.904819],[98.325812,2.921348],[98.322494,2.922413],[98.30444,2.918545],[98.288996,2.918568],[98.28812,2.914188],[98.282153,2.913256],[98.274237,2.92091],[98.273126,2.926465],[98.260023,2.926164],[98.254938,2.928992],[98.251064,2.933851],[98.269128,2.953485],[98.284498,2.960481],[98.293717,2.970074],[98.307696,2.971707],[98.314472,2.970696],[98.318493,2.967274]]]]}},{"type":"Feature","properties":{"nmkec":"Laubaleng","nmkab":"Karo","nmprov":"Sumatera Utara","kdkec":"020","kdkab":"11","kodekab":"1211","idkec":"1211020","index":72},"geometry":{"type":"Polygon","coordinates":[[[98.150253,3.199869],[98.136449,3.169323],[98.139675,3.164437],[98.139462,3.162796],[98.136037,3.160275],[98.131629,3.15928],[98.125922,3.139093],[98.126154,3.135265],[98.134406,3.125588],[98.137041,3.116002],[98.134342,3.110353],[98.127952,3.101716],[98.12712,3.095343],[98.138653,3.077151],[98.139581,3.069596],[98.143748,3.063536],[98.14294,3.060793],[98.139602,3.057009],[98.136932,3.055749],[98.136341,3.053092],[98.137459,3.051959],[98.134558,3.048832],[98.131398,3.052238],[98.126277,3.054683],[98.121231,3.055956],[98.117977,3.053926],[98.114329,3.054033],[98.107813,3.056228],[98.101908,3.066379],[98.097166,3.071493],[98.085405,3.070894],[98.077335,3.074556],[98.074217,3.086839],[98.067773,3.102664],[98.05963,3.110293],[98.053492,3.118943],[98.050581,3.120922],[98.043189,3.121504],[98.036054,3.123883],[98.030685,3.123436],[98.028037,3.121695],[98.028335,3.119588],[98.031445,3.114711],[98.031428,3.112373],[98.028376,3.108007],[98.028107,3.104218],[98.029351,3.100307],[98.034757,3.093895],[98.036821,3.089536],[98.038498,3.081693],[98.038434,3.078772],[98.037412,3.078009],[98.031697,3.078063],[98.027822,3.081647],[98.023111,3.08033],[98.00722,3.084755],[98.000086,3.087079],[97.991227,3.091838],[97.986591,3.090758],[97.982614,3.086142],[97.979364,3.09718],[97.981749,3.110904],[97.981384,3.116458],[97.976523,3.128877],[97.973612,3.133247],[97.975056,3.134691],[97.973887,3.136638],[97.982276,3.14689],[97.984306,3.153058],[97.988157,3.153961],[98.008395,3.175606],[98.007174,3.180682],[98.00878,3.181431],[98.0122,3.179889],[98.016188,3.184022],[98.038037,3.152835],[98.043943,3.159115],[98.048039,3.160165],[98.053084,3.165111],[98.047117,3.177755],[98.049097,3.17914],[98.056286,3.168264],[98.069071,3.180603],[98.075316,3.184878],[98.081563,3.187599],[98.090821,3.189734],[98.098307,3.190067],[98.104103,3.18757],[98.111502,3.174882],[98.116045,3.172072],[98.128214,3.17596],[98.129751,3.179968],[98.129025,3.185163],[98.127853,3.188125],[98.124461,3.191167],[98.125977,3.191542],[98.129276,3.188934],[98.132296,3.179807],[98.135542,3.190656],[98.141719,3.199233],[98.144234,3.207692],[98.144158,3.221286],[98.142666,3.234126],[98.141639,3.236022],[98.137634,3.238145],[98.137063,3.239748],[98.137202,3.248353],[98.14109,3.266236],[98.160046,3.277306],[98.160978,3.237046],[98.1598,3.227711],[98.151603,3.206566],[98.150253,3.199869]]]}},{"type":"Feature","properties":{"nmkec":"Tiga Binanga","nmkab":"Karo","nmprov":"Sumatera Utara","kdkec":"030","kdkab":"11","kodekab":"1211","idkec":"1211030","index":73},"geometry":{"type":"Polygon","coordinates":[[[98.20374,3.133149],[98.251487,3.131906],[98.266093,3.127397],[98.271475,3.128028],[98.275335,3.127123],[98.278666,3.122359],[98.284969,3.11979],[98.288201,3.120526],[98.290182,3.118377],[98.295274,3.115869],[98.302109,3.112696],[98.305321,3.112428],[98.313366,3.105318],[98.311706,3.104671],[98.307887,3.105417],[98.301875,3.105023],[98.292844,3.099507],[98.287242,3.098609],[98.286795,3.095725],[98.291648,3.092136],[98.297354,3.085422],[98.301748,3.082364],[98.305898,3.077625],[98.302396,3.074256],[98.299653,3.069499],[98.291901,3.06734],[98.277633,3.060315],[98.280486,3.051656],[98.273958,3.051675],[98.261835,3.056496],[98.256349,3.05066],[98.255132,3.047426],[98.252328,3.045258],[98.243417,3.045238],[98.238482,3.04285],[98.20413,3.032219],[98.197479,3.033649],[98.198179,3.044513],[98.196711,3.049038],[98.191509,3.052981],[98.181641,3.068216],[98.176139,3.064756],[98.17094,3.064899],[98.159145,3.070009],[98.151836,3.062557],[98.141181,3.054235],[98.137459,3.051959],[98.136341,3.053092],[98.136932,3.055749],[98.139602,3.057009],[98.143791,3.062984],[98.138962,3.071276],[98.138653,3.077151],[98.130628,3.088838],[98.127005,3.096165],[98.127952,3.101716],[98.134342,3.110353],[98.137041,3.116002],[98.134406,3.125588],[98.127476,3.133289],[98.125867,3.136796],[98.126647,3.141741],[98.132599,3.146655],[98.152459,3.154696],[98.162003,3.15607],[98.169513,3.154005],[98.191709,3.141311],[98.197076,3.136691],[98.20374,3.133149]]]}},{"type":"Feature","properties":{"nmkec":"Juhar","nmkab":"Karo","nmprov":"Sumatera Utara","kdkec":"040","kdkab":"11","kodekab":"1211","idkec":"1211040","index":74},"geometry":{"type":"Polygon","coordinates":[[[98.302434,3.062567],[98.320555,3.063614],[98.326267,3.060546],[98.334071,3.0534],[98.345801,3.04509],[98.346849,3.042939],[98.347518,3.03646],[98.349507,3.034186],[98.353751,3.033069],[98.358198,3.033168],[98.365358,3.030112],[98.372474,3.033679],[98.381835,3.029424],[98.386013,3.025602],[98.388018,3.006533],[98.38277,2.99723],[98.378355,2.992219],[98.378324,2.989987],[98.381984,2.984051],[98.38277,2.980752],[98.397701,2.976582],[98.400124,2.967116],[98.399846,2.965],[98.391991,2.956863],[98.390735,2.952257],[98.391922,2.948506],[98.395553,2.944395],[98.398155,2.938768],[98.397081,2.93296],[98.399197,2.924343],[98.394884,2.923724],[98.38647,2.925194],[98.368451,2.932512],[98.363541,2.937574],[98.348464,2.962707],[98.344263,2.96619],[98.318818,2.96708],[98.314472,2.970696],[98.307696,2.971707],[98.293717,2.970074],[98.284498,2.960481],[98.269128,2.953485],[98.248718,2.931285],[98.228606,2.946478],[98.221159,2.953297],[98.215899,2.965353],[98.200816,2.984102],[98.199567,2.986843],[98.202059,2.988309],[98.201503,2.997301],[98.199923,2.999312],[98.195944,3.001048],[98.192048,3.021202],[98.197479,3.033649],[98.20413,3.032219],[98.238482,3.04285],[98.243417,3.045238],[98.252328,3.045258],[98.255132,3.047426],[98.256349,3.05066],[98.261835,3.056496],[98.273958,3.051675],[98.280486,3.051656],[98.277633,3.060315],[98.295065,3.068495],[98.299653,3.069499],[98.29776,3.066217],[98.302434,3.062567]]]}},{"type":"Feature","properties":{"nmkec":"Munte","nmkab":"Karo","nmprov":"Sumatera Utara","kdkec":"050","kdkab":"11","kodekab":"1211","idkec":"1211050","index":75},"geometry":{"type":"Polygon","coordinates":[[[98.299104,3.122964],[98.311144,3.121338],[98.314298,3.11767],[98.316417,3.117894],[98.320246,3.121073],[98.322301,3.120479],[98.326388,3.115942],[98.337961,3.107394],[98.342284,3.107831],[98.348833,3.111839],[98.355739,3.107734],[98.376036,3.104906],[98.380399,3.102596],[98.390283,3.102703],[98.394839,3.101856],[98.40414,3.095382],[98.416322,3.088687],[98.422214,3.087733],[98.431982,3.082441],[98.43655,3.073997],[98.445437,3.067246],[98.456612,3.053934],[98.456693,3.052731],[98.435044,3.028168],[98.43211,3.023371],[98.407027,3.000929],[98.406477,3.000091],[98.409132,2.989041],[98.39972,2.981836],[98.397701,2.976582],[98.38277,2.980752],[98.381984,2.984051],[98.378324,2.989987],[98.378355,2.992219],[98.38277,2.99723],[98.388018,3.006533],[98.386013,3.025602],[98.381835,3.029424],[98.372474,3.033679],[98.365358,3.030112],[98.358198,3.033168],[98.350707,3.033522],[98.347518,3.03646],[98.346849,3.042939],[98.345801,3.04509],[98.335642,3.052161],[98.324268,3.06186],[98.319577,3.063975],[98.302778,3.062299],[98.29776,3.066217],[98.302396,3.074256],[98.305888,3.078108],[98.297354,3.085422],[98.291648,3.092136],[98.286795,3.095725],[98.287242,3.098609],[98.292844,3.099507],[98.301875,3.105023],[98.307887,3.105417],[98.311706,3.104671],[98.313366,3.105318],[98.306657,3.111696],[98.302109,3.112696],[98.295274,3.115869],[98.290182,3.118377],[98.288201,3.120526],[98.299104,3.122964]]]}},{"type":"Feature","properties":{"nmkec":"Kabanjahe","nmkab":"Karo","nmprov":"Sumatera Utara","kdkec":"090","kdkab":"11","kodekab":"1211","idkec":"1211090","index":76},"geometry":{"type":"Polygon","coordinates":[[[98.504896,3.143931],[98.509059,3.140728],[98.511841,3.139807],[98.514891,3.140119],[98.514485,3.13165],[98.51711,3.122721],[98.520329,3.117342],[98.520359,3.113325],[98.517714,3.103203],[98.517335,3.095067],[98.513313,3.091509],[98.500203,3.09392],[98.4965,3.09327],[98.493291,3.08917],[98.484354,3.089812],[98.472846,3.085521],[98.468222,3.087067],[98.457126,3.085328],[98.451876,3.088837],[98.447253,3.08809],[98.442347,3.084322],[98.442133,3.081227],[98.445252,3.08088],[98.44944,3.077055],[98.448665,3.070584],[98.445437,3.067246],[98.43655,3.073997],[98.431982,3.082441],[98.422214,3.087733],[98.416322,3.088687],[98.40414,3.095382],[98.398393,3.099654],[98.399916,3.100689],[98.406129,3.100829],[98.41282,3.099056],[98.413883,3.099802],[98.412901,3.101721],[98.413667,3.102891],[98.423752,3.104317],[98.426083,3.10002],[98.434437,3.096032],[98.447357,3.092744],[98.450747,3.092699],[98.454035,3.095668],[98.454945,3.097983],[98.460368,3.098746],[98.466088,3.094812],[98.467568,3.092443],[98.474038,3.097095],[98.47863,3.097727],[98.485219,3.102035],[98.484358,3.103768],[98.477944,3.108094],[98.476338,3.111072],[98.480387,3.113036],[98.480177,3.109254],[98.482797,3.109448],[98.483538,3.111051],[98.483183,3.116167],[98.484734,3.11915],[98.488334,3.122057],[98.488829,3.125219],[98.492346,3.133032],[98.496765,3.139958],[98.496045,3.142438],[98.496707,3.150428],[98.502779,3.150229],[98.504896,3.143931]]]}},{"type":"Feature","properties":{"nmkec":"Sinembah Tanjung Muda Hulu","nmkab":"Deli Serdang","nmprov":"Sumatera Utara","kdkec":"020","kdkab":"12","kodekab":"1212","idkec":"1212020","index":77},"geometry":{"type":"Polygon","coordinates":[[[98.737499,3.302718],[98.74261,3.301438],[98.742091,3.299291],[98.754402,3.295798],[98.763307,3.288565],[98.756154,3.285395],[98.756741,3.283919],[98.769802,3.280308],[98.775615,3.276089],[98.785254,3.274167],[98.774828,3.268048],[98.771298,3.263153],[98.770602,3.258296],[98.768279,3.252555],[98.764541,3.248544],[98.752822,3.239396],[98.750131,3.233749],[98.742848,3.22957],[98.737246,3.224042],[98.733057,3.217136],[98.728732,3.212484],[98.724945,3.20531],[98.725169,3.203792],[98.735816,3.199081],[98.736666,3.195423],[98.735949,3.192559],[98.731375,3.185633],[98.728015,3.17647],[98.743527,3.174541],[98.743202,3.166321],[98.734648,3.170635],[98.727978,3.164872],[98.721619,3.148403],[98.714637,3.144035],[98.711569,3.140784],[98.705476,3.141616],[98.700055,3.140759],[98.696648,3.138968],[98.694396,3.139155],[98.685252,3.1436],[98.681451,3.140894],[98.674711,3.140118],[98.666421,3.136965],[98.654096,3.139385],[98.650993,3.141629],[98.643033,3.137439],[98.623886,3.131743],[98.615342,3.133077],[98.614691,3.137813],[98.611199,3.147435],[98.606377,3.152954],[98.601299,3.162174],[98.602939,3.171045],[98.60123,3.177323],[98.601807,3.180003],[98.603509,3.181696],[98.610947,3.179217],[98.613088,3.180344],[98.615342,3.183499],[98.612422,3.191776],[98.612299,3.194656],[98.614422,3.198743],[98.621754,3.207368],[98.620526,3.214715],[98.621085,3.217878],[98.626718,3.22236],[98.622749,3.231749],[98.636663,3.232936],[98.65764,3.229049],[98.658299,3.231715],[98.661783,3.235832],[98.663793,3.236861],[98.664222,3.243841],[98.668011,3.257136],[98.666345,3.261249],[98.666912,3.263481],[98.673005,3.271949],[98.678782,3.272213],[98.680838,3.282919],[98.683689,3.284933],[98.685204,3.284809],[98.685979,3.282338],[98.68964,3.280427],[98.698882,3.280481],[98.69786,3.286217],[98.711163,3.298548],[98.716067,3.300704],[98.722615,3.29958],[98.737499,3.302718]]]}},{"type":"Feature","properties":{"nmkec":"Kutalimbaru","nmkab":"Deli Serdang","nmprov":"Sumatera Utara","kdkec":"040","kdkab":"12","kodekab":"1212","idkec":"1212040","index":78},"geometry":{"type":"Polygon","coordinates":[[[98.519305,3.572272],[98.522067,3.568085],[98.522132,3.563247],[98.527485,3.563253],[98.531656,3.559227],[98.532542,3.556073],[98.537921,3.555131],[98.539997,3.54141],[98.545927,3.541686],[98.547503,3.549246],[98.550443,3.550509],[98.550187,3.540988],[98.545764,3.540851],[98.545769,3.536772],[98.550068,3.536699],[98.549453,3.514113],[98.541548,3.513963],[98.541615,3.511762],[98.533978,3.511412],[98.533542,3.504341],[98.535491,3.502921],[98.536113,3.49584],[98.535045,3.489265],[98.530838,3.483911],[98.53313,3.475947],[98.544945,3.475686],[98.547349,3.477191],[98.547402,3.480742],[98.545098,3.481799],[98.546193,3.483855],[98.552456,3.492095],[98.556511,3.492002],[98.555532,3.485576],[98.556178,3.482581],[98.570196,3.47993],[98.570841,3.474632],[98.569179,3.463952],[98.571903,3.462051],[98.568212,3.458286],[98.569084,3.449488],[98.572985,3.437743],[98.573944,3.426006],[98.568594,3.41043],[98.573975,3.400043],[98.579388,3.385564],[98.577357,3.369742],[98.567109,3.363697],[98.561465,3.363816],[98.557745,3.362539],[98.557803,3.349527],[98.553422,3.342985],[98.552229,3.350832],[98.546854,3.351284],[98.545072,3.342945],[98.539642,3.333237],[98.538144,3.322044],[98.521642,3.320826],[98.517909,3.310489],[98.518616,3.302285],[98.515953,3.300925],[98.518333,3.29648],[98.516864,3.29253],[98.520388,3.289498],[98.530857,3.286112],[98.527094,3.274403],[98.521998,3.271191],[98.514774,3.263828],[98.514182,3.256175],[98.517672,3.248957],[98.506573,3.240262],[98.502986,3.240071],[98.499943,3.241649],[98.4936,3.238659],[98.490842,3.235697],[98.487691,3.226681],[98.483987,3.231605],[98.473988,3.231688],[98.471458,3.23293],[98.467091,3.239125],[98.459324,3.253762],[98.468543,3.263262],[98.473867,3.265314],[98.474895,3.270882],[98.471738,3.27224],[98.469932,3.274829],[98.469932,3.276318],[98.472722,3.27964],[98.479733,3.285943],[98.486717,3.288613],[98.487021,3.290836],[98.489435,3.293039],[98.495215,3.29513],[98.500219,3.298342],[98.508887,3.307582],[98.507965,3.313035],[98.509237,3.316574],[98.508844,3.321157],[98.504498,3.331436],[98.504133,3.341463],[98.506946,3.355592],[98.503745,3.359825],[98.502206,3.370489],[98.499461,3.379401],[98.499853,3.384882],[98.4962,3.390679],[98.497324,3.393757],[98.503696,3.396432],[98.506016,3.40114],[98.506219,3.402907],[98.502699,3.410624],[98.500814,3.419131],[98.500853,3.426264],[98.503341,3.430453],[98.504309,3.437514],[98.50217,3.438952],[98.506412,3.447412],[98.504471,3.452472],[98.504269,3.457604],[98.506007,3.461369],[98.510207,3.465021],[98.507723,3.473849],[98.507733,3.476903],[98.513835,3.495152],[98.514004,3.501988],[98.519039,3.509217],[98.520863,3.517071],[98.523107,3.519775],[98.52445,3.519991],[98.52507,3.521755],[98.513695,3.528319],[98.51097,3.531282],[98.51142,3.540657],[98.509519,3.549544],[98.51024,3.55233],[98.509744,3.555788],[98.50235,3.559514],[98.499947,3.565707],[98.497605,3.564748],[98.496234,3.566597],[98.496699,3.568368],[98.500435,3.572068],[98.519305,3.572272]]]}},{"type":"Feature","properties":{"nmkec":"Pancur Batu","nmkab":"Deli Serdang","nmprov":"Sumatera Utara","kdkec":"050","kdkab":"12","kodekab":"1212","idkec":"1212050","index":79},"geometry":{"type":"Polygon","coordinates":[[[98.567827,3.528881],[98.564915,3.522755],[98.566183,3.522277],[98.572487,3.52398],[98.574713,3.527615],[98.57837,3.528462],[98.584343,3.528349],[98.584281,3.526912],[98.588938,3.525405],[98.598607,3.524168],[98.600059,3.519508],[98.602205,3.516286],[98.601762,3.512705],[98.59745,3.506382],[98.596919,3.503631],[98.592467,3.497852],[98.592836,3.495243],[98.600519,3.491223],[98.615895,3.500299],[98.622372,3.509962],[98.623162,3.515115],[98.625692,3.518836],[98.627853,3.518186],[98.627893,3.512765],[98.631837,3.505787],[98.63552,3.50564],[98.635527,3.50729],[98.643266,3.508582],[98.638499,3.494515],[98.637938,3.488724],[98.640442,3.487714],[98.641736,3.48146],[98.646469,3.482871],[98.646703,3.476357],[98.649616,3.471474],[98.648482,3.466771],[98.647028,3.464913],[98.645722,3.46587],[98.642541,3.463279],[98.638495,3.455244],[98.637928,3.452162],[98.640217,3.447477],[98.639559,3.441567],[98.640157,3.43741],[98.641872,3.435811],[98.640066,3.433119],[98.637283,3.434484],[98.629675,3.429668],[98.620739,3.401052],[98.615622,3.397604],[98.614747,3.393803],[98.608893,3.390443],[98.606261,3.38398],[98.602462,3.37911],[98.598823,3.383622],[98.589218,3.383964],[98.588482,3.385838],[98.579388,3.385564],[98.573975,3.400043],[98.568594,3.41043],[98.573944,3.426006],[98.572985,3.437743],[98.569084,3.449488],[98.568212,3.458286],[98.571903,3.462051],[98.569179,3.463952],[98.570841,3.474632],[98.570196,3.47993],[98.556178,3.482581],[98.555532,3.485576],[98.556511,3.492002],[98.552456,3.492095],[98.546193,3.483855],[98.545098,3.481799],[98.547402,3.480742],[98.547349,3.477191],[98.544945,3.475686],[98.53313,3.475947],[98.530838,3.483911],[98.535045,3.489265],[98.536113,3.49584],[98.535491,3.502921],[98.533542,3.504341],[98.533978,3.511412],[98.541615,3.511762],[98.541548,3.513963],[98.549453,3.514113],[98.549632,3.519509],[98.553843,3.522069],[98.554923,3.528624],[98.561513,3.530642],[98.567827,3.528881]]]}},{"type":"Feature","properties":{"nmkec":"Biru-Biru","nmkab":"Deli Serdang","nmprov":"Sumatera Utara","kdkec":"070","kdkab":"12","kodekab":"1212","idkec":"1212070","index":80},"geometry":{"type":"Polygon","coordinates":[[[98.681463,3.474439],[98.699272,3.47397],[98.701545,3.469386],[98.697216,3.465896],[98.696202,3.459584],[98.696922,3.458839],[98.700638,3.460683],[98.70325,3.470172],[98.708472,3.46267],[98.70909,3.46024],[98.708012,3.457093],[98.704711,3.456126],[98.697869,3.449987],[98.699417,3.44855],[98.701829,3.448381],[98.702056,3.442955],[98.704142,3.43797],[98.704813,3.432131],[98.705183,3.418779],[98.707588,3.42142],[98.70901,3.429207],[98.71434,3.425588],[98.71328,3.415502],[98.711873,3.413139],[98.708952,3.40982],[98.703796,3.408435],[98.700669,3.404247],[98.699458,3.397387],[98.694098,3.394169],[98.690765,3.389614],[98.690577,3.383899],[98.691575,3.381596],[98.680456,3.381584],[98.680979,3.376926],[98.683222,3.371491],[98.680361,3.357885],[98.683136,3.34246],[98.686575,3.333636],[98.680706,3.331689],[98.675662,3.327208],[98.680054,3.322208],[98.678869,3.321125],[98.670534,3.320577],[98.667348,3.31826],[98.662819,3.312221],[98.662259,3.30236],[98.65996,3.302454],[98.653859,3.30556],[98.648235,3.301747],[98.646145,3.297421],[98.644027,3.295704],[98.640338,3.296486],[98.638577,3.292981],[98.629949,3.291422],[98.626922,3.288978],[98.625324,3.286039],[98.627859,3.282515],[98.640026,3.277164],[98.63966,3.271043],[98.636243,3.263696],[98.638549,3.258484],[98.615924,3.263083],[98.612609,3.266648],[98.599631,3.270853],[98.597732,3.281606],[98.614763,3.292276],[98.623976,3.316664],[98.605347,3.316898],[98.601951,3.332147],[98.606858,3.33353],[98.611674,3.340563],[98.607835,3.344012],[98.6124,3.344144],[98.612592,3.352632],[98.615201,3.360891],[98.626831,3.366333],[98.631361,3.366506],[98.632509,3.370748],[98.631353,3.374895],[98.633437,3.377979],[98.634563,3.378822],[98.638435,3.378941],[98.640502,3.380351],[98.643707,3.387963],[98.647803,3.39102],[98.651468,3.388253],[98.654084,3.387751],[98.662694,3.403398],[98.663235,3.406327],[98.667072,3.408732],[98.668834,3.40857],[98.676345,3.414724],[98.682429,3.424914],[98.683919,3.435183],[98.684219,3.442607],[98.681643,3.449436],[98.68252,3.455658],[98.680376,3.461051],[98.680156,3.465504],[98.681648,3.466368],[98.682191,3.470075],[98.682277,3.473557],[98.681463,3.474439]]]}},{"type":"Feature","properties":{"nmkec":"Hamparan Perak","nmkab":"Deli Serdang","nmprov":"Sumatera Utara","kdkec":"240","kdkab":"12","kodekab":"1212","idkec":"1212240","index":81},"geometry":{"type":"MultiPolygon","coordinates":[[[[98.689172,3.892719],[98.693473,3.887054],[98.700624,3.868869],[98.696371,3.862954],[98.698131,3.852859],[98.697911,3.846449],[98.700625,3.820987],[98.703685,3.809484],[98.70825,3.802677],[98.710508,3.791279],[98.693985,3.789507],[98.684632,3.78953],[98.681442,3.788497],[98.679761,3.785813],[98.68041,3.780702],[98.679823,3.777628],[98.678972,3.775796],[98.676043,3.774024],[98.673199,3.773982],[98.668983,3.775896],[98.663396,3.780943],[98.661245,3.781615],[98.651234,3.781729],[98.648463,3.780122],[98.644538,3.774541],[98.636931,3.775755],[98.63215,3.775142],[98.632906,3.772336],[98.636386,3.770767],[98.635668,3.767764],[98.633024,3.767557],[98.629894,3.768838],[98.628642,3.76872],[98.627547,3.767226],[98.625299,3.759596],[98.6308,3.754379],[98.635916,3.744179],[98.644226,3.738343],[98.65097,3.737285],[98.65305,3.738769],[98.652197,3.731845],[98.650519,3.729718],[98.646431,3.730707],[98.644767,3.728055],[98.644513,3.721654],[98.635086,3.720733],[98.633608,3.719485],[98.633186,3.716642],[98.631225,3.715209],[98.623263,3.714814],[98.615529,3.708471],[98.613972,3.708376],[98.614167,3.705554],[98.621044,3.705951],[98.622425,3.705103],[98.62313,3.703112],[98.623207,3.701419],[98.614613,3.700763],[98.614788,3.697221],[98.626229,3.697982],[98.626066,3.699673],[98.631748,3.699618],[98.633674,3.684808],[98.63215,3.681346],[98.634197,3.674796],[98.639176,3.667689],[98.64219,3.656509],[98.640119,3.642459],[98.63756,3.63535],[98.632175,3.625257],[98.630903,3.624548],[98.629045,3.618731],[98.624023,3.617748],[98.613088,3.618195],[98.605655,3.618637],[98.59645,3.620591],[98.593694,3.62415],[98.593947,3.632469],[98.593315,3.633067],[98.591377,3.631734],[98.592575,3.62803],[98.586075,3.62833],[98.586092,3.63409],[98.588779,3.635136],[98.588473,3.637347],[98.579638,3.637552],[98.55577,3.628524],[98.555622,3.625071],[98.554758,3.625887],[98.544958,3.626881],[98.547124,3.628265],[98.535956,3.628844],[98.527308,3.627002],[98.527254,3.631844],[98.512229,3.63177],[98.511589,3.641668],[98.516538,3.64169],[98.516126,3.645881],[98.511448,3.64602],[98.510127,3.650018],[98.511825,3.652091],[98.516589,3.652238],[98.514554,3.655423],[98.511244,3.655392],[98.511152,3.662233],[98.512086,3.663907],[98.518481,3.663882],[98.518557,3.665268],[98.518087,3.666986],[98.510782,3.667008],[98.509453,3.672567],[98.501489,3.672492],[98.505138,3.700053],[98.507576,3.703235],[98.509098,3.707497],[98.506774,3.712304],[98.510225,3.729031],[98.50988,3.743764],[98.503273,3.743726],[98.504021,3.748634],[98.508464,3.750345],[98.513825,3.754669],[98.524673,3.769897],[98.526304,3.775144],[98.537637,3.786199],[98.535328,3.790295],[98.53872,3.796674],[98.545133,3.796669],[98.54609,3.793363],[98.55298,3.792904],[98.555486,3.798313],[98.562659,3.800768],[98.568862,3.805153],[98.575668,3.806122],[98.573481,3.803565],[98.573019,3.796871],[98.564741,3.786228],[98.57605,3.774772],[98.578354,3.777092],[98.582681,3.776569],[98.596313,3.779057],[98.603266,3.784955],[98.60884,3.784667],[98.616583,3.797861],[98.617237,3.802749],[98.61525,3.80762],[98.614758,3.81191],[98.630082,3.812457],[98.628636,3.837766],[98.627918,3.839917],[98.621466,3.841766],[98.621734,3.844509],[98.627094,3.855885],[98.639619,3.866118],[98.651841,3.866489],[98.653378,3.863203],[98.662321,3.864706],[98.677517,3.869396],[98.674881,3.890673],[98.67209,3.889168],[98.66822,3.895883],[98.668906,3.900623],[98.666897,3.904582],[98.667424,3.907624],[98.670069,3.908259],[98.680698,3.902395],[98.682118,3.898632],[98.689172,3.892719]]],[[[98.563218,3.62233],[98.558617,3.620091],[98.558036,3.623541],[98.562571,3.625347],[98.563218,3.62233]]]]}},{"type":"Feature","properties":{"nmkec":"Labuhan Deli","nmkab":"Deli Serdang","nmprov":"Sumatera Utara","kdkec":"250","kdkab":"12","kodekab":"1212","idkec":"1212250","index":82},"geometry":{"type":"MultiPolygon","coordinates":[[[[98.664503,3.907256],[98.668906,3.900623],[98.66822,3.895883],[98.67209,3.889168],[98.674881,3.890673],[98.677517,3.869396],[98.662321,3.864706],[98.653378,3.863203],[98.651841,3.866489],[98.639619,3.866118],[98.627094,3.855885],[98.621734,3.844509],[98.621466,3.841766],[98.627918,3.839917],[98.628636,3.837766],[98.630082,3.812457],[98.614758,3.81191],[98.61525,3.80762],[98.617237,3.802749],[98.616583,3.797861],[98.60884,3.784667],[98.603266,3.784955],[98.596313,3.779057],[98.582681,3.776569],[98.578354,3.777092],[98.57605,3.774772],[98.564741,3.786228],[98.573019,3.796871],[98.573481,3.803565],[98.576282,3.806856],[98.582169,3.810326],[98.582108,3.811888],[98.580672,3.812912],[98.576445,3.811339],[98.57493,3.813093],[98.579305,3.81934],[98.577631,3.821508],[98.578164,3.823583],[98.579184,3.823922],[98.583619,3.821704],[98.584928,3.822135],[98.587194,3.825462],[98.585427,3.83404],[98.590683,3.835488],[98.595365,3.833952],[98.59877,3.831528],[98.6039,3.835452],[98.604073,3.842811],[98.601216,3.848251],[98.609051,3.853864],[98.609917,3.855523],[98.608152,3.859955],[98.603294,3.865292],[98.603279,3.867499],[98.60698,3.869592],[98.612153,3.866691],[98.616381,3.87304],[98.618971,3.87931],[98.623386,3.884115],[98.637621,3.884439],[98.640449,3.886777],[98.64371,3.895146],[98.650585,3.899981],[98.653565,3.904496],[98.656259,3.90577],[98.662286,3.906033],[98.664503,3.907256]]],[[[98.633673,3.683957],[98.648591,3.683544],[98.651536,3.675521],[98.657781,3.675285],[98.656995,3.658742],[98.658138,3.656345],[98.657596,3.645238],[98.660048,3.638475],[98.666539,3.635251],[98.664369,3.631719],[98.664279,3.624156],[98.662764,3.624642],[98.658777,3.622895],[98.65582,3.624386],[98.647977,3.625591],[98.632175,3.625257],[98.63756,3.63535],[98.640119,3.642459],[98.64219,3.656509],[98.639176,3.667689],[98.634197,3.674796],[98.632264,3.680947],[98.633673,3.683957]]],[[[98.719568,3.725576],[98.72419,3.720987],[98.731767,3.720461],[98.730817,3.694168],[98.729298,3.687113],[98.725815,3.687192],[98.72502,3.662835],[98.717643,3.663082],[98.711526,3.666497],[98.7034,3.667207],[98.71063,3.674246],[98.712503,3.678586],[98.709485,3.6851],[98.709367,3.687761],[98.710128,3.687394],[98.710821,3.688383],[98.710936,3.693816],[98.706233,3.703133],[98.70462,3.711384],[98.704786,3.715011],[98.706903,3.713685],[98.710061,3.718778],[98.71488,3.721412],[98.714965,3.723947],[98.716976,3.724959],[98.719568,3.725576]]]]}},{"type":"Feature","properties":{"nmkec":"Percut Sei Tuan","nmkab":"Deli Serdang","nmprov":"Sumatera Utara","kdkec":"260","kdkab":"12","kodekab":"1212","idkec":"1212260","index":83},"geometry":{"type":"Polygon","coordinates":[[[98.723633,3.774266],[98.728028,3.772462],[98.736431,3.772023],[98.744796,3.768948],[98.759259,3.759892],[98.761444,3.753884],[98.76609,3.745564],[98.774262,3.732973],[98.778252,3.729388],[98.783396,3.727091],[98.791515,3.727055],[98.82134,3.71176],[98.825807,3.707399],[98.821238,3.697666],[98.818272,3.695152],[98.808658,3.697101],[98.8019,3.690641],[98.799338,3.687207],[98.79812,3.677956],[98.795636,3.668923],[98.79163,3.66636],[98.78864,3.658639],[98.786792,3.657034],[98.786478,3.644408],[98.790966,3.636929],[98.790375,3.629595],[98.788195,3.627362],[98.788251,3.624728],[98.792187,3.616911],[98.790706,3.600336],[98.79225,3.597113],[98.791819,3.590952],[98.790489,3.58773],[98.788726,3.586541],[98.787343,3.577166],[98.781433,3.579554],[98.778471,3.578739],[98.776896,3.572834],[98.777845,3.5722],[98.77716,3.570149],[98.773233,3.559798],[98.771022,3.556596],[98.761653,3.553605],[98.755522,3.554309],[98.754215,3.551736],[98.75274,3.542046],[98.751572,3.539788],[98.747551,3.537449],[98.746547,3.539955],[98.738208,3.539993],[98.7383,3.54284],[98.72295,3.5433],[98.721534,3.544873],[98.721906,3.548827],[98.72023,3.550852],[98.720228,3.55234],[98.726762,3.552674],[98.727118,3.567063],[98.728766,3.571063],[98.732774,3.572222],[98.736973,3.575588],[98.737664,3.581386],[98.733262,3.58142],[98.733242,3.585014],[98.738928,3.586784],[98.732326,3.586637],[98.72853,3.582385],[98.718638,3.582679],[98.718902,3.589636],[98.740964,3.592007],[98.739898,3.593965],[98.740719,3.596951],[98.736193,3.599113],[98.711797,3.599975],[98.710592,3.597222],[98.707162,3.595727],[98.70552,3.596914],[98.705343,3.599375],[98.70653,3.599616],[98.707325,3.618156],[98.70916,3.618344],[98.709567,3.619853],[98.709454,3.62661],[98.707821,3.628472],[98.706693,3.628498],[98.704257,3.628154],[98.704443,3.62601],[98.693383,3.626546],[98.692658,3.643707],[98.698134,3.645209],[98.701684,3.645106],[98.702492,3.653347],[98.696173,3.657114],[98.69302,3.657275],[98.690459,3.658865],[98.690851,3.66471],[98.681383,3.668051],[98.680513,3.671787],[98.669831,3.671722],[98.669382,3.673614],[98.669377,3.675609],[98.680215,3.675424],[98.680561,3.678791],[98.696552,3.678179],[98.694889,3.6729],[98.702491,3.672016],[98.702231,3.667256],[98.711526,3.666497],[98.717643,3.663082],[98.72502,3.662835],[98.725815,3.687192],[98.729298,3.687113],[98.730817,3.694168],[98.731767,3.720461],[98.729789,3.724468],[98.726657,3.727721],[98.727161,3.733202],[98.721503,3.73477],[98.718095,3.738642],[98.713981,3.740152],[98.704724,3.740765],[98.702986,3.750193],[98.701914,3.751159],[98.703565,3.753131],[98.705232,3.768602],[98.70693,3.770611],[98.709548,3.771866],[98.713094,3.769952],[98.717057,3.769387],[98.718441,3.772117],[98.723633,3.774266]]]}},{"type":"Feature","properties":{"nmkec":"Batang Kuis","nmkab":"Deli Serdang","nmprov":"Sumatera Utara","kdkec":"270","kdkab":"12","kodekab":"1212","idkec":"1212270","index":84},"geometry":{"type":"Polygon","coordinates":[[[98.790905,3.664277],[98.826072,3.663674],[98.831693,3.661208],[98.83087,3.656539],[98.82662,3.648191],[98.82629,3.644327],[98.829312,3.636021],[98.829278,3.632791],[98.832809,3.627655],[98.833611,3.622107],[98.832796,3.614045],[98.833415,3.612043],[98.83712,3.608806],[98.836967,3.606849],[98.835875,3.59887],[98.831522,3.59392],[98.826223,3.591078],[98.819197,3.580456],[98.815705,3.583093],[98.811936,3.578362],[98.801242,3.574551],[98.798523,3.570136],[98.796968,3.569539],[98.785364,3.573641],[98.78656,3.577455],[98.787343,3.577166],[98.788726,3.586541],[98.790489,3.58773],[98.791819,3.590952],[98.79225,3.597113],[98.790706,3.600336],[98.792187,3.616911],[98.788181,3.625867],[98.788256,3.627497],[98.790375,3.629595],[98.790966,3.636929],[98.786478,3.644408],[98.786058,3.650994],[98.786792,3.657034],[98.78864,3.658639],[98.790905,3.664277]]]}},{"type":"Feature","properties":{"nmkec":"Pantai Labu","nmkab":"Deli Serdang","nmprov":"Sumatera Utara","kdkec":"280","kdkab":"12","kodekab":"1212","idkec":"1212280","index":85},"geometry":{"type":"Polygon","coordinates":[[[98.829597,3.707474],[98.844512,3.704348],[98.873788,3.687978],[98.88404,3.684896],[98.905996,3.680392],[98.931272,3.678118],[98.944345,3.675681],[98.95125,3.679272],[98.953129,3.674259],[98.946149,3.658189],[98.945923,3.647418],[98.937502,3.622747],[98.934997,3.622781],[98.932243,3.63222],[98.929469,3.63558],[98.922934,3.635769],[98.918393,3.638798],[98.920682,3.633156],[98.92066,3.62987],[98.906212,3.630014],[98.902785,3.62462],[98.88892,3.624728],[98.889447,3.632213],[98.902755,3.644962],[98.88905,3.658382],[98.863053,3.632443],[98.851464,3.632756],[98.849554,3.631484],[98.839994,3.633111],[98.835584,3.640026],[98.836963,3.665488],[98.833829,3.665789],[98.831693,3.661208],[98.826072,3.663674],[98.790902,3.664277],[98.79163,3.66636],[98.795636,3.668923],[98.79812,3.677956],[98.799338,3.687207],[98.8019,3.690641],[98.808658,3.697101],[98.818272,3.695152],[98.821238,3.697666],[98.825807,3.707399],[98.829597,3.707474]]]}},{"type":"Feature","properties":{"nmkec":"Beringin","nmkab":"Deli Serdang","nmprov":"Sumatera Utara","kdkec":"290","kdkab":"12","kodekab":"1212","idkec":"1212290","index":86},"geometry":{"type":"Polygon","coordinates":[[[98.836963,3.665488],[98.835584,3.640026],[98.839994,3.633111],[98.849554,3.631484],[98.851464,3.632756],[98.863053,3.632443],[98.88905,3.658382],[98.902755,3.644962],[98.889447,3.632213],[98.88892,3.624728],[98.902785,3.62462],[98.906212,3.630014],[98.92066,3.62987],[98.920682,3.633156],[98.918393,3.638798],[98.922934,3.635769],[98.929469,3.63558],[98.932243,3.63222],[98.934997,3.622781],[98.937502,3.622747],[98.930511,3.61548],[98.925031,3.612552],[98.922941,3.609631],[98.922774,3.606672],[98.919397,3.600883],[98.917367,3.601726],[98.916003,3.600306],[98.916644,3.596243],[98.910874,3.589377],[98.90847,3.588283],[98.907135,3.584187],[98.908887,3.578438],[98.907466,3.574808],[98.901422,3.574489],[98.893707,3.577304],[98.888334,3.57739],[98.883156,3.574507],[98.871661,3.57488],[98.86315,3.572948],[98.859036,3.573546],[98.858216,3.577355],[98.854517,3.580749],[98.855993,3.585203],[98.85503,3.589345],[98.849234,3.596077],[98.846881,3.601172],[98.842867,3.606681],[98.837362,3.610528],[98.83712,3.608806],[98.83652,3.608995],[98.833415,3.612043],[98.832796,3.614045],[98.833611,3.622107],[98.832809,3.627655],[98.829278,3.632791],[98.829312,3.636021],[98.82629,3.644327],[98.82662,3.648191],[98.83087,3.656539],[98.832001,3.662481],[98.833829,3.665789],[98.836963,3.665488]]]}},{"type":"Feature","properties":{"nmkec":"Pagar Merbau","nmkab":"Deli Serdang","nmprov":"Sumatera Utara","kdkec":"310","kdkab":"12","kodekab":"1212","idkec":"1212310","index":87},"geometry":{"type":"Polygon","coordinates":[[[98.918908,3.586353],[98.919308,3.581962],[98.923236,3.575762],[98.932216,3.570081],[98.934079,3.567589],[98.932313,3.555962],[98.926419,3.546667],[98.926491,3.544542],[98.930473,3.540791],[98.932717,3.536226],[98.932326,3.531679],[98.935908,3.52387],[98.936839,3.518128],[98.936721,3.51419],[98.933126,3.503436],[98.935989,3.499032],[98.934922,3.492136],[98.931706,3.484807],[98.922786,3.470196],[98.919831,3.473537],[98.914771,3.476243],[98.910418,3.473646],[98.904199,3.477352],[98.903555,3.480282],[98.905054,3.486583],[98.903568,3.490805],[98.901788,3.492021],[98.893777,3.491042],[98.890874,3.489153],[98.861674,3.488797],[98.859163,3.487514],[98.858228,3.485888],[98.856572,3.485841],[98.853073,3.487786],[98.852185,3.491327],[98.85428,3.495488],[98.855438,3.502396],[98.853628,3.503066],[98.854587,3.505203],[98.85284,3.509016],[98.846813,3.512418],[98.849319,3.518237],[98.847799,3.522455],[98.847796,3.529338],[98.845392,3.535062],[98.846472,3.540458],[98.853384,3.541031],[98.862779,3.540315],[98.862826,3.526255],[98.867513,3.513293],[98.870595,3.515031],[98.875966,3.520402],[98.888078,3.527607],[98.909287,3.535944],[98.907645,3.559013],[98.916664,3.559805],[98.912499,3.570133],[98.908754,3.569843],[98.905934,3.568429],[98.905701,3.570047],[98.908887,3.578438],[98.907135,3.584187],[98.90847,3.588283],[98.910874,3.589377],[98.916644,3.596243],[98.915916,3.599833],[98.917367,3.601726],[98.919397,3.600883],[98.918965,3.599051],[98.920675,3.590583],[98.918908,3.586353]]]}},{"type":"Feature","properties":{"nmkec":"Bohorok","nmkab":"Langkat","nmprov":"Sumatera Utara","kdkec":"010","kdkab":"13","kodekab":"1213","idkec":"1213010","index":88},"geometry":{"type":"Polygon","coordinates":[[[98.139942,3.61573],[98.174513,3.614786],[98.178631,3.610148],[98.184737,3.61063],[98.197338,3.615116],[98.234805,3.614569],[98.23391,3.602758],[98.23404,3.557879],[98.240939,3.555416],[98.244287,3.55599],[98.249397,3.559643],[98.255442,3.560069],[98.261707,3.558613],[98.267113,3.563721],[98.268608,3.566679],[98.271809,3.568409],[98.273882,3.56806],[98.275451,3.565994],[98.278684,3.553985],[98.281031,3.551292],[98.277261,3.548542],[98.274755,3.539095],[98.260804,3.519012],[98.261272,3.507664],[98.255437,3.495421],[98.256407,3.487548],[98.255708,3.48413],[98.252785,3.479241],[98.24883,3.476476],[98.247156,3.477397],[98.244848,3.473366],[98.244561,3.470446],[98.246933,3.469572],[98.242746,3.453092],[98.207508,3.452597],[98.203668,3.453286],[98.201188,3.457141],[98.197766,3.453866],[98.194405,3.443533],[98.197222,3.434998],[98.191758,3.430045],[98.197274,3.422239],[98.197491,3.413797],[98.194871,3.410699],[98.196151,3.402765],[98.203418,3.385576],[98.207935,3.379819],[98.21029,3.374528],[98.212581,3.360302],[98.21525,3.352795],[98.218363,3.344694],[98.222362,3.338973],[98.237185,3.302334],[98.238689,3.289787],[98.246597,3.277956],[98.25188,3.264543],[98.252984,3.260783],[98.252902,3.2538],[98.232663,3.26369],[98.223248,3.270652],[98.220066,3.28073],[98.217652,3.2843],[98.207878,3.282251],[98.202423,3.278419],[98.198615,3.27765],[98.182376,3.280566],[98.173705,3.277783],[98.167875,3.280323],[98.159341,3.276943],[98.142395,3.266515],[98.136391,3.265504],[98.124154,3.265428],[98.120789,3.266318],[98.117924,3.269923],[98.107697,3.291217],[98.108455,3.299561],[98.099258,3.313931],[98.095194,3.315702],[98.089306,3.316407],[98.082769,3.319478],[98.078529,3.319829],[98.071586,3.315266],[98.064283,3.318869],[98.058018,3.315591],[98.055808,3.315843],[98.042023,3.324468],[98.029242,3.33055],[98.020273,3.344567],[98.01619,3.347008],[98.0143,3.349385],[98.010663,3.35924],[98.006545,3.365656],[98.001746,3.36986],[97.995628,3.373126],[97.993122,3.3717],[97.988476,3.370889],[97.976556,3.372458],[97.970668,3.378021],[97.948226,3.390666],[97.947574,3.3921],[97.948062,3.397588],[97.951658,3.407303],[97.951663,3.40969],[97.948876,3.416916],[97.93497,3.435685],[97.933843,3.438611],[97.933736,3.444458],[97.93631,3.450358],[97.941447,3.455834],[97.945155,3.462209],[97.949766,3.472817],[97.959082,3.481623],[97.958191,3.483057],[97.951042,3.484627],[97.946046,3.489412],[97.93139,3.492134],[97.92157,3.498125],[97.920495,3.500004],[97.922907,3.505256],[97.923818,3.512198],[97.920733,3.519596],[97.912527,3.533914],[97.912349,3.543658],[97.909698,3.550152],[97.904411,3.55694],[97.901716,3.558958],[97.897833,3.560312],[97.892415,3.559086],[97.884773,3.561077],[97.875595,3.565163],[97.87,3.569009],[97.867589,3.573241],[97.867042,3.584839],[97.86438,3.592027],[97.885693,3.586493],[97.920489,3.58702],[97.95914,3.597934],[97.97019,3.602072],[97.9789,3.60664],[98.008857,3.611848],[98.031908,3.608797],[98.039872,3.60421],[98.058569,3.597319],[98.064631,3.594097],[98.074349,3.591184],[98.079714,3.592166],[98.086697,3.59543],[98.090257,3.601078],[98.091362,3.607613],[98.093092,3.610561],[98.095719,3.613169],[98.100399,3.614983],[98.113679,3.615294],[98.1168,3.608844],[98.122792,3.610355],[98.12401,3.60413],[98.131172,3.603125],[98.142823,3.604929],[98.143094,3.610794],[98.139942,3.61573]]]}},{"type":"Feature","properties":{"nmkec":"Kutambaru","nmkab":"Langkat","nmprov":"Sumatera Utara","kdkec":"021","kdkab":"13","kodekab":"1213","idkec":"1213021","index":89},"geometry":{"type":"MultiPolygon","coordinates":[[[[98.315989,3.352812],[98.311747,3.347155],[98.311246,3.343922],[98.313306,3.341695],[98.31758,3.341893],[98.320392,3.344049],[98.328554,3.336524],[98.331582,3.328242],[98.342259,3.305853],[98.337072,3.304532],[98.346643,3.296583],[98.348242,3.293666],[98.351225,3.287547],[98.355032,3.271043],[98.358432,3.262956],[98.360962,3.250941],[98.366263,3.245337],[98.359621,3.232476],[98.355567,3.227829],[98.348978,3.221935],[98.340021,3.218361],[98.322888,3.222711],[98.313982,3.226556],[98.297642,3.228697],[98.292928,3.24319],[98.288222,3.24716],[98.288882,3.252815],[98.287525,3.254844],[98.285678,3.255277],[98.277573,3.252517],[98.273446,3.253297],[98.268267,3.252186],[98.262408,3.24935],[98.258858,3.24997],[98.252902,3.2538],[98.252984,3.260783],[98.25188,3.264543],[98.246597,3.277956],[98.238689,3.289787],[98.237185,3.302334],[98.222362,3.338973],[98.218363,3.344694],[98.21525,3.352795],[98.212581,3.360302],[98.21029,3.374528],[98.207935,3.379819],[98.203418,3.385576],[98.196151,3.402765],[98.194871,3.410699],[98.197491,3.413797],[98.197274,3.422239],[98.191758,3.430045],[98.197222,3.434998],[98.194405,3.443533],[98.19876,3.455166],[98.201188,3.457141],[98.203668,3.453286],[98.207508,3.452597],[98.242746,3.453092],[98.243164,3.454213],[98.248526,3.456015],[98.247976,3.446036],[98.245502,3.431549],[98.243564,3.426912],[98.244138,3.421973],[98.2475,3.417627],[98.25278,3.418647],[98.255091,3.430238],[98.25909,3.430995],[98.258016,3.418696],[98.286201,3.419706],[98.291029,3.41657],[98.29338,3.413289],[98.297125,3.401854],[98.302055,3.392659],[98.300761,3.391119],[98.300276,3.386335],[98.308611,3.370339],[98.308561,3.360826],[98.309686,3.358562],[98.315989,3.352812]]],[[[98.320392,3.344049],[98.317804,3.345769],[98.315989,3.352812],[98.316508,3.353784],[98.323858,3.354591],[98.327238,3.348897],[98.32674,3.347367],[98.320392,3.344049]]],[[[98.256034,3.435059],[98.253126,3.441717],[98.25528,3.447127],[98.258223,3.447078],[98.261535,3.445913],[98.261717,3.440313],[98.259932,3.437554],[98.256034,3.435059]]],[[[98.284984,3.420389],[98.283936,3.420234],[98.283863,3.421265],[98.284614,3.421591],[98.284984,3.420389]]]]}},{"type":"Feature","properties":{"nmkec":"Kuala","nmkab":"Langkat","nmprov":"Sumatera Utara","kdkec":"040","kdkab":"13","kodekab":"1213","idkec":"1213040","index":90},"geometry":{"type":"MultiPolygon","coordinates":[[[[98.368503,3.56886],[98.368574,3.565116],[98.377479,3.564857],[98.375606,3.556714],[98.376126,3.552236],[98.375437,3.550722],[98.381606,3.548855],[98.386854,3.554351],[98.392389,3.553009],[98.393312,3.552715],[98.391966,3.547761],[98.395061,3.546822],[98.391117,3.540797],[98.394075,3.54026],[98.397519,3.541679],[98.400353,3.540512],[98.401338,3.537802],[98.41108,3.534822],[98.414542,3.537555],[98.418442,3.53839],[98.428253,3.535776],[98.42853,3.53024],[98.437194,3.528035],[98.443085,3.523622],[98.446097,3.516877],[98.454855,3.505748],[98.455189,3.503071],[98.455039,3.49698],[98.452475,3.497352],[98.449291,3.492378],[98.442652,3.487213],[98.441487,3.485121],[98.437798,3.484868],[98.432771,3.486802],[98.430725,3.486428],[98.429852,3.485724],[98.429996,3.484181],[98.432219,3.478784],[98.418954,3.47676],[98.415655,3.475429],[98.417618,3.472233],[98.417282,3.466189],[98.410444,3.460877],[98.407872,3.454513],[98.40814,3.447062],[98.407088,3.440524],[98.402546,3.43623],[98.401831,3.429693],[98.402458,3.422752],[98.40579,3.415226],[98.4069,3.400008],[98.403096,3.384354],[98.406019,3.376099],[98.40568,3.373246],[98.401786,3.364046],[98.402506,3.360094],[98.403777,3.359049],[98.406311,3.359188],[98.404163,3.352577],[98.4004,3.349979],[98.39909,3.346575],[98.393874,3.34075],[98.390907,3.31579],[98.388444,3.31135],[98.381092,3.303301],[98.377137,3.310727],[98.377544,3.314605],[98.381019,3.318194],[98.381384,3.320635],[98.380051,3.323412],[98.381566,3.326274],[98.388222,3.329016],[98.388349,3.329865],[98.384267,3.34749],[98.381538,3.354564],[98.379206,3.357657],[98.378252,3.362237],[98.372003,3.370569],[98.370081,3.377541],[98.367802,3.400546],[98.368026,3.405778],[98.364562,3.409102],[98.359508,3.411217],[98.355882,3.415141],[98.356248,3.422843],[98.350745,3.431157],[98.349729,3.440029],[98.348462,3.443611],[98.342409,3.450596],[98.341126,3.458339],[98.33881,3.459195],[98.336839,3.462123],[98.338936,3.466435],[98.340675,3.465646],[98.343804,3.467031],[98.346295,3.474441],[98.342289,3.484147],[98.345931,3.490726],[98.344846,3.493821],[98.342356,3.496254],[98.344048,3.500423],[98.341509,3.504907],[98.342009,3.511181],[98.337727,3.51232],[98.335092,3.506703],[98.33209,3.503705],[98.328999,3.503404],[98.327234,3.506034],[98.328386,3.509872],[98.33385,3.515774],[98.337896,3.522913],[98.337971,3.526244],[98.334746,3.527471],[98.334323,3.529861],[98.336783,3.532815],[98.339286,3.541569],[98.34286,3.546707],[98.34711,3.54812],[98.350517,3.552714],[98.348648,3.556364],[98.348058,3.568048],[98.352395,3.569163],[98.368503,3.56886]],[[98.38639,3.351441],[98.385989,3.348685],[98.386532,3.348779],[98.38639,3.351441]]],[[[98.330946,3.496508],[98.332872,3.496193],[98.333955,3.490513],[98.331902,3.483451],[98.329653,3.482216],[98.326066,3.484873],[98.326902,3.494835],[98.330946,3.496508]]]]}},{"type":"Feature","properties":{"nmkec":"Binjai","nmkab":"Langkat","nmprov":"Sumatera Utara","kdkec":"060","kdkab":"13","kodekab":"1213","idkec":"1213060","index":91},"geometry":{"type":"Polygon","coordinates":[[[98.456459,3.702075],[98.465561,3.68348],[98.478919,3.670845],[98.500136,3.691651],[98.496331,3.696022],[98.503243,3.700127],[98.505138,3.700053],[98.501489,3.672492],[98.500707,3.670114],[98.488047,3.666971],[98.472467,3.647526],[98.471114,3.649636],[98.468207,3.649866],[98.45921,3.655537],[98.451654,3.657228],[98.447211,3.657199],[98.44629,3.656062],[98.446435,3.653987],[98.458047,3.651783],[98.462496,3.652219],[98.462618,3.647987],[98.469038,3.644664],[98.47481,3.636115],[98.474152,3.622301],[98.473552,3.616851],[98.442735,3.612768],[98.441601,3.616176],[98.442633,3.620431],[98.448697,3.624508],[98.450247,3.628257],[98.449134,3.631056],[98.43811,3.639973],[98.436421,3.644071],[98.434394,3.656135],[98.437188,3.679793],[98.428285,3.683904],[98.429689,3.686991],[98.420002,3.695053],[98.425327,3.706042],[98.437358,3.7055],[98.447577,3.706165],[98.443937,3.711793],[98.446565,3.712196],[98.456459,3.702075]]]}},{"type":"Feature","properties":{"nmkec":"Stabat","nmkab":"Langkat","nmprov":"Sumatera Utara","kdkec":"070","kdkab":"13","kodekab":"1213","idkec":"1213070","index":92},"geometry":{"type":"Polygon","coordinates":[[[98.487257,3.785709],[98.504246,3.779133],[98.508121,3.779967],[98.525462,3.772608],[98.524673,3.769897],[98.513825,3.754669],[98.508464,3.750345],[98.504021,3.748634],[98.503273,3.743726],[98.50988,3.743764],[98.510225,3.729031],[98.506774,3.712304],[98.509098,3.707497],[98.507576,3.703235],[98.505138,3.700053],[98.503243,3.700127],[98.496331,3.696022],[98.500136,3.691651],[98.478919,3.670845],[98.465561,3.68348],[98.456459,3.702075],[98.446565,3.712196],[98.443937,3.711793],[98.447577,3.706165],[98.446489,3.705755],[98.425327,3.706042],[98.418826,3.692819],[98.4153,3.692536],[98.411164,3.697839],[98.407879,3.697789],[98.401722,3.695215],[98.393219,3.69677],[98.395076,3.709219],[98.40045,3.709064],[98.402365,3.718566],[98.410713,3.726664],[98.410623,3.731136],[98.406987,3.736896],[98.399092,3.743288],[98.400706,3.744929],[98.407291,3.747309],[98.407981,3.748593],[98.407322,3.755841],[98.409083,3.755964],[98.412793,3.752374],[98.415799,3.753694],[98.415817,3.756606],[98.413753,3.762356],[98.415242,3.764017],[98.418274,3.764681],[98.421858,3.763767],[98.424052,3.761568],[98.425051,3.758459],[98.428085,3.758581],[98.438184,3.763963],[98.446974,3.763443],[98.454588,3.765407],[98.459036,3.772885],[98.461473,3.774737],[98.461215,3.779009],[98.463335,3.782378],[98.469058,3.784053],[98.469954,3.786555],[98.480287,3.783512],[98.481323,3.789838],[98.487257,3.785709]]]}},{"type":"Feature","properties":{"nmkec":"Wampu","nmkab":"Langkat","nmprov":"Sumatera Utara","kdkec":"080","kdkab":"13","kodekab":"1213","idkec":"1213080","index":93},"geometry":{"type":"Polygon","coordinates":[[[98.378945,3.798367],[98.383408,3.788801],[98.384024,3.778757],[98.413242,3.777898],[98.415264,3.776111],[98.423308,3.776856],[98.422684,3.780678],[98.426004,3.786183],[98.458365,3.787633],[98.461102,3.786962],[98.46982,3.788099],[98.470116,3.78597],[98.469058,3.784053],[98.464582,3.783042],[98.461533,3.780289],[98.461473,3.774737],[98.459036,3.772885],[98.454588,3.765407],[98.446974,3.763443],[98.438184,3.763963],[98.428085,3.758581],[98.425051,3.758459],[98.424052,3.761568],[98.421858,3.763767],[98.41626,3.764557],[98.413753,3.762356],[98.416078,3.755304],[98.415026,3.752742],[98.412793,3.752374],[98.409083,3.755964],[98.407322,3.755841],[98.407981,3.748593],[98.407291,3.747309],[98.400706,3.744929],[98.399092,3.743288],[98.406987,3.736896],[98.410623,3.731136],[98.410713,3.726664],[98.402365,3.718566],[98.40045,3.709064],[98.395076,3.709219],[98.393829,3.702601],[98.391145,3.706163],[98.389223,3.707182],[98.383979,3.701852],[98.383441,3.696632],[98.381038,3.692765],[98.377427,3.692452],[98.373405,3.685813],[98.372061,3.679046],[98.364859,3.672782],[98.36185,3.665217],[98.362272,3.656357],[98.357701,3.648021],[98.355303,3.634103],[98.35121,3.629763],[98.342357,3.630974],[98.32567,3.626286],[98.319369,3.625528],[98.314368,3.629068],[98.299742,3.629967],[98.298715,3.614109],[98.255293,3.615319],[98.252617,3.619954],[98.244981,3.62115],[98.243877,3.615819],[98.234805,3.614569],[98.232302,3.620762],[98.24143,3.624932],[98.242755,3.644657],[98.247435,3.646267],[98.244565,3.64896],[98.243776,3.648053],[98.243542,3.64913],[98.244547,3.652051],[98.247185,3.654445],[98.248856,3.660264],[98.255205,3.663369],[98.255611,3.664554],[98.254673,3.66567],[98.257439,3.667644],[98.264851,3.668015],[98.267288,3.6728],[98.272857,3.676208],[98.275284,3.673685],[98.280229,3.67465],[98.282364,3.680929],[98.284494,3.683897],[98.29387,3.691713],[98.316304,3.71787],[98.321613,3.720949],[98.327774,3.726334],[98.327107,3.728974],[98.327739,3.731122],[98.333245,3.739542],[98.336626,3.752179],[98.340822,3.757278],[98.341955,3.76056],[98.34157,3.762473],[98.350123,3.771277],[98.359019,3.771666],[98.363384,3.776566],[98.364638,3.78058],[98.362375,3.787672],[98.364505,3.791673],[98.372732,3.799594],[98.379183,3.802257],[98.378945,3.798367]]]}},{"type":"Feature","properties":{"nmkec":"Batang Serangan","nmkab":"Langkat","nmprov":"Sumatera Utara","kdkec":"090","kdkab":"13","kodekab":"1213","idkec":"1213090","index":94},"geometry":{"type":"MultiPolygon","coordinates":[[[[98.149694,3.837046],[98.1481,3.832613],[98.145248,3.83295],[98.146651,3.831547],[98.144682,3.827779],[98.146531,3.812434],[98.149311,3.808161],[98.157983,3.803179],[98.160009,3.795631],[98.162267,3.794116],[98.164526,3.787631],[98.16302,3.784001],[98.161473,3.782449],[98.156662,3.78099],[98.147693,3.771189],[98.147738,3.769621],[98.152372,3.761675],[98.159772,3.764087],[98.16346,3.760569],[98.169454,3.759508],[98.186998,3.732288],[98.191425,3.727931],[98.196612,3.733764],[98.19794,3.737573],[98.199252,3.738366],[98.204752,3.735591],[98.209942,3.731434],[98.213236,3.731763],[98.213851,3.732657],[98.21329,3.735403],[98.210841,3.739789],[98.211332,3.741782],[98.218213,3.742906],[98.220573,3.744178],[98.220601,3.749191],[98.225358,3.755685],[98.228348,3.755742],[98.230741,3.75221],[98.233329,3.753179],[98.235261,3.75758],[98.238078,3.758932],[98.243146,3.756307],[98.245175,3.759576],[98.244575,3.762929],[98.245704,3.765218],[98.246608,3.765833],[98.251227,3.764536],[98.253397,3.76501],[98.257153,3.779257],[98.264371,3.78143],[98.264083,3.783427],[98.265262,3.785697],[98.268524,3.784369],[98.272648,3.784096],[98.27754,3.786021],[98.280555,3.784284],[98.28002,3.779397],[98.266547,3.763197],[98.264219,3.757589],[98.261097,3.755075],[98.259687,3.756223],[98.257967,3.754978],[98.263306,3.750714],[98.26352,3.746597],[98.26235,3.745419],[98.257578,3.74468],[98.251084,3.738198],[98.248591,3.739396],[98.247894,3.738597],[98.247452,3.734995],[98.249182,3.727114],[98.251857,3.724154],[98.251686,3.726601],[98.254375,3.730301],[98.257819,3.732606],[98.265189,3.731923],[98.25631,3.716983],[98.250723,3.711612],[98.250468,3.709607],[98.253085,3.708587],[98.248449,3.70405],[98.223993,3.691514],[98.225242,3.689499],[98.225575,3.683706],[98.220331,3.684486],[98.220336,3.677937],[98.223212,3.667819],[98.231841,3.655415],[98.242755,3.644657],[98.24143,3.624932],[98.232302,3.620762],[98.234805,3.614569],[98.197338,3.615116],[98.184737,3.61063],[98.178631,3.610148],[98.174513,3.614786],[98.139942,3.61573],[98.143094,3.610794],[98.142823,3.604929],[98.131172,3.603125],[98.12401,3.60413],[98.122792,3.610355],[98.1168,3.608844],[98.113679,3.615294],[98.100399,3.614983],[98.095719,3.613169],[98.093092,3.610561],[98.091362,3.607613],[98.090257,3.601078],[98.086697,3.59543],[98.079714,3.592166],[98.074349,3.591184],[98.064631,3.594097],[98.058569,3.597319],[98.039872,3.60421],[98.031908,3.608797],[98.008857,3.611848],[97.9789,3.60664],[97.97019,3.602072],[97.95914,3.597934],[97.920489,3.58702],[97.885693,3.586493],[97.86438,3.592027],[97.863643,3.594627],[97.864262,3.60079],[97.870543,3.606984],[97.871943,3.612075],[97.86912,3.615527],[97.858587,3.622346],[97.853551,3.626923],[97.852817,3.630148],[97.85395,3.639961],[97.846598,3.653196],[97.844403,3.661197],[97.838396,3.668519],[97.829313,3.672177],[97.826011,3.675926],[97.822521,3.681288],[97.819126,3.690598],[97.804639,3.710372],[97.803826,3.716766],[97.800273,3.722666],[97.81521,3.736741],[97.81904,3.744177],[97.83697,3.763022],[97.839889,3.767805],[97.848946,3.774263],[97.856159,3.775282],[97.860983,3.784309],[97.869446,3.787181],[97.872843,3.789393],[97.875166,3.792681],[97.879735,3.794119],[97.882438,3.79627],[97.884642,3.799678],[97.896322,3.80793],[97.900066,3.81597],[97.916861,3.79995],[97.938903,3.788025],[97.969481,3.785393],[97.97813,3.782418],[97.981646,3.779979],[97.989223,3.768861],[97.993271,3.773751],[98.005967,3.775394],[98.042717,3.770821],[98.063907,3.774901],[98.074643,3.773977],[98.086386,3.774409],[98.096325,3.772021],[98.101617,3.77197],[98.104984,3.773921],[98.101936,3.780539],[98.097623,3.781506],[98.098924,3.786934],[98.097623,3.79515],[98.100114,3.796489],[98.106137,3.793775],[98.108479,3.794741],[98.109037,3.802958],[98.112578,3.805858],[98.115906,3.810858],[98.116463,3.814242],[98.115571,3.817699],[98.118434,3.818852],[98.11888,3.826511],[98.121222,3.827068],[98.123602,3.824986],[98.125983,3.82843],[98.131597,3.830642],[98.133233,3.834025],[98.131356,3.835922],[98.130965,3.835252],[98.130519,3.838561],[98.139888,3.835754],[98.147054,3.836516],[98.149403,3.838681],[98.149694,3.837046]],[[98.113349,3.785247],[98.109213,3.778216],[98.115857,3.77486],[98.121457,3.769321],[98.125237,3.7597],[98.127268,3.758738],[98.132905,3.770468],[98.13212,3.780525],[98.127526,3.788592],[98.113349,3.785247]]],[[[98.343069,3.769101],[98.345615,3.766995],[98.34157,3.762473],[98.341955,3.76056],[98.339706,3.755161],[98.337051,3.75311],[98.333245,3.739542],[98.327739,3.731122],[98.327107,3.728974],[98.327774,3.726334],[98.324524,3.723179],[98.316304,3.71787],[98.312753,3.713207],[98.306853,3.717989],[98.312937,3.723744],[98.314278,3.726306],[98.313314,3.727872],[98.308414,3.727122],[98.304767,3.724305],[98.301387,3.723084],[98.295304,3.723604],[98.295049,3.727667],[98.308432,3.738054],[98.309844,3.74169],[98.312056,3.743634],[98.326716,3.753954],[98.331652,3.758682],[98.337736,3.767895],[98.343069,3.769101]]]]}},{"type":"Feature","properties":{"nmkec":"Sawit Seberang","nmkab":"Langkat","nmprov":"Sumatera Utara","kdkec":"100","kdkab":"13","kodekab":"1213","idkec":"1213100","index":95},"geometry":{"type":"Polygon","coordinates":[[[98.246112,3.912894],[98.244985,3.910901],[98.250316,3.909632],[98.255079,3.907292],[98.262071,3.897393],[98.262341,3.860497],[98.265394,3.853978],[98.266913,3.854048],[98.274454,3.846044],[98.276025,3.842012],[98.282525,3.834736],[98.28294,3.838214],[98.28744,3.840041],[98.289233,3.839864],[98.290599,3.836601],[98.292286,3.835083],[98.296538,3.839925],[98.302794,3.85096],[98.301412,3.854835],[98.299136,3.856738],[98.296186,3.857501],[98.295168,3.86025],[98.301908,3.866111],[98.30452,3.86414],[98.307091,3.864223],[98.314748,3.857685],[98.323984,3.860735],[98.326532,3.860319],[98.333353,3.86797],[98.336788,3.867795],[98.342139,3.864297],[98.345594,3.864598],[98.347696,3.868287],[98.350713,3.871531],[98.352843,3.872432],[98.353452,3.872338],[98.35281,3.868363],[98.346086,3.862293],[98.339103,3.863105],[98.337122,3.862284],[98.340605,3.85353],[98.331065,3.852867],[98.330583,3.840275],[98.329555,3.840281],[98.328001,3.84239],[98.325889,3.842428],[98.319954,3.840062],[98.318538,3.835682],[98.32428,3.837051],[98.325335,3.836413],[98.325377,3.834805],[98.319413,3.831971],[98.31718,3.827105],[98.312775,3.826673],[98.304996,3.819196],[98.306405,3.814457],[98.305316,3.812856],[98.301993,3.812263],[98.296154,3.807573],[98.295581,3.806011],[98.297288,3.804503],[98.290751,3.801136],[98.287349,3.795648],[98.279869,3.789756],[98.279547,3.788701],[98.281794,3.785295],[98.281197,3.784262],[98.27754,3.786021],[98.272648,3.784096],[98.268524,3.784369],[98.265262,3.785697],[98.264083,3.783427],[98.264371,3.78143],[98.257153,3.779257],[98.253397,3.76501],[98.251227,3.764536],[98.246608,3.765833],[98.245704,3.765218],[98.244575,3.762929],[98.245175,3.759576],[98.243146,3.756307],[98.238078,3.758932],[98.235261,3.75758],[98.233329,3.753179],[98.230741,3.75221],[98.228348,3.755742],[98.225358,3.755685],[98.220601,3.749191],[98.220573,3.744178],[98.218213,3.742906],[98.211332,3.741782],[98.210841,3.739789],[98.21329,3.735403],[98.213851,3.732657],[98.213236,3.731763],[98.209942,3.731434],[98.204752,3.735591],[98.199252,3.738366],[98.19794,3.737573],[98.196612,3.733764],[98.191425,3.727931],[98.186998,3.732288],[98.169454,3.759508],[98.16346,3.760569],[98.159772,3.764087],[98.152372,3.761675],[98.147738,3.769621],[98.147693,3.771189],[98.156662,3.78099],[98.161473,3.782449],[98.16302,3.784001],[98.164526,3.787631],[98.162267,3.794116],[98.160009,3.795631],[98.157983,3.803179],[98.147647,3.809727],[98.146531,3.812434],[98.144682,3.827779],[98.146651,3.831547],[98.148592,3.831565],[98.153216,3.824138],[98.157326,3.823683],[98.171814,3.830613],[98.165577,3.840085],[98.165303,3.842463],[98.172741,3.845848],[98.172288,3.848401],[98.174506,3.856491],[98.173336,3.85921],[98.174248,3.861734],[98.188138,3.854445],[98.194516,3.862047],[98.205062,3.863654],[98.210926,3.868363],[98.212573,3.873441],[98.222074,3.882527],[98.224393,3.887104],[98.224757,3.892895],[98.229311,3.900479],[98.226786,3.908693],[98.232078,3.913533],[98.239334,3.911955],[98.240516,3.910077],[98.242018,3.911032],[98.243778,3.91428],[98.245502,3.914232],[98.246112,3.912894]]]}},{"type":"Feature","properties":{"nmkec":"Hinai","nmkab":"Langkat","nmprov":"Sumatera Utara","kdkec":"120","kdkab":"13","kodekab":"1213","idkec":"1213120","index":96},"geometry":{"type":"Polygon","coordinates":[[[98.433655,3.892167],[98.437342,3.889873],[98.441787,3.89178],[98.441643,3.893163],[98.443368,3.895947],[98.450157,3.891123],[98.461045,3.890244],[98.467658,3.888219],[98.465387,3.882914],[98.466638,3.874398],[98.468864,3.869259],[98.467947,3.865302],[98.466813,3.864915],[98.465968,3.862102],[98.469969,3.852376],[98.466754,3.840876],[98.471954,3.83499],[98.472917,3.831998],[98.472153,3.824091],[98.473603,3.822019],[98.471811,3.803503],[98.475124,3.797458],[98.474947,3.79306],[98.470388,3.790759],[98.46982,3.788099],[98.467602,3.787262],[98.458365,3.787633],[98.426004,3.786183],[98.422684,3.780678],[98.423308,3.776856],[98.415264,3.776111],[98.413242,3.777898],[98.384024,3.778757],[98.383408,3.788801],[98.378797,3.799413],[98.379183,3.802257],[98.382635,3.803901],[98.37943,3.806649],[98.379773,3.808872],[98.381706,3.809206],[98.382689,3.811615],[98.379496,3.816219],[98.378915,3.822402],[98.381296,3.82689],[98.380815,3.829375],[98.378952,3.830874],[98.378461,3.834265],[98.379452,3.841541],[98.38075,3.844602],[98.386553,3.852034],[98.388601,3.858564],[98.390722,3.858625],[98.39163,3.857358],[98.394131,3.858043],[98.408934,3.868798],[98.409087,3.875453],[98.411761,3.886346],[98.418712,3.890801],[98.419468,3.888721],[98.424963,3.888906],[98.426989,3.890543],[98.427224,3.893888],[98.429286,3.896037],[98.431358,3.895071],[98.433655,3.892167]]]}},{"type":"Feature","properties":{"nmkec":"Secanggang","nmkab":"Langkat","nmprov":"Sumatera Utara","kdkec":"130","kdkab":"13","kodekab":"1213","idkec":"1213130","index":97},"geometry":{"type":"MultiPolygon","coordinates":[[[[98.564126,3.937386],[98.573212,3.939526],[98.57605,3.936046],[98.583796,3.932972],[98.582891,3.927831],[98.584303,3.924304],[98.588845,3.924955],[98.59566,3.922417],[98.604585,3.914936],[98.616693,3.912656],[98.620843,3.914015],[98.6291,3.912353],[98.632633,3.916901],[98.637803,3.916396],[98.656519,3.911791],[98.661187,3.911862],[98.663564,3.909618],[98.664503,3.907256],[98.662286,3.906033],[98.656259,3.90577],[98.653565,3.904496],[98.650585,3.899981],[98.64371,3.895146],[98.640449,3.886777],[98.637621,3.884439],[98.623386,3.884115],[98.618971,3.87931],[98.616381,3.87304],[98.612153,3.866691],[98.60698,3.869592],[98.603799,3.868077],[98.602861,3.8661],[98.608152,3.859955],[98.609917,3.855523],[98.609051,3.853864],[98.601216,3.848251],[98.604405,3.841166],[98.604419,3.837155],[98.60338,3.834587],[98.59877,3.831528],[98.595365,3.833952],[98.590683,3.835488],[98.585427,3.83404],[98.587194,3.825462],[98.584928,3.822135],[98.583619,3.821704],[98.579184,3.823922],[98.578164,3.823583],[98.577631,3.821508],[98.579305,3.81934],[98.57493,3.813093],[98.576445,3.811339],[98.580672,3.812912],[98.582108,3.811888],[98.582014,3.810106],[98.579789,3.809507],[98.575668,3.806122],[98.568862,3.805153],[98.562659,3.800768],[98.555486,3.798313],[98.55298,3.792904],[98.54609,3.793363],[98.545133,3.796669],[98.53872,3.796674],[98.535328,3.790295],[98.537637,3.786199],[98.526304,3.775144],[98.525462,3.772608],[98.508121,3.779967],[98.504246,3.779133],[98.498088,3.781144],[98.487257,3.785709],[98.481323,3.789838],[98.480287,3.783512],[98.469954,3.786555],[98.469639,3.789535],[98.470388,3.790759],[98.474001,3.791972],[98.475486,3.794927],[98.475124,3.797458],[98.471811,3.803503],[98.473603,3.822019],[98.472153,3.824091],[98.472917,3.831998],[98.471954,3.83499],[98.466754,3.840876],[98.469969,3.852376],[98.465968,3.862102],[98.466813,3.864915],[98.467947,3.865302],[98.468864,3.869259],[98.466638,3.874398],[98.465387,3.882914],[98.467658,3.888219],[98.470862,3.888934],[98.474552,3.893032],[98.476506,3.897566],[98.483059,3.902128],[98.481699,3.905634],[98.480487,3.906434],[98.483539,3.909338],[98.491005,3.911383],[98.491735,3.913881],[98.487689,3.917427],[98.487936,3.919493],[98.493217,3.922055],[98.497934,3.922967],[98.505223,3.922066],[98.507772,3.922575],[98.513722,3.925839],[98.516145,3.929568],[98.519587,3.931521],[98.527194,3.932665],[98.533653,3.931987],[98.536224,3.934537],[98.536097,3.937059],[98.538312,3.939505],[98.548075,3.942885],[98.554051,3.946548],[98.557483,3.946977],[98.559659,3.93938],[98.564126,3.937386]]],[[[98.568652,3.949758],[98.572193,3.946747],[98.573281,3.944489],[98.573323,3.942844],[98.57151,3.939972],[98.56872,3.939107],[98.560666,3.939557],[98.560901,3.941324],[98.568652,3.949758]]],[[[98.585535,3.932834],[98.583834,3.929599],[98.585019,3.935273],[98.585535,3.932834]]]]}},{"type":"Feature","properties":{"nmkec":"Tanjung Pura","nmkab":"Langkat","nmprov":"Sumatera Utara","kdkec":"140","kdkab":"13","kodekab":"1213","idkec":"1213140","index":98},"geometry":{"type":"Polygon","coordinates":[[[98.473596,4.035261],[98.481489,4.034012],[98.490849,4.029312],[98.491136,4.027404],[98.48904,4.025093],[98.486664,4.018897],[98.486988,4.015254],[98.489111,4.011735],[98.492738,4.012709],[98.494462,4.017058],[98.496824,4.018108],[98.507918,4.017446],[98.517795,4.019582],[98.52448,4.016626],[98.529688,4.016626],[98.536594,4.013466],[98.543252,4.011821],[98.544202,4.009135],[98.542108,4.002017],[98.538145,3.995521],[98.538493,3.992809],[98.544795,3.98322],[98.547565,3.982787],[98.550248,3.984353],[98.552814,3.981733],[98.556766,3.972376],[98.556384,3.966921],[98.553431,3.962724],[98.557751,3.94951],[98.557483,3.946977],[98.554051,3.946548],[98.548075,3.942885],[98.538878,3.939879],[98.536565,3.937941],[98.536224,3.934537],[98.533653,3.931987],[98.527194,3.932665],[98.519587,3.931521],[98.516145,3.929568],[98.513722,3.925839],[98.507772,3.922575],[98.505223,3.922066],[98.497934,3.922967],[98.493217,3.922055],[98.487936,3.919493],[98.487689,3.917427],[98.491735,3.913881],[98.491005,3.911383],[98.483539,3.909338],[98.480487,3.906434],[98.481699,3.905634],[98.483059,3.902128],[98.476506,3.897566],[98.474552,3.893032],[98.469909,3.888259],[98.461045,3.890244],[98.450157,3.891123],[98.443368,3.895947],[98.441643,3.893163],[98.441787,3.89178],[98.437342,3.889873],[98.429835,3.896097],[98.427719,3.894884],[98.426989,3.890543],[98.424963,3.888906],[98.420058,3.888556],[98.418712,3.890801],[98.421121,3.893497],[98.420144,3.896222],[98.415099,3.89866],[98.411643,3.894763],[98.407262,3.894338],[98.401747,3.896768],[98.399725,3.899871],[98.401696,3.911183],[98.401082,3.915544],[98.405911,3.920979],[98.406109,3.926589],[98.407768,3.925624],[98.410023,3.929512],[98.407003,3.930498],[98.406952,3.933845],[98.411524,3.930341],[98.414521,3.931483],[98.408846,3.934262],[98.412489,3.941825],[98.408989,3.944413],[98.409306,3.94887],[98.410874,3.949735],[98.411373,3.953965],[98.409973,3.955317],[98.407346,3.953507],[98.406611,3.95493],[98.408113,3.957156],[98.415905,3.963248],[98.42124,3.960954],[98.423006,3.961325],[98.423373,3.969747],[98.422433,3.971415],[98.4235,3.975744],[98.426624,3.983261],[98.429913,3.985836],[98.430353,3.989981],[98.428496,3.99215],[98.428661,3.995413],[98.431615,3.996208],[98.438708,3.994633],[98.441458,3.997464],[98.441529,4.001733],[98.440367,4.003702],[98.433637,4.005627],[98.431738,4.008096],[98.431837,4.013164],[98.433212,4.016799],[98.436274,4.019666],[98.438305,4.020438],[98.4405,4.019881],[98.442192,4.019139],[98.448112,4.00811],[98.450339,4.007368],[98.453559,4.010292],[98.457666,4.017312],[98.457499,4.019917],[98.447379,4.02952],[98.446187,4.032236],[98.445912,4.039136],[98.447534,4.040332],[98.454188,4.040934],[98.465984,4.039095],[98.473596,4.035261]]]}},{"type":"Feature","properties":{"nmkec":"Gebang","nmkab":"Langkat","nmprov":"Sumatera Utara","kdkec":"150","kdkab":"13","kodekab":"1213","idkec":"1213150","index":99},"geometry":{"type":"Polygon","coordinates":[[[98.390779,4.048457],[98.397342,4.046761],[98.405619,4.048657],[98.408991,4.047473],[98.409525,4.045514],[98.405385,4.039747],[98.405436,4.036588],[98.429866,4.035994],[98.431194,4.036689],[98.432735,4.042171],[98.435385,4.0411],[98.438706,4.042135],[98.443887,4.040511],[98.445912,4.039136],[98.446187,4.032236],[98.447379,4.02952],[98.451718,4.024802],[98.456798,4.021377],[98.457666,4.017312],[98.453559,4.010292],[98.450339,4.007368],[98.446848,4.009274],[98.442192,4.019139],[98.438305,4.020438],[98.433212,4.016799],[98.431837,4.013164],[98.431738,4.008096],[98.433637,4.005627],[98.440367,4.003702],[98.441529,4.001733],[98.441458,3.997464],[98.438708,3.994633],[98.431615,3.996208],[98.428661,3.995413],[98.428496,3.99215],[98.430353,3.989981],[98.429913,3.985836],[98.426624,3.983261],[98.4235,3.975744],[98.422433,3.971415],[98.423373,3.969747],[98.423006,3.961325],[98.42124,3.960954],[98.415905,3.963248],[98.408113,3.957156],[98.406611,3.95493],[98.407346,3.953507],[98.409973,3.955317],[98.411373,3.953965],[98.410874,3.949735],[98.409306,3.94887],[98.408989,3.944413],[98.412489,3.941825],[98.408846,3.934262],[98.414521,3.931483],[98.411524,3.930341],[98.406952,3.933845],[98.407003,3.930498],[98.410023,3.929512],[98.407768,3.925624],[98.406109,3.926589],[98.405911,3.920979],[98.401082,3.915544],[98.401388,3.909971],[98.396407,3.905527],[98.373608,3.907701],[98.372994,3.903498],[98.365929,3.904953],[98.354218,3.904357],[98.3484,3.902718],[98.340292,3.898758],[98.332514,3.898789],[98.328629,3.894613],[98.325229,3.894049],[98.322808,3.907042],[98.318325,3.917365],[98.314618,3.917865],[98.312638,3.919765],[98.31219,3.927767],[98.306753,3.930517],[98.304398,3.935361],[98.304544,3.936721],[98.306403,3.937366],[98.308189,3.940695],[98.312927,3.945088],[98.316322,3.944877],[98.323252,3.947155],[98.323175,3.953076],[98.324473,3.960708],[98.329133,3.971607],[98.32336,3.979032],[98.323917,3.983323],[98.326376,3.986337],[98.330222,3.984208],[98.332509,3.984796],[98.333732,3.986341],[98.337168,3.999906],[98.342281,3.999057],[98.343188,4.015145],[98.354914,4.011239],[98.353782,4.023083],[98.376216,4.039898],[98.375388,4.042973],[98.38438,4.047743],[98.390779,4.048457]]]}},{"type":"Feature","properties":{"nmkec":"Hibala","nmkab":"Nias Selatan","nmprov":"Sumatera Utara","kdkec":"010","kdkab":"14","kodekab":"1214","idkec":"1214010","index":100},"geometry":{"type":"MultiPolygon","coordinates":[[[[98.501325,-0.33693],[98.50608,-0.342077],[98.507268,-0.345069],[98.515709,-0.349857],[98.522366,-0.359911],[98.521496,-0.370719],[98.51747,-0.372828],[98.514347,-0.373004],[98.513504,-0.37401],[98.516007,-0.378342],[98.515023,-0.380198],[98.512732,-0.380122],[98.512547,-0.383348],[98.514854,-0.383686],[98.518328,-0.378102],[98.521689,-0.379256],[98.521905,-0.380589],[98.516655,-0.385987],[98.513219,-0.393615],[98.508808,-0.394604],[98.507382,-0.397237],[98.505836,-0.396638],[98.504647,-0.393886],[98.504175,-0.389472],[98.502154,-0.389711],[98.499464,-0.394114],[98.500078,-0.398012],[98.51276,-0.408304],[98.514189,-0.414254],[98.509281,-0.425499],[98.505359,-0.428474],[98.504883,-0.43003],[98.507736,-0.433621],[98.508568,-0.439007],[98.504525,-0.44523],[98.502699,-0.451391],[98.504286,-0.462106],[98.507026,-0.467673],[98.508852,-0.476785],[98.505301,-0.483276],[98.506424,-0.49071],[98.504703,-0.495491],[98.496565,-0.503517],[98.490686,-0.507061],[98.485102,-0.507999],[98.482904,-0.509855],[98.481337,-0.516321],[98.483477,-0.519672],[98.491323,-0.526375],[98.501308,-0.538703],[98.505945,-0.541815],[98.507252,-0.552108],[98.500593,-0.56264],[98.498342,-0.567907],[98.496128,-0.57079],[98.491449,-0.572962],[98.488566,-0.571709],[98.486853,-0.566403],[98.492272,-0.552466],[98.489894,-0.550551],[98.486209,-0.551628],[98.485138,-0.553064],[98.484629,-0.559064],[98.478584,-0.567491],[98.469623,-0.574509],[98.466803,-0.575428],[98.47325,-0.551986],[98.479076,-0.543848],[98.479433,-0.538198],[98.476989,-0.535584],[98.470263,-0.532158],[98.464264,-0.536231],[98.461252,-0.541538],[98.452217,-0.545088],[98.44972,-0.544968],[98.446273,-0.539342],[98.442304,-0.53757],[98.437357,-0.538025],[98.425468,-0.542931],[98.422138,-0.546282],[98.417026,-0.5543],[98.415598,-0.565311],[98.416311,-0.567704],[98.423682,-0.569979],[98.425583,-0.576442],[98.426295,-0.589009],[98.425701,-0.591761],[98.421063,-0.596668],[98.417616,-0.597984],[98.414525,-0.595949],[98.415341,-0.586541],[98.400537,-0.568745],[98.394535,-0.563932],[98.379272,-0.558028],[98.364769,-0.549463],[98.378452,-0.513463],[98.390237,-0.489047],[98.395568,-0.473942],[98.39857,-0.461875],[98.40386,-0.448891],[98.41675,-0.422744],[98.417966,-0.417726],[98.416885,-0.413309],[98.411896,-0.404985],[98.407216,-0.386056],[98.407427,-0.375664],[98.409453,-0.36881],[98.414165,-0.368781],[98.425057,-0.356578],[98.43929,-0.336536],[98.445889,-0.335485],[98.447817,-0.333095],[98.450922,-0.327913],[98.457633,-0.302804],[98.47164,-0.280991],[98.476523,-0.28993],[98.485872,-0.296237],[98.490627,-0.301384],[98.492647,-0.308684],[98.492,-0.314089],[98.493635,-0.317028],[98.499341,-0.322613],[98.501087,-0.330707],[98.501325,-0.33693]]],[[[98.501898,-0.594835],[98.506178,-0.595912],[98.511171,-0.599863],[98.513667,-0.604889],[98.513786,-0.610395],[98.520918,-0.62021],[98.520917,-0.635529],[98.518063,-0.638401],[98.512356,-0.637922],[98.50344,-0.633134],[98.489769,-0.619369],[98.488581,-0.614821],[98.488581,-0.609674],[98.494883,-0.600459],[98.49952,-0.595792],[98.501898,-0.594835]]],[[[98.520024,-0.502242],[98.516986,-0.502054],[98.516648,-0.499089],[98.518786,-0.494988],[98.522799,-0.493391],[98.525024,-0.49568],[98.524562,-0.498417],[98.520024,-0.502242]]],[[[98.511929,-0.340692],[98.509871,-0.340617],[98.508527,-0.337091],[98.510217,-0.334929],[98.512476,-0.334633],[98.514576,-0.337751],[98.511929,-0.340692]]],[[[98.50382,-0.534571],[98.500332,-0.533631],[98.499642,-0.530873],[98.501731,-0.530247],[98.505052,-0.531834],[98.505449,-0.533526],[98.50382,-0.534571]]],[[[98.507884,-0.335423],[98.506088,-0.335501],[98.50738,-0.331325],[98.509759,-0.332101],[98.510263,-0.333445],[98.507884,-0.335423]]],[[[98.497649,-0.312889],[98.496936,-0.314924],[98.494915,-0.314924],[98.493845,-0.313727],[98.495509,-0.310974],[98.497649,-0.312889]]],[[[98.516301,-0.457499],[98.515157,-0.457574],[98.514088,-0.45608],[98.516733,-0.455305],[98.516301,-0.457499]]],[[[98.518514,-0.47612],[98.517745,-0.479374],[98.517482,-0.477785],[98.518514,-0.47612]]]]}},{"type":"Feature","properties":{"nmkec":"Pulau-Pulau Batu Barat","nmkab":"Nias Selatan","nmprov":"Sumatera Utara","kdkec":"023","kdkab":"14","kodekab":"1214","idkec":"1214023","index":101},"geometry":{"type":"MultiPolygon","coordinates":[[[[98.323271,-0.50775],[98.3243,-0.508812],[98.323685,-0.51244],[98.325249,-0.52078],[98.326557,-0.521977],[98.332263,-0.523054],[98.336543,-0.522696],[98.345222,-0.518867],[98.348721,-0.51473],[98.374985,-0.522479],[98.364769,-0.549463],[98.359139,-0.546445],[98.352429,-0.546517],[98.346342,-0.541747],[98.337967,-0.5417],[98.334595,-0.54075],[98.327693,-0.534089],[98.322662,-0.531847],[98.31349,-0.530063],[98.301461,-0.532204],[98.292717,-0.529349],[98.286435,-0.524209],[98.286435,-0.522639],[98.289584,-0.519818],[98.292675,-0.520058],[98.301117,-0.514554],[98.316137,-0.512509],[98.317285,-0.510965],[98.316988,-0.509549],[98.323271,-0.50775]]],[[[98.199934,-0.10761],[98.206178,-0.112915],[98.207477,-0.117279],[98.207815,-0.122038],[98.205452,-0.129515],[98.202528,-0.133176],[98.196488,-0.135908],[98.187509,-0.143637],[98.185641,-0.142007],[98.184103,-0.135979],[98.182453,-0.128486],[98.18209,-0.119031],[98.184859,-0.11558],[98.198122,-0.107768],[98.199934,-0.10761]]],[[[98.321128,-0.098838],[98.335529,-0.102595],[98.333835,-0.106028],[98.336128,-0.117649],[98.335856,-0.126852],[98.336925,-0.13015],[98.341918,-0.132118],[98.346535,-0.143038],[98.344076,-0.14238],[98.338725,-0.138121],[98.326101,-0.132446],[98.321352,-0.126373],[98.319206,-0.118563],[98.322361,-0.113238],[98.318255,-0.103483],[98.321128,-0.098838]]],[[[98.306331,-0.095113],[98.314339,-0.095376],[98.317094,-0.097921],[98.318017,-0.107074],[98.321583,-0.113056],[98.319507,-0.116029],[98.309512,-0.117223],[98.304234,-0.111872],[98.303997,-0.107344],[98.3015,-0.100591],[98.302451,-0.098128],[98.306331,-0.095113]]],[[[98.28922,-0.098168],[98.287203,-0.108035],[98.284784,-0.110036],[98.280486,-0.10544],[98.280397,-0.100185],[98.288657,-0.097445],[98.28922,-0.098168]]],[[[98.227029,-0.110654],[98.222899,-0.11057],[98.219631,-0.105554],[98.220436,-0.102003],[98.224055,-0.100882],[98.227814,-0.103087],[98.228885,-0.109125],[98.227029,-0.110654]]],[[[98.264142,-0.099681],[98.259802,-0.101212],[98.259196,-0.100242],[98.259056,-0.095347],[98.259989,-0.093476],[98.263558,-0.091805],[98.264557,-0.095207],[98.264142,-0.099681]]],[[[98.306137,-0.088674],[98.311962,-0.090859],[98.3122,-0.093581],[98.310179,-0.094538],[98.303402,-0.094538],[98.304149,-0.090167],[98.306137,-0.088674]]]]}},{"type":"Feature","properties":{"nmkec":"Pulau-Pulau Batu Utara","nmkab":"Nias Selatan","nmprov":"Sumatera Utara","kdkec":"024","kdkab":"14","kodekab":"1214","idkec":"1214024","index":102},"geometry":{"type":"MultiPolygon","coordinates":[[[[98.381416,0.007772],[98.391962,0.004468],[98.391724,-0.002711],[98.395906,-0.014331],[98.400717,-0.008384],[98.411518,0.001138],[98.414424,0.002063],[98.415238,0.001395],[98.418018,-0.004757],[98.417799,-0.010113],[98.415355,-0.018036],[98.416,-0.022455],[98.418616,-0.027123],[98.417783,-0.03191],[98.418727,-0.037262],[98.419804,-0.036937],[98.421469,-0.032389],[98.422657,-0.033107],[98.424203,-0.036458],[98.436567,-0.048905],[98.437636,-0.05082],[98.437442,-0.054127],[98.440133,-0.057283],[98.442273,-0.057642],[98.442986,-0.05872],[98.446315,-0.073321],[98.44961,-0.075915],[98.43011,-0.093213],[98.413971,-0.096242],[98.411503,-0.084588],[98.400125,-0.066925],[98.386982,-0.053554],[98.370677,-0.041359],[98.371573,-0.038346],[98.371209,-0.026383],[98.373375,-0.011058],[98.373325,-0.004502],[98.369251,-0.005735],[98.36887,-0.000389],[98.370716,-0.000515],[98.375482,0.002421],[98.377989,0.006318],[98.381416,0.007772]]],[[[98.233925,0.007009],[98.234429,0.004009],[98.232859,0.001698],[98.229426,-0.000568],[98.223691,-0.007315],[98.221449,-0.009235],[98.218297,-0.009374],[98.216802,-0.008474],[98.2161,-0.00224],[98.217325,0.001787],[98.220212,0.005712],[98.221449,0.006819],[98.23002,0.008713],[98.233925,0.007009]]],[[[98.265533,0.011358],[98.265427,0.010051],[98.262654,0.007231],[98.256925,0.005452],[98.248455,-0.001246],[98.245917,-0.000999],[98.245093,0.002135],[98.256418,0.01244],[98.262999,0.014292],[98.265533,0.011358]]],[[[98.240071,0.054145],[98.237052,0.0516],[98.233604,0.051241],[98.232297,0.051959],[98.229325,0.05543],[98.226566,0.061118],[98.227066,0.063089],[98.227779,0.063807],[98.238118,0.060596],[98.240406,0.057346],[98.240071,0.054145]]],[[[98.298794,0.047073],[98.293699,0.049211],[98.292869,0.05067],[98.298663,0.053182],[98.301783,0.052553],[98.302,0.048913],[98.298794,0.047073]]],[[[98.460325,0.034418],[98.460325,0.027955],[98.458423,0.028434],[98.456997,0.030588],[98.455332,0.038008],[98.456521,0.039205],[98.460325,0.034418]]],[[[98.216909,0.01854],[98.212843,0.01944],[98.211432,0.022072],[98.211943,0.023329],[98.213807,0.023763],[98.218098,0.022236],[98.216909,0.01854]]],[[[98.212366,0.04925],[98.211149,0.050154],[98.212042,0.054357],[98.214693,0.055434],[98.215861,0.05459],[98.215838,0.052493],[98.21415,0.050058],[98.212366,0.04925]]]]}},{"type":"Feature","properties":{"nmkec":"Teluk Dalam","nmkab":"Nias Selatan","nmprov":"Sumatera Utara","kdkec":"030","kdkab":"14","kodekab":"1214","idkec":"1214030","index":103},"geometry":{"type":"Polygon","coordinates":[[[97.879235,0.609952],[97.875655,0.606127],[97.878644,0.601196],[97.871997,0.599839],[97.859493,0.594296],[97.852347,0.587351],[97.845386,0.574116],[97.836688,0.570233],[97.838137,0.562409],[97.83776,0.559614],[97.836691,0.558438],[97.832935,0.558537],[97.829053,0.560092],[97.830652,0.563918],[97.828584,0.565929],[97.824498,0.566861],[97.820565,0.565656],[97.820686,0.560152],[97.81819,0.558262],[97.819772,0.55528],[97.827771,0.546179],[97.827136,0.544333],[97.820332,0.543383],[97.809374,0.548936],[97.806636,0.552498],[97.805045,0.558386],[97.803787,0.55958],[97.8011,0.55948],[97.798863,0.557788],[97.797981,0.555772],[97.799671,0.553773],[97.799786,0.551579],[97.79766,0.550362],[97.794537,0.551684],[97.793642,0.554931],[97.794637,0.559537],[97.793275,0.561256],[97.789334,0.560014],[97.787785,0.557707],[97.788521,0.557094],[97.78822,0.5552],[97.783439,0.551121],[97.780798,0.554375],[97.778903,0.561786],[97.779316,0.565229],[97.781288,0.568171],[97.78491,0.564661],[97.787217,0.565486],[97.786613,0.570721],[97.789852,0.573182],[97.793121,0.579003],[97.78409,0.59425],[97.78623,0.59884],[97.796073,0.598007],[97.801486,0.599334],[97.804265,0.601703],[97.804487,0.603033],[97.8088,0.603581],[97.810413,0.594051],[97.810413,0.586651],[97.814706,0.574011],[97.819724,0.574432],[97.821061,0.575688],[97.822052,0.582738],[97.822298,0.586504],[97.821207,0.589426],[97.827636,0.59974],[97.830622,0.607997],[97.841762,0.607742],[97.845715,0.610312],[97.848532,0.616786],[97.85176,0.620242],[97.856934,0.622232],[97.866261,0.620425],[97.879235,0.609952]],[[97.833354,0.585695],[97.835762,0.586176],[97.834679,0.592087],[97.832117,0.591125],[97.833354,0.585695]]]}},{"type":"Feature","properties":{"nmkec":"Toma","nmkab":"Nias Selatan","nmprov":"Sumatera Utara","kdkec":"032","kdkab":"14","kodekab":"1214","idkec":"1214032","index":104},"geometry":{"type":"MultiPolygon","coordinates":[[[[97.881809,0.718377],[97.892306,0.720188],[97.893623,0.719868],[97.897471,0.714966],[97.89731,0.711139],[97.893079,0.704409],[97.893574,0.701487],[97.896855,0.696223],[97.897938,0.692066],[97.897339,0.686529],[97.893679,0.675933],[97.895981,0.668652],[97.892964,0.656331],[97.895835,0.643593],[97.89518,0.638512],[97.897427,0.633276],[97.900196,0.629951],[97.900681,0.626763],[97.898659,0.623388],[97.893914,0.622106],[97.890861,0.619886],[97.886963,0.610125],[97.878906,0.601437],[97.875655,0.606127],[97.879235,0.609952],[97.866261,0.620425],[97.856934,0.622232],[97.861214,0.624192],[97.858143,0.62685],[97.855961,0.63352],[97.857305,0.638268],[97.85737,0.64267],[97.840153,0.651503],[97.835394,0.658297],[97.834772,0.66368],[97.841202,0.671354],[97.840803,0.675599],[97.842912,0.680936],[97.869016,0.668541],[97.872672,0.667945],[97.886777,0.669189],[97.890707,0.673298],[97.885431,0.681644],[97.881535,0.683694],[97.877362,0.683685],[97.866987,0.722104],[97.877167,0.718492],[97.881809,0.718377]]],[[[97.834679,0.592087],[97.835762,0.586176],[97.833354,0.585695],[97.832117,0.591125],[97.834679,0.592087]]]]}},{"type":"Feature","properties":{"nmkec":"Maniamolo","nmkab":"Nias Selatan","nmprov":"Sumatera Utara","kdkec":"033","kdkab":"14","kodekab":"1214","idkec":"1214033","index":105},"geometry":{"type":"Polygon","coordinates":[[[97.741593,0.68885],[97.742115,0.685988],[97.75435,0.6821],[97.756217,0.679159],[97.757898,0.679079],[97.758803,0.679408],[97.761742,0.687221],[97.765216,0.687791],[97.774654,0.68252],[97.778528,0.677231],[97.786487,0.673496],[97.784178,0.670725],[97.771678,0.662425],[97.764908,0.647033],[97.756798,0.642939],[97.754893,0.638929],[97.760515,0.623803],[97.759458,0.622275],[97.756705,0.620134],[97.749858,0.617188],[97.734128,0.616317],[97.720657,0.621992],[97.71583,0.62284],[97.707398,0.623211],[97.695057,0.619582],[97.692762,0.624915],[97.684294,0.63772],[97.680418,0.641262],[97.675494,0.651915],[97.669885,0.659357],[97.667215,0.664936],[97.665515,0.671698],[97.675585,0.674331],[97.681322,0.674203],[97.68946,0.668304],[97.693597,0.662094],[97.696775,0.659804],[97.699623,0.659172],[97.703484,0.660414],[97.711462,0.659971],[97.71339,0.661713],[97.713282,0.666812],[97.712759,0.668664],[97.710385,0.669668],[97.708541,0.672226],[97.705964,0.677531],[97.706452,0.67857],[97.71489,0.679444],[97.720698,0.682281],[97.725478,0.683209],[97.730778,0.68273],[97.733961,0.687035],[97.741593,0.68885]]]}},{"type":"Feature","properties":{"nmkec":"Luahagundre Maniamolo","nmkab":"Nias Selatan","nmprov":"Sumatera Utara","kdkec":"035","kdkab":"14","kodekab":"1214","idkec":"1214035","index":106},"geometry":{"type":"Polygon","coordinates":[[[97.720657,0.621992],[97.734128,0.616317],[97.749858,0.617188],[97.748814,0.612672],[97.745771,0.609322],[97.74349,0.604772],[97.750114,0.597957],[97.751856,0.596621],[97.75438,0.596842],[97.75882,0.592421],[97.764972,0.57979],[97.76087,0.570393],[97.759212,0.568816],[97.762081,0.567223],[97.771853,0.565663],[97.767361,0.558469],[97.75472,0.553943],[97.747684,0.555498],[97.743642,0.553923],[97.74188,0.555976],[97.740882,0.559539],[97.744492,0.563042],[97.74735,0.564353],[97.745038,0.576392],[97.741974,0.580099],[97.737599,0.581363],[97.73448,0.580694],[97.73289,0.579356],[97.731463,0.569668],[97.728877,0.567081],[97.722218,0.566907],[97.710099,0.561306],[97.701132,0.565157],[97.695626,0.575285],[97.683754,0.584873],[97.682884,0.590735],[97.68426,0.598985],[97.687526,0.599711],[97.690995,0.598321],[97.694977,0.603958],[97.695928,0.610896],[97.695057,0.619582],[97.701366,0.621895],[97.709731,0.623158],[97.720657,0.621992]]]}},{"type":"Feature","properties":{"nmkec":"Amandraya","nmkab":"Nias Selatan","nmprov":"Sumatera Utara","kdkec":"040","kdkab":"14","kodekab":"1214","idkec":"1214040","index":107},"geometry":{"type":"Polygon","coordinates":[[[97.684555,0.795165],[97.690081,0.787688],[97.700966,0.780957],[97.707529,0.773388],[97.712879,0.769929],[97.720981,0.76715],[97.721709,0.765804],[97.720489,0.760392],[97.717638,0.758341],[97.716388,0.753822],[97.717834,0.75396],[97.720669,0.744523],[97.72022,0.738831],[97.717035,0.729189],[97.714766,0.725917],[97.706861,0.722834],[97.704702,0.720087],[97.702042,0.72432],[97.699444,0.723659],[97.697975,0.722462],[97.697726,0.716525],[97.706584,0.70767],[97.709289,0.703587],[97.712698,0.700942],[97.715587,0.700388],[97.716738,0.703734],[97.727476,0.704179],[97.739955,0.695934],[97.742483,0.69092],[97.742258,0.68888],[97.733961,0.687035],[97.730778,0.68273],[97.725478,0.683209],[97.720698,0.682281],[97.71489,0.679444],[97.706452,0.67857],[97.705964,0.677531],[97.708541,0.672226],[97.710385,0.669668],[97.712759,0.668664],[97.713282,0.666812],[97.71339,0.661713],[97.711462,0.659971],[97.703484,0.660414],[97.699623,0.659172],[97.696775,0.659804],[97.693597,0.662094],[97.68946,0.668304],[97.681322,0.674203],[97.675585,0.674331],[97.665378,0.671451],[97.66232,0.674919],[97.661256,0.678642],[97.662425,0.682624],[97.667734,0.686192],[97.668279,0.691011],[97.665827,0.701171],[97.658559,0.713174],[97.655495,0.714277],[97.652188,0.714077],[97.652304,0.717505],[97.653285,0.720096],[97.655758,0.722512],[97.655902,0.725182],[97.653166,0.729848],[97.650249,0.731331],[97.649643,0.732996],[97.655256,0.738244],[97.655298,0.742415],[97.653648,0.745674],[97.649075,0.750741],[97.646038,0.758539],[97.63679,0.758561],[97.635739,0.761349],[97.639693,0.765194],[97.640731,0.767901],[97.638825,0.77663],[97.654285,0.780012],[97.661463,0.785833],[97.664767,0.789881],[97.67345,0.791427],[97.68063,0.791055],[97.684555,0.795165]]]}},{"type":"Feature","properties":{"nmkec":"Aramo","nmkab":"Nias Selatan","nmprov":"Sumatera Utara","kdkec":"041","kdkab":"14","kodekab":"1214","idkec":"1214041","index":108},"geometry":{"type":"Polygon","coordinates":[[[97.719793,0.791786],[97.727236,0.791552],[97.730782,0.790272],[97.734049,0.787752],[97.736054,0.790897],[97.740127,0.782449],[97.745302,0.776323],[97.751,0.773759],[97.751278,0.771933],[97.748278,0.761876],[97.748724,0.758376],[97.751994,0.74772],[97.757081,0.74232],[97.762266,0.742616],[97.766717,0.740375],[97.770831,0.732978],[97.781226,0.729775],[97.786699,0.726877],[97.790415,0.723627],[97.794743,0.725408],[97.794844,0.721925],[97.797669,0.712317],[97.800774,0.706775],[97.799738,0.698932],[97.80575,0.698388],[97.809432,0.696833],[97.80938,0.691492],[97.806476,0.682366],[97.806994,0.676662],[97.804609,0.674018],[97.803203,0.673203],[97.799735,0.678011],[97.791336,0.678568],[97.786487,0.673496],[97.778528,0.677231],[97.774654,0.68252],[97.765216,0.687791],[97.761742,0.687221],[97.758803,0.679408],[97.756217,0.679159],[97.75435,0.6821],[97.742115,0.685988],[97.741792,0.688803],[97.739193,0.688359],[97.741601,0.688897],[97.742258,0.68888],[97.742483,0.69092],[97.739955,0.695934],[97.737381,0.697921],[97.727476,0.704179],[97.716738,0.703734],[97.715587,0.700388],[97.712698,0.700942],[97.709289,0.703587],[97.706584,0.70767],[97.697726,0.716525],[97.697975,0.722462],[97.700718,0.724475],[97.702042,0.72432],[97.704702,0.720087],[97.706861,0.722834],[97.714766,0.725917],[97.717035,0.729189],[97.72022,0.738831],[97.720669,0.744523],[97.717834,0.75396],[97.716388,0.753822],[97.717638,0.758341],[97.720489,0.760392],[97.721709,0.765804],[97.720981,0.76715],[97.715713,0.769146],[97.721506,0.77788],[97.721049,0.780626],[97.709521,0.78518],[97.716395,0.790765],[97.719793,0.791786]]]}},{"type":"Feature","properties":{"nmkec":"Gomo","nmkab":"Nias Selatan","nmprov":"Sumatera Utara","kdkec":"060","kdkab":"14","kodekab":"1214","idkec":"1214060","index":109},"geometry":{"type":"Polygon","coordinates":[[[97.802852,0.905855],[97.809427,0.905311],[97.817071,0.885758],[97.820358,0.874898],[97.819437,0.873104],[97.816548,0.873624],[97.816779,0.865132],[97.825082,0.854626],[97.828375,0.842303],[97.824455,0.835942],[97.822672,0.836511],[97.818152,0.84146],[97.81841,0.845122],[97.817034,0.846543],[97.814687,0.846379],[97.8137,0.845154],[97.81352,0.843275],[97.815755,0.839356],[97.815449,0.83651],[97.814547,0.835446],[97.809799,0.834477],[97.805122,0.835842],[97.804016,0.838151],[97.792065,0.842976],[97.787466,0.842974],[97.774594,0.849253],[97.768201,0.850196],[97.76905,0.853729],[97.771522,0.857691],[97.775727,0.862871],[97.777568,0.86362],[97.777518,0.865868],[97.77456,0.869873],[97.768831,0.872055],[97.766016,0.875863],[97.761578,0.876635],[97.756995,0.875613],[97.753884,0.877601],[97.743119,0.880329],[97.739417,0.886174],[97.750667,0.894798],[97.757811,0.894054],[97.760062,0.881356],[97.7615,0.880272],[97.764698,0.87998],[97.767804,0.882187],[97.771782,0.882434],[97.774227,0.881848],[97.78243,0.876527],[97.785055,0.876998],[97.791199,0.881123],[97.791265,0.883915],[97.794053,0.886246],[97.800147,0.886085],[97.801661,0.888906],[97.801714,0.889655],[97.799676,0.889797],[97.796779,0.894809],[97.7871,0.897829],[97.788382,0.903181],[97.802852,0.905855]]]}},{"type":"Feature","properties":{"nmkec":"Susua","nmkab":"Nias Selatan","nmprov":"Sumatera Utara","kdkec":"061","kdkab":"14","kodekab":"1214","idkec":"1214061","index":110},"geometry":{"type":"Polygon","coordinates":[[[97.748591,0.809077],[97.750801,0.803274],[97.760076,0.800754],[97.761658,0.801046],[97.76276,0.802489],[97.762575,0.806721],[97.76103,0.808139],[97.761371,0.809322],[97.7715,0.806527],[97.779973,0.8006],[97.782068,0.801113],[97.78132,0.803544],[97.785326,0.806407],[97.789697,0.801621],[97.791014,0.802046],[97.79213,0.793489],[97.794776,0.791992],[97.79821,0.792465],[97.800095,0.79371],[97.803018,0.792897],[97.805033,0.790355],[97.807443,0.793617],[97.816087,0.791918],[97.814125,0.784767],[97.818611,0.783498],[97.818733,0.776571],[97.822617,0.77032],[97.815432,0.764736],[97.810156,0.757849],[97.809722,0.751909],[97.805225,0.747454],[97.802817,0.743034],[97.800971,0.733785],[97.793111,0.724249],[97.790415,0.723627],[97.786699,0.726877],[97.781226,0.729775],[97.770831,0.732978],[97.766717,0.740375],[97.762266,0.742616],[97.757081,0.74232],[97.751994,0.74772],[97.748257,0.76166],[97.751278,0.771933],[97.751,0.773759],[97.745302,0.776323],[97.740127,0.782449],[97.736054,0.790897],[97.732479,0.793434],[97.731386,0.795341],[97.732897,0.796783],[97.739142,0.7989],[97.741636,0.802219],[97.742416,0.809198],[97.748591,0.809077]]]}},{"type":"Feature","properties":{"nmkec":"Idanotae","nmkab":"Nias Selatan","nmprov":"Sumatera Utara","kdkec":"064","kdkab":"14","kodekab":"1214","idkec":"1214064","index":111},"geometry":{"type":"Polygon","coordinates":[[[97.829939,0.91862],[97.839195,0.918006],[97.844594,0.915258],[97.845835,0.912165],[97.849721,0.913987],[97.850892,0.916316],[97.857406,0.91911],[97.860197,0.919185],[97.862696,0.917588],[97.864295,0.915671],[97.864341,0.912767],[97.859683,0.906715],[97.852809,0.908874],[97.850006,0.910826],[97.846612,0.909674],[97.84942,0.902877],[97.858196,0.89806],[97.866816,0.897479],[97.867385,0.896492],[97.865503,0.893344],[97.863191,0.891462],[97.864443,0.888288],[97.868789,0.888064],[97.869601,0.881094],[97.86627,0.875646],[97.866436,0.86942],[97.86513,0.868811],[97.860426,0.869848],[97.847612,0.864746],[97.844683,0.864018],[97.841047,0.864848],[97.841898,0.851684],[97.840208,0.846613],[97.840027,0.842606],[97.828092,0.843406],[97.825082,0.854626],[97.816779,0.865132],[97.816548,0.873624],[97.819437,0.873104],[97.820358,0.874898],[97.809427,0.905311],[97.800933,0.905696],[97.798053,0.912341],[97.804805,0.91372],[97.816515,0.918041],[97.821882,0.921619],[97.829939,0.91862]]]}},{"type":"Feature","properties":{"nmkec":"Uluidanotae","nmkab":"Nias Selatan","nmprov":"Sumatera Utara","kdkec":"065","kdkab":"14","kodekab":"1214","idkec":"1214065","index":112},"geometry":{"type":"Polygon","coordinates":[[[97.776591,0.957649],[97.77996,0.957474],[97.781888,0.95586],[97.782818,0.951539],[97.780851,0.943752],[97.780592,0.937626],[97.783536,0.920393],[97.78885,0.918036],[97.794288,0.92153],[97.796649,0.917505],[97.796942,0.913896],[97.800933,0.905696],[97.799906,0.904782],[97.788382,0.903181],[97.7871,0.897829],[97.796779,0.894809],[97.799676,0.889797],[97.801714,0.889655],[97.800147,0.886085],[97.794053,0.886246],[97.791265,0.883915],[97.791199,0.881123],[97.785055,0.876998],[97.78243,0.876527],[97.774227,0.881848],[97.771782,0.882434],[97.767804,0.882187],[97.764698,0.87998],[97.7615,0.880272],[97.760062,0.881356],[97.75611,0.905761],[97.754156,0.906654],[97.752537,0.910021],[97.754799,0.91146],[97.758886,0.909672],[97.765076,0.910786],[97.763629,0.919489],[97.765324,0.926197],[97.770198,0.931451],[97.773715,0.950745],[97.771625,0.951649],[97.769386,0.951347],[97.769201,0.955362],[97.776591,0.957649]]]}},{"type":"Feature","properties":{"nmkec":"Lolomatua","nmkab":"Nias Selatan","nmprov":"Sumatera Utara","kdkec":"070","kdkab":"14","kodekab":"1214","idkec":"1214070","index":113},"geometry":{"type":"MultiPolygon","coordinates":[[[[97.644249,0.971246],[97.650328,0.961597],[97.652208,0.956077],[97.653883,0.95529],[97.662952,0.955338],[97.667249,0.946922],[97.673522,0.94856],[97.678888,0.952998],[97.678578,0.956469],[97.679913,0.961209],[97.681649,0.963342],[97.683291,0.963407],[97.683563,0.967656],[97.687328,0.966079],[97.687927,0.961371],[97.690201,0.959602],[97.692244,0.959977],[97.693536,0.956343],[97.690467,0.953561],[97.687353,0.947357],[97.687053,0.943324],[97.689148,0.934494],[97.686639,0.933588],[97.682097,0.934102],[97.670828,0.933016],[97.670547,0.92755],[97.674974,0.922552],[97.662562,0.911139],[97.658816,0.909665],[97.656537,0.911085],[97.653804,0.915913],[97.650479,0.916734],[97.646345,0.917151],[97.643213,0.916357],[97.636395,0.911417],[97.635211,0.913252],[97.630866,0.914408],[97.625926,0.919926],[97.623732,0.923836],[97.620718,0.934811],[97.618458,0.938615],[97.614926,0.941639],[97.611844,0.948033],[97.611127,0.953911],[97.606896,0.956549],[97.605734,0.955681],[97.603197,0.957992],[97.606019,0.963623],[97.61223,0.960663],[97.614216,0.961529],[97.618872,0.966953],[97.626281,0.96673],[97.635338,0.970521],[97.644249,0.971246]]],[[[97.636346,0.889997],[97.645859,0.888097],[97.644703,0.881389],[97.641685,0.881153],[97.638933,0.877996],[97.640564,0.873163],[97.63964,0.872754],[97.629113,0.877142],[97.626488,0.88154],[97.632666,0.883722],[97.632469,0.887745],[97.636346,0.889997]]]]}},{"type":"Feature","properties":{"nmkec":"Ulunoyo","nmkab":"Nias Selatan","nmprov":"Sumatera Utara","kdkec":"071","kdkab":"14","kodekab":"1214","idkec":"1214071","index":114},"geometry":{"type":"Polygon","coordinates":[[[97.707352,0.937085],[97.713395,0.923938],[97.71544,0.923264],[97.723332,0.923776],[97.72159,0.915209],[97.715349,0.913514],[97.714829,0.906769],[97.715031,0.903859],[97.719815,0.899179],[97.723337,0.892886],[97.729341,0.886684],[97.729581,0.88228],[97.728154,0.879817],[97.724075,0.878199],[97.72441,0.867487],[97.721938,0.86317],[97.717298,0.862872],[97.715513,0.861496],[97.711514,0.86731],[97.697038,0.862159],[97.693844,0.852262],[97.684243,0.846235],[97.676076,0.842928],[97.672755,0.843261],[97.666916,0.850186],[97.665055,0.853828],[97.66028,0.858233],[97.655778,0.854618],[97.654334,0.856952],[97.654924,0.864289],[97.64127,0.873533],[97.640564,0.873163],[97.638933,0.877996],[97.641685,0.881153],[97.644703,0.881389],[97.645692,0.888143],[97.647666,0.890552],[97.644721,0.894994],[97.640385,0.898206],[97.641065,0.901779],[97.636228,0.904465],[97.633854,0.907635],[97.636246,0.909172],[97.636395,0.911417],[97.643213,0.916357],[97.646345,0.917151],[97.653804,0.915913],[97.656537,0.911085],[97.658801,0.909671],[97.662562,0.911139],[97.674974,0.922552],[97.670547,0.92755],[97.670828,0.933016],[97.682097,0.934102],[97.68765,0.933681],[97.689258,0.934686],[97.707352,0.937085]]]}},{"type":"Feature","properties":{"nmkec":"Huruna","nmkab":"Nias Selatan","nmprov":"Sumatera Utara","kdkec":"072","kdkab":"14","kodekab":"1214","idkec":"1214072","index":115},"geometry":{"type":"Polygon","coordinates":[[[97.622867,1.02051],[97.628133,1.014084],[97.633952,1.012852],[97.640902,1.006517],[97.649059,1.001765],[97.652653,0.995958],[97.652611,0.990474],[97.655731,0.98833],[97.661926,0.989156],[97.662005,0.994254],[97.665018,0.998693],[97.669367,0.9999],[97.671985,1.001705],[97.683338,1.004493],[97.689845,1.001809],[97.690868,0.994723],[97.683265,0.986468],[97.685515,0.98287],[97.684253,0.977793],[97.682194,0.974344],[97.683563,0.967656],[97.683291,0.963407],[97.681649,0.963342],[97.680202,0.961788],[97.678578,0.956469],[97.678888,0.952998],[97.675337,0.949638],[97.667249,0.946922],[97.662952,0.955338],[97.652458,0.955827],[97.650328,0.961597],[97.644249,0.971246],[97.635338,0.970521],[97.626281,0.96673],[97.618872,0.966953],[97.614216,0.961529],[97.61223,0.960663],[97.606019,0.963623],[97.602024,0.964273],[97.599034,0.96761],[97.596277,0.979827],[97.5948,0.980728],[97.592777,0.980358],[97.586758,0.985102],[97.58618,0.986706],[97.587574,0.991019],[97.588529,0.992077],[97.593292,0.992707],[97.595003,0.997338],[97.594633,1.00877],[97.593474,1.013421],[97.590612,1.016464],[97.594555,1.019888],[97.614251,1.028694],[97.621167,1.030329],[97.622867,1.02051]]]}},{"type":"Feature","properties":{"nmkec":"Lolowa'U","nmkab":"Nias Selatan","nmprov":"Sumatera Utara","kdkec":"080","kdkab":"14","kodekab":"1214","idkec":"1214080","index":116},"geometry":{"type":"Polygon","coordinates":[[[97.589664,0.952268],[97.597911,0.938474],[97.602747,0.937377],[97.60174,0.936268],[97.601155,0.932522],[97.603755,0.927771],[97.606418,0.925841],[97.60895,0.922262],[97.610371,0.915045],[97.606403,0.906063],[97.602719,0.90408],[97.599533,0.900674],[97.599543,0.892912],[97.600601,0.891271],[97.603564,0.889645],[97.607593,0.892839],[97.61373,0.882106],[97.618397,0.880133],[97.6221,0.876638],[97.622602,0.873375],[97.621018,0.866391],[97.609469,0.856295],[97.606478,0.849625],[97.59943,0.840921],[97.576986,0.856771],[97.557841,0.867007],[97.556294,0.870136],[97.556535,0.875138],[97.557791,0.878683],[97.551508,0.886242],[97.547473,0.888013],[97.544883,0.887276],[97.543597,0.890533],[97.544087,0.891387],[97.551702,0.892349],[97.547898,0.897318],[97.548115,0.900625],[97.550686,0.90427],[97.554907,0.905216],[97.561294,0.912244],[97.562768,0.914749],[97.562695,0.918061],[97.564234,0.919834],[97.567529,0.92269],[97.573243,0.924606],[97.585759,0.931017],[97.589764,0.935825],[97.588492,0.941721],[97.583408,0.948824],[97.589664,0.952268]]]}},{"type":"Feature","properties":{"nmkec":"Pakkat","nmkab":"Humbang Hasundutan","nmprov":"Sumatera Utara","kdkec":"010","kdkab":"15","kodekab":"1215","idkec":"1215010","index":117},"geometry":{"type":"Polygon","coordinates":[[[98.598791,2.236628],[98.600938,2.230161],[98.604061,2.227315],[98.600815,2.220801],[98.602355,2.215705],[98.60241,2.211466],[98.601712,2.209315],[98.59794,2.209177],[98.594877,2.206358],[98.595316,2.201778],[98.593047,2.194993],[98.596845,2.186894],[98.594891,2.182961],[98.596158,2.174003],[98.595139,2.169811],[98.598019,2.157242],[98.585634,2.150517],[98.575226,2.148209],[98.571353,2.145537],[98.567968,2.14138],[98.560115,2.141498],[98.551816,2.144877],[98.545688,2.144361],[98.543729,2.143472],[98.546736,2.134543],[98.537852,2.135714],[98.535219,2.133295],[98.540369,2.132085],[98.545784,2.127857],[98.549944,2.122851],[98.552598,2.092195],[98.551562,2.082471],[98.549434,2.078272],[98.542769,2.082389],[98.539504,2.083178],[98.529825,2.082415],[98.525537,2.083495],[98.520532,2.083271],[98.510775,2.080094],[98.506061,2.079728],[98.474484,2.086508],[98.468027,2.088335],[98.468163,2.096329],[98.458518,2.090661],[98.449702,2.092661],[98.444895,2.097683],[98.438204,2.102041],[98.417472,2.113029],[98.386269,2.118532],[98.372805,2.131685],[98.35157,2.144563],[98.342703,2.145618],[98.336522,2.148089],[98.335572,2.149922],[98.326841,2.156515],[98.325835,2.156014],[98.323395,2.158464],[98.306927,2.159811],[98.303823,2.161323],[98.299204,2.16625],[98.29185,2.177526],[98.280064,2.184267],[98.275252,2.18851],[98.283918,2.200115],[98.282417,2.204467],[98.282775,2.208989],[98.279778,2.22252],[98.292932,2.216341],[98.303187,2.20823],[98.322956,2.198888],[98.325754,2.198512],[98.328923,2.199173],[98.336981,2.205309],[98.36052,2.213214],[98.36729,2.213615],[98.377,2.211346],[98.390705,2.212171],[98.393969,2.216386],[98.405247,2.224186],[98.409499,2.225057],[98.417401,2.221986],[98.441151,2.222621],[98.458628,2.229406],[98.470059,2.229299],[98.471362,2.222637],[98.474011,2.220663],[98.473401,2.215166],[98.477975,2.213185],[98.480305,2.209611],[98.481443,2.205193],[98.481785,2.20113],[98.477341,2.2],[98.477343,2.193329],[98.482609,2.194182],[98.49491,2.193797],[98.503149,2.195266],[98.508081,2.20033],[98.518733,2.207544],[98.517833,2.214818],[98.520074,2.233373],[98.547667,2.231626],[98.567221,2.231717],[98.590941,2.233598],[98.598791,2.236628]]]}},{"type":"Feature","properties":{"nmkec":"Sitellu Tali Urang Jehe","nmkab":"Pakpak Bharat","nmprov":"Sumatera Utara","kdkec":"011","kdkab":"16","kodekab":"1216","idkec":"1216011","index":118},"geometry":{"type":"Polygon","coordinates":[[[98.121458,2.78283],[98.130682,2.77956],[98.134949,2.775345],[98.144589,2.770453],[98.157118,2.769506],[98.160956,2.768388],[98.17972,2.756028],[98.186498,2.749994],[98.190745,2.741094],[98.197189,2.735103],[98.212008,2.727611],[98.225448,2.723106],[98.236877,2.71543],[98.25124,2.708366],[98.251897,2.691943],[98.254284,2.669939],[98.257492,2.663972],[98.259906,2.652413],[98.261575,2.64843],[98.262657,2.648066],[98.264898,2.648309],[98.264973,2.649996],[98.256624,2.680749],[98.255753,2.714552],[98.26041,2.719337],[98.267092,2.720479],[98.268791,2.680686],[98.271535,2.676786],[98.272546,2.672454],[98.276157,2.654473],[98.276875,2.643566],[98.273477,2.642886],[98.274269,2.637158],[98.266558,2.630452],[98.269127,2.629262],[98.270656,2.625681],[98.266675,2.620658],[98.266343,2.612384],[98.268316,2.601543],[98.261852,2.600126],[98.254274,2.594755],[98.248121,2.594886],[98.242659,2.59633],[98.22893,2.583504],[98.229765,2.582737],[98.216987,2.576465],[98.202783,2.573426],[98.18209,2.574394],[98.172794,2.571346],[98.170332,2.59489],[98.148966,2.58142],[98.128547,2.581826],[98.082999,2.585207],[98.079762,2.584596],[98.083449,2.592136],[98.084976,2.602747],[98.091443,2.601215],[98.100436,2.601534],[98.109608,2.604061],[98.112608,2.613378],[98.108526,2.624372],[98.10459,2.628627],[98.105802,2.63952],[98.103172,2.654726],[98.104868,2.663739],[98.103608,2.682759],[98.100633,2.689285],[98.084601,2.707511],[98.071654,2.732788],[98.071654,2.742652],[98.07597,2.75005],[98.070421,2.764229],[98.080576,2.769587],[98.09447,2.774206],[98.108455,2.776088],[98.111058,2.779608],[98.114913,2.782593],[98.121458,2.78283]]]}},{"type":"Feature","properties":{"nmkec":"Pagindar","nmkab":"Pakpak Bharat","nmprov":"Sumatera Utara","kdkec":"012","kdkab":"16","kodekab":"1216","idkec":"1216012","index":119},"geometry":{"type":"MultiPolygon","coordinates":[[[[98.170332,2.59489],[98.172794,2.571346],[98.16975,2.569025],[98.167841,2.566024],[98.153622,2.536363],[98.150997,2.528378],[98.163383,2.521163],[98.170542,2.518624],[98.198702,2.520595],[98.210953,2.524905],[98.225552,2.526921],[98.219329,2.47433],[98.222683,2.456798],[98.234714,2.416144],[98.241541,2.360731],[98.245011,2.360158],[98.251084,2.354726],[98.252847,2.350979],[98.255327,2.349491],[98.262011,2.341605],[98.260901,2.338042],[98.260833,2.331944],[98.263611,2.276111],[98.261884,2.266231],[98.25257,2.275806],[98.247162,2.280002],[98.230907,2.288547],[98.197071,2.311698],[98.188661,2.323204],[98.182509,2.334565],[98.16294,2.382567],[98.147398,2.423653],[98.136777,2.43093],[98.097025,2.480982],[98.0875,2.499107],[98.082643,2.512392],[98.081114,2.522604],[98.083941,2.530452],[98.083481,2.539009],[98.084838,2.546768],[98.083359,2.55213],[98.083126,2.560345],[98.078462,2.575174],[98.078684,2.581564],[98.079762,2.584596],[98.082999,2.585207],[98.128547,2.581826],[98.148966,2.58142],[98.170332,2.59489]]],[[[98.225555,2.526945],[98.225554,2.526939],[98.225554,2.526945],[98.225555,2.526945]]]]}},{"type":"Feature","properties":{"nmkec":"Kerajaan","nmkab":"Pakpak Bharat","nmprov":"Sumatera Utara","kdkec":"020","kdkab":"16","kodekab":"1216","idkec":"1216020","index":120},"geometry":{"type":"MultiPolygon","coordinates":[[[[98.306068,2.696265],[98.31185,2.695324],[98.32261,2.696981],[98.327026,2.699035],[98.331196,2.705621],[98.341173,2.704296],[98.343937,2.695581],[98.342379,2.694826],[98.343402,2.688008],[98.344795,2.688871],[98.34457,2.694912],[98.346533,2.694419],[98.352925,2.687578],[98.355914,2.685743],[98.361644,2.670472],[98.360013,2.659004],[98.35657,2.660788],[98.350923,2.623839],[98.329319,2.632077],[98.317849,2.627231],[98.321687,2.625093],[98.319986,2.621389],[98.298214,2.620761],[98.294675,2.615959],[98.305794,2.608867],[98.310418,2.60704],[98.319206,2.599491],[98.304964,2.588566],[98.303809,2.589989],[98.284615,2.593411],[98.2756,2.598406],[98.274832,2.600211],[98.274419,2.602716],[98.28276,2.605206],[98.284454,2.620719],[98.277758,2.622976],[98.283581,2.63379],[98.274269,2.637158],[98.273477,2.641153],[98.273477,2.642886],[98.276875,2.643566],[98.276157,2.654473],[98.271535,2.676786],[98.268791,2.680686],[98.266999,2.720374],[98.274198,2.719516],[98.279791,2.716421],[98.294267,2.704908],[98.295882,2.701205],[98.306068,2.696265]]],[[[98.229789,2.582715],[98.23102,2.567073],[98.234493,2.554249],[98.230135,2.554605],[98.150997,2.528378],[98.153622,2.536363],[98.167841,2.566024],[98.172377,2.571147],[98.18209,2.574394],[98.202783,2.573426],[98.210836,2.574803],[98.216987,2.576465],[98.229789,2.582715]]],[[[98.255753,2.714552],[98.256624,2.680749],[98.264973,2.649996],[98.264898,2.648309],[98.263813,2.64816],[98.261323,2.648942],[98.257492,2.663972],[98.255329,2.667254],[98.253911,2.672252],[98.25124,2.708366],[98.252868,2.71283],[98.255753,2.714552]]]]}},{"type":"Feature","properties":{"nmkec":"Sianjur Mulamula","nmkab":"Samosir","nmprov":"Sumatera Utara","kdkec":"010","kdkab":"17","kodekab":"1217","idkec":"1217010","index":121},"geometry":{"type":"MultiPolygon","coordinates":[[[[98.580004,2.735784],[98.58823,2.733725],[98.59413,2.733876],[98.597282,2.723176],[98.603394,2.712837],[98.605989,2.70573],[98.6069,2.704524],[98.61391,2.703042],[98.616162,2.697965],[98.625617,2.682979],[98.625519,2.677409],[98.627564,2.66649],[98.614925,2.649728],[98.614933,2.645206],[98.617656,2.642951],[98.625925,2.644849],[98.628479,2.64752],[98.631634,2.647372],[98.632075,2.641016],[98.633973,2.634694],[98.640533,2.635835],[98.641065,2.638279],[98.642042,2.638623],[98.645019,2.6352],[98.646238,2.629292],[98.648751,2.627953],[98.653383,2.628756],[98.653785,2.634749],[98.658535,2.635077],[98.659052,2.628902],[98.657065,2.624917],[98.657024,2.619822],[98.653995,2.607847],[98.652144,2.59531],[98.648538,2.589707],[98.656255,2.587418],[98.661304,2.588283],[98.661175,2.588977],[98.664006,2.59022],[98.669002,2.589207],[98.677139,2.58474],[98.680099,2.582855],[98.672818,2.577281],[98.67406,2.571518],[98.67502,2.570426],[98.676611,2.57067],[98.678139,2.573191],[98.685258,2.572033],[98.688488,2.570137],[98.689569,2.566082],[98.675754,2.565283],[98.674745,2.567048],[98.673055,2.56775],[98.664065,2.563164],[98.659525,2.563017],[98.656384,2.561598],[98.652228,2.561433],[98.649598,2.560124],[98.641731,2.558715],[98.638689,2.560423],[98.637933,2.562396],[98.634993,2.563295],[98.632889,2.558542],[98.629553,2.555764],[98.601581,2.565692],[98.591029,2.572932],[98.587163,2.571889],[98.582793,2.572974],[98.579612,2.57414],[98.578322,2.576017],[98.560614,2.581438],[98.560967,2.587718],[98.559141,2.591424],[98.555276,2.595917],[98.561735,2.649574],[98.566497,2.686343],[98.572352,2.708138],[98.572813,2.725322],[98.576484,2.729775],[98.577892,2.737516],[98.580004,2.735784]]],[[[98.647893,2.642994],[98.647252,2.641312],[98.643944,2.642356],[98.643111,2.646223],[98.644351,2.646565],[98.647893,2.642994]]]]}},{"type":"Feature","properties":{"nmkec":"Sitiotio","nmkab":"Samosir","nmprov":"Sumatera Utara","kdkec":"030","kdkab":"17","kodekab":"1217","idkec":"1217030","index":122},"geometry":{"type":"Polygon","coordinates":[[[98.741281,2.509709],[98.746147,2.508241],[98.749519,2.504684],[98.748966,2.491365],[98.752917,2.488387],[98.75614,2.488709],[98.761152,2.486246],[98.76737,2.479846],[98.769058,2.470248],[98.774255,2.466993],[98.776737,2.451457],[98.78122,2.442851],[98.780045,2.439445],[98.782165,2.437428],[98.788092,2.435054],[98.790216,2.438932],[98.790631,2.443982],[98.796121,2.439484],[98.797536,2.436942],[98.7972,2.434491],[98.798511,2.432741],[98.806231,2.429536],[98.807423,2.427294],[98.806188,2.423937],[98.806636,2.420832],[98.808356,2.418779],[98.809667,2.418932],[98.813529,2.415853],[98.814758,2.410667],[98.81454,2.404134],[98.813396,2.402584],[98.808979,2.402459],[98.807812,2.399316],[98.808334,2.396086],[98.813571,2.395124],[98.815229,2.393708],[98.817099,2.38463],[98.819405,2.381837],[98.822497,2.378367],[98.827101,2.375477],[98.833038,2.367683],[98.841295,2.363805],[98.841372,2.362322],[98.838208,2.358359],[98.807112,2.374544],[98.804576,2.377962],[98.798793,2.390611],[98.790829,2.399639],[98.789003,2.404179],[98.789764,2.405505],[98.788952,2.409433],[98.777579,2.420158],[98.749235,2.439346],[98.742167,2.449146],[98.733796,2.455038],[98.729153,2.45694],[98.725699,2.454529],[98.713668,2.462258],[98.709521,2.470148],[98.699572,2.47806],[98.701448,2.48002],[98.705984,2.480613],[98.706848,2.481569],[98.710709,2.488089],[98.71346,2.500233],[98.723167,2.505228],[98.726214,2.509168],[98.73159,2.512212],[98.73755,2.518147],[98.738955,2.513376],[98.741281,2.509709]]]}},{"type":"Feature","properties":{"nmkec":"Onan Runggu","nmkab":"Samosir","nmprov":"Sumatera Utara","kdkec":"040","kdkab":"17","kodekab":"1217","idkec":"1217040","index":123},"geometry":{"type":"Polygon","coordinates":[[[98.905953,2.567803],[98.907013,2.564653],[98.924741,2.544495],[98.93587,2.535412],[98.960019,2.519297],[98.97306,2.507602],[98.980961,2.490094],[98.989091,2.479512],[98.992176,2.47332],[98.992923,2.465678],[98.991213,2.462182],[98.988091,2.459597],[98.975941,2.452164],[98.968055,2.449902],[98.960656,2.444981],[98.952099,2.444317],[98.948384,2.442113],[98.940863,2.444491],[98.938574,2.444406],[98.935529,2.43912],[98.93035,2.435428],[98.923098,2.433058],[98.918168,2.435157],[98.919879,2.446519],[98.912168,2.457755],[98.912503,2.46562],[98.913264,2.466358],[98.91929,2.46527],[98.918704,2.46691],[98.919383,2.467313],[98.929086,2.46378],[98.933602,2.466079],[98.937867,2.464484],[98.937388,2.466943],[98.921783,2.488197],[98.920481,2.499329],[98.925332,2.511402],[98.925553,2.51905],[98.922667,2.519965],[98.919925,2.524823],[98.916105,2.525726],[98.908697,2.524409],[98.907,2.503723],[98.908446,2.49536],[98.907953,2.482506],[98.904302,2.475574],[98.895478,2.478296],[98.894499,2.481152],[98.887531,2.484368],[98.88521,2.489129],[98.886615,2.491082],[98.88985,2.492635],[98.891075,2.49472],[98.888983,2.508634],[98.893076,2.511143],[98.895913,2.516837],[98.894214,2.523068],[98.894006,2.540822],[98.892337,2.542128],[98.884089,2.534641],[98.88313,2.535511],[98.8979,2.555123],[98.904945,2.5673],[98.905953,2.567803]]]}},{"type":"Feature","properties":{"nmkec":"Nainggolan","nmkab":"Samosir","nmprov":"Sumatera Utara","kdkec":"050","kdkab":"17","kodekab":"1217","idkec":"1217050","index":124},"geometry":{"type":"Polygon","coordinates":[[[98.894006,2.540822],[98.894214,2.523068],[98.895913,2.516837],[98.893076,2.511143],[98.888983,2.508634],[98.891075,2.49472],[98.88985,2.492635],[98.886615,2.491082],[98.88521,2.489129],[98.887531,2.484368],[98.894499,2.481152],[98.895478,2.478296],[98.904266,2.475552],[98.904881,2.47609],[98.907953,2.482506],[98.908446,2.49536],[98.907,2.503723],[98.908697,2.524409],[98.916105,2.525726],[98.919925,2.524823],[98.922667,2.519965],[98.925553,2.51905],[98.925332,2.511402],[98.920481,2.499329],[98.921783,2.488197],[98.937388,2.466943],[98.937867,2.464484],[98.933602,2.466079],[98.929086,2.46378],[98.919383,2.467313],[98.918704,2.46691],[98.91929,2.46527],[98.918368,2.465072],[98.913264,2.466358],[98.912069,2.464455],[98.912168,2.457755],[98.919879,2.446519],[98.918168,2.435157],[98.914925,2.436252],[98.899836,2.435727],[98.898813,2.435088],[98.896769,2.429787],[98.888885,2.426702],[98.887356,2.428378],[98.88689,2.43166],[98.88255,2.434161],[98.879059,2.432982],[98.875974,2.43058],[98.863763,2.435321],[98.860069,2.439345],[98.859913,2.441403],[98.857913,2.444766],[98.847513,2.448656],[98.846033,2.453506],[98.848658,2.461012],[98.85309,2.465679],[98.855183,2.470348],[98.859016,2.487741],[98.862116,2.492508],[98.861319,2.496317],[98.862332,2.505688],[98.8674,2.514364],[98.869013,2.51692],[98.875938,2.52256],[98.879943,2.527283],[98.880689,2.53146],[98.892337,2.542128],[98.894006,2.540822]]]}},{"type":"Feature","properties":{"nmkec":"Bintang Bayu","nmkab":"Serdang Bedagai","nmprov":"Sumatera Utara","kdkec":"012","kdkab":"18","kodekab":"1218","idkec":"1218012","index":125},"geometry":{"type":"Polygon","coordinates":[[[98.904653,3.333861],[98.955747,3.33386],[98.968511,3.322694],[98.985554,3.304917],[98.985541,3.303018],[98.975799,3.292481],[98.966355,3.286098],[98.964236,3.28699],[98.956659,3.282696],[98.95096,3.276222],[98.944252,3.27581],[98.940091,3.274527],[98.936629,3.27116],[98.926601,3.266699],[98.919009,3.260249],[98.90909,3.25387],[98.906412,3.256294],[98.90132,3.256794],[98.900807,3.260132],[98.866178,3.261338],[98.87129,3.265378],[98.875348,3.271904],[98.875529,3.274267],[98.865809,3.27408],[98.868267,3.285527],[98.878175,3.301761],[98.903129,3.301268],[98.905475,3.304293],[98.904007,3.309072],[98.90602,3.311417],[98.905978,3.31657],[98.903488,3.325135],[98.905096,3.330886],[98.904653,3.333861]]]}},{"type":"Feature","properties":{"nmkec":"Dolok Masihul","nmkab":"Serdang Bedagai","nmprov":"Sumatera Utara","kdkec":"020","kdkab":"18","kodekab":"1218","idkec":"1218020","index":126},"geometry":{"type":"Polygon","coordinates":[[[99.024791,3.409241],[99.029835,3.408878],[99.031617,3.407494],[99.052523,3.383862],[99.060104,3.388924],[99.067118,3.381314],[99.064262,3.380957],[99.063672,3.377357],[99.085916,3.382854],[99.093974,3.390515],[99.106563,3.404938],[99.109619,3.406353],[99.111394,3.401957],[99.111132,3.398222],[99.10927,3.392009],[99.107106,3.388287],[99.100046,3.38135],[99.097528,3.380147],[99.093254,3.373877],[99.083861,3.368625],[99.082479,3.367281],[99.083963,3.365757],[99.079081,3.361245],[99.080472,3.356216],[99.084885,3.351246],[99.097004,3.362294],[99.10339,3.355652],[99.104852,3.356073],[99.105519,3.355289],[99.100705,3.34776],[99.095735,3.3433],[99.0946,3.337026],[99.090807,3.331353],[99.08348,3.32413],[99.088264,3.312599],[99.079688,3.308657],[99.076116,3.30203],[99.072249,3.299875],[99.071226,3.29478],[99.071421,3.286078],[99.068762,3.281728],[99.065179,3.282222],[99.065658,3.281487],[99.061677,3.280094],[99.057574,3.273313],[99.051924,3.273529],[99.043325,3.262327],[99.033159,3.260317],[99.02876,3.261462],[99.027622,3.263437],[99.024547,3.262781],[99.016022,3.25732],[99.011144,3.261021],[99.008156,3.261776],[99.002063,3.259506],[99.000003,3.254677],[98.987825,3.248646],[98.974915,3.236799],[98.966779,3.230896],[98.961296,3.228779],[98.952597,3.221903],[98.955303,3.240033],[98.958252,3.250616],[98.964035,3.265723],[98.966483,3.267526],[98.97139,3.268067],[98.976687,3.271497],[98.97948,3.271514],[98.980361,3.27235],[98.966355,3.286098],[98.975799,3.292481],[98.985541,3.303018],[98.985695,3.30432],[98.968511,3.322694],[98.955747,3.33386],[98.956857,3.340465],[98.955984,3.351694],[98.955976,3.377553],[98.962046,3.382633],[98.962511,3.381817],[98.963436,3.382152],[98.970718,3.386339],[98.971791,3.383821],[98.976664,3.385929],[98.981004,3.385184],[98.981437,3.390739],[98.983728,3.392954],[98.986238,3.392501],[98.986172,3.390946],[98.98742,3.389633],[99.000416,3.386298],[99.004211,3.386701],[99.003511,3.389351],[99.004478,3.391988],[99.015988,3.380102],[99.017973,3.387996],[99.021087,3.394387],[99.024791,3.409241]]]}},{"type":"Feature","properties":{"nmkec":"Serbajadi","nmkab":"Serdang Bedagai","nmprov":"Sumatera Utara","kdkec":"021","kdkab":"18","kodekab":"1218","idkec":"1218021","index":127},"geometry":{"type":"MultiPolygon","coordinates":[[[[98.933323,3.474419],[98.932695,3.45426],[98.934899,3.448026],[98.936783,3.430819],[98.9366,3.419005],[98.932539,3.414344],[98.938992,3.407482],[98.940026,3.400513],[98.950161,3.399768],[98.953317,3.398279],[98.953988,3.392211],[98.95587,3.39142],[98.961034,3.392305],[98.961143,3.382798],[98.962046,3.382633],[98.955976,3.377553],[98.955984,3.351694],[98.956857,3.340465],[98.955747,3.33386],[98.904653,3.333861],[98.904723,3.337127],[98.906628,3.339643],[98.904072,3.346193],[98.90416,3.351443],[98.905282,3.355013],[98.90677,3.359149],[98.910362,3.358486],[98.913987,3.36002],[98.915472,3.361984],[98.919231,3.368899],[98.917046,3.377439],[98.920874,3.383367],[98.91692,3.389006],[98.921412,3.398998],[98.920787,3.405054],[98.919139,3.408883],[98.916579,3.421338],[98.914345,3.451446],[98.919012,3.456588],[98.919832,3.458466],[98.919942,3.466134],[98.929537,3.481322],[98.930771,3.481288],[98.933323,3.474419]]],[[[98.973198,3.424438],[99.004478,3.391988],[99.003511,3.389351],[99.004211,3.386701],[99.000416,3.386298],[98.98742,3.389633],[98.986172,3.390946],[98.986238,3.392501],[98.983728,3.392954],[98.981437,3.390739],[98.981004,3.385184],[98.976664,3.385929],[98.971791,3.383821],[98.970718,3.386339],[98.963436,3.382152],[98.962511,3.381817],[98.962046,3.382633],[98.96194,3.38267],[98.973198,3.424438]]]]}},{"type":"Feature","properties":{"nmkec":"Sipispis","nmkab":"Serdang Bedagai","nmprov":"Sumatera Utara","kdkec":"030","kdkab":"18","kodekab":"1218","idkec":"1218030","index":128},"geometry":{"type":"MultiPolygon","coordinates":[[[[99.066867,3.280735],[99.066543,3.279257],[99.056392,3.268351],[99.052028,3.265322],[99.063573,3.265335],[99.063512,3.270424],[99.066814,3.270445],[99.074194,3.270349],[99.074314,3.265436],[99.097988,3.265389],[99.099791,3.263997],[99.097641,3.253992],[99.095465,3.250363],[99.093216,3.237058],[99.096183,3.236735],[99.090691,3.226505],[99.088231,3.223678],[99.073538,3.213113],[99.063607,3.212565],[99.063523,3.210531],[99.065526,3.207704],[99.06519,3.205211],[99.064205,3.204099],[99.062444,3.205309],[99.060178,3.20438],[99.056121,3.19781],[99.056691,3.194363],[99.061617,3.189238],[99.064112,3.185139],[99.061449,3.176938],[99.060296,3.166282],[99.055911,3.161392],[99.056364,3.159675],[99.055067,3.152436],[99.051228,3.150747],[99.049775,3.148532],[99.049453,3.139122],[99.051631,3.131035],[99.052894,3.129291],[99.052199,3.126372],[99.045442,3.113456],[99.032598,3.109264],[99.031675,3.094802],[99.018646,3.084412],[99.008048,3.072141],[99.007143,3.068675],[99.008965,3.061895],[99.009827,3.048482],[99.006832,3.044698],[99.001466,3.040412],[99.00032,3.031467],[98.997694,3.026494],[98.980111,3.019368],[98.9592,3.015777],[98.920279,3.015642],[98.942577,3.051805],[98.948649,3.065677],[98.95567,3.06472],[98.970365,3.065123],[98.976206,3.068344],[98.979302,3.073689],[98.983161,3.085852],[98.986769,3.09199],[98.987252,3.094502],[98.986933,3.097633],[98.981225,3.109011],[98.976983,3.110273],[98.977165,3.118837],[98.985602,3.121866],[98.986892,3.124135],[98.982725,3.12782],[98.972283,3.129617],[98.969819,3.13846],[98.964855,3.143751],[98.986116,3.172455],[98.987767,3.182517],[98.990998,3.183121],[98.996487,3.181787],[99.000313,3.185466],[99.002738,3.201295],[99.004691,3.205558],[98.998416,3.210218],[98.994473,3.210118],[98.988434,3.206714],[98.939873,3.207458],[98.94083,3.211733],[98.948026,3.218062],[98.949252,3.220362],[98.974915,3.236799],[98.987825,3.248646],[99.000003,3.254677],[99.002063,3.259506],[99.008156,3.261776],[99.011144,3.261021],[99.016022,3.25732],[99.024547,3.262781],[99.027622,3.263437],[99.02876,3.261462],[99.033159,3.260317],[99.043325,3.262327],[99.051924,3.273529],[99.057574,3.273313],[99.061677,3.280094],[99.065658,3.281487],[99.066867,3.280735]]],[[[99.074532,3.280276],[99.078425,3.279626],[99.07912,3.278033],[99.078582,3.275912],[99.076426,3.274972],[99.072015,3.275648],[99.071708,3.27911],[99.074532,3.280276]]],[[[99.070811,3.285076],[99.071071,3.286554],[99.07341,3.28505],[99.070811,3.285076]]]]}},{"type":"Feature","properties":{"nmkec":"Dolok Merawan","nmkab":"Serdang Bedagai","nmprov":"Sumatera Utara","kdkec":"040","kdkab":"18","kodekab":"1218","idkec":"1218040","index":129},"geometry":{"type":"Polygon","coordinates":[[[99.13509,3.244285],[99.136069,3.243684],[99.136939,3.23986],[99.135416,3.23855],[99.13237,3.239424],[99.130424,3.23576],[99.164629,3.234895],[99.16457,3.238824],[99.168166,3.238881],[99.168268,3.233616],[99.17379,3.232018],[99.181697,3.231828],[99.189538,3.240059],[99.193985,3.237684],[99.19862,3.232959],[99.203076,3.226442],[99.202821,3.225457],[99.206933,3.223928],[99.20769,3.219329],[99.199055,3.212843],[99.202036,3.205448],[99.196187,3.202135],[99.19482,3.199322],[99.195856,3.196593],[99.19675,3.178477],[99.186634,3.173143],[99.186591,3.188059],[99.179186,3.188011],[99.179314,3.170019],[99.162459,3.158018],[99.156828,3.156755],[99.151754,3.153817],[99.150481,3.166564],[99.146845,3.171639],[99.123978,3.153373],[99.112898,3.142999],[99.095546,3.134261],[99.081899,3.134272],[99.081842,3.12924],[99.052894,3.129291],[99.051631,3.131035],[99.049453,3.139122],[99.049309,3.146221],[99.050491,3.150079],[99.055067,3.152436],[99.056354,3.162643],[99.060296,3.166282],[99.061449,3.176938],[99.06409,3.185878],[99.056691,3.194363],[99.056069,3.197394],[99.060178,3.20438],[99.062444,3.205309],[99.064205,3.204099],[99.06519,3.205211],[99.065526,3.207704],[99.063523,3.210531],[99.063607,3.212565],[99.073538,3.213113],[99.088231,3.223678],[99.090691,3.226505],[99.096183,3.236735],[99.108345,3.237484],[99.127348,3.236511],[99.129016,3.239539],[99.126359,3.240878],[99.127503,3.244956],[99.135145,3.246961],[99.13509,3.244285]]]}},{"type":"Feature","properties":{"nmkec":"Tebing Syahbandar","nmkab":"Serdang Bedagai","nmprov":"Sumatera Utara","kdkec":"051","kdkab":"18","kodekab":"1218","idkec":"1218051","index":130},"geometry":{"type":"MultiPolygon","coordinates":[[[[99.253841,3.365639],[99.283375,3.363087],[99.276693,3.357981],[99.271856,3.352511],[99.269728,3.336937],[99.262911,3.325226],[99.264094,3.318169],[99.262724,3.309111],[99.242707,3.280336],[99.23253,3.27912],[99.223486,3.279563],[99.223533,3.263465],[99.225887,3.262085],[99.231122,3.261988],[99.231464,3.257342],[99.218621,3.240045],[99.21641,3.238881],[99.206933,3.223928],[99.202821,3.225457],[99.203076,3.226442],[99.19862,3.232959],[99.193985,3.237684],[99.189538,3.240059],[99.181697,3.231828],[99.17379,3.232018],[99.168268,3.233616],[99.168166,3.238881],[99.16457,3.238824],[99.164629,3.234895],[99.130424,3.23576],[99.13237,3.239424],[99.135416,3.23855],[99.136939,3.23986],[99.134981,3.246524],[99.137874,3.254132],[99.139299,3.255687],[99.142086,3.256495],[99.145592,3.260581],[99.144147,3.266697],[99.139379,3.273748],[99.136578,3.281417],[99.13688,3.282934],[99.14368,3.291605],[99.142716,3.295033],[99.138881,3.300569],[99.137285,3.304761],[99.139012,3.309382],[99.142716,3.310925],[99.150398,3.305896],[99.154397,3.306681],[99.153274,3.308528],[99.15392,3.309217],[99.171596,3.309153],[99.1727,3.30656],[99.173885,3.306373],[99.180424,3.306492],[99.18951,3.309028],[99.192648,3.310876],[99.192585,3.316648],[99.191148,3.318202],[99.187501,3.317645],[99.183341,3.331655],[99.183205,3.336268],[99.184549,3.338284],[99.188523,3.33973],[99.191925,3.344081],[99.200426,3.346331],[99.202212,3.349346],[99.206766,3.350755],[99.216058,3.355683],[99.231152,3.3611],[99.23863,3.366358],[99.239456,3.370538],[99.253841,3.365639]]],[[[99.137156,3.276349],[99.137231,3.276228],[99.136785,3.276914],[99.137156,3.276349]]]]}},{"type":"Feature","properties":{"nmkec":"Tanjung Beringin","nmkab":"Serdang Bedagai","nmprov":"Sumatera Utara","kdkec":"070","kdkab":"18","kodekab":"1218","idkec":"1218070","index":131},"geometry":{"type":"Polygon","coordinates":[[[99.144815,3.538602],[99.154892,3.531263],[99.160113,3.538175],[99.160518,3.535061],[99.167763,3.527498],[99.203322,3.503408],[99.204417,3.500588],[99.206492,3.498602],[99.208419,3.499435],[99.211874,3.505792],[99.216557,3.507243],[99.221294,3.505689],[99.226984,3.501667],[99.227148,3.504887],[99.223099,3.514057],[99.213269,3.521268],[99.212669,3.522486],[99.213735,3.524007],[99.243857,3.502867],[99.246546,3.499794],[99.246427,3.498989],[99.243776,3.498517],[99.245415,3.495471],[99.26777,3.490186],[99.274965,3.486956],[99.27891,3.481135],[99.279016,3.476076],[99.272551,3.469473],[99.268451,3.467103],[99.255988,3.454068],[99.244731,3.449341],[99.234924,3.442161],[99.228689,3.440561],[99.214737,3.426899],[99.192895,3.449879],[99.192089,3.452702],[99.192462,3.458094],[99.191448,3.461281],[99.185911,3.46878],[99.183182,3.47762],[99.179955,3.481732],[99.181151,3.482612],[99.171483,3.491842],[99.17199,3.49466],[99.17501,3.497887],[99.163768,3.506185],[99.156147,3.50918],[99.152683,3.512656],[99.145066,3.528355],[99.139534,3.534981],[99.144815,3.538602]]]}},{"type":"Feature","properties":{"nmkec":"Teluk Mengkudu","nmkab":"Serdang Bedagai","nmprov":"Sumatera Utara","kdkec":"090","kdkab":"18","kodekab":"1218","idkec":"1218090","index":132},"geometry":{"type":"Polygon","coordinates":[[[99.10211,3.572745],[99.109987,3.568744],[99.116878,3.568252],[99.11974,3.570478],[99.121253,3.570578],[99.124865,3.567022],[99.129094,3.565183],[99.136086,3.562992],[99.154787,3.559451],[99.178331,3.549067],[99.20371,3.532222],[99.203837,3.530636],[99.213269,3.521268],[99.223099,3.514057],[99.227148,3.504887],[99.226984,3.501667],[99.221294,3.505689],[99.216557,3.507243],[99.211874,3.505792],[99.208419,3.499435],[99.20611,3.498685],[99.203322,3.503408],[99.167763,3.527498],[99.160518,3.535061],[99.160113,3.538175],[99.154892,3.531263],[99.144815,3.538602],[99.141001,3.536499],[99.11399,3.509665],[99.109173,3.513971],[99.105548,3.515509],[99.089378,3.499752],[99.048746,3.540778],[99.049558,3.543816],[99.053103,3.54914],[99.061445,3.559617],[99.073934,3.560929],[99.077192,3.562169],[99.08475,3.566894],[99.085877,3.569782],[99.09219,3.572713],[99.10211,3.572745]]]}},{"type":"Feature","properties":{"nmkec":"Sei Balai","nmkab":"Batu Bara","nmprov":"Sumatera Utara","kdkec":"010","kdkab":"19","kodekab":"1219","idkec":"1219010","index":133},"geometry":{"type":"Polygon","coordinates":[[[99.589471,3.167034],[99.590883,3.166745],[99.596322,3.161205],[99.601049,3.161034],[99.603817,3.159615],[99.614246,3.141561],[99.623405,3.128951],[99.627376,3.127055],[99.622301,3.12712],[99.620517,3.12927],[99.61752,3.126399],[99.614921,3.119951],[99.60875,3.114671],[99.609937,3.113268],[99.609353,3.111809],[99.601235,3.106245],[99.59275,3.106493],[99.597781,3.100774],[99.598399,3.096955],[99.603483,3.095034],[99.601001,3.098021],[99.601074,3.100555],[99.603587,3.101346],[99.605166,3.096958],[99.609586,3.097591],[99.613736,3.10061],[99.617029,3.098238],[99.618849,3.090963],[99.61468,3.082969],[99.611332,3.082835],[99.608951,3.08156],[99.603767,3.07397],[99.594711,3.066184],[99.598324,3.05865],[99.595616,3.045328],[99.591077,3.039382],[99.578991,3.037617],[99.577867,3.033521],[99.573156,3.028947],[99.553484,3.027863],[99.562784,3.018396],[99.560107,3.017762],[99.558046,3.0188],[99.551392,3.015653],[99.549609,3.01586],[99.549572,3.021641],[99.530038,3.021587],[99.531276,3.028804],[99.549493,3.028997],[99.549245,3.043697],[99.555769,3.043467],[99.554587,3.055708],[99.55702,3.061479],[99.568341,3.061509],[99.569043,3.062639],[99.568748,3.065471],[99.570607,3.075783],[99.568601,3.077005],[99.568629,3.078453],[99.569188,3.081474],[99.570386,3.082062],[99.571206,3.084241],[99.570074,3.085039],[99.565822,3.07924],[99.5647,3.082801],[99.565442,3.083966],[99.563583,3.087337],[99.551294,3.099842],[99.544339,3.099783],[99.543014,3.097214],[99.540595,3.100762],[99.530202,3.104241],[99.529147,3.102819],[99.529228,3.083931],[99.527895,3.082684],[99.502058,3.095017],[99.504132,3.097518],[99.514422,3.097264],[99.521475,3.102817],[99.521268,3.104287],[99.515118,3.104384],[99.512267,3.106392],[99.517244,3.116301],[99.522368,3.115553],[99.531466,3.111444],[99.545379,3.110924],[99.551993,3.108316],[99.554778,3.110024],[99.55656,3.114674],[99.560257,3.116547],[99.561238,3.120285],[99.561054,3.128932],[99.558732,3.130915],[99.558842,3.133237],[99.561455,3.134354],[99.560939,3.146919],[99.567741,3.154059],[99.567612,3.156527],[99.570899,3.161705],[99.574262,3.163325],[99.575115,3.162917],[99.575584,3.156129],[99.584614,3.164465],[99.589471,3.167034]]]}},{"type":"Feature","properties":{"nmkec":"Tanjung Tiram","nmkab":"Batu Bara","nmprov":"Sumatera Utara","kdkec":"020","kdkab":"19","kodekab":"1219","idkec":"1219020","index":134},"geometry":{"type":"MultiPolygon","coordinates":[[[[99.571443,3.234088],[99.58507,3.230973],[99.591016,3.232541],[99.597674,3.231995],[99.612094,3.224479],[99.625504,3.220692],[99.623643,3.217042],[99.620963,3.217826],[99.616489,3.217278],[99.609398,3.20808],[99.605171,3.205791],[99.598314,3.207466],[99.590907,3.212912],[99.588325,3.211644],[99.584881,3.206897],[99.573604,3.212322],[99.577096,3.217194],[99.575758,3.222693],[99.569836,3.22892],[99.571443,3.234088]]],[[[99.757587,3.41739],[99.75553,3.417185],[99.755037,3.418294],[99.755859,3.423796],[99.757587,3.42474],[99.758903,3.424391],[99.759273,3.422112],[99.757587,3.41739]]],[[[99.723032,3.345616],[99.725175,3.340512],[99.722975,3.338761],[99.720683,3.34324],[99.722037,3.345591],[99.723032,3.345616]]]]}},{"type":"Feature","properties":{"nmkec":"Talawi","nmkab":"Batu Bara","nmprov":"Sumatera Utara","kdkec":"030","kdkab":"19","kodekab":"1219","idkec":"1219030","index":135},"geometry":{"type":"MultiPolygon","coordinates":[[[[99.538746,3.253635],[99.548308,3.244467],[99.558035,3.238459],[99.57121,3.233203],[99.569836,3.22892],[99.575758,3.222693],[99.577096,3.217194],[99.573604,3.212322],[99.584881,3.206897],[99.584838,3.204843],[99.588568,3.203811],[99.587033,3.199417],[99.586993,3.196236],[99.584146,3.193969],[99.577702,3.193771],[99.575981,3.190682],[99.576111,3.186917],[99.5814,3.18298],[99.58151,3.181943],[99.581028,3.177793],[99.577761,3.169546],[99.537502,3.171687],[99.534603,3.157453],[99.528059,3.151788],[99.523871,3.149964],[99.518655,3.152875],[99.515164,3.156305],[99.518963,3.15761],[99.524129,3.167807],[99.526631,3.177291],[99.534467,3.180509],[99.532165,3.182133],[99.526519,3.177639],[99.522565,3.172458],[99.516415,3.176896],[99.514611,3.176017],[99.512741,3.179623],[99.518654,3.183119],[99.549012,3.21057],[99.548103,3.213369],[99.531229,3.22151],[99.530443,3.226205],[99.52892,3.22849],[99.519998,3.237268],[99.53473,3.259118],[99.538746,3.253635]]],[[[99.513825,3.174072],[99.511854,3.16964],[99.504481,3.16889],[99.506885,3.174263],[99.513825,3.174072]]]]}},{"type":"Feature","properties":{"nmkec":"Datuk Tanah Datar","nmkab":"Batu Bara","nmprov":"Sumatera Utara","kdkec":"031","kdkab":"19","kodekab":"1219","idkec":"1219031","index":136},"geometry":{"type":"Polygon","coordinates":[[[99.534467,3.180509],[99.526631,3.177291],[99.524129,3.167807],[99.518963,3.15761],[99.515164,3.156305],[99.518655,3.152875],[99.523871,3.149964],[99.528059,3.151788],[99.534603,3.157453],[99.537502,3.171687],[99.577761,3.169546],[99.575115,3.162917],[99.574262,3.163325],[99.570027,3.160762],[99.567612,3.156527],[99.567741,3.154059],[99.560939,3.146919],[99.561455,3.134354],[99.558842,3.133237],[99.558732,3.130915],[99.561054,3.128932],[99.561238,3.120285],[99.560257,3.116547],[99.55656,3.114674],[99.554778,3.110024],[99.551993,3.108316],[99.545379,3.110924],[99.531466,3.111444],[99.522368,3.115553],[99.517244,3.116301],[99.508603,3.120725],[99.501195,3.118639],[99.498068,3.115307],[99.494795,3.11644],[99.492478,3.119991],[99.49154,3.126919],[99.471773,3.134209],[99.499427,3.16202],[99.503108,3.168721],[99.511854,3.16964],[99.515252,3.17681],[99.516415,3.176896],[99.522565,3.172458],[99.526519,3.177639],[99.532665,3.18242],[99.534467,3.180509]]]}},{"type":"Feature","properties":{"nmkec":"Limapuluh","nmkab":"Batu Bara","nmprov":"Sumatera Utara","kdkec":"040","kdkab":"19","kodekab":"1219","idkec":"1219040","index":137},"geometry":{"type":"Polygon","coordinates":[[[99.425689,3.266948],[99.427759,3.266347],[99.425363,3.253551],[99.449648,3.253947],[99.44923,3.18601],[99.445363,3.180436],[99.430119,3.172119],[99.437205,3.169408],[99.437485,3.171232],[99.440761,3.175678],[99.443972,3.176021],[99.448336,3.178312],[99.448766,3.180237],[99.465641,3.181895],[99.466879,3.180869],[99.466608,3.179814],[99.458769,3.178259],[99.457196,3.175836],[99.456622,3.172648],[99.454,3.169449],[99.447369,3.166261],[99.44707,3.165479],[99.455136,3.162265],[99.457723,3.164217],[99.46583,3.175209],[99.474405,3.180296],[99.475769,3.183551],[99.479592,3.185032],[99.481565,3.184376],[99.484834,3.179719],[99.484146,3.176789],[99.481354,3.174154],[99.483679,3.170943],[99.481399,3.168631],[99.482427,3.164721],[99.484795,3.166337],[99.490266,3.17478],[99.492177,3.17586],[99.495588,3.175237],[99.494842,3.171695],[99.495591,3.170163],[99.499396,3.171405],[99.502044,3.175432],[99.505888,3.175225],[99.506885,3.174263],[99.504481,3.16889],[99.503108,3.168721],[99.499427,3.16202],[99.471773,3.134209],[99.459084,3.138254],[99.449817,3.133933],[99.443757,3.136433],[99.445234,3.139445],[99.441481,3.142206],[99.42029,3.148366],[99.418381,3.149931],[99.416386,3.153859],[99.414906,3.153],[99.36987,3.151142],[99.394637,3.227359],[99.397724,3.23413],[99.402021,3.248048],[99.404419,3.252402],[99.403976,3.253833],[99.406952,3.254537],[99.41586,3.261713],[99.416323,3.264464],[99.422604,3.26175],[99.425149,3.264654],[99.425689,3.266948]],[[99.502467,3.171087],[99.50101,3.171865],[99.498217,3.169436],[99.499309,3.166894],[99.501921,3.168033],[99.502467,3.171087]]]}},{"type":"Feature","properties":{"nmkec":"Datuk Lima Puluh","nmkab":"Batu Bara","nmprov":"Sumatera Utara","kdkec":"042","kdkab":"19","kodekab":"1219","idkec":"1219042","index":138},"geometry":{"type":"MultiPolygon","coordinates":[[[[99.474378,3.243316],[99.474037,3.232018],[99.476811,3.232107],[99.484906,3.220229],[99.485868,3.222129],[99.489796,3.224016],[99.493854,3.223547],[99.499711,3.235278],[99.508083,3.221451],[99.514121,3.217533],[99.525616,3.214416],[99.531229,3.22151],[99.548103,3.213369],[99.549012,3.21057],[99.518654,3.183119],[99.513214,3.180234],[99.512847,3.178404],[99.514611,3.176017],[99.513825,3.174072],[99.506885,3.174263],[99.505888,3.175225],[99.502044,3.175432],[99.499396,3.171405],[99.495591,3.170163],[99.494842,3.171695],[99.495588,3.175237],[99.492177,3.17586],[99.490266,3.17478],[99.484795,3.166337],[99.482427,3.164721],[99.481399,3.168631],[99.483679,3.170943],[99.481354,3.174154],[99.484146,3.176789],[99.484834,3.179719],[99.481565,3.184376],[99.479592,3.185032],[99.475769,3.183551],[99.474405,3.180296],[99.46583,3.175209],[99.457723,3.164217],[99.455136,3.162265],[99.44707,3.165479],[99.447369,3.166261],[99.454,3.169449],[99.456622,3.172648],[99.457196,3.175836],[99.458769,3.178259],[99.466608,3.179814],[99.466879,3.180869],[99.465641,3.181895],[99.448766,3.180237],[99.448336,3.178312],[99.443972,3.176021],[99.440761,3.175678],[99.437485,3.171232],[99.437205,3.169408],[99.430119,3.172119],[99.445363,3.180436],[99.44923,3.18601],[99.449688,3.254393],[99.45749,3.263155],[99.464991,3.264258],[99.46546,3.252947],[99.472168,3.248593],[99.474378,3.243316]]],[[[99.502467,3.171087],[99.501921,3.168033],[99.499309,3.166894],[99.498217,3.169436],[99.50101,3.171865],[99.502467,3.171087]]]]}},{"type":"Feature","properties":{"nmkec":"Air Putih","nmkab":"Batu Bara","nmprov":"Sumatera Utara","kdkec":"050","kdkab":"19","kodekab":"1219","idkec":"1219050","index":139},"geometry":{"type":"Polygon","coordinates":[[[99.449661,3.338114],[99.454342,3.333088],[99.469557,3.321658],[99.486521,3.312473],[99.476336,3.314191],[99.471147,3.314019],[99.465415,3.315673],[99.461105,3.313584],[99.456294,3.305372],[99.456074,3.300366],[99.454875,3.298274],[99.450742,3.294023],[99.446852,3.292305],[99.439899,3.292459],[99.431604,3.288576],[99.430659,3.283402],[99.426348,3.276279],[99.422454,3.271748],[99.417365,3.269159],[99.415984,3.261865],[99.408863,3.25588],[99.403976,3.253833],[99.402217,3.256301],[99.39949,3.257503],[99.393302,3.253315],[99.392558,3.248423],[99.389185,3.253588],[99.382659,3.257293],[99.37607,3.249346],[99.370695,3.246185],[99.370582,3.243153],[99.368214,3.237982],[99.361496,3.226963],[99.361061,3.221605],[99.359423,3.21895],[99.356765,3.219364],[99.35254,3.223228],[99.348354,3.231239],[99.350827,3.239458],[99.354192,3.241163],[99.356366,3.246614],[99.345955,3.249554],[99.348131,3.250329],[99.349477,3.252589],[99.349865,3.256724],[99.345601,3.26305],[99.343689,3.26789],[99.346842,3.276254],[99.343899,3.285461],[99.346782,3.29372],[99.34489,3.296809],[99.344818,3.300598],[99.349711,3.303697],[99.352204,3.307657],[99.361394,3.310908],[99.365312,3.317023],[99.366554,3.316348],[99.366272,3.312864],[99.362121,3.308503],[99.359306,3.307874],[99.356723,3.306014],[99.355732,3.302575],[99.356429,3.301229],[99.364029,3.297312],[99.375443,3.304662],[99.390033,3.318004],[99.398893,3.316694],[99.40545,3.320359],[99.407141,3.31904],[99.409395,3.319058],[99.420788,3.328034],[99.429052,3.332419],[99.433046,3.33731],[99.436779,3.338914],[99.443247,3.333745],[99.444872,3.334528],[99.446273,3.339083],[99.449661,3.338114]]]}},{"type":"Feature","properties":{"nmkec":"Padang Bolak Julu","nmkab":"Padang Lawas Utara","nmprov":"Sumatera Utara","kdkec":"020","kdkab":"20","kodekab":"1220","idkec":"1220020","index":140},"geometry":{"type":"Polygon","coordinates":[[[99.463811,1.610207],[99.476323,1.600508],[99.499403,1.596259],[99.499222,1.585393],[99.510042,1.56779],[99.510773,1.564311],[99.516251,1.559243],[99.520302,1.557824],[99.521721,1.556405],[99.52922,1.540593],[99.531255,1.528343],[99.53064,1.51517],[99.528193,1.507328],[99.517631,1.494023],[99.503689,1.503969],[99.496353,1.501497],[99.49588,1.492042],[99.503492,1.453305],[99.519232,1.441472],[99.526752,1.431833],[99.529439,1.426524],[99.533383,1.424997],[99.534477,1.422744],[99.533028,1.419763],[99.533083,1.414506],[99.536559,1.410828],[99.537954,1.406986],[99.537635,1.404879],[99.534836,1.401804],[99.534795,1.40015],[99.538238,1.388407],[99.537205,1.385121],[99.537873,1.381548],[99.564407,1.362684],[99.566062,1.357468],[99.564718,1.34561],[99.556682,1.345902],[99.55252,1.34753],[99.543291,1.348616],[99.53834,1.346201],[99.533746,1.346748],[99.524617,1.357836],[99.519581,1.361993],[99.496754,1.366444],[99.467068,1.373782],[99.460448,1.384721],[99.457236,1.39257],[99.453462,1.396125],[99.450067,1.397602],[99.447504,1.40519],[99.447819,1.407091],[99.440727,1.416612],[99.439949,1.419859],[99.440185,1.427452],[99.444244,1.446783],[99.440788,1.453884],[99.433533,1.460424],[99.432967,1.462142],[99.436683,1.464163],[99.440445,1.469843],[99.439778,1.474425],[99.448323,1.473863],[99.450402,1.475831],[99.449948,1.485703],[99.453598,1.491037],[99.452917,1.499519],[99.456357,1.502226],[99.440219,1.509127],[99.438574,1.510772],[99.437391,1.518625],[99.433741,1.522018],[99.428548,1.523817],[99.420991,1.530912],[99.419384,1.541672],[99.416606,1.548944],[99.404047,1.562833],[99.401926,1.571636],[99.403918,1.574785],[99.409782,1.57727],[99.419037,1.57708],[99.426643,1.574284],[99.432823,1.575945],[99.447302,1.584351],[99.454163,1.592722],[99.454178,1.60338],[99.449399,1.616384],[99.444768,1.619766],[99.437798,1.621503],[99.434967,1.624836],[99.437202,1.646759],[99.440313,1.642766],[99.447886,1.641274],[99.452315,1.638303],[99.461173,1.625465],[99.463811,1.610207]]]}},{"type":"Feature","properties":{"nmkec":"Padang Bolak","nmkab":"Padang Lawas Utara","nmprov":"Sumatera Utara","kdkec":"040","kdkab":"20","kodekab":"1220","idkec":"1220040","index":141},"geometry":{"type":"Polygon","coordinates":[[[99.571772,1.758047],[99.583876,1.750905],[99.593217,1.746872],[99.600771,1.748304],[99.604091,1.747052],[99.602637,1.744621],[99.598363,1.708179],[99.60098,1.696216],[99.602342,1.668336],[99.607553,1.657864],[99.628395,1.644875],[99.633428,1.639483],[99.637234,1.63692],[99.63758,1.613486],[99.635851,1.613207],[99.649165,1.597415],[99.661699,1.58595],[99.672738,1.581064],[99.681364,1.571111],[99.702731,1.564106],[99.714654,1.548151],[99.731316,1.540946],[99.743767,1.539875],[99.745181,1.537526],[99.745895,1.532086],[99.740451,1.528624],[99.733147,1.530218],[99.732681,1.529065],[99.731933,1.526673],[99.732627,1.522678],[99.735246,1.522033],[99.736755,1.516123],[99.732904,1.51193],[99.735212,1.508083],[99.746009,1.510918],[99.754816,1.505188],[99.75548,1.503619],[99.748775,1.494643],[99.720216,1.485237],[99.709815,1.483375],[99.679651,1.496657],[99.6759,1.494465],[99.663864,1.492028],[99.657255,1.493905],[99.639817,1.494481],[99.638143,1.48539],[99.636185,1.485239],[99.630947,1.481927],[99.627285,1.472512],[99.627012,1.469355],[99.613752,1.449663],[99.613868,1.446903],[99.618118,1.445182],[99.619131,1.443728],[99.618818,1.431286],[99.608572,1.42601],[99.604644,1.426258],[99.599341,1.424958],[99.570988,1.423975],[99.569959,1.424309],[99.566375,1.430753],[99.559084,1.434729],[99.555703,1.44495],[99.550914,1.451291],[99.556874,1.458051],[99.549783,1.462858],[99.544428,1.473547],[99.54525,1.481773],[99.544376,1.486554],[99.517631,1.494023],[99.528193,1.507328],[99.53064,1.51517],[99.531255,1.528343],[99.530441,1.534511],[99.527397,1.545661],[99.521721,1.556405],[99.520302,1.557824],[99.516251,1.559243],[99.510773,1.564311],[99.510042,1.56779],[99.499222,1.585393],[99.499403,1.596259],[99.476323,1.600508],[99.463811,1.610207],[99.461173,1.625465],[99.452315,1.638303],[99.447886,1.641274],[99.440313,1.642766],[99.437202,1.646759],[99.435333,1.654295],[99.437195,1.660036],[99.442205,1.666466],[99.463019,1.669886],[99.468085,1.673264],[99.480498,1.701577],[99.48808,1.707488],[99.492963,1.708581],[99.497029,1.706856],[99.499897,1.703827],[99.50285,1.70254],[99.509841,1.702901],[99.518893,1.706666],[99.52234,1.710791],[99.528836,1.709923],[99.532343,1.707845],[99.535432,1.707386],[99.54694,1.713094],[99.550432,1.716402],[99.550381,1.725357],[99.55197,1.726194],[99.553679,1.729898],[99.551158,1.734786],[99.553187,1.743568],[99.556903,1.748542],[99.564123,1.755118],[99.565484,1.759042],[99.571772,1.758047]]]}},{"type":"Feature","properties":{"nmkec":"Dolok","nmkab":"Padang Lawas Utara","nmprov":"Sumatera Utara","kdkec":"070","kdkab":"20","kodekab":"1220","idkec":"1220070","index":142},"geometry":{"type":"Polygon","coordinates":[[[99.651622,1.907959],[99.670817,1.901164],[99.682561,1.898228],[99.711575,1.900522],[99.721347,1.902173],[99.72805,1.900679],[99.741791,1.892197],[99.746222,1.886936],[99.753353,1.885349],[99.774676,1.860174],[99.784681,1.858888],[99.788208,1.859829],[99.816332,1.857572],[99.81719,1.856087],[99.8397,1.852713],[99.839175,1.850001],[99.841234,1.847137],[99.845338,1.844963],[99.84775,1.835363],[99.844358,1.832549],[99.834876,1.827644],[99.832418,1.818456],[99.836205,1.810724],[99.837829,1.802366],[99.840493,1.801052],[99.834412,1.79904],[99.827469,1.798951],[99.820175,1.804544],[99.814347,1.807056],[99.803894,1.805625],[99.789315,1.810135],[99.785065,1.808257],[99.78051,1.808538],[99.766739,1.81837],[99.763433,1.818973],[99.759811,1.822123],[99.759422,1.825932],[99.757179,1.827494],[99.743912,1.829252],[99.727921,1.828345],[99.706131,1.81894],[99.697098,1.808477],[99.695769,1.802556],[99.697624,1.790671],[99.699608,1.786409],[99.701343,1.784797],[99.702542,1.774146],[99.701563,1.76517],[99.706391,1.759179],[99.714529,1.753115],[99.718804,1.747372],[99.720574,1.741733],[99.723656,1.738308],[99.731651,1.732753],[99.733475,1.727833],[99.733017,1.724727],[99.735029,1.723478],[99.730197,1.717481],[99.705034,1.71786],[99.69778,1.720366],[99.673613,1.72374],[99.670134,1.725332],[99.632955,1.72986],[99.622908,1.73467],[99.61962,1.740358],[99.610241,1.745198],[99.601601,1.748304],[99.593217,1.746872],[99.583876,1.750905],[99.573928,1.757383],[99.568047,1.759148],[99.565481,1.759034],[99.565657,1.779093],[99.570766,1.808659],[99.570254,1.814899],[99.567041,1.826548],[99.562289,1.833677],[99.554492,1.85304],[99.544861,1.861304],[99.544053,1.864063],[99.545106,1.865209],[99.551381,1.866717],[99.559901,1.8719],[99.558681,1.884955],[99.56089,1.888154],[99.565302,1.890741],[99.59407,1.888107],[99.600462,1.886025],[99.606012,1.885542],[99.608522,1.886503],[99.612077,1.889629],[99.613784,1.893467],[99.615652,1.907228],[99.604604,1.913111],[99.605672,1.913835],[99.621749,1.917933],[99.640872,1.91337],[99.651622,1.907959]]]}},{"type":"Feature","properties":{"nmkec":"Dolok Sigompulon","nmkab":"Padang Lawas Utara","nmprov":"Sumatera Utara","kdkec":"080","kdkab":"20","kodekab":"1220","idkec":"1220080","index":143},"geometry":{"type":"Polygon","coordinates":[[[99.635532,2.042244],[99.637349,2.041618],[99.640304,2.036627],[99.654892,2.02914],[99.657616,2.03126],[99.661896,2.038041],[99.665017,2.037919],[99.668257,2.035987],[99.682781,2.037067],[99.683501,2.036463],[99.679055,2.015031],[99.689788,2.003196],[99.690208,2.001715],[99.687515,1.995214],[99.687989,1.988337],[99.690383,1.974987],[99.693781,1.970716],[99.693396,1.962557],[99.689324,1.956899],[99.687947,1.953319],[99.688476,1.946987],[99.690795,1.942359],[99.693863,1.938779],[99.695658,1.938531],[99.709468,1.94818],[99.720282,1.963498],[99.726875,1.969554],[99.737761,1.976623],[99.759537,1.997453],[99.767757,1.99998],[99.779771,2.005605],[99.805864,2.006257],[99.821298,2.005123],[99.823733,1.990041],[99.831046,1.990619],[99.837909,1.988798],[99.844185,1.988697],[99.846909,1.992816],[99.851777,1.993576],[99.852861,1.988898],[99.852205,1.982944],[99.849609,1.978417],[99.840891,1.970297],[99.833026,1.941792],[99.83152,1.932911],[99.833159,1.926979],[99.832379,1.922351],[99.827702,1.912513],[99.828902,1.910025],[99.832175,1.907915],[99.833039,1.905106],[99.827349,1.894124],[99.822619,1.874075],[99.823679,1.869866],[99.826185,1.868484],[99.831535,1.868116],[99.836259,1.863003],[99.836327,1.859309],[99.837461,1.857231],[99.841416,1.857313],[99.8397,1.852713],[99.81719,1.856087],[99.816332,1.857572],[99.788208,1.859829],[99.784681,1.858888],[99.774676,1.860174],[99.753353,1.885349],[99.746222,1.886936],[99.741791,1.892197],[99.72805,1.900679],[99.721347,1.902173],[99.711575,1.900522],[99.682561,1.898228],[99.654706,1.906546],[99.640872,1.91337],[99.625761,1.917195],[99.61975,1.917592],[99.604604,1.913111],[99.599546,1.91395],[99.598467,1.916929],[99.601828,1.924032],[99.600313,1.935682],[99.59828,1.943033],[99.599974,1.946653],[99.603594,1.947104],[99.611955,1.951341],[99.614616,1.95515],[99.618843,1.956708],[99.62331,1.956197],[99.62984,1.958672],[99.633587,1.963875],[99.625391,1.967772],[99.61487,1.969751],[99.608564,1.972773],[99.604712,1.972147],[99.602804,1.973341],[99.602225,1.975981],[99.599368,1.980185],[99.582674,2.000708],[99.587259,2.011236],[99.588351,2.016213],[99.59146,2.01457],[99.597542,2.006728],[99.597679,2.003605],[99.606462,1.997583],[99.61412,1.9957],[99.624672,1.997018],[99.626823,1.999427],[99.627098,2.001328],[99.623426,2.01504],[99.622508,2.035163],[99.623915,2.041261],[99.635532,2.042244]]]}},{"type":"Feature","properties":{"nmkec":"Hulu Sihapas","nmkab":"Padang Lawas Utara","nmprov":"Sumatera Utara","kdkec":"090","kdkab":"20","kodekab":"1220","idkec":"1220090","index":144},"geometry":{"type":"Polygon","coordinates":[[[99.420169,1.532609],[99.428548,1.523817],[99.433741,1.522018],[99.437391,1.518625],[99.438574,1.510772],[99.440219,1.509127],[99.456357,1.502226],[99.452917,1.499519],[99.453598,1.491037],[99.449948,1.485703],[99.450402,1.475831],[99.448323,1.473863],[99.439778,1.474425],[99.434226,1.479438],[99.427612,1.479582],[99.418386,1.476034],[99.420097,1.473297],[99.424397,1.469536],[99.42839,1.463395],[99.432967,1.462142],[99.433533,1.460424],[99.439728,1.455172],[99.444244,1.446783],[99.440185,1.427452],[99.439949,1.419859],[99.441391,1.415092],[99.445791,1.410817],[99.447819,1.407091],[99.447504,1.40519],[99.450067,1.397602],[99.441926,1.394598],[99.436747,1.39876],[99.425778,1.403667],[99.423223,1.403511],[99.419774,1.399931],[99.418061,1.401535],[99.416564,1.405451],[99.418456,1.407664],[99.419929,1.420098],[99.419793,1.422038],[99.417904,1.423758],[99.420428,1.428662],[99.415984,1.437849],[99.410393,1.445491],[99.406963,1.451994],[99.405256,1.457325],[99.404154,1.467348],[99.399888,1.470902],[99.395871,1.476268],[99.394251,1.481524],[99.394555,1.488814],[99.396973,1.500115],[99.400912,1.505439],[99.406892,1.510564],[99.410033,1.518383],[99.411682,1.527112],[99.413409,1.528791],[99.419384,1.541672],[99.420169,1.532609]]]}},{"type":"Feature","properties":{"nmkec":"Sosopan","nmkab":"Padang Lawas","nmprov":"Sumatera Utara","kdkec":"010","kdkab":"21","kodekab":"1221","idkec":"1221010","index":145},"geometry":{"type":"Polygon","coordinates":[[[99.628935,1.322323],[99.63765,1.307748],[99.643023,1.30746],[99.661395,1.281733],[99.664696,1.272668],[99.665471,1.259451],[99.667332,1.248876],[99.658666,1.242708],[99.65617,1.23933],[99.646331,1.230835],[99.640482,1.228611],[99.634879,1.217816],[99.597166,1.183292],[99.583308,1.171835],[99.635211,1.12583],[99.618658,1.110099],[99.60118,1.102203],[99.597189,1.102792],[99.593525,1.101222],[99.578345,1.086173],[99.572588,1.081986],[99.561246,1.069048],[99.547905,1.070093],[99.5463,1.071456],[99.546402,1.077615],[99.545027,1.08707],[99.542716,1.092953],[99.538724,1.097469],[99.526703,1.107176],[99.522572,1.115652],[99.513862,1.129482],[99.509765,1.132873],[99.503294,1.134249],[99.50477,1.134737],[99.506231,1.137297],[99.495329,1.140223],[99.487383,1.143549],[99.452116,1.174093],[99.445646,1.177702],[99.437674,1.180391],[99.434572,1.183203],[99.431616,1.188581],[99.428831,1.206587],[99.422377,1.216047],[99.422094,1.227087],[99.426191,1.231807],[99.461235,1.2396],[99.464951,1.244023],[99.469232,1.253981],[99.472964,1.259217],[99.477601,1.262225],[99.48671,1.263304],[99.49414,1.262597],[99.502632,1.263127],[99.510239,1.264896],[99.531998,1.273387],[99.534118,1.27551],[99.535179,1.278517],[99.538536,1.281701],[99.54261,1.282409],[99.552513,1.279578],[99.562416,1.279401],[99.56401,1.280286],[99.567375,1.285947],[99.570022,1.294968],[99.573212,1.300098],[99.578514,1.30452],[99.583999,1.306112],[99.596207,1.305582],[99.598328,1.306112],[99.604698,1.312127],[99.61,1.314426],[99.617759,1.315603],[99.625183,1.315206],[99.626732,1.316],[99.628647,1.3191],[99.628935,1.322323]]]}},{"type":"Feature","properties":{"nmkec":"Sosa","nmkab":"Padang Lawas","nmprov":"Sumatera Utara","kdkec":"050","kdkab":"21","kodekab":"1221","idkec":"1221050","index":146},"geometry":{"type":"Polygon","coordinates":[[[99.9892,1.12658],[99.9938,1.126545],[99.99245,1.118372],[99.992718,1.108186],[99.994862,1.100849],[99.995767,1.079305],[99.997359,1.074548],[99.999799,1.059575],[99.999557,1.053182],[99.997324,1.051465],[99.996794,1.048794],[99.998462,1.048238],[99.999231,1.046308],[99.99802,1.045122],[99.994127,1.046733],[99.993023,1.045146],[99.992451,1.04257],[99.993105,1.039741],[99.98763,1.029796],[99.984222,1.025649],[99.983207,1.018137],[99.977779,0.999106],[99.978986,0.99388],[99.982604,0.986777],[100.002975,0.985302],[100.008335,0.989055],[100.018359,0.990704],[100.015625,0.989123],[100.014666,0.987392],[100.014596,0.973243],[100.002225,0.971872],[99.99994,0.966419],[99.999646,0.961335],[100.001119,0.957282],[99.999771,0.955729],[99.996587,0.957009],[99.992432,0.953983],[99.994395,0.952838],[99.992481,0.946966],[99.984905,0.943316],[99.977315,0.944461],[99.968963,0.94394],[99.959718,0.939851],[99.955727,0.924868],[99.950689,0.925261],[99.950689,0.922971],[99.955466,0.907726],[99.950199,0.901347],[99.944408,0.900464],[99.936655,0.896014],[99.930309,0.894281],[99.927136,0.890682],[99.919906,0.889733],[99.902383,0.890056],[99.900548,0.891027],[99.9008,0.893132],[99.898373,0.895995],[99.892116,0.897043],[99.884222,0.900959],[99.879244,0.905308],[99.869881,0.907305],[99.865276,0.906044],[99.863031,0.902607],[99.85696,0.896699],[99.840669,0.892918],[99.834038,0.886681],[99.830721,0.879488],[99.833588,0.869253],[99.840819,0.853061],[99.841562,0.848587],[99.841515,0.833891],[99.837611,0.822193],[99.835618,0.822895],[99.834833,0.826849],[99.817964,0.838785],[99.813775,0.846147],[99.812257,0.8476],[99.805656,0.84996],[99.801156,0.856363],[99.79902,0.857753],[99.79075,0.85418],[99.782861,0.85776],[99.769715,0.859192],[99.766934,0.861304],[99.762246,0.863032],[99.748116,0.865058],[99.74469,0.867561],[99.743317,0.869232],[99.742836,0.873377],[99.733048,0.884718],[99.732849,0.88683],[99.734771,0.890728],[99.733072,0.893308],[99.769052,0.967065],[99.773172,0.972893],[99.773164,0.975865],[99.776332,0.978739],[99.780541,0.984752],[99.778015,0.997899],[99.774896,1.007064],[99.771453,1.011184],[99.792515,1.018752],[99.794552,1.028936],[99.793103,1.03582],[99.79711,1.045878],[99.798311,1.058293],[99.80473,1.064865],[99.811864,1.0806],[99.818796,1.091069],[99.871633,1.112797],[99.923013,1.135996],[99.940619,1.146595],[99.94377,1.150691],[99.966494,1.142553],[99.973331,1.141381],[99.9892,1.12658]]]}},{"type":"Feature","properties":{"nmkec":"Batang Lubu Sutam","nmkab":"Padang Lawas","nmprov":"Sumatera Utara","kdkec":"060","kdkab":"21","kodekab":"1221","idkec":"1221060","index":147},"geometry":{"type":"Polygon","coordinates":[[[100.091279,0.952789],[100.093902,0.949808],[100.095187,0.946277],[100.097714,0.944567],[100.107921,0.945875],[100.116688,0.945548],[100.118782,0.940968],[100.118193,0.937566],[100.114856,0.93135],[100.111193,0.92821],[100.127686,0.922695],[100.135433,0.922884],[100.134715,0.917882],[100.132431,0.912076],[100.132819,0.9085],[100.138237,0.901965],[100.142769,0.883581],[100.141563,0.881652],[100.137186,0.881303],[100.134075,0.866178],[100.13786,0.844187],[100.129008,0.843612],[100.128168,0.847395],[100.123879,0.846905],[100.12291,0.84013],[100.11924,0.833708],[100.120018,0.826279],[100.12426,0.816488],[100.143471,0.795076],[100.158958,0.783076],[100.165451,0.77928],[100.178617,0.76438],[100.16971,0.764723],[100.135989,0.775538],[100.119746,0.785892],[100.074385,0.801213],[100.06215,0.80812],[100.034697,0.82734],[100.003113,0.843294],[99.995168,0.842145],[99.985906,0.844546],[99.974485,0.849229],[99.972581,0.848911],[99.967505,0.85072],[99.960844,0.859977],[99.961037,0.864773],[99.95948,0.868893],[99.951686,0.879334],[99.948237,0.880925],[99.941052,0.882734],[99.909892,0.887042],[99.902383,0.890056],[99.919906,0.889733],[99.927136,0.890682],[99.930309,0.894281],[99.936655,0.896014],[99.944408,0.900464],[99.950199,0.901347],[99.955466,0.907726],[99.950689,0.922971],[99.950689,0.925261],[99.955727,0.924868],[99.959718,0.939851],[99.968963,0.94394],[99.977315,0.944461],[99.983498,0.943283],[99.986443,0.943708],[99.993332,0.947915],[99.994395,0.952838],[99.992432,0.953983],[99.996587,0.957009],[99.999771,0.955729],[100.006702,0.94831],[100.009829,0.941746],[100.014913,0.935704],[100.02442,0.928187],[100.026115,0.92804],[100.028767,0.929735],[100.035842,0.92804],[100.037942,0.929436],[100.037502,0.932048],[100.035621,0.932093],[100.032856,0.934221],[100.032862,0.936525],[100.035179,0.939757],[100.038513,0.947513],[100.038504,0.949539],[100.047015,0.951225],[100.04996,0.947648],[100.059204,0.95255],[100.065404,0.957082],[100.070055,0.959109],[100.076494,0.960063],[100.080667,0.959943],[100.091279,0.952789]]]}},{"type":"Feature","properties":{"nmkec":"Huta Raja Tinggi","nmkab":"Padang Lawas","nmprov":"Sumatera Utara","kdkec":"070","kdkab":"21","kodekab":"1221","idkec":"1221070","index":148},"geometry":{"type":"Polygon","coordinates":[[[100.093435,1.270674],[100.102832,1.270058],[100.109712,1.266582],[100.116756,1.251682],[100.117125,1.238785],[100.115161,1.213092],[100.119344,1.203298],[100.127255,1.193611],[100.134051,1.18324],[100.139751,1.177175],[100.143412,1.175136],[100.159749,1.173048],[100.163408,1.171932],[100.166083,1.169798],[100.165381,1.167256],[100.162933,1.164735],[100.161004,1.158223],[100.161936,1.141563],[100.166623,1.137524],[100.172439,1.135568],[100.17733,1.127178],[100.183334,1.125308],[100.183991,1.124251],[100.183082,1.121296],[100.179527,1.117821],[100.175229,1.119272],[100.170428,1.122705],[100.161988,1.118167],[100.154162,1.12001],[100.150799,1.120034],[100.14817,1.118786],[100.13921,1.111086],[100.135844,1.109112],[100.130399,1.107881],[100.125741,1.101986],[100.119189,1.097625],[100.116565,1.089988],[100.114059,1.068673],[100.116733,1.061943],[100.119501,1.061203],[100.121396,1.062637],[100.123467,1.061594],[100.126324,1.059815],[100.129806,1.054904],[100.135857,1.058703],[100.137657,1.061052],[100.140205,1.060752],[100.141304,1.058103],[100.141121,1.050014],[100.138717,1.039177],[100.139992,1.029994],[100.144493,1.019427],[100.149384,1.012198],[100.158592,1.00915],[100.160971,1.006228],[100.160608,0.99962],[100.159111,0.99503],[100.149633,0.989921],[100.145911,0.988911],[100.139701,0.984146],[100.140736,0.979018],[100.146989,0.97324],[100.148794,0.967131],[100.144947,0.952481],[100.150983,0.935906],[100.141601,0.933499],[100.135792,0.925379],[100.135433,0.922884],[100.133861,0.922695],[100.127686,0.922695],[100.111193,0.92821],[100.114856,0.93135],[100.118193,0.937566],[100.118782,0.940968],[100.116688,0.945548],[100.107921,0.945875],[100.097714,0.944567],[100.095187,0.946277],[100.093902,0.949808],[100.091279,0.952789],[100.080667,0.959943],[100.070055,0.959109],[100.04996,0.947648],[100.047015,0.951225],[100.038504,0.949539],[100.038513,0.947513],[100.035179,0.939757],[100.032862,0.936525],[100.032856,0.934221],[100.035621,0.932093],[100.037615,0.931933],[100.037942,0.929436],[100.035842,0.92804],[100.028767,0.929735],[100.026115,0.92804],[100.02442,0.928187],[100.02103,0.930545],[100.014913,0.935704],[100.009829,0.941746],[100.006702,0.94831],[100.000493,0.95415],[99.999771,0.955729],[100.001119,0.957282],[99.999646,0.961335],[100.000972,0.969625],[100.002225,0.971872],[100.014596,0.973243],[100.014666,0.987392],[100.015625,0.989123],[100.018359,0.990704],[100.008335,0.989055],[100.002975,0.985302],[99.982604,0.986777],[99.978986,0.99388],[99.977779,0.999106],[99.983207,1.018137],[99.984222,1.025649],[99.98763,1.029796],[99.993105,1.039741],[99.992451,1.04257],[99.993023,1.045146],[99.994127,1.046733],[99.99802,1.045122],[99.999198,1.046022],[99.998462,1.048238],[99.996794,1.048794],[99.997324,1.051465],[99.999557,1.053182],[99.999799,1.059575],[99.997359,1.074548],[99.995767,1.079305],[99.994862,1.100849],[99.992718,1.108186],[99.99245,1.118372],[99.9938,1.126545],[99.9892,1.12658],[99.973331,1.141381],[99.966494,1.142553],[99.94329,1.150867],[99.946432,1.155955],[99.901396,1.215104],[99.888261,1.257379],[99.953663,1.280567],[99.963551,1.245069],[99.974455,1.226274],[99.989787,1.219978],[100.017832,1.229769],[100.046931,1.250398],[100.072297,1.279557],[100.077324,1.288836],[100.081482,1.282103],[100.093435,1.270674]]]}},{"type":"Feature","properties":{"nmkec":"Sungai Kanan","nmkab":"Labuhan Batu Selatan","nmprov":"Sumatera Utara","kdkec":"010","kdkab":"22","kodekab":"1222","idkec":"1222010","index":149},"geometry":{"type":"Polygon","coordinates":[[[99.756721,1.827494],[99.759422,1.825932],[99.759811,1.822123],[99.763433,1.818973],[99.766739,1.81837],[99.78051,1.808538],[99.785065,1.808257],[99.789315,1.810135],[99.803894,1.805625],[99.813706,1.807182],[99.820175,1.804544],[99.827469,1.798951],[99.831956,1.798717],[99.840493,1.801052],[99.841561,1.800527],[99.852909,1.805853],[99.862847,1.805288],[99.866717,1.807143],[99.869639,1.807143],[99.87544,1.804393],[99.878865,1.799295],[99.883692,1.796072],[99.890637,1.793618],[99.893586,1.790859],[99.898093,1.801002],[99.899993,1.799795],[99.925643,1.797188],[99.927385,1.787038],[99.933826,1.787009],[99.936492,1.791546],[99.938919,1.799692],[99.946312,1.80906],[99.953067,1.809719],[99.952019,1.804828],[99.952786,1.801755],[99.955392,1.799815],[99.959225,1.799019],[99.959239,1.810926],[99.962602,1.818266],[99.965519,1.816286],[99.980605,1.816437],[100.002952,1.798451],[100.01121,1.802129],[100.013027,1.793369],[100.014656,1.776808],[100.026901,1.787827],[100.03535,1.782587],[100.036286,1.772281],[100.040516,1.768378],[100.044062,1.767985],[100.044461,1.763491],[100.040818,1.761095],[100.039394,1.754694],[100.028751,1.754746],[100.029988,1.74641],[100.032816,1.737734],[100.043249,1.721626],[100.037685,1.718996],[100.034967,1.713763],[100.038837,1.701025],[100.022387,1.6768],[100.010305,1.66771],[100.00286,1.657587],[100.002127,1.651958],[99.993776,1.640262],[99.994381,1.636961],[99.993351,1.636225],[99.964743,1.635522],[99.960133,1.638718],[99.950918,1.649999],[99.944849,1.665244],[99.941256,1.667434],[99.938451,1.675682],[99.923873,1.698621],[99.912717,1.71087],[99.910373,1.715402],[99.90494,1.716922],[99.895962,1.714114],[99.893138,1.712879],[99.892316,1.708291],[99.894163,1.707108],[99.89476,1.704338],[99.894684,1.695445],[99.891774,1.692634],[99.884072,1.689062],[99.8629,1.662527],[99.851539,1.643102],[99.846275,1.636972],[99.840134,1.643272],[99.829399,1.650444],[99.825251,1.655644],[99.821364,1.665086],[99.816617,1.67298],[99.809761,1.673438],[99.799865,1.679307],[99.79676,1.682761],[99.788177,1.686381],[99.771393,1.696553],[99.767696,1.706716],[99.765266,1.710535],[99.761434,1.71287],[99.733467,1.724116],[99.733322,1.728573],[99.731651,1.732753],[99.723656,1.738308],[99.720574,1.741733],[99.718804,1.747372],[99.714529,1.753115],[99.706391,1.759179],[99.701909,1.764415],[99.702542,1.774146],[99.701343,1.784797],[99.699608,1.786409],[99.697624,1.790671],[99.695769,1.802556],[99.697098,1.808477],[99.705144,1.817954],[99.709274,1.820555],[99.727921,1.828345],[99.743912,1.829252],[99.756721,1.827494]]]}},{"type":"Feature","properties":{"nmkec":"Aek Natas","nmkab":"Labuhan Batu Utara","nmprov":"Sumatera Utara","kdkec":"040","kdkab":"23","kodekab":"1223","idkec":"1223040","index":150},"geometry":{"type":"Polygon","coordinates":[[[99.865017,2.488589],[99.868452,2.486037],[99.86969,2.487365],[99.889344,2.474893],[99.889439,2.454426],[99.845384,2.453513],[99.843993,2.452526],[99.837589,2.458025],[99.833756,2.458898],[99.822597,2.456165],[99.831347,2.434607],[99.813567,2.434307],[99.812911,2.438235],[99.804267,2.432906],[99.797897,2.43409],[99.791666,2.431859],[99.767943,2.413242],[99.760577,2.402951],[99.756228,2.391763],[99.759814,2.390147],[99.761869,2.385753],[99.76639,2.381331],[99.759128,2.376737],[99.757915,2.367387],[99.771473,2.353837],[99.775042,2.334978],[99.779505,2.330336],[99.768269,2.324245],[99.752499,2.320494],[99.747773,2.316668],[99.73628,2.323457],[99.73194,2.317418],[99.716885,2.309722],[99.714901,2.310528],[99.717711,2.333528],[99.717504,2.339596],[99.711729,2.338073],[99.706097,2.330541],[99.685948,2.333279],[99.684134,2.331451],[99.695352,2.320933],[99.685249,2.308556],[99.683629,2.2899],[99.649656,2.279495],[99.646192,2.276282],[99.625867,2.263871],[99.595207,2.216259],[99.59066,2.212767],[99.581237,2.200284],[99.58026,2.19953],[99.574401,2.200967],[99.568995,2.207387],[99.560206,2.206333],[99.555773,2.201427],[99.554012,2.195128],[99.538985,2.183883],[99.535303,2.182299],[99.459911,2.126133],[99.435187,2.124099],[99.42335,2.133853],[99.419168,2.135886],[99.406749,2.150324],[99.398291,2.156642],[99.394083,2.165707],[99.403654,2.174975],[99.414077,2.19093],[99.417513,2.198451],[99.415844,2.211243],[99.417254,2.212956],[99.422896,2.215172],[99.435037,2.216959],[99.448474,2.222107],[99.473349,2.233659],[99.47649,2.239652],[99.480453,2.24247],[99.487577,2.242635],[99.49049,2.241444],[99.49584,2.241444],[99.501453,2.24705],[99.504263,2.247112],[99.509765,2.244041],[99.52249,2.241265],[99.525498,2.241728],[99.526195,2.243741],[99.528737,2.245892],[99.538675,2.24969],[99.541546,2.256647],[99.541057,2.260759],[99.541867,2.262643],[99.546041,2.263025],[99.548716,2.26207],[99.549862,2.262898],[99.551072,2.26767],[99.551182,2.27244],[99.54699,2.27431],[99.544678,2.288464],[99.547514,2.301425],[99.549536,2.306278],[99.55347,2.308823],[99.55694,2.308592],[99.559805,2.303816],[99.577366,2.307262],[99.581471,2.309598],[99.585238,2.314425],[99.583379,2.318216],[99.583676,2.326127],[99.583065,2.327454],[99.572982,2.330031],[99.60031,2.351235],[99.6162,2.359726],[99.617605,2.363593],[99.616071,2.366352],[99.619137,2.370688],[99.622283,2.371105],[99.631512,2.376049],[99.633277,2.376049],[99.638277,2.370054],[99.644986,2.367293],[99.649448,2.36739],[99.649673,2.376057],[99.65419,2.382149],[99.653461,2.388962],[99.656531,2.395109],[99.658039,2.399671],[99.657947,2.402733],[99.661655,2.412107],[99.662863,2.411509],[99.66448,2.412219],[99.666338,2.416223],[99.665146,2.420044],[99.669592,2.424738],[99.67413,2.424437],[99.681956,2.431086],[99.695057,2.448308],[99.698767,2.449655],[99.70583,2.454533],[99.709108,2.454055],[99.715272,2.450267],[99.723778,2.442498],[99.73137,2.439754],[99.740343,2.438598],[99.745366,2.440604],[99.746442,2.443975],[99.756666,2.453316],[99.763792,2.456783],[99.764049,2.46025],[99.762444,2.462112],[99.762251,2.463845],[99.76559,2.475081],[99.766746,2.481244],[99.766308,2.483618],[99.780353,2.486626],[99.791411,2.480835],[99.79987,2.480032],[99.801684,2.478604],[99.802727,2.474078],[99.805022,2.473933],[99.809837,2.476485],[99.814861,2.477529],[99.824042,2.474367],[99.826584,2.479302],[99.828887,2.481688],[99.832065,2.482249],[99.833173,2.481238],[99.842707,2.480163],[99.856591,2.485331],[99.858115,2.487402],[99.86139,2.488477],[99.865017,2.488589]]]}},{"type":"Feature","properties":{"nmkec":"Kualuh Selatan","nmkab":"Labuhan Batu Utara","nmprov":"Sumatera Utara","kdkec":"050","kdkab":"23","kodekab":"1223","idkec":"1223050","index":151},"geometry":{"type":"MultiPolygon","coordinates":[[[[99.747627,2.55137],[99.747863,2.549569],[99.750584,2.546383],[99.758198,2.54615],[99.763547,2.542623],[99.779814,2.543791],[99.786365,2.54664],[99.790231,2.547002],[99.797132,2.545496],[99.80387,2.54016],[99.811092,2.536159],[99.822355,2.527079],[99.82542,2.528748],[99.828374,2.531926],[99.832675,2.532664],[99.84827,2.532269],[99.851749,2.533018],[99.851199,2.536806],[99.856185,2.538093],[99.862737,2.537106],[99.863974,2.512826],[99.869656,2.51289],[99.86972,2.507465],[99.866446,2.507433],[99.869431,2.486679],[99.86797,2.486134],[99.865017,2.488589],[99.86139,2.488477],[99.848726,2.481944],[99.84131,2.47997],[99.833173,2.481238],[99.832065,2.482249],[99.828887,2.481688],[99.826584,2.479302],[99.824042,2.474367],[99.814861,2.477529],[99.809837,2.476485],[99.805022,2.473933],[99.802727,2.474078],[99.801684,2.478604],[99.79987,2.480032],[99.791411,2.480835],[99.780353,2.486626],[99.766308,2.483618],[99.766746,2.481244],[99.76559,2.475081],[99.762251,2.463845],[99.762444,2.462112],[99.764049,2.46025],[99.763792,2.456783],[99.756666,2.453316],[99.753703,2.450846],[99.746442,2.443975],[99.74474,2.440171],[99.73946,2.438566],[99.728818,2.44054],[99.72227,2.443301],[99.712479,2.452225],[99.709108,2.454055],[99.70583,2.454533],[99.698767,2.449655],[99.695057,2.448308],[99.681956,2.431086],[99.67836,2.427909],[99.67413,2.424437],[99.669592,2.424738],[99.667537,2.422933],[99.665146,2.420044],[99.666402,2.41642],[99.664785,2.412692],[99.662863,2.411509],[99.661655,2.412107],[99.658697,2.405032],[99.657454,2.400755],[99.658039,2.399671],[99.653461,2.388962],[99.65419,2.382149],[99.649673,2.376057],[99.649031,2.367101],[99.644986,2.367293],[99.638277,2.370054],[99.633277,2.376049],[99.631512,2.376049],[99.622283,2.371105],[99.619137,2.370688],[99.616071,2.366352],[99.617605,2.363593],[99.6162,2.359726],[99.60031,2.351235],[99.572947,2.33],[99.558759,2.332953],[99.55273,2.335739],[99.554531,2.34122],[99.550271,2.337537],[99.538202,2.341221],[99.531113,2.345401],[99.530442,2.356472],[99.526407,2.360558],[99.520593,2.357506],[99.519165,2.359794],[99.521108,2.363882],[99.519977,2.365505],[99.517923,2.36525],[99.51692,2.370389],[99.517971,2.375002],[99.5218,2.37785],[99.522612,2.381174],[99.523228,2.393368],[99.524814,2.401689],[99.526445,2.404588],[99.526972,2.412043],[99.526122,2.415906],[99.527553,2.4234],[99.527268,2.429184],[99.526042,2.43273],[99.52192,2.436384],[99.521276,2.440615],[99.522317,2.445896],[99.527062,2.448487],[99.527971,2.450259],[99.523392,2.45762],[99.523249,2.459957],[99.526335,2.464327],[99.524819,2.467805],[99.516079,2.473584],[99.51508,2.475938],[99.517934,2.479612],[99.520056,2.47683],[99.520913,2.476901],[99.520556,2.481235],[99.51797,2.485017],[99.516757,2.490635],[99.517845,2.492436],[99.520039,2.492329],[99.526567,2.495914],[99.525568,2.500695],[99.527851,2.502371],[99.533273,2.514535],[99.533551,2.529591],[99.534736,2.532122],[99.539036,2.532575],[99.544831,2.527841],[99.549254,2.5328],[99.549219,2.540969],[99.551327,2.543528],[99.552565,2.540417],[99.560895,2.538419],[99.5728,2.539463],[99.577253,2.541553],[99.589176,2.541762],[99.590478,2.541013],[99.592066,2.536447],[99.593564,2.535912],[99.601198,2.536608],[99.603492,2.535214],[99.610669,2.538745],[99.612576,2.536627],[99.618552,2.534967],[99.622708,2.529768],[99.626775,2.527806],[99.628202,2.529411],[99.638758,2.532208],[99.641136,2.533735],[99.643719,2.533317],[99.645784,2.531305],[99.649923,2.529832],[99.656113,2.530764],[99.662245,2.533519],[99.671543,2.530111],[99.67521,2.525868],[99.690089,2.519877],[99.699072,2.519262],[99.699045,2.540715],[99.71168,2.527763],[99.718089,2.522898],[99.731166,2.5218],[99.743866,2.519239],[99.74786,2.517619],[99.752591,2.517724],[99.761706,2.511411],[99.783445,2.514552],[99.797024,2.520177],[99.797473,2.540357],[99.792695,2.544071],[99.787409,2.544289],[99.779838,2.54105],[99.765613,2.539621],[99.761456,2.540054],[99.748732,2.543384],[99.744904,2.548201],[99.741345,2.54952],[99.741783,2.552281],[99.747627,2.55137]]],[[[99.769183,2.536458],[99.76879,2.535575],[99.760535,2.536159],[99.765659,2.539355],[99.769183,2.536458]]],[[[99.757849,2.536382],[99.75275,2.536025],[99.752743,2.538449],[99.756615,2.538319],[99.757849,2.536382]]]]}},{"type":"Feature","properties":{"nmkec":"Kualuh Hilir","nmkab":"Labuhan Batu Utara","nmprov":"Sumatera Utara","kdkec":"060","kdkab":"23","kodekab":"1223","idkec":"1223060","index":152},"geometry":{"type":"Polygon","coordinates":[[[100.078078,2.723383],[100.071332,2.710217],[100.06399,2.69207],[100.062208,2.684431],[100.073585,2.677152],[100.068045,2.673581],[100.066224,2.667207],[100.067539,2.665715],[100.067646,2.661461],[100.054803,2.641206],[100.064707,2.632485],[100.066666,2.607408],[100.069624,2.585874],[100.063654,2.57965],[100.063457,2.564635],[100.067364,2.563645],[100.068401,2.556744],[100.0738,2.553619],[100.074701,2.545024],[100.072102,2.545971],[100.070427,2.53823],[100.066147,2.532748],[100.058406,2.525654],[100.051538,2.503316],[100.040848,2.503536],[100.02169,2.492877],[100.030625,2.47746],[100.02251,2.476507],[100.022341,2.474929],[99.982955,2.474914],[99.983163,2.427327],[99.956134,2.426293],[99.952122,2.429987],[99.951936,2.431174],[99.956267,2.434387],[99.960485,2.433264],[99.958354,2.436866],[99.961224,2.441627],[99.96197,2.44736],[99.960681,2.448465],[99.957027,2.448229],[99.952556,2.44549],[99.951681,2.449543],[99.952675,2.451928],[99.958448,2.457196],[99.937828,2.457504],[99.937083,2.465604],[99.937803,2.475687],[99.889344,2.474893],[99.86969,2.487365],[99.867515,2.496454],[99.866446,2.507433],[99.86972,2.507465],[99.869656,2.51289],[99.863974,2.512826],[99.862737,2.537106],[99.864855,2.538507],[99.871405,2.538738],[99.878502,2.540988],[99.881689,2.538848],[99.883511,2.530844],[99.891087,2.522028],[99.895263,2.522521],[99.894855,2.526882],[99.89599,2.528743],[99.898482,2.529111],[99.899917,2.534841],[99.903995,2.532729],[99.907613,2.533054],[99.907946,2.572282],[99.904327,2.601481],[99.911289,2.602414],[99.933291,2.602862],[99.948253,2.608008],[99.95766,2.609501],[99.975797,2.615296],[99.981457,2.633059],[99.98244,2.645204],[99.988952,2.675049],[99.990376,2.695694],[99.983259,2.697582],[99.997472,2.731559],[100.010068,2.740325],[100.025155,2.74718],[100.034872,2.749355],[100.041188,2.749179],[100.05099,2.746484],[100.054759,2.744257],[100.064063,2.737254],[100.078078,2.723383]]]}},{"type":"Feature","properties":{"nmkec":"Kualuh Hulu","nmkab":"Labuhan Batu Utara","nmprov":"Sumatera Utara","kdkec":"070","kdkab":"23","kodekab":"1223","idkec":"1223070","index":153},"geometry":{"type":"Polygon","coordinates":[[[99.848002,2.638943],[99.881543,2.636508],[99.889915,2.627145],[99.896998,2.624085],[99.904922,2.615412],[99.901302,2.607672],[99.904472,2.601185],[99.907946,2.572282],[99.907613,2.533054],[99.903995,2.532729],[99.899917,2.534841],[99.898482,2.529111],[99.89599,2.528743],[99.894855,2.526882],[99.895263,2.522521],[99.891087,2.522028],[99.883511,2.530844],[99.881689,2.538848],[99.877833,2.541169],[99.871405,2.538738],[99.864855,2.538507],[99.862737,2.537106],[99.856185,2.538093],[99.851199,2.536806],[99.851397,2.53282],[99.828374,2.531926],[99.82542,2.528748],[99.822355,2.527079],[99.811092,2.536159],[99.80387,2.54016],[99.797132,2.545496],[99.790231,2.547002],[99.786365,2.54664],[99.779814,2.543791],[99.763091,2.542681],[99.758198,2.54615],[99.750584,2.546383],[99.747863,2.549569],[99.747627,2.55137],[99.74506,2.552241],[99.741433,2.552172],[99.741345,2.54952],[99.744904,2.548201],[99.748397,2.543613],[99.761456,2.540054],[99.765613,2.539621],[99.779838,2.54105],[99.787409,2.544289],[99.792695,2.544071],[99.797473,2.540357],[99.797024,2.520177],[99.783445,2.514552],[99.761706,2.511411],[99.752591,2.517724],[99.74786,2.517619],[99.743866,2.519239],[99.731166,2.5218],[99.718089,2.522898],[99.71168,2.527763],[99.699045,2.540715],[99.699072,2.519262],[99.69233,2.519381],[99.67521,2.525868],[99.671543,2.530111],[99.662245,2.533519],[99.656113,2.530764],[99.649923,2.529832],[99.645784,2.531305],[99.643719,2.533317],[99.641136,2.533735],[99.638758,2.532208],[99.628202,2.529411],[99.626775,2.527806],[99.622708,2.529768],[99.618552,2.534967],[99.612576,2.536627],[99.610669,2.538745],[99.603492,2.535214],[99.601198,2.536608],[99.594919,2.535805],[99.592066,2.536447],[99.590478,2.541013],[99.589176,2.541762],[99.577253,2.541553],[99.5728,2.539463],[99.560895,2.538419],[99.552565,2.540417],[99.551327,2.543528],[99.549219,2.540969],[99.549254,2.5328],[99.544831,2.527841],[99.539036,2.532575],[99.534736,2.532122],[99.533551,2.529591],[99.533273,2.514535],[99.527851,2.502371],[99.525568,2.500695],[99.526567,2.495914],[99.520039,2.492329],[99.517845,2.492436],[99.516757,2.490635],[99.51797,2.485017],[99.520556,2.481235],[99.520913,2.476901],[99.520056,2.47683],[99.517934,2.479612],[99.515348,2.477097],[99.515098,2.475403],[99.516079,2.473584],[99.524819,2.467805],[99.526335,2.464327],[99.523644,2.460602],[99.519827,2.457445],[99.514169,2.448645],[99.512493,2.444244],[99.510817,2.433558],[99.515007,2.421404],[99.50935,2.415537],[99.50935,2.40988],[99.514379,2.402336],[99.514379,2.398145],[99.513352,2.396201],[99.509914,2.396838],[99.504154,2.395936],[99.500072,2.397969],[99.419192,2.459999],[99.433715,2.480094],[99.44789,2.496954],[99.450049,2.50199],[99.453014,2.541192],[99.460988,2.550406],[99.462837,2.547819],[99.465156,2.547567],[99.474447,2.552261],[99.483144,2.562353],[99.487844,2.57021],[99.497452,2.578829],[99.499989,2.583035],[99.503324,2.585175],[99.519652,2.591373],[99.528672,2.592628],[99.53841,2.592179],[99.54126,2.598077],[99.540212,2.601685],[99.542029,2.612423],[99.543926,2.614855],[99.552922,2.612409],[99.558907,2.608618],[99.559496,2.601886],[99.562943,2.59312],[99.565627,2.590926],[99.569992,2.584353],[99.579771,2.58743],[99.581204,2.588717],[99.581433,2.59136],[99.584852,2.592647],[99.59077,2.586369],[99.608185,2.580571],[99.609237,2.579795],[99.609888,2.57687],[99.612189,2.575591],[99.621647,2.57341],[99.626521,2.573485],[99.631974,2.577582],[99.649869,2.578321],[99.653438,2.579261],[99.67005,2.58682],[99.697482,2.587211],[99.697957,2.601249],[99.701957,2.606042],[99.70492,2.607988],[99.707508,2.608302],[99.718103,2.604925],[99.720243,2.605058],[99.722191,2.606434],[99.722947,2.624433],[99.735819,2.63429],[99.739132,2.636038],[99.782378,2.637838],[99.783005,2.645191],[99.778206,2.657093],[99.787078,2.661142],[99.795486,2.663684],[99.795388,2.675464],[99.79661,2.678886],[99.795437,2.682845],[99.795534,2.690031],[99.846956,2.737591],[99.848002,2.638943]],[[99.760848,2.536548],[99.760873,2.535756],[99.769374,2.53616],[99.765659,2.539355],[99.760848,2.536548]],[[99.756615,2.538319],[99.752743,2.538449],[99.75275,2.536025],[99.757685,2.535915],[99.756615,2.538319]]]}},{"type":"Feature","properties":{"nmkec":"Tugala Oyo","nmkab":"Nias Utara","nmprov":"Sumatera Utara","kdkec":"010","kdkab":"24","kodekab":"1224","idkec":"1224010","index":154},"geometry":{"type":"Polygon","coordinates":[[[97.489183,1.176537],[97.489223,1.166471],[97.490907,1.160194],[97.490113,1.156053],[97.47779,1.138319],[97.47372,1.136094],[97.473366,1.134213],[97.476283,1.131662],[97.469067,1.124296],[97.473467,1.122315],[97.477007,1.11821],[97.481615,1.114981],[97.48791,1.097309],[97.488162,1.09288],[97.483815,1.095561],[97.480786,1.09248],[97.480224,1.090394],[97.482502,1.085173],[97.480994,1.08306],[97.477504,1.08143],[97.47238,1.085453],[97.46769,1.092129],[97.463309,1.102954],[97.461277,1.116308],[97.444962,1.114046],[97.445767,1.097906],[97.44499,1.096602],[97.432274,1.091481],[97.426696,1.092586],[97.415605,1.09255],[97.398054,1.09063],[97.393112,1.08591],[97.389675,1.084762],[97.387112,1.084969],[97.379745,1.089638],[97.372387,1.095815],[97.359292,1.091774],[97.34996,1.107853],[97.342711,1.117999],[97.342214,1.119779],[97.345957,1.120422],[97.354584,1.114459],[97.356238,1.114626],[97.357631,1.119973],[97.355116,1.123905],[97.355704,1.124762],[97.360061,1.122779],[97.364442,1.122657],[97.368676,1.129478],[97.368701,1.13553],[97.371311,1.135703],[97.372794,1.136902],[97.371819,1.138264],[97.373242,1.140119],[97.380781,1.14068],[97.380476,1.135746],[97.383139,1.131342],[97.384729,1.132597],[97.388149,1.133168],[97.391521,1.131364],[97.394416,1.13214],[97.395607,1.128556],[97.394177,1.124167],[97.394756,1.123454],[97.396656,1.123843],[97.39999,1.126706],[97.397667,1.129376],[97.400602,1.131062],[97.403101,1.131923],[97.404807,1.128456],[97.407408,1.128267],[97.408843,1.130667],[97.408001,1.132786],[97.408204,1.137104],[97.411644,1.141474],[97.418406,1.136862],[97.423975,1.136279],[97.424233,1.13997],[97.419952,1.146235],[97.420802,1.147866],[97.425156,1.145429],[97.427537,1.141511],[97.431049,1.142207],[97.432887,1.144351],[97.428407,1.155287],[97.42864,1.157057],[97.43385,1.158276],[97.44028,1.158073],[97.441901,1.156182],[97.445703,1.154424],[97.457946,1.157518],[97.455113,1.160511],[97.454242,1.164603],[97.454822,1.16736],[97.459264,1.171597],[97.469254,1.178032],[97.487173,1.178635],[97.489183,1.176537]]]}},{"type":"Feature","properties":{"nmkec":"Alasa","nmkab":"Nias Utara","nmprov":"Sumatera Utara","kdkec":"020","kdkab":"24","kodekab":"1224","idkec":"1224020","index":155},"geometry":{"type":"Polygon","coordinates":[[[97.390716,1.275813],[97.399897,1.275613],[97.398842,1.271979],[97.398491,1.263404],[97.401419,1.257126],[97.40626,1.252435],[97.412586,1.251608],[97.417227,1.252659],[97.422453,1.249435],[97.425289,1.246683],[97.427473,1.24047],[97.43234,1.233181],[97.434669,1.230516],[97.442229,1.225782],[97.442533,1.221258],[97.437948,1.217835],[97.433739,1.211613],[97.429885,1.197328],[97.428479,1.195146],[97.420464,1.197275],[97.418055,1.196659],[97.414069,1.179587],[97.415499,1.178788],[97.418853,1.17931],[97.439565,1.185771],[97.444602,1.188385],[97.447619,1.193563],[97.445583,1.201337],[97.447669,1.20735],[97.446589,1.214385],[97.473213,1.220413],[97.485556,1.217459],[97.483521,1.214231],[97.489338,1.201744],[97.489634,1.196291],[97.488414,1.192137],[97.487173,1.178635],[97.469254,1.178032],[97.460105,1.172206],[97.454822,1.16736],[97.454242,1.164603],[97.455113,1.160511],[97.457946,1.157518],[97.445703,1.154424],[97.441901,1.156182],[97.44028,1.158073],[97.43385,1.158276],[97.42864,1.157057],[97.428407,1.155287],[97.432887,1.144351],[97.431049,1.142207],[97.427537,1.141511],[97.425156,1.145429],[97.420802,1.147866],[97.419952,1.146235],[97.424233,1.13997],[97.423975,1.136279],[97.418406,1.136862],[97.411644,1.141474],[97.408204,1.137104],[97.408001,1.132786],[97.408843,1.130667],[97.407408,1.128267],[97.404807,1.128456],[97.403101,1.131923],[97.400602,1.131062],[97.397667,1.129376],[97.39999,1.126706],[97.396656,1.123843],[97.394756,1.123454],[97.394177,1.124167],[97.395607,1.128556],[97.394416,1.13214],[97.391521,1.131364],[97.388149,1.133168],[97.384729,1.132597],[97.383139,1.131342],[97.380476,1.135746],[97.380781,1.14068],[97.373242,1.140119],[97.371819,1.138264],[97.372794,1.136902],[97.371311,1.135703],[97.368701,1.13553],[97.368676,1.129478],[97.364442,1.122657],[97.360061,1.122779],[97.355704,1.124762],[97.355324,1.123209],[97.357627,1.119618],[97.356666,1.115177],[97.354584,1.114459],[97.345957,1.120422],[97.342214,1.119779],[97.33103,1.140591],[97.334255,1.141914],[97.335467,1.146659],[97.326454,1.166096],[97.32973,1.176277],[97.327259,1.18516],[97.331301,1.18947],[97.332897,1.193943],[97.32918,1.196359],[97.326968,1.203071],[97.324042,1.223322],[97.328075,1.228056],[97.334816,1.229103],[97.336474,1.231672],[97.335308,1.247823],[97.337151,1.25265],[97.340582,1.256332],[97.350492,1.261346],[97.351825,1.261054],[97.373956,1.281205],[97.378405,1.27755],[97.386189,1.284739],[97.388424,1.284267],[97.389242,1.283323],[97.38861,1.279742],[97.390716,1.275813]]]}},{"type":"Feature","properties":{"nmkec":"Lotu","nmkab":"Nias Utara","nmprov":"Sumatera Utara","kdkec":"080","kdkab":"24","kodekab":"1224","idkec":"1224080","index":156},"geometry":{"type":"Polygon","coordinates":[[[97.376887,1.487944],[97.375451,1.470902],[97.382054,1.470267],[97.380134,1.449917],[97.382103,1.449096],[97.379314,1.438156],[97.382256,1.421357],[97.405877,1.424073],[97.402549,1.410951],[97.404937,1.406306],[97.412153,1.40393],[97.411534,1.400403],[97.409405,1.399021],[97.407613,1.394864],[97.428996,1.400277],[97.430884,1.39529],[97.435653,1.393432],[97.435093,1.38903],[97.429413,1.387872],[97.42438,1.383896],[97.412049,1.380155],[97.411634,1.373412],[97.407835,1.371726],[97.401247,1.371377],[97.398666,1.373861],[97.398003,1.376492],[97.390369,1.374709],[97.392901,1.362562],[97.385109,1.358816],[97.374454,1.358155],[97.368646,1.367205],[97.355417,1.366514],[97.349677,1.368204],[97.344444,1.368305],[97.33644,1.363017],[97.333024,1.363299],[97.331639,1.362362],[97.325676,1.373134],[97.327036,1.380903],[97.332753,1.387436],[97.331055,1.395466],[97.323504,1.401805],[97.315954,1.403857],[97.31723,1.408304],[97.319022,1.409891],[97.323128,1.417671],[97.323617,1.422123],[97.322867,1.426222],[97.320672,1.428985],[97.318829,1.429308],[97.314093,1.433356],[97.311093,1.434467],[97.30936,1.433471],[97.306462,1.43465],[97.298841,1.439704],[97.29239,1.447795],[97.306843,1.452674],[97.31217,1.455579],[97.319247,1.461405],[97.330128,1.473809],[97.333077,1.471424],[97.337699,1.472824],[97.343993,1.479131],[97.348433,1.488021],[97.376887,1.487944]]]}},{"type":"Feature","properties":{"nmkec":"Lahewa Timur","nmkab":"Nias Utara","nmprov":"Sumatera Utara","kdkec":"090","kdkab":"24","kodekab":"1224","idkec":"1224090","index":157},"geometry":{"type":"Polygon","coordinates":[[[97.290239,1.449015],[97.292125,1.448178],[97.296489,1.441698],[97.298841,1.439704],[97.306462,1.43465],[97.30936,1.433471],[97.311093,1.434467],[97.314093,1.433356],[97.318829,1.429308],[97.320672,1.428985],[97.322867,1.426222],[97.323617,1.422123],[97.323128,1.417671],[97.319022,1.409891],[97.31723,1.408304],[97.315954,1.403857],[97.323504,1.401805],[97.331055,1.395466],[97.332753,1.387436],[97.327036,1.380903],[97.325676,1.373134],[97.331639,1.362362],[97.333024,1.363299],[97.337085,1.36282],[97.336593,1.358685],[97.339599,1.350345],[97.34152,1.347633],[97.35087,1.345284],[97.362327,1.33047],[97.375654,1.324291],[97.381867,1.3285],[97.385486,1.33617],[97.395349,1.33326],[97.396985,1.331167],[97.40318,1.330207],[97.408825,1.330555],[97.409983,1.328529],[97.411105,1.31507],[97.400356,1.309353],[97.394204,1.308937],[97.391663,1.306605],[97.391652,1.305481],[97.377597,1.298936],[97.380331,1.290587],[97.373956,1.281205],[97.351825,1.261054],[97.33663,1.264391],[97.33238,1.271343],[97.31605,1.26205],[97.313504,1.264206],[97.307708,1.265431],[97.259813,1.355877],[97.259564,1.362589],[97.257348,1.369787],[97.253374,1.370633],[97.250821,1.373618],[97.250654,1.377002],[97.253713,1.376835],[97.256463,1.379235],[97.259779,1.389979],[97.259188,1.398852],[97.252017,1.412228],[97.261099,1.420463],[97.26344,1.420167],[97.265728,1.416725],[97.267194,1.416277],[97.276066,1.419309],[97.281299,1.423418],[97.286058,1.429841],[97.2881,1.442068],[97.290239,1.449015]],[[97.265715,1.394702],[97.272548,1.391623],[97.274034,1.394211],[97.267349,1.397634],[97.265715,1.394702]]]}},{"type":"Feature","properties":{"nmkec":"Afulu","nmkab":"Nias Utara","nmprov":"Sumatera Utara","kdkec":"100","kdkab":"24","kodekab":"1224","idkec":"1224100","index":158},"geometry":{"type":"MultiPolygon","coordinates":[[[[97.272279,1.332336],[97.307708,1.265431],[97.313504,1.264206],[97.31605,1.26205],[97.33238,1.271343],[97.33663,1.264391],[97.350492,1.261346],[97.340582,1.256332],[97.337151,1.25265],[97.335308,1.247823],[97.336474,1.231672],[97.334816,1.229103],[97.328075,1.228056],[97.324042,1.223322],[97.326968,1.203071],[97.32918,1.196359],[97.332897,1.193943],[97.331301,1.18947],[97.327259,1.18516],[97.32973,1.176277],[97.326454,1.166096],[97.335467,1.146659],[97.334255,1.141914],[97.331168,1.140648],[97.321825,1.155413],[97.309787,1.16717],[97.305128,1.169008],[97.298783,1.168154],[97.297019,1.166763],[97.295454,1.167285],[97.29528,1.169396],[97.296907,1.172787],[97.300311,1.176165],[97.300522,1.17946],[97.297664,1.185778],[97.292768,1.192587],[97.291388,1.193339],[97.288315,1.191966],[97.284556,1.194255],[97.284327,1.195725],[97.287004,1.198022],[97.287285,1.200342],[97.283579,1.206556],[97.272887,1.216018],[97.268187,1.216755],[97.266294,1.213997],[97.258354,1.213909],[97.256277,1.218022],[97.255692,1.228318],[97.262822,1.230226],[97.26388,1.233156],[97.263334,1.238592],[97.261491,1.243607],[97.256829,1.247044],[97.250738,1.247365],[97.24655,1.249328],[97.246044,1.251803],[97.249843,1.255535],[97.248767,1.259004],[97.246183,1.260832],[97.243181,1.261244],[97.23642,1.258482],[97.23488,1.257177],[97.235054,1.256154],[97.237757,1.252505],[97.240419,1.2515],[97.239596,1.250089],[97.237678,1.249739],[97.229972,1.256172],[97.230196,1.259262],[97.232549,1.261122],[97.231506,1.26593],[97.220349,1.27265],[97.217057,1.273663],[97.214043,1.273197],[97.2122,1.271873],[97.208859,1.266374],[97.205864,1.265913],[97.204367,1.267237],[97.205029,1.27026],[97.205864,1.272477],[97.209717,1.275879],[97.210083,1.278503],[97.208086,1.28372],[97.204117,1.288662],[97.210417,1.294918],[97.217577,1.304082],[97.222868,1.316951],[97.230517,1.319646],[97.231475,1.323061],[97.237891,1.327952],[97.24382,1.331186],[97.251511,1.322964],[97.251432,1.319499],[97.252867,1.318055],[97.272279,1.332336]]],[[[97.088769,1.234466],[97.092706,1.231867],[97.09174,1.228155],[97.090477,1.22511],[97.086615,1.221991],[97.083718,1.215605],[97.083941,1.213749],[97.085724,1.211224],[97.088026,1.211966],[97.092144,1.200265],[97.096221,1.199556],[97.097876,1.201269],[97.099122,1.206041],[97.096901,1.211046],[97.093946,1.212966],[97.094035,1.217426],[97.09569,1.217721],[97.098233,1.214824],[97.102361,1.20662],[97.105574,1.195638],[97.104494,1.191994],[97.101249,1.187913],[97.098202,1.189392],[97.089438,1.197263],[97.08298,1.204893],[97.079795,1.213438],[97.081922,1.228266],[97.080923,1.229334],[97.081449,1.232519],[97.085231,1.232578],[97.088769,1.234466]]]]}},{"type":"Feature","properties":{"nmkec":"Lahewa","nmkab":"Nias Utara","nmprov":"Sumatera Utara","kdkec":"110","kdkab":"24","kodekab":"1224","idkec":"1224110","index":159},"geometry":{"type":"MultiPolygon","coordinates":[[[[97.136461,1.434586],[97.149362,1.423047],[97.15492,1.420436],[97.159936,1.422912],[97.160875,1.420974],[97.159035,1.418644],[97.161358,1.414568],[97.166168,1.41091],[97.173832,1.408191],[97.17392,1.404916],[97.169966,1.401106],[97.170774,1.396601],[97.172061,1.396154],[97.175801,1.398474],[97.176494,1.400234],[97.179625,1.400172],[97.179201,1.395739],[97.181033,1.396308],[97.183651,1.399154],[97.183129,1.402567],[97.187974,1.406262],[97.184084,1.407053],[97.179449,1.405524],[97.177903,1.406269],[97.176965,1.409341],[97.185438,1.417702],[97.189523,1.419311],[97.194252,1.41955],[97.19657,1.41749],[97.195979,1.415135],[97.193323,1.412652],[97.193164,1.410012],[97.19727,1.407851],[97.199349,1.407769],[97.203802,1.403409],[97.2067,1.402692],[97.215143,1.404155],[97.222816,1.40685],[97.228271,1.412292],[97.2323,1.412476],[97.238708,1.408875],[97.250312,1.411452],[97.252582,1.410976],[97.259188,1.398852],[97.259779,1.389979],[97.256463,1.379235],[97.253713,1.376835],[97.250654,1.377002],[97.250821,1.373618],[97.253374,1.370633],[97.257348,1.369787],[97.259564,1.362589],[97.259813,1.355877],[97.272279,1.332336],[97.252867,1.318055],[97.251432,1.319499],[97.251511,1.322964],[97.24382,1.331186],[97.237891,1.327952],[97.231475,1.323061],[97.230517,1.319646],[97.222868,1.316951],[97.217577,1.304082],[97.210417,1.294918],[97.204117,1.288662],[97.199224,1.292517],[97.197042,1.292376],[97.195246,1.294458],[97.192103,1.303313],[97.190928,1.309866],[97.18751,1.314039],[97.183019,1.323555],[97.176371,1.329222],[97.169027,1.340349],[97.166876,1.346106],[97.162504,1.350344],[97.153885,1.364475],[97.15114,1.36711],[97.139387,1.374292],[97.137438,1.377649],[97.124695,1.386475],[97.111877,1.398926],[97.10553,1.40332],[97.097473,1.407288],[97.090698,1.408325],[97.083313,1.407715],[97.0815,1.406258],[97.081273,1.401368],[97.077733,1.389448],[97.075746,1.387834],[97.072951,1.388269],[97.066741,1.398699],[97.062332,1.401865],[97.058233,1.406645],[97.057053,1.410494],[97.060772,1.419845],[97.067292,1.424936],[97.067976,1.423943],[97.062697,1.418231],[97.062573,1.416245],[97.065024,1.414968],[97.08194,1.422958],[97.088966,1.425341],[97.098606,1.424683],[97.113937,1.426959],[97.119629,1.428808],[97.126779,1.433039],[97.136461,1.434586]]],[[[97.258607,1.466364],[97.260767,1.464945],[97.259575,1.462693],[97.253314,1.459782],[97.245253,1.459396],[97.242791,1.457987],[97.241536,1.454948],[97.234357,1.450049],[97.230678,1.450245],[97.229642,1.453173],[97.230382,1.456309],[97.235841,1.462548],[97.239773,1.464076],[97.251348,1.463203],[97.254294,1.466332],[97.258607,1.466364]]],[[[97.105865,1.359679],[97.110849,1.360331],[97.111961,1.357917],[97.10557,1.351019],[97.101099,1.3506],[97.098941,1.35881],[97.102341,1.36075],[97.105865,1.359679]]],[[[97.221997,1.420935],[97.216297,1.419203],[97.212996,1.422077],[97.212615,1.423588],[97.214258,1.425978],[97.21967,1.42615],[97.222784,1.42368],[97.221997,1.420935]]],[[[97.175025,1.43113],[97.170656,1.423221],[97.168253,1.422432],[97.167333,1.424872],[97.168164,1.426752],[97.169499,1.428032],[97.171248,1.427838],[97.170368,1.42973],[97.168318,1.429875],[97.169041,1.432386],[97.171354,1.433938],[97.17402,1.43402],[97.175111,1.432825],[97.175025,1.43113]]],[[[97.227669,1.420736],[97.229708,1.419827],[97.22878,1.415514],[97.222409,1.412203],[97.222155,1.414514],[97.224448,1.417006],[97.225067,1.419172],[97.227669,1.420736]]],[[[97.274034,1.394211],[97.272548,1.391623],[97.265715,1.394702],[97.267349,1.397634],[97.274034,1.394211]]],[[[97.230162,1.438937],[97.226982,1.439666],[97.225642,1.44123],[97.22936,1.442675],[97.231239,1.442472],[97.232022,1.440366],[97.230162,1.438937]]],[[[97.243313,1.426682],[97.240406,1.427921],[97.240912,1.430542],[97.244315,1.429955],[97.244851,1.428127],[97.243313,1.426682]]]]}},{"type":"Feature","properties":{"nmkec":"Datuk Bandar","nmkab":"Tanjung Balai","nmprov":"Sumatera Utara","kdkec":"010","kdkab":"72","kodekab":"1272","idkec":"1272010","index":160},"geometry":{"type":"Polygon","coordinates":[[[99.79844,2.966692],[99.794725,2.965214],[99.794437,2.958361],[99.797512,2.956778],[99.794959,2.954645],[99.803323,2.928788],[99.796669,2.926993],[99.790204,2.923767],[99.774794,2.921624],[99.752996,2.942469],[99.752694,2.945919],[99.754765,2.948296],[99.756373,2.953039],[99.755644,2.959589],[99.757294,2.965172],[99.759446,2.96609],[99.762705,2.965927],[99.762859,2.968942],[99.776404,2.968942],[99.790542,2.97058],[99.793974,2.97243],[99.796513,2.972239],[99.79844,2.966692]]]}},{"type":"Feature","properties":{"nmkec":"Tanjung Balai Selatan","nmkab":"Tanjung Balai","nmprov":"Sumatera Utara","kdkec":"020","kdkab":"72","kodekab":"1272","idkec":"1272020","index":161},"geometry":{"type":"Polygon","coordinates":[[[99.811201,2.969568],[99.809337,2.966756],[99.806342,2.957857],[99.798052,2.956324],[99.794437,2.958361],[99.794725,2.965214],[99.802427,2.96713],[99.810385,2.971388],[99.811201,2.969568]]]}},{"type":"Feature","properties":{"nmkec":"Tanjung Balai Utara","nmkab":"Tanjung Balai","nmprov":"Sumatera Utara","kdkec":"030","kdkab":"72","kodekab":"1272","idkec":"1272030","index":162},"geometry":{"type":"Polygon","coordinates":[[[99.796513,2.972239],[99.809895,2.973362],[99.810385,2.971388],[99.802427,2.96713],[99.79844,2.966692],[99.796513,2.972239]]]}},{"type":"Feature","properties":{"nmkec":"Siantar Marihat","nmkab":"Pematang Siantar","nmprov":"Sumatera Utara","kdkec":"010","kdkab":"73","kodekab":"1273","idkec":"1273010","index":163},"geometry":{"type":"Polygon","coordinates":[[[99.096907,2.96271],[99.0984,2.962597],[99.101277,2.959333],[99.09291,2.953813],[99.096691,2.941643],[99.106737,2.941218],[99.108031,2.939911],[99.101157,2.93445],[99.095807,2.932906],[99.093782,2.934435],[99.082322,2.930771],[99.079866,2.932714],[99.076802,2.931399],[99.071634,2.942689],[99.068269,2.940413],[99.066307,2.937447],[99.064256,2.936678],[99.059453,2.937181],[99.060286,2.940655],[99.061735,2.942507],[99.068794,2.9465],[99.07075,2.948848],[99.075966,2.950849],[99.081886,2.949798],[99.083237,2.951214],[99.084193,2.955677],[99.096907,2.96271]]]}},{"type":"Feature","properties":{"nmkec":"Siantar Timur","nmkab":"Pematang Siantar","nmprov":"Sumatera Utara","kdkec":"050","kdkab":"73","kodekab":"1273","idkec":"1273050","index":164},"geometry":{"type":"Polygon","coordinates":[[[99.081672,2.975084],[99.088443,2.973027],[99.089152,2.97056],[99.087503,2.963998],[99.082562,2.956734],[99.084193,2.955677],[99.083237,2.951214],[99.081249,2.9496],[99.075966,2.950849],[99.07075,2.948848],[99.069413,2.95339],[99.071195,2.956928],[99.070129,2.958769],[99.070207,2.960983],[99.071278,2.961432],[99.07258,2.967343],[99.075007,2.970042],[99.076563,2.975171],[99.081672,2.975084]]]}},{"type":"Feature","properties":{"nmkec":"Siantar Martoba","nmkab":"Pematang Siantar","nmprov":"Sumatera Utara","kdkec":"060","kdkab":"73","kodekab":"1273","idkec":"1273060","index":165},"geometry":{"type":"Polygon","coordinates":[[[99.110987,3.017537],[99.102812,3.008246],[99.095414,3.005717],[99.094272,3.003758],[99.093978,2.996033],[99.092232,2.993902],[99.09255,2.982697],[99.089461,2.982664],[99.083081,2.979666],[99.081697,2.97831],[99.081672,2.975084],[99.076563,2.975171],[99.077482,2.980366],[99.068473,2.976067],[99.063154,2.977278],[99.053148,2.977626],[99.059071,2.995116],[99.059314,3.000817],[99.057875,3.003021],[99.057544,3.00625],[99.061787,3.008736],[99.064229,3.011984],[99.06884,3.015263],[99.076312,3.014041],[99.084693,3.014775],[99.088244,3.013029],[99.092541,3.012748],[99.09485,3.016659],[99.098521,3.018535],[99.107653,3.020094],[99.110987,3.017537]]]}},{"type":"Feature","properties":{"nmkec":"Siantar Sitalasari","nmkab":"Pematang Siantar","nmprov":"Sumatera Utara","kdkec":"061","kdkab":"73","kodekab":"1273","idkec":"1273061","index":166},"geometry":{"type":"Polygon","coordinates":[[[99.057544,3.00625],[99.057875,3.003021],[99.059314,3.000817],[99.059071,2.995116],[99.049896,2.969328],[99.051675,2.9674],[99.051522,2.956535],[99.046365,2.954787],[99.048656,2.943805],[99.038043,2.940905],[99.035216,2.935157],[99.03181,2.933887],[99.031039,2.936227],[99.022351,2.943398],[99.020343,2.948598],[99.021551,2.951463],[99.023429,2.952305],[99.022226,2.956526],[99.021215,2.956303],[99.021304,2.958097],[99.0263,2.966915],[99.026443,2.972289],[99.023202,2.972985],[99.02198,2.976258],[99.021966,2.983365],[99.029357,2.993892],[99.033342,2.996745],[99.03698,2.997883],[99.03648,3.0024],[99.037063,3.006686],[99.037921,3.007424],[99.055496,3.007058],[99.057544,3.00625]]]}},{"type":"Feature","properties":{"nmkec":"Rambutan","nmkab":"Tebing Tinggi","nmprov":"Sumatera Utara","kdkec":"020","kdkab":"74","kodekab":"1274","idkec":"1274020","index":167},"geometry":{"type":"Polygon","coordinates":[[[99.168271,3.378135],[99.176615,3.370929],[99.176775,3.367662],[99.17116,3.364904],[99.169752,3.363186],[99.168393,3.359767],[99.171883,3.355223],[99.167546,3.351561],[99.167629,3.350023],[99.174507,3.349344],[99.177321,3.353171],[99.185766,3.356464],[99.186469,3.354001],[99.175096,3.346828],[99.169663,3.340931],[99.165679,3.333566],[99.163536,3.331847],[99.162627,3.332414],[99.161996,3.335315],[99.160277,3.336829],[99.157756,3.33742],[99.153972,3.336387],[99.153084,3.337211],[99.151597,3.336175],[99.147961,3.342166],[99.141851,3.346869],[99.145115,3.349993],[99.154364,3.341583],[99.155833,3.342695],[99.159497,3.346656],[99.158606,3.347877],[99.16458,3.354381],[99.165556,3.35661],[99.154708,3.366922],[99.166168,3.373179],[99.168271,3.378135]]]}},{"type":"Feature","properties":{"nmkec":"Padang Hilir","nmkab":"Tebing Tinggi","nmprov":"Sumatera Utara","kdkec":"030","kdkab":"74","kodekab":"1274","idkec":"1274030","index":168},"geometry":{"type":"Polygon","coordinates":[[[99.186469,3.354001],[99.189457,3.351665],[99.192763,3.352363],[99.191925,3.344081],[99.188523,3.33973],[99.184549,3.338284],[99.183302,3.33691],[99.183341,3.331655],[99.187501,3.317645],[99.191148,3.318202],[99.192585,3.316648],[99.192568,3.310714],[99.180424,3.306492],[99.1727,3.30656],[99.171596,3.309153],[99.15767,3.309324],[99.158354,3.31532],[99.160007,3.318212],[99.168485,3.318752],[99.170185,3.323591],[99.168288,3.324637],[99.165679,3.333566],[99.169663,3.340931],[99.178598,3.349607],[99.186469,3.354001]]]}},{"type":"Feature","properties":{"nmkec":"Medan Johor","nmkab":"Medan","nmprov":"Sumatera Utara","kdkec":"020","kdkab":"75","kodekab":"1275","idkec":"1275020","index":169},"geometry":{"type":"Polygon","coordinates":[[[98.698782,3.548635],[98.698697,3.546493],[98.695824,3.546184],[98.693157,3.54362],[98.694228,3.535094],[98.692323,3.523392],[98.692437,3.518521],[98.679621,3.518783],[98.675854,3.516313],[98.676622,3.513602],[98.672527,3.514542],[98.661716,3.514786],[98.662236,3.52231],[98.657674,3.522447],[98.655597,3.518308],[98.655305,3.515093],[98.655943,3.510567],[98.657379,3.509408],[98.658691,3.509842],[98.659583,3.508388],[98.658736,3.506521],[98.651997,3.506626],[98.643526,3.508777],[98.642554,3.510841],[98.644334,3.514651],[98.647232,3.514979],[98.648806,3.517064],[98.649217,3.530184],[98.64387,3.530168],[98.644472,3.532299],[98.642589,3.534473],[98.65069,3.540945],[98.667645,3.542414],[98.6864,3.54608],[98.688568,3.547197],[98.689189,3.549073],[98.698782,3.548635]]]}},{"type":"Feature","properties":{"nmkec":"Medan Amplas","nmkab":"Medan","nmprov":"Sumatera Utara","kdkec":"030","kdkab":"75","kodekab":"1275","idkec":"1275030","index":170},"geometry":{"type":"Polygon","coordinates":[[[98.706619,3.552624],[98.707406,3.551487],[98.71158,3.550573],[98.718053,3.551731],[98.720784,3.550764],[98.721906,3.548827],[98.721534,3.544873],[98.72295,3.5433],[98.722859,3.54177],[98.7289,3.537999],[98.730176,3.540199],[98.734976,3.541052],[98.735145,3.538363],[98.745313,3.536221],[98.744761,3.532889],[98.745538,3.530992],[98.744474,3.528168],[98.742157,3.527692],[98.742402,3.52939],[98.698314,3.53149],[98.697972,3.520037],[98.696805,3.518427],[98.692437,3.518521],[98.692323,3.523392],[98.694228,3.535094],[98.693157,3.54362],[98.695824,3.546184],[98.698697,3.546493],[98.698837,3.548364],[98.689189,3.549073],[98.689807,3.553206],[98.706619,3.552624]]]}},{"type":"Feature","properties":{"nmkec":"Medan Denai","nmkab":"Medan","nmprov":"Sumatera Utara","kdkec":"040","kdkab":"75","kodekab":"1275","idkec":"1275040","index":171},"geometry":{"type":"Polygon","coordinates":[[[98.740964,3.592008],[98.718902,3.589636],[98.718638,3.582679],[98.72853,3.582385],[98.732326,3.586637],[98.738928,3.586784],[98.733242,3.585014],[98.733262,3.58142],[98.737664,3.581386],[98.736973,3.575588],[98.732774,3.572222],[98.728766,3.571063],[98.727118,3.567063],[98.726762,3.552674],[98.720228,3.55234],[98.72023,3.550852],[98.718053,3.551731],[98.71158,3.550573],[98.707406,3.551487],[98.706559,3.554921],[98.708922,3.555369],[98.710771,3.560215],[98.70661,3.560255],[98.706362,3.570056],[98.710385,3.570294],[98.710467,3.575162],[98.707475,3.585384],[98.704348,3.588354],[98.740964,3.592008]]]}},{"type":"Feature","properties":{"nmkec":"Medan Selayang","nmkab":"Medan","nmprov":"Sumatera Utara","kdkec":"100","kdkab":"75","kodekab":"1275","idkec":"1275100","index":172},"geometry":{"type":"Polygon","coordinates":[[[98.652759,3.576476],[98.652145,3.555394],[98.653144,3.547028],[98.660349,3.547036],[98.661424,3.542096],[98.651111,3.541237],[98.634913,3.528503],[98.629155,3.536946],[98.616064,3.538315],[98.619602,3.547415],[98.619571,3.549441],[98.606032,3.550495],[98.606496,3.553381],[98.611589,3.553803],[98.611862,3.557508],[98.610297,3.559783],[98.611979,3.562222],[98.610696,3.564437],[98.612569,3.567435],[98.6124,3.568781],[98.627903,3.567608],[98.632232,3.569011],[98.637202,3.565627],[98.637714,3.563911],[98.644226,3.562674],[98.645558,3.56745],[98.646818,3.568125],[98.647185,3.569728],[98.647042,3.571387],[98.645049,3.574069],[98.645243,3.576717],[98.652759,3.576476]]]}},{"type":"Feature","properties":{"nmkec":"Medan Sunggal","nmkab":"Medan","nmprov":"Sumatera Utara","kdkec":"110","kdkab":"75","kodekab":"1275","idkec":"1275110","index":173},"geometry":{"type":"Polygon","coordinates":[[[98.608933,3.59795],[98.624563,3.591729],[98.646586,3.590598],[98.644445,3.586649],[98.645085,3.585877],[98.652205,3.585696],[98.653015,3.584963],[98.652759,3.576476],[98.645243,3.576717],[98.645049,3.574069],[98.647042,3.571387],[98.647185,3.569728],[98.646818,3.568125],[98.645558,3.56745],[98.644226,3.562674],[98.637714,3.563911],[98.637202,3.565627],[98.632232,3.569011],[98.627903,3.567608],[98.6124,3.568781],[98.612569,3.567435],[98.610696,3.564437],[98.607532,3.565703],[98.607365,3.567835],[98.611479,3.582659],[98.610547,3.584042],[98.608483,3.582296],[98.606682,3.583159],[98.603017,3.587935],[98.605504,3.594075],[98.606744,3.604312],[98.608175,3.603229],[98.608933,3.59795]]]}},{"type":"Feature","properties":{"nmkec":"Medan Helvetia","nmkab":"Medan","nmprov":"Sumatera Utara","kdkec":"120","kdkab":"75","kodekab":"1275","idkec":"1275120","index":174},"geometry":{"type":"Polygon","coordinates":[[[98.664148,3.624183],[98.662655,3.62281],[98.663184,3.612833],[98.657427,3.607109],[98.647898,3.602532],[98.646586,3.590598],[98.624563,3.591729],[98.608933,3.59795],[98.608175,3.603229],[98.606744,3.604312],[98.604583,3.610722],[98.601068,3.61454],[98.599661,3.618494],[98.600698,3.620199],[98.605655,3.618637],[98.605593,3.612807],[98.610028,3.612895],[98.610392,3.618431],[98.613088,3.618195],[98.613059,3.613592],[98.615144,3.611963],[98.627522,3.611492],[98.62853,3.614596],[98.630442,3.615726],[98.652629,3.615202],[98.664148,3.624183]]]}},{"type":"Feature","properties":{"nmkec":"Medan Petisah","nmkab":"Medan","nmprov":"Sumatera Utara","kdkec":"130","kdkab":"75","kodekab":"1275","idkec":"1275130","index":175},"geometry":{"type":"Polygon","coordinates":[[[98.647722,3.601854],[98.66906,3.601239],[98.668854,3.593822],[98.675433,3.590355],[98.677454,3.586178],[98.677162,3.58424],[98.675081,3.583718],[98.645085,3.585877],[98.644445,3.586649],[98.646586,3.590598],[98.647722,3.601854]]]}},{"type":"Feature","properties":{"nmkec":"Medan Barat","nmkab":"Medan","nmprov":"Sumatera Utara","kdkec":"140","kdkab":"75","kodekab":"1275","idkec":"1275140","index":176},"geometry":{"type":"Polygon","coordinates":[[[98.664369,3.631719],[98.670748,3.631517],[98.671795,3.627222],[98.676083,3.600753],[98.682088,3.585566],[98.677162,3.58424],[98.677454,3.586178],[98.675433,3.590355],[98.668854,3.593822],[98.66906,3.601239],[98.647722,3.601854],[98.657427,3.607109],[98.662484,3.611815],[98.663364,3.613356],[98.663508,3.617673],[98.662655,3.62281],[98.664279,3.624156],[98.664369,3.631719]]]}},{"type":"Feature","properties":{"nmkec":"Medan Timur","nmkab":"Medan","nmprov":"Sumatera Utara","kdkec":"150","kdkab":"75","kodekab":"1275","idkec":"1275150","index":177},"geometry":{"type":"Polygon","coordinates":[[[98.670963,3.638465],[98.680695,3.637606],[98.692929,3.639758],[98.693757,3.618953],[98.685029,3.619399],[98.684933,3.615774],[98.682336,3.607527],[98.682446,3.602875],[98.684264,3.598929],[98.68668,3.598821],[98.686567,3.599997],[98.691749,3.601467],[98.695908,3.596311],[98.687952,3.595368],[98.684365,3.593969],[98.683409,3.59313],[98.685726,3.587156],[98.682088,3.585566],[98.676083,3.600753],[98.671795,3.627222],[98.667602,3.642955],[98.6693,3.642882],[98.670963,3.638465]]]}},{"type":"Feature","properties":{"nmkec":"Medan Perjuangan","nmkab":"Medan","nmprov":"Sumatera Utara","kdkec":"160","kdkab":"75","kodekab":"1275","idkec":"1275160","index":178},"geometry":{"type":"Polygon","coordinates":[[[98.685029,3.619399],[98.693757,3.618953],[98.694672,3.603881],[98.705659,3.603461],[98.704915,3.588426],[98.69789,3.59423],[98.692057,3.591851],[98.688875,3.593071],[98.684156,3.591256],[98.683409,3.59313],[98.684365,3.593969],[98.687952,3.595368],[98.695908,3.596311],[98.691749,3.601467],[98.686567,3.599997],[98.68668,3.598821],[98.684264,3.598929],[98.682562,3.602469],[98.682336,3.607527],[98.684933,3.615774],[98.685029,3.619399]]]}},{"type":"Feature","properties":{"nmkec":"Medan Tembung","nmkab":"Medan","nmprov":"Sumatera Utara","kdkec":"170","kdkab":"75","kodekab":"1275","idkec":"1275170","index":179},"geometry":{"type":"MultiPolygon","coordinates":[[[[98.707821,3.628472],[98.70984,3.624834],[98.709567,3.619853],[98.70916,3.618344],[98.707325,3.618156],[98.70653,3.599616],[98.705581,3.599324],[98.705659,3.603461],[98.694672,3.603881],[98.693383,3.626546],[98.704443,3.62601],[98.704257,3.628154],[98.707821,3.628472]]],[[[98.711797,3.599975],[98.736193,3.599113],[98.740719,3.596951],[98.739898,3.593965],[98.74094,3.592135],[98.704915,3.588426],[98.70552,3.596914],[98.707162,3.595727],[98.710592,3.597222],[98.711797,3.599975]]]]}},{"type":"Feature","properties":{"nmkec":"Medan Deli","nmkab":"Medan","nmprov":"Sumatera Utara","kdkec":"180","kdkab":"75","kodekab":"1275","idkec":"1275180","index":180},"geometry":{"type":"Polygon","coordinates":[[[98.672971,3.692317],[98.688834,3.682354],[98.686393,3.6786],[98.680561,3.678791],[98.680215,3.675424],[98.669377,3.675609],[98.669831,3.671722],[98.680513,3.671787],[98.681383,3.668051],[98.690851,3.66471],[98.690459,3.658865],[98.69302,3.657275],[98.696173,3.657114],[98.702492,3.653347],[98.701684,3.645106],[98.698134,3.645209],[98.692658,3.643707],[98.692929,3.639758],[98.680695,3.637606],[98.670963,3.638465],[98.6693,3.642882],[98.667602,3.642955],[98.670748,3.631517],[98.664369,3.631719],[98.666465,3.635483],[98.660048,3.638475],[98.657596,3.645238],[98.658138,3.656345],[98.656995,3.658742],[98.657146,3.663578],[98.65935,3.684927],[98.656069,3.685809],[98.656051,3.688772],[98.665763,3.68785],[98.669607,3.692888],[98.671808,3.69423],[98.672971,3.692317]]]}},{"type":"Feature","properties":{"nmkec":"Medan Labuhan","nmkab":"Medan","nmprov":"Sumatera Utara","kdkec":"190","kdkab":"75","kodekab":"1275","idkec":"1275190","index":181},"geometry":{"type":"Polygon","coordinates":[[[98.704838,3.768236],[98.701914,3.751159],[98.702986,3.750193],[98.704724,3.740765],[98.713981,3.740152],[98.718095,3.738642],[98.721503,3.73477],[98.726793,3.733529],[98.726657,3.727721],[98.729789,3.724468],[98.731407,3.721073],[98.730601,3.719961],[98.72419,3.720987],[98.719568,3.725576],[98.714965,3.723947],[98.71488,3.721412],[98.710061,3.718778],[98.706903,3.713685],[98.704786,3.715011],[98.70462,3.711384],[98.706233,3.703133],[98.710936,3.693816],[98.710821,3.688383],[98.710128,3.687394],[98.709367,3.687761],[98.709485,3.6851],[98.712503,3.678586],[98.71063,3.674246],[98.7034,3.667207],[98.702231,3.667256],[98.702491,3.672016],[98.694889,3.6729],[98.696552,3.678179],[98.686393,3.6786],[98.688834,3.682354],[98.672971,3.692317],[98.671808,3.69423],[98.671849,3.70086],[98.677993,3.70386],[98.679062,3.707326],[98.678039,3.709837],[98.678394,3.718275],[98.674013,3.731364],[98.674396,3.742121],[98.671608,3.745369],[98.67226,3.749114],[98.674804,3.753528],[98.687972,3.761334],[98.693141,3.762398],[98.704838,3.768236]]]}},{"type":"Feature","properties":{"nmkec":"Medan Marelan","nmkab":"Medan","nmprov":"Sumatera Utara","kdkec":"200","kdkab":"75","kodekab":"1275","idkec":"1275200","index":182},"geometry":{"type":"Polygon","coordinates":[[[98.674708,3.755469],[98.674888,3.753598],[98.67226,3.749114],[98.671608,3.745369],[98.674396,3.742121],[98.674013,3.731364],[98.678394,3.718275],[98.678039,3.709837],[98.679062,3.707326],[98.677993,3.70386],[98.671849,3.70086],[98.671808,3.69423],[98.669607,3.692888],[98.665763,3.68785],[98.656051,3.688772],[98.656069,3.685809],[98.65935,3.684927],[98.658775,3.67524],[98.651536,3.675521],[98.648591,3.683544],[98.633414,3.684186],[98.631748,3.699618],[98.626066,3.699673],[98.626229,3.697982],[98.614788,3.697221],[98.614613,3.700763],[98.623207,3.701419],[98.62313,3.703112],[98.622425,3.705103],[98.621044,3.705951],[98.614167,3.705554],[98.613972,3.708376],[98.615529,3.708471],[98.623263,3.714814],[98.631225,3.715209],[98.633186,3.716642],[98.633608,3.719485],[98.635086,3.720733],[98.644513,3.721654],[98.644621,3.727674],[98.646152,3.730412],[98.647425,3.730846],[98.650519,3.729718],[98.652197,3.731845],[98.653942,3.746277],[98.656617,3.747395],[98.66149,3.746583],[98.662328,3.750034],[98.668113,3.752247],[98.672432,3.756055],[98.674708,3.755469]]]}},{"type":"Feature","properties":{"nmkec":"Medan Belawan","nmkab":"Medan","nmprov":"Sumatera Utara","kdkec":"210","kdkab":"75","kodekab":"1275","idkec":"1275210","index":183},"geometry":{"type":"Polygon","coordinates":[[[98.719776,3.791859],[98.714377,3.781563],[98.70787,3.774114],[98.704838,3.768236],[98.693141,3.762398],[98.687972,3.761334],[98.676604,3.754152],[98.674888,3.753598],[98.674708,3.755469],[98.672432,3.756055],[98.668113,3.752247],[98.662328,3.750034],[98.66149,3.746583],[98.656617,3.747395],[98.65451,3.746855],[98.65305,3.738769],[98.65097,3.737285],[98.641598,3.739476],[98.635916,3.744179],[98.6308,3.754379],[98.625299,3.759596],[98.628642,3.76872],[98.635668,3.767764],[98.636386,3.770767],[98.632906,3.772336],[98.631847,3.774262],[98.633446,3.775676],[98.644538,3.774541],[98.648463,3.780122],[98.651234,3.781729],[98.661245,3.781615],[98.663396,3.780943],[98.668983,3.775896],[98.673199,3.773982],[98.676043,3.774024],[98.678972,3.775796],[98.68041,3.780702],[98.680072,3.786976],[98.683145,3.789286],[98.710209,3.790237],[98.712462,3.791155],[98.718409,3.796858],[98.720094,3.794443],[98.719776,3.791859]]]}},{"type":"Feature","properties":{"nmkec":"Binjai Selatan","nmkab":"Binjai","nmprov":"Sumatera Utara","kdkec":"010","kdkab":"76","kodekab":"1276","idkec":"1276010","index":184},"geometry":{"type":"Polygon","coordinates":[[[98.493077,3.60239],[98.498194,3.594612],[98.49822,3.589782],[98.499515,3.588897],[98.497907,3.585495],[98.495216,3.583771],[98.496096,3.580872],[98.497467,3.580111],[98.500309,3.575086],[98.500426,3.57202],[98.496699,3.568368],[98.496234,3.566597],[98.497605,3.564748],[98.497732,3.559041],[98.494031,3.55505],[98.475694,3.556433],[98.474825,3.553379],[98.475045,3.545141],[98.477298,3.538163],[98.477861,3.528261],[98.47186,3.527789],[98.471865,3.52887],[98.45305,3.529492],[98.451685,3.532887],[98.446413,3.539075],[98.445409,3.555747],[98.44686,3.566808],[98.449202,3.56885],[98.453287,3.579046],[98.458098,3.58429],[98.459167,3.588641],[98.45735,3.592588],[98.461138,3.597488],[98.462462,3.595118],[98.466003,3.5925],[98.47316,3.591499],[98.476323,3.589598],[98.478458,3.589559],[98.478772,3.595232],[98.48538,3.597296],[98.489558,3.600046],[98.489545,3.6026],[98.493077,3.60239]]]}},{"type":"Feature","properties":{"nmkec":"Binjai Timur","nmkab":"Binjai","nmprov":"Sumatera Utara","kdkec":"030","kdkab":"76","kodekab":"1276","idkec":"1276030","index":185},"geometry":{"type":"Polygon","coordinates":[[[98.527254,3.631844],[98.527308,3.627002],[98.525606,3.626541],[98.52368,3.620969],[98.533342,3.620958],[98.533273,3.613328],[98.535706,3.61058],[98.536123,3.606509],[98.534045,3.597871],[98.538776,3.584593],[98.539524,3.575638],[98.538953,3.572774],[98.500435,3.572068],[98.500309,3.575086],[98.495176,3.582606],[98.495216,3.583771],[98.497907,3.585495],[98.499485,3.588732],[98.49822,3.589782],[98.498194,3.594612],[98.493077,3.60239],[98.489366,3.602591],[98.489443,3.604233],[98.492342,3.605796],[98.494067,3.610497],[98.498748,3.61301],[98.512449,3.613152],[98.512474,3.616557],[98.516284,3.62644],[98.516337,3.631557],[98.527254,3.631844]]]}},{"type":"Feature","properties":{"nmkec":"Binjai Utara","nmkab":"Binjai","nmprov":"Sumatera Utara","kdkec":"040","kdkab":"76","kodekab":"1276","idkec":"1276040","index":186},"geometry":{"type":"Polygon","coordinates":[[[98.510782,3.667008],[98.518087,3.666986],[98.518557,3.665268],[98.518481,3.663882],[98.512086,3.663907],[98.511152,3.662233],[98.511244,3.655392],[98.514554,3.655423],[98.516589,3.652238],[98.511825,3.652091],[98.510127,3.650018],[98.511448,3.64602],[98.516126,3.645881],[98.516538,3.64169],[98.511589,3.641668],[98.512229,3.63177],[98.516337,3.631557],[98.516284,3.62644],[98.512474,3.616557],[98.512449,3.613152],[98.498748,3.61301],[98.494067,3.610497],[98.493713,3.60905],[98.492259,3.609049],[98.492207,3.610563],[98.494182,3.6119],[98.494326,3.614277],[98.491523,3.617133],[98.491199,3.623391],[98.485784,3.627142],[98.48503,3.637118],[98.483943,3.638436],[98.480463,3.636979],[98.478883,3.639999],[98.473678,3.642885],[98.472467,3.647526],[98.488047,3.666971],[98.500707,3.670114],[98.501489,3.672492],[98.509453,3.672567],[98.510782,3.667008]]]}},{"type":"Feature","properties":{"nmkec":"Binjai Barat","nmkab":"Binjai","nmprov":"Sumatera Utara","kdkec":"050","kdkab":"76","kodekab":"1276","idkec":"1276050","index":187},"geometry":{"type":"MultiPolygon","coordinates":[[[[98.451654,3.657228],[98.460092,3.65514],[98.468207,3.649866],[98.471114,3.649636],[98.473114,3.646257],[98.473678,3.642885],[98.478883,3.639999],[98.480463,3.636979],[98.482154,3.637073],[98.4836,3.638394],[98.484607,3.63771],[98.485654,3.635645],[98.485784,3.627142],[98.4916,3.622438],[98.492127,3.613723],[98.490238,3.611205],[98.48647,3.609095],[98.480574,3.608349],[98.479343,3.602596],[98.476631,3.599822],[98.471442,3.601632],[98.472178,3.603906],[98.467508,3.603932],[98.466354,3.602761],[98.467083,3.600811],[98.464838,3.598683],[98.46092,3.60053],[98.459324,3.599369],[98.45852,3.597527],[98.459524,3.596765],[98.458478,3.59453],[98.445061,3.598358],[98.444723,3.606515],[98.441952,3.609837],[98.442735,3.612768],[98.473552,3.616851],[98.474828,3.635377],[98.469038,3.644664],[98.462618,3.647987],[98.462496,3.652219],[98.458047,3.651783],[98.446435,3.653987],[98.44629,3.656062],[98.447211,3.657199],[98.451654,3.657228]]],[[[98.462066,3.598202],[98.461943,3.598306],[98.462523,3.598895],[98.462066,3.598202]]]]}},{"type":"Feature","properties":{"nmkec":"Padangsidimpuan Tenggara","nmkab":"Padangsidimpuan","nmprov":"Sumatera Utara","kdkec":"010","kdkab":"77","kodekab":"1277","idkec":"1277010","index":188},"geometry":{"type":"Polygon","coordinates":[[[99.339895,1.374825],[99.34075,1.350054],[99.350649,1.31598],[99.349014,1.311598],[99.332666,1.311409],[99.324935,1.30969],[99.317959,1.304355],[99.312413,1.303457],[99.310447,1.30396],[99.273574,1.344941],[99.273845,1.345776],[99.27708,1.350175],[99.286741,1.353536],[99.28859,1.356103],[99.293092,1.358829],[99.297656,1.35741],[99.299181,1.357944],[99.297168,1.355282],[99.297203,1.353453],[99.301235,1.350161],[99.299986,1.347583],[99.302341,1.345039],[99.30699,1.344038],[99.315672,1.345165],[99.316307,1.346755],[99.315317,1.349246],[99.308961,1.354989],[99.30893,1.357507],[99.310409,1.359036],[99.307474,1.362976],[99.309471,1.366081],[99.311292,1.367899],[99.320518,1.369734],[99.335931,1.374595],[99.339895,1.374825]]]}},{"type":"Feature","properties":{"nmkec":"Padangsidimpuan Selatan","nmkab":"Padangsidimpuan","nmprov":"Sumatera Utara","kdkec":"020","kdkab":"77","kodekab":"1277","idkec":"1277020","index":189},"geometry":{"type":"Polygon","coordinates":[[[99.276783,1.396517],[99.285332,1.393592],[99.287996,1.395517],[99.289258,1.394535],[99.289008,1.388615],[99.28538,1.376698],[99.286204,1.375484],[99.288974,1.37467],[99.291915,1.37597],[99.292878,1.377468],[99.294152,1.377238],[99.295349,1.374608],[99.292564,1.365495],[99.296312,1.360294],[99.299181,1.357944],[99.297656,1.35741],[99.293092,1.358829],[99.28859,1.356103],[99.286741,1.353536],[99.27708,1.350175],[99.273574,1.344941],[99.269121,1.349806],[99.24387,1.363418],[99.245641,1.367812],[99.241323,1.374614],[99.244787,1.375994],[99.245351,1.37874],[99.248156,1.376916],[99.249884,1.373211],[99.255386,1.37299],[99.259179,1.375457],[99.260111,1.378517],[99.265756,1.381031],[99.267734,1.379531],[99.267297,1.375844],[99.26828,1.371199],[99.273778,1.371623],[99.274538,1.374532],[99.272997,1.377371],[99.272701,1.38243],[99.274549,1.393664],[99.276783,1.396517]]]}},{"type":"Feature","properties":{"nmkec":"Padangsidimpuan Batunadua","nmkab":"Padangsidimpuan","nmprov":"Sumatera Utara","kdkec":"030","kdkab":"77","kodekab":"1277","idkec":"1277030","index":190},"geometry":{"type":"Polygon","coordinates":[[[99.300747,1.443952],[99.327629,1.416445],[99.335347,1.396653],[99.339895,1.374825],[99.335931,1.374595],[99.310969,1.367602],[99.307474,1.362976],[99.310409,1.359036],[99.30893,1.357507],[99.308961,1.354989],[99.315317,1.349246],[99.316307,1.346755],[99.315672,1.345165],[99.30699,1.344038],[99.302341,1.345039],[99.299986,1.347583],[99.301235,1.350161],[99.297545,1.352763],[99.297088,1.354245],[99.299181,1.357944],[99.292829,1.364682],[99.293241,1.369501],[99.295349,1.374608],[99.294152,1.377238],[99.292878,1.377468],[99.291915,1.37597],[99.288974,1.37467],[99.286204,1.375484],[99.28538,1.376698],[99.289008,1.388615],[99.28904,1.394852],[99.287996,1.395517],[99.285332,1.393592],[99.27614,1.396442],[99.273576,1.389316],[99.273403,1.403074],[99.268782,1.409302],[99.273274,1.413569],[99.273027,1.415382],[99.271403,1.417139],[99.27346,1.420347],[99.283642,1.414937],[99.286799,1.420028],[99.287596,1.425485],[99.28621,1.427171],[99.28925,1.429461],[99.290826,1.432285],[99.288466,1.440467],[99.285408,1.443041],[99.289312,1.448941],[99.287704,1.455161],[99.273136,1.467694],[99.300747,1.443952]]]}},{"type":"Feature","properties":{"nmkec":"Padangsidimpuan Utara","nmkab":"Padangsidimpuan","nmprov":"Sumatera Utara","kdkec":"040","kdkab":"77","kodekab":"1277","idkec":"1277040","index":191},"geometry":{"type":"Polygon","coordinates":[[[99.273152,1.413325],[99.268782,1.409302],[99.273403,1.403074],[99.273576,1.389316],[99.272675,1.379767],[99.274506,1.374824],[99.273778,1.371623],[99.26828,1.371199],[99.267297,1.375844],[99.267734,1.379531],[99.265756,1.381031],[99.260111,1.378517],[99.259179,1.375457],[99.255386,1.37299],[99.249884,1.373211],[99.248156,1.376916],[99.245351,1.37874],[99.244787,1.375994],[99.241323,1.374614],[99.234987,1.385186],[99.237582,1.385636],[99.243825,1.389241],[99.245404,1.395166],[99.24337,1.399809],[99.245261,1.404771],[99.261118,1.415363],[99.265276,1.420615],[99.264944,1.422632],[99.267701,1.421994],[99.273027,1.415382],[99.273152,1.413325]]]}},{"type":"Feature","properties":{"nmkec":"Padangsidimpuan Hutaimbaru","nmkab":"Padangsidimpuan","nmprov":"Sumatera Utara","kdkec":"050","kdkab":"77","kodekab":"1277","idkec":"1277050","index":192},"geometry":{"type":"Polygon","coordinates":[[[99.247543,1.441114],[99.256427,1.438007],[99.259368,1.437808],[99.261985,1.438847],[99.267536,1.436327],[99.261059,1.430724],[99.259618,1.427724],[99.260908,1.424615],[99.264944,1.422632],[99.265276,1.420615],[99.261118,1.415363],[99.245261,1.404771],[99.24337,1.399809],[99.245404,1.395166],[99.243825,1.389241],[99.237582,1.385636],[99.234987,1.385186],[99.220358,1.410204],[99.224822,1.414877],[99.226305,1.42555],[99.22248,1.437696],[99.225686,1.444752],[99.2364,1.460098],[99.239238,1.458979],[99.241849,1.455298],[99.241915,1.446453],[99.247543,1.441114]]]}},{"type":"Feature","properties":{"nmkec":"Padangsidimpuan Angkola Julu","nmkab":"Padangsidimpuan","nmprov":"Sumatera Utara","kdkec":"051","kdkab":"77","kodekab":"1277","idkec":"1277051","index":193},"geometry":{"type":"Polygon","coordinates":[[[99.247205,1.477249],[99.251917,1.473301],[99.259436,1.472424],[99.263082,1.469019],[99.269807,1.469335],[99.273136,1.467694],[99.287704,1.455161],[99.289312,1.448941],[99.285408,1.443041],[99.288466,1.440467],[99.290826,1.432285],[99.28925,1.429461],[99.28621,1.427171],[99.287596,1.425485],[99.286799,1.420028],[99.283642,1.414937],[99.27346,1.420347],[99.271403,1.417139],[99.267701,1.421994],[99.260908,1.424615],[99.259645,1.42685],[99.259933,1.429386],[99.267536,1.436327],[99.261985,1.438847],[99.259368,1.437808],[99.256427,1.438007],[99.247543,1.441114],[99.241915,1.446453],[99.241849,1.455298],[99.239238,1.458979],[99.2364,1.460098],[99.246201,1.474001],[99.247205,1.477249]]]}},{"type":"Feature","properties":{"nmkec":"Gunungsitoli Idanoi","nmkab":"Gunungsitoli","nmprov":"Sumatera Utara","kdkec":"010","kdkab":"78","kodekab":"1278","idkec":"1278010","index":194},"geometry":{"type":"Polygon","coordinates":[[[97.678179,1.2147],[97.680551,1.194474],[97.682531,1.189249],[97.688467,1.179665],[97.694128,1.175819],[97.701965,1.17337],[97.712739,1.174177],[97.732381,1.166293],[97.738103,1.166257],[97.750087,1.168892],[97.759892,1.159381],[97.753016,1.150921],[97.746627,1.152892],[97.745238,1.152144],[97.743931,1.149439],[97.730214,1.146374],[97.728646,1.152973],[97.725229,1.152369],[97.722509,1.157885],[97.717281,1.157515],[97.711367,1.162038],[97.702118,1.15623],[97.69605,1.153447],[97.692263,1.153264],[97.683255,1.139679],[97.680758,1.132343],[97.678978,1.130359],[97.677347,1.130136],[97.673689,1.126041],[97.665378,1.124726],[97.660589,1.120984],[97.660872,1.11783],[97.655523,1.109629],[97.654282,1.103452],[97.651387,1.106153],[97.648539,1.111396],[97.649263,1.114876],[97.648658,1.121655],[97.645261,1.131529],[97.646687,1.13517],[97.649441,1.135893],[97.655643,1.132999],[97.657171,1.133284],[97.658455,1.139865],[97.653431,1.140013],[97.650594,1.145186],[97.647669,1.147095],[97.630891,1.152565],[97.628275,1.154638],[97.627681,1.158654],[97.625119,1.16072],[97.621767,1.158911],[97.622317,1.157634],[97.620459,1.156449],[97.615305,1.155709],[97.612175,1.161779],[97.61102,1.166687],[97.610804,1.169531],[97.612985,1.170396],[97.614125,1.172424],[97.61189,1.178068],[97.616563,1.178973],[97.625432,1.183021],[97.627969,1.185814],[97.628318,1.192216],[97.629485,1.192905],[97.636529,1.193963],[97.648525,1.198915],[97.650989,1.20122],[97.651344,1.207142],[97.656721,1.208193],[97.661528,1.210653],[97.658309,1.215138],[97.659072,1.216253],[97.668261,1.219961],[97.672028,1.223568],[97.675484,1.219802],[97.678179,1.2147]]]}},{"type":"Feature","properties":{"nmkec":"Gunungsitoli Selatan","nmkab":"Gunungsitoli","nmprov":"Sumatera Utara","kdkec":"020","kdkab":"78","kodekab":"1278","idkec":"1278020","index":195},"geometry":{"type":"MultiPolygon","coordinates":[[[[97.642754,1.251194],[97.646177,1.248773],[97.649606,1.244302],[97.654553,1.235253],[97.672028,1.223568],[97.668261,1.219961],[97.659072,1.216253],[97.658309,1.215138],[97.661528,1.210653],[97.656721,1.208193],[97.651344,1.207142],[97.650989,1.20122],[97.648525,1.198915],[97.640932,1.195371],[97.628318,1.192216],[97.627969,1.185814],[97.625432,1.183021],[97.616563,1.178973],[97.611735,1.178028],[97.609073,1.181703],[97.603744,1.178342],[97.601397,1.178027],[97.599698,1.179025],[97.597822,1.18425],[97.602514,1.188321],[97.60675,1.187418],[97.608475,1.193921],[97.608243,1.199818],[97.593754,1.209017],[97.584098,1.211927],[97.582949,1.21381],[97.584997,1.219754],[97.592132,1.227327],[97.602618,1.233891],[97.613813,1.236349],[97.616179,1.235815],[97.616459,1.233698],[97.618989,1.23246],[97.621179,1.235047],[97.620705,1.237469],[97.623578,1.239492],[97.63289,1.243169],[97.634326,1.245832],[97.642754,1.251194]]],[[[97.566265,1.220365],[97.573228,1.213978],[97.572352,1.211553],[97.568446,1.212764],[97.566915,1.214699],[97.563305,1.214519],[97.564135,1.212629],[97.563765,1.207499],[97.559625,1.207896],[97.556686,1.213485],[97.566265,1.220365]]]]}},{"type":"Feature","properties":{"nmkec":"Danau Toba","nmkab":"Danau Toba","nmprov":"Sumatera Utara","kdkec":"000","kdkab":"00","kodekab":"1200","idkec":"1200000","index":196},"geometry":{"type":"Polygon","coordinates":[[[98.558563,2.902207],[98.560789,2.893908],[98.565438,2.892623],[98.568289,2.893812],[98.570479,2.892981],[98.571403,2.891302],[98.571053,2.887585],[98.574214,2.884355],[98.580543,2.886391],[98.588309,2.886095],[98.593915,2.889541],[98.596381,2.888523],[98.598974,2.885362],[98.59848,2.881594],[98.599963,2.876717],[98.60664,2.871382],[98.609657,2.872567],[98.610498,2.876173],[98.611636,2.877161],[98.618395,2.877029],[98.622864,2.880916],[98.62875,2.879286],[98.632509,2.876173],[98.632707,2.875136],[98.630135,2.871283],[98.631965,2.867924],[98.637405,2.866936],[98.642005,2.862638],[98.645418,2.864021],[98.648732,2.868961],[98.653134,2.871431],[98.660356,2.868986],[98.668319,2.862243],[98.669602,2.862655],[98.669828,2.869653],[98.673068,2.876692],[98.677025,2.87726],[98.681723,2.875111],[98.687214,2.871135],[98.68845,2.864984],[98.686694,2.861625],[98.694163,2.852412],[98.703264,2.847867],[98.717658,2.842828],[98.723346,2.843396],[98.726091,2.842309],[98.729553,2.838209],[98.733139,2.829317],[98.735785,2.827143],[98.737615,2.827934],[98.741968,2.827489],[98.745752,2.823907],[98.750871,2.823981],[98.764993,2.811903],[98.766872,2.811853],[98.77209,2.80926],[98.774143,2.805307],[98.784035,2.798342],[98.791405,2.796613],[98.796747,2.788165],[98.802633,2.784262],[98.805898,2.777444],[98.806026,2.772886],[98.809657,2.767415],[98.811042,2.768255],[98.811388,2.770972],[98.809063,2.775369],[98.809954,2.776752],[98.813119,2.776456],[98.820687,2.772899],[98.826276,2.76702],[98.827809,2.759115],[98.83236,2.749629],[98.836218,2.746665],[98.843835,2.742317],[98.853668,2.73975],[98.854222,2.73461],[98.858476,2.733325],[98.861246,2.735302],[98.865499,2.734709],[98.878359,2.72631],[98.88291,2.724828],[98.886075,2.722259],[98.888746,2.718207],[98.893247,2.708721],[98.896611,2.704028],[98.899529,2.702891],[98.90115,2.703823],[98.90408,2.702447],[98.910856,2.702249],[98.916396,2.705115],[98.919067,2.703879],[98.91924,2.698346],[98.915876,2.697679],[98.914937,2.696271],[98.916343,2.69205],[98.921045,2.691009],[98.924878,2.686784],[98.923864,2.68004],[98.925546,2.676162],[98.9298,2.67836],[98.931877,2.678262],[98.933089,2.67631],[98.933707,2.67085],[98.936675,2.668676],[98.934324,2.665276],[98.926681,2.667482],[98.926127,2.666873],[98.925138,2.664501],[98.929491,2.663661],[98.930381,2.661735],[98.930003,2.65957],[98.933774,2.658707],[98.933771,2.654165],[98.931304,2.651686],[98.924888,2.653418],[98.919142,2.640182],[98.909667,2.631893],[98.908161,2.629089],[98.90775,2.623275],[98.913022,2.622728],[98.915008,2.619445],[98.913844,2.613836],[98.918235,2.60388],[98.918063,2.602443],[98.915126,2.600283],[98.915256,2.597895],[98.917961,2.597792],[98.919844,2.600152],[98.923404,2.601691],[98.927101,2.601657],[98.929187,2.598052],[98.924294,2.588592],[98.925424,2.585582],[98.931963,2.58483],[98.934239,2.580862],[98.936996,2.578305],[98.93999,2.57854],[98.949739,2.565981],[98.949056,2.563628],[98.954284,2.56244],[98.951814,2.568182],[98.954011,2.569206],[98.965198,2.56655],[98.96718,2.565458],[98.968654,2.560656],[98.974068,2.553343],[98.976443,2.556054],[98.979684,2.554426],[98.980825,2.558243],[98.982606,2.560022],[98.983564,2.55838],[98.982777,2.553605],[98.983455,2.550673],[98.987946,2.54853],[98.989179,2.546067],[98.987946,2.543605],[98.988803,2.541667],[98.990128,2.540947],[98.996163,2.541826],[98.99198,2.549883],[98.993766,2.551368],[98.995722,2.551075],[99.00467,2.542344],[99.008898,2.53608],[99.009446,2.534165],[99.008069,2.532399],[99.011536,2.528831],[99.028808,2.521139],[99.031409,2.522699],[99.032449,2.521763],[99.032553,2.517605],[99.034293,2.514408],[99.0407,2.512509],[99.04013,2.509669],[99.037259,2.509978],[99.03687,2.507221],[99.047162,2.493156],[99.049268,2.486973],[99.049268,2.48079],[99.046246,2.476134],[99.048017,2.461979],[99.056313,2.449218],[99.061841,2.445851],[99.057333,2.439457],[99.055855,2.430441],[99.052899,2.42325],[99.046402,2.413923],[99.043061,2.406132],[99.043174,2.403934],[99.047375,2.396006],[99.049887,2.394965],[99.058551,2.396893],[99.063666,2.39679],[99.067472,2.39982],[99.076643,2.404491],[99.086224,2.407346],[99.089325,2.409453],[99.099346,2.408136],[99.106232,2.41536],[99.11503,2.417916],[99.116328,2.422264],[99.119366,2.425062],[99.122192,2.432472],[99.126477,2.436113],[99.130026,2.437706],[99.133686,2.437395],[99.137556,2.434937],[99.137504,2.441858],[99.137571,2.434807],[99.138542,2.43408],[99.147374,2.434595],[99.152166,2.419454],[99.149798,2.407962],[99.14924,2.398571],[99.146252,2.390328],[99.138703,2.384083],[99.131122,2.380601],[99.118536,2.380681],[99.111298,2.37676],[99.111224,2.367993],[99.110252,2.365719],[99.100493,2.355952],[99.085861,2.352094],[99.084238,2.350308],[99.085575,2.348944],[99.084852,2.347035],[99.082821,2.34485],[99.07948,2.344976],[99.073935,2.348934],[99.069764,2.347636],[99.063522,2.341988],[99.06155,2.335691],[99.058176,2.334282],[99.055325,2.33527],[99.052391,2.339357],[99.041744,2.349865],[99.040587,2.350464],[99.03731,2.349359],[99.036687,2.352273],[99.037429,2.354464],[99.031561,2.363112],[99.02705,2.363625],[99.025656,2.354867],[99.022612,2.35003],[99.018816,2.347281],[99.016524,2.346732],[99.014858,2.342093],[99.008831,2.340227],[99.004091,2.336086],[99.003504,2.327291],[98.999119,2.321464],[98.996636,2.322094],[98.991155,2.332118],[98.989431,2.337232],[98.986878,2.3397],[98.983258,2.332918],[98.9816,2.332041],[98.972727,2.336328],[98.967986,2.333651],[98.965142,2.335013],[98.96261,2.339334],[98.961307,2.338695],[98.961192,2.336501],[98.95427,2.333237],[98.949059,2.335413],[98.944625,2.342718],[98.944624,2.346133],[98.938708,2.344438],[98.937191,2.345108],[98.937366,2.350062],[98.938932,2.354628],[98.9376,2.35599],[98.930513,2.351937],[98.928208,2.354309],[98.924014,2.355151],[98.918782,2.353832],[98.913463,2.34809],[98.910391,2.34809],[98.909302,2.347197],[98.908411,2.342088],[98.906838,2.339961],[98.904791,2.339833],[98.901987,2.333293],[98.899755,2.333247],[98.896881,2.335636],[98.894485,2.341009],[98.889166,2.34427],[98.878868,2.343443],[98.875299,2.339918],[98.872963,2.339292],[98.86926,2.340775],[98.866727,2.343149],[98.866523,2.349625],[98.858609,2.349489],[98.856859,2.34811],[98.857199,2.344999],[98.855841,2.339214],[98.850248,2.332133],[98.848162,2.331384],[98.845607,2.328178],[98.846258,2.325549],[98.845374,2.323624],[98.84164,2.319819],[98.832636,2.318732],[98.826433,2.323019],[98.821949,2.328129],[98.816867,2.336836],[98.81626,2.346841],[98.822143,2.353382],[98.825464,2.355721],[98.828853,2.355269],[98.832313,2.352302],[98.837789,2.35188],[98.839261,2.354923],[98.838208,2.358359],[98.841372,2.362322],[98.841295,2.363805],[98.833038,2.367683],[98.827101,2.375477],[98.822497,2.378367],[98.819405,2.381837],[98.817099,2.38463],[98.815229,2.393708],[98.813571,2.395124],[98.808334,2.396086],[98.807812,2.399316],[98.808979,2.402459],[98.813396,2.402584],[98.81454,2.404134],[98.814758,2.410667],[98.813529,2.415853],[98.809667,2.418932],[98.808356,2.418779],[98.806636,2.420832],[98.806188,2.423937],[98.807423,2.427294],[98.806231,2.429536],[98.798511,2.432741],[98.7972,2.434491],[98.797536,2.436942],[98.796121,2.439484],[98.790631,2.443982],[98.790216,2.438932],[98.788092,2.435054],[98.782165,2.437428],[98.780045,2.439445],[98.78122,2.442851],[98.776737,2.451457],[98.774255,2.466993],[98.769058,2.470248],[98.76737,2.479846],[98.761152,2.486246],[98.75614,2.488709],[98.752917,2.488387],[98.748966,2.491365],[98.749519,2.504684],[98.746147,2.508241],[98.741281,2.509709],[98.738955,2.513376],[98.73755,2.518147],[98.736337,2.518278],[98.735242,2.520342],[98.731429,2.521127],[98.724641,2.52054],[98.720215,2.524113],[98.719612,2.537607],[98.717531,2.541771],[98.715819,2.542891],[98.714576,2.550355],[98.711001,2.551453],[98.706659,2.548707],[98.705225,2.545608],[98.701907,2.542882],[98.696176,2.534093],[98.692657,2.534189],[98.687617,2.536784],[98.687143,2.538135],[98.688729,2.541479],[98.68612,2.543397],[98.678616,2.544781],[98.674434,2.547498],[98.673965,2.549043],[98.676668,2.550593],[98.676671,2.552971],[98.670907,2.551778],[98.670326,2.549651],[98.667438,2.551447],[98.662669,2.557452],[98.656411,2.560823],[98.657148,2.562234],[98.664065,2.563164],[98.673055,2.56775],[98.674745,2.567048],[98.675754,2.565283],[98.680872,2.565042],[98.689831,2.566383],[98.688488,2.570137],[98.685258,2.572033],[98.678139,2.573191],[98.676611,2.57067],[98.67502,2.570426],[98.67256,2.576638],[98.678726,2.582055],[98.685602,2.586178],[98.68767,2.593982],[98.685602,2.598633],[98.689805,2.606607],[98.693126,2.607744],[98.691469,2.612215],[98.686214,2.616381],[98.676244,2.618612],[98.672103,2.624872],[98.672518,2.627964],[98.659242,2.628305],[98.658353,2.635358],[98.653785,2.634749],[98.653383,2.628756],[98.648901,2.62794],[98.646238,2.629292],[98.645019,2.6352],[98.642042,2.638623],[98.641065,2.638279],[98.640533,2.635835],[98.634223,2.63453],[98.632075,2.641016],[98.631634,2.647372],[98.628479,2.64752],[98.625925,2.644849],[98.617656,2.642951],[98.614933,2.645206],[98.614925,2.649728],[98.627564,2.66649],[98.625519,2.677409],[98.625617,2.682979],[98.624077,2.686454],[98.616162,2.697965],[98.61391,2.703042],[98.6069,2.704524],[98.605989,2.70573],[98.603394,2.712837],[98.597282,2.723176],[98.59413,2.733876],[98.584052,2.734391],[98.577892,2.737516],[98.575382,2.737028],[98.573328,2.738056],[98.571287,2.742972],[98.569074,2.754125],[98.569964,2.756706],[98.566304,2.764253],[98.561828,2.769181],[98.556378,2.771385],[98.550387,2.781254],[98.545196,2.784889],[98.539291,2.787157],[98.528121,2.793657],[98.528799,2.810075],[98.527081,2.814484],[98.52671,2.83075],[98.525584,2.83732],[98.528132,2.848139],[98.525127,2.85338],[98.52488,2.860439],[98.522035,2.868072],[98.524608,2.873897],[98.519229,2.876357],[98.518374,2.879619],[98.522906,2.88354],[98.523635,2.887841],[98.521542,2.8951],[98.531217,2.897022],[98.535871,2.89513],[98.543408,2.882695],[98.543213,2.880422],[98.541159,2.87834],[98.542143,2.87545],[98.543261,2.874306],[98.547239,2.87367],[98.554195,2.874617],[98.556539,2.877136],[98.555398,2.880359],[98.550321,2.881982],[98.551968,2.887433],[98.550056,2.894352],[98.555892,2.902256],[98.558563,2.902207]],[[98.732402,2.760389],[98.724571,2.759624],[98.721322,2.75473],[98.716938,2.751826],[98.7098,2.743394],[98.696424,2.733984],[98.695078,2.730796],[98.69003,2.707659],[98.68871,2.673671],[98.687177,2.657227],[98.682725,2.640126],[98.690824,2.633568],[98.692277,2.620715],[98.689314,2.617494],[98.688614,2.615262],[98.691697,2.61239],[98.693057,2.609232],[98.699885,2.603634],[98.706031,2.594551],[98.712003,2.579848],[98.712655,2.570113],[98.719975,2.558854],[98.720486,2.548641],[98.723353,2.539041],[98.725149,2.536204],[98.733353,2.52936],[98.73561,2.52464],[98.741568,2.521995],[98.743559,2.519138],[98.743355,2.516502],[98.74545,2.513293],[98.751533,2.509954],[98.754691,2.505465],[98.758185,2.502755],[98.760787,2.507013],[98.763801,2.509298],[98.770814,2.507578],[98.775181,2.508892],[98.780364,2.508049],[98.784484,2.50289],[98.794015,2.496822],[98.79868,2.489995],[98.80011,2.479581],[98.799941,2.467669],[98.802381,2.464353],[98.803638,2.463827],[98.805869,2.464855],[98.810119,2.472146],[98.813875,2.474222],[98.818265,2.473172],[98.820576,2.471146],[98.822206,2.467482],[98.826106,2.464293],[98.835814,2.459291],[98.839603,2.458859],[98.846033,2.453506],[98.847513,2.448656],[98.857913,2.444766],[98.859913,2.441403],[98.860069,2.439345],[98.863763,2.435321],[98.875974,2.43058],[98.879059,2.432982],[98.88255,2.434161],[98.88689,2.43166],[98.887356,2.428378],[98.888885,2.426702],[98.896769,2.429787],[98.898813,2.435088],[98.899836,2.435727],[98.914925,2.436252],[98.923469,2.433113],[98.932701,2.43675],[98.935529,2.43912],[98.938574,2.444406],[98.940863,2.444491],[98.948384,2.442113],[98.952099,2.444317],[98.960656,2.444981],[98.968055,2.449902],[98.975941,2.452164],[98.991213,2.462182],[98.992923,2.465678],[98.992176,2.47332],[98.989091,2.479512],[98.980961,2.490094],[98.97306,2.507602],[98.960019,2.519297],[98.93587,2.535412],[98.925239,2.544057],[98.907013,2.564653],[98.905953,2.567803],[98.906919,2.573228],[98.900441,2.583607],[98.889598,2.606105],[98.889278,2.611705],[98.886275,2.621758],[98.865882,2.649771],[98.850098,2.663469],[98.851415,2.666275],[98.85587,2.669142],[98.860203,2.667383],[98.862221,2.668306],[98.862824,2.670952],[98.860559,2.673905],[98.854147,2.678078],[98.850751,2.677782],[98.851354,2.675579],[98.847588,2.676502],[98.841176,2.680527],[98.837336,2.680157],[98.830554,2.683665],[98.827047,2.688969],[98.816327,2.698483],[98.81186,2.703996],[98.811921,2.712205],[98.80114,2.725571],[98.792427,2.734469],[98.787762,2.736549],[98.77863,2.7429],[98.770744,2.744234],[98.763,2.742395],[98.754894,2.743317],[98.746184,2.75454],[98.739453,2.754435],[98.735624,2.756248],[98.732402,2.760389]],[[98.9001,2.383698],[98.895033,2.382248],[98.893077,2.378945],[98.89234,2.374702],[98.893647,2.369121],[98.88452,2.366863],[98.882464,2.361434],[98.883573,2.357867],[98.897578,2.347223],[98.899714,2.346874],[98.908548,2.351832],[98.91076,2.354042],[98.910731,2.355674],[98.90871,2.36452],[98.904866,2.367279],[98.901326,2.373509],[98.903697,2.379301],[98.903336,2.381178],[98.9001,2.383698]],[[98.647893,2.642994],[98.644351,2.646565],[98.643111,2.646223],[98.643944,2.642356],[98.647252,2.641312],[98.647893,2.642994]],[[98.738571,2.763595],[98.742367,2.762659],[98.741997,2.76431],[98.739705,2.765518],[98.73867,2.765124],[98.738571,2.763595]],[[98.822269,2.343972],[98.822746,2.341762],[98.823067,2.341342],[98.824551,2.342676],[98.823636,2.344406],[98.822269,2.343972]],[[98.744167,2.758562],[98.741924,2.757995],[98.745351,2.757119],[98.744167,2.758562]],[[98.812618,2.712071],[98.81385,2.711978],[98.81185,2.714419],[98.812618,2.712071]]]}},{"type":"Feature","properties":{"nmkec":"Pegajahan","nmkab":"Serdang Bedagai","nmprov":"Sumatera Utara","kdkec":"101","kdkab":"18","kodekab":"1218","idkec":"1218101","index":197},"geometry":{"type":"MultiPolygon","coordinates":[[[[99.002508,3.558693],[98.999374,3.530038],[99.041711,3.526799],[99.04083,3.52145],[99.03682,3.511234],[99.033993,3.50836],[99.031592,3.507436],[99.025883,3.507286],[99.021818,3.503193],[99.022319,3.501769],[99.024196,3.500625],[99.023158,3.495314],[99.019499,3.486654],[99.020943,3.479725],[99.019148,3.475152],[99.016618,3.472566],[99.008108,3.470598],[99.006059,3.469115],[99.007075,3.463513],[99.005763,3.458594],[98.998154,3.449809],[98.990019,3.443488],[98.984787,3.44261],[98.981275,3.440599],[98.983024,3.436738],[98.977322,3.425178],[98.973198,3.424438],[98.962046,3.382633],[98.961143,3.382798],[98.961034,3.392305],[98.95587,3.39142],[98.953988,3.392211],[98.953317,3.398279],[98.950161,3.399768],[98.940026,3.400513],[98.938992,3.407482],[98.932539,3.414344],[98.9366,3.419005],[98.936783,3.430819],[98.934899,3.448026],[98.932581,3.455688],[98.933552,3.462941],[98.933323,3.474419],[98.930771,3.481288],[98.941267,3.481198],[98.951646,3.506835],[98.952438,3.511959],[98.961222,3.512403],[98.963014,3.508621],[98.964949,3.507264],[98.975668,3.504267],[98.978869,3.502687],[98.980931,3.49838],[98.984823,3.497631],[98.985114,3.505745],[98.982507,3.506751],[98.98141,3.50878],[98.983499,3.518116],[98.983586,3.537558],[98.965676,3.537959],[98.964876,3.536631],[98.965789,3.535365],[98.968465,3.535208],[98.969628,3.532722],[98.966173,3.532804],[98.963463,3.534043],[98.962463,3.532225],[98.961816,3.521712],[98.95357,3.523069],[98.953716,3.525156],[98.957496,3.528461],[98.958982,3.532566],[98.956704,3.541206],[98.956573,3.546653],[98.991005,3.546248],[98.992968,3.555434],[98.995267,3.555403],[99.000387,3.558715],[99.002508,3.558693]],[[98.96197,3.531929],[98.959162,3.531541],[98.958393,3.529053],[98.961534,3.528696],[98.96197,3.531929]]],[[[98.979204,3.567855],[99.003331,3.565696],[99.00303,3.563179],[98.979095,3.563274],[98.979204,3.567855]]]]}},{"type":"Feature","properties":{"nmkec":"Pantai Cermin","nmkab":"Serdang Bedagai","nmprov":"Sumatera Utara","kdkec":"110","kdkab":"18","kodekab":"1218","idkec":"1218110","index":198},"geometry":{"type":"Polygon","coordinates":[[[98.954583,3.681939],[98.960432,3.668514],[98.967502,3.660694],[98.978836,3.655678],[98.985439,3.654043],[98.997557,3.646111],[99.003072,3.64439],[99.012294,3.635557],[99.022265,3.629897],[99.034516,3.625081],[99.055629,3.618657],[99.078226,3.603488],[99.085937,3.596286],[99.086835,3.593327],[99.082845,3.589882],[99.07789,3.582759],[99.075147,3.58183],[99.063468,3.590502],[99.059703,3.594354],[99.056905,3.592634],[99.054552,3.589407],[99.042472,3.5927],[99.040368,3.595598],[99.040259,3.597372],[99.043,3.597495],[99.045072,3.599246],[99.044744,3.60006],[99.034829,3.604784],[99.029332,3.605577],[99.022857,3.604479],[99.022612,3.598276],[99.020031,3.597236],[99.015218,3.597207],[99.011001,3.598025],[99.008825,3.602081],[99.005816,3.604648],[98.997818,3.602472],[98.971887,3.603343],[98.970904,3.605297],[98.972246,3.610639],[98.974606,3.614143],[98.966664,3.61429],[98.96558,3.595841],[98.959222,3.59438],[98.959157,3.592702],[98.945512,3.593004],[98.945398,3.589707],[98.937495,3.589927],[98.937218,3.583757],[98.918683,3.583812],[98.920675,3.590583],[98.918965,3.599051],[98.919397,3.600883],[98.922774,3.606672],[98.922941,3.609631],[98.925031,3.612552],[98.930511,3.61548],[98.936759,3.621806],[98.938699,3.625255],[98.945923,3.647418],[98.946149,3.658189],[98.953129,3.674259],[98.951354,3.678993],[98.95393,3.6789],[98.954583,3.681939]]]}},{"type":"Feature","properties":{"nmkec":"Silima Pungga-Pungga","nmkab":"Dairi","nmprov":"Sumatera Utara","kdkec":"060","kdkab":"10","kodekab":"1210","idkec":"1210060","index":199},"geometry":{"type":"Polygon","coordinates":[[[97.96038,2.910928],[97.964834,2.907699],[97.968364,2.906964],[97.970472,2.908973],[97.972964,2.909781],[97.978562,2.909507],[97.978885,2.908017],[97.976532,2.903017],[97.976679,2.901301],[97.978983,2.899635],[97.988885,2.899292],[97.990999,2.901818],[97.999229,2.902135],[98.005932,2.905447],[98.008028,2.905444],[98.015013,2.902845],[98.018248,2.898801],[98.021189,2.898556],[98.026887,2.90023],[98.036116,2.897012],[98.041153,2.892539],[98.043849,2.887539],[98.054373,2.881273],[98.055074,2.877588],[98.06728,2.86499],[98.074241,2.861117],[98.089591,2.858397],[98.093316,2.859745],[98.095963,2.863691],[98.105939,2.860823],[98.116539,2.864408],[98.12377,2.863035],[98.138166,2.853331],[98.141195,2.848552],[98.146697,2.844107],[98.152186,2.837141],[98.155474,2.835458],[98.163499,2.82864],[98.154072,2.82086],[98.156229,2.818166],[98.157846,2.816806],[98.162025,2.816295],[98.166468,2.822573],[98.167447,2.827512],[98.174688,2.82801],[98.176541,2.827146],[98.172433,2.820902],[98.174295,2.819064],[98.170162,2.812648],[98.163667,2.809732],[98.155856,2.80771],[98.141773,2.771865],[98.134949,2.775345],[98.130682,2.77956],[98.12686,2.781104],[98.121458,2.78283],[98.114913,2.782593],[98.11692,2.784984],[98.105056,2.790332],[98.098692,2.816485],[98.099276,2.822639],[98.064006,2.817629],[98.056837,2.819305],[98.050736,2.823114],[98.04555,2.830274],[98.039907,2.84882],[98.035026,2.848668],[98.032281,2.850458],[98.02776,2.85589],[98.011936,2.868022],[98.004004,2.87362],[97.996407,2.876128],[97.992402,2.882203],[97.988528,2.882786],[97.970522,2.889885],[97.958424,2.89211],[97.948693,2.895331],[97.951173,2.9067],[97.958786,2.911002],[97.96038,2.910928]]]}},{"type":"Feature","properties":{"nmkec":"Idano Gawo","nmkab":"Nias","nmprov":"Sumatera Utara","kdkec":"060","kdkab":"01","kodekab":"1201","idkec":"1201060","index":200},"geometry":{"type":"Polygon","coordinates":[[[97.862997,1.038011],[97.87083,1.036309],[97.852697,1.031393],[97.843648,1.026476],[97.841307,1.024254],[97.847599,1.017964],[97.838548,1.004062],[97.837123,1.000567],[97.836898,0.996313],[97.828461,0.995987],[97.813234,0.998538],[97.810567,0.992873],[97.800924,0.991632],[97.796392,0.981784],[97.797189,0.972254],[97.796123,0.964476],[97.784915,0.96184],[97.781286,0.961938],[97.77996,0.957474],[97.773246,0.957091],[97.769201,0.955362],[97.765795,0.965039],[97.764642,0.971704],[97.765933,0.974636],[97.766359,0.980915],[97.763879,0.993073],[97.757842,0.993418],[97.743411,0.991848],[97.743565,0.989262],[97.738807,0.987571],[97.734677,0.99174],[97.7284,0.991101],[97.727283,0.992098],[97.728223,0.999194],[97.733275,1.001814],[97.731221,1.005712],[97.726893,1.006629],[97.724367,1.012191],[97.726959,1.019275],[97.730913,1.023779],[97.728635,1.028749],[97.726664,1.030326],[97.727185,1.037137],[97.734346,1.037644],[97.737975,1.039213],[97.74038,1.044549],[97.747484,1.040878],[97.751209,1.041131],[97.773519,1.052853],[97.771072,1.056682],[97.770006,1.060944],[97.772742,1.069647],[97.777145,1.075308],[97.778234,1.079549],[97.798545,1.084954],[97.796593,1.091365],[97.802301,1.097236],[97.800655,1.104521],[97.79767,1.109566],[97.802244,1.112785],[97.799891,1.114323],[97.807678,1.123563],[97.805936,1.127272],[97.81564,1.133166],[97.82791,1.111643],[97.832798,1.095434],[97.840048,1.091903],[97.846311,1.08639],[97.846639,1.084704],[97.844986,1.078495],[97.848487,1.073011],[97.855916,1.065866],[97.850762,1.064434],[97.838654,1.054948],[97.83889,1.054357],[97.849761,1.045539],[97.862997,1.038011]]]}},{"type":"Feature","properties":{"nmkec":"Ulugawo","nmkab":"Nias","nmprov":"Sumatera Utara","kdkec":"062","kdkab":"01","kodekab":"1201","idkec":"1201062","index":201},"geometry":{"type":"Polygon","coordinates":[[[97.707446,1.012831],[97.724367,1.012191],[97.726893,1.006629],[97.731221,1.005712],[97.733275,1.001814],[97.727766,0.99845],[97.72725,0.992245],[97.7284,0.991101],[97.734677,0.99174],[97.738807,0.987571],[97.743565,0.989262],[97.743411,0.991848],[97.757842,0.993418],[97.763879,0.993073],[97.766348,0.981033],[97.765933,0.974636],[97.764642,0.971704],[97.765795,0.965039],[97.768797,0.957186],[97.769386,0.951347],[97.75786,0.949794],[97.757686,0.942567],[97.751881,0.939991],[97.748206,0.939176],[97.741007,0.939725],[97.738394,0.93843],[97.735547,0.936306],[97.735972,0.934259],[97.732695,0.927623],[97.72879,0.924988],[97.723323,0.923712],[97.71544,0.923264],[97.713395,0.923938],[97.707352,0.937085],[97.689258,0.934686],[97.687053,0.943324],[97.687353,0.947357],[97.690467,0.953561],[97.693536,0.956343],[97.692244,0.959977],[97.690201,0.959602],[97.687927,0.961371],[97.687328,0.966079],[97.683563,0.967656],[97.682194,0.974344],[97.684253,0.977793],[97.685515,0.98287],[97.683265,0.986468],[97.690457,0.994275],[97.698949,0.999919],[97.705767,0.999497],[97.707318,1.006765],[97.703363,1.009616],[97.707446,1.012831]]]}},{"type":"Feature","properties":{"nmkec":"Batahan","nmkab":"Mandailing Natal","nmprov":"Sumatera Utara","kdkec":"010","kdkab":"02","kodekab":"1202","idkec":"1202010","index":202},"geometry":{"type":"MultiPolygon","coordinates":[[[[99.162466,0.50377],[99.171174,0.474835],[99.17064,0.469455],[99.166899,0.460668],[99.166543,0.443649],[99.185179,0.436933],[99.203945,0.436734],[99.208093,0.435342],[99.215006,0.430967],[99.23061,0.427984],[99.240828,0.422277],[99.246215,0.42162],[99.254605,0.418131],[99.254439,0.414989],[99.256134,0.413619],[99.262807,0.422614],[99.266955,0.422017],[99.271349,0.423789],[99.270885,0.425509],[99.269088,0.427043],[99.26466,0.428326],[99.264518,0.429373],[99.26689,0.431458],[99.285563,0.424846],[99.303793,0.425862],[99.326975,0.436557],[99.338751,0.447371],[99.344623,0.446233],[99.35528,0.447834],[99.364187,0.451676],[99.369271,0.455589],[99.373237,0.45408],[99.373385,0.449951],[99.37495,0.445199],[99.377217,0.445841],[99.37682,0.444255],[99.37814,0.442988],[99.377577,0.436694],[99.382279,0.429694],[99.382498,0.423751],[99.381679,0.420631],[99.372222,0.415027],[99.371493,0.409348],[99.367279,0.403978],[99.367103,0.400735],[99.366008,0.398963],[99.362571,0.398424],[99.359886,0.401877],[99.356892,0.402638],[99.34772,0.383241],[99.334057,0.358],[99.317379,0.334646],[99.314608,0.3335],[99.304672,0.336062],[99.297334,0.336882],[99.265538,0.337157],[99.259559,0.336337],[99.248688,0.33251],[99.23673,0.322669],[99.224772,0.307908],[99.19977,0.289593],[99.194334,0.282213],[99.193894,0.276458],[99.195177,0.273531],[99.19462,0.2714],[99.192744,0.269856],[99.183965,0.254222],[99.177986,0.251762],[99.175812,0.248755],[99.174453,0.246021],[99.174725,0.240827],[99.171192,0.234266],[99.166538,0.228334],[99.16546,0.2365],[99.16337,0.239658],[99.156191,0.246313],[99.14944,0.250175],[99.141786,0.250099],[99.137493,0.253704],[99.137089,0.257261],[99.141486,0.26449],[99.146754,0.264847],[99.152807,0.263705],[99.157228,0.265296],[99.160479,0.274169],[99.160562,0.287583],[99.157663,0.307378],[99.15024,0.326843],[99.148332,0.330388],[99.144716,0.333343],[99.13423,0.330585],[99.132441,0.333307],[99.119384,0.337915],[99.115672,0.340913],[99.113525,0.344948],[99.108764,0.346219],[99.111505,0.350293],[99.120956,0.353321],[99.121134,0.355962],[99.119546,0.36081],[99.120172,0.363524],[99.122573,0.366724],[99.129619,0.372256],[99.133194,0.376312],[99.134966,0.382745],[99.135356,0.39516],[99.139003,0.414955],[99.139597,0.425094],[99.136781,0.450572],[99.129091,0.478603],[99.131424,0.478228],[99.147187,0.49392],[99.156157,0.500721],[99.162466,0.50377]]],[[[99.104389,0.373473],[99.105912,0.371015],[99.106164,0.367848],[99.105777,0.364068],[99.104057,0.362481],[99.096025,0.362596],[99.089614,0.36109],[99.089687,0.365383],[99.096119,0.36641],[99.100453,0.37138],[99.104389,0.373473]]]]}},{"type":"Feature","properties":{"nmkec":"Lembah Sorik Marapi","nmkab":"Mandailing Natal","nmprov":"Sumatera Utara","kdkec":"033","kdkab":"02","kodekab":"1202","idkec":"1202033","index":203},"geometry":{"type":"Polygon","coordinates":[[[99.598799,0.75387],[99.60533,0.751045],[99.607268,0.758392],[99.608916,0.759978],[99.614616,0.762307],[99.618369,0.759838],[99.624968,0.759523],[99.635078,0.751445],[99.638318,0.740915],[99.637106,0.7385],[99.627532,0.732508],[99.622571,0.729914],[99.61746,0.729069],[99.614013,0.72376],[99.613133,0.718387],[99.608219,0.712325],[99.597423,0.706825],[99.588801,0.711515],[99.586293,0.718143],[99.584413,0.730446],[99.576838,0.73489],[99.566008,0.737446],[99.568053,0.740554],[99.572127,0.742546],[99.572646,0.744671],[99.567786,0.751963],[99.567587,0.761117],[99.56816,0.763131],[99.572127,0.765428],[99.576124,0.770165],[99.579037,0.78519],[99.578356,0.788774],[99.580829,0.788817],[99.582063,0.787165],[99.588759,0.770896],[99.590598,0.762167],[99.594504,0.760251],[99.598799,0.75387]]]}},{"type":"Feature","properties":{"nmkec":"Sogaeadu","nmkab":"Nias","nmprov":"Sumatera Utara","kdkec":"071","kdkab":"01","kodekab":"1201","idkec":"1201071","index":204},"geometry":{"type":"Polygon","coordinates":[[[97.787823,1.116377],[97.790053,1.113449],[97.789155,1.112471],[97.7805,1.109478],[97.767418,1.10129],[97.752789,1.094464],[97.756995,1.087416],[97.762007,1.08668],[97.766168,1.082734],[97.77583,1.086791],[97.784348,1.087924],[97.796572,1.091285],[97.797345,1.090609],[97.798545,1.084954],[97.778234,1.079549],[97.777145,1.075308],[97.772742,1.069647],[97.770006,1.060944],[97.771072,1.056682],[97.773519,1.052853],[97.764691,1.047991],[97.751209,1.041131],[97.747484,1.040878],[97.74038,1.044549],[97.741252,1.046889],[97.740675,1.05118],[97.736936,1.054269],[97.731338,1.064848],[97.724442,1.060684],[97.718731,1.069221],[97.713177,1.066746],[97.714968,1.063267],[97.713849,1.060832],[97.705359,1.060599],[97.701557,1.059518],[97.698203,1.056865],[97.691785,1.058307],[97.685089,1.058272],[97.683817,1.060011],[97.682779,1.065627],[97.684129,1.067569],[97.690728,1.066954],[97.702224,1.072458],[97.701912,1.077979],[97.700131,1.08302],[97.716747,1.089942],[97.713342,1.094426],[97.723105,1.101631],[97.738264,1.110456],[97.745843,1.106096],[97.751181,1.104654],[97.776634,1.117493],[97.782426,1.117866],[97.787823,1.116377]]]}},{"type":"Feature","properties":{"nmkec":"Ma U","nmkab":"Nias","nmprov":"Sumatera Utara","kdkec":"081","kdkab":"01","kodekab":"1201","idkec":"1201081","index":205},"geometry":{"type":"Polygon","coordinates":[[[97.648791,1.110899],[97.651387,1.106153],[97.655792,1.101248],[97.652845,1.098556],[97.654334,1.09187],[97.660027,1.09147],[97.662468,1.08919],[97.665688,1.088961],[97.673258,1.092893],[97.676508,1.096023],[97.678146,1.09587],[97.678481,1.086582],[97.679753,1.085438],[97.682076,1.085413],[97.683977,1.082574],[97.684416,1.077809],[97.682546,1.073455],[97.6851,1.067582],[97.684129,1.067569],[97.682779,1.065627],[97.683817,1.060011],[97.685089,1.058272],[97.693381,1.057816],[97.689042,1.056527],[97.688533,1.053178],[97.682689,1.046173],[97.687423,1.039199],[97.67229,1.032736],[97.65592,1.032913],[97.653122,1.032496],[97.651985,1.031205],[97.651352,1.02937],[97.652615,1.028262],[97.651537,1.02452],[97.646299,1.016552],[97.646226,1.01179],[97.647736,1.007796],[97.649435,1.007511],[97.653946,1.010009],[97.654683,1.01184],[97.654824,1.009815],[97.653431,1.007204],[97.669524,1.003888],[97.672039,1.001571],[97.665018,0.998693],[97.662005,0.994254],[97.661926,0.989156],[97.658873,0.988376],[97.655731,0.98833],[97.652611,0.990474],[97.652653,0.995958],[97.647893,1.002898],[97.640902,1.006517],[97.633952,1.012852],[97.628133,1.014084],[97.622867,1.02051],[97.620917,1.031525],[97.618337,1.038541],[97.61842,1.045429],[97.616544,1.056802],[97.612346,1.061175],[97.620321,1.064602],[97.619856,1.06898],[97.618073,1.072526],[97.613952,1.071788],[97.612952,1.073716],[97.614631,1.081972],[97.616972,1.082755],[97.62223,1.09546],[97.620899,1.104666],[97.626482,1.107706],[97.634029,1.106263],[97.635606,1.106858],[97.636978,1.109646],[97.639435,1.1105],[97.648791,1.110899]]]}},{"type":"Feature","properties":{"nmkec":"Panyabungan Selatan","nmkab":"Mandailing Natal","nmprov":"Sumatera Utara","kdkec":"051","kdkab":"02","kodekab":"1202","idkec":"1202051","index":206},"geometry":{"type":"Polygon","coordinates":[[[99.567786,0.751963],[99.572646,0.744671],[99.572127,0.742546],[99.568053,0.740554],[99.566008,0.737446],[99.569411,0.726484],[99.569235,0.717641],[99.568272,0.715482],[99.561758,0.71436],[99.560003,0.713138],[99.550482,0.695488],[99.545729,0.691106],[99.538031,0.68652],[99.530753,0.694978],[99.530836,0.701482],[99.526724,0.706168],[99.526686,0.714845],[99.525923,0.716822],[99.517057,0.717264],[99.514074,0.720412],[99.512686,0.724515],[99.513174,0.732914],[99.509687,0.735219],[99.505598,0.736289],[99.503179,0.74207],[99.505521,0.750458],[99.503004,0.750183],[99.499975,0.753023],[99.500036,0.758571],[99.492399,0.767765],[99.488396,0.771156],[99.504558,0.787763],[99.519357,0.796459],[99.537506,0.803754],[99.559393,0.810527],[99.564695,0.797509],[99.566608,0.789329],[99.574165,0.77328],[99.576464,0.772693],[99.576124,0.770165],[99.573577,0.766865],[99.56816,0.763131],[99.567786,0.751963]]]}},{"type":"Feature","properties":{"nmkec":"Somolo - Molo","nmkab":"Nias","nmprov":"Sumatera Utara","kdkec":"082","kdkab":"01","kodekab":"1201","idkec":"1201082","index":207},"geometry":{"type":"Polygon","coordinates":[[[97.741242,1.048034],[97.738774,1.039793],[97.734346,1.037644],[97.727185,1.037137],[97.726664,1.030326],[97.728635,1.028749],[97.730913,1.023779],[97.726959,1.019275],[97.724367,1.012191],[97.707446,1.012831],[97.703363,1.009616],[97.707318,1.006765],[97.705767,0.999497],[97.698949,0.999919],[97.690457,0.994275],[97.689845,1.001809],[97.68506,1.00419],[97.680256,1.004354],[97.671985,1.001705],[97.669524,1.003888],[97.653431,1.007204],[97.654824,1.009815],[97.654683,1.01184],[97.653946,1.010009],[97.649435,1.007511],[97.647368,1.008412],[97.646226,1.01179],[97.646316,1.01663],[97.651537,1.02452],[97.652615,1.028262],[97.651352,1.02937],[97.653122,1.032496],[97.67229,1.032736],[97.706093,1.047559],[97.716783,1.050038],[97.719926,1.048978],[97.720031,1.047633],[97.723109,1.04926],[97.728127,1.05643],[97.724442,1.060684],[97.731338,1.064848],[97.736936,1.054269],[97.740675,1.05118],[97.741242,1.048034]]]}},{"type":"Feature","properties":{"nmkec":"Panyabungan Barat","nmkab":"Mandailing Natal","nmprov":"Sumatera Utara","kdkec":"052","kdkab":"02","kodekab":"1202","idkec":"1202052","index":208},"geometry":{"type":"Polygon","coordinates":[[[99.504028,0.862787],[99.525453,0.861705],[99.529434,0.859777],[99.53194,0.854735],[99.54162,0.845227],[99.540958,0.839235],[99.539483,0.83538],[99.54922,0.829924],[99.556114,0.824594],[99.557731,0.820735],[99.559393,0.810527],[99.537506,0.803754],[99.519357,0.796459],[99.504558,0.787763],[99.488396,0.771156],[99.484289,0.775374],[99.474859,0.780629],[99.47022,0.785502],[99.461904,0.784876],[99.457944,0.786911],[99.441502,0.801922],[99.440244,0.804036],[99.440274,0.808481],[99.439382,0.810629],[99.433484,0.818317],[99.443173,0.822931],[99.454618,0.826068],[99.462411,0.832402],[99.481231,0.850587],[99.493517,0.857577],[99.504028,0.862787]]]}},{"type":"Feature","properties":{"nmkec":"Hiliduho","nmkab":"Nias","nmprov":"Sumatera Utara","kdkec":"130","kdkab":"01","kodekab":"1201","idkec":"1201130","index":209},"geometry":{"type":"Polygon","coordinates":[[[97.564028,1.280612],[97.563198,1.277502],[97.565645,1.274444],[97.568713,1.277607],[97.573381,1.273935],[97.576102,1.274046],[97.587511,1.260029],[97.586275,1.259179],[97.581746,1.259624],[97.569678,1.254444],[97.566507,1.251879],[97.565735,1.238823],[97.568839,1.232147],[97.568289,1.229597],[97.562144,1.224677],[97.566335,1.220003],[97.556686,1.213485],[97.555054,1.215672],[97.554061,1.215603],[97.5285,1.211354],[97.525547,1.208851],[97.522017,1.199095],[97.520493,1.196936],[97.517888,1.195577],[97.515846,1.195563],[97.509654,1.199377],[97.501628,1.202335],[97.499541,1.204137],[97.498703,1.212482],[97.487765,1.205202],[97.483521,1.214231],[97.491926,1.226409],[97.501262,1.23769],[97.499304,1.243321],[97.493716,1.252334],[97.493657,1.260592],[97.500577,1.268101],[97.507235,1.273658],[97.511615,1.271259],[97.514899,1.271742],[97.518646,1.27344],[97.520617,1.275805],[97.541185,1.284865],[97.543313,1.284839],[97.545579,1.281606],[97.548677,1.280267],[97.553148,1.280062],[97.556527,1.281427],[97.560998,1.285487],[97.568083,1.286563],[97.572152,1.286101],[97.57044,1.284103],[97.564028,1.280612]]]}},{"type":"Feature","properties":{"nmkec":"Hili Serangkai","nmkab":"Nias","nmprov":"Sumatera Utara","kdkec":"131","kdkab":"01","kodekab":"1201","idkec":"1201131","index":210},"geometry":{"type":"Polygon","coordinates":[[[97.566915,1.214699],[97.568446,1.212764],[97.572352,1.211553],[97.574028,1.213763],[97.582949,1.21381],[97.585457,1.211175],[97.593754,1.209017],[97.607845,1.200414],[97.608475,1.193921],[97.60675,1.187418],[97.602514,1.188321],[97.597822,1.18425],[97.599698,1.179025],[97.601397,1.178027],[97.603744,1.178342],[97.609073,1.181703],[97.61189,1.178068],[97.614125,1.172424],[97.612985,1.170396],[97.610804,1.169531],[97.61102,1.166687],[97.612175,1.161779],[97.615305,1.155709],[97.620459,1.156449],[97.622317,1.157634],[97.621767,1.158911],[97.625119,1.16072],[97.627681,1.158654],[97.628275,1.154638],[97.630891,1.152565],[97.647669,1.147095],[97.650594,1.145186],[97.653431,1.140013],[97.658455,1.139865],[97.657171,1.133284],[97.655643,1.132999],[97.649441,1.135893],[97.646687,1.13517],[97.645261,1.131529],[97.648658,1.121655],[97.649263,1.114876],[97.648539,1.111396],[97.636978,1.109646],[97.635606,1.106858],[97.634029,1.106263],[97.626482,1.107706],[97.620899,1.104666],[97.61798,1.108039],[97.609558,1.105328],[97.606017,1.105117],[97.596301,1.106417],[97.592112,1.109391],[97.590422,1.118307],[97.585905,1.126201],[97.582535,1.127699],[97.584413,1.129847],[97.581377,1.131605],[97.581464,1.135816],[97.583415,1.141571],[97.588092,1.144575],[97.588117,1.148398],[97.584271,1.162526],[97.575356,1.17744],[97.575059,1.179221],[97.577103,1.180008],[97.572986,1.186536],[97.564605,1.196531],[97.559633,1.194899],[97.557748,1.195793],[97.561667,1.199879],[97.560536,1.207459],[97.564125,1.207899],[97.563305,1.214519],[97.566915,1.214699]],[[97.577277,1.174557],[97.577279,1.174556],[97.577279,1.174556],[97.577277,1.174557]]]}},{"type":"Feature","properties":{"nmkec":"Botomuzoi","nmkab":"Nias","nmprov":"Sumatera Utara","kdkec":"132","kdkab":"01","kodekab":"1201","idkec":"1201132","index":211},"geometry":{"type":"MultiPolygon","coordinates":[[[[97.555054,1.215672],[97.558649,1.210933],[97.558696,1.20901],[97.560536,1.207459],[97.561667,1.199879],[97.557748,1.195793],[97.559633,1.194899],[97.564605,1.196531],[97.572986,1.186536],[97.577103,1.180008],[97.575059,1.179221],[97.575356,1.17744],[97.584271,1.162526],[97.588117,1.148398],[97.588092,1.144575],[97.583415,1.141571],[97.582147,1.13845],[97.581377,1.131605],[97.584413,1.129847],[97.582535,1.127699],[97.56509,1.133531],[97.556501,1.134668],[97.544579,1.134708],[97.536335,1.141842],[97.532452,1.144067],[97.526933,1.145211],[97.521153,1.151325],[97.521298,1.156028],[97.517783,1.154946],[97.515969,1.152235],[97.517562,1.146774],[97.520711,1.142509],[97.521675,1.13788],[97.521564,1.135285],[97.518653,1.130363],[97.511522,1.138204],[97.50253,1.140444],[97.502496,1.144662],[97.501559,1.146649],[97.497791,1.148457],[97.491379,1.148759],[97.489566,1.150311],[97.489166,1.153713],[97.490907,1.160194],[97.489223,1.166471],[97.489183,1.176537],[97.487173,1.178635],[97.488414,1.192137],[97.489634,1.196291],[97.489338,1.201744],[97.487383,1.20495],[97.498703,1.212482],[97.499541,1.204137],[97.501628,1.202335],[97.509654,1.199377],[97.515846,1.195563],[97.517888,1.195577],[97.520493,1.196936],[97.522017,1.199095],[97.525547,1.208851],[97.5285,1.211354],[97.554061,1.215603],[97.555054,1.215672]]],[[[97.577279,1.174556],[97.577279,1.174556],[97.577277,1.174557],[97.577279,1.174556]]]]}},{"type":"Feature","properties":{"nmkec":"Sinunukan","nmkab":"Mandailing Natal","nmprov":"Sumatera Utara","kdkec":"011","kdkab":"02","kodekab":"1202","idkec":"1202011","index":212},"geometry":{"type":"Polygon","coordinates":[[[99.228647,0.554217],[99.232146,0.542152],[99.236212,0.536984],[99.23501,0.526232],[99.231341,0.526286],[99.225229,0.52815],[99.229996,0.515249],[99.233637,0.501436],[99.238777,0.498723],[99.252651,0.495856],[99.276848,0.49309],[99.279972,0.482515],[99.280207,0.478616],[99.284445,0.472688],[99.29137,0.474098],[99.29877,0.473173],[99.323717,0.472789],[99.328203,0.464224],[99.300905,0.44792],[99.316202,0.431587],[99.303793,0.425862],[99.285563,0.424846],[99.26689,0.431458],[99.264518,0.429373],[99.26466,0.428326],[99.269088,0.427043],[99.270885,0.425509],[99.271349,0.423789],[99.266955,0.422017],[99.262807,0.422614],[99.256134,0.413619],[99.254439,0.414989],[99.254605,0.418131],[99.246215,0.42162],[99.240828,0.422277],[99.23061,0.427984],[99.215006,0.430967],[99.208093,0.435342],[99.203945,0.436734],[99.185179,0.436933],[99.166543,0.443649],[99.166899,0.460668],[99.17064,0.469455],[99.171174,0.474835],[99.169393,0.483981],[99.162466,0.50377],[99.166731,0.506043],[99.17378,0.507817],[99.176817,0.512316],[99.182848,0.515252],[99.182619,0.530172],[99.187021,0.526603],[99.188473,0.524176],[99.191611,0.524207],[99.202133,0.536222],[99.20696,0.538177],[99.21113,0.53829],[99.219131,0.542147],[99.223075,0.544756],[99.224771,0.548288],[99.224616,0.550927],[99.228647,0.554217]]]}},{"type":"Feature","properties":{"nmkec":"Lingga Bayu","nmkab":"Mandailing Natal","nmprov":"Sumatera Utara","kdkec":"021","kdkab":"02","kodekab":"1202","idkec":"1202021","index":213},"geometry":{"type":"Polygon","coordinates":[[[99.209739,0.698765],[99.213801,0.6947],[99.219605,0.693161],[99.221745,0.694084],[99.224188,0.693776],[99.233049,0.689163],[99.238031,0.691374],[99.242572,0.686077],[99.258616,0.674648],[99.259883,0.673034],[99.260532,0.668672],[99.287676,0.656948],[99.308426,0.64421],[99.314949,0.63773],[99.314711,0.634262],[99.31863,0.623379],[99.315118,0.618363],[99.306275,0.613454],[99.301286,0.612139],[99.301405,0.610225],[99.305443,0.609986],[99.310433,0.608192],[99.315422,0.604125],[99.323975,0.604005],[99.333123,0.607712],[99.337637,0.60807],[99.346427,0.602569],[99.350585,0.60209],[99.352843,0.603884],[99.357831,0.603644],[99.364128,0.597784],[99.389144,0.590411],[99.392208,0.587438],[99.387583,0.578388],[99.38282,0.573313],[99.376797,0.573454],[99.371895,0.575428],[99.358308,0.576416],[99.351165,0.574443],[99.347803,0.571764],[99.346262,0.569649],[99.345842,0.56605],[99.346941,0.564218],[99.345304,0.561405],[99.341779,0.558933],[99.335756,0.556536],[99.323596,0.545494],[99.309794,0.525707],[99.317265,0.515363],[99.314464,0.515645],[99.308441,0.51903],[99.299617,0.526785],[99.299197,0.536233],[99.296666,0.540846],[99.293923,0.520253],[99.287705,0.512579],[99.285919,0.513591],[99.284995,0.519169],[99.278518,0.525832],[99.278761,0.522036],[99.275875,0.501892],[99.272064,0.497786],[99.271075,0.493933],[99.252651,0.495856],[99.238777,0.498723],[99.233637,0.501436],[99.229996,0.515249],[99.225229,0.52815],[99.231341,0.526286],[99.23501,0.526232],[99.236212,0.536984],[99.232146,0.542152],[99.230029,0.550703],[99.227214,0.556869],[99.222658,0.561444],[99.216265,0.564393],[99.213496,0.567724],[99.209963,0.575941],[99.210551,0.58039],[99.212588,0.584377],[99.226763,0.602073],[99.230159,0.608622],[99.225101,0.610121],[99.216242,0.61535],[99.215631,0.617195],[99.216853,0.620578],[99.22388,0.628574],[99.224017,0.634016],[99.181719,0.640878],[99.176915,0.643954],[99.170721,0.644877],[99.168887,0.646722],[99.160725,0.649484],[99.155813,0.65348],[99.167314,0.662343],[99.172059,0.668269],[99.175852,0.687818],[99.19407,0.699979],[99.209739,0.698765]]]}},{"type":"Feature","properties":{"nmkec":"Ranto Baek","nmkab":"Mandailing Natal","nmprov":"Sumatera Utara","kdkec":"022","kdkab":"02","kodekab":"1202","idkec":"1202022","index":214},"geometry":{"type":"Polygon","coordinates":[[[99.420509,0.573548],[99.421771,0.571438],[99.425546,0.571463],[99.435012,0.57576],[99.437796,0.576133],[99.442993,0.565482],[99.449675,0.564361],[99.456171,0.561184],[99.46211,0.560436],[99.464152,0.558754],[99.466008,0.557072],[99.465822,0.549785],[99.467492,0.541002],[99.475484,0.524979],[99.466306,0.521175],[99.461336,0.516021],[99.446719,0.506933],[99.437299,0.495667],[99.429092,0.491974],[99.412633,0.493168],[99.407467,0.490953],[99.404626,0.487091],[99.397854,0.464931],[99.398406,0.461174],[99.391643,0.455167],[99.386888,0.452854],[99.380872,0.444799],[99.378155,0.447205],[99.376962,0.44545],[99.37495,0.445199],[99.373385,0.449951],[99.373237,0.45408],[99.369271,0.455589],[99.364187,0.451676],[99.35528,0.447834],[99.344623,0.446233],[99.338751,0.447371],[99.326975,0.436557],[99.316202,0.431587],[99.300905,0.44792],[99.328203,0.464224],[99.323717,0.472789],[99.29877,0.473173],[99.29137,0.474098],[99.284445,0.472688],[99.280207,0.478616],[99.279972,0.482515],[99.276848,0.49309],[99.271075,0.493933],[99.272064,0.497786],[99.275875,0.501892],[99.278761,0.522036],[99.278518,0.525832],[99.284995,0.519169],[99.285919,0.513591],[99.287705,0.512579],[99.293923,0.520253],[99.296666,0.540846],[99.299197,0.536233],[99.299617,0.526785],[99.308441,0.51903],[99.314464,0.515645],[99.317265,0.515363],[99.309794,0.525707],[99.323596,0.545494],[99.335756,0.556536],[99.341779,0.558933],[99.345304,0.561405],[99.346941,0.564218],[99.345842,0.56605],[99.346262,0.569649],[99.351165,0.574443],[99.355227,0.575852],[99.367413,0.575993],[99.371895,0.575428],[99.376797,0.573454],[99.38282,0.573313],[99.387583,0.578388],[99.392208,0.587438],[99.398029,0.583544],[99.414802,0.577813],[99.420509,0.573548]]]}},{"type":"Feature","properties":{"nmkec":"Kotanopan","nmkab":"Mandailing Natal","nmprov":"Sumatera Utara","kdkec":"030","kdkab":"02","kodekab":"1202","idkec":"1202030","index":215},"geometry":{"type":"Polygon","coordinates":[[[99.770745,0.700033],[99.787118,0.695708],[99.791474,0.695831],[99.800096,0.697481],[99.801881,0.698675],[99.803018,0.702677],[99.804627,0.704183],[99.811135,0.704051],[99.826242,0.699738],[99.831402,0.697045],[99.830871,0.696217],[99.836075,0.691907],[99.847017,0.684966],[99.851007,0.68341],[99.849145,0.679524],[99.848634,0.675165],[99.852403,0.657817],[99.843355,0.64822],[99.840936,0.640217],[99.835387,0.637063],[99.834822,0.635706],[99.838967,0.633437],[99.832712,0.625674],[99.832155,0.623362],[99.832841,0.619049],[99.825939,0.615505],[99.822759,0.616709],[99.820963,0.620853],[99.825877,0.627614],[99.814296,0.628213],[99.808776,0.623535],[99.807301,0.621012],[99.807063,0.618823],[99.809093,0.614072],[99.809043,0.60999],[99.797081,0.608111],[99.789989,0.609135],[99.776658,0.614164],[99.772241,0.617533],[99.764356,0.621331],[99.753631,0.621984],[99.745212,0.621021],[99.731792,0.615595],[99.722839,0.604047],[99.720081,0.595334],[99.71291,0.583256],[99.712522,0.57683],[99.702763,0.578123],[99.699598,0.570532],[99.705419,0.568393],[99.709342,0.56525],[99.704635,0.557889],[99.701325,0.549156],[99.701324,0.542087],[99.691396,0.532939],[99.685683,0.530318],[99.665388,0.515758],[99.661132,0.524634],[99.656214,0.530565],[99.653691,0.531419],[99.651043,0.531034],[99.649307,0.532348],[99.650306,0.538528],[99.649417,0.540152],[99.642468,0.545497],[99.638302,0.546965],[99.637374,0.546263],[99.635909,0.551376],[99.6324,0.557529],[99.623573,0.564741],[99.615035,0.586245],[99.599364,0.599165],[99.593083,0.608859],[99.59884,0.611749],[99.622539,0.616136],[99.649357,0.619268],[99.65034,0.627939],[99.655596,0.63557],[99.656844,0.641213],[99.661833,0.645601],[99.662458,0.649364],[99.661762,0.658399],[99.664397,0.661739],[99.662977,0.665434],[99.671355,0.681672],[99.668476,0.685658],[99.668773,0.688642],[99.672056,0.69318],[99.67616,0.69318],[99.697912,0.697715],[99.703246,0.697715],[99.708582,0.701015],[99.728691,0.701012],[99.731974,0.703074],[99.734848,0.709263],[99.740842,0.715717],[99.757332,0.706243],[99.770745,0.700033]]]}},{"type":"Feature","properties":{"nmkec":"Ulu Pungkut","nmkab":"Mandailing Natal","nmprov":"Sumatera Utara","kdkec":"031","kdkab":"02","kodekab":"1202","idkec":"1202031","index":216},"geometry":{"type":"Polygon","coordinates":[[[99.753631,0.621984],[99.764356,0.621331],[99.772241,0.617533],[99.776658,0.614164],[99.789989,0.609135],[99.797081,0.608111],[99.808747,0.610119],[99.818745,0.605762],[99.824744,0.60442],[99.835838,0.604606],[99.836458,0.597503],[99.841417,0.593163],[99.842042,0.586998],[99.839311,0.578535],[99.829729,0.570226],[99.82895,0.56826],[99.827547,0.557357],[99.831316,0.551995],[99.830995,0.549844],[99.828012,0.546545],[99.826257,0.542429],[99.826349,0.538093],[99.834588,0.527689],[99.839349,0.524097],[99.840204,0.522072],[99.838342,0.518128],[99.838571,0.515805],[99.846185,0.504907],[99.847429,0.501017],[99.864832,0.488018],[99.866327,0.479483],[99.87311,0.478804],[99.886232,0.480889],[99.892839,0.480743],[99.896081,0.47827],[99.897211,0.471853],[99.884593,0.466705],[99.880604,0.466759],[99.878106,0.468256],[99.85912,0.463338],[99.8571,0.463766],[99.848358,0.469369],[99.836756,0.458642],[99.834611,0.458378],[99.818648,0.460757],[99.810579,0.463877],[99.80771,0.466907],[99.806423,0.471408],[99.804176,0.473104],[99.787415,0.481574],[99.784418,0.482338],[99.776832,0.481774],[99.757696,0.477451],[99.750823,0.478678],[99.742472,0.477792],[99.739026,0.474776],[99.738083,0.470054],[99.735133,0.464058],[99.729115,0.454909],[99.72671,0.453212],[99.720116,0.452363],[99.713736,0.455445],[99.708696,0.459168],[99.704677,0.462506],[99.702827,0.466228],[99.700786,0.46809],[99.692123,0.469384],[99.686381,0.468293],[99.682808,0.469192],[99.678613,0.473401],[99.674743,0.478884],[99.674293,0.483894],[99.666587,0.490749],[99.665511,0.493877],[99.665311,0.502108],[99.661583,0.507095],[99.66175,0.509209],[99.664814,0.512894],[99.665388,0.515758],[99.685683,0.530318],[99.691396,0.532939],[99.701324,0.542087],[99.701325,0.549156],[99.704635,0.557889],[99.709342,0.56525],[99.705419,0.568393],[99.699598,0.570532],[99.702763,0.578123],[99.712522,0.57683],[99.71291,0.583256],[99.720081,0.595334],[99.722839,0.604047],[99.731792,0.615595],[99.745212,0.621021],[99.753631,0.621984]]]}},{"type":"Feature","properties":{"nmkec":"Tambangan","nmkab":"Mandailing Natal","nmprov":"Sumatera Utara","kdkec":"032","kdkab":"02","kodekab":"1202","idkec":"1202032","index":217},"geometry":{"type":"Polygon","coordinates":[[[99.64228,0.764744],[99.648429,0.764493],[99.654579,0.761964],[99.662261,0.752833],[99.664344,0.75456],[99.666588,0.754327],[99.680038,0.751261],[99.685844,0.747027],[99.698395,0.745354],[99.699844,0.743827],[99.700989,0.739643],[99.704018,0.736518],[99.713562,0.730437],[99.724342,0.727427],[99.740842,0.715717],[99.734848,0.709263],[99.731974,0.703074],[99.728691,0.701012],[99.708582,0.701015],[99.703246,0.697715],[99.697912,0.697715],[99.67616,0.69318],[99.672056,0.69318],[99.668773,0.688642],[99.668476,0.685658],[99.671355,0.681672],[99.662977,0.665434],[99.664397,0.661739],[99.661762,0.658399],[99.662458,0.649364],[99.661833,0.645601],[99.656844,0.641213],[99.655596,0.63557],[99.65034,0.627939],[99.649357,0.619268],[99.622539,0.616136],[99.59884,0.611749],[99.593083,0.608859],[99.590964,0.614753],[99.586089,0.618597],[99.577101,0.62046],[99.573356,0.623043],[99.570906,0.628928],[99.569192,0.638648],[99.577649,0.64515],[99.582375,0.646084],[99.590984,0.651181],[99.600267,0.65101],[99.606512,0.648205],[99.613855,0.64778],[99.613771,0.650328],[99.610818,0.65755],[99.604067,0.665877],[99.60314,0.674118],[99.597908,0.679725],[99.59563,0.684653],[99.595715,0.69162],[99.597488,0.694338],[99.609347,0.69963],[99.611669,0.702962],[99.607031,0.706827],[99.607511,0.711819],[99.613133,0.718387],[99.614013,0.72376],[99.61746,0.729069],[99.622571,0.729914],[99.638069,0.739661],[99.635078,0.751445],[99.624968,0.759523],[99.627219,0.759699],[99.629051,0.761032],[99.633376,0.768578],[99.637466,0.768779],[99.64228,0.764744]]]}},{"type":"Feature","properties":{"nmkec":"Puncak Sorik Marapi","nmkab":"Mandailing Natal","nmprov":"Sumatera Utara","kdkec":"034","kdkab":"02","kodekab":"1202","idkec":"1202034","index":218},"geometry":{"type":"Polygon","coordinates":[[[99.588801,0.711515],[99.597423,0.706825],[99.607575,0.712004],[99.607031,0.706827],[99.611669,0.702962],[99.609347,0.69963],[99.597488,0.694338],[99.595715,0.69162],[99.595377,0.685843],[99.597908,0.679725],[99.60314,0.674118],[99.604067,0.665877],[99.610818,0.65755],[99.613771,0.650328],[99.613855,0.64778],[99.606512,0.648205],[99.600267,0.65101],[99.590984,0.651181],[99.582375,0.646084],[99.577649,0.64515],[99.569192,0.638648],[99.565787,0.642905],[99.557608,0.645356],[99.546972,0.664091],[99.543747,0.6793],[99.538031,0.68652],[99.545729,0.691106],[99.550482,0.695488],[99.560003,0.713138],[99.561758,0.71436],[99.568272,0.715482],[99.569235,0.717641],[99.569411,0.726484],[99.566008,0.737446],[99.576838,0.73489],[99.584413,0.730446],[99.586293,0.718143],[99.588801,0.711515]]]}},{"type":"Feature","properties":{"nmkec":"Panyabungan Utara","nmkab":"Mandailing Natal","nmprov":"Sumatera Utara","kdkec":"053","kdkab":"02","kodekab":"1202","idkec":"1202053","index":219},"geometry":{"type":"Polygon","coordinates":[[[99.577605,0.970693],[99.586905,0.965443],[99.588843,0.967328],[99.591017,0.966969],[99.595573,0.964383],[99.599723,0.951933],[99.601065,0.950412],[99.616347,0.94848],[99.622928,0.944776],[99.590961,0.927232],[99.565682,0.916236],[99.555117,0.909409],[99.548902,0.903062],[99.548331,0.900017],[99.545443,0.896635],[99.532346,0.894413],[99.523775,0.894163],[99.518981,0.905204],[99.511937,0.905044],[99.50917,0.9029],[99.499499,0.902755],[99.496878,0.898991],[99.490106,0.906459],[99.494604,0.912303],[99.497993,0.928079],[99.506963,0.938616],[99.51267,0.941463],[99.51969,0.94296],[99.52307,0.943034],[99.525297,0.94163],[99.529241,0.942004],[99.537222,0.946149],[99.552048,0.945152],[99.561094,0.956162],[99.562262,0.960907],[99.566222,0.966024],[99.577605,0.970693]]]}},{"type":"Feature","properties":{"nmkec":"Muara Sipongi","nmkab":"Mandailing Natal","nmprov":"Sumatera Utara","kdkec":"040","kdkab":"02","kodekab":"1202","idkec":"1202040","index":220},"geometry":{"type":"Polygon","coordinates":[[[99.88806,0.687544],[99.894354,0.677824],[99.899308,0.678115],[99.904295,0.681309],[99.909638,0.679941],[99.912145,0.678142],[99.913425,0.66508],[99.917971,0.646703],[99.925197,0.632873],[99.925059,0.63117],[99.911765,0.630792],[99.909188,0.628077],[99.909247,0.625633],[99.916003,0.621577],[99.923296,0.61529],[99.920382,0.605445],[99.926852,0.604474],[99.928629,0.603196],[99.929248,0.598709],[99.930773,0.597179],[99.940787,0.59283],[99.949501,0.580176],[99.94083,0.579225],[99.942444,0.572396],[99.936952,0.562479],[99.931783,0.556952],[99.928831,0.545845],[99.917732,0.555816],[99.916602,0.560531],[99.920481,0.572724],[99.92066,0.578475],[99.919836,0.578903],[99.908853,0.576303],[99.907076,0.575165],[99.905137,0.570776],[99.896901,0.567851],[99.887372,0.568177],[99.880265,0.564276],[99.878165,0.558586],[99.871596,0.552858],[99.867343,0.550784],[99.859752,0.549484],[99.856845,0.54981],[99.85523,0.551598],[99.84877,0.552087],[99.844409,0.549486],[99.842442,0.546302],[99.837302,0.544122],[99.828397,0.547003],[99.830995,0.549844],[99.831316,0.551995],[99.827547,0.557357],[99.82895,0.56826],[99.829729,0.570226],[99.836328,0.575477],[99.840471,0.580489],[99.842187,0.591265],[99.841417,0.593163],[99.836458,0.597503],[99.835838,0.604606],[99.824744,0.60442],[99.818745,0.605762],[99.809043,0.60999],[99.809093,0.614072],[99.807063,0.618823],[99.807301,0.621012],[99.808776,0.623535],[99.814296,0.628213],[99.822363,0.628139],[99.825877,0.627614],[99.820963,0.620853],[99.822759,0.616709],[99.825939,0.615505],[99.832841,0.619049],[99.832155,0.623362],[99.832712,0.625674],[99.838967,0.633437],[99.834822,0.635706],[99.835387,0.637063],[99.840936,0.640217],[99.843355,0.64822],[99.852403,0.657817],[99.848634,0.675165],[99.849145,0.679524],[99.851007,0.68341],[99.857073,0.682876],[99.87349,0.686636],[99.881779,0.686523],[99.884907,0.688322],[99.88806,0.687544]]]}},{"type":"Feature","properties":{"nmkec":"Pakantan","nmkab":"Mandailing Natal","nmprov":"Sumatera Utara","kdkec":"041","kdkab":"02","kodekab":"1202","idkec":"1202041","index":221},"geometry":{"type":"Polygon","coordinates":[[[99.950709,0.577527],[99.957698,0.571187],[99.964815,0.553812],[99.964684,0.545837],[99.963859,0.543903],[99.960179,0.539168],[99.956401,0.530771],[99.95016,0.524185],[99.952037,0.520457],[99.959582,0.516058],[99.961053,0.513579],[99.956122,0.510963],[99.946223,0.509708],[99.936418,0.503459],[99.928607,0.496787],[99.911181,0.47541],[99.904231,0.47042],[99.899828,0.469833],[99.895297,0.470688],[99.897211,0.471853],[99.896867,0.47616],[99.8948,0.479987],[99.892839,0.480743],[99.886232,0.480889],[99.87311,0.478804],[99.866327,0.479483],[99.864832,0.488018],[99.847429,0.501017],[99.846185,0.504907],[99.838571,0.515805],[99.838342,0.518128],[99.840204,0.522072],[99.839349,0.524097],[99.834588,0.527689],[99.826349,0.538093],[99.826257,0.542429],[99.828397,0.547003],[99.837302,0.544122],[99.842442,0.546302],[99.844409,0.549486],[99.84877,0.552087],[99.85523,0.551598],[99.856845,0.54981],[99.859752,0.549484],[99.867343,0.550784],[99.871596,0.552858],[99.878165,0.558586],[99.880265,0.564276],[99.887372,0.568177],[99.896901,0.567851],[99.905137,0.570776],[99.907076,0.575165],[99.908853,0.576303],[99.919836,0.578903],[99.92066,0.578475],[99.920481,0.572724],[99.916602,0.560531],[99.917732,0.555816],[99.928831,0.545845],[99.931783,0.556952],[99.936952,0.562479],[99.942444,0.572396],[99.94083,0.579225],[99.949501,0.580176],[99.950709,0.577527]]]}},{"type":"Feature","properties":{"nmkec":"Panyabungan","nmkab":"Mandailing Natal","nmprov":"Sumatera Utara","kdkec":"050","kdkab":"02","kodekab":"1202","idkec":"1202050","index":222},"geometry":{"type":"Polygon","coordinates":[[[99.648132,0.918598],[99.651939,0.920078],[99.659767,0.927872],[99.668304,0.92748],[99.677689,0.932037],[99.688606,0.933208],[99.70005,0.925606],[99.711891,0.915414],[99.713165,0.906295],[99.718529,0.90311],[99.719742,0.896973],[99.721352,0.895186],[99.732042,0.893513],[99.716833,0.877416],[99.70069,0.86663],[99.686975,0.860405],[99.666328,0.848103],[99.639553,0.840384],[99.621562,0.837421],[99.613304,0.838959],[99.596413,0.837042],[99.587502,0.83128],[99.590008,0.825942],[99.600034,0.814968],[99.60372,0.808147],[99.609321,0.805752],[99.630443,0.787077],[99.632977,0.784529],[99.635872,0.776674],[99.63549,0.769185],[99.631995,0.767037],[99.629051,0.761032],[99.627219,0.759699],[99.620544,0.759432],[99.614616,0.762307],[99.608916,0.759978],[99.606231,0.756494],[99.60533,0.751045],[99.598799,0.75387],[99.595931,0.758833],[99.590598,0.762167],[99.588759,0.770896],[99.580829,0.788817],[99.578356,0.788774],[99.579037,0.78519],[99.577414,0.774514],[99.576464,0.772693],[99.574165,0.77328],[99.566608,0.789329],[99.564695,0.797509],[99.559393,0.810527],[99.557731,0.820735],[99.556114,0.824594],[99.54922,0.829924],[99.539483,0.83538],[99.540958,0.839235],[99.54162,0.845227],[99.53194,0.854735],[99.529434,0.859777],[99.525453,0.861705],[99.526338,0.863336],[99.526526,0.871778],[99.524642,0.878472],[99.52226,0.8794],[99.519114,0.883799],[99.523097,0.888098],[99.519631,0.89047],[99.519263,0.892547],[99.52177,0.894029],[99.532346,0.894413],[99.545443,0.896635],[99.548331,0.900017],[99.548902,0.903062],[99.555117,0.909409],[99.565682,0.916236],[99.590961,0.927232],[99.622928,0.944776],[99.625678,0.94214],[99.624572,0.938765],[99.624947,0.93717],[99.628066,0.932578],[99.634681,0.927688],[99.639846,0.920452],[99.648132,0.918598]]]}},{"type":"Feature","properties":{"nmkec":"Huta Bargot","nmkab":"Mandailing Natal","nmprov":"Sumatera Utara","kdkec":"055","kdkab":"02","kodekab":"1202","idkec":"1202055","index":223},"geometry":{"type":"Polygon","coordinates":[[[99.435742,0.9284],[99.438298,0.922564],[99.43739,0.918464],[99.438069,0.912755],[99.443647,0.90539],[99.447126,0.903308],[99.477071,0.899119],[99.481214,0.90054],[99.490106,0.906459],[99.496878,0.898991],[99.499499,0.902755],[99.50917,0.9029],[99.511937,0.905044],[99.518981,0.905204],[99.523775,0.894163],[99.519853,0.893436],[99.519263,0.892547],[99.519631,0.89047],[99.523097,0.888098],[99.519114,0.883799],[99.52226,0.8794],[99.524642,0.878472],[99.526526,0.871778],[99.526338,0.863336],[99.525453,0.861705],[99.504028,0.862787],[99.481231,0.850587],[99.462411,0.832402],[99.454618,0.826068],[99.443173,0.822931],[99.433484,0.818317],[99.43189,0.819823],[99.431218,0.824176],[99.429212,0.827829],[99.415524,0.838095],[99.409619,0.855855],[99.409947,0.862447],[99.413327,0.867877],[99.413258,0.870002],[99.407078,0.87127],[99.402699,0.875867],[99.393276,0.899314],[99.390026,0.90522],[99.389218,0.913317],[99.387394,0.918234],[99.401288,0.925265],[99.405819,0.926617],[99.419515,0.927848],[99.430013,0.930873],[99.432263,0.930573],[99.435742,0.9284]]]}},{"type":"Feature","properties":{"nmkec":"Bukit Malintang","nmkab":"Mandailing Natal","nmprov":"Sumatera Utara","kdkec":"081","kdkab":"02","kodekab":"1202","idkec":"1202081","index":224},"geometry":{"type":"Polygon","coordinates":[[[99.587119,0.970772],[99.587027,0.968769],[99.588843,0.967328],[99.586905,0.965443],[99.577605,0.970693],[99.566222,0.966024],[99.562262,0.960907],[99.561094,0.956162],[99.552048,0.945152],[99.537222,0.946149],[99.529241,0.942004],[99.525297,0.94163],[99.52307,0.943034],[99.51969,0.94296],[99.51267,0.941463],[99.506556,0.938206],[99.502811,0.948936],[99.493501,0.946411],[99.481285,0.945713],[99.476626,0.950297],[99.480083,0.952152],[99.481391,0.962233],[99.494891,0.969683],[99.510768,0.97626],[99.528426,0.988088],[99.539531,0.993086],[99.579381,1.021832],[99.581721,1.018448],[99.595882,1.009011],[99.599715,0.995643],[99.598213,0.991773],[99.59272,0.984321],[99.587119,0.970772]]]}},{"type":"Feature","properties":{"nmkec":"Naga Juang","nmkab":"Mandailing Natal","nmprov":"Sumatera Utara","kdkec":"082","kdkab":"02","kodekab":"1202","idkec":"1202082","index":225},"geometry":{"type":"Polygon","coordinates":[[[99.47355,0.948646],[99.476626,0.950297],[99.481285,0.945713],[99.493501,0.946411],[99.502811,0.948936],[99.506556,0.938206],[99.497993,0.928079],[99.496469,0.923222],[99.495651,0.915289],[99.492429,0.908629],[99.479284,0.899634],[99.470571,0.899479],[99.451253,0.902295],[99.445211,0.904137],[99.438069,0.912755],[99.437901,0.924757],[99.435742,0.9284],[99.432263,0.930573],[99.427853,0.930415],[99.419515,0.927848],[99.410176,0.927407],[99.403493,0.925999],[99.387394,0.918234],[99.386997,0.920233],[99.387845,0.922185],[99.390881,0.925261],[99.391216,0.929544],[99.390271,0.931796],[99.385484,0.937073],[99.388984,0.93876],[99.389745,0.940293],[99.396597,0.941059],[99.402688,0.945656],[99.411824,0.94872],[99.439231,0.950249],[99.446844,0.951781],[99.451278,0.954484],[99.459615,0.949963],[99.47355,0.948646]]]}},{"type":"Feature","properties":{"nmkec":"Purba","nmkab":"Simalungun","nmprov":"Sumatera Utara","kdkec":"020","kdkab":"09","kodekab":"1209","idkec":"1209020","index":226},"geometry":{"type":"Polygon","coordinates":[[[98.780575,3.01754],[98.770611,3.005144],[98.768861,3.000524],[98.77316,2.99715],[98.779764,2.984753],[98.791856,2.978148],[98.789191,2.972471],[98.784144,2.967829],[98.779807,2.96077],[98.774709,2.957642],[98.775173,2.956135],[98.780387,2.951562],[98.763845,2.935034],[98.75677,2.924372],[98.754409,2.924125],[98.756272,2.928335],[98.755358,2.928899],[98.751952,2.927292],[98.7466,2.920238],[98.746489,2.917277],[98.7481,2.911597],[98.752181,2.908691],[98.750925,2.904704],[98.74924,2.903481],[98.744323,2.904859],[98.739768,2.900792],[98.74221,2.894808],[98.747492,2.895525],[98.750256,2.892582],[98.754119,2.894832],[98.754379,2.892656],[98.752901,2.888713],[98.75038,2.886762],[98.748086,2.878213],[98.746229,2.875982],[98.746982,2.871638],[98.750052,2.870711],[98.757583,2.873086],[98.759726,2.871695],[98.758741,2.868625],[98.76019,2.864918],[98.769956,2.858549],[98.770749,2.850086],[98.770004,2.83995],[98.751691,2.830885],[98.740288,2.831141],[98.739028,2.83251],[98.737231,2.839045],[98.729551,2.84716],[98.716099,2.854132],[98.703586,2.856446],[98.696063,2.865365],[98.6953,2.869096],[98.692441,2.873371],[98.689881,2.880588],[98.690547,2.884295],[98.687355,2.892379],[98.683325,2.895742],[98.679676,2.8963],[98.679063,2.902387],[98.671976,2.906308],[98.667667,2.910556],[98.66591,2.914627],[98.663364,2.916588],[98.661294,2.916779],[98.65966,2.915798],[98.659579,2.914682],[98.662792,2.914464],[98.662901,2.912857],[98.661049,2.909562],[98.649271,2.913633],[98.649271,2.910584],[98.653302,2.907425],[98.656243,2.899582],[98.657877,2.898819],[98.657659,2.894027],[98.653955,2.888144],[98.651341,2.885748],[98.639575,2.891057],[98.622748,2.892774],[98.616648,2.89065],[98.615967,2.885585],[98.614006,2.883488],[98.607144,2.882099],[98.606327,2.882616],[98.605129,2.887409],[98.607961,2.892665],[98.606517,2.894952],[98.601479,2.89694],[98.602841,2.902632],[98.607116,2.908487],[98.611147,2.910012],[98.613114,2.912299],[98.616784,2.923355],[98.627735,2.930691],[98.635329,2.93836],[98.638597,2.938687],[98.640557,2.941628],[98.636854,2.945549],[98.63426,2.950527],[98.638379,2.957205],[98.651273,2.970589],[98.653747,2.975266],[98.657318,2.975273],[98.664508,2.98347],[98.666795,2.984695],[98.668456,2.982762],[98.670063,2.980828],[98.672078,2.974647],[98.690532,2.973026],[98.69592,2.974265],[98.6969,2.975355],[98.713838,2.978677],[98.720074,2.986955],[98.720456,2.993818],[98.728734,2.996323],[98.737448,3.008959],[98.743984,3.009395],[98.747688,3.011682],[98.750247,3.01141],[98.753951,3.008142],[98.756946,3.007815],[98.761576,3.00983],[98.766369,3.01593],[98.768384,3.016965],[98.780476,3.018525],[98.780575,3.01754]]]}},{"type":"Feature","properties":{"nmkec":"Angkola  Barat","nmkab":"Tapanuli Selatan","nmprov":"Sumatera Utara","kdkec":"090","kdkab":"03","kodekab":"1203","idkec":"1203090","index":227},"geometry":{"type":"Polygon","coordinates":[[[99.240605,1.476645],[99.247205,1.477249],[99.246201,1.474001],[99.225686,1.444752],[99.22248,1.437696],[99.226305,1.42555],[99.224822,1.414877],[99.220358,1.410204],[99.22883,1.395926],[99.208338,1.39522],[99.20212,1.396109],[99.181861,1.388366],[99.171647,1.381053],[99.169694,1.373398],[99.159747,1.368069],[99.155438,1.370935],[99.145582,1.370104],[99.144233,1.374767],[99.126547,1.365297],[99.107337,1.362826],[99.105583,1.368895],[99.106098,1.37266],[99.110856,1.381036],[99.11,1.389792],[99.117661,1.399187],[99.116922,1.408304],[99.107185,1.418463],[99.099435,1.421486],[99.093617,1.425698],[99.093296,1.428946],[99.094914,1.431992],[99.100828,1.434548],[99.111451,1.434333],[99.114943,1.437269],[99.115091,1.438775],[99.127378,1.443936],[99.133921,1.449484],[99.136904,1.450212],[99.1401,1.448759],[99.144899,1.448445],[99.155011,1.456374],[99.161757,1.456802],[99.165719,1.454089],[99.167513,1.450845],[99.178637,1.452878],[99.18967,1.462344],[99.195686,1.470654],[99.201722,1.476366],[99.203608,1.47632],[99.206011,1.471189],[99.209612,1.467424],[99.219146,1.466544],[99.233958,1.468444],[99.236598,1.47045],[99.240605,1.476645]]]}},{"type":"Feature","properties":{"nmkec":"Tiga Lingga","nmkab":"Dairi","nmprov":"Sumatera Utara","kdkec":"100","kdkab":"10","kodekab":"1210","idkec":"1210100","index":228},"geometry":{"type":"Polygon","coordinates":[[[98.190205,2.941984],[98.207855,2.933322],[98.213678,2.928766],[98.215338,2.929442],[98.218871,2.925865],[98.219799,2.923374],[98.224507,2.920496],[98.231023,2.912983],[98.234006,2.913255],[98.251421,2.926048],[98.249947,2.927522],[98.248718,2.931285],[98.251064,2.933851],[98.254938,2.928992],[98.260023,2.926164],[98.273126,2.926465],[98.274237,2.92091],[98.282153,2.913256],[98.28812,2.914188],[98.288996,2.918568],[98.30444,2.918545],[98.323691,2.922326],[98.325812,2.921348],[98.337686,2.904819],[98.352135,2.911193],[98.358941,2.905987],[98.363396,2.899592],[98.340177,2.889263],[98.338243,2.886997],[98.33749,2.881059],[98.334582,2.877643],[98.329137,2.873234],[98.322249,2.869528],[98.322642,2.873487],[98.309278,2.868755],[98.302574,2.867341],[98.301121,2.862385],[98.305727,2.861021],[98.30504,2.858342],[98.297661,2.857839],[98.292462,2.858616],[98.287277,2.860913],[98.287151,2.862383],[98.283999,2.863981],[98.280445,2.862668],[98.274521,2.857047],[98.269098,2.857659],[98.2603,2.868899],[98.251861,2.873617],[98.248518,2.877894],[98.244789,2.880763],[98.241999,2.880101],[98.242248,2.878004],[98.240922,2.874224],[98.234711,2.868921],[98.227054,2.87221],[98.209161,2.872394],[98.20568,2.873553],[98.19787,2.878536],[98.192927,2.874083],[98.189795,2.882471],[98.18163,2.883396],[98.173026,2.882906],[98.167172,2.880968],[98.166082,2.880333],[98.16626,2.878782],[98.16244,2.877252],[98.148572,2.877774],[98.147743,2.879057],[98.148315,2.887455],[98.153368,2.894896],[98.153208,2.898409],[98.155734,2.900166],[98.159379,2.900134],[98.160672,2.901954],[98.169517,2.90387],[98.178207,2.907405],[98.178266,2.915794],[98.17937,2.921699],[98.186149,2.929524],[98.189155,2.93655],[98.190205,2.941984]]]}},{"type":"Feature","properties":{"nmkec":"Mardingding","nmkab":"Karo","nmprov":"Sumatera Utara","kdkec":"010","kdkab":"11","kodekab":"1211","idkec":"1211010","index":229},"geometry":{"type":"Polygon","coordinates":[[[98.055808,3.315843],[98.058018,3.315591],[98.064283,3.318869],[98.071586,3.315266],[98.078529,3.319829],[98.082769,3.319478],[98.089306,3.316407],[98.095194,3.315702],[98.099258,3.313931],[98.108455,3.299561],[98.107697,3.291217],[98.117924,3.269923],[98.120789,3.266318],[98.124154,3.265428],[98.14109,3.266236],[98.137202,3.248353],[98.137063,3.239748],[98.137634,3.238145],[98.141639,3.236022],[98.142961,3.232457],[98.144158,3.221286],[98.144234,3.207692],[98.142336,3.200525],[98.135542,3.190656],[98.132296,3.179807],[98.129276,3.188934],[98.125977,3.191542],[98.124461,3.191167],[98.127853,3.188125],[98.129025,3.185163],[98.129751,3.179968],[98.128893,3.176705],[98.118421,3.172271],[98.116045,3.172072],[98.111502,3.174882],[98.104103,3.18757],[98.098307,3.190067],[98.089194,3.189487],[98.081563,3.187599],[98.075316,3.184878],[98.069071,3.180603],[98.056286,3.168264],[98.049097,3.17914],[98.04712,3.177543],[98.053084,3.165111],[98.048039,3.160165],[98.043943,3.159115],[98.038037,3.152835],[98.016188,3.184022],[98.0122,3.179889],[98.00878,3.181431],[98.007174,3.180682],[98.008395,3.175606],[97.988157,3.153961],[97.984306,3.153058],[97.982276,3.14689],[97.974887,3.138523],[97.973887,3.136638],[97.975056,3.134691],[97.973612,3.133247],[97.964314,3.144734],[97.95057,3.155347],[97.946169,3.161872],[97.943072,3.160927],[97.940401,3.162253],[97.94413,3.166981],[97.95583,3.17611],[97.957126,3.17898],[97.953781,3.180782],[97.951493,3.184033],[97.944775,3.206965],[97.941265,3.205504],[97.937239,3.205337],[97.93248,3.20979],[97.92832,3.21892],[97.919248,3.229937],[97.920719,3.238568],[97.918996,3.244458],[97.920518,3.247674],[97.919854,3.252172],[97.917475,3.25661],[97.920538,3.25614],[97.927583,3.259717],[97.928531,3.259124],[97.935464,3.260971],[97.940304,3.264408],[97.942007,3.26431],[97.945365,3.267692],[97.94664,3.270986],[97.946129,3.271771],[97.962626,3.273077],[97.963935,3.2739],[97.964325,3.276741],[97.976327,3.276387],[97.979473,3.285309],[97.981533,3.286295],[97.98273,3.28661],[97.985902,3.282092],[97.988218,3.280817],[97.992995,3.281694],[97.995627,3.283156],[97.999471,3.288743],[98.002701,3.291318],[98.007734,3.292555],[98.01138,3.294712],[98.016977,3.30254],[98.020751,3.302636],[98.020744,3.308568],[98.019706,3.312445],[98.020183,3.315992],[98.0226,3.322097],[98.028895,3.331015],[98.031657,3.328837],[98.042023,3.324468],[98.055808,3.315843]]]}},{"type":"Feature","properties":{"nmkec":"Muara Batang Toru","nmkab":"Tapanuli Selatan","nmprov":"Sumatera Utara","kdkec":"102","kdkab":"03","kodekab":"1203","idkec":"1203102","index":230},"geometry":{"type":"Polygon","coordinates":[[[98.997913,1.473996],[99.004197,1.473066],[99.007448,1.467099],[99.014069,1.46552],[99.016852,1.455864],[99.019122,1.453067],[99.01198,1.451475],[99.004738,1.445146],[99.002012,1.444941],[98.996672,1.446574],[98.994494,1.443385],[98.994047,1.441401],[98.995791,1.435004],[99.002905,1.42378],[99.000151,1.415986],[98.999807,1.407562],[98.994996,1.403807],[98.986738,1.402694],[98.983703,1.400723],[98.97715,1.403207],[98.974452,1.402394],[98.971282,1.397611],[98.965201,1.393889],[98.964701,1.390515],[98.961431,1.387003],[98.954793,1.383277],[98.954866,1.380323],[98.959106,1.373371],[98.968284,1.368329],[98.971896,1.363375],[98.974813,1.354738],[98.974957,1.350677],[98.96959,1.345446],[98.9573,1.336176],[98.951054,1.328907],[98.948627,1.328253],[98.942654,1.328978],[98.937289,1.326658],[98.922738,1.30629],[98.920704,1.304375],[98.917669,1.305371],[98.913308,1.30424],[98.90981,1.299469],[98.908145,1.294568],[98.905066,1.292154],[98.902879,1.295512],[98.887129,1.299566],[98.883288,1.29817],[98.878142,1.294643],[98.874701,1.290953],[98.869719,1.288382],[98.867304,1.285608],[98.867765,1.281961],[98.869871,1.282114],[98.869768,1.28047],[98.867304,1.279238],[98.864939,1.279753],[98.855532,1.28792],[98.854769,1.285833],[98.852633,1.286009],[98.851236,1.28755],[98.848993,1.295645],[98.845812,1.29888],[98.843443,1.297297],[98.842436,1.300798],[98.849913,1.301992],[98.851385,1.303148],[98.854013,1.307585],[98.854368,1.314798],[98.838614,1.351076],[98.823904,1.375666],[98.806475,1.397253],[98.786959,1.417852],[98.781961,1.425219],[98.779589,1.431466],[98.780761,1.431777],[98.785855,1.429231],[98.791726,1.428028],[98.796714,1.424404],[98.800481,1.423785],[98.801453,1.425005],[98.798871,1.430132],[98.798447,1.433138],[98.800693,1.435206],[98.80614,1.433032],[98.802267,1.428205],[98.802426,1.42619],[98.803983,1.424598],[98.807997,1.425924],[98.807219,1.428117],[98.808705,1.431105],[98.81448,1.432722],[98.81708,1.435631],[98.819121,1.434517],[98.817547,1.429549],[98.819245,1.427392],[98.821491,1.426543],[98.821916,1.431564],[98.824763,1.433633],[98.828005,1.432961],[98.829172,1.429677],[98.830835,1.428289],[98.834009,1.428621],[98.841175,1.433125],[98.841149,1.440541],[98.834968,1.446615],[98.832067,1.446579],[98.830564,1.450354],[98.831254,1.453147],[98.832598,1.453793],[98.834566,1.453125],[98.83625,1.450628],[98.838355,1.451397],[98.83915,1.452767],[98.838806,1.458328],[98.841069,1.461872],[98.847286,1.456577],[98.848701,1.456418],[98.847707,1.46189],[98.849316,1.463022],[98.852397,1.461351],[98.853971,1.467415],[98.855729,1.467889],[98.856659,1.46707],[98.856854,1.464003],[98.860568,1.462739],[98.863106,1.467751],[98.865988,1.467327],[98.864715,1.459565],[98.868096,1.454292],[98.869043,1.454752],[98.870197,1.458191],[98.869617,1.465581],[98.870219,1.466792],[98.871032,1.466456],[98.874925,1.461372],[98.877896,1.451586],[98.882064,1.447269],[98.886508,1.446593],[98.891944,1.449153],[98.892717,1.45065],[98.892253,1.454368],[98.895244,1.44989],[98.894713,1.446964],[98.897161,1.446472],[98.90033,1.447876],[98.903702,1.440891],[98.914433,1.446065],[98.918292,1.44535],[98.924899,1.448632],[98.927719,1.447264],[98.93046,1.440944],[98.943225,1.434773],[98.944291,1.436055],[98.942823,1.439627],[98.943511,1.442713],[98.946706,1.445054],[98.953922,1.442075],[98.957714,1.441859],[98.963214,1.44764],[98.969845,1.446524],[98.971998,1.452378],[98.971079,1.453989],[98.973041,1.45838],[98.974619,1.458155],[98.97518,1.456214],[98.988727,1.453745],[98.989884,1.455848],[98.988168,1.461042],[98.972968,1.460532],[98.971913,1.465872],[98.974029,1.465192],[98.978256,1.469824],[98.982808,1.471327],[98.986356,1.471592],[98.991069,1.469797],[98.994731,1.473314],[98.997913,1.473996]],[[98.986454,1.449423],[98.973321,1.444067],[98.969909,1.444075],[98.968591,1.443096],[98.968237,1.440568],[98.971809,1.438924],[98.974381,1.43963],[98.983323,1.444511],[98.986901,1.448552],[98.986454,1.449423]]]}},{"type":"Feature","properties":{"nmkec":"Sipirok","nmkab":"Tapanuli Selatan","nmprov":"Sumatera Utara","kdkec":"110","kdkab":"03","kodekab":"1203","idkec":"1203110","index":231},"geometry":{"type":"Polygon","coordinates":[[[99.219343,1.693136],[99.247896,1.677488],[99.260466,1.672239],[99.264387,1.670885],[99.274614,1.671019],[99.277687,1.670225],[99.277037,1.66479],[99.27975,1.658936],[99.282355,1.657972],[99.285559,1.659658],[99.290125,1.653925],[99.291052,1.65172],[99.290957,1.645083],[99.294082,1.641698],[99.295549,1.636526],[99.294867,1.629561],[99.297182,1.628766],[99.300158,1.631166],[99.301241,1.634958],[99.30974,1.637407],[99.321306,1.646757],[99.346617,1.650225],[99.357438,1.647389],[99.391596,1.653231],[99.410963,1.662821],[99.421679,1.667025],[99.444101,1.667273],[99.43943,1.66371],[99.435463,1.655971],[99.437454,1.644037],[99.435646,1.635884],[99.434891,1.625158],[99.437798,1.621503],[99.444768,1.619766],[99.449399,1.616384],[99.454178,1.60338],[99.454315,1.593067],[99.450043,1.586764],[99.447302,1.584351],[99.429314,1.574627],[99.426643,1.574284],[99.419037,1.57708],[99.412247,1.577372],[99.409782,1.57727],[99.403918,1.574785],[99.401926,1.571636],[99.404047,1.562833],[99.412484,1.553315],[99.408674,1.556753],[99.403246,1.559862],[99.395681,1.54981],[99.38351,1.541469],[99.369524,1.533518],[99.344824,1.523829],[99.336049,1.522642],[99.327452,1.518892],[99.325009,1.512933],[99.305931,1.506756],[99.303357,1.50731],[99.300752,1.510915],[99.284056,1.507738],[99.277834,1.508696],[99.271315,1.511988],[99.264376,1.512106],[99.261328,1.513899],[99.259474,1.517427],[99.258577,1.522036],[99.259893,1.542849],[99.257322,1.548697],[99.254305,1.55197],[99.250429,1.554296],[99.222266,1.55716],[99.215836,1.555069],[99.211728,1.557084],[99.206112,1.557704],[99.194933,1.552595],[99.1888,1.543746],[99.184291,1.543062],[99.179896,1.544866],[99.175388,1.544551],[99.173498,1.541313],[99.172987,1.53722],[99.156998,1.541856],[99.153989,1.541541],[99.149411,1.544998],[99.149917,1.549944],[99.152352,1.554869],[99.168093,1.576157],[99.169775,1.581907],[99.167763,1.589154],[99.167368,1.59447],[99.164848,1.597811],[99.165269,1.600252],[99.168524,1.603595],[99.170781,1.602849],[99.173341,1.603639],[99.176196,1.608617],[99.176653,1.613738],[99.175374,1.622163],[99.176306,1.626767],[99.179263,1.627697],[99.1797,1.630331],[99.178203,1.633276],[99.174593,1.634183],[99.175259,1.638883],[99.177686,1.639822],[99.176948,1.643356],[99.167615,1.653178],[99.162606,1.663825],[99.166374,1.666462],[99.169893,1.667181],[99.175173,1.671911],[99.181742,1.674395],[99.193674,1.68421],[99.198439,1.685049],[99.215776,1.692675],[99.219343,1.693136]]]}},{"type":"Feature","properties":{"nmkec":"Arse","nmkab":"Tapanuli Selatan","nmprov":"Sumatera Utara","kdkec":"120","kdkab":"03","kodekab":"1203","idkec":"1203120","index":232},"geometry":{"type":"Polygon","coordinates":[[[99.328991,1.758142],[99.34984,1.75226],[99.359583,1.746618],[99.364752,1.747152],[99.369566,1.746084],[99.370874,1.743883],[99.373606,1.743765],[99.382696,1.746855],[99.401766,1.743944],[99.408548,1.743719],[99.414244,1.74531],[99.418047,1.742697],[99.420065,1.739489],[99.42898,1.73723],[99.446028,1.730337],[99.449892,1.730459],[99.453814,1.732595],[99.460466,1.733606],[99.467714,1.731585],[99.487677,1.731161],[99.498554,1.729944],[99.500958,1.727274],[99.502209,1.723619],[99.501632,1.715227],[99.502642,1.710322],[99.50601,1.704695],[99.508081,1.70321],[99.50285,1.70254],[99.499897,1.703827],[99.497029,1.706856],[99.492963,1.708581],[99.48808,1.707488],[99.480498,1.701577],[99.471725,1.682855],[99.46905,1.674832],[99.466759,1.671997],[99.463019,1.669886],[99.448418,1.667528],[99.421679,1.667025],[99.410963,1.662821],[99.391596,1.653231],[99.357438,1.647389],[99.346617,1.650225],[99.321306,1.646757],[99.30974,1.637407],[99.301241,1.634958],[99.300158,1.631166],[99.297182,1.628766],[99.294867,1.629561],[99.295549,1.636526],[99.294082,1.641698],[99.290957,1.645083],[99.291052,1.65172],[99.290125,1.653925],[99.285559,1.659658],[99.282355,1.657972],[99.27975,1.658936],[99.277037,1.66479],[99.277687,1.670225],[99.274614,1.671019],[99.264387,1.670885],[99.260466,1.672239],[99.247896,1.677488],[99.219343,1.693136],[99.240084,1.705126],[99.244017,1.719217],[99.247206,1.723501],[99.249796,1.724272],[99.251314,1.726374],[99.251608,1.731234],[99.247908,1.741095],[99.246386,1.748419],[99.24457,1.752554],[99.241659,1.755494],[99.265238,1.754438],[99.294441,1.758784],[99.306709,1.759367],[99.328991,1.758142]]]}},{"type":"Feature","properties":{"nmkec":"Aek Bilah","nmkab":"Tapanuli Selatan","nmprov":"Sumatera Utara","kdkec":"161","kdkab":"03","kodekab":"1203","idkec":"1203161","index":233},"geometry":{"type":"Polygon","coordinates":[[[99.473234,2.119223],[99.489828,2.119707],[99.504248,2.121477],[99.508841,2.123571],[99.51166,2.123171],[99.513433,2.121397],[99.517942,2.099165],[99.521647,2.093833],[99.525104,2.091291],[99.535021,2.092478],[99.538645,2.091028],[99.55081,2.077898],[99.54616,2.06312],[99.547667,2.059603],[99.550978,2.056128],[99.55282,2.052607],[99.553698,2.047037],[99.556295,2.042265],[99.565596,2.029573],[99.567198,2.028547],[99.573267,2.029448],[99.579573,2.022333],[99.588351,2.016213],[99.587259,2.011236],[99.582674,2.000708],[99.599368,1.980185],[99.602225,1.975981],[99.602804,1.973341],[99.604712,1.972147],[99.608564,1.972773],[99.61487,1.969751],[99.625391,1.967772],[99.633587,1.963875],[99.630109,1.95881],[99.62331,1.956197],[99.618843,1.956708],[99.614616,1.95515],[99.612875,1.951898],[99.603594,1.947104],[99.599974,1.946653],[99.59873,1.944391],[99.59873,1.939642],[99.600313,1.935682],[99.601828,1.924032],[99.598467,1.916929],[99.599546,1.91395],[99.606775,1.912493],[99.615652,1.907228],[99.613784,1.893467],[99.612077,1.889629],[99.607534,1.88592],[99.600462,1.886025],[99.59407,1.888107],[99.567583,1.891058],[99.561829,1.888904],[99.558663,1.884803],[99.553736,1.883497],[99.54711,1.8836],[99.524073,1.879827],[99.498079,1.8836],[99.472696,1.882578],[99.457407,1.884924],[99.450373,1.899706],[99.437204,1.907495],[99.431822,1.908777],[99.418917,1.909227],[99.411947,1.911734],[99.408785,1.913973],[99.396654,1.916624],[99.376677,1.925798],[99.363515,1.934146],[99.366461,1.93849],[99.374647,1.940882],[99.376382,1.942918],[99.376985,1.947331],[99.379504,1.950423],[99.383006,1.950324],[99.391941,1.952406],[99.428589,1.949034],[99.435961,1.952467],[99.440268,1.953039],[99.44874,1.949881],[99.454531,1.95175],[99.457499,1.954237],[99.458647,1.96295],[99.449152,1.996519],[99.447947,2.010004],[99.445787,2.015741],[99.444502,2.032999],[99.446028,2.040945],[99.450197,2.082731],[99.45497,2.098485],[99.456339,2.110792],[99.459592,2.126038],[99.460993,2.12607],[99.473234,2.119223]]]}},{"type":"Feature","properties":{"nmkec":"Badiri","nmkab":"Tapanuli Tengah","nmprov":"Sumatera Utara","kdkec":"011","kdkab":"04","kodekab":"1204","idkec":"1204011","index":234},"geometry":{"type":"Polygon","coordinates":[[[98.96557,1.666868],[98.947711,1.646979],[98.948101,1.640594],[98.924784,1.623209],[98.909654,1.614948],[98.906216,1.613759],[98.901655,1.613766],[98.892564,1.6097],[98.884895,1.602347],[98.884263,1.601396],[98.884711,1.583826],[98.881474,1.579483],[98.871733,1.575434],[98.866247,1.556443],[98.866468,1.553037],[98.860338,1.548126],[98.850848,1.542866],[98.838351,1.532745],[98.838948,1.499166],[98.805692,1.505967],[98.80162,1.50004],[98.797932,1.491596],[98.789612,1.485289],[98.768857,1.483971],[98.761772,1.499828],[98.744545,1.510287],[98.742027,1.515806],[98.737732,1.521728],[98.733215,1.524199],[98.729149,1.531443],[98.725189,1.548406],[98.718155,1.553176],[98.715691,1.556338],[98.712028,1.564445],[98.712997,1.566573],[98.7174,1.569796],[98.720833,1.56997],[98.725048,1.568278],[98.731133,1.56825],[98.740349,1.559455],[98.741654,1.553806],[98.748024,1.540883],[98.758957,1.530364],[98.76625,1.528488],[98.768643,1.531164],[98.769714,1.536408],[98.769196,1.543769],[98.77491,1.554584],[98.775085,1.557689],[98.772392,1.564589],[98.773247,1.567752],[98.781029,1.575405],[98.782631,1.580927],[98.789207,1.579894],[98.790581,1.573339],[98.791901,1.571614],[98.803688,1.567364],[98.807289,1.567884],[98.809006,1.571565],[98.807457,1.578235],[98.803658,1.578971],[98.799192,1.578426],[98.796108,1.582859],[98.799462,1.587824],[98.799732,1.595588],[98.800679,1.597904],[98.802303,1.600356],[98.80704,1.603489],[98.813401,1.603353],[98.820575,1.600902],[98.832914,1.626858],[98.835568,1.628707],[98.839445,1.635286],[98.847044,1.633222],[98.856678,1.639678],[98.864392,1.643224],[98.863758,1.643996],[98.868589,1.638906],[98.883654,1.635646],[98.892867,1.638932],[98.901404,1.643273],[98.910215,1.65203],[98.921763,1.652796],[98.925385,1.649039],[98.927277,1.649592],[98.931936,1.653073],[98.937476,1.659387],[98.945442,1.664722],[98.965987,1.675816],[98.967414,1.672471],[98.96557,1.666868]]]}},{"type":"Feature","properties":{"nmkec":"Lumut","nmkab":"Tapanuli Tengah","nmprov":"Sumatera Utara","kdkec":"021","kdkab":"04","kodekab":"1204","idkec":"1204021","index":235},"geometry":{"type":"Polygon","coordinates":[[[98.973921,1.604795],[98.966566,1.579366],[98.962334,1.559125],[98.959019,1.558739],[98.95059,1.547066],[98.948197,1.540642],[98.942604,1.536187],[98.947435,1.523314],[98.948191,1.518776],[98.948208,1.515549],[98.943899,1.513457],[98.950035,1.509036],[98.950615,1.505758],[98.950359,1.50221],[98.948129,1.49614],[98.941313,1.49391],[98.939578,1.49007],[98.953507,1.489251],[98.953091,1.481121],[98.947376,1.483254],[98.942214,1.479637],[98.936684,1.478245],[98.925346,1.479914],[98.901075,1.477941],[98.895614,1.468549],[98.892544,1.457104],[98.892354,1.449732],[98.886508,1.446593],[98.88059,1.448138],[98.877896,1.451586],[98.874925,1.461372],[98.870537,1.466721],[98.86927,1.462831],[98.870197,1.458191],[98.869043,1.454752],[98.868096,1.454292],[98.864715,1.459565],[98.866121,1.466372],[98.865157,1.467866],[98.863106,1.467751],[98.860568,1.462739],[98.856854,1.464003],[98.856306,1.467592],[98.854086,1.467609],[98.852397,1.461351],[98.849316,1.463022],[98.847707,1.46189],[98.848962,1.456888],[98.848418,1.456268],[98.840769,1.461802],[98.838806,1.458328],[98.83915,1.452767],[98.838355,1.451397],[98.835967,1.450725],[98.834566,1.453125],[98.832598,1.453793],[98.831254,1.453147],[98.830617,1.451273],[98.832067,1.446579],[98.834968,1.446615],[98.841149,1.440541],[98.841175,1.433125],[98.832997,1.428227],[98.829889,1.428908],[98.828005,1.432961],[98.824763,1.433633],[98.821916,1.431564],[98.821491,1.426543],[98.819245,1.427392],[98.817547,1.429549],[98.819121,1.434517],[98.817628,1.435702],[98.815108,1.434208],[98.81448,1.432722],[98.808705,1.431105],[98.807219,1.428117],[98.807997,1.425924],[98.803983,1.424598],[98.802426,1.42619],[98.802267,1.428205],[98.80614,1.433032],[98.800693,1.435206],[98.798447,1.433138],[98.798871,1.430132],[98.801453,1.425005],[98.800481,1.423785],[98.796714,1.424404],[98.791726,1.428028],[98.785855,1.429231],[98.780761,1.431777],[98.775986,1.445784],[98.77684,1.451068],[98.77655,1.458659],[98.773353,1.471162],[98.803381,1.470762],[98.832006,1.474971],[98.848674,1.480414],[98.848673,1.483805],[98.872592,1.49754],[98.879189,1.498908],[98.882551,1.502261],[98.885894,1.511463],[98.892964,1.51709],[98.893238,1.518642],[98.902854,1.530373],[98.910544,1.536139],[98.91537,1.538419],[98.91957,1.536847],[98.923459,1.537531],[98.931481,1.546621],[98.937117,1.557029],[98.94783,1.554764],[98.943417,1.564599],[98.952418,1.56858],[98.942278,1.585308],[98.933156,1.59156],[98.933241,1.59229],[98.934447,1.5947],[98.941459,1.59823],[98.948718,1.611469],[98.949912,1.615262],[98.947711,1.646979],[98.96557,1.666868],[98.967414,1.672471],[98.973296,1.662375],[98.977306,1.661235],[98.977786,1.649688],[98.976985,1.632944],[98.973921,1.604795]]]}},{"type":"Feature","properties":{"nmkec":"Tukka","nmkab":"Tapanuli Tengah","nmprov":"Sumatera Utara","kdkec":"031","kdkab":"04","kodekab":"1204","idkec":"1204031","index":236},"geometry":{"type":"Polygon","coordinates":[[[98.969023,1.758379],[98.97135,1.758021],[98.973877,1.75531],[98.977103,1.746889],[98.97296,1.727776],[98.97321,1.721463],[98.974929,1.71668],[98.974233,1.708296],[98.970272,1.702488],[98.964797,1.690543],[98.963981,1.682195],[98.965987,1.675816],[98.945442,1.664722],[98.937476,1.659387],[98.931936,1.653073],[98.927277,1.649592],[98.925385,1.649039],[98.921763,1.652796],[98.910215,1.65203],[98.901404,1.643273],[98.892867,1.638932],[98.883654,1.635646],[98.868589,1.638906],[98.860312,1.647625],[98.853292,1.652999],[98.853047,1.654891],[98.855723,1.660132],[98.855704,1.663252],[98.851932,1.673915],[98.850867,1.675181],[98.841478,1.677158],[98.838852,1.688088],[98.839218,1.690041],[98.841909,1.693455],[98.852462,1.713174],[98.852667,1.716583],[98.859654,1.72153],[98.863241,1.725727],[98.870415,1.72912],[98.876207,1.731034],[98.885111,1.728077],[98.896089,1.732514],[98.904733,1.741126],[98.905941,1.748864],[98.917943,1.749806],[98.927782,1.748648],[98.940322,1.749034],[98.952881,1.751282],[98.969023,1.758379]]]}},{"type":"Feature","properties":{"nmkec":"Sitahuis","nmkab":"Tapanuli Tengah","nmprov":"Sumatera Utara","kdkec":"041","kdkab":"04","kodekab":"1204","idkec":"1204041","index":237},"geometry":{"type":"Polygon","coordinates":[[[98.820568,1.849795],[98.830687,1.833868],[98.835887,1.831094],[98.837512,1.828713],[98.837779,1.82486],[98.839588,1.822084],[98.847331,1.817523],[98.858521,1.813086],[98.865455,1.796556],[98.866817,1.788198],[98.86701,1.777407],[98.856747,1.771992],[98.831573,1.765826],[98.827654,1.763855],[98.825142,1.760274],[98.799186,1.743844],[98.792908,1.751282],[98.794809,1.756397],[98.796751,1.758543],[98.792278,1.757448],[98.794862,1.79384],[98.800675,1.798765],[98.794835,1.802422],[98.791655,1.808604],[98.782244,1.816391],[98.783875,1.819082],[98.779453,1.828247],[98.774228,1.833639],[98.773788,1.838502],[98.78377,1.843586],[98.779381,1.844698],[98.773388,1.8479],[98.77496,1.850182],[98.776854,1.848797],[98.782507,1.848427],[98.786133,1.851581],[98.789696,1.857208],[98.789419,1.862382],[98.802595,1.871744],[98.820568,1.849795]]]}},{"type":"Feature","properties":{"nmkec":"Pahae Julu","nmkab":"Tapanuli Utara","nmprov":"Sumatera Utara","kdkec":"070","kdkab":"05","kodekab":"1205","idkec":"1205070","index":238},"geometry":{"type":"Polygon","coordinates":[[[99.056627,1.950444],[99.067428,1.940051],[99.069863,1.934311],[99.076571,1.925016],[99.080451,1.916457],[99.092878,1.89737],[99.090919,1.896971],[99.086773,1.882615],[99.083633,1.875198],[99.084848,1.866451],[99.084216,1.84323],[99.072907,1.829616],[99.072796,1.827735],[99.061981,1.803837],[99.058824,1.802117],[99.035174,1.804652],[98.983615,1.802256],[98.982103,1.822414],[98.984885,1.827637],[98.985434,1.857935],[98.989334,1.90117],[98.993881,1.910866],[98.996771,1.911573],[98.999734,1.914914],[98.996805,1.930008],[98.991395,1.94783],[98.990863,1.954037],[99.00896,1.953739],[99.011179,1.95103],[99.013768,1.949791],[99.036351,1.950566],[99.04431,1.954941],[99.046322,1.964333],[99.050046,1.968601],[99.049951,1.962443],[99.056627,1.950444]]]}},{"type":"Feature","properties":{"nmkec":"Kolang","nmkab":"Tapanuli Tengah","nmprov":"Sumatera Utara","kdkec":"050","kdkab":"04","kodekab":"1204","idkec":"1204050","index":239},"geometry":{"type":"Polygon","coordinates":[[[98.750411,1.959906],[98.763793,1.95701],[98.773633,1.957589],[98.780192,1.954309],[98.78598,1.949293],[98.791123,1.936968],[98.797057,1.932371],[98.805634,1.927889],[98.809278,1.922174],[98.806868,1.912088],[98.79148,1.911099],[98.788102,1.907428],[98.790159,1.907036],[98.791143,1.903962],[98.789646,1.897396],[98.787109,1.895325],[98.782288,1.887085],[98.781677,1.879089],[98.784584,1.875083],[98.786008,1.866837],[98.788347,1.861621],[98.789419,1.862382],[98.789696,1.857208],[98.786133,1.851581],[98.782507,1.848427],[98.776854,1.848797],[98.775008,1.850252],[98.769888,1.84991],[98.758299,1.837932],[98.744895,1.819275],[98.732032,1.805782],[98.729549,1.805186],[98.709828,1.794005],[98.705786,1.791079],[98.704356,1.786428],[98.701427,1.785335],[98.699549,1.7857],[98.697293,1.787212],[98.697279,1.78895],[98.695148,1.790757],[98.688379,1.789377],[98.669531,1.779954],[98.658093,1.772326],[98.653718,1.780454],[98.640533,1.798761],[98.62145,1.819066],[98.606885,1.839215],[98.602135,1.843806],[98.600172,1.842462],[98.597608,1.843576],[98.595633,1.846212],[98.600013,1.849003],[98.59996,1.853563],[98.602064,1.853563],[98.604985,1.860293],[98.613191,1.864811],[98.618638,1.87163],[98.621482,1.879474],[98.624002,1.882099],[98.628803,1.882648],[98.633526,1.88582],[98.643272,1.899204],[98.648539,1.899824],[98.659281,1.898667],[98.663453,1.899186],[98.667231,1.902838],[98.675721,1.901722],[98.679307,1.902896],[98.684709,1.912113],[98.683554,1.917659],[98.683017,1.929823],[98.688823,1.943117],[98.691687,1.945711],[98.703573,1.947122],[98.715856,1.941348],[98.721464,1.940408],[98.726403,1.944036],[98.737166,1.944312],[98.738151,1.949411],[98.750411,1.959906]]]}},{"type":"Feature","properties":{"nmkec":"Kotarih","nmkab":"Serdang Bedagai","nmprov":"Sumatera Utara","kdkec":"010","kdkab":"18","kodekab":"1218","idkec":"1218010","index":240},"geometry":{"type":"Polygon","coordinates":[[[98.899489,3.35951],[98.90677,3.359149],[98.90416,3.351443],[98.903983,3.34751],[98.906628,3.339643],[98.904723,3.337127],[98.9052,3.331719],[98.903488,3.325135],[98.905978,3.31657],[98.90602,3.311417],[98.904007,3.309072],[98.905475,3.304293],[98.903129,3.301268],[98.878175,3.301761],[98.868267,3.285527],[98.865809,3.27408],[98.875529,3.274267],[98.875544,3.272724],[98.87129,3.265378],[98.862708,3.258535],[98.864903,3.249023],[98.863992,3.242732],[98.862167,3.239753],[98.859953,3.237677],[98.858244,3.237728],[98.85137,3.229164],[98.84277,3.225022],[98.840683,3.222374],[98.788768,3.222501],[98.793191,3.230835],[98.802693,3.238837],[98.803728,3.243059],[98.815191,3.247262],[98.823098,3.257537],[98.825318,3.25853],[98.82655,3.260643],[98.836938,3.29006],[98.837938,3.296387],[98.840671,3.301749],[98.840516,3.307598],[98.847603,3.313841],[98.832617,3.319567],[98.834082,3.327789],[98.835463,3.33005],[98.84118,3.333179],[98.845781,3.337437],[98.851302,3.338821],[98.857684,3.344529],[98.859811,3.341347],[98.862071,3.342077],[98.86317,3.343706],[98.869175,3.344915],[98.87734,3.348675],[98.885618,3.355627],[98.899489,3.35951]]]}},{"type":"Feature","properties":{"nmkec":"Silinda","nmkab":"Serdang Bedagai","nmprov":"Sumatera Utara","kdkec":"011","kdkab":"18","kodekab":"1218","idkec":"1218011","index":241},"geometry":{"type":"Polygon","coordinates":[[[98.832962,3.319435],[98.847603,3.313841],[98.840516,3.307598],[98.840671,3.301749],[98.837938,3.296387],[98.836938,3.29006],[98.825494,3.258752],[98.823098,3.257537],[98.815191,3.247262],[98.803728,3.243059],[98.802693,3.238837],[98.792637,3.23005],[98.786672,3.21755],[98.783926,3.214365],[98.770596,3.214587],[98.76326,3.219097],[98.760655,3.217762],[98.757444,3.21201],[98.750101,3.209002],[98.748074,3.21476],[98.748072,3.221234],[98.750547,3.228704],[98.749555,3.232688],[98.752822,3.239396],[98.764541,3.248544],[98.768499,3.252835],[98.771298,3.263153],[98.774828,3.268048],[98.789193,3.275734],[98.793194,3.281238],[98.796403,3.287725],[98.796297,3.299204],[98.801419,3.303016],[98.810071,3.305546],[98.818887,3.312907],[98.822372,3.31452],[98.829821,3.315314],[98.832962,3.319435]]]}},{"type":"Feature","properties":{"nmkec":"Sorkam","nmkab":"Tapanuli Tengah","nmprov":"Sumatera Utara","kdkec":"060","kdkab":"04","kodekab":"1204","idkec":"1204060","index":242},"geometry":{"type":"Polygon","coordinates":[[[98.707124,1.971593],[98.716333,1.963377],[98.727478,1.957886],[98.7445,1.960483],[98.750411,1.959906],[98.738151,1.949411],[98.737166,1.944312],[98.726403,1.944036],[98.721464,1.940408],[98.715856,1.941348],[98.703573,1.947122],[98.691687,1.945711],[98.688823,1.943117],[98.683017,1.929823],[98.683554,1.917659],[98.684709,1.912113],[98.679307,1.902896],[98.675721,1.901722],[98.667231,1.902838],[98.663453,1.899186],[98.659281,1.898667],[98.648539,1.899824],[98.643272,1.899204],[98.633526,1.88582],[98.628803,1.882648],[98.624002,1.882099],[98.621482,1.879474],[98.618638,1.87163],[98.613191,1.864811],[98.604985,1.860293],[98.602064,1.853563],[98.59996,1.853563],[98.600013,1.849003],[98.595633,1.846212],[98.589111,1.856689],[98.583744,1.860735],[98.577996,1.863103],[98.57285,1.862343],[98.569171,1.864535],[98.563817,1.865631],[98.574497,1.883191],[98.574309,1.886876],[98.584272,1.88987],[98.589183,1.888311],[98.591381,1.889743],[98.590216,1.892997],[98.591637,1.903148],[98.589859,1.912622],[98.59098,1.915788],[98.603432,1.920488],[98.604497,1.920348],[98.606595,1.916988],[98.608666,1.916283],[98.610093,1.91789],[98.609786,1.92148],[98.602736,1.929911],[98.598339,1.930328],[98.596679,1.933082],[98.597343,1.935169],[98.601325,1.936795],[98.595847,1.944852],[98.595992,1.947226],[98.598669,1.948165],[98.60068,1.947752],[98.612399,1.943251],[98.61695,1.949639],[98.644098,1.945087],[98.650863,1.949976],[98.656005,1.95587],[98.678065,1.988017],[98.699382,1.973298],[98.703674,1.97168],[98.707124,1.971593]]]}},{"type":"Feature","properties":{"nmkec":"Sorkam Barat","nmkab":"Tapanuli Tengah","nmprov":"Sumatera Utara","kdkec":"061","kdkab":"04","kodekab":"1204","idkec":"1204061","index":243},"geometry":{"type":"MultiPolygon","coordinates":[[[[98.576226,1.948495],[98.577591,1.940406],[98.58631,1.931479],[98.597275,1.932094],[98.598339,1.930328],[98.602736,1.929911],[98.609786,1.92148],[98.610093,1.91789],[98.608666,1.916283],[98.606595,1.916988],[98.604497,1.920348],[98.603432,1.920488],[98.59098,1.915788],[98.589859,1.912622],[98.591637,1.903148],[98.590216,1.892997],[98.591381,1.889743],[98.589183,1.888311],[98.584272,1.88987],[98.574309,1.886876],[98.574497,1.883191],[98.563817,1.865631],[98.56169,1.868848],[98.56198,1.87591],[98.559396,1.882891],[98.553007,1.891182],[98.544588,1.905676],[98.538327,1.912693],[98.533535,1.915345],[98.528764,1.920154],[98.522675,1.927985],[98.515018,1.932384],[98.511901,1.938177],[98.522663,1.9467],[98.529751,1.947917],[98.53425,1.94405],[98.542244,1.94834],[98.551086,1.947059],[98.553758,1.949788],[98.569068,1.957651],[98.576226,1.948495]]],[[[98.544383,1.853872],[98.549918,1.853642],[98.546806,1.850708],[98.544595,1.8494],[98.543657,1.849912],[98.544383,1.853872]]]]}},{"type":"Feature","properties":{"nmkec":"Pahae Jae","nmkab":"Tapanuli Utara","nmprov":"Sumatera Utara","kdkec":"080","kdkab":"05","kodekab":"1205","idkec":"1205080","index":244},"geometry":{"type":"Polygon","coordinates":[[[99.092878,1.89737],[99.093289,1.895447],[99.098519,1.89244],[99.108053,1.889812],[99.113665,1.886633],[99.134221,1.887015],[99.16368,1.882503],[99.183454,1.882686],[99.190434,1.878336],[99.193398,1.87836],[99.201998,1.873256],[99.204469,1.87081],[99.204672,1.8622],[99.206516,1.856206],[99.206996,1.843937],[99.19662,1.843422],[99.189253,1.837016],[99.190161,1.831838],[99.191835,1.828775],[99.200854,1.81634],[99.189117,1.793167],[99.176893,1.780571],[99.175445,1.77676],[99.170645,1.771393],[99.16289,1.768273],[99.158448,1.768119],[99.150953,1.765002],[99.138086,1.758045],[99.132869,1.751827],[99.124113,1.763179],[99.121767,1.765309],[99.113975,1.767957],[99.11232,1.773402],[99.110633,1.775368],[99.105989,1.777023],[99.101878,1.776863],[99.091675,1.773463],[99.094324,1.767274],[99.081535,1.769277],[99.076008,1.769028],[99.056926,1.771093],[99.040045,1.773709],[99.032444,1.773782],[98.997309,1.780894],[98.982853,1.786941],[98.983772,1.788506],[98.983615,1.802256],[99.035174,1.804652],[99.058824,1.802117],[99.061981,1.803837],[99.072796,1.827735],[99.072907,1.829616],[99.084216,1.84323],[99.084848,1.866451],[99.083633,1.875198],[99.086773,1.882615],[99.090919,1.896971],[99.092878,1.89737]]]}},{"type":"Feature","properties":{"nmkec":"Pasaribu Tobing","nmkab":"Tapanuli Tengah","nmprov":"Sumatera Utara","kdkec":"062","kdkab":"04","kodekab":"1204","idkec":"1204062","index":245},"geometry":{"type":"Polygon","coordinates":[[[98.607803,2.03947],[98.605426,2.033391],[98.606125,2.028571],[98.608267,2.024287],[98.611318,2.020931],[98.621277,2.015076],[98.623901,2.014709],[98.629585,2.016199],[98.634506,2.013837],[98.638177,2.011527],[98.644421,2.003414],[98.646792,2.00753],[98.648249,2.015344],[98.650723,2.01876],[98.651523,2.019528],[98.655369,2.01804],[98.664111,2.002332],[98.673057,1.992109],[98.678377,1.98778],[98.678385,1.987697],[98.656005,1.95587],[98.646573,1.946364],[98.644098,1.945087],[98.61695,1.949639],[98.612399,1.943251],[98.60068,1.947752],[98.596987,1.947948],[98.595614,1.946435],[98.595847,1.944852],[98.601325,1.936795],[98.597343,1.935169],[98.596679,1.933082],[98.597275,1.932094],[98.58631,1.931479],[98.577591,1.940406],[98.576226,1.948495],[98.564919,1.963312],[98.566091,1.969],[98.570976,1.979146],[98.572667,1.984779],[98.574758,1.994189],[98.575132,2.000656],[98.6001,2.005389],[98.600592,2.016783],[98.593083,2.016818],[98.583346,2.024028],[98.581475,2.026877],[98.585759,2.033346],[98.591576,2.039732],[98.596498,2.040136],[98.604177,2.046269],[98.607803,2.03947]]]}},{"type":"Feature","properties":{"nmkec":"Barus","nmkab":"Tapanuli Tengah","nmprov":"Sumatera Utara","kdkec":"070","kdkab":"04","kodekab":"1204","idkec":"1204070","index":246},"geometry":{"type":"Polygon","coordinates":[[[98.398353,2.049625],[98.404467,2.046026],[98.406018,2.042989],[98.406112,2.036623],[98.415777,2.030958],[98.418685,2.030104],[98.420859,2.030713],[98.423808,2.037416],[98.435401,2.03396],[98.432113,2.025769],[98.431965,2.023064],[98.436026,2.017033],[98.432001,2.005111],[98.421319,2.008771],[98.415518,2.006302],[98.400364,2.008059],[98.390747,2.006299],[98.384973,2.01017],[98.391307,2.019146],[98.391119,2.023107],[98.387615,2.029154],[98.388156,2.031638],[98.392231,2.03576],[98.391279,2.040064],[98.391779,2.042978],[98.395547,2.054617],[98.39686,2.055076],[98.398301,2.057915],[98.398913,2.056808],[98.398353,2.049625]]]}},{"type":"Feature","properties":{"nmkec":"Sosor Gadong","nmkab":"Tapanuli Tengah","nmprov":"Sumatera Utara","kdkec":"071","kdkab":"04","kodekab":"1204","idkec":"1204071","index":247},"geometry":{"type":"MultiPolygon","coordinates":[[[[98.468027,2.088335],[98.506061,2.079728],[98.510775,2.080094],[98.520532,2.083271],[98.525537,2.083495],[98.529825,2.082415],[98.539504,2.083178],[98.542769,2.082389],[98.549434,2.078272],[98.553941,2.07404],[98.562202,2.074588],[98.568954,2.078412],[98.584379,2.082307],[98.591988,2.083029],[98.596563,2.072083],[98.601294,2.067211],[98.605585,2.064385],[98.606843,2.062301],[98.6049,2.054226],[98.602248,2.051345],[98.602328,2.048342],[98.604177,2.046269],[98.596498,2.040136],[98.591576,2.039732],[98.585759,2.033346],[98.581475,2.026877],[98.583346,2.024028],[98.593083,2.016818],[98.600592,2.016783],[98.6001,2.005389],[98.575132,2.000656],[98.574758,1.994189],[98.572667,1.984779],[98.570976,1.979146],[98.566091,1.969],[98.564919,1.963312],[98.569068,1.957651],[98.553758,1.949788],[98.551086,1.947059],[98.542244,1.94834],[98.53425,1.94405],[98.529751,1.947917],[98.526798,1.947806],[98.522663,1.9467],[98.511901,1.938177],[98.50858,1.940674],[98.503416,1.940745],[98.500752,1.942152],[98.498888,1.948204],[98.49324,1.95888],[98.479532,1.973834],[98.477431,1.973804],[98.455094,1.993083],[98.439836,2.001954],[98.432001,2.005111],[98.436026,2.017033],[98.431965,2.023064],[98.432113,2.025769],[98.435401,2.03396],[98.444125,2.032796],[98.447544,2.033076],[98.447769,2.034029],[98.448112,2.038484],[98.4468,2.044209],[98.442932,2.057208],[98.43877,2.065772],[98.450235,2.075015],[98.459989,2.079329],[98.465147,2.083054],[98.468027,2.088335]]],[[[98.50002,1.939366],[98.499189,1.935371],[98.496519,1.937086],[98.497421,1.939384],[98.50002,1.939366]]]]}},{"type":"Feature","properties":{"nmkec":"Barus Utara","nmkab":"Tapanuli Tengah","nmprov":"Sumatera Utara","kdkec":"073","kdkab":"04","kodekab":"1204","idkec":"1204073","index":248},"geometry":{"type":"Polygon","coordinates":[[[98.412365,2.063417],[98.417747,2.062353],[98.423073,2.063922],[98.43877,2.065772],[98.442932,2.057208],[98.4468,2.044209],[98.448112,2.038484],[98.447544,2.033076],[98.435401,2.03396],[98.423808,2.037416],[98.420859,2.030713],[98.418685,2.030104],[98.406112,2.036623],[98.405652,2.038956],[98.406414,2.041516],[98.404467,2.046026],[98.399909,2.047839],[98.398353,2.049625],[98.398913,2.056808],[98.398155,2.059112],[98.401503,2.064615],[98.400241,2.066982],[98.401068,2.067626],[98.412365,2.063417]]]}},{"type":"Feature","properties":{"nmkec":"Sirandorung","nmkab":"Tapanuli Tengah","nmprov":"Sumatera Utara","kdkec":"081","kdkab":"04","kodekab":"1204","idkec":"1204081","index":249},"geometry":{"type":"Polygon","coordinates":[[[98.372805,2.131685],[98.386269,2.118532],[98.396862,2.117248],[98.389331,2.110166],[98.372321,2.100903],[98.372269,2.095735],[98.373791,2.088728],[98.366892,2.080828],[98.363577,2.071817],[98.351079,2.063763],[98.342224,2.047826],[98.328545,2.04221],[98.318306,2.044572],[98.314293,2.042043],[98.291368,2.060643],[98.278482,2.079766],[98.27875,2.085122],[98.277844,2.088547],[98.254068,2.109847],[98.252308,2.119293],[98.255368,2.121856],[98.259896,2.123146],[98.264759,2.12276],[98.262063,2.129255],[98.26431,2.133433],[98.276813,2.137087],[98.286513,2.142641],[98.309136,2.142755],[98.322571,2.150758],[98.326841,2.156515],[98.335572,2.149922],[98.336522,2.148089],[98.342703,2.145618],[98.35157,2.144563],[98.372805,2.131685]]]}},{"type":"Feature","properties":{"nmkec":"Dolok Batu Nanggar","nmkab":"Simalungun","nmprov":"Sumatera Utara","kdkec":"150","kdkab":"09","kodekab":"1209","idkec":"1209150","index":250},"geometry":{"type":"Polygon","coordinates":[[[99.206777,3.224715],[99.226013,3.204705],[99.226533,3.201936],[99.221383,3.199673],[99.218169,3.189541],[99.212365,3.181522],[99.205852,3.177918],[99.203255,3.169475],[99.200276,3.165955],[99.195173,3.16067],[99.192476,3.159015],[99.188235,3.158384],[99.184341,3.154325],[99.182238,3.149802],[99.181734,3.143998],[99.18323,3.140723],[99.180666,3.1299],[99.175617,3.123011],[99.169398,3.116903],[99.165001,3.098386],[99.157538,3.087361],[99.156628,3.078632],[99.154763,3.07374],[99.151571,3.073678],[99.148229,3.071289],[99.146601,3.067906],[99.139693,3.059047],[99.131368,3.050701],[99.125743,3.034632],[99.123023,3.030857],[99.12156,3.026216],[99.11948,3.024395],[99.116624,3.024703],[99.113318,3.020806],[99.112695,3.01864],[99.110987,3.017537],[99.107653,3.020094],[99.098521,3.018535],[99.096126,3.016826],[99.095329,3.017741],[99.094069,3.030323],[99.118836,3.071231],[99.100276,3.07154],[99.097634,3.080836],[99.09313,3.091562],[99.094524,3.095912],[99.107813,3.109096],[99.106196,3.139307],[99.112898,3.142999],[99.123978,3.153373],[99.146845,3.171639],[99.150481,3.166564],[99.151754,3.153817],[99.156828,3.156755],[99.162459,3.158018],[99.179314,3.170019],[99.179186,3.188011],[99.186591,3.188059],[99.186634,3.173143],[99.19675,3.178477],[99.195856,3.196593],[99.19482,3.199322],[99.196187,3.202135],[99.201962,3.205263],[99.199055,3.212843],[99.20769,3.219329],[99.206777,3.224715]]]}},{"type":"Feature","properties":{"nmkec":"Bandar Masilam","nmkab":"Simalungun","nmprov":"Sumatera Utara","kdkec":"191","kdkab":"09","kodekab":"1209","idkec":"1209191","index":251},"geometry":{"type":"Polygon","coordinates":[[[99.304802,3.304421],[99.314619,3.298653],[99.344437,3.288012],[99.343899,3.285461],[99.346842,3.276254],[99.343689,3.26789],[99.345601,3.26305],[99.349166,3.258578],[99.349865,3.256724],[99.349477,3.252589],[99.348131,3.250329],[99.344177,3.247794],[99.343975,3.244505],[99.341528,3.238205],[99.33639,3.235969],[99.337203,3.233739],[99.338846,3.232549],[99.338431,3.227564],[99.33638,3.223122],[99.334485,3.224449],[99.334589,3.226422],[99.33355,3.227253],[99.329396,3.225695],[99.318805,3.225903],[99.31245,3.224563],[99.306551,3.224968],[99.304994,3.226526],[99.30354,3.224761],[99.302553,3.22014],[99.303332,3.211781],[99.305409,3.208977],[99.305409,3.205758],[99.302249,3.195378],[99.297309,3.193712],[99.294402,3.187482],[99.286297,3.187687],[99.285862,3.189116],[99.290352,3.201708],[99.287341,3.205862],[99.267909,3.220607],[99.267767,3.22528],[99.266209,3.228811],[99.2621,3.232591],[99.256564,3.235276],[99.235914,3.23774],[99.232129,3.239705],[99.232219,3.242684],[99.240167,3.247062],[99.239948,3.251853],[99.235328,3.252483],[99.23637,3.257124],[99.237912,3.258365],[99.240202,3.259973],[99.248974,3.260776],[99.252144,3.255754],[99.260234,3.259569],[99.261036,3.264102],[99.25877,3.272018],[99.262884,3.275889],[99.267455,3.278333],[99.279792,3.274547],[99.290998,3.275884],[99.291302,3.276602],[99.289764,3.278015],[99.291622,3.281073],[99.297607,3.283262],[99.301676,3.283157],[99.304997,3.292387],[99.303957,3.297369],[99.304802,3.304421]]]}},{"type":"Feature","properties":{"nmkec":"Bosar Maligas","nmkab":"Simalungun","nmprov":"Sumatera Utara","kdkec":"200","kdkab":"09","kodekab":"1209","idkec":"1209200","index":252},"geometry":{"type":"MultiPolygon","coordinates":[[[[99.370681,3.169612],[99.375416,3.169586],[99.370104,3.15098],[99.414906,3.153],[99.416386,3.153859],[99.418381,3.149931],[99.42029,3.148366],[99.441481,3.142206],[99.445234,3.139445],[99.443757,3.136433],[99.449817,3.133933],[99.459084,3.138254],[99.481036,3.13103],[99.481043,3.103447],[99.440906,3.103272],[99.442926,3.101539],[99.445878,3.100936],[99.445706,3.09765],[99.443557,3.095696],[99.442112,3.092656],[99.440082,3.08374],[99.435654,3.077525],[99.468824,3.065452],[99.467828,3.0601],[99.460758,3.049673],[99.458356,3.044145],[99.455049,3.040598],[99.451028,3.040011],[99.45209,3.036601],[99.455558,3.036071],[99.459525,3.032966],[99.456416,3.029365],[99.449672,3.025635],[99.44927,3.02275],[99.445009,3.018807],[99.441956,3.01901],[99.440084,3.016673],[99.437322,3.015397],[99.43534,3.01543],[99.434882,3.017377],[99.431156,3.019907],[99.419308,3.013888],[99.423783,3.010502],[99.423083,3.000935],[99.416085,2.990849],[99.415566,2.987866],[99.417511,2.983457],[99.418469,2.975686],[99.41777,2.969646],[99.417381,2.968479],[99.414204,2.967895],[99.413176,2.966806],[99.413511,2.961326],[99.416652,2.95918],[99.41565,2.954213],[99.41774,2.949317],[99.415887,2.944954],[99.411157,2.943515],[99.413491,2.940143],[99.410119,2.934437],[99.407887,2.931897],[99.400043,2.937777],[99.395505,2.930432],[99.392841,2.927935],[99.38252,2.924439],[99.366629,2.926366],[99.353614,2.919369],[99.353678,2.910063],[99.347796,2.902739],[99.345762,2.90299],[99.345642,2.904435],[99.337498,2.906941],[99.329843,2.904856],[99.32841,2.899582],[99.321125,2.897764],[99.309912,2.900288],[99.307538,2.905916],[99.308369,2.9109],[99.304839,2.916806],[99.302657,2.922946],[99.299438,2.923465],[99.297569,2.925646],[99.298306,2.953056],[99.300061,2.958563],[99.295863,2.959528],[99.297258,2.969155],[99.299902,2.971197],[99.301458,2.974004],[99.301537,2.976536],[99.305461,2.98307],[99.311172,2.989612],[99.313497,2.99011],[99.321177,3.000282],[99.325087,3.0028],[99.327455,3.021808],[99.330669,3.028994],[99.331316,3.041103],[99.334017,3.055084],[99.336717,3.059757],[99.336302,3.062249],[99.339106,3.073983],[99.339412,3.083283],[99.337756,3.08769],[99.332875,3.095271],[99.330798,3.102332],[99.331525,3.105136],[99.333394,3.107524],[99.33238,3.113191],[99.332979,3.114689],[99.331733,3.119777],[99.330138,3.121662],[99.331143,3.12448],[99.330612,3.127858],[99.332894,3.137346],[99.32972,3.142907],[99.327475,3.151656],[99.329033,3.15311],[99.334299,3.15311],[99.339045,3.156872],[99.357675,3.165355],[99.370681,3.169612]]],[[[99.307179,3.045008],[99.306115,3.039061],[99.303644,3.041247],[99.303228,3.051424],[99.312379,3.051237],[99.307179,3.045008]]]]}},{"type":"Feature","properties":{"nmkec":"Parmonangan","nmkab":"Tapanuli Utara","nmprov":"Sumatera Utara","kdkec":"030","kdkab":"05","kodekab":"1205","idkec":"1205030","index":253},"geometry":{"type":"Polygon","coordinates":[[[98.883976,2.168843],[98.895205,2.153769],[98.894971,2.157991],[98.895792,2.15928],[98.900365,2.158929],[98.907049,2.164909],[98.908573,2.165261],[98.906345,2.158577],[98.911517,2.151715],[98.913101,2.146709],[98.912556,2.13615],[98.910777,2.132595],[98.910912,2.130093],[98.909182,2.128438],[98.88996,2.125738],[98.888598,2.123775],[98.88822,2.117812],[98.889637,2.115578],[98.889537,2.112344],[98.887937,2.106688],[98.861347,2.081181],[98.85099,2.072787],[98.844591,2.065177],[98.842888,2.062384],[98.842868,2.057018],[98.83958,2.050401],[98.834799,2.043134],[98.825115,2.032934],[98.822104,2.028556],[98.820961,2.019085],[98.822041,2.014725],[98.821527,2.005713],[98.820109,2.002353],[98.811647,1.997659],[98.808918,1.997456],[98.787411,1.989],[98.777225,1.977912],[98.76975,1.973978],[98.766799,1.968175],[98.758325,1.958506],[98.760708,1.957886],[98.7445,1.960483],[98.727478,1.957886],[98.716333,1.963377],[98.707284,1.971615],[98.703674,1.97168],[98.699382,1.973298],[98.677817,1.988235],[98.679417,1.989475],[98.682935,2.008025],[98.697306,2.04252],[98.707973,2.072056],[98.726482,2.116293],[98.72456,2.126131],[98.730345,2.127538],[98.733145,2.126139],[98.737177,2.128079],[98.738906,2.131325],[98.773098,2.131792],[98.780702,2.143503],[98.781163,2.148007],[98.800175,2.158329],[98.810843,2.159386],[98.818938,2.161588],[98.825682,2.156142],[98.842744,2.158652],[98.848376,2.161437],[98.862859,2.163732],[98.866853,2.166998],[98.878368,2.169589],[98.883976,2.168843]]]}},{"type":"Feature","properties":{"nmkec":"Adiankoting","nmkab":"Tapanuli Utara","nmprov":"Sumatera Utara","kdkec":"040","kdkab":"05","kodekab":"1205","idkec":"1205040","index":254},"geometry":{"type":"Polygon","coordinates":[[[98.861241,1.989616],[98.886846,1.989073],[98.893032,1.992857],[98.905948,1.992719],[98.911451,1.986634],[98.916195,1.978402],[98.922654,1.974393],[98.929749,1.971949],[98.930886,1.979306],[98.934793,1.969946],[98.945337,1.964149],[98.967864,1.948402],[98.978408,1.939466],[98.987045,1.927109],[98.992643,1.921286],[98.994172,1.911726],[98.989334,1.90117],[98.985434,1.857935],[98.984885,1.827637],[98.982103,1.822414],[98.982325,1.815396],[98.983527,1.810797],[98.983772,1.788506],[98.972148,1.768717],[98.966928,1.75796],[98.957879,1.753086],[98.951898,1.750963],[98.940322,1.749034],[98.927782,1.748648],[98.917943,1.749806],[98.897697,1.748864],[98.883408,1.755255],[98.879357,1.754629],[98.87207,1.75708],[98.868746,1.762539],[98.867402,1.77041],[98.866817,1.788198],[98.865455,1.796556],[98.858521,1.813086],[98.847331,1.817523],[98.839588,1.822084],[98.837779,1.82486],[98.837512,1.828713],[98.835887,1.831094],[98.830687,1.833868],[98.820568,1.849795],[98.802595,1.871744],[98.788347,1.861621],[98.786008,1.866837],[98.784584,1.875083],[98.781677,1.879089],[98.782288,1.887085],[98.787109,1.895325],[98.789646,1.897396],[98.791143,1.903962],[98.790159,1.907036],[98.788102,1.907428],[98.79148,1.911099],[98.806868,1.912088],[98.809278,1.922174],[98.805634,1.927889],[98.797057,1.932371],[98.791123,1.936968],[98.78598,1.949293],[98.780192,1.954309],[98.773633,1.957589],[98.763793,1.95701],[98.758325,1.958506],[98.766799,1.968175],[98.76975,1.973978],[98.777225,1.977912],[98.787411,1.989],[98.808918,1.997456],[98.811647,1.997659],[98.817362,2.000806],[98.82117,2.001344],[98.832365,1.997881],[98.840804,1.997353],[98.848735,1.994308],[98.85253,1.991584],[98.861241,1.989616]]]}},{"type":"Feature","properties":{"nmkec":"Sipoholon","nmkab":"Tapanuli Utara","nmprov":"Sumatera Utara","kdkec":"050","kdkab":"05","kodekab":"1205","idkec":"1205050","index":255},"geometry":{"type":"Polygon","coordinates":[[[98.949366,2.139048],[98.967011,2.139285],[98.968232,2.134945],[98.974423,2.133081],[98.978717,2.129916],[98.979365,2.123475],[98.975119,2.120337],[98.96642,2.118103],[98.970417,2.110227],[98.971828,2.103997],[98.969432,2.080932],[98.962876,2.064852],[98.962576,2.059673],[98.958807,2.057042],[98.955838,2.044372],[98.952819,2.038578],[98.939748,2.03813],[98.932859,2.033668],[98.930428,2.033589],[98.920763,2.022631],[98.916533,2.012853],[98.911065,2.010319],[98.905833,2.006505],[98.904344,2.001267],[98.904433,1.99932],[98.906392,1.996312],[98.905948,1.992719],[98.893032,1.992857],[98.886846,1.989073],[98.882895,1.988714],[98.861241,1.989616],[98.85253,1.991584],[98.848735,1.994308],[98.840804,1.997353],[98.832365,1.997881],[98.82117,2.001344],[98.817362,2.000806],[98.820109,2.002353],[98.821527,2.005713],[98.822041,2.014725],[98.820961,2.019085],[98.822104,2.028556],[98.836492,2.045555],[98.842868,2.057018],[98.842888,2.062384],[98.85099,2.072787],[98.861347,2.081181],[98.887937,2.106688],[98.889537,2.112344],[98.889637,2.115578],[98.88822,2.117812],[98.888598,2.123775],[98.88996,2.125738],[98.909182,2.128438],[98.910912,2.130093],[98.910777,2.132595],[98.912556,2.13615],[98.914622,2.13758],[98.920637,2.138282],[98.926302,2.141296],[98.938349,2.142509],[98.949366,2.139048]]]}},{"type":"Feature","properties":{"nmkec":"Tarutung","nmkab":"Tapanuli Utara","nmprov":"Sumatera Utara","kdkec":"060","kdkab":"05","kodekab":"1205","idkec":"1205060","index":256},"geometry":{"type":"Polygon","coordinates":[[[98.991564,2.11871],[98.998697,2.118096],[99.013526,2.113617],[99.016791,2.113711],[99.018791,2.114933],[99.01882,2.113391],[99.01303,2.100192],[99.002481,2.090323],[98.995556,2.085431],[98.993189,2.076755],[98.999431,2.072229],[98.999858,2.070086],[98.998538,2.066557],[98.991337,2.06205],[98.992702,2.054538],[98.998965,2.052296],[98.99913,2.055003],[99.003415,2.062379],[99.011142,2.061785],[99.014311,2.058752],[99.006267,2.045686],[99.004821,2.042576],[99.005065,2.04059],[99.001289,2.032001],[98.995011,2.02714],[98.9853,2.026451],[98.984578,2.017677],[98.977606,2.017038],[98.973809,2.015438],[98.973816,2.007512],[98.97486,2.003417],[98.978582,2.003601],[98.984901,1.996234],[98.98574,1.991013],[98.986491,1.990925],[98.9876,1.984168],[98.981434,1.983387],[98.981858,1.982577],[98.984468,1.979756],[98.987966,1.983358],[98.991581,1.980625],[98.99599,1.973435],[98.9893,1.965642],[98.9906,1.961735],[98.997833,1.962124],[98.990847,1.955366],[98.991395,1.94783],[98.996805,1.930008],[98.999734,1.914914],[98.996771,1.911573],[98.993881,1.910866],[98.992643,1.921286],[98.987045,1.927109],[98.978408,1.939466],[98.967864,1.948402],[98.945337,1.964149],[98.934793,1.969946],[98.930886,1.979306],[98.929749,1.971949],[98.922654,1.974393],[98.916195,1.978402],[98.911451,1.986634],[98.905948,1.992719],[98.906392,1.996312],[98.904433,1.99932],[98.904344,2.001267],[98.905833,2.006505],[98.911065,2.010319],[98.916533,2.012853],[98.920763,2.022631],[98.930428,2.033589],[98.932859,2.033668],[98.939748,2.03813],[98.952819,2.038578],[98.954145,2.040055],[98.958807,2.057042],[98.962576,2.059673],[98.962876,2.064852],[98.969432,2.080932],[98.970762,2.089322],[98.971828,2.103997],[98.970417,2.110227],[98.96642,2.118103],[98.975119,2.120337],[98.979365,2.123475],[98.982245,2.123241],[98.991564,2.11871]]]}},{"type":"Feature","properties":{"nmkec":"Siatas Barita","nmkab":"Tapanuli Utara","nmprov":"Sumatera Utara","kdkec":"061","kdkab":"05","kodekab":"1205","idkec":"1205061","index":257},"geometry":{"type":"Polygon","coordinates":[[[99.027129,2.036849],[99.032709,2.03719],[99.033162,2.0416],[99.040328,2.047993],[99.045134,2.056551],[99.05958,2.054868],[99.072665,2.050544],[99.07848,2.046291],[99.081193,2.04605],[99.084691,2.042847],[99.081878,2.037814],[99.082822,2.028161],[99.079178,2.028506],[99.0648,2.015524],[99.064928,1.977868],[99.06002,1.97317],[99.050046,1.968601],[99.046322,1.964333],[99.04431,1.954941],[99.036351,1.950566],[99.013768,1.949791],[99.011179,1.95103],[99.00896,1.953739],[98.990863,1.954037],[98.990847,1.955366],[98.997833,1.962124],[98.9906,1.961735],[98.9893,1.965642],[98.99599,1.973435],[98.991581,1.980625],[98.987966,1.983358],[98.984468,1.979756],[98.981858,1.982577],[98.981434,1.983387],[98.9876,1.984168],[98.986491,1.990925],[98.98574,1.991013],[98.984901,1.996234],[98.978582,2.003601],[98.97486,2.003417],[98.973816,2.007512],[98.973809,2.015438],[98.977606,2.017038],[98.984578,2.017677],[98.9853,2.026451],[98.995011,2.02714],[99.001289,2.032001],[99.005065,2.04059],[99.004821,2.042576],[99.006267,2.045686],[99.014311,2.058752],[99.01765,2.049599],[99.024056,2.03963],[99.027129,2.036849]]]}},{"type":"Feature","properties":{"nmkec":"Purbatua","nmkab":"Tapanuli Utara","nmprov":"Sumatera Utara","kdkec":"081","kdkab":"05","kodekab":"1205","idkec":"1205081","index":258},"geometry":{"type":"Polygon","coordinates":[[[99.056926,1.771093],[99.094324,1.767274],[99.091675,1.773463],[99.101878,1.776863],[99.109405,1.776115],[99.11232,1.773402],[99.113975,1.767957],[99.121767,1.765309],[99.132869,1.751827],[99.134357,1.753687],[99.141134,1.745469],[99.142629,1.739383],[99.141668,1.732229],[99.138491,1.722065],[99.141694,1.720796],[99.143135,1.717029],[99.143439,1.71187],[99.141667,1.708165],[99.147921,1.689433],[99.150938,1.689152],[99.157932,1.683226],[99.162229,1.677247],[99.160334,1.668065],[99.162661,1.663891],[99.142609,1.639935],[99.130798,1.640555],[99.122643,1.646773],[99.116348,1.648936],[99.110985,1.65582],[99.105333,1.660981],[99.097627,1.672865],[99.08976,1.681328],[99.085792,1.6896],[99.081924,1.692543],[99.077398,1.699376],[99.068659,1.69711],[99.057924,1.700696],[99.051973,1.701119],[99.050432,1.698655],[99.05182,1.696072],[99.049712,1.696172],[99.038121,1.710049],[99.027878,1.700865],[99.018651,1.697522],[99.014792,1.694243],[99.00976,1.692088],[99.004567,1.684403],[99.002492,1.683083],[98.997481,1.671514],[98.993896,1.671082],[98.993148,1.660681],[98.987402,1.65978],[98.973296,1.662375],[98.968146,1.670721],[98.963981,1.682195],[98.964797,1.690543],[98.970272,1.702488],[98.974233,1.708296],[98.974929,1.71668],[98.97321,1.721463],[98.97296,1.727776],[98.977103,1.746889],[98.973684,1.755537],[98.97135,1.758021],[98.966928,1.75796],[98.972148,1.768717],[98.982853,1.786941],[98.997309,1.780894],[99.032444,1.773782],[99.040045,1.773709],[99.056926,1.771093]]]}},{"type":"Feature","properties":{"nmkec":"Simangumban","nmkab":"Tapanuli Utara","nmprov":"Sumatera Utara","kdkec":"082","kdkab":"05","kodekab":"1205","idkec":"1205082","index":259},"geometry":{"type":"Polygon","coordinates":[[[99.204469,1.87081],[99.229671,1.855469],[99.234509,1.855705],[99.248401,1.849597],[99.253002,1.849859],[99.267845,1.84724],[99.279979,1.850039],[99.288535,1.850661],[99.290713,1.849106],[99.300086,1.850972],[99.29967,1.848465],[99.297243,1.847216],[99.297194,1.844694],[99.302524,1.830852],[99.300435,1.828699],[99.292813,1.826134],[99.271827,1.82322],[99.265251,1.823239],[99.252911,1.827689],[99.243082,1.829782],[99.236803,1.824881],[99.235426,1.822042],[99.235598,1.817141],[99.245363,1.80092],[99.245039,1.796373],[99.240091,1.7852],[99.237558,1.774599],[99.237609,1.761732],[99.239945,1.757372],[99.245588,1.750669],[99.247908,1.741095],[99.251608,1.731234],[99.250807,1.725214],[99.247206,1.723501],[99.244017,1.719217],[99.241007,1.707167],[99.23937,1.704489],[99.219343,1.693136],[99.215776,1.692675],[99.198439,1.685049],[99.193674,1.68421],[99.181742,1.674395],[99.175173,1.671911],[99.169893,1.667181],[99.166374,1.666462],[99.162661,1.663891],[99.160334,1.668065],[99.162229,1.677247],[99.157932,1.683226],[99.150938,1.689152],[99.147921,1.689433],[99.144265,1.69964],[99.141667,1.708165],[99.143439,1.71187],[99.143135,1.717029],[99.141694,1.720796],[99.138491,1.722065],[99.141668,1.732229],[99.142629,1.739383],[99.141134,1.745469],[99.134357,1.753687],[99.138086,1.758045],[99.150953,1.765002],[99.158448,1.768119],[99.16289,1.768273],[99.170645,1.771393],[99.175445,1.77676],[99.176893,1.780571],[99.189117,1.793167],[99.200854,1.81634],[99.191835,1.828775],[99.190161,1.831838],[99.189253,1.837016],[99.19662,1.843422],[99.206996,1.843937],[99.206516,1.856206],[99.204672,1.8622],[99.204469,1.87081]]]}},{"type":"Feature","properties":{"nmkec":"Nassau","nmkab":"Toba Samosir","nmprov":"Sumatera Utara","kdkec":"052","kdkab":"06","kodekab":"1206","idkec":"1206052","index":260},"geometry":{"type":"Polygon","coordinates":[[[99.5238,2.456746],[99.527949,2.449907],[99.527062,2.448487],[99.522317,2.445896],[99.521276,2.440615],[99.52192,2.436384],[99.526042,2.43273],[99.527268,2.429184],[99.527553,2.4234],[99.526122,2.415906],[99.526972,2.412043],[99.526445,2.404588],[99.524814,2.401689],[99.523228,2.393368],[99.522612,2.381174],[99.5218,2.37785],[99.517971,2.375002],[99.51692,2.370389],[99.517923,2.36525],[99.519977,2.365505],[99.521108,2.363882],[99.519436,2.359062],[99.520593,2.357506],[99.526407,2.360558],[99.530442,2.356472],[99.531113,2.345401],[99.533324,2.34352],[99.550271,2.337537],[99.554531,2.34122],[99.55273,2.335739],[99.558759,2.332953],[99.583065,2.327454],[99.583913,2.32521],[99.583379,2.318216],[99.585238,2.314425],[99.581471,2.309598],[99.577159,2.307208],[99.559805,2.303816],[99.55694,2.308592],[99.55347,2.308823],[99.549536,2.306278],[99.547514,2.301425],[99.544678,2.288464],[99.54699,2.27431],[99.551182,2.27244],[99.551072,2.26767],[99.549862,2.262898],[99.548716,2.26207],[99.546041,2.263025],[99.541867,2.262643],[99.541057,2.260759],[99.541546,2.256647],[99.538675,2.24969],[99.528737,2.245892],[99.526195,2.243741],[99.525498,2.241728],[99.52249,2.241265],[99.509765,2.244041],[99.504263,2.247112],[99.501453,2.24705],[99.49584,2.241444],[99.49049,2.241444],[99.487577,2.242635],[99.480453,2.24247],[99.47649,2.239652],[99.473349,2.233659],[99.45644,2.225784],[99.435037,2.216959],[99.422896,2.215172],[99.41806,2.21346],[99.415844,2.211243],[99.417513,2.198451],[99.414077,2.19093],[99.412286,2.188362],[99.413747,2.190978],[99.408716,2.188814],[99.407125,2.19051],[99.4073,2.195145],[99.403861,2.208223],[99.39703,2.228126],[99.39282,2.227249],[99.390756,2.232534],[99.391903,2.234125],[99.39082,2.237498],[99.385375,2.237339],[99.382943,2.241062],[99.381202,2.244483],[99.375981,2.26429],[99.377541,2.279753],[99.37833,2.281526],[99.38184,2.284144],[99.381171,2.286308],[99.379866,2.286785],[99.385329,2.293968],[99.387918,2.293139],[99.389042,2.295775],[99.388623,2.306162],[99.386278,2.311755],[99.385375,2.311508],[99.383655,2.314085],[99.382264,2.319344],[99.3834,2.32048],[99.381253,2.330319],[99.373135,2.354827],[99.372498,2.360808],[99.374156,2.373401],[99.379249,2.387406],[99.42332,2.389443],[99.424467,2.394151],[99.448922,2.401533],[99.468504,2.422094],[99.500072,2.397969],[99.504154,2.395936],[99.509914,2.396838],[99.513352,2.396201],[99.514379,2.398145],[99.514379,2.402336],[99.50935,2.40988],[99.50935,2.415537],[99.515007,2.421404],[99.510817,2.433558],[99.512493,2.444244],[99.514169,2.448645],[99.519827,2.457445],[99.523644,2.460602],[99.5238,2.456746]]]}},{"type":"Feature","properties":{"nmkec":"Pangaribuan","nmkab":"Tapanuli Utara","nmprov":"Sumatera Utara","kdkec":"090","kdkab":"05","kodekab":"1205","idkec":"1205090","index":261},"geometry":{"type":"Polygon","coordinates":[[[99.21405,2.054926],[99.214694,2.041171],[99.218421,2.035693],[99.240505,2.018068],[99.239996,2.00736],[99.242993,1.99944],[99.246529,1.99461],[99.249543,1.995092],[99.248156,1.989689],[99.241172,1.982036],[99.238551,1.982021],[99.236099,1.984936],[99.232195,1.983576],[99.228232,1.98738],[99.215229,1.979282],[99.216363,1.976611],[99.227868,1.968426],[99.239006,1.954884],[99.261455,1.939646],[99.270633,1.931097],[99.290774,1.920868],[99.290296,1.919836],[99.299191,1.915961],[99.32937,1.905078],[99.339203,1.904173],[99.340258,1.898623],[99.343096,1.895693],[99.35433,1.889509],[99.355846,1.884728],[99.354891,1.878508],[99.349867,1.868792],[99.350576,1.86199],[99.349039,1.856592],[99.33943,1.849813],[99.336442,1.845383],[99.327559,1.843061],[99.322664,1.845484],[99.320486,1.850874],[99.311289,1.850973],[99.29967,1.848465],[99.300086,1.850972],[99.290713,1.849106],[99.288535,1.850661],[99.279979,1.850039],[99.267845,1.84724],[99.253002,1.849859],[99.248401,1.849597],[99.234509,1.855705],[99.229671,1.855469],[99.210735,1.866478],[99.198527,1.875385],[99.193398,1.87836],[99.190434,1.878336],[99.183454,1.882686],[99.16368,1.882503],[99.134221,1.887015],[99.113665,1.886633],[99.108053,1.889812],[99.098519,1.89244],[99.093289,1.895447],[99.092878,1.89737],[99.080451,1.916457],[99.076571,1.925016],[99.069863,1.934311],[99.067428,1.940051],[99.056627,1.950444],[99.049951,1.962443],[99.050046,1.968601],[99.06002,1.97317],[99.064928,1.977868],[99.0648,2.015524],[99.079178,2.028506],[99.083803,2.027523],[99.086772,2.022518],[99.089802,2.021003],[99.100648,2.019624],[99.107565,2.022614],[99.113005,2.020892],[99.113661,2.018038],[99.11631,2.018004],[99.120047,2.022137],[99.119416,2.027293],[99.12107,2.036431],[99.127547,2.039885],[99.127504,2.042487],[99.130583,2.046824],[99.13601,2.050085],[99.142935,2.051634],[99.14668,2.053768],[99.149231,2.057897],[99.149561,2.072705],[99.147927,2.082819],[99.149419,2.089181],[99.147725,2.093292],[99.148803,2.09713],[99.153836,2.104672],[99.1608,2.109556],[99.181023,2.111612],[99.200397,2.10555],[99.204345,2.102155],[99.209075,2.101707],[99.21436,2.096362],[99.220017,2.090375],[99.216523,2.08046],[99.21405,2.054926]]]}},{"type":"Feature","properties":{"nmkec":"Garoga","nmkab":"Tapanuli Utara","nmprov":"Sumatera Utara","kdkec":"100","kdkab":"05","kodekab":"1205","idkec":"1205100","index":262},"geometry":{"type":"Polygon","coordinates":[[[99.392638,2.165996],[99.394272,2.165271],[99.398291,2.156642],[99.406749,2.150324],[99.419168,2.135886],[99.42335,2.133853],[99.435187,2.124099],[99.459592,2.126038],[99.456339,2.110792],[99.45497,2.098485],[99.450197,2.082731],[99.446028,2.040945],[99.444502,2.032999],[99.445787,2.015741],[99.447947,2.010004],[99.449152,1.996519],[99.458647,1.96295],[99.457499,1.954237],[99.454531,1.95175],[99.44874,1.949881],[99.440268,1.953039],[99.435961,1.952467],[99.428589,1.949034],[99.391941,1.952406],[99.383006,1.950324],[99.379504,1.950423],[99.376985,1.947331],[99.376382,1.942918],[99.374647,1.940882],[99.369047,1.939734],[99.364244,1.936018],[99.363104,1.930986],[99.360033,1.927916],[99.356611,1.914797],[99.35457,1.91128],[99.349878,1.907587],[99.341574,1.904699],[99.32937,1.905078],[99.290296,1.919836],[99.290774,1.920868],[99.270633,1.931097],[99.261455,1.939646],[99.239006,1.954884],[99.227868,1.968426],[99.216363,1.976611],[99.215229,1.979282],[99.228232,1.98738],[99.232195,1.983576],[99.236099,1.984936],[99.238551,1.982021],[99.241172,1.982036],[99.248156,1.989689],[99.249543,1.995092],[99.246529,1.99461],[99.242993,1.99944],[99.239996,2.00736],[99.240505,2.018068],[99.218421,2.035693],[99.214694,2.041171],[99.21405,2.054926],[99.216523,2.08046],[99.220012,2.090359],[99.222559,2.090429],[99.226675,2.089889],[99.233464,2.086417],[99.246456,2.076881],[99.251942,2.076206],[99.258415,2.078271],[99.263272,2.085331],[99.263235,2.090145],[99.260474,2.095069],[99.258121,2.113264],[99.254154,2.120545],[99.249018,2.12653],[99.265761,2.120383],[99.277551,2.11445],[99.284232,2.112472],[99.291659,2.11171],[99.311733,2.120639],[99.314973,2.123032],[99.320991,2.122293],[99.335864,2.124809],[99.343226,2.130452],[99.365113,2.142729],[99.368817,2.143521],[99.376686,2.155953],[99.376718,2.159031],[99.381925,2.166604],[99.389562,2.16914],[99.392163,2.169021],[99.392638,2.165996]]]}},{"type":"Feature","properties":{"nmkec":"Sipahutar","nmkab":"Tapanuli Utara","nmprov":"Sumatera Utara","kdkec":"110","kdkab":"05","kodekab":"1205","idkec":"1205110","index":263},"geometry":{"type":"Polygon","coordinates":[[[99.179566,2.231904],[99.198778,2.230918],[99.203137,2.226403],[99.20455,2.222284],[99.212159,2.212724],[99.210953,2.202781],[99.212503,2.1892],[99.208106,2.184145],[99.211374,2.175967],[99.211875,2.171542],[99.214466,2.168285],[99.223692,2.160446],[99.227224,2.155876],[99.233012,2.151363],[99.239055,2.138278],[99.244217,2.132489],[99.24742,2.12724],[99.249018,2.12653],[99.254154,2.120545],[99.258121,2.113264],[99.260474,2.095069],[99.263235,2.090145],[99.263272,2.085331],[99.258415,2.078271],[99.251942,2.076206],[99.246456,2.076881],[99.237622,2.083857],[99.226675,2.089889],[99.220012,2.090359],[99.209075,2.101707],[99.204345,2.102155],[99.200397,2.10555],[99.181023,2.111612],[99.1608,2.109556],[99.153836,2.104672],[99.148803,2.09713],[99.147725,2.093292],[99.149419,2.089181],[99.147927,2.082819],[99.149561,2.072705],[99.149231,2.057897],[99.14668,2.053768],[99.142935,2.051634],[99.13601,2.050085],[99.130583,2.046824],[99.127504,2.042487],[99.127547,2.039885],[99.12107,2.036431],[99.119416,2.027293],[99.120047,2.022137],[99.11631,2.018004],[99.113661,2.018038],[99.113005,2.020892],[99.107565,2.022614],[99.100648,2.019624],[99.089802,2.021003],[99.086772,2.022518],[99.083803,2.027523],[99.081822,2.027944],[99.082822,2.028161],[99.081878,2.037814],[99.084691,2.042847],[99.081193,2.04605],[99.07848,2.046291],[99.072665,2.050544],[99.05958,2.054868],[99.045134,2.056551],[99.040328,2.047993],[99.033162,2.0416],[99.032709,2.03719],[99.027129,2.036849],[99.024056,2.03963],[99.01765,2.049599],[99.013903,2.059889],[99.011142,2.061785],[99.003415,2.062379],[98.99913,2.055003],[98.998965,2.052296],[98.992702,2.054538],[98.991337,2.06205],[98.998538,2.066557],[98.999858,2.070086],[98.999431,2.072229],[98.993189,2.076755],[98.995556,2.085431],[99.002481,2.090323],[99.01303,2.100192],[99.01882,2.113391],[99.018046,2.120353],[99.025557,2.119988],[99.020508,2.126963],[99.019046,2.136264],[99.015939,2.143777],[99.02149,2.151672],[99.024473,2.154343],[99.033379,2.14249],[99.041745,2.142637],[99.044363,2.144269],[99.065388,2.167528],[99.068829,2.177377],[99.075208,2.188548],[99.075042,2.191838],[99.076638,2.195726],[99.084986,2.21059],[99.0921,2.212127],[99.108649,2.213246],[99.117514,2.215265],[99.119085,2.216012],[99.118545,2.216774],[99.126601,2.218786],[99.149313,2.227491],[99.161058,2.235981],[99.169412,2.23495],[99.179566,2.231904]]]}},{"type":"Feature","properties":{"nmkec":"Siborongborong","nmkab":"Tapanuli Utara","nmprov":"Sumatera Utara","kdkec":"120","kdkab":"05","kodekab":"1205","idkec":"1205120","index":264},"geometry":{"type":"MultiPolygon","coordinates":[[[[99.027236,2.280922],[99.02914,2.270484],[99.040024,2.273164],[99.042272,2.26085],[99.053029,2.267578],[99.05799,2.269427],[99.064426,2.269996],[99.087683,2.264807],[99.088294,2.270301],[99.095726,2.267578],[99.096843,2.260872],[99.102655,2.25506],[99.108658,2.254524],[99.113609,2.256401],[99.118303,2.256178],[99.12427,2.258873],[99.129008,2.256006],[99.132911,2.256945],[99.135292,2.255954],[99.137751,2.256625],[99.143399,2.252605],[99.158215,2.237378],[99.161058,2.235981],[99.149313,2.227491],[99.126601,2.218786],[99.118545,2.216774],[99.119085,2.216012],[99.117514,2.215265],[99.108649,2.213246],[99.0921,2.212127],[99.084986,2.21059],[99.076638,2.195726],[99.075042,2.191838],[99.075208,2.188548],[99.068829,2.177377],[99.065388,2.167528],[99.044363,2.144269],[99.041745,2.142637],[99.033379,2.14249],[99.024473,2.154343],[99.02149,2.151672],[99.015939,2.143777],[99.019046,2.136264],[99.020508,2.126963],[99.025557,2.119988],[99.018046,2.120353],[99.018791,2.114933],[99.016791,2.113711],[99.013526,2.113617],[98.998697,2.118096],[98.991208,2.118757],[98.982245,2.123241],[98.979365,2.123475],[98.978717,2.129916],[98.974423,2.133081],[98.968232,2.134945],[98.967011,2.139285],[98.949366,2.139048],[98.938349,2.142509],[98.936621,2.15421],[98.932215,2.160779],[98.93361,2.163967],[98.936339,2.162886],[98.938994,2.164017],[98.941521,2.175276],[98.946548,2.181357],[98.946731,2.185576],[98.948387,2.186245],[98.954331,2.1843],[98.956889,2.188431],[98.962376,2.191528],[98.961497,2.192491],[98.956065,2.193488],[98.944327,2.189705],[98.944079,2.199023],[98.945547,2.198346],[98.946924,2.199133],[98.948498,2.203657],[98.947219,2.206805],[98.941023,2.212017],[98.938466,2.211329],[98.936843,2.214132],[98.933093,2.214423],[98.926995,2.212161],[98.921464,2.214629],[98.920323,2.224308],[98.92245,2.232744],[98.924905,2.23704],[98.938964,2.254603],[98.939707,2.25636],[98.938758,2.257255],[98.93922,2.258252],[98.944061,2.262191],[98.956361,2.267123],[98.981764,2.27291],[98.98742,2.265646],[98.992731,2.262597],[98.996591,2.258313],[99.002665,2.255869],[99.005299,2.268586],[99.003169,2.274196],[99.010299,2.279441],[99.027236,2.280922]],[[98.935719,2.217028],[98.93567,2.217005],[98.93572,2.21701],[98.935719,2.217028]]],[[[98.936152,2.206142],[98.936142,2.20614],[98.936148,2.206153],[98.936152,2.206142]]]]}},{"type":"Feature","properties":{"nmkec":"Pagaran","nmkab":"Tapanuli Utara","nmprov":"Sumatera Utara","kdkec":"130","kdkab":"05","kodekab":"1205","idkec":"1205130","index":265},"geometry":{"type":"MultiPolygon","coordinates":[[[[98.921519,2.229224],[98.920323,2.224308],[98.921464,2.214629],[98.926995,2.212161],[98.933093,2.214423],[98.936843,2.214132],[98.938466,2.211329],[98.941023,2.212017],[98.947908,2.205624],[98.948498,2.203657],[98.946924,2.199133],[98.945547,2.198346],[98.944079,2.199023],[98.944327,2.189705],[98.956065,2.193488],[98.961497,2.192491],[98.962376,2.191528],[98.956889,2.188431],[98.954331,2.1843],[98.948387,2.186245],[98.946731,2.185576],[98.946548,2.181357],[98.941521,2.175276],[98.938994,2.164017],[98.936339,2.162886],[98.93361,2.163967],[98.932215,2.160779],[98.936621,2.15421],[98.938349,2.142509],[98.926302,2.141296],[98.920637,2.138282],[98.914622,2.13758],[98.912556,2.13615],[98.912885,2.148761],[98.906345,2.158577],[98.908573,2.163736],[98.908222,2.165378],[98.900365,2.158929],[98.895792,2.15928],[98.894971,2.157991],[98.895205,2.153769],[98.883976,2.168843],[98.878368,2.169589],[98.866853,2.166998],[98.862859,2.163732],[98.848376,2.161437],[98.842744,2.158652],[98.825682,2.156142],[98.818938,2.161588],[98.817321,2.161386],[98.817253,2.170126],[98.813978,2.177598],[98.811429,2.187555],[98.814158,2.190674],[98.820607,2.195072],[98.830135,2.197124],[98.845672,2.207678],[98.846811,2.208674],[98.845819,2.213282],[98.855607,2.217094],[98.865293,2.218511],[98.873522,2.20973],[98.879901,2.209948],[98.881185,2.211694],[98.880552,2.214114],[98.895523,2.222043],[98.921519,2.229224]],[[98.936148,2.206153],[98.936142,2.20614],[98.936152,2.206142],[98.936148,2.206153]]],[[[98.93572,2.21701],[98.93567,2.217005],[98.935719,2.217028],[98.93572,2.21701]]]]}},{"type":"Feature","properties":{"nmkec":"Balige","nmkab":"Toba Samosir","nmprov":"Sumatera Utara","kdkec":"030","kdkab":"06","kodekab":"1206","idkec":"1206030","index":266},"geometry":{"type":"Polygon","coordinates":[[[99.107353,2.362967],[99.115718,2.350103],[99.115847,2.343488],[99.114819,2.339924],[99.127016,2.322205],[99.128953,2.313232],[99.13138,2.312604],[99.138527,2.305982],[99.144411,2.297962],[99.147293,2.289392],[99.148055,2.2814],[99.14693,2.270387],[99.135292,2.255954],[99.132911,2.256945],[99.129008,2.256006],[99.12427,2.258873],[99.118303,2.256178],[99.113609,2.256401],[99.108658,2.254524],[99.102655,2.25506],[99.096843,2.260872],[99.095726,2.267578],[99.088294,2.270301],[99.087683,2.264807],[99.064426,2.269996],[99.05799,2.269427],[99.053029,2.267578],[99.042272,2.26085],[99.036946,2.293612],[99.034377,2.300081],[99.032979,2.311829],[99.027028,2.326945],[99.028895,2.332079],[99.033469,2.336424],[99.035689,2.341276],[99.03731,2.349359],[99.040587,2.350464],[99.041744,2.349865],[99.052391,2.339357],[99.055325,2.33527],[99.058176,2.334282],[99.06155,2.335691],[99.063522,2.341988],[99.069764,2.347636],[99.073935,2.348934],[99.07948,2.344976],[99.082821,2.34485],[99.084852,2.347035],[99.085575,2.348944],[99.084238,2.350308],[99.085861,2.352094],[99.100039,2.35568],[99.107353,2.362967]]]}},{"type":"Feature","properties":{"nmkec":"Tampahan","nmkab":"Toba Samosir","nmprov":"Sumatera Utara","kdkec":"031","kdkab":"06","kodekab":"1206","idkec":"1206031","index":267},"geometry":{"type":"Polygon","coordinates":[[[99.031561,2.363112],[99.037429,2.354464],[99.036687,2.352273],[99.037584,2.348195],[99.033469,2.336424],[99.028895,2.332079],[99.027028,2.326945],[99.032979,2.311829],[99.034377,2.300081],[99.036946,2.293612],[99.040024,2.273164],[99.02914,2.270484],[99.027236,2.280922],[99.010299,2.279441],[99.00278,2.273684],[98.993767,2.278593],[98.98908,2.291368],[98.989475,2.300173],[98.993266,2.306485],[98.986695,2.339568],[98.989431,2.337232],[98.991155,2.332118],[98.996636,2.322094],[98.999119,2.321464],[99.003504,2.327291],[99.004091,2.336086],[99.008831,2.340227],[99.014858,2.342093],[99.016524,2.346732],[99.018816,2.347281],[99.022612,2.35003],[99.025656,2.354867],[99.02705,2.363625],[99.031561,2.363112]]]}},{"type":"Feature","properties":{"nmkec":"Laguboti","nmkab":"Toba Samosir","nmprov":"Sumatera Utara","kdkec":"040","kdkab":"06","kodekab":"1206","idkec":"1206040","index":268},"geometry":{"type":"Polygon","coordinates":[[[99.150909,2.384571],[99.152109,2.384214],[99.153935,2.386316],[99.157183,2.376518],[99.164708,2.370914],[99.165943,2.374655],[99.17739,2.367678],[99.179436,2.367806],[99.182335,2.372434],[99.185351,2.366482],[99.197134,2.356643],[99.195135,2.350858],[99.1853,2.346504],[99.185714,2.341855],[99.187861,2.339258],[99.189141,2.329758],[99.194951,2.322499],[99.212547,2.322027],[99.210907,2.315277],[99.212818,2.307641],[99.20957,2.304395],[99.206382,2.305023],[99.198202,2.301818],[99.191323,2.295518],[99.187598,2.290459],[99.185305,2.278909],[99.183968,2.276523],[99.173268,2.269173],[99.160712,2.268235],[99.146965,2.270599],[99.148055,2.2814],[99.147293,2.289392],[99.144411,2.297962],[99.138527,2.305982],[99.13138,2.312604],[99.128953,2.313232],[99.127016,2.322205],[99.114819,2.339924],[99.115847,2.343488],[99.115718,2.350103],[99.107353,2.362967],[99.111095,2.367462],[99.11104,2.37647],[99.118536,2.380681],[99.131122,2.380601],[99.138703,2.384083],[99.146252,2.390328],[99.150909,2.384571]]]}},{"type":"Feature","properties":{"nmkec":"Bonatua Lunasi","nmkab":"Toba Samosir","nmprov":"Sumatera Utara","kdkec":"083","kdkab":"06","kodekab":"1206","idkec":"1206083","index":269},"geometry":{"type":"Polygon","coordinates":[[[99.109399,2.572984],[99.110838,2.570586],[99.119574,2.569852],[99.122841,2.567979],[99.128611,2.567319],[99.134745,2.568038],[99.141271,2.572548],[99.146275,2.572738],[99.146564,2.568114],[99.170363,2.559346],[99.172399,2.557264],[99.174437,2.548512],[99.178153,2.54012],[99.182994,2.533353],[99.191347,2.531438],[99.204357,2.530617],[99.208465,2.52918],[99.210382,2.527402],[99.162016,2.492331],[99.153549,2.484562],[99.15193,2.480877],[99.141614,2.481228],[99.136631,2.487059],[99.132416,2.494247],[99.131334,2.497224],[99.133564,2.499743],[99.132996,2.500556],[99.122574,2.501817],[99.125108,2.505589],[99.106702,2.511747],[99.093492,2.506972],[99.094433,2.511747],[99.084141,2.530519],[99.082504,2.535681],[99.08295,2.536988],[99.093868,2.54036],[99.103503,2.572244],[99.109399,2.572984]]]}},{"type":"Feature","properties":{"nmkec":"Habinsaran","nmkab":"Toba Samosir","nmprov":"Sumatera Utara","kdkec":"050","kdkab":"06","kodekab":"1206","idkec":"1206050","index":270},"geometry":{"type":"MultiPolygon","coordinates":[[[[99.410346,2.488598],[99.433715,2.480094],[99.419192,2.459999],[99.46861,2.422205],[99.448922,2.401533],[99.424467,2.394151],[99.42332,2.389443],[99.379249,2.387406],[99.374156,2.373401],[99.372498,2.360808],[99.373135,2.354827],[99.381253,2.330319],[99.3834,2.32048],[99.382264,2.319344],[99.383655,2.314085],[99.385375,2.311508],[99.386278,2.311755],[99.388623,2.306162],[99.389042,2.295775],[99.387918,2.293139],[99.385329,2.293968],[99.379866,2.286785],[99.381171,2.286308],[99.38184,2.284144],[99.37833,2.281526],[99.377541,2.279753],[99.376044,2.26709],[99.37649,2.261108],[99.381202,2.244483],[99.383249,2.240563],[99.385375,2.237339],[99.39082,2.237498],[99.391903,2.234125],[99.390756,2.232534],[99.39282,2.227249],[99.39703,2.228126],[99.403861,2.208223],[99.40773,2.191661],[99.404864,2.188654],[99.39832,2.190229],[99.390773,2.194238],[99.387143,2.200252],[99.381554,2.206457],[99.376306,2.207811],[99.372198,2.210484],[99.366753,2.22108],[99.357135,2.206487],[99.351773,2.203259],[99.346188,2.195905],[99.323362,2.219333],[99.324642,2.223926],[99.321609,2.22963],[99.320383,2.239878],[99.315005,2.241377],[99.314241,2.247964],[99.315292,2.25097],[99.319891,2.257556],[99.324763,2.27119],[99.328843,2.279489],[99.325001,2.288466],[99.315089,2.283712],[99.3031,2.28185],[99.28989,2.284346],[99.288054,2.279846],[99.273047,2.287834],[99.264682,2.290142],[99.259601,2.290161],[99.253195,2.295985],[99.244138,2.299866],[99.242241,2.293991],[99.238038,2.291223],[99.231446,2.291891],[99.22581,2.290364],[99.218659,2.290542],[99.216448,2.29905],[99.20957,2.304395],[99.212818,2.307641],[99.210907,2.315277],[99.212547,2.322027],[99.220455,2.320525],[99.233769,2.323035],[99.238586,2.325555],[99.238549,2.340597],[99.233995,2.348381],[99.230231,2.351728],[99.229027,2.355789],[99.226919,2.357105],[99.225028,2.356397],[99.224086,2.364167],[99.228387,2.371547],[99.232408,2.371627],[99.234853,2.374849],[99.246306,2.372109],[99.245487,2.385559],[99.252482,2.40159],[99.255231,2.415319],[99.271457,2.415268],[99.28779,2.411716],[99.294974,2.407881],[99.298663,2.408257],[99.298856,2.421567],[99.311137,2.421264],[99.313261,2.446726],[99.305537,2.451971],[99.312925,2.487776],[99.352356,2.488282],[99.372487,2.485924],[99.373152,2.489902],[99.393626,2.492157],[99.410346,2.488598]]],[[[99.281074,2.22489],[99.265245,2.218549],[99.259732,2.233202],[99.264422,2.236331],[99.269925,2.233786],[99.278185,2.233015],[99.281074,2.22489]]]]}},{"type":"Feature","properties":{"nmkec":"Borbor","nmkab":"Toba Samosir","nmprov":"Sumatera Utara","kdkec":"051","kdkab":"06","kodekab":"1206","idkec":"1206051","index":271},"geometry":{"type":"Polygon","coordinates":[[[99.209306,2.304606],[99.216448,2.29905],[99.218659,2.290542],[99.22581,2.290364],[99.231446,2.291891],[99.238038,2.291223],[99.242241,2.293991],[99.244138,2.299866],[99.253195,2.295985],[99.259601,2.290161],[99.264682,2.290142],[99.273047,2.287834],[99.288054,2.279846],[99.28989,2.284346],[99.3031,2.28185],[99.315089,2.283712],[99.325001,2.288466],[99.328843,2.279489],[99.324763,2.27119],[99.319891,2.257556],[99.315292,2.25097],[99.314241,2.247964],[99.315005,2.241377],[99.320383,2.239878],[99.321609,2.22963],[99.324642,2.223926],[99.323362,2.219333],[99.346188,2.195905],[99.351773,2.203259],[99.357135,2.206487],[99.366753,2.22108],[99.372198,2.210484],[99.376306,2.207811],[99.381554,2.206457],[99.387143,2.200252],[99.390773,2.194238],[99.39832,2.190229],[99.404864,2.188654],[99.407125,2.19051],[99.408716,2.188814],[99.413747,2.190978],[99.408704,2.182153],[99.403654,2.174975],[99.394272,2.165271],[99.392411,2.166204],[99.392163,2.169021],[99.389562,2.16914],[99.381925,2.166604],[99.376718,2.159031],[99.376686,2.155953],[99.368817,2.143521],[99.365113,2.142729],[99.343226,2.130452],[99.335864,2.124809],[99.320991,2.122293],[99.314973,2.123032],[99.311733,2.120639],[99.291659,2.11171],[99.284232,2.112472],[99.277551,2.11445],[99.265761,2.120383],[99.24742,2.12724],[99.244217,2.132489],[99.239055,2.138278],[99.233012,2.151363],[99.227224,2.155876],[99.223692,2.160446],[99.214466,2.168285],[99.211875,2.171542],[99.211374,2.175967],[99.208106,2.184145],[99.212503,2.1892],[99.210953,2.202781],[99.212159,2.212724],[99.20455,2.222284],[99.203137,2.226403],[99.198778,2.230918],[99.179566,2.231904],[99.169412,2.23495],[99.160151,2.236063],[99.140434,2.25506],[99.137751,2.256625],[99.135292,2.255954],[99.146965,2.270599],[99.160712,2.268235],[99.173268,2.269173],[99.183968,2.276523],[99.185305,2.278909],[99.187598,2.290459],[99.191323,2.295518],[99.198202,2.301818],[99.206382,2.305023],[99.209306,2.304606]],[[99.259732,2.233202],[99.265245,2.218549],[99.281074,2.22489],[99.278185,2.233015],[99.269925,2.233786],[99.264422,2.236331],[99.259732,2.233202]]]}},{"type":"Feature","properties":{"nmkec":"Silaen","nmkab":"Toba Samosir","nmprov":"Sumatera Utara","kdkec":"060","kdkab":"06","kodekab":"1206","idkec":"1206060","index":272},"geometry":{"type":"Polygon","coordinates":[[[99.257103,2.482945],[99.270998,2.480906],[99.270857,2.478843],[99.276598,2.477361],[99.285161,2.484937],[99.295706,2.489256],[99.299914,2.489111],[99.304468,2.496439],[99.307267,2.48939],[99.312925,2.487776],[99.305537,2.451971],[99.313261,2.446726],[99.311137,2.421264],[99.298856,2.421567],[99.298663,2.408257],[99.294974,2.407881],[99.28779,2.411716],[99.271457,2.415268],[99.255231,2.415319],[99.252482,2.40159],[99.245487,2.385559],[99.246306,2.372109],[99.234853,2.374849],[99.232408,2.371627],[99.228387,2.371547],[99.224086,2.364167],[99.225028,2.356397],[99.226919,2.357105],[99.229027,2.355789],[99.230231,2.351728],[99.233995,2.348381],[99.238549,2.340597],[99.238586,2.325555],[99.233769,2.323035],[99.220455,2.320525],[99.212547,2.322027],[99.194951,2.322499],[99.189141,2.329758],[99.187861,2.339258],[99.185714,2.341855],[99.1853,2.346504],[99.195135,2.350858],[99.197134,2.356643],[99.185351,2.366482],[99.180724,2.375853],[99.189327,2.379467],[99.190041,2.384267],[99.198533,2.382374],[99.196221,2.390737],[99.192832,2.39546],[99.188126,2.397745],[99.186068,2.408621],[99.188703,2.410831],[99.191238,2.407394],[99.196248,2.408011],[99.198574,2.410136],[99.210476,2.426306],[99.213478,2.432849],[99.211804,2.436891],[99.218116,2.435619],[99.228916,2.436769],[99.23542,2.433356],[99.237904,2.433619],[99.238544,2.439109],[99.237265,2.444705],[99.229791,2.463354],[99.223344,2.48282],[99.248354,2.49562],[99.250462,2.498093],[99.261,2.491926],[99.257103,2.482945]]]}},{"type":"Feature","properties":{"nmkec":"Sigumpar","nmkab":"Toba Samosir","nmprov":"Sumatera Utara","kdkec":"061","kdkab":"06","kodekab":"1206","idkec":"1206061","index":273},"geometry":{"type":"Polygon","coordinates":[[[99.172547,2.41715],[99.175778,2.41351],[99.182434,2.412757],[99.184549,2.413924],[99.187805,2.402484],[99.188126,2.397745],[99.192832,2.39546],[99.196221,2.390737],[99.198533,2.382374],[99.190041,2.384267],[99.189327,2.379467],[99.180724,2.375853],[99.182335,2.372434],[99.179436,2.367806],[99.17739,2.367678],[99.165943,2.374655],[99.164708,2.370914],[99.157183,2.376518],[99.153935,2.386316],[99.152109,2.384214],[99.150909,2.384571],[99.146252,2.390328],[99.14924,2.398571],[99.150789,2.414221],[99.167029,2.415346],[99.172547,2.41715]]]}},{"type":"Feature","properties":{"nmkec":"Siantar Narumonda","nmkab":"Toba Samosir","nmprov":"Sumatera Utara","kdkec":"072","kdkab":"06","kodekab":"1206","idkec":"1206072","index":274},"geometry":{"type":"Polygon","coordinates":[[[99.223194,2.483272],[99.238544,2.439109],[99.237904,2.433619],[99.23542,2.433356],[99.228916,2.436769],[99.218116,2.435619],[99.211804,2.436891],[99.213478,2.432849],[99.210476,2.426306],[99.196248,2.408011],[99.191238,2.407394],[99.188703,2.410831],[99.186068,2.408621],[99.184549,2.413924],[99.182434,2.412757],[99.175778,2.41351],[99.172547,2.41715],[99.167029,2.415346],[99.150789,2.414221],[99.152166,2.419454],[99.151459,2.422773],[99.156228,2.424657],[99.16203,2.429949],[99.161375,2.431145],[99.170557,2.43875],[99.177525,2.438257],[99.181023,2.435336],[99.183188,2.435155],[99.186555,2.428862],[99.190526,2.429012],[99.193311,2.430572],[99.193179,2.439146],[99.191561,2.442004],[99.192991,2.445839],[99.197357,2.451047],[99.199107,2.458605],[99.203171,2.462215],[99.208742,2.469585],[99.208591,2.4753],[99.212957,2.475601],[99.215215,2.480865],[99.223194,2.483272]]]}},{"type":"Feature","properties":{"nmkec":"Parmaksian","nmkab":"Toba Samosir","nmprov":"Sumatera Utara","kdkec":"073","kdkab":"06","kodekab":"1206","idkec":"1206073","index":275},"geometry":{"type":"Polygon","coordinates":[[[99.196508,2.517068],[99.215026,2.480425],[99.212957,2.475601],[99.208591,2.4753],[99.208742,2.469585],[99.203171,2.462215],[99.199107,2.458605],[99.197357,2.451047],[99.192991,2.445839],[99.191561,2.442004],[99.192726,2.440386],[99.184937,2.438983],[99.177048,2.439844],[99.177525,2.438257],[99.170557,2.43875],[99.169837,2.44048],[99.162649,2.43986],[99.160842,2.441674],[99.159108,2.450108],[99.155338,2.454476],[99.155587,2.459495],[99.148345,2.477854],[99.144507,2.481163],[99.15193,2.480877],[99.153549,2.484562],[99.161283,2.491719],[99.166669,2.47658],[99.16623,2.470363],[99.168915,2.470266],[99.173401,2.47282],[99.174309,2.475288],[99.17405,2.478799],[99.168246,2.496525],[99.196508,2.517068]]]}},{"type":"Feature","properties":{"nmkec":"Lumban Julu","nmkab":"Toba Samosir","nmprov":"Sumatera Utara","kdkec":"080","kdkab":"06","kodekab":"1206","idkec":"1206080","index":276},"geometry":{"type":"Polygon","coordinates":[[[99.063315,2.612194],[99.068793,2.607543],[99.074347,2.604575],[99.075366,2.597283],[99.083682,2.585765],[99.091388,2.577926],[99.099879,2.57218],[99.103483,2.57218],[99.093868,2.54036],[99.08295,2.536988],[99.082504,2.535681],[99.083672,2.531816],[99.076972,2.512076],[99.059616,2.511577],[99.05469,2.512502],[99.040982,2.510337],[99.040302,2.510861],[99.0407,2.512509],[99.034293,2.514408],[99.032553,2.517605],[99.032449,2.521763],[99.031409,2.522699],[99.028808,2.521139],[99.011536,2.528831],[99.008069,2.532399],[99.009446,2.534165],[99.008898,2.53608],[99.00467,2.542344],[98.995722,2.551075],[98.993766,2.551368],[98.99198,2.549883],[98.996163,2.541826],[98.990128,2.540947],[98.988803,2.541667],[98.987946,2.543605],[98.989179,2.546067],[98.987946,2.54853],[98.983455,2.550673],[98.982777,2.553605],[98.983564,2.55838],[98.982606,2.560022],[98.980825,2.558243],[98.979684,2.554426],[98.976443,2.556054],[98.974068,2.553343],[98.974049,2.567574],[98.970246,2.571207],[98.975578,2.575631],[98.979277,2.574679],[98.988385,2.584699],[99.004946,2.585798],[99.006538,2.593015],[99.003891,2.602261],[99.000469,2.607528],[98.996303,2.607418],[98.997494,2.609337],[99.004793,2.610225],[99.006844,2.613785],[99.023918,2.616763],[99.027663,2.618842],[99.040981,2.630482],[99.042853,2.634224],[99.049512,2.629859],[99.053156,2.623813],[99.063315,2.612194]]]}},{"type":"Feature","properties":{"nmkec":"Rantau Selatan","nmkab":"Labuhan Batu","nmprov":"Sumatera Utara","kdkec":"210","kdkab":"07","kodekab":"1207","idkec":"1207210","index":277},"geometry":{"type":"MultiPolygon","coordinates":[[[[99.890386,2.12027],[99.891719,2.112807],[99.889279,2.106115],[99.884919,2.101472],[99.88503,2.094624],[99.896736,2.086751],[99.903185,2.085923],[99.903621,2.079019],[99.88164,2.079177],[99.881292,2.048722],[99.879071,2.034545],[99.881028,2.03057],[99.870994,2.030947],[99.873062,2.023557],[99.867957,2.023363],[99.859011,2.019331],[99.846427,2.016298],[99.837506,2.020778],[99.833629,2.021575],[99.811279,2.019702],[99.797573,2.020233],[99.793437,2.025491],[99.788985,2.024764],[99.787443,2.027539],[99.787254,2.032996],[99.793137,2.042367],[99.793992,2.051011],[99.789305,2.064917],[99.794608,2.082594],[99.802035,2.079111],[99.811528,2.077665],[99.813462,2.078178],[99.812355,2.072361],[99.808426,2.065321],[99.824844,2.064164],[99.837221,2.059],[99.840417,2.063281],[99.840662,2.064734],[99.839546,2.064858],[99.839354,2.066233],[99.844838,2.080331],[99.844769,2.082554],[99.839176,2.086706],[99.837112,2.090494],[99.836572,2.09865],[99.834668,2.100781],[99.834625,2.102315],[99.83974,2.104273],[99.849114,2.105424],[99.849244,2.107656],[99.845849,2.110968],[99.848878,2.112132],[99.853965,2.110829],[99.857786,2.111231],[99.864402,2.118505],[99.869392,2.119681],[99.876812,2.117275],[99.879144,2.118872],[99.880044,2.120706],[99.88756,2.122251],[99.890386,2.12027]]],[[[99.906101,2.01129],[99.909464,2.005914],[99.912487,1.996357],[99.911259,1.993873],[99.905805,1.999193],[99.898081,1.992044],[99.896258,2.007952],[99.906101,2.01129]]],[[[99.910064,2.03876],[99.910245,2.03544],[99.905535,2.034188],[99.90564,2.031154],[99.900611,2.031982],[99.896915,2.036255],[99.897026,2.038601],[99.910064,2.03876]]]]}},{"type":"Feature","properties":{"nmkec":"Rantau Utara","nmkab":"Labuhan Batu","nmprov":"Sumatera Utara","kdkec":"220","kdkab":"07","kodekab":"1207","idkec":"1207220","index":278},"geometry":{"type":"Polygon","coordinates":[[[99.880801,2.208234],[99.898089,2.195171],[99.902274,2.193117],[99.92724,2.190222],[99.929485,2.19097],[99.924573,2.182583],[99.909526,2.169214],[99.909798,2.168197],[99.895764,2.157406],[99.894053,2.160615],[99.879505,2.144753],[99.874403,2.146437],[99.873154,2.142913],[99.868834,2.139651],[99.869347,2.13635],[99.877411,2.136409],[99.878335,2.137966],[99.88336,2.134418],[99.883882,2.128511],[99.886729,2.122368],[99.880044,2.120706],[99.879144,2.118872],[99.876812,2.117275],[99.869392,2.119681],[99.864402,2.118505],[99.857786,2.111231],[99.853965,2.110829],[99.848878,2.112132],[99.845849,2.110968],[99.849244,2.107656],[99.849114,2.105424],[99.83974,2.104273],[99.834625,2.102315],[99.834668,2.100781],[99.836572,2.09865],[99.837112,2.090494],[99.839176,2.086706],[99.844769,2.082554],[99.844838,2.080331],[99.839354,2.066233],[99.839546,2.064858],[99.840662,2.064734],[99.840417,2.063281],[99.837221,2.059],[99.824844,2.064164],[99.808426,2.065321],[99.812355,2.072361],[99.813462,2.078178],[99.811528,2.077665],[99.802035,2.079111],[99.794576,2.082608],[99.791746,2.092079],[99.767381,2.101598],[99.79072,2.098979],[99.796759,2.099906],[99.801433,2.09827],[99.806674,2.099617],[99.809653,2.10232],[99.811433,2.102773],[99.81373,2.106481],[99.813083,2.111555],[99.809238,2.112798],[99.809272,2.118589],[99.811185,2.118962],[99.811485,2.123097],[99.808003,2.123257],[99.805227,2.125202],[99.80439,2.131512],[99.811168,2.133239],[99.81632,2.133462],[99.830255,2.132413],[99.828469,2.126311],[99.826021,2.123554],[99.835326,2.123441],[99.835531,2.127133],[99.833776,2.134116],[99.825436,2.144156],[99.850384,2.15788],[99.853461,2.174622],[99.853724,2.202983],[99.858194,2.203473],[99.876766,2.20223],[99.880801,2.208234]]]}},{"type":"Feature","properties":{"nmkec":"Bandar Pasir Mandoge","nmkab":"Asahan","nmprov":"Sumatera Utara","kdkec":"010","kdkab":"08","kodekab":"1208","idkec":"1208010","index":279},"geometry":{"type":"Polygon","coordinates":[[[99.404849,2.916471],[99.40827,2.915452],[99.410076,2.916051],[99.416081,2.909401],[99.43066,2.902274],[99.434393,2.897541],[99.431891,2.877446],[99.434761,2.872528],[99.441929,2.868018],[99.4397,2.867141],[99.430511,2.857361],[99.447319,2.817936],[99.439185,2.817879],[99.43487,2.815204],[99.431262,2.811604],[99.431168,2.805408],[99.439941,2.797183],[99.449097,2.790356],[99.457169,2.788865],[99.467274,2.780423],[99.465949,2.779443],[99.457862,2.778705],[99.458168,2.777536],[99.461477,2.777704],[99.461437,2.775421],[99.45789,2.774777],[99.459092,2.770195],[99.451496,2.768486],[99.447572,2.770289],[99.443206,2.768677],[99.427915,2.761688],[99.416858,2.752797],[99.413828,2.753126],[99.409416,2.756296],[99.405893,2.754183],[99.399217,2.753691],[99.393652,2.755264],[99.391486,2.754959],[99.388335,2.753165],[99.376295,2.739225],[99.370919,2.737499],[99.3631,2.727555],[99.358908,2.725998],[99.356235,2.726888],[99.354895,2.728739],[99.353304,2.728852],[99.35081,2.726746],[99.348582,2.719386],[99.346041,2.71791],[99.337559,2.718243],[99.332506,2.716466],[99.332247,2.711913],[99.325681,2.711145],[99.318837,2.706899],[99.314741,2.702837],[99.310409,2.703259],[99.304504,2.697688],[99.303974,2.694558],[99.30252,2.693594],[99.294291,2.692444],[99.292566,2.690741],[99.290861,2.69086],[99.289176,2.692226],[99.289764,2.696102],[99.287253,2.696385],[99.284934,2.694603],[99.285469,2.690009],[99.282951,2.685494],[99.275225,2.686656],[99.268733,2.684957],[99.257236,2.68669],[99.248686,2.6815],[99.244119,2.672844],[99.245651,2.645962],[99.245028,2.640691],[99.24261,2.636415],[99.229809,2.627767],[99.223648,2.622458],[99.221436,2.617701],[99.219518,2.609211],[99.219776,2.60177],[99.224974,2.589223],[99.224558,2.583718],[99.221087,2.577087],[99.215991,2.571885],[99.214896,2.558965],[99.213039,2.554785],[99.210715,2.553347],[99.20824,2.548846],[99.206895,2.540946],[99.206289,2.539949],[99.195558,2.538464],[99.193233,2.535119],[99.193112,2.531466],[99.182994,2.533353],[99.178153,2.54012],[99.174437,2.548512],[99.172399,2.557264],[99.170363,2.559346],[99.146564,2.568114],[99.146275,2.572738],[99.141271,2.572548],[99.134745,2.568038],[99.127112,2.567334],[99.122841,2.567979],[99.119574,2.569852],[99.110838,2.570586],[99.109114,2.5733],[99.099879,2.57218],[99.091388,2.577926],[99.083682,2.585765],[99.075366,2.597283],[99.074298,2.604432],[99.077237,2.603494],[99.079814,2.60448],[99.08127,2.612038],[99.081277,2.61499],[99.075759,2.630792],[99.077069,2.643198],[99.07689,2.650632],[99.078469,2.6595],[99.080047,2.663173],[99.085735,2.670383],[99.090091,2.674548],[99.099406,2.676161],[99.10421,2.680774],[99.106091,2.680505],[99.114197,2.682834],[99.118541,2.686036],[99.126166,2.693297],[99.126646,2.70058],[99.124698,2.709931],[99.125717,2.712629],[99.128534,2.715386],[99.135368,2.718923],[99.139294,2.718683],[99.150713,2.730506],[99.154779,2.736757],[99.159891,2.738324],[99.167219,2.742669],[99.1728,2.748289],[99.173511,2.750154],[99.176606,2.752505],[99.184992,2.755164],[99.191644,2.762212],[99.197291,2.766639],[99.208014,2.770235],[99.210891,2.774657],[99.211336,2.782229],[99.21267,2.787007],[99.21951,2.792113],[99.225397,2.798775],[99.240504,2.808524],[99.24804,2.812336],[99.248576,2.81914],[99.250577,2.823812],[99.258176,2.83148],[99.257645,2.838053],[99.259565,2.840303],[99.259072,2.843819],[99.260738,2.846596],[99.264605,2.849076],[99.265433,2.85108],[99.264056,2.854836],[99.266203,2.859186],[99.275852,2.864662],[99.278043,2.863799],[99.284731,2.866386],[99.288714,2.868905],[99.289654,2.870696],[99.289184,2.872701],[99.296985,2.870349],[99.300358,2.875847],[99.305265,2.881389],[99.306307,2.881356],[99.310645,2.877258],[99.312591,2.880717],[99.31567,2.883304],[99.320328,2.885017],[99.334054,2.893608],[99.347334,2.894232],[99.352546,2.891657],[99.353423,2.888292],[99.356279,2.883724],[99.359765,2.880818],[99.370805,2.881801],[99.378738,2.8861],[99.378906,2.888608],[99.383985,2.896815],[99.386065,2.898009],[99.391075,2.898758],[99.392787,2.90149],[99.393033,2.905957],[99.398201,2.913342],[99.399514,2.914657],[99.404849,2.916471]]]}},{"type":"Feature","properties":{"nmkec":"Pangkatan","nmkab":"Labuhan Batu","nmprov":"Sumatera Utara","kdkec":"070","kdkab":"07","kodekab":"1207","idkec":"1207070","index":280},"geometry":{"type":"Polygon","coordinates":[[[100.001115,2.265888],[100.014224,2.255016],[100.026671,2.252375],[100.029902,2.253707],[100.0335,2.253371],[100.036029,2.258546],[100.044628,2.265035],[100.044686,2.258279],[100.048023,2.253649],[100.050049,2.24719],[100.05533,2.23934],[100.054694,2.232773],[100.056538,2.222766],[100.06305,2.22167],[100.066456,2.217729],[100.07099,2.216487],[100.091114,2.216191],[100.085544,2.192084],[100.088142,2.185481],[100.087048,2.181851],[100.082177,2.174353],[100.075926,2.169964],[100.074419,2.169974],[100.070547,2.166633],[100.066475,2.153525],[100.060328,2.146785],[100.069507,2.121918],[100.058563,2.114829],[100.053049,2.094715],[100.050396,2.093299],[100.043121,2.103997],[100.037295,2.110553],[100.045289,2.116494],[100.033011,2.12612],[100.020802,2.121427],[100.013966,2.112773],[99.996791,2.082583],[99.995886,2.066732],[99.989877,2.066959],[99.985962,2.064875],[99.981968,2.064316],[99.982313,2.071098],[99.976265,2.076982],[99.977023,2.078941],[99.975546,2.082028],[99.958913,2.082214],[99.958384,2.065921],[99.912986,2.065861],[99.913506,2.072593],[99.920201,2.086573],[99.919909,2.089994],[99.922964,2.095462],[99.925956,2.094894],[99.928253,2.098854],[99.924915,2.103798],[99.92755,2.110544],[99.930003,2.110474],[99.930561,2.11933],[99.935324,2.122207],[99.935328,2.128197],[99.93269,2.130458],[99.929422,2.128761],[99.931182,2.126876],[99.93005,2.12543],[99.923197,2.124111],[99.922577,2.126246],[99.923691,2.12945],[99.923329,2.134789],[99.921393,2.1417],[99.922753,2.159071],[99.930315,2.17934],[99.924526,2.182632],[99.929485,2.19097],[99.938573,2.203233],[99.953968,2.199153],[99.983167,2.208358],[99.980969,2.23091],[99.980572,2.252679],[99.983354,2.252588],[99.99233,2.259019],[99.995863,2.264723],[100.001115,2.265888]]]}},{"type":"Feature","properties":{"nmkec":"Selesai","nmkab":"Langkat","nmprov":"Sumatera Utara","kdkec":"050","kdkab":"13","kodekab":"1213","idkec":"1213050","index":281},"geometry":{"type":"Polygon","coordinates":[[[98.393219,3.69677],[98.401722,3.695215],[98.407879,3.697789],[98.411164,3.697839],[98.4153,3.692536],[98.418826,3.692819],[98.420002,3.695053],[98.429689,3.686991],[98.428285,3.683904],[98.437188,3.679793],[98.434394,3.656135],[98.436421,3.644071],[98.43811,3.639973],[98.449134,3.631056],[98.450247,3.628257],[98.448697,3.624508],[98.442633,3.620431],[98.441601,3.616176],[98.442735,3.612768],[98.441952,3.609837],[98.444723,3.606515],[98.445061,3.598358],[98.458478,3.59453],[98.459524,3.596765],[98.45852,3.597527],[98.459324,3.599369],[98.46092,3.60053],[98.46278,3.599182],[98.457224,3.592333],[98.459167,3.588641],[98.458098,3.58429],[98.453287,3.579046],[98.449202,3.56885],[98.44686,3.566808],[98.445409,3.555747],[98.446413,3.539075],[98.451685,3.532887],[98.453419,3.526467],[98.457272,3.52481],[98.459253,3.518022],[98.456792,3.511377],[98.457573,3.505964],[98.460638,3.498625],[98.457747,3.496851],[98.455039,3.49698],[98.454855,3.505748],[98.446097,3.516877],[98.443085,3.523622],[98.437194,3.528035],[98.42853,3.53024],[98.428253,3.535776],[98.418442,3.53839],[98.414542,3.537555],[98.41108,3.534822],[98.401338,3.537802],[98.400353,3.540512],[98.397519,3.541679],[98.394075,3.54026],[98.391117,3.540797],[98.395061,3.546822],[98.391966,3.547761],[98.393312,3.552715],[98.386854,3.554351],[98.381606,3.548855],[98.376077,3.550317],[98.375437,3.550722],[98.376126,3.552236],[98.375606,3.556714],[98.377479,3.564857],[98.368574,3.565116],[98.368503,3.56886],[98.356648,3.569246],[98.357079,3.570896],[98.36839,3.569998],[98.372388,3.57325],[98.373091,3.576814],[98.376834,3.577241],[98.380879,3.581207],[98.381126,3.583018],[98.376376,3.586472],[98.377075,3.587802],[98.383757,3.590115],[98.383153,3.591557],[98.353956,3.60566],[98.350623,3.606003],[98.34566,3.604095],[98.339124,3.605322],[98.339281,3.606902],[98.343813,3.611971],[98.346131,3.617291],[98.330293,3.614088],[98.298715,3.614109],[98.299742,3.629967],[98.314368,3.629068],[98.319369,3.625528],[98.32567,3.626286],[98.342357,3.630974],[98.35121,3.629763],[98.355303,3.634103],[98.357701,3.648021],[98.362272,3.656357],[98.36185,3.665217],[98.364859,3.672782],[98.372061,3.679046],[98.373405,3.685813],[98.377427,3.692452],[98.381038,3.692765],[98.383441,3.696632],[98.383979,3.701852],[98.389223,3.707182],[98.391145,3.706163],[98.393829,3.702601],[98.393219,3.69677]]]}},{"type":"Feature","properties":{"nmkec":"Panai Hulu","nmkab":"Labuhan Batu","nmprov":"Sumatera Utara","kdkec":"140","kdkab":"07","kodekab":"1207","idkec":"1207140","index":282},"geometry":{"type":"Polygon","coordinates":[[[100.085351,2.545446],[100.095433,2.532481],[100.114075,2.537623],[100.117796,2.540108],[100.12792,2.54098],[100.135783,2.525765],[100.139746,2.515188],[100.153733,2.511705],[100.165978,2.506451],[100.169628,2.502414],[100.169093,2.498975],[100.164725,2.494842],[100.152207,2.487075],[100.149411,2.484412],[100.146589,2.478729],[100.147508,2.472394],[100.151227,2.467329],[100.153971,2.465963],[100.159377,2.465216],[100.16423,2.46536],[100.172995,2.468908],[100.178592,2.469861],[100.184909,2.468029],[100.18745,2.46417],[100.194633,2.446093],[100.196813,2.436343],[100.194448,2.432618],[100.197408,2.425728],[100.197284,2.416687],[100.190494,2.408631],[100.185708,2.407204],[100.186282,2.403417],[100.175523,2.401213],[100.171655,2.397348],[100.169946,2.392972],[100.171901,2.38599],[100.172786,2.384343],[100.174978,2.383551],[100.183576,2.388535],[100.188764,2.392887],[100.192742,2.394035],[100.195251,2.392761],[100.196874,2.390401],[100.196846,2.385974],[100.191244,2.383193],[100.195894,2.367304],[100.200948,2.368724],[100.203097,2.367611],[100.211097,2.341291],[100.190473,2.335084],[100.201163,2.299557],[100.188791,2.29592],[100.188294,2.254255],[100.154273,2.253779],[100.153202,2.358239],[100.146003,2.358024],[100.145866,2.369152],[100.146821,2.369309],[100.146832,2.37039],[100.146174,2.384258],[100.128782,2.384334],[100.129063,2.414418],[100.132308,2.424105],[100.132371,2.428805],[100.122521,2.437933],[100.111363,2.444104],[100.111203,2.447631],[100.122548,2.447612],[100.124165,2.464429],[100.126161,2.473658],[100.123671,2.476818],[100.113907,2.497844],[100.109772,2.494058],[100.099911,2.493572],[100.0937,2.490998],[100.091148,2.48768],[100.088694,2.478532],[100.079832,2.476088],[100.076046,2.473557],[100.072984,2.468644],[100.069623,2.459664],[100.043632,2.455069],[100.02169,2.492877],[100.040848,2.503536],[100.051538,2.503316],[100.058406,2.525654],[100.066147,2.532748],[100.070427,2.53823],[100.072102,2.545971],[100.074701,2.545024],[100.0738,2.553619],[100.085351,2.545446]]]}},{"type":"Feature","properties":{"nmkec":"Tanah Masa","nmkab":"Nias Selatan","nmprov":"Sumatera Utara","kdkec":"011","kdkab":"14","kodekab":"1214","idkec":"1214011","index":283},"geometry":{"type":"MultiPolygon","coordinates":[[[[98.357241,-0.030429],[98.368148,-0.039935],[98.374574,-0.043552],[98.386982,-0.053554],[98.400125,-0.066925],[98.411503,-0.084588],[98.413971,-0.096242],[98.429907,-0.09292],[98.442404,-0.112251],[98.44744,-0.12272],[98.453581,-0.15144],[98.467116,-0.170719],[98.472258,-0.181187],[98.477683,-0.183263],[98.483313,-0.181936],[98.486614,-0.180047],[98.490299,-0.181875],[98.493865,-0.187261],[98.496718,-0.199827],[98.495216,-0.201971],[98.492795,-0.203298],[98.493151,-0.208923],[98.504207,-0.214908],[98.508012,-0.215028],[98.508963,-0.215985],[98.509319,-0.223645],[98.510508,-0.224124],[98.51776,-0.221611],[98.519662,-0.22185],[98.518949,-0.224483],[98.513837,-0.225321],[98.510951,-0.226856],[98.510983,-0.227834],[98.521102,-0.228412],[98.520325,-0.229309],[98.520874,-0.231384],[98.526438,-0.231664],[98.542963,-0.244711],[98.546648,-0.245668],[98.554019,-0.254645],[98.559012,-0.258714],[98.562788,-0.269656],[98.570991,-0.278513],[98.573131,-0.27959],[98.573369,-0.284856],[98.571109,-0.293354],[98.572417,-0.292396],[98.573368,-0.292875],[98.573368,-0.297064],[98.571228,-0.306399],[98.571703,-0.311546],[98.570158,-0.311905],[98.568969,-0.31011],[98.566472,-0.314538],[98.568136,-0.31741],[98.569681,-0.324232],[98.569681,-0.327105],[98.568492,-0.329738],[98.566233,-0.331713],[98.558127,-0.331318],[98.548192,-0.33493],[98.54583,-0.33489],[98.543348,-0.332408],[98.540946,-0.332048],[98.545132,-0.344654],[98.543911,-0.346996],[98.541573,-0.348339],[98.545552,-0.354782],[98.544619,-0.360451],[98.545197,-0.366598],[98.557508,-0.378739],[98.559063,-0.388847],[98.557441,-0.390869],[98.552137,-0.39275],[98.548555,-0.390168],[98.543391,-0.372135],[98.540584,-0.365538],[98.538,-0.363555],[98.535127,-0.351931],[98.527559,-0.345295],[98.525578,-0.341412],[98.525327,-0.336704],[98.527207,-0.332463],[98.516548,-0.319052],[98.515064,-0.317766],[98.50996,-0.317375],[98.509729,-0.313354],[98.503463,-0.308252],[98.507109,-0.297879],[98.496806,-0.288783],[98.47674,-0.264829],[98.47353,-0.260162],[98.473273,-0.256639],[98.469115,-0.249512],[98.461884,-0.240399],[98.457567,-0.237253],[98.454045,-0.232929],[98.449758,-0.225558],[98.449521,-0.222566],[98.447975,-0.22077],[98.44141,-0.218221],[98.435136,-0.209879],[98.432046,-0.204254],[98.430619,-0.199347],[98.430738,-0.197312],[98.435375,-0.193243],[98.433469,-0.186375],[98.430358,-0.184092],[98.427737,-0.18514],[98.423602,-0.1844],[98.423602,-0.179074],[98.425386,-0.1768],[98.422889,-0.170697],[98.419917,-0.168004],[98.413854,-0.167525],[98.413022,-0.16561],[98.41417,-0.160947],[98.413057,-0.158961],[98.410415,-0.156079],[98.404591,-0.153397],[98.40161,-0.150649],[98.400897,-0.14658],[98.398106,-0.142149],[98.388779,-0.13743],[98.387475,-0.12506],[98.385205,-0.121087],[98.384016,-0.120439],[98.383276,-0.121184],[98.375349,-0.115944],[98.367433,-0.107928],[98.367492,-0.103853],[98.369276,-0.102895],[98.370621,-0.10267],[98.379674,-0.106704],[98.380591,-0.106333],[98.380807,-0.103135],[98.376884,-0.099904],[98.369515,-0.086057],[98.36242,-0.065411],[98.361679,-0.060358],[98.350451,-0.046347],[98.347035,-0.039452],[98.348829,-0.035778],[98.357241,-0.030429]]],[[[98.421912,-0.242123],[98.429639,-0.250262],[98.441173,-0.245751],[98.445421,-0.247381],[98.451157,-0.253973],[98.450443,-0.257324],[98.447947,-0.257204],[98.450919,-0.261752],[98.454723,-0.264266],[98.45817,-0.264385],[98.459359,-0.265463],[98.464471,-0.272524],[98.467086,-0.278628],[98.47164,-0.280991],[98.457633,-0.302804],[98.450922,-0.327913],[98.447817,-0.333095],[98.445889,-0.335485],[98.43929,-0.336536],[98.425057,-0.356578],[98.414165,-0.368781],[98.409453,-0.36881],[98.407427,-0.375664],[98.407216,-0.386056],[98.411896,-0.404985],[98.415077,-0.409232],[98.417966,-0.417726],[98.41675,-0.422744],[98.409093,-0.437497],[98.39857,-0.461875],[98.395568,-0.473942],[98.390237,-0.489047],[98.381399,-0.506485],[98.374985,-0.522479],[98.348721,-0.51473],[98.349274,-0.513987],[98.344985,-0.509891],[98.344986,-0.507378],[98.347602,-0.500317],[98.343696,-0.499285],[98.344576,-0.497804],[98.34902,-0.497524],[98.352022,-0.496083],[98.352182,-0.489598],[98.354259,-0.487797],[98.352422,-0.482393],[98.354892,-0.470596],[98.362588,-0.466875],[98.367153,-0.466781],[98.370396,-0.468542],[98.371597,-0.467982],[98.375242,-0.460498],[98.378069,-0.443201],[98.378046,-0.40797],[98.377571,-0.40426],[98.374361,-0.397677],[98.374362,-0.38906],[98.372704,-0.385953],[98.372422,-0.381543],[98.37327,-0.379552],[98.380053,-0.374004],[98.382456,-0.369594],[98.382456,-0.360632],[98.381467,-0.355368],[98.384012,-0.343987],[98.388164,-0.339824],[98.391626,-0.338783],[98.391796,-0.340444],[98.393178,-0.339624],[98.395396,-0.334995],[98.395634,-0.330327],[98.398369,-0.324702],[98.399796,-0.323147],[98.402768,-0.322548],[98.405757,-0.320582],[98.407286,-0.315607],[98.409064,-0.313647],[98.412817,-0.312746],[98.416202,-0.317403],[98.423592,-0.316831],[98.425832,-0.314651],[98.429993,-0.312736],[98.44011,-0.303072],[98.441599,-0.290087],[98.440099,-0.283893],[98.435106,-0.282576],[98.430232,-0.278028],[98.428898,-0.268531],[98.42618,-0.26778],[98.423157,-0.263857],[98.425079,-0.261795],[98.425439,-0.258693],[98.416324,-0.250859],[98.413233,-0.244756],[98.413352,-0.242841],[98.4168,-0.240686],[98.421912,-0.242123]]],[[[98.39018,-0.276019],[98.38956,-0.27752],[98.386598,-0.276059],[98.381734,-0.270715],[98.380553,-0.262849],[98.382835,-0.260727],[98.3896,-0.26455],[98.38848,-0.269127],[98.39018,-0.276019]]],[[[98.520882,-0.327331],[98.520068,-0.329971],[98.517767,-0.329836],[98.514768,-0.32897],[98.511678,-0.325622],[98.511736,-0.322626],[98.513882,-0.319032],[98.517308,-0.321643],[98.520882,-0.327331]]],[[[98.578598,-0.327405],[98.579549,-0.332352],[98.577805,-0.335064],[98.573525,-0.335543],[98.570672,-0.333947],[98.57083,-0.330436],[98.576062,-0.32916],[98.576854,-0.328202],[98.575428,-0.326447],[98.576379,-0.325649],[98.578598,-0.327405]]],[[[98.535711,-0.22975],[98.535117,-0.230588],[98.532501,-0.230587],[98.530361,-0.227715],[98.529767,-0.223287],[98.532145,-0.223406],[98.535711,-0.22975]]],[[[98.408597,-0.234941],[98.407171,-0.235659],[98.403723,-0.2353],[98.399919,-0.232667],[98.401227,-0.231829],[98.408479,-0.232308],[98.409311,-0.232787],[98.408597,-0.234941]]],[[[98.493478,-0.291076],[98.491338,-0.289999],[98.486107,-0.283416],[98.487653,-0.283177],[98.491576,-0.28581],[98.493478,-0.291076]]],[[[98.388748,-0.215232],[98.384227,-0.216035],[98.383163,-0.21483],[98.385424,-0.211885],[98.387684,-0.211885],[98.389413,-0.213491],[98.388748,-0.215232]]],[[[98.411026,-0.311345],[98.407929,-0.312734],[98.407393,-0.311375],[98.407794,-0.307492],[98.408914,-0.307372],[98.411566,-0.309465],[98.411026,-0.311345]]],[[[98.361059,-0.072398],[98.361891,-0.077066],[98.357968,-0.076108],[98.35785,-0.073355],[98.361059,-0.072398]]],[[[98.412006,-0.169822],[98.409275,-0.172682],[98.407994,-0.171701],[98.408447,-0.170697],[98.412006,-0.169822]]],[[[98.37337,-0.19793],[98.371462,-0.197694],[98.371063,-0.195686],[98.373057,-0.195686],[98.374121,-0.196891],[98.37337,-0.19793]]],[[[98.469118,-0.276384],[98.469713,-0.277821],[98.467573,-0.277701],[98.467692,-0.275905],[98.469118,-0.276384]]]]}},{"type":"Feature","properties":{"nmkec":"Pulau-Pulau Batu","nmkab":"Nias Selatan","nmprov":"Sumatera Utara","kdkec":"020","kdkab":"14","kodekab":"1214","idkec":"1214020","index":284},"geometry":{"type":"MultiPolygon","coordinates":[[[[98.355368,0.005895],[98.359811,0.001639],[98.365116,0.001706],[98.368829,-8.9e-05],[98.369251,-0.005735],[98.373325,-0.004502],[98.373375,-0.011058],[98.371209,-0.026383],[98.371573,-0.038346],[98.370677,-0.041359],[98.357241,-0.030429],[98.348829,-0.035778],[98.347028,-0.039464],[98.34443,-0.039464],[98.34241,-0.036113],[98.338368,-0.035036],[98.329095,-0.036113],[98.327024,-0.035446],[98.326272,-0.031178],[98.319621,-0.03285],[98.317263,-0.0319],[98.311323,-0.025734],[98.297643,-0.023893],[98.294308,-0.021289],[98.293842,-0.020084],[98.295012,-0.018614],[98.302599,-0.014913],[98.320447,-0.014727],[98.323865,-0.01098],[98.329141,-0.008567],[98.332104,-0.004084],[98.343221,0.003171],[98.353465,0.006134],[98.355368,0.005895]]],[[[98.312569,-0.04643],[98.319095,-0.050257],[98.32385,-0.050975],[98.327536,-0.053368],[98.325158,-0.057198],[98.324207,-0.062105],[98.325039,-0.062943],[98.331577,-0.061746],[98.331221,-0.069884],[98.332885,-0.07156],[98.336808,-0.068329],[98.342276,-0.066294],[98.343584,-0.067012],[98.344311,-0.06892],[98.343465,-0.073116],[98.346318,-0.072159],[98.346794,-0.073834],[98.345961,-0.079818],[98.349647,-0.083768],[98.352619,-0.084007],[98.357506,-0.089071],[98.351646,-0.093628],[98.348567,-0.097464],[98.343851,-0.097112],[98.337393,-0.094244],[98.334447,-0.091791],[98.325752,-0.09023],[98.313983,-0.080416],[98.308277,-0.078142],[98.304116,-0.072517],[98.30162,-0.071679],[98.297816,-0.072636],[98.295534,-0.070912],[98.296988,-0.0588],[98.299242,-0.058754],[98.309784,-0.062713],[98.313983,-0.066892],[98.317906,-0.064499],[98.318976,-0.061626],[98.316955,-0.057796],[98.311962,-0.053009],[98.311387,-0.046828],[98.312569,-0.04643]]],[[[98.273479,-0.032824],[98.278459,-0.040698],[98.281182,-0.043109],[98.284139,-0.048576],[98.284208,-0.055615],[98.290775,-0.079962],[98.289399,-0.085762],[98.285806,-0.093189],[98.28242,-0.094276],[98.281745,-0.093632],[98.282387,-0.088205],[98.2759,-0.077124],[98.266902,-0.069081],[98.263136,-0.059051],[98.265166,-0.042398],[98.266785,-0.037249],[98.269891,-0.033395],[98.273479,-0.032824]]],[[[98.333003,-0.092624],[98.33966,-0.101121],[98.335529,-0.102595],[98.323123,-0.098801],[98.323527,-0.094103],[98.326108,-0.091786],[98.32908,-0.091307],[98.333003,-0.092624]]],[[[98.256569,-0.036071],[98.260196,-0.037275],[98.259932,-0.038604],[98.255867,-0.042959],[98.25418,-0.040808],[98.254551,-0.037492],[98.256569,-0.036071]]],[[[98.259381,-0.02795],[98.258263,-0.02883],[98.255351,-0.028074],[98.256135,-0.024808],[98.257005,-0.024424],[98.259381,-0.02795]]],[[[98.360638,-0.095017],[98.358861,-0.094121],[98.359082,-0.09312],[98.360443,-0.093235],[98.360638,-0.095017]]],[[[98.349159,-0.081366],[98.347982,-0.081254],[98.347982,-0.079698],[98.349528,-0.080057],[98.349159,-0.081366]]]]}},{"type":"Feature","properties":{"nmkec":"Pulau-Pulau Batu Timur","nmkab":"Nias Selatan","nmprov":"Sumatera Utara","kdkec":"021","kdkab":"14","kodekab":"1214","idkec":"1214021","index":285},"geometry":{"type":"MultiPolygon","coordinates":[[[[98.610372,0.181279],[98.615365,0.180801],[98.616792,0.179245],[98.617268,0.176492],[98.62024,0.173979],[98.625352,0.173979],[98.634981,0.176253],[98.658164,0.175655],[98.661731,0.174817],[98.664584,0.171586],[98.667913,0.16991],[98.673263,0.171825],[98.675641,0.17003],[98.680634,0.168474],[98.681941,0.168474],[98.683011,0.171586],[98.684676,0.172903],[98.692285,0.173142],[98.70132,0.174818],[98.703637,0.175564],[98.704768,0.177571],[98.70881,0.178289],[98.712257,0.177212],[98.714041,0.160695],[98.72272,0.157224],[98.724503,0.157224],[98.725454,0.159498],[98.728188,0.160456],[98.730566,0.160815],[98.731636,0.159498],[98.73972,0.165243],[98.742217,0.165004],[98.750064,0.1589],[98.754581,0.157823],[98.757553,0.160935],[98.760882,0.161773],[98.769204,0.170869],[98.774316,0.173861],[98.779547,0.169912],[98.788872,0.16631],[98.792031,0.168715],[98.792506,0.172186],[98.797856,0.171468],[98.800353,0.170271],[98.806178,0.163808],[98.820682,0.153156],[98.832334,0.14011],[98.837921,0.137716],[98.84232,0.134604],[98.84553,0.128381],[98.854581,0.116492],[98.852351,0.10676],[98.853778,0.097664],[98.851638,0.094552],[98.849735,0.094312],[98.846169,0.0912],[98.846088,0.089113],[98.848119,0.084128],[98.851777,0.08286],[98.854015,0.080668],[98.837133,0.080428],[98.830951,0.079231],[98.815645,0.092179],[98.81191,0.091772],[98.810721,0.089857],[98.808675,0.089482],[98.804896,0.090456],[98.79536,0.0902],[98.788702,0.096184],[98.783175,0.0963],[98.778849,0.095287],[98.768729,0.088524],[98.770037,0.083377],[98.768729,0.079547],[98.767184,0.080385],[98.761715,0.079428],[98.748994,0.071049],[98.748994,0.073084],[98.747568,0.075598],[98.744001,0.076316],[98.739246,0.075478],[98.731518,0.072127],[98.726406,0.075956],[98.705601,0.079906],[98.698943,0.076196],[98.693475,0.075837],[98.684269,0.077552],[98.67897,0.076315],[98.674572,0.079786],[98.6716,0.079786],[98.667914,0.077153],[98.665299,0.073682],[98.65555,0.072964],[98.654005,0.073203],[98.649843,0.07835],[98.644256,0.080983],[98.634151,0.079546],[98.627612,0.084334],[98.616318,0.083855],[98.612632,0.087445],[98.602408,0.09331],[98.600031,0.09343],[98.596576,0.089947],[98.59398,0.088797],[98.589688,0.089719],[98.587874,0.092189],[98.571142,0.095464],[98.569596,0.096661],[98.565078,0.096657],[98.563771,0.096302],[98.561704,0.093215],[98.553666,0.091634],[98.549386,0.094626],[98.546889,0.099294],[98.537497,0.101208],[98.535332,0.102566],[98.531822,0.109174],[98.530421,0.126172],[98.526322,0.133403],[98.525371,0.137353],[98.525252,0.140824],[98.526322,0.143217],[98.527867,0.144534],[98.536427,0.147407],[98.542252,0.151476],[98.552476,0.16153],[98.557825,0.164761],[98.560203,0.168232],[98.564602,0.171823],[98.57114,0.175174],[98.576014,0.175893],[98.578511,0.174456],[98.583623,0.173738],[98.591178,0.175067],[98.602144,0.17964],[98.608232,0.179843],[98.610372,0.181279]]],[[[98.459273,-0.085648],[98.466643,-0.089119],[98.470329,-0.09259],[98.470574,-0.096375],[98.468627,-0.10282],[98.469262,-0.109383],[98.47227,-0.112894],[98.477108,-0.115445],[98.478642,-0.117805],[98.477993,-0.119516],[98.479468,-0.122348],[98.484129,-0.124265],[98.484356,-0.129692],[98.480671,-0.13424],[98.487685,-0.135916],[98.487922,-0.137472],[98.486258,-0.139147],[98.479957,-0.142259],[98.476272,-0.148124],[98.478649,-0.157579],[98.481146,-0.157579],[98.485069,-0.160691],[98.484831,-0.162964],[98.482691,-0.165957],[98.482691,-0.169427],[98.485544,-0.173377],[98.486614,-0.179601],[98.483313,-0.181936],[98.477683,-0.183263],[98.472258,-0.181187],[98.467116,-0.170719],[98.453581,-0.15144],[98.44744,-0.12272],[98.442404,-0.112251],[98.43011,-0.093213],[98.44961,-0.075915],[98.454161,-0.078108],[98.459273,-0.085648]]],[[[98.500397,-0.035167],[98.501813,-0.036347],[98.504055,-0.041892],[98.506061,-0.051686],[98.504861,-0.052277],[98.502715,-0.057056],[98.503362,-0.067961],[98.500331,-0.071051],[98.496264,-0.06864],[98.49117,-0.060828],[98.485155,-0.035458],[98.485648,-0.033869],[98.491544,-0.0281],[98.494141,-0.027897],[98.499689,-0.031745],[98.500397,-0.035167]]],[[[98.527274,-0.031911],[98.530127,-0.033946],[98.532267,-0.037776],[98.534882,-0.053574],[98.537707,-0.060456],[98.543931,-0.062078],[98.545938,-0.070914],[98.542073,-0.070456],[98.527368,-0.056267],[98.526561,-0.045914],[98.527727,-0.041656],[98.524659,-0.031672],[98.527274,-0.031911]]],[[[98.477002,-0.099723],[98.486566,-0.113469],[98.486478,-0.116714],[98.484324,-0.122495],[98.479486,-0.121256],[98.478956,-0.11518],[98.473085,-0.111994],[98.470077,-0.108484],[98.469801,-0.105901],[98.471492,-0.100504],[98.475504,-0.099162],[98.477002,-0.099723]]],[[[98.487595,-0.098705],[98.489711,-0.099774],[98.492528,-0.106832],[98.49831,-0.115176],[98.493126,-0.11487],[98.488568,-0.109649],[98.485958,-0.102392],[98.487595,-0.098705]]],[[[98.520203,-0.140259],[98.527622,-0.142899],[98.528256,-0.144462],[98.527357,-0.148179],[98.522904,-0.146739],[98.517932,-0.142338],[98.514671,-0.136642],[98.516265,-0.136557],[98.520203,-0.140259]]],[[[98.627642,0.063282],[98.629253,0.067852],[98.633875,0.072732],[98.637004,0.073921],[98.639623,0.072832],[98.639146,0.069109],[98.62942,0.065238],[98.627642,0.063282]]],[[[98.931938,0.048131],[98.931745,0.046095],[98.92847,0.048034],[98.927795,0.054435],[98.928855,0.054629],[98.931938,0.048131]]],[[[98.514291,-0.116183],[98.511012,-0.111047],[98.51335,-0.108897],[98.515147,-0.112064],[98.514291,-0.116183]]],[[[98.898126,0.088474],[98.894851,0.087601],[98.893984,0.090898],[98.896777,0.091868],[98.898126,0.090317],[98.898126,0.088474]]],[[[98.789653,0.171707],[98.789653,0.169672],[98.786562,0.172425],[98.787394,0.175058],[98.789653,0.171707]]],[[[98.452103,-0.023357],[98.450711,-0.022788],[98.44948,-0.018798],[98.451279,-0.0193],[98.452223,-0.020745],[98.452103,-0.023357]]],[[[98.856404,0.11703],[98.859103,0.115541],[98.858334,0.114516],[98.856404,0.11703]]]]}},{"type":"Feature","properties":{"nmkec":"Simuk","nmkab":"Nias Selatan","nmprov":"Sumatera Utara","kdkec":"022","kdkab":"14","kodekab":"1214","idkec":"1214022","index":286},"geometry":{"type":"Polygon","coordinates":[[[97.88158,-0.062392],[97.889103,-0.061676],[97.890557,-0.063386],[97.890438,-0.06925],[97.892741,-0.082099],[97.899014,-0.094358],[97.89853,-0.101291],[97.888535,-0.106227],[97.883403,-0.104551],[97.879383,-0.101918],[97.877719,-0.100482],[97.876174,-0.096055],[97.869755,-0.092943],[97.867021,-0.091866],[97.860332,-0.093036],[97.85637,-0.091392],[97.853568,-0.088506],[97.85264,-0.085324],[97.852619,-0.08427],[97.855338,-0.084418],[97.856286,-0.083364],[97.855917,-0.080972],[97.84635,-0.07916],[97.837721,-0.070194],[97.836593,-0.067095],[97.838301,-0.064726],[97.841156,-0.063504],[97.848542,-0.062713],[97.856328,-0.063019],[97.862131,-0.061572],[97.87058,-0.06275],[97.877958,-0.061352],[97.881167,-0.061352],[97.88158,-0.062392]]]}},{"type":"Feature","properties":{"nmkec":"Tinggi Raja","nmkab":"Asahan","nmprov":"Sumatera Utara","kdkec":"081","kdkab":"08","kodekab":"1208","idkec":"1208081","index":287},"geometry":{"type":"Polygon","coordinates":[[[99.578609,2.92402],[99.58028,2.925832],[99.581968,2.925526],[99.582994,2.92455],[99.582241,2.923372],[99.585055,2.919995],[99.598737,2.909551],[99.599967,2.906169],[99.599225,2.903901],[99.599947,2.900061],[99.60304,2.896075],[99.600587,2.89306],[99.598971,2.888808],[99.610052,2.877784],[99.571925,2.839444],[99.550963,2.842109],[99.551244,2.801059],[99.569203,2.800132],[99.572646,2.797407],[99.576161,2.79224],[99.567238,2.792294],[99.562772,2.791172],[99.558827,2.78663],[99.545997,2.779924],[99.540812,2.775436],[99.537415,2.77463],[99.534145,2.776287],[99.528905,2.777402],[99.52691,2.776982],[99.525726,2.776468],[99.524663,2.772826],[99.521133,2.77073],[99.514995,2.770981],[99.511874,2.767223],[99.505999,2.765685],[99.494753,2.758751],[99.471195,2.7583],[99.470384,2.759253],[99.472833,2.764689],[99.471451,2.768376],[99.464178,2.77191],[99.464848,2.773936],[99.461437,2.775421],[99.461477,2.777704],[99.457594,2.777956],[99.457862,2.778705],[99.467274,2.779748],[99.457169,2.788865],[99.457848,2.791052],[99.466653,2.795217],[99.473327,2.791615],[99.490892,2.812998],[99.498494,2.810811],[99.502034,2.808734],[99.501562,2.80662],[99.504301,2.804159],[99.506156,2.803816],[99.507735,2.809091],[99.511658,2.812578],[99.515882,2.814506],[99.51717,2.816643],[99.516125,2.820302],[99.513387,2.820806],[99.513211,2.823967],[99.516492,2.839649],[99.514816,2.846204],[99.515644,2.848132],[99.522573,2.854284],[99.528444,2.853701],[99.530656,2.854304],[99.530759,2.856236],[99.533738,2.856713],[99.535871,2.855556],[99.53983,2.85524],[99.542309,2.856539],[99.538901,2.870398],[99.534893,2.869246],[99.533011,2.876173],[99.524986,2.870909],[99.517042,2.873297],[99.523928,2.88356],[99.527903,2.883541],[99.524202,2.89105],[99.523677,2.895707],[99.524302,2.897176],[99.528752,2.899692],[99.529721,2.899236],[99.530395,2.896018],[99.535176,2.895394],[99.5381,2.896385],[99.541981,2.899883],[99.541348,2.904409],[99.542533,2.906085],[99.544223,2.905971],[99.544757,2.903746],[99.546619,2.902777],[99.548268,2.906431],[99.547652,2.90882],[99.546099,2.908664],[99.54521,2.909955],[99.549081,2.9138],[99.557135,2.918778],[99.568642,2.922683],[99.570069,2.922655],[99.571859,2.919598],[99.571915,2.91732],[99.573337,2.917155],[99.574343,2.921122],[99.572752,2.927109],[99.578609,2.92402]]]}},{"type":"Feature","properties":{"nmkec":"Setia Janji","nmkab":"Asahan","nmprov":"Sumatera Utara","kdkec":"082","kdkab":"08","kodekab":"1208","idkec":"1208082","index":288},"geometry":{"type":"Polygon","coordinates":[[[99.49724,2.983615],[99.505498,2.983914],[99.505456,2.972132],[99.560415,2.972067],[99.556023,2.967585],[99.551169,2.964303],[99.548218,2.963565],[99.546209,2.96115],[99.544656,2.958508],[99.545006,2.954068],[99.547693,2.951299],[99.540177,2.943748],[99.537682,2.940553],[99.537788,2.938707],[99.532029,2.933125],[99.532308,2.932141],[99.529876,2.930252],[99.523484,2.93044],[99.523394,2.927471],[99.511829,2.92719],[99.511574,2.919938],[99.498223,2.920204],[99.493046,2.919292],[99.491457,2.916749],[99.496865,2.911681],[99.493665,2.910239],[99.48801,2.910432],[99.483968,2.905979],[99.481007,2.908871],[99.469533,2.897202],[99.460008,2.906616],[99.456474,2.905178],[99.452749,2.905603],[99.452234,2.906241],[99.453381,2.907442],[99.453812,2.912372],[99.445284,2.917569],[99.424295,2.918497],[99.420522,2.92033],[99.420178,2.921454],[99.427412,2.927894],[99.432106,2.928945],[99.440846,2.928766],[99.446541,2.931195],[99.449826,2.938328],[99.453201,2.941368],[99.455889,2.942051],[99.456506,2.943506],[99.455455,2.955577],[99.457512,2.95664],[99.460272,2.956047],[99.47143,2.960716],[99.476773,2.964624],[99.483516,2.972025],[99.492767,2.978363],[99.49724,2.983615]]]}},{"type":"Feature","properties":{"nmkec":"Meranti","nmkab":"Asahan","nmprov":"Sumatera Utara","kdkec":"090","kdkab":"08","kodekab":"1208","idkec":"1208090","index":289},"geometry":{"type":"Polygon","coordinates":[[[99.643324,3.128434],[99.636105,3.126619],[99.636362,3.124659],[99.645484,3.114629],[99.642148,3.112347],[99.640838,3.110067],[99.648241,3.10254],[99.649177,3.097895],[99.64135,3.085993],[99.64121,3.082208],[99.632466,3.061652],[99.632448,3.044961],[99.630949,3.036612],[99.626879,3.036313],[99.626879,3.032019],[99.588952,3.033064],[99.587946,3.03869],[99.591077,3.039382],[99.595361,3.044777],[99.597639,3.053772],[99.598324,3.05865],[99.594711,3.066184],[99.603767,3.07397],[99.608951,3.08156],[99.611332,3.082835],[99.61468,3.082969],[99.618849,3.090963],[99.617029,3.098238],[99.613736,3.10061],[99.609586,3.097591],[99.605166,3.096958],[99.603587,3.101346],[99.601074,3.100555],[99.601001,3.098021],[99.603483,3.095034],[99.598399,3.096955],[99.597781,3.100774],[99.59275,3.106493],[99.601235,3.106245],[99.609353,3.111809],[99.609937,3.113268],[99.60875,3.114671],[99.614921,3.119951],[99.61752,3.126399],[99.620517,3.12927],[99.622301,3.12712],[99.627376,3.127055],[99.623405,3.128951],[99.619057,3.135183],[99.620812,3.137008],[99.627716,3.13734],[99.637497,3.132844],[99.643324,3.128434]]]}},{"type":"Feature","properties":{"nmkec":"Nibung Hangus","nmkab":"Batu Bara","nmprov":"Sumatera Utara","kdkec":"021","kdkab":"19","kodekab":"1219","idkec":"1219021","index":290},"geometry":{"type":"Polygon","coordinates":[[[99.625504,3.220692],[99.670151,3.210753],[99.676561,3.207784],[99.681484,3.206952],[99.69197,3.20312],[99.709029,3.194877],[99.714256,3.190212],[99.718617,3.188643],[99.732449,3.178327],[99.737688,3.173116],[99.73614,3.17221],[99.73812,3.167574],[99.737688,3.165189],[99.731694,3.160692],[99.726582,3.151424],[99.712093,3.134636],[99.702066,3.11758],[99.686265,3.11779],[99.686058,3.119561],[99.679722,3.119576],[99.676829,3.122221],[99.676766,3.127557],[99.646608,3.127718],[99.643324,3.128434],[99.637497,3.132844],[99.627716,3.13734],[99.620812,3.137008],[99.619057,3.135183],[99.612126,3.144733],[99.603817,3.159615],[99.601049,3.161034],[99.596322,3.161205],[99.590463,3.166934],[99.584614,3.164465],[99.575232,3.15604],[99.57482,3.162528],[99.581028,3.177793],[99.58151,3.181943],[99.5814,3.18298],[99.576111,3.186917],[99.575981,3.190682],[99.577702,3.193771],[99.584146,3.193969],[99.586993,3.196236],[99.587033,3.199417],[99.588568,3.203811],[99.584409,3.205691],[99.588325,3.211644],[99.590907,3.212912],[99.598314,3.207466],[99.605171,3.205791],[99.609398,3.20808],[99.616489,3.217278],[99.620963,3.217826],[99.623643,3.217042],[99.625504,3.220692]]]}},{"type":"Feature","properties":{"nmkec":"Simangambat","nmkab":"Padang Lawas Utara","nmprov":"Sumatera Utara","kdkec":"050","kdkab":"20","kodekab":"1220","idkec":"1220050","index":291},"geometry":{"type":"MultiPolygon","coordinates":[[[[100.059806,1.630463],[100.143547,1.628985],[100.149111,1.611415],[100.148734,1.592675],[100.175762,1.592231],[100.175758,1.547893],[100.221712,1.54834],[100.221593,1.539403],[100.218667,1.540632],[100.204779,1.53999],[100.206775,1.480211],[100.221588,1.480943],[100.219661,1.484276],[100.230021,1.482363],[100.240599,1.483448],[100.24374,1.485243],[100.244107,1.488221],[100.251874,1.483969],[100.260004,1.482172],[100.263228,1.479085],[100.264623,1.475533],[100.268292,1.472197],[100.274321,1.471501],[100.280044,1.465101],[100.287492,1.459252],[100.305718,1.45091],[100.31984,1.446168],[100.322694,1.442922],[100.326051,1.442726],[100.335866,1.438894],[100.337523,1.435372],[100.323222,1.42775],[100.318874,1.427002],[100.314639,1.425028],[100.312782,1.421545],[100.309444,1.41925],[100.301491,1.419193],[100.293694,1.420972],[100.290694,1.424086],[100.28675,1.425972],[100.28279,1.425309],[100.274792,1.426908],[100.270833,1.4265],[100.267383,1.425215],[100.256639,1.417389],[100.248083,1.413333],[100.241611,1.407639],[100.237532,1.406643],[100.224167,1.405278],[100.213333,1.408611],[100.20941,1.411536],[100.204305,1.413556],[100.19198,1.413465],[100.178063,1.415833],[100.171389,1.412494],[100.167222,1.406667],[100.161549,1.406291],[100.154784,1.403878],[100.137887,1.400884],[100.123213,1.394641],[100.107325,1.396529],[100.100064,1.39499],[100.097319,1.392575],[100.092942,1.395001],[100.089572,1.395092],[100.086964,1.393712],[100.08162,1.393014],[100.075114,1.39557],[100.073395,1.395265],[100.06731,1.388835],[100.068564,1.375198],[100.075822,1.362422],[100.084475,1.362244],[100.089303,1.356038],[100.099122,1.355422],[100.099397,1.342654],[100.085576,1.33559],[100.073748,1.334067],[100.058226,1.336262],[100.047597,1.341966],[100.041311,1.347928],[100.039658,1.352854],[100.03489,1.352969],[100.03424,1.358667],[100.030311,1.36081],[100.015657,1.364179],[100.008032,1.374459],[100.004977,1.377447],[99.9994,1.380644],[99.98633,1.381745],[99.97572,1.380548],[99.947812,1.409816],[99.946224,1.412979],[99.945651,1.422929],[99.94852,1.426416],[99.948443,1.430041],[99.931319,1.463],[99.92362,1.471793],[99.915605,1.484681],[99.913779,1.503541],[99.921042,1.517729],[99.920098,1.523475],[99.921873,1.528972],[99.921845,1.534282],[99.920676,1.537464],[99.917598,1.540142],[99.916441,1.543206],[99.937746,1.561123],[99.938845,1.564149],[99.949424,1.569542],[99.957809,1.578469],[99.965379,1.578741],[99.968154,1.587789],[99.976599,1.592064],[99.981619,1.604931],[99.980298,1.606687],[99.984892,1.612638],[99.997593,1.623112],[100.002194,1.624558],[100.004617,1.621687],[100.003701,1.619813],[100.008731,1.616779],[100.018704,1.614137],[100.023323,1.611068],[100.033292,1.609667],[100.035477,1.610069],[100.048776,1.623893],[100.051474,1.621977],[100.05689,1.623446],[100.058134,1.624547],[100.059806,1.630463]],[[100.066436,1.60816],[100.063223,1.60825],[100.063169,1.604032],[100.066113,1.604014],[100.066436,1.60816]],[[100.159452,1.589713],[100.15973,1.587768],[100.164244,1.58756],[100.164106,1.589852],[100.159452,1.589713]],[[100.157205,1.566101],[100.160835,1.565507],[100.160859,1.568193],[100.157229,1.568291],[100.157205,1.566101]],[[100.127429,1.624289],[100.127409,1.622177],[100.130907,1.622075],[100.130846,1.624391],[100.127429,1.624289]],[[100.126236,1.608695],[100.126225,1.60587],[100.128632,1.60591],[100.128459,1.608684],[100.126236,1.608695]]],[[[99.976057,1.61966],[99.973245,1.6195],[99.973277,1.621357],[99.975973,1.621423],[99.976057,1.61966]]]]}},{"type":"Feature","properties":{"nmkec":"Mazino","nmkab":"Nias Selatan","nmprov":"Sumatera Utara","kdkec":"034","kdkab":"14","kodekab":"1214","idkec":"1214034","index":292},"geometry":{"type":"Polygon","coordinates":[[[97.860162,0.724543],[97.866987,0.722104],[97.877362,0.683685],[97.881535,0.683694],[97.885431,0.681644],[97.890707,0.673298],[97.886777,0.669189],[97.872672,0.667945],[97.869016,0.668541],[97.842912,0.680936],[97.840803,0.675599],[97.841202,0.671354],[97.83485,0.663766],[97.8098,0.661833],[97.807598,0.667194],[97.803203,0.673203],[97.806994,0.676662],[97.806476,0.682366],[97.80938,0.691492],[97.809432,0.696833],[97.80575,0.698388],[97.821668,0.702696],[97.827687,0.711261],[97.830539,0.708927],[97.835982,0.709822],[97.841648,0.712796],[97.847653,0.713041],[97.850244,0.716886],[97.849825,0.719435],[97.847703,0.719712],[97.847098,0.721537],[97.860162,0.724543]]]}},{"type":"Feature","properties":{"nmkec":"Na Ix-X","nmkab":"Labuhan Batu Utara","nmprov":"Sumatera Utara","kdkec":"010","kdkab":"23","kodekab":"1223","idkec":"1223010","index":293},"geometry":{"type":"Polygon","coordinates":[[[99.717711,2.333528],[99.714901,2.310528],[99.716885,2.309722],[99.73194,2.317418],[99.73628,2.323457],[99.747773,2.316668],[99.74468,2.311161],[99.744664,2.305657],[99.750554,2.301699],[99.755789,2.300177],[99.771574,2.306865],[99.782694,2.316037],[99.788459,2.315862],[99.788458,2.278404],[99.785968,2.278472],[99.782024,2.270573],[99.777654,2.265688],[99.780159,2.260967],[99.780022,2.256068],[99.771699,2.256109],[99.77166,2.226636],[99.778861,2.225591],[99.779623,2.220848],[99.772645,2.220657],[99.773427,2.199005],[99.771969,2.188008],[99.771265,2.188016],[99.770292,2.16774],[99.769872,2.140374],[99.770997,2.135755],[99.769579,2.133664],[99.760927,2.135783],[99.755735,2.134025],[99.74697,2.128537],[99.74447,2.125076],[99.735162,2.120091],[99.730271,2.115542],[99.727709,2.108555],[99.726975,2.103407],[99.717828,2.086126],[99.71015,2.082451],[99.702096,2.080767],[99.701905,2.078022],[99.697904,2.077635],[99.691134,2.078779],[99.684064,2.074834],[99.681984,2.083805],[99.677474,2.068754],[99.677501,2.06541],[99.673109,2.062007],[99.670145,2.061094],[99.670161,2.058643],[99.665449,2.054033],[99.657767,2.049717],[99.662821,2.045308],[99.661344,2.040316],[99.661484,2.036735],[99.655518,2.029257],[99.640304,2.036627],[99.637004,2.041994],[99.623915,2.041261],[99.622508,2.035163],[99.623426,2.01504],[99.626472,2.005455],[99.626823,1.999427],[99.624672,1.997018],[99.621834,1.996138],[99.61412,1.9957],[99.608253,1.996876],[99.597679,2.003605],[99.597542,2.006728],[99.59146,2.01457],[99.579573,2.022333],[99.573267,2.029448],[99.567198,2.028547],[99.565596,2.029573],[99.556295,2.042265],[99.553698,2.047037],[99.55282,2.052607],[99.546328,2.062201],[99.55081,2.077898],[99.538645,2.091028],[99.535021,2.092478],[99.525104,2.091291],[99.521647,2.093833],[99.517942,2.099165],[99.513433,2.121397],[99.51166,2.123171],[99.508841,2.123571],[99.504248,2.121477],[99.489828,2.119707],[99.473234,2.119223],[99.459911,2.126133],[99.535303,2.182299],[99.538985,2.183883],[99.554012,2.195128],[99.555773,2.201427],[99.560206,2.206333],[99.568995,2.207387],[99.574401,2.200967],[99.58026,2.19953],[99.581237,2.200284],[99.59066,2.212767],[99.595207,2.216259],[99.625867,2.263871],[99.646192,2.276282],[99.649656,2.279495],[99.683629,2.2899],[99.685249,2.308556],[99.695352,2.320933],[99.684134,2.331451],[99.685948,2.333279],[99.706097,2.330541],[99.711729,2.338073],[99.717504,2.339596],[99.717711,2.333528]]]}},{"type":"Feature","properties":{"nmkec":"Onolalu","nmkab":"Nias Selatan","nmprov":"Sumatera Utara","kdkec":"036","kdkab":"14","kodekab":"1214","idkec":"1214036","index":294},"geometry":{"type":"Polygon","coordinates":[[[97.834772,0.66368],[97.835394,0.658297],[97.840153,0.651503],[97.85737,0.64267],[97.857305,0.638268],[97.855961,0.63352],[97.858143,0.62685],[97.861214,0.624192],[97.85176,0.620242],[97.848532,0.616786],[97.845715,0.610312],[97.841762,0.607742],[97.830622,0.607997],[97.827636,0.59974],[97.821207,0.589426],[97.822298,0.586504],[97.821061,0.575688],[97.820225,0.574514],[97.814706,0.574011],[97.810413,0.586651],[97.810413,0.594051],[97.8088,0.603581],[97.806703,0.603658],[97.808976,0.612016],[97.807149,0.617567],[97.799006,0.62479],[97.803274,0.635048],[97.803624,0.650736],[97.8098,0.661833],[97.828929,0.663868],[97.834772,0.66368]]]}},{"type":"Feature","properties":{"nmkec":"Sei Kepayang","nmkab":"Asahan","nmprov":"Sumatera Utara","kdkec":"040","kdkab":"08","kodekab":"1208","idkec":"1208040","index":295},"geometry":{"type":"Polygon","coordinates":[[[99.927988,2.945127],[99.933574,2.932378],[99.951033,2.931529],[99.951202,2.930005],[99.948687,2.906578],[99.948727,2.876334],[99.934802,2.863855],[99.945448,2.861235],[99.950103,2.857408],[99.959645,2.857216],[99.962435,2.842728],[99.966601,2.837681],[99.927358,2.801748],[99.911961,2.790338],[99.898176,2.778595],[99.895007,2.772644],[99.872977,2.753251],[99.858792,2.742823],[99.847002,2.731227],[99.846956,2.737591],[99.810409,2.703793],[99.801989,2.714554],[99.795574,2.720696],[99.792167,2.725483],[99.788998,2.727659],[99.788333,2.736507],[99.785782,2.74002],[99.779777,2.74461],[99.774824,2.751537],[99.776529,2.752217],[99.780598,2.758321],[99.780582,2.759321],[99.778752,2.760442],[99.779074,2.762761],[99.787049,2.77135],[99.787788,2.776138],[99.787149,2.778946],[99.782958,2.778424],[99.779391,2.782309],[99.779687,2.788054],[99.783214,2.791014],[99.77763,2.801553],[99.76188,2.80801],[99.754924,2.803626],[99.753529,2.80388],[99.749703,2.814431],[99.750689,2.816278],[99.751288,2.822582],[99.752913,2.825561],[99.752579,2.833347],[99.756276,2.834938],[99.763543,2.835215],[99.766273,2.837526],[99.766196,2.840863],[99.762946,2.843979],[99.76082,2.849607],[99.765145,2.85229],[99.767168,2.852462],[99.774067,2.857685],[99.774114,2.861206],[99.7708,2.864745],[99.770705,2.86658],[99.772191,2.868379],[99.775084,2.868542],[99.780783,2.865916],[99.783955,2.865521],[99.785488,2.866437],[99.785877,2.869073],[99.787144,2.869611],[99.790486,2.869268],[99.796827,2.865661],[99.798489,2.866224],[99.798426,2.867332],[99.80207,2.871478],[99.804945,2.879685],[99.805013,2.883908],[99.802699,2.885425],[99.802007,2.888379],[99.807711,2.893222],[99.806887,2.893253],[99.806602,2.894899],[99.807458,2.897906],[99.82007,2.904394],[99.830464,2.899077],[99.83619,2.90144],[99.839548,2.907819],[99.834719,2.91483],[99.831423,2.91521],[99.823881,2.911349],[99.820141,2.913437],[99.817733,2.916982],[99.816782,2.919641],[99.81709,2.924114],[99.821666,2.928895],[99.829781,2.931965],[99.837619,2.937731],[99.839522,2.935658],[99.849185,2.932996],[99.855557,2.935436],[99.865744,2.936315],[99.871309,2.939123],[99.882627,2.940116],[99.896677,2.943476],[99.927988,2.945127]]]}},{"type":"Feature","properties":{"nmkec":"Sei Kepayang Barat","nmkab":"Asahan","nmprov":"Sumatera Utara","kdkec":"041","kdkab":"08","kodekab":"1208","idkec":"1208041","index":296},"geometry":{"type":"Polygon","coordinates":[[[99.823502,2.993859],[99.820907,2.990853],[99.820716,2.986266],[99.825598,2.973353],[99.831993,2.971125],[99.850203,2.970669],[99.859089,2.9645],[99.856042,2.960849],[99.86315,2.959174],[99.886375,2.956304],[99.895407,2.95685],[99.906937,2.947607],[99.908479,2.945437],[99.908036,2.94373],[99.896677,2.943476],[99.882627,2.940116],[99.871309,2.939123],[99.865744,2.936315],[99.855557,2.935436],[99.849185,2.932996],[99.838825,2.936006],[99.837619,2.937731],[99.837554,2.948338],[99.835413,2.955122],[99.831405,2.958184],[99.819444,2.962414],[99.812862,2.966868],[99.809302,2.975233],[99.808098,2.986484],[99.808821,2.990069],[99.812223,2.99258],[99.81794,2.993027],[99.818968,2.996473],[99.823502,2.993859]]]}},{"type":"Feature","properties":{"nmkec":"Teluk Dalam","nmkab":"Asahan","nmprov":"Sumatera Utara","kdkec":"061","kdkab":"08","kodekab":"1208","idkec":"1208061","index":297},"geometry":{"type":"Polygon","coordinates":[[[99.681535,2.869239],[99.681523,2.872482],[99.701488,2.868896],[99.711783,2.86903],[99.70989,2.863865],[99.693602,2.84736],[99.696192,2.844031],[99.697879,2.846943],[99.704842,2.845182],[99.705638,2.844392],[99.704921,2.841483],[99.709123,2.837693],[99.720838,2.839317],[99.743174,2.838705],[99.742771,2.833766],[99.752589,2.831557],[99.752913,2.825561],[99.751288,2.822582],[99.750689,2.816278],[99.748458,2.813058],[99.748091,2.808095],[99.743506,2.805539],[99.739555,2.808116],[99.73807,2.807739],[99.732321,2.802462],[99.728558,2.800939],[99.727764,2.799086],[99.728261,2.796886],[99.726656,2.795414],[99.723992,2.796903],[99.723016,2.800791],[99.7183,2.802426],[99.717008,2.801037],[99.717282,2.792291],[99.712098,2.791929],[99.709464,2.790167],[99.707743,2.787604],[99.707832,2.785884],[99.705189,2.784546],[99.700994,2.784404],[99.701285,2.787352],[99.695987,2.789135],[99.692855,2.7863],[99.685628,2.786177],[99.681746,2.783719],[99.677413,2.776934],[99.67208,2.772687],[99.664557,2.771008],[99.662565,2.769741],[99.660458,2.764967],[99.654877,2.762004],[99.645675,2.760045],[99.637845,2.763309],[99.631832,2.76313],[99.630115,2.762515],[99.625546,2.754834],[99.621832,2.753957],[99.601412,2.754759],[99.597069,2.752062],[99.582568,2.753633],[99.580452,2.757491],[99.585708,2.762759],[99.593483,2.766739],[99.603155,2.782056],[99.605667,2.79297],[99.608183,2.794281],[99.619853,2.795346],[99.621065,2.796974],[99.621675,2.796318],[99.62465,2.798722],[99.625332,2.808387],[99.623343,2.812551],[99.622584,2.825746],[99.632066,2.83441],[99.636676,2.834884],[99.63953,2.836539],[99.64916,2.84732],[99.659386,2.851378],[99.665303,2.855931],[99.667327,2.858496],[99.671244,2.869322],[99.673512,2.871417],[99.675747,2.87278],[99.678126,2.868411],[99.681535,2.869239]]]}},{"type":"Feature","properties":{"nmkec":"Rawang Panca Arga","nmkab":"Asahan","nmprov":"Sumatera Utara","kdkec":"092","kdkab":"08","kodekab":"1208","idkec":"1208092","index":298},"geometry":{"type":"Polygon","coordinates":[[[99.643324,3.128434],[99.646608,3.127718],[99.676766,3.127557],[99.676829,3.122221],[99.679722,3.119576],[99.686058,3.119561],[99.686265,3.11779],[99.702066,3.11758],[99.690698,3.093309],[99.688535,3.081732],[99.691057,3.072601],[99.689654,3.025379],[99.674443,3.025966],[99.674476,3.024426],[99.643058,3.02507],[99.642592,3.012873],[99.634524,3.012968],[99.633945,2.997906],[99.624217,2.998017],[99.624374,3.003801],[99.621995,3.004286],[99.622006,3.010955],[99.610204,3.01057],[99.608131,3.014246],[99.610972,3.017272],[99.617609,3.0189],[99.625767,3.023032],[99.628809,3.028209],[99.628168,3.031595],[99.626879,3.032019],[99.626879,3.036313],[99.630949,3.036612],[99.632448,3.044961],[99.632466,3.061652],[99.64121,3.082208],[99.64135,3.085993],[99.649177,3.097895],[99.648241,3.10254],[99.640838,3.110067],[99.642148,3.112347],[99.645484,3.114629],[99.636362,3.124659],[99.636105,3.126619],[99.643324,3.128434]]]}},{"type":"Feature","properties":{"nmkec":"Air Joman","nmkab":"Asahan","nmprov":"Sumatera Utara","kdkec":"100","kdkab":"08","kodekab":"1208","idkec":"1208100","index":299},"geometry":{"type":"Polygon","coordinates":[[[99.720386,3.061751],[99.729184,3.056354],[99.728476,3.052343],[99.728938,3.023644],[99.744036,3.021478],[99.760241,3.025843],[99.760987,3.019944],[99.780369,2.976032],[99.782033,2.970002],[99.776404,2.968942],[99.758245,2.968772],[99.747047,2.970737],[99.733226,2.977638],[99.725859,2.977335],[99.718442,2.980692],[99.713455,2.980237],[99.702832,2.984123],[99.69381,2.982897],[99.688846,2.983379],[99.683602,2.985168],[99.676686,2.979702],[99.676801,2.990757],[99.673668,2.99528],[99.673757,2.998838],[99.652644,2.99065],[99.65337,3.024819],[99.674476,3.024426],[99.674443,3.025966],[99.689654,3.025379],[99.69054,3.049396],[99.697683,3.049348],[99.702137,3.052761],[99.704782,3.05271],[99.708206,3.054242],[99.717396,3.062146],[99.720386,3.061751]]]}},{"type":"Feature","properties":{"nmkec":"Sei Dadap","nmkab":"Asahan","nmprov":"Sumatera Utara","kdkec":"071","kdkab":"08","kodekab":"1208","idkec":"1208071","index":300},"geometry":{"type":"Polygon","coordinates":[[[99.682821,2.984897],[99.69483,2.982938],[99.702832,2.984123],[99.711289,2.981223],[99.710046,2.970898],[99.710221,2.956566],[99.70918,2.956027],[99.698921,2.960255],[99.695875,2.958904],[99.693215,2.959213],[99.689321,2.96291],[99.687788,2.967907],[99.680158,2.969332],[99.702055,2.930895],[99.702007,2.930269],[99.701993,2.930895],[99.675108,2.932275],[99.656578,2.929013],[99.654652,2.917201],[99.658449,2.913904],[99.656054,2.909307],[99.640214,2.904107],[99.637504,2.904984],[99.628927,2.903759],[99.629491,2.902851],[99.624086,2.889662],[99.621992,2.892985],[99.606326,2.934331],[99.606501,2.956724],[99.599837,2.953319],[99.596284,2.94796],[99.596155,2.930378],[99.592439,2.928297],[99.592653,2.91443],[99.585055,2.919995],[99.582241,2.923372],[99.591184,2.931221],[99.590005,2.936959],[99.594434,2.939247],[99.589344,2.945333],[99.590882,2.949829],[99.592726,2.951795],[99.592739,2.954541],[99.597891,2.955911],[99.603816,2.959578],[99.603806,2.962111],[99.601071,2.967455],[99.602258,2.970889],[99.612255,2.973441],[99.614282,2.968646],[99.630898,2.961975],[99.64472,2.961114],[99.644103,2.951484],[99.648342,2.94802],[99.657844,2.947362],[99.654755,2.952571],[99.6584,2.954707],[99.650765,2.968407],[99.659135,2.975516],[99.665285,2.977947],[99.672798,2.977002],[99.682821,2.984897]]]}},{"type":"Feature","properties":{"nmkec":"Buntu Pane","nmkab":"Asahan","nmprov":"Sumatera Utara","kdkec":"080","kdkab":"08","kodekab":"1208","idkec":"1208080","index":301},"geometry":{"type":"Polygon","coordinates":[[[99.549468,2.951783],[99.572752,2.927109],[99.574343,2.921122],[99.573159,2.917081],[99.571915,2.91732],[99.571859,2.919598],[99.570069,2.922655],[99.568642,2.922683],[99.557135,2.918778],[99.549081,2.9138],[99.54521,2.909955],[99.546099,2.908664],[99.547652,2.90882],[99.548268,2.906431],[99.546619,2.902777],[99.544757,2.903746],[99.544223,2.905971],[99.542533,2.906085],[99.541348,2.904409],[99.541981,2.899883],[99.5381,2.896385],[99.535176,2.895394],[99.530395,2.896018],[99.529721,2.899236],[99.528752,2.899692],[99.524302,2.897176],[99.523677,2.895707],[99.524202,2.89105],[99.527903,2.883541],[99.523928,2.88356],[99.517042,2.873297],[99.524986,2.870909],[99.533011,2.876173],[99.534893,2.869246],[99.538901,2.870398],[99.542309,2.856539],[99.53983,2.85524],[99.535871,2.855556],[99.533738,2.856713],[99.530759,2.856236],[99.530656,2.854304],[99.528444,2.853701],[99.522573,2.854284],[99.515644,2.848132],[99.514816,2.846204],[99.516492,2.839649],[99.513211,2.823967],[99.513387,2.820806],[99.516125,2.820302],[99.51717,2.816643],[99.515882,2.814506],[99.511658,2.812578],[99.507735,2.809091],[99.506156,2.803816],[99.504301,2.804159],[99.501562,2.80662],[99.502034,2.808734],[99.498494,2.810811],[99.490892,2.812998],[99.473327,2.791615],[99.466653,2.795217],[99.457848,2.791052],[99.457169,2.788865],[99.449097,2.790356],[99.439941,2.797183],[99.431168,2.805408],[99.431262,2.811604],[99.43487,2.815204],[99.439185,2.817879],[99.447319,2.817936],[99.430511,2.857361],[99.4397,2.867141],[99.441929,2.868018],[99.434761,2.872528],[99.431891,2.877446],[99.434393,2.897541],[99.43066,2.902274],[99.416081,2.909401],[99.410076,2.916051],[99.412507,2.91702],[99.416327,2.920622],[99.420178,2.921454],[99.421227,2.91966],[99.424295,2.918497],[99.445284,2.917569],[99.453812,2.912372],[99.453381,2.907442],[99.452234,2.906241],[99.452749,2.905603],[99.456474,2.905178],[99.460008,2.906616],[99.469533,2.897202],[99.481007,2.908871],[99.483968,2.905979],[99.48801,2.910432],[99.493665,2.910239],[99.496865,2.911681],[99.491457,2.916749],[99.493046,2.919292],[99.498223,2.920204],[99.511574,2.919938],[99.511829,2.92719],[99.523394,2.927471],[99.523484,2.93044],[99.529876,2.930252],[99.537788,2.938707],[99.537682,2.940553],[99.540177,2.943748],[99.548361,2.952039],[99.549468,2.951783]]]}},{"type":"Feature","properties":{"nmkec":"Tanah Jawa","nmkab":"Simalungun","nmprov":"Sumatera Utara","kdkec":"060","kdkab":"09","kodekab":"1209","idkec":"1209060","index":302},"geometry":{"type":"Polygon","coordinates":[[[99.15164,2.961264],[99.151508,2.959977],[99.153046,2.959354],[99.154407,2.961153],[99.161142,2.954343],[99.163163,2.952206],[99.161489,2.951109],[99.162322,2.95026],[99.168324,2.955325],[99.168896,2.954912],[99.170844,2.951508],[99.167216,2.942887],[99.176884,2.935307],[99.176716,2.930761],[99.179515,2.927126],[99.183025,2.929449],[99.188399,2.930904],[99.194652,2.931184],[99.200334,2.930803],[99.20146,2.930148],[99.201499,2.928334],[99.209425,2.928348],[99.217505,2.935072],[99.218104,2.93356],[99.222606,2.933221],[99.23245,2.923032],[99.228517,2.918184],[99.234252,2.918615],[99.236049,2.920003],[99.254111,2.900594],[99.265852,2.889853],[99.264963,2.88751],[99.263405,2.888185],[99.263717,2.890054],[99.260394,2.888548],[99.259563,2.887666],[99.259511,2.884447],[99.254475,2.882578],[99.252142,2.877283],[99.250995,2.877468],[99.239799,2.867637],[99.237583,2.863114],[99.233253,2.858473],[99.231853,2.858112],[99.230454,2.859737],[99.227339,2.860775],[99.223818,2.857164],[99.21217,2.853597],[99.20445,2.852288],[99.203773,2.850933],[99.199893,2.852816],[99.187979,2.864764],[99.182826,2.86845],[99.174248,2.866915],[99.170135,2.850945],[99.166727,2.84803],[99.163763,2.836721],[99.153252,2.832192],[99.144362,2.83107],[99.141202,2.829173],[99.138764,2.825471],[99.132082,2.825381],[99.110944,2.809612],[99.106552,2.80967],[99.101925,2.811657],[99.102196,2.814637],[99.106349,2.821499],[99.106989,2.824347],[99.105918,2.82402],[99.107651,2.827293],[99.106723,2.832364],[99.107186,2.843424],[99.103023,2.846497],[99.099487,2.856712],[99.096726,2.856668],[99.090927,2.854104],[99.086144,2.861361],[99.08672,2.871172],[99.091,2.869172],[99.094512,2.870425],[99.092695,2.87612],[99.088919,2.875487],[99.089298,2.892348],[99.086201,2.896053],[99.088156,2.900133],[99.09477,2.904841],[99.107059,2.904516],[99.114285,2.912162],[99.121567,2.913961],[99.126111,2.919151],[99.129305,2.926733],[99.132195,2.929775],[99.137167,2.932787],[99.138862,2.939212],[99.142236,2.945055],[99.144828,2.946661],[99.149911,2.947366],[99.151979,2.949785],[99.148977,2.956847],[99.149225,2.959589],[99.15164,2.961264]],[[99.115298,2.838283],[99.11402,2.837859],[99.114254,2.836542],[99.115464,2.836985],[99.115298,2.838283]]]}},{"type":"Feature","properties":{"nmkec":"Sitellu Tali Urang Julu","nmkab":"Pakpak Bharat","nmprov":"Sumatera Utara","kdkec":"013","kdkab":"16","kodekab":"1216","idkec":"1216013","index":303},"geometry":{"type":"Polygon","coordinates":[[[98.398127,2.534238],[98.397944,2.529149],[98.404432,2.523898],[98.401672,2.522278],[98.399645,2.519426],[98.404285,2.517442],[98.405336,2.514734],[98.405507,2.499973],[98.413489,2.485512],[98.41564,2.475496],[98.414596,2.47043],[98.408956,2.463955],[98.396828,2.459823],[98.378826,2.461762],[98.368068,2.460822],[98.363578,2.459882],[98.357549,2.456147],[98.355653,2.462103],[98.355233,2.489808],[98.353408,2.496432],[98.355332,2.499202],[98.357375,2.500309],[98.357093,2.507803],[98.345898,2.508601],[98.342046,2.519709],[98.341635,2.523793],[98.342834,2.536487],[98.355498,2.538555],[98.369066,2.535091],[98.382013,2.534395],[98.383247,2.534852],[98.382959,2.540559],[98.389271,2.540825],[98.393143,2.540161],[98.398127,2.534238]]]}},{"type":"Feature","properties":{"nmkec":"Panei","nmkab":"Simalungun","nmprov":"Sumatera Utara","kdkec":"090","kdkab":"09","kodekab":"1209","idkec":"1209090","index":304},"geometry":{"type":"Polygon","coordinates":[[[98.833298,2.936158],[98.850048,2.936447],[98.865705,2.926766],[98.868752,2.92727],[98.875561,2.932581],[98.881206,2.931276],[98.886587,2.933784],[98.902782,2.931339],[98.911046,2.93421],[98.925446,2.934487],[98.925372,2.927559],[98.922427,2.927238],[98.922326,2.922963],[98.928452,2.916949],[98.932145,2.917484],[98.935209,2.91982],[98.938227,2.919952],[98.943856,2.916709],[98.952491,2.908682],[98.958811,2.909116],[98.965505,2.914347],[98.966467,2.91568],[98.966007,2.916521],[98.962481,2.916433],[98.96222,2.927323],[98.968717,2.927828],[98.97051,2.928799],[98.971087,2.931523],[98.972009,2.931786],[98.97455,2.931298],[98.98189,2.92454],[98.985447,2.922828],[98.990468,2.925534],[98.996277,2.925828],[99.001907,2.924839],[99.003018,2.922943],[99.007381,2.920563],[99.011416,2.922365],[99.012533,2.923784],[99.013402,2.9233],[99.017162,2.916873],[99.01788,2.909577],[99.017207,2.907253],[99.018591,2.903373],[99.008211,2.898503],[99.006531,2.893244],[98.997599,2.888645],[98.987937,2.880821],[98.986045,2.881177],[98.984727,2.883013],[98.983899,2.887372],[98.976439,2.891819],[98.969852,2.890172],[98.960108,2.882788],[98.946863,2.883651],[98.938958,2.87904],[98.932898,2.884491],[98.925224,2.887422],[98.91494,2.894165],[98.898925,2.892807],[98.892865,2.890106],[98.888959,2.898493],[98.880344,2.894516],[98.872703,2.886151],[98.87017,2.88905],[98.866558,2.888798],[98.860933,2.891178],[98.862869,2.893133],[98.862301,2.896759],[98.859656,2.900306],[98.858446,2.906827],[98.864738,2.914808],[98.861576,2.917146],[98.858678,2.915961],[98.856814,2.911559],[98.853692,2.909366],[98.843024,2.909205],[98.840437,2.930186],[98.838063,2.932786],[98.831923,2.932052],[98.831811,2.936787],[98.833298,2.936158]]]}},{"type":"Feature","properties":{"nmkec":"Raya","nmkab":"Simalungun","nmprov":"Sumatera Utara","kdkec":"100","kdkab":"09","kodekab":"1209","idkec":"1209100","index":305},"geometry":{"type":"Polygon","coordinates":[[[98.843531,3.075298],[98.8466,3.078006],[98.854545,3.079451],[98.85599,3.084145],[98.85924,3.086673],[98.860528,3.089731],[98.86223,3.08968],[98.86617,3.088232],[98.868602,3.083308],[98.874974,3.080527],[98.883273,3.08015],[98.882762,3.077186],[98.886054,3.076728],[98.890369,3.082648],[98.894026,3.085817],[98.895368,3.08584],[98.898611,3.079422],[98.899897,3.078785],[98.921203,3.071901],[98.924235,3.073018],[98.948649,3.065677],[98.942577,3.051805],[98.920279,3.015642],[98.9592,3.015777],[98.980111,3.019368],[98.98941,3.023605],[98.986691,3.017849],[98.986253,3.014705],[98.987167,3.011416],[98.989616,3.010794],[98.99126,3.011489],[98.992796,3.0101],[98.992145,3.007298],[98.98912,3.004722],[98.97835,3.001758],[98.976406,2.997509],[98.971104,2.991021],[98.960169,2.99247],[98.951342,2.998003],[98.946619,2.99808],[98.945546,2.997288],[98.950896,2.976074],[98.959642,2.974553],[98.962985,2.968938],[98.963841,2.948518],[98.959807,2.941453],[98.948892,2.933641],[98.939477,2.932798],[98.933037,2.934743],[98.923333,2.933862],[98.915525,2.934475],[98.911046,2.93421],[98.902782,2.931339],[98.886587,2.933784],[98.881206,2.931276],[98.875561,2.932581],[98.868752,2.92727],[98.865705,2.926766],[98.850048,2.936447],[98.833298,2.936158],[98.831811,2.936787],[98.831923,2.932052],[98.822726,2.931747],[98.814506,2.928852],[98.80924,2.929452],[98.806429,2.932856],[98.802685,2.933205],[98.812698,2.939277],[98.81081,2.945164],[98.806579,2.946934],[98.798924,2.944361],[98.794939,2.93916],[98.790401,2.936057],[98.789772,2.93657],[98.787323,2.946178],[98.775173,2.956135],[98.774709,2.957642],[98.779807,2.96077],[98.784144,2.967829],[98.790234,2.973977],[98.791883,2.978753],[98.779764,2.984753],[98.77316,2.99715],[98.768861,3.000524],[98.770611,3.005144],[98.780575,3.01754],[98.781654,3.020905],[98.784282,3.024492],[98.784702,3.02683],[98.783543,3.028221],[98.780299,3.028916],[98.780531,3.035635],[98.781833,3.037173],[98.780911,3.043621],[98.781458,3.048843],[98.784702,3.056721],[98.789336,3.056489],[98.791421,3.05788],[98.793507,3.061819],[98.79258,3.067611],[98.802775,3.073867],[98.802544,3.076416],[98.800458,3.079428],[98.802197,3.098359],[98.804427,3.094191],[98.810728,3.088586],[98.81672,3.08503],[98.82503,3.08356],[98.832516,3.076201],[98.843531,3.075298]]]}},{"type":"Feature","properties":{"nmkec":"Dolog Masagal","nmkab":"Simalungun","nmprov":"Sumatera Utara","kdkec":"101","kdkab":"09","kodekab":"1209","idkec":"1209101","index":306},"geometry":{"type":"Polygon","coordinates":[[[98.787323,2.946178],[98.790401,2.936057],[98.794939,2.93916],[98.798924,2.944361],[98.806579,2.946934],[98.80948,2.946274],[98.811134,2.944584],[98.812698,2.939277],[98.802685,2.933205],[98.806429,2.932856],[98.80924,2.929452],[98.810793,2.928931],[98.814506,2.928852],[98.822726,2.931747],[98.838063,2.932786],[98.840437,2.930186],[98.843024,2.909205],[98.853692,2.909366],[98.856814,2.911559],[98.858678,2.915961],[98.861576,2.917146],[98.8627,2.916718],[98.864669,2.914488],[98.862989,2.911721],[98.858937,2.908415],[98.858446,2.906827],[98.859656,2.900306],[98.862301,2.896759],[98.862869,2.893133],[98.860933,2.891178],[98.866558,2.888798],[98.87017,2.88905],[98.872703,2.886151],[98.860383,2.874413],[98.860069,2.877781],[98.857278,2.880627],[98.845718,2.877484],[98.842844,2.874081],[98.827733,2.867663],[98.819576,2.868788],[98.812638,2.873986],[98.810492,2.877268],[98.810918,2.888594],[98.808167,2.890523],[98.798292,2.887041],[98.789559,2.880732],[98.787937,2.875519],[98.783418,2.870131],[98.783667,2.857958],[98.782895,2.852798],[98.769909,2.853751],[98.770634,2.856495],[98.769956,2.858549],[98.76019,2.864918],[98.758741,2.868625],[98.759726,2.871695],[98.757583,2.873086],[98.750052,2.870711],[98.746982,2.871638],[98.746229,2.875982],[98.748086,2.878213],[98.75038,2.886762],[98.752901,2.888713],[98.754379,2.892656],[98.754119,2.894832],[98.750256,2.892582],[98.747492,2.895525],[98.74221,2.894808],[98.739768,2.900792],[98.744323,2.904859],[98.74924,2.903481],[98.751151,2.905188],[98.752181,2.908691],[98.7481,2.911597],[98.746374,2.919679],[98.751952,2.927292],[98.755734,2.928926],[98.756272,2.928335],[98.754409,2.924125],[98.75677,2.924372],[98.763845,2.935034],[98.780387,2.951562],[98.781374,2.951603],[98.787323,2.946178]]]}},{"type":"Feature","properties":{"nmkec":"Dolok Silau","nmkab":"Simalungun","nmprov":"Sumatera Utara","kdkec":"110","kdkab":"09","kodekab":"1209","idkec":"1209110","index":307},"geometry":{"type":"Polygon","coordinates":[[[98.748646,3.213134],[98.750101,3.209002],[98.754286,3.210145],[98.757444,3.21201],[98.760655,3.217762],[98.76326,3.219097],[98.770596,3.214587],[98.783005,3.214067],[98.78561,3.215771],[98.786672,3.21755],[98.788084,3.221294],[98.788361,3.221918],[98.788757,3.222486],[98.78877,3.222504],[98.80272,3.222859],[98.840683,3.222374],[98.830791,3.210693],[98.83025,3.207804],[98.826097,3.206901],[98.823749,3.204735],[98.817249,3.194803],[98.810387,3.190289],[98.80742,3.185292],[98.777534,3.177949],[98.778798,3.176775],[98.77943,3.17181],[98.777912,3.169733],[98.773652,3.169733],[98.766791,3.167386],[98.766791,3.159983],[98.765246,3.154973],[98.761193,3.150052],[98.76011,3.139579],[98.756679,3.132898],[98.762067,3.128947],[98.745537,3.097006],[98.75138,3.089202],[98.755151,3.088099],[98.766794,3.094095],[98.769153,3.090826],[98.785931,3.083845],[98.788735,3.084251],[98.792835,3.087983],[98.797844,3.087161],[98.801363,3.084631],[98.800458,3.079428],[98.802544,3.076416],[98.802775,3.073867],[98.79258,3.067611],[98.793507,3.061819],[98.791421,3.05788],[98.789336,3.056489],[98.784702,3.056721],[98.781458,3.048843],[98.780911,3.043621],[98.781833,3.037173],[98.780531,3.035635],[98.780299,3.028916],[98.783543,3.028221],[98.784702,3.02683],[98.784282,3.024492],[98.780476,3.018525],[98.768384,3.016965],[98.766369,3.01593],[98.761576,3.00983],[98.756946,3.007815],[98.753951,3.008142],[98.750247,3.01141],[98.747688,3.011682],[98.743984,3.009395],[98.737448,3.008959],[98.728734,2.996323],[98.720456,2.993818],[98.720074,2.986955],[98.713838,2.978677],[98.6969,2.975355],[98.69592,2.974265],[98.690532,2.973026],[98.672078,2.974647],[98.670063,2.980828],[98.666102,2.985046],[98.668914,2.989621],[98.681427,2.996429],[98.686601,3.002038],[98.690904,3.001875],[98.691503,3.002583],[98.692266,3.004435],[98.69183,3.006613],[98.687739,3.007933],[98.686049,3.00729],[98.685403,3.017207],[98.68671,3.018786],[98.692715,3.019957],[98.699387,3.019848],[98.699986,3.022136],[98.69763,3.028753],[98.680549,3.024246],[98.668288,3.015763],[98.665953,3.011788],[98.660016,3.00675],[98.655264,3.008915],[98.649096,3.006321],[98.643677,3.006988],[98.631137,3.012285],[98.627705,3.016437],[98.619283,3.021118],[98.616179,3.019639],[98.611896,3.019174],[98.596262,3.019561],[98.573899,3.027652],[98.56916,3.030882],[98.56718,3.034159],[98.571685,3.042563],[98.584945,3.050943],[98.585958,3.05283],[98.586541,3.062215],[98.583754,3.072419],[98.583166,3.078171],[98.59272,3.086813],[98.595228,3.08684],[98.598788,3.093235],[98.60455,3.099213],[98.60529,3.104056],[98.607052,3.104342],[98.613383,3.101268],[98.617152,3.097199],[98.620471,3.089058],[98.622134,3.071779],[98.624699,3.063547],[98.627262,3.062462],[98.646099,3.066902],[98.65921,3.066635],[98.673375,3.071343],[98.682269,3.067365],[98.683477,3.063914],[98.688807,3.067455],[98.691985,3.066867],[98.694476,3.064069],[98.695276,3.057717],[98.694465,3.05234],[98.69989,3.051472],[98.70578,3.063753],[98.707447,3.086699],[98.714487,3.098404],[98.714162,3.098996],[98.710048,3.098019],[98.709561,3.096067],[98.708249,3.096041],[98.708765,3.102788],[98.719489,3.12109],[98.715675,3.127492],[98.717216,3.132966],[98.720608,3.141209],[98.730616,3.149844],[98.732511,3.153847],[98.740385,3.160865],[98.743202,3.166321],[98.743527,3.174541],[98.728015,3.17647],[98.731375,3.185633],[98.735949,3.192559],[98.736666,3.195423],[98.735816,3.199081],[98.725169,3.203792],[98.724945,3.20531],[98.728732,3.212484],[98.733057,3.217136],[98.737246,3.224042],[98.742848,3.22957],[98.750131,3.233749],[98.749555,3.232688],[98.750547,3.228704],[98.748072,3.221234],[98.748646,3.213134]]]}},{"type":"Feature","properties":{"nmkec":"Raya Kahean","nmkab":"Simalungun","nmprov":"Sumatera Utara","kdkec":"130","kdkab":"09","kodekab":"1209","idkec":"1209130","index":308},"geometry":{"type":"Polygon","coordinates":[[[99.004691,3.205558],[99.002738,3.201295],[99.000313,3.185466],[98.996487,3.181787],[98.990998,3.183121],[98.987767,3.182517],[98.986116,3.172455],[98.964855,3.143751],[98.969819,3.13846],[98.972283,3.129617],[98.982725,3.12782],[98.986892,3.124135],[98.985602,3.121866],[98.977165,3.118837],[98.976983,3.110273],[98.980837,3.109398],[98.982964,3.106294],[98.986933,3.097633],[98.987252,3.094115],[98.983161,3.085852],[98.978938,3.072878],[98.975027,3.067301],[98.970365,3.065123],[98.95567,3.06472],[98.948649,3.065677],[98.924235,3.073018],[98.921203,3.071901],[98.898611,3.079422],[98.895368,3.08584],[98.894026,3.085817],[98.890369,3.082648],[98.886054,3.076728],[98.882762,3.077186],[98.883273,3.08015],[98.874974,3.080527],[98.86756,3.084119],[98.86617,3.088232],[98.865011,3.089043],[98.860528,3.089731],[98.860323,3.094077],[98.856351,3.099132],[98.85534,3.10329],[98.861212,3.103673],[98.862162,3.106049],[98.878921,3.121065],[98.881789,3.130782],[98.88054,3.134657],[98.881702,3.138586],[98.884579,3.141463],[98.890297,3.144608],[98.887651,3.162298],[98.888672,3.166736],[98.896659,3.177098],[98.901391,3.171069],[98.908697,3.176779],[98.911071,3.187748],[98.915538,3.195088],[98.920006,3.197961],[98.920645,3.204343],[98.923517,3.208492],[98.940199,3.209131],[98.939873,3.207458],[98.988434,3.206714],[98.994473,3.210118],[98.998416,3.210218],[99.004691,3.205558]]]}},{"type":"Feature","properties":{"nmkec":"Siantar","nmkab":"Simalungun","nmprov":"Sumatera Utara","kdkec":"160","kdkab":"09","kodekab":"1209","idkec":"1209160","index":309},"geometry":{"type":"Polygon","coordinates":[[[99.142119,2.999813],[99.145699,2.996564],[99.145818,2.96989],[99.151193,2.96742],[99.154519,2.967158],[99.153627,2.962039],[99.148986,2.959149],[99.148977,2.956847],[99.151979,2.949785],[99.149911,2.947366],[99.144828,2.946661],[99.142236,2.945055],[99.138862,2.939212],[99.137167,2.932787],[99.132195,2.929775],[99.129305,2.926733],[99.126111,2.919151],[99.121567,2.913961],[99.114285,2.912162],[99.107059,2.904516],[99.09477,2.904841],[99.088156,2.900133],[99.086575,2.896153],[99.079606,2.894046],[99.072554,2.889466],[99.066535,2.88781],[99.064686,2.880871],[99.059214,2.878894],[99.051996,2.881807],[99.046617,2.881539],[99.04236,2.876449],[99.036002,2.873779],[99.029611,2.868417],[99.023837,2.86803],[99.022408,2.871729],[99.021094,2.881885],[99.0234,2.886897],[99.026179,2.889408],[99.03603,2.905263],[99.039489,2.908668],[99.048007,2.908094],[99.053121,2.913686],[99.063643,2.917883],[99.071094,2.922129],[99.081737,2.929525],[99.082905,2.931252],[99.093782,2.934435],[99.095807,2.932906],[99.099238,2.933606],[99.108031,2.939801],[99.106737,2.941218],[99.096691,2.941643],[99.09291,2.953813],[99.101169,2.958946],[99.0984,2.962597],[99.094169,2.961774],[99.084193,2.955677],[99.082562,2.956734],[99.087503,2.963998],[99.089152,2.97056],[99.088443,2.973027],[99.081672,2.975084],[99.081697,2.97831],[99.089461,2.982664],[99.09255,2.982697],[99.091902,2.985246],[99.093933,2.985219],[99.095791,2.989519],[99.102646,2.990996],[99.105478,2.988039],[99.104849,2.985808],[99.106452,2.985646],[99.111706,2.989416],[99.115573,2.987631],[99.115826,2.985789],[99.132773,2.993391],[99.138272,2.99438],[99.139072,2.99959],[99.142119,2.999813]]]}},{"type":"Feature","properties":{"nmkec":"Gunung Malela","nmkab":"Simalungun","nmprov":"Sumatera Utara","kdkec":"161","kdkab":"09","kodekab":"1209","idkec":"1209161","index":310},"geometry":{"type":"Polygon","coordinates":[[[99.19645,3.070623],[99.206754,3.067615],[99.203554,3.05976],[99.204202,3.056104],[99.265508,3.035536],[99.267585,3.036886],[99.274438,3.036159],[99.275892,3.034809],[99.275892,3.032005],[99.278022,3.030585],[99.27258,3.030536],[99.26299,3.027748],[99.261401,3.026222],[99.258588,3.016334],[99.255037,3.012976],[99.253855,3.009729],[99.2565,3.008469],[99.249952,3.004895],[99.246161,3.004087],[99.23639,3.007842],[99.233303,3.005898],[99.231465,3.00298],[99.208659,2.994391],[99.202976,2.985723],[99.194525,2.979663],[99.186941,2.978846],[99.173842,2.975554],[99.167179,2.970077],[99.165629,2.969878],[99.164449,2.97137],[99.161091,2.971109],[99.155753,2.968979],[99.154519,2.967158],[99.151193,2.96742],[99.145818,2.96989],[99.145699,2.996564],[99.142119,2.999813],[99.139072,2.99959],[99.132725,3.005159],[99.132412,3.008037],[99.138033,3.015847],[99.152259,3.022904],[99.158209,3.023571],[99.162529,3.025875],[99.165273,3.029277],[99.165103,3.030856],[99.159476,3.029081],[99.158457,3.029611],[99.163488,3.042773],[99.163613,3.045423],[99.165197,3.047469],[99.167574,3.049388],[99.178562,3.052019],[99.182557,3.054135],[99.184727,3.05595],[99.186332,3.059739],[99.189593,3.063787],[99.193473,3.066623],[99.193994,3.068664],[99.19645,3.070623]]]}},{"type":"Feature","properties":{"nmkec":"Gunung Maligas","nmkab":"Simalungun","nmprov":"Sumatera Utara","kdkec":"162","kdkab":"09","kodekab":"1209","idkec":"1209162","index":311},"geometry":{"type":"MultiPolygon","coordinates":[[[[99.172806,3.101278],[99.17845,3.101693],[99.188783,3.092469],[99.190139,3.087131],[99.190155,3.080427],[99.194256,3.071101],[99.193667,3.066899],[99.189593,3.063787],[99.186332,3.059739],[99.184727,3.05595],[99.181853,3.053624],[99.178562,3.052019],[99.167574,3.049388],[99.163613,3.045423],[99.163488,3.042773],[99.158457,3.029611],[99.159476,3.029081],[99.165103,3.030856],[99.165273,3.029277],[99.162529,3.025875],[99.158209,3.023571],[99.152259,3.022904],[99.137259,3.015003],[99.132412,3.008037],[99.132725,3.005159],[99.139072,2.99959],[99.138272,2.99438],[99.132773,2.993391],[99.115826,2.985789],[99.115573,2.987631],[99.111706,2.989416],[99.110056,2.988933],[99.106784,2.985714],[99.104899,2.985751],[99.105478,2.988039],[99.102646,2.990996],[99.095791,2.989519],[99.093933,2.985219],[99.091902,2.985246],[99.092755,2.987711],[99.092232,2.993902],[99.093978,2.996033],[99.094272,3.003758],[99.095414,3.005717],[99.102812,3.008246],[99.109168,3.016345],[99.112695,3.01864],[99.113318,3.020806],[99.116624,3.024703],[99.11948,3.024395],[99.12156,3.026216],[99.123023,3.030857],[99.125743,3.034632],[99.131368,3.050701],[99.139693,3.059047],[99.146601,3.067906],[99.148229,3.071289],[99.151571,3.073678],[99.154763,3.07374],[99.156628,3.078632],[99.157538,3.087361],[99.165001,3.098386],[99.166817,3.10457],[99.172806,3.101278]]],[[[99.141728,2.999552],[99.140629,2.999589],[99.142119,2.999813],[99.141728,2.999552]]],[[[99.139407,2.999369],[99.139432,2.999346],[99.139395,2.999373],[99.139407,2.999369]]]]}},{"type":"Feature","properties":{"nmkec":"Bandar","nmkab":"Simalungun","nmprov":"Sumatera Utara","kdkec":"190","kdkab":"09","kodekab":"1209","idkec":"1209190","index":312},"geometry":{"type":"Polygon","coordinates":[[[99.404419,3.252402],[99.402021,3.248048],[99.397724,3.23413],[99.394637,3.227359],[99.375416,3.169586],[99.366312,3.168625],[99.339045,3.156872],[99.334299,3.15311],[99.329033,3.15311],[99.327475,3.151656],[99.32972,3.142907],[99.332894,3.137346],[99.330612,3.127858],[99.330939,3.123409],[99.330138,3.121662],[99.321901,3.120987],[99.322128,3.116407],[99.318251,3.113332],[99.316898,3.10516],[99.315245,3.102197],[99.314833,3.09296],[99.308881,3.092939],[99.306665,3.088601],[99.306993,3.082753],[99.299712,3.068801],[99.299712,3.067104],[99.297766,3.065524],[99.296037,3.069778],[99.29667,3.077369],[99.295708,3.077382],[99.293026,3.081434],[99.279832,3.081891],[99.279779,3.082663],[99.280145,3.086366],[99.282058,3.087746],[99.280797,3.092537],[99.281357,3.095361],[99.283966,3.097414],[99.287139,3.097459],[99.290488,3.098952],[99.295789,3.105767],[99.300363,3.121995],[99.293338,3.124424],[99.290742,3.122451],[99.285653,3.125255],[99.286276,3.13242],[99.275269,3.137197],[99.266046,3.137047],[99.264885,3.132835],[99.26097,3.13091],[99.254293,3.134912],[99.252009,3.136366],[99.251593,3.143219],[99.252839,3.147373],[99.248686,3.151527],[99.24871,3.154815],[99.252865,3.157537],[99.269908,3.163089],[99.283997,3.177568],[99.283826,3.181641],[99.286748,3.186763],[99.286297,3.187687],[99.294402,3.187482],[99.297309,3.193712],[99.302249,3.195378],[99.305409,3.205758],[99.305409,3.208977],[99.303332,3.211781],[99.302553,3.22014],[99.30354,3.224761],[99.304994,3.226526],[99.306551,3.224968],[99.31245,3.224563],[99.318805,3.225903],[99.329396,3.225695],[99.33355,3.227253],[99.334589,3.226422],[99.334485,3.224449],[99.33638,3.223122],[99.338431,3.227564],[99.338846,3.232549],[99.336316,3.235788],[99.337191,3.236889],[99.339437,3.236765],[99.341528,3.238205],[99.343975,3.244505],[99.344177,3.247794],[99.345955,3.249554],[99.356366,3.246614],[99.354192,3.241163],[99.350827,3.239458],[99.348354,3.231239],[99.353194,3.222316],[99.356765,3.219364],[99.359423,3.21895],[99.361061,3.221605],[99.361496,3.226963],[99.368214,3.237982],[99.370582,3.243153],[99.370695,3.246185],[99.37607,3.249346],[99.382659,3.257293],[99.389185,3.253588],[99.392558,3.248423],[99.393302,3.253315],[99.39949,3.257503],[99.402217,3.256301],[99.404419,3.252402]]]}},{"type":"Feature","properties":{"nmkec":"Ujung Padang","nmkab":"Simalungun","nmprov":"Sumatera Utara","kdkec":"210","kdkab":"09","kodekab":"1209","idkec":"1209210","index":313},"geometry":{"type":"Polygon","coordinates":[[[99.498068,3.115307],[99.501195,3.118639],[99.506614,3.120726],[99.508603,3.120725],[99.517244,3.116301],[99.512267,3.106392],[99.515118,3.104384],[99.521268,3.104287],[99.521475,3.102817],[99.514422,3.097264],[99.504132,3.097518],[99.502058,3.095017],[99.527895,3.082684],[99.529228,3.083931],[99.529779,3.104286],[99.540595,3.100762],[99.543014,3.097214],[99.544339,3.099783],[99.551294,3.099842],[99.563583,3.087337],[99.565442,3.083966],[99.5647,3.082801],[99.565677,3.078492],[99.545315,3.038316],[99.540744,3.036762],[99.533225,3.029927],[99.528887,3.029685],[99.522016,3.023851],[99.522916,3.01809],[99.517455,3.014485],[99.509255,3.011406],[99.497973,3.002726],[99.496005,2.994306],[99.498481,2.986997],[99.498468,2.98395],[99.49724,2.983615],[99.492767,2.978363],[99.483516,2.972025],[99.476773,2.964624],[99.47143,2.960716],[99.460272,2.956047],[99.457512,2.95664],[99.455455,2.955577],[99.456506,2.943506],[99.455889,2.942051],[99.453201,2.941368],[99.449826,2.938328],[99.446541,2.931195],[99.440846,2.928766],[99.429594,2.928732],[99.426697,2.927418],[99.421774,2.922076],[99.416327,2.920622],[99.412507,2.91702],[99.40827,2.915452],[99.404849,2.916471],[99.399514,2.914657],[99.393033,2.905957],[99.392787,2.90149],[99.391075,2.898758],[99.386065,2.898009],[99.383985,2.896815],[99.383305,2.894741],[99.37548,2.896691],[99.362161,2.904175],[99.348838,2.904037],[99.353678,2.910063],[99.353614,2.919369],[99.366629,2.926366],[99.38252,2.924439],[99.392841,2.927935],[99.395505,2.930432],[99.400043,2.937777],[99.407887,2.931897],[99.410119,2.934437],[99.413491,2.940143],[99.411157,2.943515],[99.415887,2.944954],[99.41774,2.949317],[99.41565,2.954213],[99.416652,2.95918],[99.413511,2.961326],[99.413176,2.966806],[99.414204,2.967895],[99.417381,2.968479],[99.41777,2.969646],[99.418469,2.975686],[99.417511,2.983457],[99.415566,2.987866],[99.416085,2.990849],[99.423083,3.000935],[99.423783,3.010502],[99.419308,3.013888],[99.431156,3.019907],[99.434882,3.017377],[99.43534,3.01543],[99.440084,3.016673],[99.441956,3.01901],[99.445009,3.018807],[99.44927,3.02275],[99.449672,3.025635],[99.456416,3.029365],[99.459525,3.032966],[99.455558,3.036071],[99.45209,3.036601],[99.451028,3.040011],[99.455049,3.040598],[99.458356,3.044145],[99.460758,3.049673],[99.467828,3.0601],[99.468824,3.065452],[99.435654,3.077525],[99.440082,3.08374],[99.442112,3.092656],[99.443557,3.095696],[99.445706,3.09765],[99.445878,3.100936],[99.442926,3.101539],[99.440906,3.103272],[99.481043,3.103447],[99.481036,3.13103],[99.49154,3.126919],[99.492478,3.119991],[99.494795,3.11644],[99.498068,3.115307]]]}},{"type":"Feature","properties":{"nmkec":"Berampu","nmkab":"Dairi","nmprov":"Sumatera Utara","kdkec":"031","kdkab":"10","kodekab":"1210","idkec":"1210031","index":314},"geometry":{"type":"Polygon","coordinates":[[[98.232758,2.758295],[98.234137,2.751958],[98.240342,2.745691],[98.242366,2.746064],[98.243273,2.747633],[98.243444,2.753172],[98.244698,2.756025],[98.249029,2.753144],[98.25486,2.760686],[98.263938,2.75957],[98.272384,2.756302],[98.272362,2.75094],[98.280737,2.745291],[98.290606,2.73988],[98.299564,2.738598],[98.305025,2.735743],[98.304563,2.732683],[98.299461,2.729912],[98.297631,2.727206],[98.298865,2.724888],[98.302828,2.722142],[98.304239,2.717772],[98.300113,2.718884],[98.297729,2.717391],[98.292417,2.708938],[98.292128,2.706761],[98.28456,2.713058],[98.274198,2.719516],[98.265686,2.720423],[98.26041,2.719337],[98.256939,2.715455],[98.252868,2.71283],[98.25124,2.708366],[98.236877,2.71543],[98.225448,2.723106],[98.212008,2.727611],[98.200172,2.733247],[98.194357,2.737149],[98.191233,2.740519],[98.205515,2.752861],[98.20728,2.758534],[98.210354,2.762955],[98.211401,2.760489],[98.222617,2.761686],[98.228718,2.764221],[98.232758,2.758295]]]}},{"type":"Feature","properties":{"nmkec":"Sitinjo","nmkab":"Dairi","nmprov":"Sumatera Utara","kdkec":"032","kdkab":"10","kodekab":"1210","idkec":"1210032","index":315},"geometry":{"type":"Polygon","coordinates":[[[98.376219,2.748235],[98.380737,2.744498],[98.382973,2.738755],[98.387262,2.737981],[98.389315,2.735702],[98.392955,2.727864],[98.383697,2.726533],[98.381995,2.717602],[98.381454,2.699957],[98.384252,2.694976],[98.389065,2.676228],[98.388896,2.674281],[98.385216,2.667836],[98.390536,2.663197],[98.386065,2.649993],[98.37397,2.652585],[98.360013,2.659004],[98.361644,2.670472],[98.355914,2.685743],[98.352925,2.687578],[98.346533,2.694419],[98.343937,2.695581],[98.341173,2.704296],[98.33345,2.704816],[98.332337,2.705693],[98.328508,2.711838],[98.327514,2.717917],[98.32828,2.721096],[98.329154,2.720207],[98.333314,2.72102],[98.350596,2.731616],[98.350926,2.732408],[98.348123,2.736736],[98.350245,2.738612],[98.352977,2.731786],[98.359073,2.729234],[98.35889,2.743895],[98.366906,2.754296],[98.367671,2.752841],[98.376219,2.748235]]]}},{"type":"Feature","properties":{"nmkec":"Sumbul","nmkab":"Dairi","nmprov":"Sumatera Utara","kdkec":"050","kdkab":"10","kodekab":"1210","idkec":"1210050","index":316},"geometry":{"type":"Polygon","coordinates":[[[98.444199,2.809008],[98.458947,2.809487],[98.459788,2.807304],[98.474669,2.790689],[98.485279,2.770692],[98.488994,2.774116],[98.492152,2.779879],[98.496809,2.7813],[98.497756,2.777116],[98.492893,2.766956],[98.488285,2.762116],[98.490509,2.760475],[98.494173,2.759702],[98.499276,2.762037],[98.502569,2.761573],[98.505352,2.759347],[98.508847,2.759192],[98.517182,2.761191],[98.523416,2.751955],[98.525333,2.747946],[98.527683,2.733534],[98.530811,2.703417],[98.529045,2.676965],[98.493783,2.680287],[98.486448,2.682765],[98.476536,2.684207],[98.473393,2.684436],[98.467365,2.682198],[98.459254,2.6863],[98.456577,2.683753],[98.451042,2.682669],[98.443931,2.684434],[98.440898,2.684272],[98.438449,2.682601],[98.432754,2.683264],[98.428328,2.688688],[98.42417,2.697809],[98.419098,2.697816],[98.414577,2.703755],[98.407247,2.708423],[98.403415,2.714349],[98.393376,2.725971],[98.391231,2.732785],[98.387262,2.737981],[98.382973,2.738755],[98.380737,2.744498],[98.376219,2.748235],[98.367671,2.752841],[98.356979,2.764759],[98.349468,2.769421],[98.346153,2.77688],[98.341957,2.778849],[98.332696,2.792063],[98.332557,2.793365],[98.335293,2.797091],[98.344192,2.801207],[98.345749,2.805341],[98.348598,2.807048],[98.355018,2.803216],[98.360861,2.805425],[98.369439,2.803066],[98.371744,2.800565],[98.374744,2.80157],[98.378286,2.806017],[98.382051,2.805395],[98.383511,2.80448],[98.383132,2.802638],[98.388572,2.800428],[98.402436,2.797859],[98.40891,2.803666],[98.438215,2.805853],[98.444199,2.809008]]]}},{"type":"Feature","properties":{"nmkec":"Silahisabungan","nmkab":"Dairi","nmprov":"Sumatera Utara","kdkec":"051","kdkab":"10","kodekab":"1210","idkec":"1210051","index":317},"geometry":{"type":"Polygon","coordinates":[[[98.521047,2.875464],[98.524608,2.873897],[98.522035,2.868072],[98.52488,2.860439],[98.525127,2.85338],[98.528132,2.848139],[98.525584,2.83732],[98.52671,2.83075],[98.527081,2.814484],[98.528799,2.810075],[98.528121,2.793657],[98.539291,2.787157],[98.545196,2.784889],[98.550387,2.781254],[98.556378,2.771385],[98.561828,2.769181],[98.563485,2.767625],[98.567689,2.762512],[98.569704,2.757645],[98.569074,2.754125],[98.572845,2.738822],[98.575068,2.737108],[98.577892,2.737516],[98.576484,2.729775],[98.572813,2.725322],[98.572352,2.708138],[98.566497,2.686343],[98.565258,2.674056],[98.543932,2.666946],[98.530481,2.664831],[98.525562,2.666451],[98.527571,2.668906],[98.529194,2.677871],[98.530811,2.703417],[98.525333,2.747946],[98.517182,2.761191],[98.508847,2.759192],[98.505352,2.759347],[98.502569,2.761573],[98.499276,2.762037],[98.494173,2.759702],[98.490509,2.760475],[98.488285,2.762116],[98.492893,2.766956],[98.497756,2.777116],[98.496809,2.7813],[98.492152,2.779879],[98.488994,2.774116],[98.485279,2.770692],[98.475831,2.789145],[98.459788,2.807304],[98.45715,2.814147],[98.45793,2.817657],[98.455551,2.823028],[98.464404,2.842648],[98.473037,2.865399],[98.482494,2.860192],[98.486035,2.860393],[98.493785,2.862531],[98.499531,2.866873],[98.514312,2.870208],[98.520599,2.874123],[98.521047,2.875464]]]}},{"type":"Feature","properties":{"nmkec":"Siempat Nempu Hulu","nmkab":"Dairi","nmprov":"Sumatera Utara","kdkec":"080","kdkab":"10","kodekab":"1210","idkec":"1210080","index":318},"geometry":{"type":"Polygon","coordinates":[[[98.245535,2.880487],[98.251861,2.873617],[98.2603,2.868899],[98.268587,2.857919],[98.276355,2.856591],[98.281236,2.857439],[98.28541,2.853849],[98.291838,2.840664],[98.292667,2.836995],[98.304295,2.818949],[98.305852,2.816993],[98.312151,2.813738],[98.312979,2.810868],[98.318615,2.80375],[98.326704,2.796332],[98.317228,2.792857],[98.314492,2.790885],[98.31289,2.787547],[98.307353,2.783587],[98.306764,2.782318],[98.307469,2.779021],[98.311539,2.77623],[98.31202,2.774994],[98.311409,2.772357],[98.309301,2.773333],[98.307465,2.765353],[98.302814,2.765687],[98.298201,2.76726],[98.296792,2.769288],[98.293343,2.771019],[98.287554,2.772126],[98.28653,2.774701],[98.289742,2.778902],[98.288292,2.781261],[98.281258,2.780636],[98.276313,2.776792],[98.270492,2.777491],[98.258167,2.784248],[98.256694,2.786924],[98.258111,2.792265],[98.256647,2.796486],[98.250117,2.803519],[98.243672,2.81353],[98.244192,2.817602],[98.252411,2.816145],[98.253623,2.818759],[98.249506,2.828225],[98.242966,2.833522],[98.236976,2.833258],[98.232493,2.837531],[98.223949,2.838302],[98.218878,2.835968],[98.223552,2.841788],[98.223252,2.844511],[98.218158,2.845447],[98.214754,2.857125],[98.209523,2.855672],[98.208292,2.852314],[98.202614,2.854116],[98.201068,2.855725],[98.20233,2.858483],[98.198593,2.861784],[98.194208,2.863364],[98.191877,2.873222],[98.19787,2.878536],[98.20568,2.873553],[98.209161,2.872394],[98.227054,2.87221],[98.234711,2.868921],[98.240922,2.874224],[98.24269,2.880542],[98.245535,2.880487]]]}},{"type":"Feature","properties":{"nmkec":"Gunung Sitember","nmkab":"Dairi","nmprov":"Sumatera Utara","kdkec":"101","kdkab":"10","kodekab":"1210","idkec":"1210101","index":319},"geometry":{"type":"Polygon","coordinates":[[[98.111377,3.006026],[98.11475,3.005645],[98.120905,2.999917],[98.126134,2.99923],[98.12854,3.000728],[98.12978,3.000302],[98.133278,2.993537],[98.143329,2.989378],[98.145379,2.986347],[98.15815,2.982317],[98.163814,2.979545],[98.167942,2.973556],[98.17355,2.971966],[98.176438,2.968676],[98.176253,2.966679],[98.178083,2.963914],[98.185005,2.955623],[98.189908,2.955676],[98.19653,2.948076],[98.191546,2.945171],[98.186149,2.929524],[98.17937,2.921699],[98.178266,2.915794],[98.178207,2.907405],[98.169517,2.90387],[98.160672,2.901954],[98.161598,2.905082],[98.157433,2.907042],[98.150955,2.906542],[98.146716,2.908132],[98.135536,2.905895],[98.132132,2.906554],[98.131012,2.915125],[98.122131,2.928893],[98.113747,2.945482],[98.097229,2.967548],[98.082477,2.998574],[98.08395,2.99782],[98.108457,3.013066],[98.109486,3.008936],[98.111377,3.006026]]]}},{"type":"Feature","properties":{"nmkec":"Pegagan Hilir","nmkab":"Dairi","nmprov":"Sumatera Utara","kdkec":"110","kdkab":"10","kodekab":"1210","idkec":"1210110","index":320},"geometry":{"type":"Polygon","coordinates":[[[98.394884,2.923724],[98.400087,2.92444],[98.411651,2.922515],[98.429385,2.917344],[98.430472,2.915004],[98.432203,2.901622],[98.435563,2.893545],[98.439941,2.890334],[98.448504,2.890675],[98.457216,2.882823],[98.474551,2.873447],[98.47345,2.866516],[98.46894,2.854313],[98.455551,2.823028],[98.45793,2.817657],[98.45715,2.814147],[98.458947,2.809487],[98.446426,2.80944],[98.438215,2.805853],[98.40891,2.803666],[98.402436,2.797859],[98.388572,2.800428],[98.383132,2.802638],[98.383511,2.80448],[98.382051,2.805395],[98.378286,2.806017],[98.374744,2.80157],[98.371744,2.800565],[98.369439,2.803066],[98.360861,2.805425],[98.355018,2.803216],[98.348598,2.807048],[98.345749,2.805341],[98.344192,2.801207],[98.335293,2.797091],[98.332557,2.793365],[98.332696,2.792063],[98.321543,2.800384],[98.312979,2.810868],[98.312151,2.813738],[98.305852,2.816993],[98.304295,2.818949],[98.292667,2.836995],[98.291838,2.840664],[98.28541,2.853849],[98.281236,2.857439],[98.274521,2.857047],[98.280445,2.862668],[98.283999,2.863981],[98.287151,2.862383],[98.287277,2.860913],[98.292462,2.858616],[98.297661,2.857839],[98.30504,2.858342],[98.305727,2.861021],[98.301121,2.862385],[98.302574,2.867341],[98.309278,2.868755],[98.322642,2.873487],[98.322249,2.869528],[98.332927,2.876129],[98.33749,2.881059],[98.338243,2.886997],[98.340177,2.889263],[98.363396,2.899592],[98.358941,2.905987],[98.352575,2.91087],[98.359929,2.917909],[98.371408,2.931454],[98.38647,2.925194],[98.394884,2.923724]]]}},{"type":"Feature","properties":{"nmkec":"Kuta Buluh","nmkab":"Karo","nmprov":"Sumatera Utara","kdkec":"060","kdkab":"11","kodekab":"1211","idkec":"1211060","index":321},"geometry":{"type":"Polygon","coordinates":[[[98.217652,3.2843],[98.223248,3.270652],[98.232663,3.26369],[98.249965,3.25541],[98.258858,3.24997],[98.262408,3.24935],[98.268267,3.252186],[98.273446,3.253297],[98.277573,3.252517],[98.285678,3.255277],[98.288535,3.253684],[98.288222,3.24716],[98.292928,3.24319],[98.297642,3.228697],[98.299103,3.220924],[98.299377,3.212157],[98.297367,3.199051],[98.296406,3.182217],[98.293816,3.166621],[98.294946,3.159271],[98.291615,3.142073],[98.300127,3.125406],[98.299104,3.122964],[98.284969,3.11979],[98.278666,3.122359],[98.275335,3.127123],[98.271475,3.128028],[98.266093,3.127397],[98.251487,3.131906],[98.20374,3.133149],[98.197076,3.136691],[98.191709,3.141311],[98.169513,3.154005],[98.162003,3.15607],[98.157628,3.156038],[98.146086,3.152397],[98.132599,3.146655],[98.126647,3.141741],[98.131629,3.15928],[98.136037,3.160275],[98.139462,3.162796],[98.139675,3.164437],[98.136449,3.169323],[98.150253,3.199869],[98.151603,3.206566],[98.158731,3.223312],[98.160978,3.237046],[98.160046,3.277306],[98.167875,3.280323],[98.173705,3.277783],[98.182376,3.280566],[98.198615,3.27765],[98.202423,3.278419],[98.207878,3.282251],[98.217652,3.2843]]]}},{"type":"Feature","properties":{"nmkec":"Payung","nmkab":"Karo","nmprov":"Sumatera Utara","kdkec":"070","kdkab":"11","kodekab":"1211","idkec":"1211070","index":322},"geometry":{"type":"MultiPolygon","coordinates":[[[[98.40601,3.133639],[98.403726,3.122727],[98.392717,3.115093],[98.393255,3.11402],[98.392162,3.11284],[98.379197,3.109561],[98.397336,3.109715],[98.404318,3.11349],[98.405904,3.112678],[98.409422,3.099553],[98.406129,3.100829],[98.399916,3.100689],[98.398393,3.099654],[98.394839,3.101856],[98.390283,3.102703],[98.380399,3.102596],[98.376036,3.104906],[98.355739,3.107734],[98.348833,3.111839],[98.342284,3.107831],[98.337961,3.107394],[98.326388,3.115942],[98.324576,3.11874],[98.329923,3.130244],[98.332546,3.131916],[98.337502,3.126968],[98.345601,3.12476],[98.359022,3.129115],[98.37894,3.128123],[98.378667,3.134031],[98.380431,3.149192],[98.38869,3.159866],[98.392852,3.163091],[98.398594,3.150291],[98.401747,3.147784],[98.405913,3.141653],[98.40601,3.133639]]],[[[98.455893,2.969239],[98.458466,2.967811],[98.45677,2.965332],[98.455893,2.969239]]]]}},{"type":"Feature","properties":{"nmkec":"Tiganderket","nmkab":"Karo","nmprov":"Sumatera Utara","kdkec":"071","kdkab":"11","kodekab":"1211","idkec":"1211071","index":323},"geometry":{"type":"Polygon","coordinates":[[[98.391862,3.22594],[98.382431,3.226245],[98.369808,3.218368],[98.364846,3.216517],[98.360351,3.216145],[98.358163,3.214346],[98.355978,3.208617],[98.356181,3.204569],[98.369668,3.189466],[98.384838,3.178804],[98.388547,3.17317],[98.392852,3.163091],[98.38869,3.159866],[98.380431,3.149192],[98.378667,3.134031],[98.37894,3.128123],[98.359022,3.129115],[98.345601,3.12476],[98.337502,3.126968],[98.332546,3.131916],[98.329923,3.130244],[98.324576,3.11874],[98.320246,3.121073],[98.316417,3.117894],[98.314298,3.11767],[98.311144,3.121338],[98.309378,3.12202],[98.299084,3.122735],[98.300127,3.125406],[98.291615,3.142073],[98.294946,3.159271],[98.293816,3.166621],[98.296406,3.182217],[98.297367,3.199051],[98.299377,3.212157],[98.299103,3.220924],[98.297642,3.228697],[98.313982,3.226556],[98.322888,3.222711],[98.340021,3.218361],[98.348978,3.221935],[98.355567,3.227829],[98.359621,3.232476],[98.363763,3.24013],[98.391862,3.22594]]]}},{"type":"Feature","properties":{"nmkec":"Simpang Empat","nmkab":"Karo","nmprov":"Sumatera Utara","kdkec":"080","kdkab":"11","kodekab":"1211","idkec":"1211080","index":324},"geometry":{"type":"Polygon","coordinates":[[[98.490268,3.172968],[98.494305,3.171278],[98.490981,3.159474],[98.487431,3.154327],[98.491667,3.150121],[98.496707,3.150428],[98.496045,3.142438],[98.496765,3.139958],[98.492346,3.133032],[98.488829,3.125219],[98.488334,3.122057],[98.484734,3.11915],[98.483183,3.116167],[98.483538,3.111051],[98.482797,3.109448],[98.480177,3.109254],[98.480387,3.113036],[98.476338,3.111072],[98.477944,3.108094],[98.484358,3.103768],[98.485219,3.102035],[98.47863,3.097727],[98.474038,3.097095],[98.467568,3.092443],[98.466088,3.094812],[98.461335,3.098396],[98.457672,3.098425],[98.454945,3.097983],[98.454035,3.095668],[98.450747,3.092699],[98.447357,3.092744],[98.429531,3.097975],[98.426083,3.10002],[98.423752,3.104317],[98.413667,3.102891],[98.412901,3.101721],[98.413883,3.099802],[98.41282,3.099056],[98.409422,3.099553],[98.405904,3.112678],[98.404318,3.11349],[98.397336,3.109715],[98.379197,3.109561],[98.392162,3.11284],[98.393255,3.11402],[98.392717,3.115093],[98.403726,3.122727],[98.40601,3.133639],[98.405913,3.141653],[98.401747,3.147784],[98.401609,3.150795],[98.403581,3.155519],[98.409774,3.160382],[98.41403,3.159837],[98.424913,3.154486],[98.427583,3.155293],[98.435817,3.16292],[98.441946,3.155607],[98.448482,3.159936],[98.451432,3.155423],[98.460628,3.15445],[98.46849,3.159412],[98.470562,3.159288],[98.475944,3.163433],[98.48114,3.172],[98.490268,3.172968]]]}},{"type":"Feature","properties":{"nmkec":"Naman Teran","nmkab":"Karo","nmprov":"Sumatera Utara","kdkec":"081","kdkab":"11","kodekab":"1211","idkec":"1211081","index":325},"geometry":{"type":"MultiPolygon","coordinates":[[[[98.429885,3.236477],[98.431915,3.235963],[98.43594,3.237646],[98.444244,3.247233],[98.446434,3.248594],[98.448882,3.248272],[98.45338,3.253762],[98.456562,3.253107],[98.459324,3.253762],[98.467091,3.239125],[98.471458,3.23293],[98.473988,3.231688],[98.483987,3.231605],[98.487691,3.226681],[98.485872,3.224904],[98.48047,3.222504],[98.477457,3.219484],[98.474982,3.213587],[98.473588,3.213349],[98.468609,3.215921],[98.465394,3.218815],[98.461563,3.21419],[98.457528,3.204397],[98.452815,3.197148],[98.449653,3.187655],[98.449358,3.181678],[98.450247,3.178747],[98.448365,3.176019],[98.448482,3.159936],[98.441946,3.155607],[98.435817,3.16292],[98.427583,3.155293],[98.424913,3.154486],[98.41403,3.159837],[98.409774,3.160382],[98.403581,3.155519],[98.401609,3.150795],[98.401747,3.147784],[98.397865,3.151538],[98.39096,3.168259],[98.384838,3.178804],[98.369668,3.189466],[98.356181,3.204569],[98.356811,3.211305],[98.358163,3.214346],[98.360351,3.216145],[98.364846,3.216517],[98.369808,3.218368],[98.382431,3.226245],[98.391862,3.22594],[98.363763,3.24013],[98.366263,3.245337],[98.360962,3.250941],[98.358432,3.262956],[98.355032,3.271043],[98.352127,3.284512],[98.363312,3.271646],[98.372207,3.26966],[98.381158,3.269158],[98.394487,3.262729],[98.399354,3.261665],[98.399986,3.252841],[98.399215,3.249603],[98.405342,3.247398],[98.41949,3.246498],[98.422566,3.244635],[98.429885,3.236477]]],[[[98.458466,2.967811],[98.453473,2.970337],[98.45309,2.972454],[98.457467,2.973449],[98.458466,2.967811]]]]}},{"type":"Feature","properties":{"nmkec":"Merdeka","nmkab":"Karo","nmprov":"Sumatera Utara","kdkec":"082","kdkab":"11","kodekab":"1211","idkec":"1211082","index":326},"geometry":{"type":"Polygon","coordinates":[[[98.52335,3.242656],[98.522315,3.231354],[98.517866,3.218862],[98.511358,3.210767],[98.509156,3.213229],[98.505612,3.214932],[98.506552,3.206412],[98.504841,3.19632],[98.503389,3.195422],[98.500422,3.183888],[98.497473,3.179743],[98.498153,3.177606],[98.496131,3.173881],[98.492864,3.171862],[98.490268,3.172968],[98.48114,3.172],[98.475944,3.163433],[98.470562,3.159288],[98.46849,3.159412],[98.460628,3.15445],[98.451432,3.155423],[98.448482,3.159936],[98.448365,3.176019],[98.450247,3.178747],[98.449358,3.181678],[98.449653,3.187655],[98.452815,3.197148],[98.457528,3.204397],[98.461563,3.21419],[98.464397,3.217999],[98.465394,3.218815],[98.468609,3.215921],[98.473588,3.213349],[98.474982,3.213587],[98.477457,3.219484],[98.48047,3.222504],[98.485872,3.224904],[98.487691,3.226681],[98.489248,3.232222],[98.4925,3.237831],[98.499943,3.241649],[98.502986,3.240071],[98.506573,3.240262],[98.519042,3.25003],[98.529984,3.246314],[98.52335,3.242656]]]}},{"type":"Feature","properties":{"nmkec":"Berastagi","nmkab":"Karo","nmprov":"Sumatera Utara","kdkec":"100","kdkab":"11","kodekab":"1211","idkec":"1211100","index":327},"geometry":{"type":"Polygon","coordinates":[[[98.545874,3.23589],[98.554149,3.215391],[98.543277,3.215465],[98.542611,3.213416],[98.54089,3.212063],[98.532914,3.207555],[98.52975,3.201888],[98.530185,3.189386],[98.528738,3.188985],[98.525308,3.184839],[98.52364,3.179672],[98.523326,3.175005],[98.524288,3.171493],[98.5234,3.17006],[98.519579,3.170925],[98.515054,3.160664],[98.51562,3.157585],[98.517872,3.153863],[98.525773,3.147464],[98.516109,3.140021],[98.511841,3.139807],[98.509059,3.140728],[98.504896,3.143931],[98.503811,3.148866],[98.502298,3.15057],[98.491667,3.150121],[98.488851,3.152153],[98.487431,3.154327],[98.490981,3.159474],[98.494305,3.171278],[98.492864,3.171862],[98.496131,3.173881],[98.498153,3.177606],[98.497473,3.179743],[98.500422,3.183888],[98.503389,3.195422],[98.504841,3.19632],[98.506552,3.206412],[98.505612,3.214932],[98.509156,3.213229],[98.511358,3.210767],[98.517866,3.218862],[98.522315,3.231354],[98.52335,3.242656],[98.531866,3.247351],[98.536801,3.246158],[98.545874,3.23589]]]}},{"type":"Feature","properties":{"nmkec":"Tigapanah","nmkab":"Karo","nmprov":"Sumatera Utara","kdkec":"110","kdkab":"11","kodekab":"1211","idkec":"1211110","index":328},"geometry":{"type":"Polygon","coordinates":[[[98.5234,3.17006],[98.527935,3.166428],[98.530914,3.15932],[98.537792,3.148454],[98.539677,3.142716],[98.53745,3.140864],[98.537077,3.137866],[98.538127,3.133735],[98.547648,3.131737],[98.548672,3.128223],[98.548714,3.11807],[98.547952,3.115138],[98.545816,3.112364],[98.542249,3.109707],[98.54299,3.108572],[98.540845,3.097273],[98.528592,3.085824],[98.528811,3.083377],[98.534094,3.083684],[98.534173,3.077154],[98.540912,3.072449],[98.542183,3.059616],[98.542117,3.044558],[98.54094,3.037119],[98.524386,3.038377],[98.516817,3.037633],[98.512967,3.031343],[98.510519,3.03168],[98.505178,3.026067],[98.500056,3.02667],[98.498022,3.009726],[98.492888,3.009013],[98.490892,3.002728],[98.487658,2.998319],[98.477596,2.992259],[98.473684,2.991399],[98.449045,2.995244],[98.442712,2.994583],[98.438119,2.996532],[98.424236,3.006101],[98.418744,3.011587],[98.43211,3.023371],[98.435044,3.028168],[98.45689,3.053028],[98.454529,3.057298],[98.445437,3.067246],[98.448665,3.070584],[98.44944,3.077055],[98.445252,3.08088],[98.442133,3.081227],[98.442347,3.084322],[98.445734,3.087513],[98.451876,3.088837],[98.457126,3.085328],[98.468222,3.087067],[98.472846,3.085521],[98.484354,3.089812],[98.493291,3.08917],[98.4965,3.09327],[98.500203,3.09392],[98.507854,3.092932],[98.5123,3.091129],[98.515718,3.093216],[98.517335,3.095067],[98.517714,3.103203],[98.520359,3.113325],[98.520329,3.117342],[98.51711,3.122721],[98.514485,3.13165],[98.514891,3.140119],[98.516109,3.140021],[98.525773,3.147464],[98.517872,3.153863],[98.51562,3.157585],[98.515054,3.160664],[98.519579,3.170925],[98.5234,3.17006]]]}},{"type":"Feature","properties":{"nmkec":"Dolat Rayat","nmkab":"Karo","nmprov":"Sumatera Utara","kdkec":"111","kdkab":"11","kodekab":"1211","idkec":"1211111","index":329},"geometry":{"type":"Polygon","coordinates":[[[98.555871,3.201588],[98.547067,3.203829],[98.542497,3.199641],[98.539752,3.188187],[98.540392,3.182666],[98.544459,3.179534],[98.547133,3.175345],[98.548942,3.168295],[98.551599,3.162512],[98.555025,3.160763],[98.555264,3.152042],[98.560688,3.134895],[98.55875,3.130552],[98.559903,3.115487],[98.557828,3.11114],[98.556968,3.110426],[98.546333,3.109776],[98.544112,3.111594],[98.547952,3.115138],[98.548714,3.11807],[98.548672,3.128223],[98.547648,3.131737],[98.538127,3.133735],[98.537077,3.138619],[98.53745,3.140864],[98.539677,3.142716],[98.539404,3.143809],[98.537792,3.148454],[98.530914,3.15932],[98.527935,3.166428],[98.523661,3.170092],[98.524288,3.171493],[98.523326,3.175005],[98.52364,3.179672],[98.525308,3.184839],[98.528738,3.188985],[98.530185,3.189386],[98.530116,3.202943],[98.532914,3.207555],[98.54089,3.212063],[98.542611,3.213416],[98.543277,3.215465],[98.554149,3.215391],[98.555871,3.201588]]]}},{"type":"Feature","properties":{"nmkec":"Merek","nmkab":"Karo","nmprov":"Sumatera Utara","kdkec":"120","kdkab":"11","kodekab":"1211","idkec":"1211120","index":330},"geometry":{"type":"MultiPolygon","coordinates":[[[[98.539504,3.036885],[98.544292,3.03725],[98.55058,3.035856],[98.552337,3.034203],[98.552787,3.029998],[98.556384,3.026961],[98.55777,3.022545],[98.553922,3.014489],[98.553296,3.00699],[98.551073,3.000069],[98.553825,2.996382],[98.554708,2.992938],[98.553827,2.989947],[98.551507,2.987488],[98.549253,2.97808],[98.549991,2.973057],[98.551858,2.970786],[98.551939,2.967189],[98.546994,2.954756],[98.547488,2.949434],[98.545519,2.944212],[98.541177,2.935761],[98.534673,2.927363],[98.532705,2.904334],[98.540441,2.897206],[98.544863,2.898136],[98.550056,2.894352],[98.551968,2.887433],[98.550321,2.881982],[98.555398,2.880359],[98.556704,2.877635],[98.554195,2.874617],[98.546424,2.873644],[98.543261,2.874306],[98.541109,2.877939],[98.543213,2.880422],[98.543408,2.882695],[98.535871,2.89513],[98.531217,2.897022],[98.522006,2.89557],[98.522321,2.8906],[98.523635,2.887841],[98.522906,2.88354],[98.518367,2.879906],[98.518914,2.876786],[98.521047,2.875464],[98.520599,2.874123],[98.513205,2.869801],[98.499531,2.866873],[98.493785,2.862531],[98.482494,2.860192],[98.473037,2.865399],[98.474551,2.873447],[98.457216,2.882823],[98.448504,2.890675],[98.439941,2.890334],[98.435563,2.893545],[98.432203,2.901622],[98.430472,2.915004],[98.429385,2.917344],[98.411651,2.922515],[98.399197,2.924343],[98.397081,2.93296],[98.398155,2.938768],[98.395553,2.944395],[98.391922,2.948506],[98.390735,2.952257],[98.391991,2.956863],[98.399846,2.965],[98.400124,2.967116],[98.397701,2.976582],[98.398282,2.979517],[98.403325,2.985063],[98.409132,2.989041],[98.406477,3.000091],[98.410025,3.004382],[98.418744,3.011587],[98.424236,3.006101],[98.438119,2.996532],[98.442712,2.994583],[98.449045,2.995244],[98.473684,2.991399],[98.477596,2.992259],[98.487658,2.998319],[98.490892,3.002728],[98.492888,3.009013],[98.498022,3.009726],[98.500056,3.02667],[98.505178,3.026067],[98.510519,3.03168],[98.512967,3.031343],[98.516817,3.037633],[98.524386,3.038377],[98.535448,3.037906],[98.539504,3.036885]],[[98.457467,2.973449],[98.45309,2.972454],[98.452912,2.971138],[98.455893,2.969239],[98.45677,2.965332],[98.458466,2.967811],[98.457467,2.973449]]],[[[98.45738,2.968851],[98.457064,2.968754],[98.457068,2.968755],[98.45738,2.968851]]]]}},{"type":"Feature","properties":{"nmkec":"Barusjahe","nmkab":"Karo","nmprov":"Sumatera Utara","kdkec":"130","kdkab":"11","kodekab":"1211","idkec":"1211130","index":331},"geometry":{"type":"Polygon","coordinates":[[[98.621085,3.217878],[98.620526,3.214715],[98.621754,3.207368],[98.614422,3.198743],[98.612299,3.194656],[98.612422,3.191776],[98.615342,3.183499],[98.613088,3.180344],[98.610947,3.179217],[98.604951,3.181826],[98.602476,3.18106],[98.60123,3.177323],[98.602939,3.171045],[98.60126,3.162539],[98.606377,3.152954],[98.611199,3.147435],[98.614691,3.137813],[98.615342,3.133077],[98.618497,3.131998],[98.623681,3.131998],[98.625484,3.129631],[98.628862,3.120442],[98.628732,3.115698],[98.622013,3.10484],[98.615939,3.106839],[98.610521,3.110775],[98.606364,3.109571],[98.60455,3.099213],[98.598788,3.093235],[98.595228,3.08684],[98.59272,3.086813],[98.583166,3.078171],[98.583754,3.072419],[98.586541,3.062215],[98.585958,3.05283],[98.584945,3.050943],[98.571685,3.042563],[98.56613,3.032958],[98.560102,3.030142],[98.556203,3.02656],[98.552787,3.029998],[98.552337,3.034203],[98.55058,3.035856],[98.547359,3.036909],[98.54094,3.037119],[98.542117,3.044558],[98.542183,3.059616],[98.540912,3.072449],[98.534173,3.077154],[98.534094,3.083684],[98.528811,3.083377],[98.528592,3.085824],[98.540845,3.097273],[98.54299,3.108572],[98.542249,3.109707],[98.544112,3.111594],[98.546333,3.109776],[98.556968,3.110426],[98.559903,3.115487],[98.55875,3.130552],[98.560688,3.134895],[98.555264,3.152042],[98.555487,3.159269],[98.554356,3.161368],[98.552361,3.161509],[98.551599,3.162512],[98.548942,3.168295],[98.547133,3.175345],[98.539787,3.184285],[98.540098,3.190932],[98.542349,3.199282],[98.547067,3.203829],[98.55083,3.203431],[98.555871,3.201588],[98.556856,3.199721],[98.559642,3.199487],[98.562257,3.200901],[98.564488,3.20537],[98.56767,3.208339],[98.575152,3.210059],[98.587935,3.218643],[98.59517,3.218096],[98.599758,3.222744],[98.617844,3.22965],[98.622199,3.232342],[98.626718,3.22236],[98.621085,3.217878]]]}},{"type":"Feature","properties":{"nmkec":"Gunung Meriah","nmkab":"Deli Serdang","nmprov":"Sumatera Utara","kdkec":"010","kdkab":"12","kodekab":"1212","idkec":"1212010","index":332},"geometry":{"type":"Polygon","coordinates":[[[98.729401,3.148512],[98.720608,3.141209],[98.717216,3.132966],[98.715675,3.127492],[98.719489,3.12109],[98.708765,3.102788],[98.708249,3.096041],[98.709561,3.096067],[98.710048,3.098019],[98.714162,3.098996],[98.714487,3.098404],[98.707447,3.086699],[98.70578,3.063753],[98.69989,3.051472],[98.694465,3.05234],[98.695276,3.057717],[98.694476,3.064069],[98.691985,3.066867],[98.688807,3.067455],[98.683477,3.063914],[98.682269,3.067365],[98.673375,3.071343],[98.65921,3.066635],[98.646099,3.066902],[98.627262,3.062462],[98.624699,3.063547],[98.622134,3.071779],[98.620471,3.089058],[98.617152,3.097199],[98.613383,3.101268],[98.607052,3.104342],[98.60529,3.104056],[98.606089,3.109018],[98.608373,3.11072],[98.611587,3.110355],[98.615939,3.106839],[98.622013,3.10484],[98.625364,3.109205],[98.628732,3.115698],[98.628862,3.120442],[98.627554,3.125413],[98.623886,3.131743],[98.643033,3.137439],[98.650993,3.141629],[98.654096,3.139385],[98.666421,3.136965],[98.674711,3.140118],[98.681451,3.140894],[98.685252,3.1436],[98.694396,3.139155],[98.696648,3.138968],[98.700055,3.140759],[98.705476,3.141616],[98.712259,3.140966],[98.714637,3.144035],[98.721619,3.148403],[98.727978,3.164872],[98.734648,3.170635],[98.743202,3.166321],[98.740385,3.160865],[98.732511,3.153847],[98.729401,3.148512]]]}},{"type":"Feature","properties":{"nmkec":"Namo Rambe","nmkab":"Deli Serdang","nmprov":"Sumatera Utara","kdkec":"060","kdkab":"12","kodekab":"1212","idkec":"1212060","index":333},"geometry":{"type":"Polygon","coordinates":[[[98.668975,3.50481],[98.672527,3.514542],[98.676622,3.513602],[98.677351,3.506474],[98.674762,3.503278],[98.675264,3.494486],[98.676609,3.490107],[98.676435,3.480163],[98.677891,3.477245],[98.681654,3.477134],[98.681463,3.474439],[98.682277,3.473557],[98.681648,3.466368],[98.680156,3.465504],[98.680376,3.461051],[98.68252,3.455658],[98.681643,3.449436],[98.684219,3.442607],[98.682429,3.424914],[98.676345,3.414724],[98.668834,3.40857],[98.667072,3.408732],[98.662971,3.405997],[98.662694,3.403398],[98.654084,3.387751],[98.651468,3.388253],[98.647803,3.39102],[98.643707,3.387963],[98.640502,3.380351],[98.638435,3.378941],[98.634563,3.378822],[98.632861,3.377338],[98.631353,3.374895],[98.632509,3.370748],[98.631361,3.366506],[98.626831,3.366333],[98.625968,3.3673],[98.599318,3.371607],[98.600176,3.376821],[98.606261,3.38398],[98.608893,3.390443],[98.614747,3.393803],[98.615622,3.397604],[98.620739,3.401052],[98.629675,3.429668],[98.637283,3.434484],[98.640066,3.433119],[98.641872,3.435811],[98.640157,3.43741],[98.639559,3.441567],[98.640217,3.447477],[98.637928,3.452162],[98.638495,3.455244],[98.642541,3.463279],[98.645722,3.46587],[98.647028,3.464913],[98.649509,3.468952],[98.649616,3.471474],[98.646703,3.476357],[98.646581,3.485229],[98.644855,3.490297],[98.647992,3.497757],[98.651169,3.496269],[98.655066,3.496376],[98.658318,3.504023],[98.659583,3.508388],[98.658691,3.509842],[98.657379,3.509408],[98.655943,3.510567],[98.655305,3.515093],[98.655597,3.518308],[98.657674,3.522447],[98.662236,3.52231],[98.661685,3.51016],[98.66502,3.50652],[98.665406,3.504879],[98.668975,3.50481]],[[98.66873,3.504338],[98.666525,3.497567],[98.667271,3.495192],[98.669007,3.494915],[98.67103,3.501947],[98.670862,3.504799],[98.66873,3.504338]]]}},{"type":"Feature","properties":{"nmkec":"Sibolangit","nmkab":"Deli Serdang","nmprov":"Sumatera Utara","kdkec":"030","kdkab":"12","kodekab":"1212","idkec":"1212030","index":334},"geometry":{"type":"Polygon","coordinates":[[[98.588482,3.385838],[98.589218,3.383964],[98.598823,3.383622],[98.602462,3.37911],[98.599949,3.376318],[98.599318,3.371607],[98.625968,3.3673],[98.626831,3.366333],[98.615201,3.360891],[98.612592,3.352632],[98.6124,3.344144],[98.607835,3.344012],[98.611674,3.340563],[98.606858,3.33353],[98.601951,3.332147],[98.605347,3.316898],[98.623976,3.316664],[98.614763,3.292276],[98.597732,3.281606],[98.599631,3.270853],[98.612609,3.266648],[98.615924,3.263083],[98.614397,3.249226],[98.611013,3.232093],[98.622199,3.232342],[98.617844,3.22965],[98.599758,3.222744],[98.59517,3.218096],[98.587935,3.218643],[98.575152,3.210059],[98.56767,3.208339],[98.564488,3.20537],[98.562257,3.200901],[98.557935,3.199415],[98.555955,3.200308],[98.554149,3.215391],[98.545874,3.23589],[98.536801,3.246158],[98.531866,3.247351],[98.529984,3.246314],[98.519042,3.25003],[98.517672,3.248957],[98.514182,3.256175],[98.514774,3.263828],[98.521998,3.271191],[98.527094,3.274403],[98.530857,3.286112],[98.520388,3.289498],[98.516864,3.29253],[98.518333,3.29648],[98.515953,3.300925],[98.518616,3.302285],[98.517909,3.310489],[98.521642,3.320826],[98.538144,3.322044],[98.539642,3.333237],[98.545072,3.342945],[98.546854,3.351284],[98.552229,3.350832],[98.553422,3.342985],[98.557803,3.349527],[98.557745,3.362539],[98.561465,3.363816],[98.567109,3.363697],[98.577357,3.369742],[98.579388,3.385564],[98.588482,3.385838]]]}},{"type":"Feature","properties":{"nmkec":"Patumbak","nmkab":"Deli Serdang","nmprov":"Sumatera Utara","kdkec":"210","kdkab":"12","kodekab":"1212","idkec":"1212210","index":335},"geometry":{"type":"MultiPolygon","coordinates":[[[[98.698314,3.53149],[98.742598,3.529271],[98.73945,3.518413],[98.738678,3.517333],[98.736296,3.516942],[98.735769,3.514638],[98.737308,3.512891],[98.737077,3.511644],[98.731053,3.505363],[98.729123,3.493928],[98.728899,3.484825],[98.736823,3.484499],[98.737491,3.481955],[98.73666,3.474078],[98.737667,3.471427],[98.739761,3.469794],[98.735603,3.459469],[98.732449,3.461991],[98.731191,3.461667],[98.726293,3.454478],[98.724757,3.447706],[98.719304,3.434956],[98.719365,3.424742],[98.718287,3.422587],[98.71668,3.421812],[98.713983,3.422198],[98.71434,3.425588],[98.70901,3.429207],[98.707588,3.42142],[98.705183,3.418779],[98.704813,3.432131],[98.704142,3.43797],[98.702056,3.442955],[98.701829,3.448381],[98.698981,3.44873],[98.697844,3.450158],[98.704711,3.456126],[98.707619,3.456631],[98.70909,3.46024],[98.708472,3.46267],[98.70325,3.470172],[98.700638,3.460683],[98.697314,3.458871],[98.696202,3.459584],[98.697216,3.465896],[98.701545,3.469386],[98.699272,3.47397],[98.693032,3.474104],[98.692591,3.485955],[98.691683,3.488349],[98.688433,3.488327],[98.686257,3.496403],[98.686883,3.500624],[98.687898,3.506685],[98.68979,3.510344],[98.692812,3.512402],[98.693089,3.515956],[98.694585,3.518384],[98.696805,3.518427],[98.697972,3.520037],[98.698314,3.53149]]],[[[98.72295,3.5433],[98.7383,3.54284],[98.738208,3.539993],[98.746547,3.539955],[98.747551,3.537449],[98.745473,3.535694],[98.744399,3.536756],[98.739609,3.536818],[98.735145,3.538363],[98.734976,3.541052],[98.730176,3.540199],[98.7289,3.537999],[98.722859,3.54177],[98.72295,3.5433]]]]}},{"type":"Feature","properties":{"nmkec":"Sinembah Tanjung Muda Hilir","nmkab":"Deli Serdang","nmprov":"Sumatera Utara","kdkec":"080","kdkab":"12","kodekab":"1212","idkec":"1212080","index":336},"geometry":{"type":"Polygon","coordinates":[[[98.77277,3.488571],[98.771612,3.482499],[98.772462,3.474847],[98.785675,3.474073],[98.783893,3.469018],[98.789705,3.468655],[98.790065,3.4595],[98.793944,3.462711],[98.800788,3.462824],[98.800698,3.469165],[98.805372,3.469316],[98.805794,3.467737],[98.799775,3.442582],[98.796961,3.438822],[98.796761,3.436882],[98.7894,3.434166],[98.787853,3.431393],[98.791117,3.42497],[98.793861,3.423508],[98.793969,3.420917],[98.793296,3.419709],[98.791197,3.419642],[98.789794,3.418451],[98.787116,3.414839],[98.783716,3.409058],[98.780408,3.398933],[98.784925,3.388422],[98.780214,3.384867],[98.780767,3.380956],[98.782892,3.379044],[98.783147,3.375346],[98.777516,3.366076],[98.780246,3.355443],[98.775461,3.355001],[98.775408,3.356439],[98.773338,3.359185],[98.771246,3.358384],[98.772008,3.355049],[98.774214,3.353563],[98.773203,3.352231],[98.763669,3.348333],[98.761578,3.348631],[98.753316,3.337346],[98.762159,3.333408],[98.756211,3.325553],[98.753553,3.325219],[98.752991,3.324077],[98.754163,3.320142],[98.757368,3.315396],[98.755444,3.309583],[98.751704,3.307983],[98.747887,3.310079],[98.747636,3.311213],[98.744651,3.309782],[98.743456,3.308477],[98.74261,3.301438],[98.737499,3.302718],[98.722615,3.29958],[98.716067,3.300704],[98.711163,3.298548],[98.69786,3.286217],[98.698882,3.280481],[98.68964,3.280427],[98.685979,3.282338],[98.685204,3.284809],[98.683689,3.284933],[98.680838,3.282919],[98.678782,3.272213],[98.673005,3.271949],[98.666912,3.263481],[98.666345,3.261249],[98.668011,3.257136],[98.664222,3.243841],[98.663793,3.236861],[98.661783,3.235832],[98.658299,3.231715],[98.65764,3.229049],[98.636663,3.232936],[98.622749,3.231749],[98.611013,3.232093],[98.614397,3.249226],[98.615924,3.263083],[98.638549,3.258484],[98.636243,3.263696],[98.63966,3.271043],[98.640026,3.277164],[98.627859,3.282515],[98.625324,3.286039],[98.626922,3.288978],[98.629949,3.291422],[98.638577,3.292981],[98.640338,3.296486],[98.644027,3.295704],[98.646145,3.297421],[98.648235,3.301747],[98.653859,3.30556],[98.65996,3.302454],[98.662259,3.30236],[98.662819,3.312221],[98.667348,3.31826],[98.670534,3.320577],[98.678869,3.321125],[98.680054,3.322208],[98.675662,3.327208],[98.680706,3.331689],[98.686575,3.333636],[98.683136,3.34246],[98.680361,3.357885],[98.683222,3.371491],[98.680979,3.376926],[98.680456,3.381584],[98.691575,3.381596],[98.690577,3.383899],[98.690765,3.389614],[98.694098,3.394169],[98.699458,3.397387],[98.700669,3.404247],[98.703796,3.408435],[98.708952,3.40982],[98.711873,3.413139],[98.71328,3.415502],[98.713983,3.422198],[98.71668,3.421812],[98.718372,3.422729],[98.719365,3.424742],[98.719304,3.434956],[98.724757,3.447706],[98.726293,3.454478],[98.731191,3.461667],[98.732449,3.461991],[98.735603,3.459469],[98.738818,3.466045],[98.739761,3.469794],[98.737667,3.471427],[98.73666,3.474078],[98.737491,3.481955],[98.736823,3.484499],[98.75158,3.487855],[98.757794,3.48734],[98.760299,3.48448],[98.762483,3.484913],[98.764818,3.486401],[98.767216,3.491205],[98.77277,3.488571]],[[98.780884,3.455675],[98.780786,3.450183],[98.788179,3.451415],[98.787691,3.45569],[98.780884,3.455675]]]}},{"type":"Feature","properties":{"nmkec":"Bangun Purba","nmkab":"Deli Serdang","nmprov":"Sumatera Utara","kdkec":"090","kdkab":"12","kodekab":"1212","idkec":"1212090","index":337},"geometry":{"type":"MultiPolygon","coordinates":[[[[98.846775,3.43689],[98.8472,3.4324],[98.84058,3.425207],[98.840075,3.42218],[98.840857,3.420545],[98.830742,3.416878],[98.838459,3.41589],[98.842475,3.412022],[98.841944,3.410853],[98.842725,3.408983],[98.847803,3.408745],[98.851129,3.414464],[98.863862,3.41785],[98.862236,3.415536],[98.858358,3.413788],[98.857593,3.406647],[98.85856,3.398423],[98.855372,3.389954],[98.856009,3.386168],[98.854842,3.374081],[98.860743,3.364707],[98.862804,3.357903],[98.857852,3.348341],[98.858515,3.344264],[98.856388,3.343899],[98.851302,3.338821],[98.845781,3.337437],[98.84118,3.333179],[98.835463,3.33005],[98.832642,3.322295],[98.832519,3.318437],[98.829821,3.315314],[98.822372,3.31452],[98.818887,3.312907],[98.810071,3.305546],[98.801419,3.303016],[98.796297,3.299204],[98.79617,3.286825],[98.789193,3.275734],[98.785254,3.274167],[98.775615,3.276089],[98.769802,3.280308],[98.756741,3.283919],[98.756154,3.285395],[98.763307,3.288565],[98.754402,3.295798],[98.742091,3.299291],[98.743456,3.308477],[98.747327,3.311235],[98.751704,3.307983],[98.755444,3.309583],[98.756293,3.311443],[98.757183,3.316359],[98.755676,3.317309],[98.752991,3.324077],[98.753553,3.325219],[98.756211,3.325553],[98.762159,3.333408],[98.753316,3.337346],[98.761578,3.348631],[98.763669,3.348333],[98.773203,3.352231],[98.774214,3.353563],[98.772008,3.355049],[98.771246,3.358384],[98.772563,3.35909],[98.775408,3.356439],[98.775461,3.355001],[98.780246,3.355443],[98.777516,3.366076],[98.783147,3.375346],[98.782892,3.379044],[98.780767,3.380956],[98.780214,3.384867],[98.784925,3.388422],[98.780408,3.398933],[98.783716,3.409058],[98.787116,3.414839],[98.789794,3.418451],[98.791197,3.419642],[98.793296,3.419709],[98.793969,3.420917],[98.793861,3.423508],[98.791117,3.42497],[98.787853,3.431393],[98.788289,3.433108],[98.796761,3.436882],[98.796961,3.438822],[98.846775,3.43689]],[[98.851458,3.399064],[98.851476,3.396087],[98.853679,3.395481],[98.855384,3.397083],[98.855796,3.399194],[98.851458,3.399064]]],[[[98.867255,3.344296],[98.86317,3.343706],[98.865765,3.348959],[98.867255,3.344296]]]]}},{"type":"Feature","properties":{"nmkec":"Galang","nmkab":"Deli Serdang","nmprov":"Sumatera Utara","kdkec":"190","kdkab":"12","kodekab":"1212","idkec":"1212190","index":338},"geometry":{"type":"MultiPolygon","coordinates":[[[[98.851056,3.503567],[98.855438,3.502396],[98.85428,3.495488],[98.852185,3.491327],[98.853073,3.487786],[98.856572,3.485841],[98.858228,3.485888],[98.859163,3.487514],[98.861674,3.488797],[98.890874,3.489153],[98.893777,3.491042],[98.901788,3.492021],[98.903568,3.490805],[98.905054,3.486583],[98.903555,3.480282],[98.904199,3.477352],[98.910418,3.473646],[98.914771,3.476243],[98.919831,3.473537],[98.922786,3.470196],[98.919942,3.466134],[98.919832,3.458466],[98.919012,3.456588],[98.914279,3.450879],[98.916579,3.421338],[98.919139,3.408883],[98.920787,3.405054],[98.921412,3.398998],[98.91692,3.389006],[98.920874,3.383367],[98.917046,3.377439],[98.919231,3.368899],[98.913987,3.36002],[98.910362,3.358486],[98.899489,3.35951],[98.885618,3.355627],[98.87734,3.348675],[98.867255,3.344296],[98.865765,3.348959],[98.862071,3.342077],[98.859811,3.341347],[98.858215,3.342939],[98.857852,3.348341],[98.862804,3.357903],[98.860743,3.364707],[98.854842,3.374081],[98.856009,3.386168],[98.855372,3.389954],[98.85856,3.398423],[98.857593,3.406647],[98.858358,3.413788],[98.862236,3.415536],[98.863862,3.41785],[98.851129,3.414464],[98.847803,3.408745],[98.842725,3.408983],[98.841944,3.410853],[98.842475,3.412022],[98.838459,3.41589],[98.830742,3.416878],[98.840857,3.420545],[98.840075,3.42218],[98.84058,3.425207],[98.8472,3.4324],[98.846775,3.43689],[98.796961,3.438822],[98.800946,3.445104],[98.801362,3.45086],[98.804295,3.459437],[98.805372,3.469316],[98.806987,3.474327],[98.815965,3.476759],[98.823005,3.484149],[98.825372,3.489694],[98.826702,3.488229],[98.829463,3.48824],[98.830337,3.489826],[98.828592,3.497083],[98.833062,3.504319],[98.851056,3.503567]]],[[[98.855796,3.399194],[98.855384,3.397083],[98.853679,3.395481],[98.851476,3.396087],[98.851458,3.399064],[98.855796,3.399194]]]]}},{"type":"Feature","properties":{"nmkec":"Tanjung Morawa","nmkab":"Deli Serdang","nmprov":"Sumatera Utara","kdkec":"200","kdkab":"12","kodekab":"1212","idkec":"1212200","index":339},"geometry":{"type":"MultiPolygon","coordinates":[[[[98.846881,3.601172],[98.849234,3.596077],[98.856011,3.587307],[98.8527,3.573319],[98.852758,3.566671],[98.846694,3.560502],[98.847915,3.556929],[98.848112,3.550892],[98.846601,3.547536],[98.845392,3.535062],[98.847796,3.529338],[98.847799,3.522455],[98.849319,3.518237],[98.846813,3.512418],[98.853752,3.50791],[98.854587,3.505203],[98.853628,3.503066],[98.833062,3.504319],[98.828592,3.497083],[98.830337,3.489826],[98.829463,3.48824],[98.826702,3.488229],[98.825372,3.489694],[98.823005,3.484149],[98.815965,3.476759],[98.806987,3.474327],[98.805372,3.469316],[98.800698,3.469165],[98.800788,3.462824],[98.793944,3.462711],[98.790065,3.4595],[98.789705,3.468655],[98.783893,3.469018],[98.785675,3.474073],[98.772462,3.474847],[98.771612,3.482499],[98.77277,3.488571],[98.767216,3.491205],[98.764818,3.486401],[98.760299,3.48448],[98.757794,3.48734],[98.75158,3.487855],[98.740156,3.484773],[98.728899,3.484825],[98.729123,3.493928],[98.731053,3.505363],[98.737077,3.511644],[98.737308,3.512891],[98.735769,3.514638],[98.736296,3.516942],[98.738678,3.517333],[98.73941,3.518343],[98.742117,3.527748],[98.743958,3.527623],[98.745067,3.529126],[98.745473,3.535694],[98.749914,3.539463],[98.751572,3.539788],[98.75274,3.542046],[98.754552,3.553152],[98.755927,3.554578],[98.761653,3.553605],[98.771022,3.556596],[98.773233,3.559798],[98.77716,3.570149],[98.777845,3.5722],[98.776896,3.572834],[98.778471,3.578739],[98.781433,3.579554],[98.78656,3.577455],[98.785364,3.573641],[98.796968,3.569539],[98.798523,3.570136],[98.801242,3.574551],[98.811936,3.578362],[98.815705,3.583093],[98.819197,3.580456],[98.826223,3.591078],[98.831522,3.59392],[98.835875,3.59887],[98.837362,3.610528],[98.842867,3.606681],[98.846881,3.601172]]],[[[98.787691,3.45569],[98.788179,3.451415],[98.780786,3.450183],[98.780884,3.455675],[98.787691,3.45569]]]]}},{"type":"Feature","properties":{"nmkec":"Deli Tua","nmkab":"Deli Serdang","nmprov":"Sumatera Utara","kdkec":"220","kdkab":"12","kodekab":"1212","idkec":"1212220","index":340},"geometry":{"type":"MultiPolygon","coordinates":[[[[98.696805,3.518427],[98.694585,3.518384],[98.693089,3.515956],[98.692812,3.512402],[98.68979,3.510344],[98.687898,3.506685],[98.686257,3.496403],[98.688433,3.488327],[98.691683,3.488349],[98.692459,3.486462],[98.693032,3.474104],[98.681463,3.474439],[98.681654,3.477134],[98.677891,3.477245],[98.676435,3.480163],[98.676609,3.490107],[98.675264,3.494486],[98.674762,3.503278],[98.676916,3.50511],[98.677576,3.509114],[98.675854,3.516313],[98.679621,3.518783],[98.696805,3.518427]]],[[[98.670862,3.504799],[98.669007,3.494915],[98.667454,3.495001],[98.666525,3.497567],[98.668975,3.50481],[98.670862,3.504799]]],[[[98.66502,3.50652],[98.661685,3.51016],[98.661716,3.514786],[98.672527,3.514542],[98.668975,3.50481],[98.665406,3.504879],[98.66502,3.50652]]]]}},{"type":"Feature","properties":{"nmkec":"Sunggal","nmkab":"Deli Serdang","nmprov":"Sumatera Utara","kdkec":"230","kdkab":"12","kodekab":"1212","idkec":"1212230","index":341},"geometry":{"type":"MultiPolygon","coordinates":[[[[98.57991,3.637551],[98.588473,3.637347],[98.588779,3.635136],[98.586092,3.63409],[98.586075,3.62833],[98.592575,3.62803],[98.591377,3.631734],[98.593315,3.633067],[98.593947,3.632469],[98.593694,3.62415],[98.59645,3.620591],[98.600698,3.620199],[98.599661,3.618494],[98.601068,3.61454],[98.604583,3.610722],[98.606089,3.607348],[98.606744,3.604312],[98.605504,3.594075],[98.603017,3.587935],[98.606682,3.583159],[98.608483,3.582296],[98.610547,3.584042],[98.611386,3.583187],[98.607299,3.567519],[98.607532,3.565703],[98.611929,3.563255],[98.610297,3.559783],[98.611862,3.557508],[98.611589,3.553803],[98.606191,3.553186],[98.60575,3.549996],[98.593325,3.541334],[98.593474,3.540263],[98.596241,3.538982],[98.600834,3.538227],[98.602507,3.534242],[98.602449,3.532993],[98.598652,3.529412],[98.597704,3.527237],[98.598607,3.524168],[98.588938,3.525405],[98.584281,3.526912],[98.584343,3.528349],[98.57837,3.528462],[98.574713,3.527615],[98.572487,3.52398],[98.566183,3.522277],[98.564915,3.522755],[98.567827,3.528881],[98.561513,3.530642],[98.554923,3.528624],[98.553843,3.522069],[98.549632,3.519509],[98.550068,3.536699],[98.545769,3.536772],[98.545764,3.540851],[98.550187,3.540988],[98.550443,3.550509],[98.547503,3.549246],[98.545927,3.541686],[98.539997,3.54141],[98.537921,3.555131],[98.532542,3.556073],[98.531656,3.559227],[98.527485,3.563253],[98.522132,3.563247],[98.522067,3.568085],[98.519305,3.572272],[98.538332,3.572657],[98.53944,3.574349],[98.538722,3.584833],[98.534045,3.597871],[98.536123,3.606509],[98.535706,3.61058],[98.533273,3.613328],[98.533342,3.620958],[98.52368,3.620969],[98.525606,3.626541],[98.535956,3.628844],[98.547124,3.628265],[98.544958,3.626881],[98.554758,3.625887],[98.555622,3.625071],[98.55577,3.628524],[98.57991,3.637551]],[[98.558036,3.623541],[98.558617,3.620091],[98.563218,3.62233],[98.563319,3.624663],[98.562571,3.625347],[98.558036,3.623541]]],[[[98.645953,3.62564],[98.65582,3.624386],[98.658777,3.622895],[98.662764,3.624642],[98.664148,3.624183],[98.652629,3.615202],[98.630442,3.615726],[98.62853,3.614596],[98.627522,3.611492],[98.615144,3.611963],[98.613059,3.613592],[98.613135,3.618271],[98.624023,3.617748],[98.629045,3.618731],[98.630903,3.624548],[98.632175,3.625257],[98.645953,3.62564]]],[[[98.610028,3.612895],[98.605593,3.612807],[98.605655,3.618637],[98.610392,3.618431],[98.610028,3.612895]]]]}},{"type":"Feature","properties":{"nmkec":"Lubuk Pakam","nmkab":"Deli Serdang","nmprov":"Sumatera Utara","kdkec":"300","kdkab":"12","kodekab":"1212","idkec":"1212300","index":342},"geometry":{"type":"Polygon","coordinates":[[[98.859221,3.573462],[98.86315,3.572948],[98.871661,3.57488],[98.883156,3.574507],[98.888334,3.57739],[98.893707,3.577304],[98.901422,3.574489],[98.907466,3.574808],[98.905701,3.570047],[98.905934,3.568429],[98.908754,3.569843],[98.912499,3.570133],[98.916664,3.559805],[98.907645,3.559013],[98.909287,3.535944],[98.888078,3.527607],[98.875966,3.520402],[98.870595,3.515031],[98.867513,3.513293],[98.862826,3.526255],[98.862779,3.540315],[98.853384,3.541031],[98.846472,3.540458],[98.846601,3.547536],[98.848112,3.550892],[98.847915,3.556929],[98.846694,3.560502],[98.852758,3.566671],[98.8527,3.573319],[98.854517,3.580749],[98.858216,3.577355],[98.859221,3.573462]]]}},{"type":"Feature","properties":{"nmkec":"Sirapit","nmkab":"Langkat","nmprov":"Sumatera Utara","kdkec":"011","kdkab":"13","kodekab":"1213","idkec":"1213011","index":343},"geometry":{"type":"Polygon","coordinates":[[[98.252617,3.619954],[98.255293,3.615319],[98.330293,3.614088],[98.346131,3.617291],[98.343813,3.611971],[98.339281,3.606902],[98.339124,3.605322],[98.34566,3.604095],[98.350623,3.606003],[98.353956,3.60566],[98.383153,3.591557],[98.383841,3.590206],[98.377075,3.587802],[98.376376,3.586472],[98.381126,3.583018],[98.380879,3.581207],[98.376834,3.577241],[98.373091,3.576814],[98.372388,3.57325],[98.36839,3.569998],[98.357079,3.570896],[98.356648,3.569246],[98.348403,3.568445],[98.348648,3.556364],[98.350517,3.552714],[98.34711,3.54812],[98.34286,3.546707],[98.341509,3.545263],[98.315102,3.547497],[98.315104,3.543886],[98.316331,3.543434],[98.316178,3.54172],[98.310764,3.542535],[98.30885,3.542193],[98.307285,3.54066],[98.30751,3.527909],[98.300741,3.528263],[98.295868,3.53141],[98.292184,3.536312],[98.28852,3.537707],[98.286779,3.539732],[98.28614,3.543472],[98.282085,3.546581],[98.281031,3.551292],[98.278684,3.553985],[98.275451,3.565994],[98.273882,3.56806],[98.26987,3.567853],[98.267113,3.563721],[98.261707,3.558613],[98.255442,3.560069],[98.249397,3.559643],[98.244287,3.55599],[98.240939,3.555416],[98.23404,3.557879],[98.23391,3.602758],[98.234805,3.614569],[98.243877,3.615819],[98.244981,3.62115],[98.252617,3.619954]]]}},{"type":"Feature","properties":{"nmkec":"Salapian","nmkab":"Langkat","nmprov":"Sumatera Utara","kdkec":"020","kdkab":"13","kodekab":"1213","idkec":"1213020","index":344},"geometry":{"type":"MultiPolygon","coordinates":[[[[98.31144,3.346571],[98.315989,3.352812],[98.317804,3.345769],[98.320392,3.344049],[98.31758,3.341893],[98.313306,3.341695],[98.311246,3.343922],[98.31144,3.346571]]],[[[98.315989,3.352812],[98.309686,3.358562],[98.308561,3.360826],[98.308611,3.370339],[98.300276,3.386335],[98.300761,3.391119],[98.302055,3.392659],[98.297125,3.401854],[98.29338,3.413289],[98.291029,3.41657],[98.286201,3.419706],[98.258016,3.418696],[98.25909,3.430995],[98.255091,3.430238],[98.25278,3.418647],[98.2475,3.417627],[98.243938,3.422821],[98.243564,3.426912],[98.245502,3.431549],[98.248972,3.454859],[98.248526,3.456015],[98.243164,3.454213],[98.243838,3.459807],[98.246933,3.469572],[98.244561,3.470446],[98.244848,3.473366],[98.247156,3.477397],[98.24883,3.476476],[98.252785,3.479241],[98.255708,3.48413],[98.256407,3.487548],[98.255437,3.495421],[98.261272,3.507664],[98.260804,3.519012],[98.274755,3.539095],[98.277261,3.548542],[98.281031,3.551292],[98.282085,3.546581],[98.28614,3.543472],[98.287221,3.539174],[98.292806,3.535828],[98.295868,3.53141],[98.300741,3.528263],[98.30751,3.527909],[98.307285,3.54066],[98.30885,3.542193],[98.310764,3.542535],[98.316178,3.54172],[98.316331,3.543434],[98.315104,3.543886],[98.315102,3.547497],[98.341509,3.545263],[98.339286,3.541569],[98.336783,3.532815],[98.334323,3.529861],[98.334746,3.527471],[98.337971,3.526244],[98.337699,3.522339],[98.33385,3.515774],[98.328386,3.509872],[98.327234,3.506034],[98.328999,3.503404],[98.33209,3.503705],[98.335092,3.506703],[98.337727,3.51232],[98.342009,3.511181],[98.341509,3.504907],[98.344048,3.500423],[98.342356,3.496254],[98.344846,3.493821],[98.345931,3.490726],[98.342289,3.484147],[98.346295,3.474441],[98.343804,3.467031],[98.340675,3.465646],[98.338936,3.466435],[98.336839,3.462123],[98.33881,3.459195],[98.341126,3.458339],[98.342409,3.450596],[98.348462,3.443611],[98.349729,3.440029],[98.350745,3.431157],[98.356248,3.422843],[98.355882,3.415141],[98.359508,3.411217],[98.364562,3.409102],[98.368026,3.405778],[98.367802,3.400546],[98.370081,3.377541],[98.372003,3.370569],[98.378252,3.362237],[98.379206,3.357657],[98.381538,3.354564],[98.384267,3.34749],[98.388222,3.329016],[98.381566,3.326274],[98.380051,3.323412],[98.381384,3.320635],[98.381019,3.318194],[98.378072,3.315415],[98.3785,3.319426],[98.377295,3.324794],[98.366765,3.327204],[98.360763,3.324495],[98.342259,3.305853],[98.331582,3.328242],[98.328554,3.336524],[98.320392,3.344049],[98.32674,3.347367],[98.326989,3.349466],[98.323858,3.354591],[98.316508,3.353784],[98.315989,3.352812]],[[98.333888,3.492573],[98.332872,3.496193],[98.330946,3.496508],[98.326902,3.494835],[98.326066,3.484873],[98.329653,3.482216],[98.331902,3.483451],[98.333888,3.492573]],[[98.25528,3.447127],[98.253126,3.441717],[98.256034,3.435059],[98.259932,3.437554],[98.261717,3.440313],[98.261961,3.443139],[98.261535,3.445913],[98.25528,3.447127]],[[98.284614,3.421591],[98.283936,3.420234],[98.284984,3.420389],[98.284614,3.421591]]],[[[98.386007,3.351453],[98.386532,3.348779],[98.385989,3.348685],[98.386007,3.351453]]]]}},{"type":"Feature","properties":{"nmkec":"Sei Bingai","nmkab":"Langkat","nmprov":"Sumatera Utara","kdkec":"030","kdkab":"13","kodekab":"1213","idkec":"1213030","index":345},"geometry":{"type":"Polygon","coordinates":[[[98.499947,3.565707],[98.50235,3.559514],[98.50949,3.556106],[98.510259,3.554188],[98.509519,3.549544],[98.51142,3.540657],[98.51097,3.531282],[98.513695,3.528319],[98.52507,3.521755],[98.52445,3.519991],[98.523107,3.519775],[98.520863,3.517071],[98.519039,3.509217],[98.514004,3.501988],[98.513835,3.495152],[98.507733,3.476903],[98.507723,3.473849],[98.510207,3.465021],[98.506007,3.461369],[98.504269,3.457604],[98.504471,3.452472],[98.506412,3.447412],[98.50217,3.438952],[98.504309,3.437514],[98.503341,3.430453],[98.500853,3.426264],[98.500814,3.419131],[98.502699,3.410624],[98.506219,3.402907],[98.506016,3.40114],[98.503696,3.396432],[98.497324,3.393757],[98.4962,3.390679],[98.499853,3.384882],[98.499461,3.379401],[98.502206,3.370489],[98.503745,3.359825],[98.506946,3.355592],[98.504133,3.341463],[98.504498,3.331436],[98.508844,3.321157],[98.509237,3.316574],[98.507965,3.313035],[98.508887,3.307582],[98.500219,3.298342],[98.495215,3.29513],[98.489435,3.293039],[98.487021,3.290836],[98.486717,3.288613],[98.479733,3.285943],[98.469932,3.276318],[98.47032,3.273599],[98.474895,3.270882],[98.473867,3.265314],[98.468543,3.263262],[98.459324,3.253762],[98.456562,3.253107],[98.45338,3.253762],[98.448882,3.248272],[98.446434,3.248594],[98.444244,3.247233],[98.43594,3.237646],[98.431915,3.235963],[98.429885,3.236477],[98.422566,3.244635],[98.41949,3.246498],[98.405342,3.247398],[98.399215,3.249603],[98.399986,3.252841],[98.399354,3.261665],[98.394487,3.262729],[98.381158,3.269158],[98.372207,3.26966],[98.363312,3.271646],[98.352127,3.284512],[98.346643,3.296583],[98.337072,3.304532],[98.342259,3.305853],[98.360763,3.324495],[98.366765,3.327204],[98.377295,3.324794],[98.3785,3.319426],[98.377137,3.310727],[98.381092,3.303301],[98.388444,3.31135],[98.391651,3.318038],[98.393874,3.34075],[98.39909,3.346575],[98.4004,3.349979],[98.404163,3.352577],[98.406311,3.359188],[98.403777,3.359049],[98.402506,3.360094],[98.401786,3.364046],[98.40568,3.373246],[98.406019,3.376099],[98.403096,3.384354],[98.4069,3.400008],[98.40579,3.415226],[98.402458,3.422752],[98.402257,3.43508],[98.407088,3.440524],[98.40814,3.447062],[98.407872,3.454513],[98.410444,3.460877],[98.417282,3.466189],[98.417618,3.472233],[98.415655,3.475429],[98.418954,3.47676],[98.432219,3.478784],[98.429996,3.484181],[98.429852,3.485724],[98.430725,3.486428],[98.432771,3.486802],[98.437798,3.484868],[98.441487,3.485121],[98.442652,3.487213],[98.449291,3.492378],[98.452475,3.497352],[98.45679,3.496698],[98.460638,3.498625],[98.457573,3.505964],[98.456792,3.511377],[98.459253,3.518022],[98.458725,3.520456],[98.457272,3.52481],[98.453419,3.526467],[98.45305,3.529492],[98.471865,3.52887],[98.47186,3.527789],[98.477861,3.528261],[98.477298,3.538163],[98.475045,3.545141],[98.474825,3.553379],[98.475694,3.556433],[98.494031,3.55505],[98.497732,3.559041],[98.497605,3.564748],[98.499947,3.565707]]]}},{"type":"Feature","properties":{"nmkec":"Padang Tualang","nmkab":"Langkat","nmprov":"Sumatera Utara","kdkec":"110","kdkab":"13","kodekab":"1213","idkec":"1213110","index":346},"geometry":{"type":"MultiPolygon","coordinates":[[[[98.401388,3.909971],[98.399725,3.899871],[98.401747,3.896768],[98.407262,3.894338],[98.411643,3.894763],[98.415099,3.89866],[98.420144,3.896222],[98.421121,3.893497],[98.416294,3.88864],[98.411211,3.885508],[98.409087,3.875453],[98.408934,3.868798],[98.394131,3.858043],[98.39163,3.857358],[98.390722,3.858625],[98.388601,3.858564],[98.386553,3.852034],[98.38075,3.844602],[98.379452,3.841541],[98.378461,3.834265],[98.378952,3.830874],[98.380815,3.829375],[98.381296,3.82689],[98.378915,3.822402],[98.379496,3.816219],[98.382689,3.811615],[98.381706,3.809206],[98.379773,3.808872],[98.37943,3.806649],[98.382635,3.803901],[98.372732,3.799594],[98.364505,3.791673],[98.362375,3.787672],[98.364638,3.78058],[98.364166,3.778529],[98.359019,3.771666],[98.350123,3.771277],[98.345615,3.766995],[98.343069,3.769101],[98.337736,3.767895],[98.331652,3.758682],[98.326716,3.753954],[98.312056,3.743634],[98.309844,3.74169],[98.308432,3.738054],[98.295049,3.727667],[98.295304,3.723604],[98.301387,3.723084],[98.304767,3.724305],[98.308414,3.727122],[98.313314,3.727872],[98.314278,3.726306],[98.312937,3.723744],[98.306853,3.717989],[98.312753,3.713207],[98.304279,3.70454],[98.29387,3.691713],[98.284494,3.683897],[98.282364,3.680929],[98.280229,3.67465],[98.275284,3.673685],[98.272857,3.676208],[98.267288,3.6728],[98.264851,3.668015],[98.257439,3.667644],[98.254673,3.66567],[98.255611,3.664554],[98.255205,3.663369],[98.248856,3.660264],[98.247185,3.654445],[98.244547,3.652051],[98.243542,3.64913],[98.243776,3.648053],[98.244565,3.64896],[98.247435,3.646267],[98.242755,3.644657],[98.231841,3.655415],[98.223212,3.667819],[98.220336,3.677937],[98.220331,3.684486],[98.225575,3.683706],[98.225242,3.689499],[98.223993,3.691514],[98.248449,3.70405],[98.253085,3.708587],[98.250468,3.709607],[98.250723,3.711612],[98.25631,3.716983],[98.265189,3.731923],[98.257819,3.732606],[98.254375,3.730301],[98.251686,3.726601],[98.251857,3.724154],[98.250192,3.725534],[98.248659,3.729149],[98.247452,3.734995],[98.248098,3.739022],[98.251084,3.738198],[98.257578,3.74468],[98.26235,3.745419],[98.26352,3.746597],[98.263306,3.750714],[98.257967,3.754978],[98.259687,3.756223],[98.261097,3.755075],[98.264219,3.757589],[98.266547,3.763197],[98.28002,3.779397],[98.280555,3.784284],[98.281794,3.785295],[98.279547,3.788701],[98.279869,3.789756],[98.287349,3.795648],[98.290751,3.801136],[98.297288,3.804503],[98.295581,3.806011],[98.296154,3.807573],[98.301993,3.812263],[98.305316,3.812856],[98.306405,3.814457],[98.304996,3.819196],[98.30765,3.822088],[98.312775,3.826673],[98.31718,3.827105],[98.319413,3.831971],[98.325377,3.834805],[98.325335,3.836413],[98.32428,3.837051],[98.318538,3.835682],[98.319954,3.840062],[98.325889,3.842428],[98.328001,3.84239],[98.329555,3.840281],[98.330583,3.840275],[98.331065,3.852867],[98.340605,3.85353],[98.338876,3.856358],[98.33748,3.862703],[98.346086,3.862293],[98.352401,3.867638],[98.353452,3.872338],[98.350713,3.871531],[98.345594,3.864598],[98.342139,3.864297],[98.336788,3.867795],[98.333353,3.86797],[98.326532,3.860319],[98.323984,3.860735],[98.314748,3.857685],[98.307091,3.864223],[98.308362,3.871732],[98.307883,3.873024],[98.304255,3.874949],[98.30426,3.876476],[98.307365,3.877089],[98.309558,3.876165],[98.310771,3.877111],[98.31985,3.886747],[98.32326,3.887312],[98.325229,3.894049],[98.328629,3.894613],[98.332514,3.898789],[98.340292,3.898758],[98.3484,3.902718],[98.354218,3.904357],[98.365929,3.904953],[98.372994,3.903498],[98.373608,3.907701],[98.396407,3.905527],[98.401388,3.909971]]],[[[98.266546,3.868642],[98.272168,3.865568],[98.272753,3.858804],[98.273738,3.857225],[98.280379,3.860814],[98.295168,3.86025],[98.296186,3.857501],[98.299136,3.856738],[98.301412,3.854835],[98.302794,3.85096],[98.302234,3.849195],[98.296538,3.839925],[98.292286,3.835083],[98.290599,3.836601],[98.289233,3.839864],[98.28744,3.840041],[98.28294,3.838214],[98.282525,3.834736],[98.276025,3.842012],[98.274454,3.846044],[98.266913,3.854048],[98.265394,3.853978],[98.262341,3.860497],[98.261783,3.865773],[98.266546,3.868642]]],[[[98.321628,3.895636],[98.317918,3.894768],[98.317041,3.89768],[98.314039,3.901026],[98.316114,3.901506],[98.319366,3.899882],[98.321628,3.895636]]]]}},{"type":"Feature","properties":{"nmkec":"Babalan","nmkab":"Langkat","nmprov":"Sumatera Utara","kdkec":"160","kdkab":"13","kodekab":"1213","idkec":"1213160","index":347},"geometry":{"type":"MultiPolygon","coordinates":[[[[98.29429,3.985466],[98.293579,3.985198],[98.295149,3.986015],[98.29429,3.985466]]],[[[98.286683,3.988612],[98.28573,3.999162],[98.285093,3.997316],[98.282137,3.999224],[98.282324,4.012624],[98.284712,4.017192],[98.28255,4.024204],[98.282568,4.027258],[98.286882,4.02896],[98.288382,4.024534],[98.295275,4.018355],[98.297479,4.022042],[98.300165,4.018785],[98.303937,4.024072],[98.302502,4.02453],[98.304801,4.032541],[98.298777,4.038277],[98.305312,4.040746],[98.308964,4.04394],[98.312458,4.072093],[98.314635,4.07079],[98.324219,4.072695],[98.339537,4.073313],[98.351733,4.077451],[98.369484,4.072175],[98.384216,4.07403],[98.388006,4.076121],[98.39062,4.075729],[98.401795,4.070795],[98.405118,4.068182],[98.418515,4.054199],[98.425474,4.049061],[98.429051,4.047826],[98.430937,4.045354],[98.430937,4.042753],[98.432735,4.042171],[98.431194,4.036689],[98.420746,4.035851],[98.405436,4.036588],[98.405385,4.039747],[98.409525,4.045514],[98.408991,4.047473],[98.405619,4.048657],[98.397342,4.046761],[98.390779,4.048457],[98.38438,4.047743],[98.375388,4.042973],[98.376216,4.039898],[98.353782,4.023083],[98.354914,4.011239],[98.343188,4.015145],[98.342281,3.999057],[98.337168,3.999906],[98.333732,3.986341],[98.332509,3.984796],[98.330222,3.984208],[98.326376,3.986337],[98.323579,3.982332],[98.32336,3.979032],[98.329133,3.971607],[98.324473,3.960708],[98.323175,3.953076],[98.323252,3.947155],[98.316322,3.944877],[98.312927,3.945088],[98.308189,3.940695],[98.306403,3.937366],[98.304544,3.936721],[98.302616,3.941463],[98.297291,3.94632],[98.293762,3.944989],[98.292855,3.948413],[98.293623,3.952031],[98.296732,3.953752],[98.299959,3.958357],[98.296546,3.96096],[98.2932,3.966719],[98.295966,3.982251],[98.301061,3.980535],[98.302317,3.981231],[98.303641,3.982541],[98.302778,3.985594],[98.303685,3.988656],[98.300707,3.990796],[98.294727,3.990264],[98.293341,3.987505],[98.293579,3.985198],[98.290306,3.980812],[98.286683,3.988612]],[[98.297627,4.004814],[98.298163,4.003901],[98.300348,4.005516],[98.298945,4.006745],[98.297627,4.004814]],[[98.288931,4.017644],[98.288388,4.018207],[98.286958,4.016289],[98.28719,4.016052],[98.288931,4.017644]]]]}},{"type":"Feature","properties":{"nmkec":"Sei Lepan","nmkab":"Langkat","nmprov":"Sumatera Utara","kdkec":"170","kdkab":"13","kodekab":"1213","idkec":"1213170","index":348},"geometry":{"type":"MultiPolygon","coordinates":[[[[98.121457,3.769321],[98.115857,3.77486],[98.109213,3.778216],[98.113349,3.785247],[98.127526,3.788592],[98.13212,3.780525],[98.132905,3.770468],[98.127268,3.758738],[98.125237,3.7597],[98.121457,3.769321]]],[[[98.165577,3.840085],[98.171814,3.830613],[98.157326,3.823683],[98.153216,3.824138],[98.14984,3.830307],[98.148592,3.831565],[98.14604,3.831784],[98.145248,3.83295],[98.148455,3.833023],[98.149776,3.836285],[98.149539,3.839811],[98.152546,3.844267],[98.162488,3.844459],[98.165303,3.842463],[98.165577,3.840085]]],[[[98.294727,3.990264],[98.300707,3.990796],[98.303685,3.988656],[98.302778,3.985594],[98.303641,3.982541],[98.301061,3.980535],[98.295966,3.982251],[98.2932,3.966719],[98.296546,3.96096],[98.299959,3.958357],[98.296732,3.953752],[98.293623,3.952031],[98.292855,3.948413],[98.293762,3.944989],[98.297291,3.94632],[98.302616,3.941463],[98.306753,3.930517],[98.31219,3.927767],[98.312638,3.919765],[98.314618,3.917865],[98.318325,3.917365],[98.321179,3.911687],[98.325229,3.894049],[98.32326,3.887312],[98.31985,3.886747],[98.309558,3.876165],[98.307365,3.877089],[98.30426,3.876476],[98.304255,3.874949],[98.307883,3.873024],[98.308362,3.871732],[98.307091,3.864223],[98.30452,3.86414],[98.301908,3.866111],[98.295168,3.86025],[98.280379,3.860814],[98.273738,3.857225],[98.272753,3.858804],[98.272168,3.865568],[98.266546,3.868642],[98.261783,3.865773],[98.262071,3.897393],[98.255079,3.907292],[98.250316,3.909632],[98.244985,3.910901],[98.246112,3.912894],[98.245502,3.914232],[98.244248,3.914453],[98.240516,3.910077],[98.239334,3.911955],[98.232078,3.913533],[98.226786,3.908693],[98.229311,3.900479],[98.224757,3.892895],[98.224393,3.887104],[98.222074,3.882527],[98.212573,3.873441],[98.210926,3.868363],[98.208478,3.866205],[98.205062,3.863654],[98.194516,3.862047],[98.188138,3.854445],[98.174843,3.862013],[98.178476,3.865741],[98.174594,3.867676],[98.169577,3.872167],[98.168884,3.903736],[98.176843,3.907593],[98.178269,3.905224],[98.185107,3.910056],[98.18688,3.912369],[98.182486,3.916223],[98.186875,3.926038],[98.186117,3.939225],[98.183706,3.948026],[98.189384,3.948809],[98.198545,3.947716],[98.205777,3.945341],[98.211006,3.946137],[98.214937,3.948837],[98.223456,3.961185],[98.226525,3.968788],[98.227413,3.973949],[98.229259,3.974768],[98.234352,3.973942],[98.23815,3.972382],[98.238416,3.971442],[98.240852,3.971887],[98.244203,3.97856],[98.247597,3.97955],[98.249806,3.99461],[98.253126,3.999724],[98.252159,4.001596],[98.248874,4.002856],[98.246141,4.006805],[98.246596,4.008488],[98.251926,4.011319],[98.266662,4.016641],[98.26985,4.019746],[98.269752,4.022082],[98.266109,4.02454],[98.263121,4.028768],[98.262338,4.030533],[98.263439,4.031871],[98.265082,4.0322],[98.269558,4.030105],[98.282568,4.027258],[98.28255,4.024204],[98.284712,4.017192],[98.282324,4.012624],[98.282137,3.999224],[98.285093,3.997316],[98.28573,3.999162],[98.286683,3.988612],[98.290306,3.980812],[98.293579,3.985198],[98.293341,3.987505],[98.294727,3.990264]],[[98.29429,3.985466],[98.295149,3.986015],[98.293579,3.985198],[98.29429,3.985466]],[[98.317918,3.894768],[98.321628,3.895636],[98.319366,3.899882],[98.316114,3.901506],[98.314039,3.901026],[98.317041,3.89768],[98.317918,3.894768]]],[[[98.298945,4.006745],[98.300348,4.005516],[98.298163,4.003901],[98.297627,4.004814],[98.298945,4.006745]]],[[[98.28719,4.016052],[98.286903,4.016585],[98.288659,4.018355],[98.288931,4.017644],[98.28719,4.016052]]],[[[98.302767,4.024439],[98.303937,4.024072],[98.300165,4.018785],[98.297479,4.022042],[98.295275,4.018355],[98.288382,4.024534],[98.286882,4.02896],[98.290445,4.033859],[98.294416,4.036808],[98.298777,4.038277],[98.304801,4.032541],[98.302767,4.024439]]]]}},{"type":"Feature","properties":{"nmkec":"Brandan Barat","nmkab":"Langkat","nmprov":"Sumatera Utara","kdkec":"180","kdkab":"13","kodekab":"1213","idkec":"1213180","index":349},"geometry":{"type":"Polygon","coordinates":[[[98.306973,4.087514],[98.309807,4.074129],[98.312458,4.072093],[98.309642,4.04604],[98.308327,4.042883],[98.305312,4.040746],[98.294416,4.036808],[98.290445,4.033859],[98.286882,4.02896],[98.282568,4.027258],[98.269558,4.030105],[98.265082,4.0322],[98.263439,4.031871],[98.262338,4.030533],[98.263121,4.028768],[98.266109,4.02454],[98.269752,4.022082],[98.26985,4.019746],[98.266662,4.016641],[98.251926,4.011319],[98.246596,4.008488],[98.246141,4.006805],[98.248874,4.002856],[98.252159,4.001596],[98.253126,3.999724],[98.249806,3.99461],[98.247597,3.97955],[98.244203,3.97856],[98.240852,3.971887],[98.238416,3.971442],[98.23815,3.972382],[98.234352,3.973942],[98.229259,3.974768],[98.227413,3.973949],[98.226525,3.968788],[98.223456,3.961185],[98.214937,3.948837],[98.211006,3.946137],[98.205777,3.945341],[98.198545,3.947716],[98.189384,3.948809],[98.183706,3.948026],[98.178843,3.955209],[98.18701,3.967127],[98.188593,3.971895],[98.18808,3.976469],[98.184536,3.977574],[98.181639,3.979819],[98.202739,3.987309],[98.204272,3.990281],[98.203667,3.992811],[98.202611,3.994944],[98.200518,3.994858],[98.200759,3.999393],[98.202779,3.999482],[98.204076,4.00324],[98.202145,4.007759],[98.201908,4.011864],[98.208074,4.019161],[98.213246,4.016184],[98.216242,4.012307],[98.222315,4.012147],[98.222838,4.016941],[98.220106,4.017683],[98.220485,4.022754],[98.218576,4.030403],[98.227109,4.045682],[98.223588,4.051228],[98.223241,4.056361],[98.219381,4.057303],[98.224871,4.063853],[98.22862,4.067278],[98.234227,4.070298],[98.2423,4.06298],[98.248333,4.06431],[98.250713,4.070594],[98.256932,4.079902],[98.277395,4.08799],[98.291861,4.08538],[98.295957,4.087521],[98.298578,4.090894],[98.303914,4.09322],[98.306973,4.087514]]]}},{"type":"Feature","properties":{"nmkec":"Besitang","nmkab":"Langkat","nmprov":"Sumatera Utara","kdkec":"190","kdkab":"13","kodekab":"1213","idkec":"1213190","index":350},"geometry":{"type":"Polygon","coordinates":[[[98.078357,4.190809],[98.08283,4.188297],[98.085814,4.188995],[98.0921,4.18685],[98.098596,4.187768],[98.09511,4.182528],[98.094834,4.179248],[98.097642,4.176396],[98.097766,4.166716],[98.099344,4.160476],[98.102159,4.160592],[98.099446,4.156464],[98.099298,4.14908],[98.096448,4.143342],[98.096945,4.139453],[98.102827,4.131515],[98.106633,4.135017],[98.117253,4.137229],[98.116616,4.132795],[98.117274,4.130831],[98.121197,4.124083],[98.13602,4.105201],[98.137804,4.095464],[98.139061,4.093471],[98.142809,4.090623],[98.153664,4.086182],[98.169294,4.07316],[98.182702,4.06543],[98.182423,4.064313],[98.178734,4.06184],[98.178987,4.058769],[98.183829,4.059427],[98.198616,4.058357],[98.202525,4.059838],[98.215319,4.053719],[98.219381,4.057303],[98.223241,4.056361],[98.223588,4.051228],[98.227109,4.045682],[98.218576,4.030403],[98.220485,4.022754],[98.220106,4.017683],[98.222838,4.016941],[98.222315,4.012147],[98.216242,4.012307],[98.213246,4.016184],[98.208074,4.019161],[98.201908,4.011864],[98.202145,4.007759],[98.204076,4.00324],[98.202779,3.999482],[98.200759,3.999393],[98.200518,3.994858],[98.202611,3.994944],[98.203667,3.992811],[98.204272,3.990281],[98.202739,3.987309],[98.181639,3.979819],[98.184536,3.977574],[98.18808,3.976469],[98.188593,3.971895],[98.18701,3.967127],[98.178843,3.955209],[98.183706,3.948026],[98.186117,3.939225],[98.186875,3.926038],[98.182486,3.916223],[98.18688,3.912369],[98.185107,3.910056],[98.178269,3.905224],[98.176843,3.907593],[98.168884,3.903736],[98.169577,3.872167],[98.174594,3.867676],[98.178476,3.865741],[98.176874,3.863324],[98.175763,3.863577],[98.1745,3.862403],[98.173336,3.85921],[98.174506,3.856491],[98.172288,3.848401],[98.172741,3.845848],[98.165303,3.842463],[98.162488,3.844459],[98.152546,3.844267],[98.149403,3.838681],[98.145474,3.836145],[98.137332,3.836052],[98.130519,3.838561],[98.130965,3.835252],[98.131356,3.835922],[98.133233,3.834025],[98.131597,3.830642],[98.125983,3.82843],[98.123602,3.824986],[98.121222,3.827068],[98.11888,3.826511],[98.118434,3.818852],[98.115571,3.817699],[98.116463,3.814242],[98.115906,3.810858],[98.112578,3.805858],[98.109037,3.802958],[98.108479,3.794741],[98.106137,3.793775],[98.100114,3.796489],[98.097623,3.79515],[98.098924,3.786934],[98.097623,3.781506],[98.101936,3.780539],[98.104984,3.773921],[98.101617,3.77197],[98.096325,3.772021],[98.086386,3.774409],[98.074643,3.773977],[98.063907,3.774901],[98.042717,3.770821],[98.005967,3.775394],[97.993271,3.773751],[97.989223,3.768861],[97.981646,3.779979],[97.97813,3.782418],[97.969481,3.785393],[97.938903,3.788025],[97.916861,3.79995],[97.900066,3.81597],[97.901613,3.817757],[97.90866,3.817982],[97.909665,3.824431],[97.922435,3.845349],[97.921911,3.846869],[97.918151,3.847913],[97.915587,3.851843],[97.914895,3.862436],[97.909822,3.869352],[97.909588,3.87884],[97.902543,3.885704],[97.900422,3.910612],[97.913417,3.913996],[97.915461,3.913461],[97.929376,3.902367],[97.933804,3.895652],[97.935361,3.895166],[97.937648,3.896771],[97.943146,3.897161],[97.944898,3.896382],[97.949512,3.889751],[97.951977,3.889688],[97.957281,3.902011],[97.955242,3.91596],[97.955292,3.92433],[97.957606,3.928921],[97.961772,3.932687],[97.980088,3.941232],[97.989982,3.941801],[97.995226,3.945089],[98.001149,3.955692],[98.00389,3.963877],[98.009534,3.964115],[98.01454,3.96265],[98.015971,3.963728],[98.016054,3.966317],[98.018945,3.967982],[98.023861,3.968562],[98.023447,3.972857],[98.024449,3.976575],[98.028594,3.979292],[98.031379,3.985926],[98.029307,3.991926],[98.030973,4.002006],[98.025814,4.013776],[98.025964,4.016155],[98.027542,4.01956],[98.032274,4.022428],[98.040352,4.021201],[98.044422,4.022115],[98.046198,4.024066],[98.048112,4.032299],[98.046615,4.034545],[98.040947,4.035929],[98.039879,4.038716],[98.042334,4.044823],[98.041202,4.048857],[98.04164,4.051669],[98.044141,4.057036],[98.044926,4.076901],[98.048126,4.085327],[98.04668,4.085818],[98.046676,4.088762],[98.047282,4.090143],[98.05009,4.091656],[98.049628,4.095066],[98.047681,4.09733],[98.054601,4.106689],[98.053287,4.11299],[98.053409,4.117637],[98.056563,4.134323],[98.061517,4.137436],[98.066501,4.139166],[98.074057,4.144191],[98.075687,4.146478],[98.071649,4.152244],[98.071625,4.155309],[98.072695,4.157377],[98.072281,4.160588],[98.061107,4.185716],[98.062695,4.186656],[98.067917,4.186921],[98.074748,4.190609],[98.078357,4.190809]]]}},{"type":"Feature","properties":{"nmkec":"Pangkalan Susu","nmkab":"Langkat","nmprov":"Sumatera Utara","kdkec":"200","kdkab":"13","kodekab":"1213","idkec":"1213200","index":351},"geometry":{"type":"MultiPolygon","coordinates":[[[[98.254011,4.20089],[98.245882,4.187182],[98.238359,4.189964],[98.235114,4.186486],[98.222672,4.181843],[98.215002,4.181793],[98.208252,4.180378],[98.202358,4.175201],[98.195863,4.172658],[98.190602,4.17227],[98.187671,4.173227],[98.184739,4.17209],[98.183603,4.167035],[98.169103,4.161661],[98.170568,4.157836],[98.159007,4.15383],[98.174448,4.148254],[98.178322,4.145667],[98.172738,4.130137],[98.174845,4.12278],[98.173046,4.111339],[98.167633,4.097775],[98.164442,4.09367],[98.161659,4.082628],[98.164493,4.082772],[98.167775,4.086745],[98.174442,4.098939],[98.183588,4.10963],[98.191473,4.11226],[98.196099,4.111722],[98.196548,4.110306],[98.196423,4.108884],[98.192795,4.105401],[98.190654,4.103558],[98.185507,4.101862],[98.183321,4.099888],[98.183717,4.099262],[98.202034,4.109766],[98.204925,4.114824],[98.205084,4.117356],[98.210815,4.123445],[98.216274,4.125158],[98.220059,4.127631],[98.227365,4.12866],[98.235671,4.131412],[98.254502,4.130106],[98.25926,4.128493],[98.264785,4.123619],[98.275427,4.120156],[98.281069,4.113866],[98.291174,4.110177],[98.297819,4.10576],[98.303632,4.095488],[98.303914,4.09322],[98.298578,4.090894],[98.295957,4.087521],[98.291861,4.08538],[98.277395,4.08799],[98.260656,4.080865],[98.259022,4.08134],[98.253856,4.075759],[98.248333,4.06431],[98.2423,4.06298],[98.234227,4.070298],[98.22862,4.067278],[98.21789,4.055264],[98.215319,4.053719],[98.202525,4.059838],[98.198616,4.058357],[98.183829,4.059427],[98.178987,4.058769],[98.178734,4.06184],[98.182423,4.064313],[98.182702,4.06543],[98.169294,4.07316],[98.153664,4.086182],[98.142809,4.090623],[98.139061,4.093471],[98.137804,4.095464],[98.13602,4.105201],[98.121197,4.124083],[98.117274,4.130831],[98.116616,4.132795],[98.117253,4.137229],[98.106633,4.135017],[98.102827,4.131515],[98.096945,4.139453],[98.096448,4.143342],[98.099298,4.14908],[98.099446,4.156464],[98.102159,4.160592],[98.112484,4.166599],[98.12511,4.177803],[98.14692,4.188402],[98.148908,4.187085],[98.17384,4.204485],[98.177724,4.204321],[98.183036,4.201384],[98.188346,4.196171],[98.199011,4.206229],[98.20214,4.206695],[98.202993,4.204988],[98.201998,4.202855],[98.203568,4.199642],[98.210587,4.200369],[98.21358,4.202592],[98.207198,4.218134],[98.206691,4.221658],[98.207586,4.223437],[98.211877,4.224303],[98.213527,4.225942],[98.210427,4.236417],[98.208157,4.239205],[98.207389,4.242143],[98.207945,4.247607],[98.210458,4.252419],[98.221525,4.263222],[98.243645,4.268719],[98.249057,4.254556],[98.248905,4.245896],[98.24665,4.238357],[98.247266,4.223018],[98.250766,4.206596],[98.251911,4.204488],[98.25435,4.20317],[98.254011,4.20089]]],[[[98.262475,4.175982],[98.265759,4.174648],[98.269533,4.175166],[98.273225,4.170933],[98.274818,4.166748],[98.274675,4.161581],[98.272761,4.153585],[98.270758,4.150661],[98.272171,4.142403],[98.270764,4.140654],[98.262536,4.13901],[98.260279,4.137],[98.259462,4.133506],[98.253717,4.132987],[98.24742,4.136699],[98.244698,4.140981],[98.235348,4.143492],[98.232615,4.146982],[98.237183,4.159083],[98.241467,4.163906],[98.244091,4.169049],[98.243582,4.171979],[98.244927,4.175201],[98.251971,4.173956],[98.255894,4.176164],[98.262475,4.175982]]],[[[98.203142,4.12991],[98.205604,4.126301],[98.204169,4.11927],[98.203002,4.118882],[98.199562,4.120278],[98.196366,4.11584],[98.184072,4.114115],[98.184506,4.117735],[98.18625,4.121035],[98.193608,4.129202],[98.196847,4.13053],[98.203142,4.12991]]],[[[98.177953,4.128066],[98.175576,4.130242],[98.175439,4.133917],[98.179444,4.141607],[98.182245,4.14307],[98.184435,4.143017],[98.18569,4.138334],[98.180627,4.133213],[98.177953,4.128066]]],[[[98.202532,4.137584],[98.205051,4.13695],[98.20342,4.131616],[98.199496,4.130541],[98.196053,4.131321],[98.198047,4.134136],[98.202532,4.137584]]],[[[98.18597,4.135756],[98.185063,4.133286],[98.181562,4.130147],[98.180801,4.132422],[98.183735,4.135621],[98.18597,4.135756]]],[[[98.19133,4.131761],[98.192173,4.132436],[98.19075,4.129591],[98.18807,4.128619],[98.18957,4.132002],[98.192366,4.134958],[98.19133,4.131761]]],[[[98.199915,4.113681],[98.197962,4.114421],[98.199826,4.118672],[98.201354,4.116574],[98.199915,4.113681]]],[[[98.204099,4.140729],[98.202414,4.138161],[98.200891,4.137774],[98.202742,4.140584],[98.204099,4.140729]]],[[[98.18024,4.127067],[98.178972,4.126231],[98.180313,4.130053],[98.180631,4.128917],[98.18024,4.127067]]],[[[98.205761,4.131215],[98.204228,4.131445],[98.205614,4.133335],[98.206054,4.132373],[98.205761,4.131215]]],[[[98.18817,4.126264],[98.187416,4.126633],[98.189269,4.127764],[98.18817,4.126264]]],[[[98.178481,4.126919],[98.178163,4.126242],[98.177915,4.126873],[98.178481,4.126919]]]]}},{"type":"Feature","properties":{"nmkec":"Pematang Jaya","nmkab":"Langkat","nmprov":"Sumatera Utara","kdkec":"201","kdkab":"13","kodekab":"1213","idkec":"1213201","index":352},"geometry":{"type":"Polygon","coordinates":[[[98.205801,4.297721],[98.209417,4.298814],[98.212431,4.298454],[98.210868,4.294337],[98.213768,4.28841],[98.21618,4.287686],[98.219915,4.289989],[98.223774,4.288662],[98.229799,4.292299],[98.230765,4.290726],[98.229685,4.285521],[98.23065,4.284554],[98.236921,4.283471],[98.23897,4.283957],[98.239326,4.289646],[98.240771,4.291463],[98.243301,4.293644],[98.247038,4.294253],[98.250598,4.291055],[98.252788,4.281842],[98.251434,4.279377],[98.246506,4.275525],[98.242474,4.268946],[98.221525,4.263222],[98.209309,4.250954],[98.207945,4.247607],[98.207389,4.242143],[98.208157,4.239205],[98.210427,4.236417],[98.213527,4.225942],[98.211877,4.224303],[98.207586,4.223437],[98.206691,4.221658],[98.207198,4.218134],[98.21358,4.202592],[98.210587,4.200369],[98.203568,4.199642],[98.201998,4.202855],[98.202993,4.204988],[98.20214,4.206695],[98.199011,4.206229],[98.188346,4.196171],[98.183036,4.201384],[98.177724,4.204321],[98.17384,4.204485],[98.148908,4.187085],[98.14692,4.188402],[98.12511,4.177803],[98.112484,4.166599],[98.102159,4.160592],[98.099344,4.160476],[98.097766,4.166716],[98.097642,4.176396],[98.094834,4.179248],[98.09511,4.182528],[98.098596,4.187768],[98.0921,4.18685],[98.085814,4.188995],[98.092125,4.192512],[98.089026,4.197615],[98.089208,4.202141],[98.094463,4.209014],[98.091629,4.213381],[98.08948,4.22731],[98.088193,4.229503],[98.074447,4.234349],[98.071554,4.237072],[98.069155,4.244737],[98.071839,4.256175],[98.081727,4.25761],[98.08396,4.259442],[98.086209,4.259745],[98.092875,4.258407],[98.095844,4.255001],[98.102218,4.251376],[98.106499,4.25123],[98.111243,4.252422],[98.112654,4.250768],[98.120999,4.251279],[98.12134,4.254052],[98.123967,4.25539],[98.134604,4.258483],[98.141944,4.259285],[98.147608,4.262196],[98.150309,4.270127],[98.146221,4.278402],[98.147823,4.282131],[98.147635,4.285603],[98.152083,4.287086],[98.162169,4.285813],[98.167497,4.289845],[98.174816,4.289587],[98.181072,4.287928],[98.189299,4.288632],[98.190606,4.293418],[98.194487,4.295365],[98.197605,4.294807],[98.198926,4.300013],[98.201217,4.300137],[98.205801,4.297721]]]}},{"type":"Feature","properties":{"nmkec":"Fanayama","nmkab":"Nias Selatan","nmprov":"Sumatera Utara","kdkec":"031","kdkab":"14","kodekab":"1214","idkec":"1214031","index":353},"geometry":{"type":"Polygon","coordinates":[[[97.791336,0.678568],[97.799735,0.678011],[97.807598,0.667194],[97.809846,0.662662],[97.803624,0.650736],[97.803274,0.635048],[97.799006,0.62479],[97.807149,0.617567],[97.808976,0.612016],[97.806703,0.603658],[97.804487,0.603033],[97.804265,0.601703],[97.80124,0.59919],[97.796073,0.598007],[97.78623,0.59884],[97.78409,0.59425],[97.793121,0.579003],[97.789852,0.573182],[97.786613,0.570721],[97.785502,0.576601],[97.782578,0.579104],[97.779179,0.580321],[97.775496,0.578198],[97.771507,0.568136],[97.771853,0.565663],[97.762081,0.567223],[97.759212,0.568816],[97.76087,0.570393],[97.764972,0.57979],[97.75882,0.592421],[97.75438,0.596842],[97.751856,0.596621],[97.750114,0.597957],[97.74349,0.604772],[97.745771,0.609322],[97.748814,0.612672],[97.749858,0.617188],[97.756705,0.620134],[97.760515,0.623803],[97.754893,0.638929],[97.756798,0.642939],[97.762088,0.644996],[97.765376,0.647615],[97.771678,0.662425],[97.784178,0.670725],[97.791336,0.678568]]]}},{"type":"Feature","properties":{"nmkec":"Ulususua","nmkab":"Nias Selatan","nmprov":"Sumatera Utara","kdkec":"042","kdkab":"14","kodekab":"1214","idkec":"1214042","index":354},"geometry":{"type":"Polygon","coordinates":[[[97.717122,0.852325],[97.716548,0.840902],[97.719266,0.838532],[97.744632,0.833403],[97.746133,0.830154],[97.747727,0.821563],[97.746896,0.817862],[97.744651,0.815392],[97.745617,0.809423],[97.742416,0.809198],[97.741636,0.802219],[97.739142,0.7989],[97.732897,0.796783],[97.731386,0.795341],[97.732479,0.793434],[97.736054,0.790897],[97.735224,0.788616],[97.733046,0.787994],[97.730782,0.790272],[97.727236,0.791552],[97.719793,0.791786],[97.716395,0.790765],[97.709633,0.786023],[97.710575,0.784601],[97.721049,0.780626],[97.721506,0.77788],[97.715645,0.769044],[97.707529,0.773388],[97.700966,0.780957],[97.690081,0.787688],[97.684555,0.795165],[97.68063,0.791055],[97.67345,0.791427],[97.664767,0.789881],[97.661897,0.786371],[97.658443,0.796075],[97.659125,0.798941],[97.660729,0.801857],[97.667182,0.805508],[97.671648,0.812466],[97.67066,0.821184],[97.661887,0.822091],[97.664329,0.837588],[97.66625,0.839983],[97.668121,0.841333],[97.674972,0.841755],[97.678313,0.844103],[97.684243,0.846235],[97.693844,0.852262],[97.697038,0.862159],[97.710728,0.867149],[97.711514,0.86731],[97.715513,0.861496],[97.717122,0.852325]]]}},{"type":"Feature","properties":{"nmkec":"Lahusa","nmkab":"Nias Selatan","nmprov":"Sumatera Utara","kdkec":"050","kdkab":"14","kodekab":"1214","idkec":"1214050","index":355},"geometry":{"type":"Polygon","coordinates":[[[97.816087,0.791918],[97.827033,0.788862],[97.829999,0.790446],[97.843382,0.779764],[97.84746,0.774079],[97.856211,0.778652],[97.873533,0.772382],[97.877731,0.772047],[97.881379,0.779875],[97.89478,0.774162],[97.890351,0.764462],[97.890352,0.761902],[97.893138,0.757615],[97.887767,0.746506],[97.886978,0.742752],[97.888407,0.739061],[97.892866,0.738576],[97.894198,0.736617],[97.893881,0.732504],[97.891268,0.726887],[97.893623,0.719868],[97.877167,0.718492],[97.860162,0.724543],[97.847098,0.721537],[97.847703,0.719712],[97.849825,0.719435],[97.850244,0.716886],[97.847653,0.713041],[97.841648,0.712796],[97.835982,0.709822],[97.830539,0.708927],[97.827687,0.711261],[97.821668,0.702696],[97.80575,0.698388],[97.799738,0.698932],[97.800774,0.706775],[97.797669,0.712317],[97.794844,0.721925],[97.794743,0.725408],[97.800971,0.733785],[97.802817,0.743034],[97.805225,0.747454],[97.809722,0.751909],[97.810156,0.757849],[97.815432,0.764736],[97.822617,0.77032],[97.818733,0.776571],[97.818611,0.783498],[97.814125,0.784767],[97.816087,0.791918]]]}},{"type":"Feature","properties":{"nmkec":"Siduaori","nmkab":"Nias Selatan","nmprov":"Sumatera Utara","kdkec":"051","kdkab":"14","kodekab":"1214","idkec":"1214051","index":356},"geometry":{"type":"Polygon","coordinates":[[[97.817034,0.846543],[97.81841,0.845122],[97.818152,0.84146],[97.823456,0.835926],[97.824455,0.835942],[97.827656,0.84077],[97.828092,0.843406],[97.840087,0.842593],[97.839848,0.838061],[97.835329,0.83442],[97.850156,0.807998],[97.864538,0.805369],[97.864447,0.792503],[97.872428,0.789699],[97.872818,0.78393],[97.874782,0.781396],[97.881379,0.779875],[97.877731,0.772047],[97.873533,0.772382],[97.856211,0.778652],[97.84746,0.774079],[97.843382,0.779764],[97.829999,0.790446],[97.827033,0.788862],[97.816877,0.791667],[97.821296,0.806373],[97.82498,0.810248],[97.821315,0.811087],[97.820079,0.813194],[97.819624,0.814206],[97.821841,0.815787],[97.816507,0.82506],[97.813711,0.825613],[97.809217,0.824046],[97.801465,0.81857],[97.797732,0.817806],[97.796556,0.819855],[97.797863,0.821234],[97.79793,0.827708],[97.799473,0.830455],[97.805122,0.835842],[97.810404,0.834466],[97.814905,0.835704],[97.815755,0.839356],[97.81352,0.843275],[97.8137,0.845154],[97.814687,0.846379],[97.817034,0.846543]]]}},{"type":"Feature","properties":{"nmkec":"Somambawa","nmkab":"Nias Selatan","nmprov":"Sumatera Utara","kdkec":"052","kdkab":"14","kodekab":"1214","idkec":"1214052","index":357},"geometry":{"type":"Polygon","coordinates":[[[97.88538,0.890467],[97.894091,0.884557],[97.898243,0.883743],[97.901667,0.884705],[97.903798,0.879507],[97.903036,0.873076],[97.896138,0.857124],[97.897401,0.848143],[97.895556,0.841988],[97.895895,0.839805],[97.900224,0.83781],[97.899961,0.836681],[97.897871,0.836168],[97.894854,0.826471],[97.897138,0.821731],[97.906269,0.817736],[97.909954,0.814652],[97.907602,0.804692],[97.908294,0.802928],[97.911458,0.802567],[97.911926,0.798949],[97.89478,0.774162],[97.881494,0.779838],[97.874782,0.781396],[97.872818,0.78393],[97.872428,0.789699],[97.864447,0.792503],[97.864538,0.805369],[97.850156,0.807998],[97.835329,0.83442],[97.839848,0.838061],[97.840208,0.846613],[97.841898,0.851684],[97.841047,0.864848],[97.844683,0.864018],[97.858291,0.869399],[97.860426,0.869848],[97.86513,0.868811],[97.86696,0.869878],[97.86627,0.875646],[97.869601,0.881094],[97.868789,0.888064],[97.867818,0.887949],[97.868123,0.889988],[97.875052,0.887711],[97.878697,0.889547],[97.88538,0.890467]]]}},{"type":"Feature","properties":{"nmkec":"Mazo","nmkab":"Nias Selatan","nmprov":"Sumatera Utara","kdkec":"062","kdkab":"14","kodekab":"1214","idkec":"1214062","index":358},"geometry":{"type":"Polygon","coordinates":[[[97.792065,0.842976],[97.804016,0.838151],[97.805122,0.835842],[97.799473,0.830455],[97.79793,0.827708],[97.797863,0.821234],[97.796556,0.819855],[97.797732,0.817806],[97.803399,0.819303],[97.809217,0.824046],[97.813711,0.825613],[97.816507,0.82506],[97.821841,0.815787],[97.819624,0.814206],[97.820079,0.813194],[97.821315,0.811087],[97.82498,0.810248],[97.821296,0.806373],[97.816877,0.791667],[97.807443,0.793617],[97.805033,0.790355],[97.803018,0.792897],[97.800095,0.79371],[97.79821,0.792465],[97.794776,0.791992],[97.79213,0.793489],[97.791014,0.802046],[97.789697,0.801621],[97.785326,0.806407],[97.78132,0.803544],[97.782068,0.801113],[97.779973,0.8006],[97.7715,0.806527],[97.761371,0.809322],[97.76103,0.808139],[97.762575,0.806721],[97.76276,0.802489],[97.761658,0.801046],[97.760076,0.800754],[97.750801,0.803274],[97.748591,0.809077],[97.745617,0.809423],[97.744651,0.815392],[97.746896,0.817862],[97.747727,0.821563],[97.746294,0.829543],[97.744632,0.833403],[97.744823,0.836117],[97.753151,0.835991],[97.753351,0.837596],[97.763996,0.837066],[97.769162,0.83931],[97.771693,0.839377],[97.77395,0.846182],[97.772776,0.849689],[97.779114,0.847531],[97.787466,0.842974],[97.792065,0.842976]]]}},{"type":"Feature","properties":{"nmkec":"Umbunasi","nmkab":"Nias Selatan","nmprov":"Sumatera Utara","kdkec":"063","kdkab":"14","kodekab":"1214","idkec":"1214063","index":359},"geometry":{"type":"Polygon","coordinates":[[[97.773715,0.950745],[97.770198,0.931451],[97.765324,0.926197],[97.763629,0.919489],[97.765076,0.910786],[97.758886,0.909672],[97.754799,0.91146],[97.752566,0.910362],[97.754156,0.906654],[97.75611,0.905761],[97.757811,0.894054],[97.750667,0.894798],[97.737521,0.885079],[97.729341,0.886684],[97.723337,0.892886],[97.719815,0.899179],[97.715031,0.903859],[97.715349,0.913514],[97.72159,0.915209],[97.723146,0.923614],[97.72879,0.924988],[97.732695,0.927623],[97.735972,0.934259],[97.735547,0.936306],[97.738394,0.93843],[97.741007,0.939725],[97.748206,0.939176],[97.757686,0.942567],[97.75786,0.949794],[97.759187,0.950286],[97.771625,0.951649],[97.773715,0.950745]]]}},{"type":"Feature","properties":{"nmkec":"Boronadu","nmkab":"Nias Selatan","nmprov":"Sumatera Utara","kdkec":"066","kdkab":"14","kodekab":"1214","idkec":"1214066","index":360},"geometry":{"type":"Polygon","coordinates":[[[97.729341,0.886684],[97.737521,0.885079],[97.739417,0.886174],[97.743119,0.880329],[97.753884,0.877601],[97.756995,0.875613],[97.761578,0.876635],[97.766016,0.875863],[97.768831,0.872055],[97.77456,0.869873],[97.777518,0.865868],[97.777568,0.86362],[97.775727,0.862871],[97.771522,0.857691],[97.76905,0.853729],[97.768201,0.850196],[97.772776,0.849689],[97.773664,0.848611],[97.773777,0.844902],[97.771693,0.839377],[97.769162,0.83931],[97.763996,0.837066],[97.753351,0.837596],[97.753151,0.835991],[97.744823,0.836117],[97.744632,0.833403],[97.742531,0.833369],[97.721387,0.83786],[97.716548,0.840902],[97.717122,0.852325],[97.715513,0.861496],[97.717298,0.862872],[97.721938,0.86317],[97.72441,0.867487],[97.724075,0.878199],[97.728154,0.879817],[97.729581,0.88228],[97.729341,0.886684]]]}},{"type":"Feature","properties":{"nmkec":"Hilimegai","nmkab":"Nias Selatan","nmprov":"Sumatera Utara","kdkec":"081","kdkab":"14","kodekab":"1214","idkec":"1214081","index":361},"geometry":{"type":"Polygon","coordinates":[[[97.620718,0.934811],[97.623732,0.923836],[97.625926,0.919926],[97.630866,0.914408],[97.635863,0.912565],[97.636246,0.909172],[97.63383,0.907168],[97.636228,0.904465],[97.641065,0.901779],[97.640385,0.898206],[97.644721,0.894994],[97.647666,0.890552],[97.645692,0.888143],[97.640142,0.889683],[97.635125,0.889527],[97.632469,0.887745],[97.632666,0.883722],[97.626488,0.88154],[97.629113,0.877142],[97.638975,0.872655],[97.64127,0.873533],[97.654924,0.864289],[97.654334,0.856952],[97.655778,0.854618],[97.66028,0.858233],[97.665055,0.853828],[97.666916,0.850186],[97.672755,0.843261],[97.676076,0.842928],[97.675165,0.841841],[97.668121,0.841333],[97.664329,0.837588],[97.659514,0.841306],[97.657116,0.844835],[97.657061,0.846631],[97.650921,0.8479],[97.643068,0.839905],[97.638013,0.840372],[97.635071,0.847448],[97.634751,0.851184],[97.631684,0.856237],[97.628598,0.859012],[97.631081,0.869505],[97.622602,0.873375],[97.6221,0.876638],[97.618397,0.880133],[97.61373,0.882106],[97.607593,0.892839],[97.603564,0.889645],[97.600601,0.891271],[97.599543,0.892912],[97.599533,0.900674],[97.602719,0.90408],[97.606403,0.906063],[97.610371,0.915045],[97.60895,0.922262],[97.606418,0.925841],[97.603755,0.927771],[97.601155,0.932522],[97.60174,0.936268],[97.614926,0.941639],[97.618458,0.938615],[97.620718,0.934811]]]}},{"type":"Feature","properties":{"nmkec":"Oou","nmkab":"Nias Selatan","nmprov":"Sumatera Utara","kdkec":"082","kdkab":"14","kodekab":"1214","idkec":"1214082","index":362},"geometry":{"type":"Polygon","coordinates":[[[97.631081,0.869505],[97.628598,0.859012],[97.631684,0.856237],[97.634751,0.851184],[97.635071,0.847448],[97.637682,0.840713],[97.641098,0.83958],[97.643068,0.839905],[97.650514,0.847792],[97.657061,0.846631],[97.657116,0.844835],[97.659514,0.841306],[97.664329,0.837588],[97.661887,0.822091],[97.67066,0.821184],[97.671287,0.818883],[97.671648,0.812466],[97.667182,0.805508],[97.660729,0.801857],[97.659125,0.798941],[97.658443,0.796075],[97.661897,0.786371],[97.654285,0.780012],[97.638834,0.776631],[97.638605,0.780208],[97.630906,0.78679],[97.629367,0.789588],[97.630206,0.791406],[97.633144,0.792106],[97.633844,0.793645],[97.631745,0.80022],[97.628248,0.804417],[97.613881,0.815085],[97.608893,0.816702],[97.60689,0.815056],[97.605704,0.815344],[97.603286,0.823758],[97.60239,0.83762],[97.59943,0.840921],[97.606478,0.849625],[97.609469,0.856295],[97.621018,0.866391],[97.622602,0.873375],[97.631081,0.869505]]]}},{"type":"Feature","properties":{"nmkec":"Onohazumba","nmkab":"Nias Selatan","nmprov":"Sumatera Utara","kdkec":"083","kdkab":"14","kodekab":"1214","idkec":"1214083","index":363},"geometry":{"type":"Polygon","coordinates":[[[97.593474,1.013421],[97.594633,1.00877],[97.595003,0.997338],[97.593292,0.992707],[97.588529,0.992077],[97.587574,0.991019],[97.58618,0.986706],[97.586758,0.985102],[97.592777,0.980358],[97.5948,0.980728],[97.596859,0.978925],[97.599034,0.96761],[97.601362,0.964638],[97.606019,0.963623],[97.603197,0.957992],[97.605734,0.955681],[97.606896,0.956549],[97.611127,0.953911],[97.611844,0.948033],[97.614926,0.941639],[97.602943,0.936758],[97.597911,0.938474],[97.589664,0.952268],[97.583408,0.948824],[97.576976,0.955074],[97.576683,0.946211],[97.569918,0.947707],[97.572126,0.958435],[97.572053,0.96255],[97.570246,0.969409],[97.56622,0.97049],[97.56374,0.969079],[97.555208,0.970509],[97.553762,0.974909],[97.549004,0.977219],[97.553767,0.982543],[97.555733,0.981531],[97.55961,0.982796],[97.559703,0.996376],[97.572877,1.002884],[97.575409,1.006868],[97.586524,1.011414],[97.590612,1.016464],[97.593474,1.013421]]]}},{"type":"Feature","properties":{"nmkec":"Hilisalawaahe","nmkab":"Nias Selatan","nmprov":"Sumatera Utara","kdkec":"084","kdkab":"14","kodekab":"1214","idkec":"1214084","index":364},"geometry":{"type":"Polygon","coordinates":[[[97.559703,0.996376],[97.55961,0.982796],[97.555733,0.981531],[97.553767,0.982543],[97.549004,0.977219],[97.553762,0.974909],[97.555208,0.970509],[97.56374,0.969079],[97.56622,0.97049],[97.570246,0.969409],[97.572053,0.96255],[97.572126,0.958435],[97.569918,0.947707],[97.576683,0.946211],[97.576976,0.955074],[97.586497,0.945091],[97.588492,0.941721],[97.589764,0.935825],[97.585759,0.931017],[97.573243,0.924606],[97.567529,0.92269],[97.562695,0.918061],[97.562768,0.914749],[97.561294,0.912244],[97.554907,0.905216],[97.550686,0.90427],[97.548164,0.90071],[97.545478,0.905502],[97.536192,0.916402],[97.526923,0.944791],[97.527025,0.952478],[97.533054,0.956205],[97.536945,0.967044],[97.538705,0.973159],[97.538026,0.9884],[97.555345,0.992744],[97.559703,0.996376]]]}},{"type":"Feature","properties":{"nmkec":"Onan Ganjang","nmkab":"Humbang Hasundutan","nmprov":"Sumatera Utara","kdkec":"020","kdkab":"15","kodekab":"1215","idkec":"1215020","index":365},"geometry":{"type":"Polygon","coordinates":[[[98.643492,2.232325],[98.655652,2.232195],[98.659875,2.230604],[98.684082,2.227179],[98.690523,2.223833],[98.686556,2.219434],[98.683255,2.218726],[98.660371,2.205425],[98.659916,2.203575],[98.653919,2.197852],[98.654036,2.193956],[98.644977,2.174382],[98.660923,2.173843],[98.663838,2.170936],[98.672602,2.153463],[98.676305,2.14213],[98.676996,2.134417],[98.676519,2.131028],[98.657041,2.1003],[98.650013,2.087243],[98.649632,2.073281],[98.65168,2.067233],[98.655198,2.062987],[98.659096,2.060872],[98.672878,2.05368],[98.687748,2.049287],[98.697306,2.04252],[98.682935,2.008025],[98.679417,1.989475],[98.677817,1.988235],[98.673057,1.992109],[98.664111,2.002332],[98.655369,2.01804],[98.651523,2.019528],[98.650723,2.01876],[98.648249,2.015344],[98.646792,2.00753],[98.644421,2.003414],[98.638177,2.011527],[98.634506,2.013837],[98.629585,2.016199],[98.623901,2.014709],[98.621277,2.015076],[98.614246,2.018841],[98.608267,2.024287],[98.606125,2.028571],[98.605426,2.033391],[98.607803,2.03947],[98.605438,2.044848],[98.602292,2.048759],[98.602248,2.051345],[98.6049,2.054226],[98.606843,2.062301],[98.605585,2.064385],[98.601294,2.067211],[98.596563,2.072083],[98.591988,2.083029],[98.584379,2.082307],[98.568954,2.078412],[98.562202,2.074588],[98.553941,2.07404],[98.549434,2.078272],[98.551562,2.082471],[98.552598,2.092195],[98.549944,2.122851],[98.545784,2.127857],[98.540369,2.132085],[98.535219,2.133295],[98.537852,2.135714],[98.546736,2.134543],[98.543729,2.143472],[98.545688,2.144361],[98.551816,2.144877],[98.560115,2.141498],[98.567968,2.14138],[98.571353,2.145537],[98.575226,2.148209],[98.585634,2.150517],[98.598019,2.157242],[98.595139,2.169811],[98.596158,2.174003],[98.594891,2.182961],[98.596845,2.186894],[98.593047,2.194993],[98.595316,2.201778],[98.594877,2.206358],[98.59794,2.209177],[98.601712,2.209315],[98.60241,2.211466],[98.602355,2.215705],[98.600815,2.220801],[98.604061,2.227315],[98.600938,2.230161],[98.598882,2.23614],[98.643492,2.232325]]]}},{"type":"Feature","properties":{"nmkec":"Sijama Polang","nmkab":"Humbang Hasundutan","nmprov":"Sumatera Utara","kdkec":"030","kdkab":"15","kodekab":"1215","idkec":"1215030","index":366},"geometry":{"type":"Polygon","coordinates":[[[98.700684,2.224907],[98.705863,2.222167],[98.72,2.221364],[98.721346,2.223087],[98.723361,2.222742],[98.724358,2.206939],[98.732015,2.205464],[98.739588,2.207061],[98.747414,2.20319],[98.765696,2.179668],[98.788621,2.157295],[98.792866,2.154154],[98.781163,2.148007],[98.780702,2.143503],[98.773098,2.131792],[98.738906,2.131325],[98.737177,2.128079],[98.733145,2.126139],[98.730345,2.127538],[98.72456,2.126131],[98.726482,2.116293],[98.707973,2.072056],[98.697306,2.04252],[98.687748,2.049287],[98.672878,2.05368],[98.659096,2.060872],[98.655198,2.062987],[98.65168,2.067233],[98.649632,2.073281],[98.650013,2.087243],[98.657041,2.1003],[98.676519,2.131028],[98.676996,2.134417],[98.676305,2.14213],[98.672602,2.153463],[98.663838,2.170936],[98.660923,2.173843],[98.644977,2.174382],[98.654036,2.193956],[98.653919,2.197852],[98.659916,2.203575],[98.660371,2.205425],[98.683255,2.218726],[98.686556,2.219434],[98.690523,2.223833],[98.692546,2.222527],[98.700684,2.224907]]]}},{"type":"Feature","properties":{"nmkec":"Dolok Sanggul","nmkab":"Humbang Hasundutan","nmprov":"Sumatera Utara","kdkec":"040","kdkab":"15","kodekab":"1215","idkec":"1215040","index":367},"geometry":{"type":"Polygon","coordinates":[[[98.77037,2.327862],[98.778735,2.321676],[98.796642,2.316295],[98.790732,2.307528],[98.790598,2.305053],[98.795158,2.295588],[98.79332,2.29503],[98.803341,2.287584],[98.80402,2.288049],[98.805977,2.280781],[98.799493,2.279421],[98.801359,2.274107],[98.8002,2.271155],[98.792782,2.261128],[98.793206,2.253322],[98.792304,2.250539],[98.80479,2.227608],[98.808203,2.225084],[98.812908,2.217779],[98.836603,2.210958],[98.841509,2.211392],[98.845819,2.213282],[98.846811,2.208674],[98.845672,2.207678],[98.830135,2.197124],[98.820607,2.195072],[98.814158,2.190674],[98.811429,2.187555],[98.813978,2.177598],[98.817253,2.170126],[98.817321,2.161386],[98.810843,2.159386],[98.800175,2.158329],[98.792866,2.154154],[98.788621,2.157295],[98.765696,2.179668],[98.747414,2.20319],[98.739588,2.207061],[98.732015,2.205464],[98.724358,2.206939],[98.723361,2.222742],[98.721346,2.223087],[98.72,2.221364],[98.705863,2.222167],[98.700684,2.224907],[98.692546,2.222527],[98.684082,2.227179],[98.659875,2.230604],[98.655652,2.232195],[98.643492,2.232325],[98.598882,2.23614],[98.599109,2.242577],[98.58906,2.271707],[98.628674,2.272005],[98.666781,2.275827],[98.69717,2.280993],[98.702441,2.276012],[98.704299,2.276167],[98.705611,2.276701],[98.705287,2.282058],[98.709277,2.286273],[98.714565,2.286627],[98.716506,2.290877],[98.714418,2.296103],[98.720189,2.307271],[98.731634,2.304385],[98.735889,2.30472],[98.743036,2.30698],[98.749998,2.31266],[98.755193,2.310327],[98.75935,2.310539],[98.765197,2.315048],[98.765409,2.318606],[98.761023,2.322109],[98.766864,2.324836],[98.77037,2.327862]]]}},{"type":"Feature","properties":{"nmkec":"Lintong Nihuta","nmkab":"Humbang Hasundutan","nmprov":"Sumatera Utara","kdkec":"050","kdkab":"15","kodekab":"1215","idkec":"1215050","index":368},"geometry":{"type":"Polygon","coordinates":[[[98.86272,2.33906],[98.867649,2.329586],[98.868468,2.320523],[98.874698,2.299866],[98.879126,2.301372],[98.894113,2.282816],[98.89976,2.273757],[98.902755,2.271057],[98.908361,2.26997],[98.911585,2.264551],[98.91551,2.264524],[98.922935,2.260366],[98.938758,2.257255],[98.939505,2.255583],[98.924905,2.23704],[98.92154,2.229305],[98.895523,2.222043],[98.880552,2.214114],[98.881185,2.211694],[98.879901,2.209948],[98.873522,2.20973],[98.865293,2.218511],[98.855607,2.217094],[98.841509,2.211392],[98.836603,2.210958],[98.812908,2.217779],[98.808203,2.225084],[98.80479,2.227608],[98.792304,2.250539],[98.793206,2.253322],[98.792782,2.261128],[98.8002,2.271155],[98.801359,2.274107],[98.799493,2.279421],[98.805977,2.280781],[98.80402,2.288049],[98.803341,2.287584],[98.79332,2.29503],[98.798922,2.297116],[98.809596,2.298368],[98.820148,2.306402],[98.825109,2.312076],[98.828749,2.31404],[98.829652,2.314086],[98.832761,2.308153],[98.841224,2.309218],[98.846685,2.31346],[98.846685,2.31606],[98.848682,2.318929],[98.850614,2.325742],[98.856296,2.33439],[98.86272,2.33906]]]}},{"type":"Feature","properties":{"nmkec":"Sei Rampah","nmkab":"Serdang Bedagai","nmprov":"Sumatera Utara","kdkec":"080","kdkab":"18","kodekab":"1218","idkec":"1218080","index":369},"geometry":{"type":"Polygon","coordinates":[[[99.048746,3.540778],[99.089378,3.499752],[99.105548,3.515509],[99.109173,3.513971],[99.11399,3.509665],[99.139534,3.534981],[99.145066,3.528355],[99.152683,3.512656],[99.156147,3.50918],[99.163768,3.506185],[99.17501,3.497887],[99.17199,3.49466],[99.171483,3.491842],[99.181151,3.482612],[99.179884,3.480974],[99.17661,3.480258],[99.17445,3.48257],[99.170155,3.479389],[99.162641,3.486054],[99.151522,3.480632],[99.153262,3.475925],[99.147715,3.470975],[99.152373,3.46573],[99.149579,3.462541],[99.145066,3.467143],[99.135113,3.454893],[99.128976,3.449706],[99.121632,3.440924],[99.113888,3.430292],[99.111609,3.425156],[99.115687,3.419355],[99.116682,3.414881],[99.11529,3.411809],[99.109619,3.406353],[99.106563,3.404938],[99.093974,3.390515],[99.085916,3.382854],[99.063672,3.377357],[99.064262,3.380957],[99.067118,3.381314],[99.060104,3.388924],[99.052523,3.383862],[99.031617,3.407494],[99.029835,3.408878],[99.024791,3.409241],[99.021087,3.394387],[99.017973,3.387996],[99.015988,3.380102],[98.973198,3.424438],[98.976575,3.424733],[98.978572,3.427349],[98.983024,3.436738],[98.981477,3.440842],[98.991612,3.444389],[98.998154,3.449809],[99.002053,3.455213],[99.005372,3.457855],[99.007075,3.463513],[99.006059,3.469115],[99.008108,3.470598],[99.016618,3.472566],[99.019148,3.475152],[99.020943,3.479725],[99.019499,3.486654],[99.023158,3.495314],[99.024196,3.500625],[99.022319,3.501769],[99.021818,3.503193],[99.025883,3.507286],[99.031592,3.507436],[99.033993,3.50836],[99.036521,3.510864],[99.04083,3.52145],[99.040738,3.524428],[99.042023,3.527833],[99.041846,3.533663],[99.04294,3.536293],[99.049012,3.539299],[99.048746,3.540778]]]}},{"type":"Feature","properties":{"nmkec":"Sei Bamban","nmkab":"Serdang Bedagai","nmprov":"Sumatera Utara","kdkec":"081","kdkab":"18","kodekab":"1218","idkec":"1218081","index":370},"geometry":{"type":"Polygon","coordinates":[[[99.162641,3.486054],[99.170155,3.479389],[99.17445,3.48257],[99.176605,3.480258],[99.179884,3.480974],[99.179955,3.481732],[99.182763,3.478469],[99.185911,3.46878],[99.191448,3.461281],[99.192462,3.458094],[99.192089,3.452702],[99.192895,3.449879],[99.207802,3.43347],[99.207619,3.429231],[99.199367,3.419607],[99.197599,3.421528],[99.194298,3.421189],[99.190246,3.418799],[99.181611,3.409587],[99.183311,3.407081],[99.176236,3.40196],[99.163078,3.397748],[99.159702,3.395221],[99.148773,3.382029],[99.132143,3.377315],[99.125936,3.383899],[99.118716,3.377198],[99.115767,3.378382],[99.107233,3.370256],[99.100319,3.377546],[99.098364,3.375714],[99.09638,3.377775],[99.097528,3.380147],[99.100046,3.38135],[99.107106,3.388287],[99.10927,3.392009],[99.111365,3.40069],[99.109619,3.406353],[99.11529,3.411809],[99.116682,3.414881],[99.115687,3.419355],[99.111541,3.424775],[99.113888,3.430292],[99.128976,3.449706],[99.135113,3.454893],[99.145066,3.467143],[99.149579,3.462541],[99.152373,3.46573],[99.147715,3.470975],[99.153262,3.475925],[99.151522,3.480632],[99.162641,3.486054]]]}},{"type":"Feature","properties":{"nmkec":"Paranginan","nmkab":"Humbang Hasundutan","nmprov":"Sumatera Utara","kdkec":"060","kdkab":"15","kodekab":"1215","idkec":"1215060","index":371},"geometry":{"type":"Polygon","coordinates":[[[98.886014,2.335765],[98.888441,2.329602],[98.89317,2.325628],[98.900124,2.326931],[98.910852,2.32492],[98.91676,2.322834],[98.927338,2.324804],[98.937388,2.323712],[98.942417,2.320172],[98.951654,2.317995],[98.953621,2.309438],[98.959713,2.300694],[98.963629,2.289766],[98.961961,2.284049],[98.963237,2.278558],[98.962036,2.269403],[98.944061,2.262191],[98.938758,2.257255],[98.937505,2.257176],[98.922935,2.260366],[98.91551,2.264524],[98.911585,2.264551],[98.908361,2.26997],[98.902755,2.271057],[98.89976,2.273757],[98.894113,2.282816],[98.880547,2.299959],[98.879076,2.3014],[98.874698,2.299866],[98.868468,2.320523],[98.867649,2.329586],[98.865514,2.334146],[98.866254,2.334766],[98.874079,2.332204],[98.880482,2.333455],[98.886014,2.335765]]]}},{"type":"Feature","properties":{"nmkec":"Bakti Raja","nmkab":"Humbang Hasundutan","nmprov":"Sumatera Utara","kdkec":"070","kdkab":"15","kodekab":"1215","idkec":"1215070","index":372},"geometry":{"type":"MultiPolygon","coordinates":[[[[98.806612,2.37519],[98.838208,2.358359],[98.839261,2.354923],[98.837789,2.35188],[98.832313,2.352302],[98.828853,2.355269],[98.825464,2.355721],[98.822143,2.353382],[98.81626,2.346841],[98.816867,2.336836],[98.821949,2.328129],[98.826433,2.323019],[98.832636,2.318732],[98.841198,2.319543],[98.845374,2.323624],[98.846258,2.325549],[98.845607,2.328178],[98.848162,2.331384],[98.850248,2.332133],[98.855308,2.338325],[98.858074,2.33611],[98.850614,2.325742],[98.848682,2.318929],[98.846685,2.31606],[98.846685,2.31346],[98.841224,2.309218],[98.832761,2.308153],[98.829652,2.314086],[98.828749,2.31404],[98.825109,2.312076],[98.820148,2.306402],[98.809596,2.298368],[98.798922,2.297116],[98.795158,2.295588],[98.792041,2.300933],[98.790598,2.305053],[98.790732,2.307528],[98.799528,2.32078],[98.813819,2.333227],[98.813763,2.334544],[98.810637,2.337519],[98.806065,2.346027],[98.806532,2.34777],[98.809063,2.346243],[98.811629,2.347662],[98.811719,2.349562],[98.806151,2.354623],[98.800547,2.361741],[98.801949,2.364175],[98.807821,2.364883],[98.805388,2.36953],[98.805084,2.37277],[98.806612,2.37519]]],[[[98.822283,2.343561],[98.822993,2.344677],[98.824551,2.342676],[98.823067,2.341342],[98.822283,2.343561]]],[[[98.806612,2.37519],[98.806612,2.37519],[98.806612,2.375191],[98.806612,2.37519]]]]}},{"type":"Feature","properties":{"nmkec":"Pollung","nmkab":"Humbang Hasundutan","nmprov":"Sumatera Utara","kdkec":"080","kdkab":"15","kodekab":"1215","idkec":"1215080","index":373},"geometry":{"type":"Polygon","coordinates":[[[98.789764,2.405505],[98.789003,2.404179],[98.790829,2.399639],[98.798793,2.390611],[98.806612,2.37519],[98.805024,2.371181],[98.807821,2.364883],[98.801949,2.364175],[98.800547,2.361741],[98.806151,2.354623],[98.811719,2.349562],[98.811629,2.347662],[98.809063,2.346243],[98.806532,2.34777],[98.806065,2.346027],[98.80969,2.338966],[98.813875,2.333838],[98.813201,2.332369],[98.799528,2.32078],[98.796642,2.316295],[98.778735,2.321676],[98.770352,2.32787],[98.766864,2.324836],[98.761023,2.322109],[98.765409,2.318606],[98.765197,2.315048],[98.75935,2.310539],[98.755193,2.310327],[98.749998,2.31266],[98.743036,2.30698],[98.735889,2.30472],[98.731634,2.304385],[98.720189,2.307271],[98.714418,2.296103],[98.716506,2.290877],[98.714565,2.286627],[98.709277,2.286273],[98.705287,2.282058],[98.705611,2.276701],[98.704299,2.276167],[98.702441,2.276012],[98.69717,2.280993],[98.666781,2.275827],[98.628674,2.272005],[98.58906,2.271707],[98.592378,2.280578],[98.597325,2.289484],[98.598437,2.294508],[98.599025,2.302742],[98.598198,2.310565],[98.594902,2.319158],[98.593516,2.32807],[98.596975,2.355118],[98.607569,2.375994],[98.616077,2.399047],[98.629488,2.409319],[98.649936,2.419372],[98.65735,2.424346],[98.659453,2.419726],[98.667077,2.412952],[98.671732,2.40422],[98.676743,2.407352],[98.710807,2.41747],[98.718377,2.420928],[98.749235,2.439346],[98.77784,2.419952],[98.788952,2.409433],[98.789764,2.405505]]]}},{"type":"Feature","properties":{"nmkec":"Parlilitan","nmkab":"Humbang Hasundutan","nmprov":"Sumatera Utara","kdkec":"090","kdkab":"15","kodekab":"1215","idkec":"1215090","index":374},"geometry":{"type":"Polygon","coordinates":[[[98.431122,2.487034],[98.445812,2.487083],[98.45928,2.477342],[98.469744,2.466768],[98.473713,2.464595],[98.48341,2.46735],[98.501676,2.478666],[98.510709,2.486167],[98.510597,2.487079],[98.581838,2.486575],[98.585617,2.483412],[98.581897,2.479244],[98.587463,2.475761],[98.587831,2.467807],[98.586179,2.465604],[98.585077,2.458201],[98.58679,2.451777],[98.598691,2.451838],[98.604809,2.452603],[98.606002,2.453827],[98.611023,2.451838],[98.625428,2.452634],[98.631019,2.451479],[98.643369,2.452238],[98.646251,2.450913],[98.645816,2.445819],[98.655957,2.427567],[98.656408,2.424823],[98.65735,2.424346],[98.649936,2.419372],[98.629488,2.409319],[98.616077,2.399047],[98.607569,2.375994],[98.596975,2.355118],[98.593516,2.32807],[98.594902,2.319158],[98.598198,2.310565],[98.599025,2.302742],[98.598437,2.294508],[98.597325,2.289484],[98.592378,2.280578],[98.588888,2.271613],[98.599109,2.242577],[98.598791,2.236628],[98.590941,2.233598],[98.567221,2.231717],[98.547667,2.231626],[98.520837,2.233096],[98.517132,2.238963],[98.516536,2.247182],[98.51785,2.262892],[98.520272,2.272799],[98.519936,2.278574],[98.516612,2.282666],[98.50379,2.286158],[98.493627,2.287401],[98.447671,2.28992],[98.435159,2.291385],[98.431484,2.28934],[98.419932,2.286611],[98.405249,2.27681],[98.401637,2.280316],[98.392281,2.282386],[98.383278,2.282779],[98.373389,2.28741],[98.365602,2.288855],[98.362008,2.292723],[98.350447,2.300166],[98.344438,2.308333],[98.337435,2.314541],[98.329179,2.326183],[98.323325,2.330328],[98.321742,2.328157],[98.314206,2.322655],[98.304326,2.321608],[98.303879,2.309958],[98.302974,2.307606],[98.300674,2.306417],[98.293154,2.305538],[98.28821,2.300996],[98.277623,2.309264],[98.270635,2.30817],[98.261982,2.308281],[98.26081,2.335339],[98.262011,2.341605],[98.255327,2.349491],[98.252847,2.350979],[98.251084,2.354726],[98.251854,2.355613],[98.258333,2.356111],[98.267285,2.348995],[98.276667,2.338889],[98.285692,2.335],[98.291645,2.333851],[98.298434,2.333955],[98.302778,2.335278],[98.304283,2.339177],[98.304491,2.34701],[98.301389,2.361389],[98.3075,2.387222],[98.306058,2.39406],[98.2975,2.411389],[98.299583,2.41453],[98.316763,2.41688],[98.319452,2.418929],[98.324792,2.417284],[98.329087,2.417663],[98.332324,2.419752],[98.338173,2.419177],[98.355,2.43],[98.35658,2.432989],[98.355327,2.442598],[98.355897,2.45477],[98.3594,2.457689],[98.363578,2.459882],[98.378826,2.461762],[98.396828,2.459823],[98.408956,2.463955],[98.414596,2.47043],[98.41564,2.475496],[98.415061,2.480334],[98.422789,2.481286],[98.431122,2.487034]]]}},{"type":"Feature","properties":{"nmkec":"Tara Bintang","nmkab":"Humbang Hasundutan","nmprov":"Sumatera Utara","kdkec":"100","kdkab":"15","kodekab":"1215","idkec":"1215100","index":375},"geometry":{"type":"Polygon","coordinates":[[[98.345924,2.30654],[98.347604,2.303109],[98.350447,2.300166],[98.362008,2.292723],[98.365602,2.288855],[98.373389,2.28741],[98.383278,2.282779],[98.392281,2.282386],[98.401637,2.280316],[98.405249,2.27681],[98.419932,2.286611],[98.431484,2.28934],[98.435159,2.291385],[98.447671,2.28992],[98.493627,2.287401],[98.50379,2.286158],[98.516612,2.282666],[98.519936,2.278574],[98.520272,2.272799],[98.51785,2.262892],[98.516536,2.247182],[98.517132,2.238963],[98.520837,2.233096],[98.519712,2.232795],[98.518527,2.223644],[98.517833,2.214818],[98.518733,2.207544],[98.508081,2.20033],[98.503149,2.195266],[98.49491,2.193797],[98.482609,2.194182],[98.477343,2.193329],[98.477341,2.2],[98.481785,2.20113],[98.480305,2.209611],[98.477975,2.213185],[98.473401,2.215166],[98.474011,2.220663],[98.471362,2.222637],[98.470059,2.229299],[98.463359,2.229739],[98.454396,2.22812],[98.441151,2.222621],[98.417401,2.221986],[98.409499,2.225057],[98.405247,2.224186],[98.393969,2.216386],[98.390705,2.212171],[98.377,2.211346],[98.36729,2.213615],[98.36052,2.213214],[98.336981,2.205309],[98.328923,2.199173],[98.325754,2.198512],[98.322956,2.198888],[98.303187,2.20823],[98.292932,2.216341],[98.280765,2.222157],[98.276376,2.222589],[98.268067,2.220899],[98.267251,2.232873],[98.269485,2.241803],[98.261884,2.266231],[98.263611,2.276111],[98.261982,2.308281],[98.270635,2.30817],[98.277623,2.309264],[98.28821,2.300996],[98.293154,2.305538],[98.300674,2.306417],[98.302974,2.307606],[98.303879,2.309958],[98.304326,2.321608],[98.314206,2.322655],[98.321742,2.328157],[98.323325,2.330328],[98.329179,2.326183],[98.337435,2.314541],[98.345924,2.30654]]]}},{"type":"Feature","properties":{"nmkec":"Salak","nmkab":"Pakpak Bharat","nmprov":"Sumatera Utara","kdkec":"010","kdkab":"16","kodekab":"1216","idkec":"1216010","index":376},"geometry":{"type":"MultiPolygon","coordinates":[[[[98.251417,2.35405],[98.251293,2.354243],[98.251502,2.353929],[98.251417,2.35405]]],[[[98.251293,2.354243],[98.251169,2.354474],[98.251136,2.354543],[98.251293,2.354243]]],[[[98.32825,2.572746],[98.336737,2.57097],[98.338072,2.566667],[98.340654,2.565303],[98.342756,2.570939],[98.343785,2.570975],[98.354197,2.560189],[98.355432,2.557307],[98.354414,2.547426],[98.357173,2.540322],[98.3561,2.538333],[98.342834,2.536487],[98.341635,2.523793],[98.342046,2.519709],[98.345898,2.508601],[98.357093,2.507803],[98.357375,2.500309],[98.355332,2.499202],[98.353408,2.496432],[98.355233,2.489808],[98.355653,2.462103],[98.357549,2.456147],[98.355897,2.45477],[98.355327,2.442598],[98.35658,2.432989],[98.355,2.43],[98.338173,2.419177],[98.332324,2.419752],[98.329087,2.417663],[98.324792,2.417284],[98.319452,2.418929],[98.316763,2.41688],[98.299583,2.41453],[98.2975,2.411389],[98.306058,2.39406],[98.3075,2.387222],[98.301389,2.361389],[98.304491,2.34701],[98.304283,2.339177],[98.302778,2.335278],[98.298434,2.333955],[98.289348,2.334164],[98.276667,2.338889],[98.267285,2.348995],[98.258333,2.356111],[98.253969,2.356122],[98.251084,2.354726],[98.245011,2.360158],[98.241541,2.360731],[98.234714,2.416144],[98.222683,2.456798],[98.219329,2.47433],[98.225555,2.526945],[98.225221,2.534643],[98.233898,2.534455],[98.238656,2.531773],[98.244862,2.524849],[98.24726,2.524391],[98.258903,2.527265],[98.265754,2.524745],[98.27455,2.516491],[98.285055,2.510761],[98.293119,2.507543],[98.301405,2.506228],[98.309456,2.508411],[98.320058,2.506232],[98.32227,2.517048],[98.320457,2.523633],[98.322667,2.526155],[98.322817,2.534645],[98.308428,2.534483],[98.308323,2.539089],[98.309903,2.545786],[98.309572,2.560017],[98.307985,2.566383],[98.308616,2.576288],[98.320345,2.573939],[98.322634,2.577598],[98.3257,2.579635],[98.33056,2.577526],[98.326536,2.574826],[98.32825,2.572746]]]]}},{"type":"Feature","properties":{"nmkec":"Pergetteng-Getteng Sengkut","nmkab":"Pakpak Bharat","nmprov":"Sumatera Utara","kdkec":"014","kdkab":"16","kodekab":"1216","idkec":"1216014","index":377},"geometry":{"type":"Polygon","coordinates":[[[98.238486,2.574719],[98.245645,2.56626],[98.250328,2.56896],[98.286326,2.579627],[98.304329,2.577739],[98.308616,2.576288],[98.307985,2.566383],[98.309572,2.560017],[98.309903,2.545786],[98.308323,2.539089],[98.308428,2.534483],[98.322817,2.534645],[98.322667,2.526155],[98.320457,2.523633],[98.32227,2.517048],[98.320058,2.506232],[98.309456,2.508411],[98.301405,2.506228],[98.293119,2.507543],[98.285055,2.510761],[98.27455,2.516491],[98.265754,2.524745],[98.258903,2.527265],[98.24726,2.524391],[98.244862,2.524849],[98.238656,2.531773],[98.233898,2.534455],[98.225221,2.534643],[98.225552,2.526921],[98.210953,2.524905],[98.198702,2.520595],[98.182852,2.519342],[98.170542,2.518624],[98.163383,2.521163],[98.150997,2.528378],[98.230135,2.554605],[98.234493,2.554249],[98.23102,2.567073],[98.229789,2.582715],[98.238486,2.574719]]]}},{"type":"Feature","properties":{"nmkec":"Tinada","nmkab":"Pakpak Bharat","nmprov":"Sumatera Utara","kdkec":"021","kdkab":"16","kodekab":"1216","idkec":"1216021","index":378},"geometry":{"type":"Polygon","coordinates":[[[98.41213,2.638209],[98.405819,2.631004],[98.400554,2.631559],[98.38948,2.627201],[98.380445,2.627591],[98.371735,2.622309],[98.362506,2.611937],[98.360495,2.606312],[98.36031,2.602762],[98.353016,2.590739],[98.349261,2.58711],[98.341643,2.582146],[98.340524,2.584474],[98.336734,2.58643],[98.333232,2.583644],[98.330988,2.583005],[98.321039,2.585754],[98.305789,2.579733],[98.30473,2.577603],[98.286326,2.579627],[98.250328,2.56896],[98.245645,2.56626],[98.238486,2.574719],[98.22893,2.583504],[98.242659,2.59633],[98.248121,2.594886],[98.254274,2.594755],[98.261852,2.600126],[98.268316,2.601543],[98.266343,2.612384],[98.266675,2.620658],[98.270656,2.625681],[98.269127,2.629262],[98.266558,2.630452],[98.274269,2.637158],[98.283581,2.63379],[98.277758,2.622976],[98.284128,2.620935],[98.284531,2.619464],[98.28276,2.605206],[98.274419,2.602716],[98.2756,2.598406],[98.284615,2.593411],[98.303809,2.589989],[98.304964,2.588566],[98.319206,2.599491],[98.310418,2.60704],[98.305794,2.608867],[98.294675,2.615959],[98.298214,2.620761],[98.319986,2.621389],[98.321687,2.625093],[98.317849,2.627231],[98.329319,2.632077],[98.350923,2.623839],[98.35657,2.660788],[98.37397,2.652585],[98.393887,2.647804],[98.398372,2.643756],[98.412562,2.639992],[98.41213,2.638209]]]}},{"type":"Feature","properties":{"nmkec":"Siempat Rube","nmkab":"Pakpak Bharat","nmprov":"Sumatera Utara","kdkec":"022","kdkab":"16","kodekab":"1216","idkec":"1216022","index":379},"geometry":{"type":"Polygon","coordinates":[[[98.399736,2.631362],[98.405819,2.631004],[98.403434,2.627228],[98.401347,2.613537],[98.40573,2.60895],[98.412409,2.609228],[98.419296,2.610827],[98.429518,2.619376],[98.437878,2.594425],[98.444238,2.581709],[98.453569,2.570497],[98.460662,2.566336],[98.464579,2.562574],[98.465544,2.560407],[98.467493,2.549301],[98.464722,2.547485],[98.457789,2.534199],[98.453199,2.528767],[98.449097,2.525879],[98.437043,2.5225],[98.422979,2.528212],[98.415422,2.528881],[98.409649,2.5272],[98.404525,2.523823],[98.397944,2.529149],[98.398127,2.534238],[98.393143,2.540161],[98.382959,2.540559],[98.383247,2.534852],[98.382013,2.534395],[98.369066,2.535091],[98.3561,2.538333],[98.356971,2.541943],[98.354414,2.547426],[98.355432,2.557307],[98.354197,2.560189],[98.343785,2.570975],[98.342756,2.570939],[98.340654,2.565303],[98.338072,2.566667],[98.336737,2.57097],[98.327325,2.573481],[98.326536,2.574826],[98.33056,2.577526],[98.3257,2.579635],[98.322634,2.577598],[98.320345,2.573939],[98.30473,2.577603],[98.305789,2.579733],[98.321039,2.585754],[98.330988,2.583005],[98.333232,2.583644],[98.336734,2.58643],[98.340524,2.584474],[98.341643,2.582146],[98.349261,2.58711],[98.353016,2.590739],[98.36031,2.602762],[98.360495,2.606312],[98.362506,2.611937],[98.371735,2.622309],[98.380445,2.627591],[98.38948,2.627201],[98.399736,2.631362]]]}},{"type":"Feature","properties":{"nmkec":"Harian","nmkab":"Samosir","nmprov":"Sumatera Utara","kdkec":"020","kdkab":"17","kodekab":"1217","idkec":"1217020","index":380},"geometry":{"type":"Polygon","coordinates":[[[98.560614,2.581438],[98.578322,2.576017],[98.579612,2.57414],[98.582793,2.572974],[98.587163,2.571889],[98.591029,2.572932],[98.601581,2.565692],[98.629553,2.555764],[98.632889,2.558542],[98.634993,2.563295],[98.637933,2.562396],[98.638689,2.560423],[98.641731,2.558715],[98.649598,2.560124],[98.652228,2.561433],[98.656379,2.56161],[98.657178,2.560076],[98.662669,2.557452],[98.667438,2.551447],[98.670326,2.549651],[98.670907,2.551778],[98.676671,2.552971],[98.676668,2.550593],[98.673965,2.549043],[98.674434,2.547498],[98.678616,2.544781],[98.68612,2.543397],[98.688729,2.541479],[98.687143,2.538135],[98.687617,2.536784],[98.692657,2.534189],[98.696176,2.534093],[98.701907,2.542882],[98.705225,2.545608],[98.706659,2.548707],[98.711001,2.551453],[98.714576,2.550355],[98.715819,2.542891],[98.717531,2.541771],[98.719612,2.537607],[98.720215,2.524113],[98.724641,2.52054],[98.731429,2.521127],[98.735242,2.520342],[98.736337,2.518278],[98.73755,2.518147],[98.73159,2.512212],[98.726214,2.509168],[98.723167,2.505228],[98.71346,2.500233],[98.710709,2.488089],[98.706848,2.481569],[98.705984,2.480613],[98.701448,2.48002],[98.699572,2.47806],[98.709521,2.470148],[98.713668,2.462258],[98.725699,2.454529],[98.729153,2.45694],[98.733796,2.455038],[98.742167,2.449146],[98.749235,2.439346],[98.718377,2.420928],[98.710807,2.41747],[98.676743,2.407352],[98.671732,2.40422],[98.667077,2.412952],[98.659453,2.419726],[98.656408,2.424823],[98.655957,2.427567],[98.645816,2.445819],[98.646251,2.450913],[98.643369,2.452238],[98.631019,2.451479],[98.625428,2.452634],[98.611023,2.451838],[98.606002,2.453827],[98.604809,2.452603],[98.598691,2.451838],[98.58679,2.451777],[98.585077,2.458201],[98.586179,2.465604],[98.587831,2.467807],[98.587463,2.475761],[98.581897,2.479244],[98.585617,2.483412],[98.581838,2.486575],[98.510597,2.487079],[98.510709,2.486167],[98.501676,2.478666],[98.48341,2.46735],[98.473713,2.464595],[98.469744,2.466768],[98.45928,2.477342],[98.445812,2.487083],[98.431122,2.487034],[98.422789,2.481286],[98.415061,2.480334],[98.413489,2.485512],[98.405507,2.499973],[98.405336,2.514734],[98.404285,2.517442],[98.399645,2.519426],[98.401672,2.522278],[98.409649,2.5272],[98.415422,2.528881],[98.422979,2.528212],[98.434699,2.523171],[98.439338,2.522549],[98.449097,2.525879],[98.453199,2.528767],[98.459139,2.535967],[98.464722,2.547485],[98.467493,2.549301],[98.466852,2.552821],[98.475281,2.552307],[98.486511,2.546875],[98.490479,2.546875],[98.505068,2.554421],[98.517318,2.564743],[98.51948,2.564363],[98.523971,2.565613],[98.52584,2.568864],[98.528931,2.571106],[98.537951,2.574454],[98.541504,2.572423],[98.552678,2.573673],[98.557345,2.576835],[98.560614,2.581438]]]}},{"type":"Feature","properties":{"nmkec":"Palipi","nmkab":"Samosir","nmprov":"Sumatera Utara","kdkec":"060","kdkab":"17","kodekab":"1217","idkec":"1217060","index":381},"geometry":{"type":"Polygon","coordinates":[[[98.831113,2.605455],[98.837066,2.586786],[98.845401,2.57721],[98.854234,2.569508],[98.85745,2.56449],[98.859837,2.556919],[98.862851,2.555578],[98.865447,2.550689],[98.870027,2.546188],[98.868655,2.535546],[98.865343,2.524427],[98.868418,2.522499],[98.880125,2.533843],[98.882166,2.53511],[98.883784,2.534672],[98.880689,2.53146],[98.879943,2.527283],[98.875938,2.52256],[98.869013,2.51692],[98.862332,2.505688],[98.861319,2.496317],[98.862116,2.492508],[98.859016,2.487741],[98.855183,2.470348],[98.85309,2.465679],[98.848658,2.461012],[98.846033,2.453506],[98.839603,2.458859],[98.835814,2.459291],[98.826106,2.464293],[98.822206,2.467482],[98.820103,2.471733],[98.81578,2.474219],[98.813875,2.474222],[98.810119,2.472146],[98.806895,2.465912],[98.803125,2.463835],[98.799941,2.467669],[98.80011,2.479581],[98.798847,2.489635],[98.794015,2.496822],[98.784484,2.50289],[98.780364,2.508049],[98.775181,2.508892],[98.770814,2.507578],[98.763801,2.509298],[98.760787,2.507013],[98.758185,2.502755],[98.754691,2.505465],[98.751533,2.509954],[98.74545,2.513293],[98.743355,2.516502],[98.743559,2.519138],[98.741568,2.521995],[98.73561,2.52464],[98.733353,2.52936],[98.736281,2.532914],[98.745397,2.537384],[98.75465,2.537631],[98.754669,2.539804],[98.75893,2.546905],[98.760201,2.547027],[98.768947,2.555433],[98.769605,2.558726],[98.779055,2.56732],[98.788749,2.571107],[98.792887,2.57377],[98.797376,2.577334],[98.798564,2.579754],[98.797965,2.581734],[98.809613,2.587259],[98.825198,2.605306],[98.827196,2.603522],[98.831113,2.605455]]]}},{"type":"Feature","properties":{"nmkec":"Ronggur Nihuta","nmkab":"Samosir","nmprov":"Sumatera Utara","kdkec":"070","kdkab":"17","kodekab":"1217","idkec":"1217070","index":382},"geometry":{"type":"Polygon","coordinates":[[[98.798648,2.687618],[98.804574,2.668954],[98.811247,2.667561],[98.826275,2.659301],[98.830494,2.645565],[98.830861,2.640885],[98.832849,2.639049],[98.833285,2.634786],[98.836344,2.630074],[98.83795,2.630319],[98.839713,2.632389],[98.840295,2.631343],[98.840393,2.623189],[98.835697,2.612987],[98.831289,2.607278],[98.831113,2.605455],[98.827196,2.603522],[98.825198,2.605306],[98.809613,2.587259],[98.797965,2.581734],[98.798564,2.579754],[98.797376,2.577334],[98.792887,2.57377],[98.788749,2.571107],[98.779055,2.56732],[98.769605,2.558726],[98.769451,2.556508],[98.764198,2.566445],[98.761264,2.568548],[98.755693,2.565742],[98.742751,2.567594],[98.73125,2.574839],[98.723029,2.589011],[98.721478,2.596164],[98.736983,2.603974],[98.738045,2.606259],[98.732808,2.615451],[98.723921,2.616779],[98.720884,2.614904],[98.710815,2.632172],[98.710362,2.636958],[98.723645,2.636521],[98.733482,2.639958],[98.73662,2.641508],[98.738153,2.643548],[98.743433,2.642016],[98.743986,2.640622],[98.752343,2.64246],[98.759571,2.642433],[98.764927,2.652619],[98.769676,2.656554],[98.769093,2.658552],[98.763692,2.657848],[98.763876,2.663905],[98.766697,2.665077],[98.765471,2.669271],[98.761853,2.675587],[98.770527,2.677922],[98.784339,2.68518],[98.798648,2.687618]]]}},{"type":"Feature","properties":{"nmkec":"Pangururan","nmkab":"Samosir","nmprov":"Sumatera Utara","kdkec":"080","kdkab":"17","kodekab":"1217","idkec":"1217080","index":383},"geometry":{"type":"MultiPolygon","coordinates":[[[[98.690959,2.712292],[98.697676,2.711304],[98.702781,2.70806],[98.707284,2.710368],[98.709785,2.709857],[98.719644,2.700083],[98.723659,2.69912],[98.725647,2.700834],[98.72788,2.700925],[98.733051,2.698723],[98.740977,2.702618],[98.758504,2.703405],[98.759686,2.700715],[98.763626,2.700164],[98.768275,2.703476],[98.773244,2.701358],[98.781319,2.683593],[98.770527,2.677922],[98.761853,2.675587],[98.765471,2.669271],[98.766697,2.665077],[98.763876,2.663905],[98.763692,2.657848],[98.769093,2.658552],[98.769676,2.656554],[98.764927,2.652619],[98.759571,2.642433],[98.752343,2.64246],[98.743986,2.640622],[98.743433,2.642016],[98.738153,2.643548],[98.73662,2.641508],[98.733482,2.639958],[98.723645,2.636521],[98.710362,2.636958],[98.710815,2.632172],[98.720884,2.614904],[98.723921,2.616779],[98.732808,2.615451],[98.738045,2.606259],[98.736983,2.603974],[98.721478,2.596164],[98.723029,2.589011],[98.73125,2.574839],[98.742751,2.567594],[98.755693,2.565742],[98.761264,2.568548],[98.764198,2.566445],[98.769451,2.556508],[98.76298,2.549456],[98.75893,2.546905],[98.754669,2.539804],[98.75465,2.537631],[98.745397,2.537384],[98.736281,2.532914],[98.733353,2.52936],[98.725149,2.536204],[98.723353,2.539041],[98.720486,2.548641],[98.719975,2.558854],[98.712655,2.570113],[98.712003,2.579848],[98.706031,2.594551],[98.699885,2.603634],[98.693057,2.609232],[98.691697,2.61239],[98.688614,2.615262],[98.689314,2.617494],[98.692277,2.620715],[98.690824,2.633568],[98.682725,2.640126],[98.687177,2.657227],[98.690092,2.708128],[98.690959,2.712292]]],[[[98.672362,2.627436],[98.672251,2.624527],[98.676244,2.618612],[98.680803,2.618094],[98.688216,2.615431],[98.691469,2.612215],[98.693121,2.607814],[98.689805,2.606607],[98.685808,2.599286],[98.68767,2.593982],[98.685602,2.586178],[98.680099,2.582855],[98.669002,2.589207],[98.664006,2.59022],[98.661175,2.588977],[98.661304,2.588283],[98.656255,2.587418],[98.648538,2.589707],[98.652144,2.59531],[98.653995,2.607847],[98.657024,2.619822],[98.657065,2.624917],[98.659052,2.628902],[98.660021,2.628062],[98.672362,2.627436]]],[[[98.690982,2.712734],[98.690982,2.712728],[98.690982,2.712734],[98.690982,2.712734]]]]}},{"type":"Feature","properties":{"nmkec":"Simanindo","nmkab":"Samosir","nmprov":"Sumatera Utara","kdkec":"090","kdkab":"17","kodekab":"1217","idkec":"1217090","index":384},"geometry":{"type":"MultiPolygon","coordinates":[[[[98.724571,2.759624],[98.732721,2.760269],[98.735624,2.756248],[98.739453,2.754435],[98.746184,2.75454],[98.754894,2.743317],[98.763,2.742395],[98.770744,2.744234],[98.77863,2.7429],[98.787762,2.736549],[98.792427,2.734469],[98.80114,2.725571],[98.811921,2.712205],[98.81186,2.703996],[98.816327,2.698483],[98.827047,2.688969],[98.830554,2.683665],[98.837336,2.680157],[98.841176,2.680527],[98.847588,2.676502],[98.851354,2.675579],[98.850751,2.677782],[98.854525,2.677946],[98.858393,2.67585],[98.862639,2.671321],[98.862221,2.668306],[98.860203,2.667383],[98.85587,2.669142],[98.851415,2.666275],[98.850098,2.663469],[98.865882,2.649771],[98.886275,2.621758],[98.889278,2.611705],[98.889598,2.606105],[98.900441,2.583607],[98.906919,2.573228],[98.905953,2.567803],[98.90344,2.565101],[98.8979,2.555123],[98.884965,2.538842],[98.88313,2.535511],[98.883577,2.534783],[98.882166,2.53511],[98.880125,2.533843],[98.868418,2.522499],[98.865104,2.524844],[98.867105,2.528712],[98.870027,2.546188],[98.865447,2.550689],[98.862851,2.555578],[98.859837,2.556919],[98.85745,2.56449],[98.854234,2.569508],[98.845401,2.57721],[98.837066,2.586786],[98.830983,2.605585],[98.831289,2.607278],[98.835697,2.612987],[98.840393,2.623189],[98.840393,2.630552],[98.839713,2.632389],[98.83795,2.630319],[98.836344,2.630074],[98.833285,2.634786],[98.832849,2.639049],[98.830861,2.640885],[98.830494,2.645565],[98.826275,2.659301],[98.811247,2.667561],[98.804574,2.668954],[98.798648,2.687618],[98.784339,2.68518],[98.781319,2.683593],[98.773244,2.701358],[98.768275,2.703476],[98.763626,2.700164],[98.759686,2.700715],[98.758504,2.703405],[98.740977,2.702618],[98.733051,2.698723],[98.72788,2.700925],[98.725647,2.700834],[98.723659,2.69912],[98.719644,2.700083],[98.709785,2.709857],[98.707284,2.710368],[98.702781,2.70806],[98.697676,2.711304],[98.690959,2.712292],[98.692473,2.721267],[98.696424,2.733984],[98.7098,2.743394],[98.716938,2.751826],[98.721322,2.75473],[98.724571,2.759624]]],[[[98.741997,2.76431],[98.742367,2.762659],[98.741677,2.76256],[98.738399,2.764187],[98.739705,2.765518],[98.741997,2.76431]]],[[[98.745159,2.757867],[98.744904,2.756969],[98.741924,2.757995],[98.743701,2.758685],[98.745159,2.757867]]],[[[98.81185,2.714419],[98.81385,2.711978],[98.812618,2.712071],[98.81185,2.714419]]]]}},{"type":"Feature","properties":{"nmkec":"Perbaungan","nmkab":"Serdang Bedagai","nmprov":"Sumatera Utara","kdkec":"100","kdkab":"18","kodekab":"1218","idkec":"1218100","index":385},"geometry":{"type":"MultiPolygon","coordinates":[[[[98.971887,3.603343],[98.997818,3.602472],[99.005816,3.604648],[99.008825,3.602081],[99.011001,3.598025],[99.020031,3.597236],[99.022612,3.598276],[99.022857,3.604479],[99.029332,3.605577],[99.034829,3.604784],[99.044744,3.60006],[99.045072,3.599246],[99.043,3.597495],[99.040259,3.597372],[99.040368,3.595598],[99.042472,3.5927],[99.054552,3.589407],[99.056905,3.592634],[99.059703,3.594354],[99.063468,3.590502],[99.075147,3.58183],[99.078687,3.583644],[99.082845,3.589882],[99.086835,3.593327],[99.08612,3.594173],[99.087305,3.595677],[99.100123,3.584889],[99.119205,3.571637],[99.119654,3.570429],[99.116878,3.568252],[99.109987,3.568744],[99.102377,3.572713],[99.09219,3.572713],[99.085877,3.569782],[99.08475,3.566894],[99.077192,3.562169],[99.073934,3.560929],[99.061445,3.559617],[99.049558,3.543816],[99.049012,3.539299],[99.043115,3.536606],[99.041846,3.533663],[99.041711,3.526799],[98.999374,3.530038],[99.002508,3.558693],[99.000387,3.558715],[98.995267,3.555403],[98.992968,3.555434],[98.991005,3.546248],[98.956573,3.546653],[98.956704,3.541206],[98.958982,3.532566],[98.957496,3.528461],[98.953716,3.525156],[98.95357,3.523069],[98.961816,3.521712],[98.962463,3.532225],[98.963463,3.534043],[98.966173,3.532804],[98.969628,3.532722],[98.968465,3.535208],[98.965789,3.535365],[98.964876,3.536631],[98.965676,3.537959],[98.983586,3.537558],[98.983499,3.518116],[98.98141,3.50878],[98.982507,3.506751],[98.985114,3.505745],[98.984823,3.497631],[98.980931,3.49838],[98.978869,3.502687],[98.975668,3.504267],[98.964949,3.507264],[98.963014,3.508621],[98.961222,3.512403],[98.952438,3.511959],[98.951646,3.506835],[98.941267,3.481198],[98.929537,3.481322],[98.934971,3.492357],[98.935989,3.499032],[98.933126,3.503436],[98.936721,3.51419],[98.936839,3.518128],[98.935908,3.52387],[98.932326,3.531679],[98.932717,3.536226],[98.930473,3.540791],[98.926491,3.544542],[98.926419,3.546667],[98.932313,3.555962],[98.934079,3.567589],[98.932216,3.570081],[98.923236,3.575762],[98.918683,3.583812],[98.937218,3.583757],[98.937495,3.589927],[98.945398,3.589707],[98.945512,3.593004],[98.959157,3.592702],[98.959222,3.59438],[98.96558,3.595841],[98.966664,3.61429],[98.974606,3.614143],[98.972246,3.610639],[98.970904,3.605297],[98.971887,3.603343]],[[98.979204,3.567855],[98.979095,3.563274],[99.00303,3.563179],[99.003331,3.565696],[98.979204,3.567855]]],[[[98.96197,3.531929],[98.961534,3.528696],[98.958393,3.529053],[98.959162,3.531541],[98.96197,3.531929]]]]}},{"type":"Feature","properties":{"nmkec":"Tebingtinggi","nmkab":"Serdang Bedagai","nmprov":"Sumatera Utara","kdkec":"050","kdkab":"18","kodekab":"1218","idkec":"1218050","index":386},"geometry":{"type":"Polygon","coordinates":[[[99.207802,3.43347],[99.247629,3.398183],[99.249516,3.393883],[99.246652,3.388766],[99.240444,3.370173],[99.239456,3.370538],[99.23863,3.366358],[99.23577,3.363879],[99.229719,3.360326],[99.216058,3.355683],[99.206766,3.350755],[99.202212,3.349346],[99.200426,3.346331],[99.191925,3.344081],[99.192763,3.352363],[99.18844,3.351855],[99.186469,3.354001],[99.185766,3.356464],[99.177321,3.353171],[99.174507,3.349344],[99.167629,3.350023],[99.167546,3.351561],[99.171883,3.355223],[99.168393,3.359767],[99.169752,3.363186],[99.17116,3.364904],[99.17613,3.366936],[99.176811,3.368004],[99.176615,3.370929],[99.168271,3.378135],[99.166168,3.373179],[99.154708,3.366922],[99.165556,3.35661],[99.16458,3.354381],[99.158606,3.347877],[99.159497,3.346656],[99.155833,3.342695],[99.154364,3.341583],[99.145115,3.349993],[99.139966,3.34492],[99.135421,3.349792],[99.128905,3.349853],[99.125466,3.345832],[99.116273,3.338678],[99.11675,3.33557],[99.124952,3.335635],[99.125297,3.329069],[99.128322,3.328568],[99.12931,3.324258],[99.128221,3.323088],[99.128071,3.319974],[99.131991,3.315219],[99.133132,3.309372],[99.132447,3.307365],[99.125376,3.305681],[99.118619,3.299626],[99.123503,3.291911],[99.140277,3.273196],[99.144147,3.266697],[99.145592,3.260581],[99.142086,3.256495],[99.138184,3.254816],[99.135689,3.247398],[99.127503,3.244956],[99.126359,3.240878],[99.129016,3.239539],[99.127348,3.236511],[99.108345,3.237484],[99.093216,3.237058],[99.095465,3.250363],[99.097641,3.253992],[99.099791,3.263997],[99.097988,3.265389],[99.074314,3.265436],[99.074194,3.270349],[99.066814,3.270445],[99.063512,3.270424],[99.063573,3.265335],[99.052028,3.265322],[99.056392,3.268351],[99.066956,3.279765],[99.065179,3.282222],[99.067716,3.28239],[99.068468,3.281577],[99.070811,3.285076],[99.07341,3.28505],[99.071071,3.286554],[99.071735,3.299021],[99.076116,3.30203],[99.079688,3.308657],[99.088264,3.312599],[99.08348,3.32413],[99.090807,3.331353],[99.0946,3.337026],[99.095735,3.3433],[99.100705,3.34776],[99.105519,3.355289],[99.104852,3.356073],[99.10339,3.355652],[99.097004,3.362294],[99.084885,3.351246],[99.080472,3.356216],[99.079081,3.361245],[99.083963,3.365757],[99.082479,3.367281],[99.083861,3.368625],[99.093254,3.373877],[99.09638,3.377775],[99.098364,3.375714],[99.100319,3.377546],[99.107233,3.370256],[99.115767,3.378382],[99.118716,3.377198],[99.125936,3.383899],[99.132143,3.377315],[99.147761,3.381452],[99.150843,3.383991],[99.159702,3.395221],[99.163078,3.397748],[99.176236,3.40196],[99.183311,3.407081],[99.181611,3.409587],[99.190246,3.418799],[99.194298,3.421189],[99.197599,3.421528],[99.199367,3.419607],[99.207619,3.429231],[99.207802,3.43347]],[[99.072492,3.279951],[99.071708,3.27911],[99.072015,3.275648],[99.076426,3.274972],[99.078699,3.276048],[99.078425,3.279626],[99.072492,3.279951]]]}},{"type":"Feature","properties":{"nmkec":"Bandar Khalipah","nmkab":"Serdang Bedagai","nmprov":"Sumatera Utara","kdkec":"060","kdkab":"18","kodekab":"1218","idkec":"1218060","index":387},"geometry":{"type":"Polygon","coordinates":[[[99.28648,3.480731],[99.292275,3.479348],[99.2938,3.477747],[99.292235,3.476392],[99.29323,3.467746],[99.292747,3.46448],[99.2944,3.461476],[99.295802,3.46332],[99.298307,3.462347],[99.302371,3.456868],[99.301497,3.455691],[99.299131,3.455153],[99.300475,3.450611],[99.298906,3.446873],[99.300763,3.446182],[99.301603,3.447017],[99.3019,3.449294],[99.299882,3.453579],[99.30122,3.454821],[99.309051,3.449108],[99.317248,3.436433],[99.307138,3.425713],[99.303631,3.419927],[99.285698,3.399274],[99.282313,3.393548],[99.293564,3.378895],[99.283375,3.363087],[99.253841,3.365639],[99.240444,3.370173],[99.246652,3.388766],[99.249516,3.393883],[99.247629,3.398183],[99.214737,3.426899],[99.228689,3.440561],[99.234924,3.442161],[99.244731,3.449341],[99.255988,3.454068],[99.268451,3.467103],[99.276223,3.472002],[99.280754,3.472307],[99.283596,3.479097],[99.28648,3.480731]]]}},{"type":"Feature","properties":{"nmkec":"Lima Puluh Pesisir","nmkab":"Batu Bara","nmprov":"Sumatera Utara","kdkec":"041","kdkab":"19","kodekab":"1219","idkec":"1219041","index":388},"geometry":{"type":"Polygon","coordinates":[[[99.494206,3.314492],[99.498936,3.309776],[99.500905,3.305016],[99.510208,3.295939],[99.513102,3.29012],[99.512442,3.285807],[99.526617,3.274068],[99.534811,3.259493],[99.519998,3.237268],[99.525434,3.232452],[99.530443,3.226205],[99.531229,3.22151],[99.525616,3.214416],[99.514121,3.217533],[99.508083,3.221451],[99.499711,3.235278],[99.493854,3.223547],[99.489796,3.224016],[99.485868,3.222129],[99.484906,3.220229],[99.476811,3.232107],[99.474037,3.232018],[99.474378,3.243316],[99.472168,3.248593],[99.46546,3.252947],[99.464991,3.264258],[99.45749,3.263155],[99.448941,3.253444],[99.425363,3.253551],[99.427759,3.266347],[99.425689,3.266948],[99.425149,3.264654],[99.422604,3.26175],[99.416323,3.264464],[99.417365,3.269159],[99.422454,3.271748],[99.428933,3.280314],[99.430659,3.283402],[99.431604,3.288576],[99.439899,3.292459],[99.446852,3.292305],[99.450742,3.294023],[99.454875,3.298274],[99.456074,3.300366],[99.456294,3.305372],[99.461105,3.313584],[99.465415,3.315673],[99.471147,3.314019],[99.476336,3.314191],[99.486521,3.312473],[99.488315,3.310785],[99.494206,3.314492]]]}},{"type":"Feature","properties":{"nmkec":"Sei Suka","nmkab":"Batu Bara","nmprov":"Sumatera Utara","kdkec":"060","kdkab":"19","kodekab":"1219","idkec":"1219060","index":389},"geometry":{"type":"Polygon","coordinates":[[[99.340033,3.380835],[99.342745,3.374593],[99.342271,3.365965],[99.347034,3.352699],[99.352526,3.347683],[99.357494,3.348971],[99.363353,3.345399],[99.364832,3.343189],[99.363175,3.338159],[99.366323,3.331701],[99.366034,3.318384],[99.370477,3.321237],[99.3717,3.326808],[99.375191,3.332631],[99.385045,3.341811],[99.385893,3.344158],[99.395549,3.351413],[99.396649,3.354415],[99.398332,3.354066],[99.401048,3.344974],[99.407038,3.35067],[99.410577,3.348066],[99.411396,3.345508],[99.415148,3.346946],[99.420145,3.350354],[99.423098,3.356223],[99.424785,3.363424],[99.427942,3.368793],[99.437028,3.370324],[99.440511,3.366868],[99.443927,3.364929],[99.448401,3.364228],[99.45551,3.357769],[99.469616,3.349576],[99.474597,3.347281],[99.48502,3.3475],[99.490003,3.34363],[99.489001,3.339128],[99.486347,3.337054],[99.485653,3.332506],[99.488314,3.3138],[99.487375,3.311829],[99.469557,3.321658],[99.454342,3.333088],[99.449661,3.338114],[99.446273,3.339083],[99.444872,3.334528],[99.443247,3.333745],[99.436779,3.338914],[99.433046,3.33731],[99.429052,3.332419],[99.420788,3.328034],[99.409395,3.319058],[99.407141,3.31904],[99.40545,3.320359],[99.398893,3.316694],[99.390033,3.318004],[99.375443,3.304662],[99.363873,3.297297],[99.356429,3.301229],[99.355732,3.302575],[99.356723,3.306014],[99.359306,3.307874],[99.362121,3.308503],[99.366272,3.312864],[99.366554,3.316348],[99.365312,3.317023],[99.361394,3.310908],[99.352204,3.307657],[99.349711,3.303697],[99.344818,3.300598],[99.34489,3.296809],[99.346782,3.29372],[99.344591,3.287741],[99.314619,3.298653],[99.304802,3.304421],[99.312369,3.305309],[99.315319,3.312266],[99.315913,3.320753],[99.317952,3.32753],[99.324412,3.339421],[99.328932,3.345526],[99.329521,3.35703],[99.336369,3.376292],[99.338902,3.377793],[99.340033,3.380835]]]}},{"type":"Feature","properties":{"nmkec":"Laut Tador","nmkab":"Batu Bara","nmprov":"Sumatera Utara","kdkec":"061","kdkab":"19","kodekab":"1219","idkec":"1219061","index":390},"geometry":{"type":"Polygon","coordinates":[[[99.321598,3.385666],[99.325046,3.383439],[99.337974,3.381522],[99.339976,3.380409],[99.338902,3.377793],[99.336369,3.376292],[99.329521,3.35703],[99.328932,3.345526],[99.324412,3.339421],[99.317952,3.32753],[99.315913,3.320753],[99.315319,3.312266],[99.312369,3.305309],[99.304802,3.304421],[99.303957,3.297369],[99.304997,3.292387],[99.301676,3.283157],[99.297607,3.283262],[99.291622,3.281073],[99.289764,3.278015],[99.291193,3.276098],[99.288078,3.275101],[99.279792,3.274547],[99.267455,3.278333],[99.262884,3.275889],[99.25877,3.272018],[99.261036,3.264102],[99.260234,3.259569],[99.252144,3.255754],[99.248974,3.260776],[99.240202,3.259973],[99.23637,3.257124],[99.235328,3.252483],[99.239948,3.251853],[99.240167,3.247062],[99.232337,3.242981],[99.229742,3.231399],[99.225603,3.225422],[99.224362,3.220035],[99.22638,3.214316],[99.225281,3.207901],[99.227325,3.206302],[99.226013,3.204705],[99.206777,3.224715],[99.21641,3.238881],[99.218621,3.240045],[99.231349,3.25696],[99.231122,3.261988],[99.225887,3.262085],[99.223533,3.263465],[99.223486,3.279563],[99.23253,3.27912],[99.242707,3.280336],[99.261028,3.306531],[99.262724,3.309111],[99.263699,3.31318],[99.264083,3.318357],[99.262911,3.325226],[99.269728,3.336937],[99.272715,3.354142],[99.283375,3.363087],[99.28645,3.368122],[99.290737,3.369649],[99.292275,3.368189],[99.294756,3.36811],[99.298076,3.370033],[99.30465,3.379944],[99.311496,3.3837],[99.321598,3.385666]]]}},{"type":"Feature","properties":{"nmkec":"Medang Deras","nmkab":"Batu Bara","nmprov":"Sumatera Utara","kdkec":"070","kdkab":"19","kodekab":"1219","idkec":"1219070","index":391},"geometry":{"type":"Polygon","coordinates":[[[99.333146,3.42424],[99.336,3.424415],[99.344889,3.420065],[99.363622,3.403844],[99.365822,3.399025],[99.406144,3.388132],[99.419479,3.386062],[99.416448,3.386207],[99.415922,3.384208],[99.416711,3.383226],[99.432563,3.377562],[99.441217,3.372955],[99.445216,3.369419],[99.448401,3.364228],[99.442581,3.365555],[99.437028,3.370324],[99.427942,3.368793],[99.424785,3.363424],[99.423098,3.356223],[99.420145,3.350354],[99.411396,3.345508],[99.410577,3.348066],[99.407038,3.35067],[99.401048,3.344974],[99.398332,3.354066],[99.396649,3.354415],[99.395549,3.351413],[99.385893,3.344158],[99.385045,3.341811],[99.375191,3.332631],[99.3717,3.326808],[99.370477,3.321237],[99.366034,3.318384],[99.366323,3.331701],[99.363175,3.338159],[99.364832,3.343189],[99.363353,3.345399],[99.357494,3.348971],[99.352526,3.347683],[99.347034,3.352699],[99.342271,3.365965],[99.342745,3.374593],[99.340033,3.380835],[99.325046,3.383439],[99.321598,3.385666],[99.311496,3.3837],[99.303486,3.37907],[99.301116,3.375596],[99.300732,3.373339],[99.296449,3.368895],[99.292275,3.368189],[99.290737,3.369649],[99.28645,3.368122],[99.290769,3.373564],[99.293564,3.378895],[99.282313,3.393548],[99.285698,3.399274],[99.303631,3.419927],[99.307138,3.425713],[99.317248,3.436433],[99.31964,3.432873],[99.322955,3.431473],[99.328691,3.426269],[99.333146,3.42424]]]}},{"type":"Feature","properties":{"nmkec":"Batang Onang","nmkab":"Padang Lawas Utara","nmprov":"Sumatera Utara","kdkec":"010","kdkab":"20","kodekab":"1220","idkec":"1220010","index":392},"geometry":{"type":"Polygon","coordinates":[[[99.405404,1.414513],[99.408642,1.408014],[99.41374,1.40175],[99.415851,1.397661],[99.417594,1.396829],[99.419351,1.397665],[99.419774,1.399931],[99.423223,1.403511],[99.425778,1.403667],[99.436747,1.39876],[99.441926,1.394598],[99.450067,1.397602],[99.453462,1.396125],[99.457236,1.39257],[99.460448,1.384721],[99.467068,1.373782],[99.496754,1.366444],[99.519581,1.361993],[99.524617,1.357836],[99.533746,1.346748],[99.53834,1.346201],[99.543291,1.348616],[99.549202,1.348194],[99.556682,1.345902],[99.564718,1.34561],[99.572902,1.343893],[99.578353,1.339779],[99.579258,1.334591],[99.587136,1.330892],[99.597448,1.33303],[99.60503,1.329049],[99.610444,1.324955],[99.616513,1.323437],[99.621,1.327549],[99.62474,1.325076],[99.628967,1.32029],[99.628647,1.3191],[99.626732,1.316],[99.625183,1.315206],[99.617759,1.315603],[99.61,1.314426],[99.604698,1.312127],[99.598328,1.306112],[99.583999,1.306112],[99.578514,1.30452],[99.573212,1.300098],[99.570022,1.294968],[99.567375,1.285947],[99.56401,1.280286],[99.562416,1.279401],[99.552513,1.279578],[99.54261,1.282409],[99.538536,1.281701],[99.535179,1.278517],[99.534118,1.27551],[99.531998,1.273387],[99.510239,1.264896],[99.502632,1.263127],[99.49414,1.262597],[99.48671,1.263304],[99.477601,1.262225],[99.472964,1.259217],[99.469232,1.253981],[99.464951,1.244023],[99.461235,1.2396],[99.426191,1.231807],[99.427129,1.235957],[99.426614,1.2389],[99.420204,1.242684],[99.416092,1.251717],[99.41896,1.260814],[99.417359,1.267412],[99.419213,1.278431],[99.412597,1.285041],[99.407791,1.300343],[99.390831,1.314435],[99.392807,1.323226],[99.390846,1.332554],[99.387909,1.335221],[99.377754,1.352953],[99.368911,1.362058],[99.364609,1.37584],[99.35976,1.383838],[99.36147,1.39313],[99.371685,1.406135],[99.376649,1.407421],[99.380521,1.411605],[99.383822,1.41269],[99.389388,1.414007],[99.39444,1.410119],[99.397645,1.414047],[99.40248,1.415501],[99.405404,1.414513]]]}},{"type":"Feature","properties":{"nmkec":"Portibi","nmkab":"Padang Lawas Utara","nmprov":"Sumatera Utara","kdkec":"030","kdkab":"20","kodekab":"1220","idkec":"1220030","index":393},"geometry":{"type":"Polygon","coordinates":[[[99.679651,1.496657],[99.709815,1.483375],[99.720216,1.485237],[99.744954,1.493656],[99.748048,1.493542],[99.750643,1.494774],[99.752489,1.493762],[99.750467,1.490289],[99.752234,1.482151],[99.754011,1.479069],[99.75627,1.477978],[99.765284,1.46958],[99.77105,1.457111],[99.766504,1.456698],[99.764064,1.459138],[99.761689,1.460061],[99.758678,1.459292],[99.753863,1.45573],[99.753116,1.453598],[99.753509,1.442421],[99.749281,1.429287],[99.735962,1.417501],[99.736818,1.412598],[99.734749,1.404449],[99.721367,1.395031],[99.713007,1.392795],[99.706322,1.386205],[99.702835,1.37843],[99.70107,1.376596],[99.696335,1.377787],[99.692833,1.375787],[99.682083,1.373746],[99.675926,1.36877],[99.663338,1.352747],[99.645757,1.340715],[99.640637,1.349459],[99.638201,1.360166],[99.626696,1.379233],[99.622635,1.392185],[99.618883,1.394398],[99.616772,1.396841],[99.614476,1.407125],[99.603389,1.411964],[99.604433,1.42574],[99.608572,1.42601],[99.618818,1.431286],[99.619131,1.443728],[99.618118,1.445182],[99.613868,1.446903],[99.613752,1.449663],[99.627012,1.469355],[99.627285,1.472512],[99.630947,1.481927],[99.636185,1.485239],[99.638143,1.48539],[99.639817,1.494481],[99.657255,1.493905],[99.663864,1.492028],[99.6759,1.494465],[99.679651,1.496657]]]}},{"type":"Feature","properties":{"nmkec":"Padang Bolak Tenggara","nmkab":"Padang Lawas Utara","nmprov":"Sumatera Utara","kdkec":"041","kdkab":"20","kodekab":"1220","idkec":"1220041","index":394},"geometry":{"type":"Polygon","coordinates":[[[99.517631,1.494023],[99.544376,1.486554],[99.54525,1.481773],[99.544428,1.473547],[99.549783,1.462858],[99.556874,1.458051],[99.550914,1.451291],[99.555703,1.44495],[99.559084,1.434729],[99.566375,1.430753],[99.569959,1.424309],[99.604479,1.425609],[99.603389,1.411964],[99.614476,1.407125],[99.616772,1.396841],[99.618883,1.394398],[99.622635,1.392185],[99.626696,1.379233],[99.638201,1.360166],[99.640637,1.349459],[99.645757,1.340715],[99.639799,1.335453],[99.628935,1.322323],[99.628967,1.32029],[99.62474,1.325076],[99.621,1.327549],[99.616513,1.323437],[99.610444,1.324955],[99.60503,1.329049],[99.597448,1.33303],[99.587136,1.330892],[99.579258,1.334591],[99.578353,1.339779],[99.572902,1.343893],[99.564614,1.34566],[99.566062,1.357468],[99.564407,1.362684],[99.537873,1.381548],[99.537205,1.385121],[99.538238,1.388407],[99.534795,1.40015],[99.534836,1.401804],[99.537635,1.404879],[99.537954,1.406986],[99.536559,1.410828],[99.533083,1.414506],[99.533028,1.419763],[99.534477,1.422744],[99.533383,1.424997],[99.529439,1.426524],[99.526752,1.431833],[99.519232,1.441472],[99.503492,1.453305],[99.49588,1.492042],[99.496353,1.501497],[99.503689,1.503969],[99.517631,1.494023]]]}},{"type":"Feature","properties":{"nmkec":"Ujung Batu","nmkab":"Padang Lawas Utara","nmprov":"Sumatera Utara","kdkec":"051","kdkab":"20","kodekab":"1220","idkec":"1220051","index":395},"geometry":{"type":"MultiPolygon","coordinates":[[[[100.08128,1.738639],[100.095945,1.724619],[100.09755,1.721463],[100.09785,1.709031],[100.099965,1.701775],[100.117519,1.698148],[100.117934,1.693153],[100.116873,1.689],[100.117645,1.681185],[100.122291,1.677761],[100.125213,1.672771],[100.121529,1.66582],[100.122888,1.658075],[100.126381,1.655527],[100.127847,1.650791],[100.130834,1.647307],[100.133791,1.646033],[100.143547,1.628985],[100.059806,1.630463],[100.058134,1.624547],[100.05689,1.623446],[100.051474,1.621977],[100.048776,1.623893],[100.035477,1.610069],[100.033292,1.609667],[100.023323,1.611068],[100.018704,1.614137],[100.008731,1.616779],[100.003701,1.619813],[100.004617,1.621687],[100.002194,1.624558],[99.997593,1.623112],[99.989147,1.616221],[99.984892,1.612638],[99.980298,1.606687],[99.976747,1.609319],[99.971534,1.609237],[99.971358,1.635603],[99.993351,1.636225],[99.994381,1.636961],[99.993776,1.640262],[100.002127,1.651958],[100.00286,1.657587],[100.010305,1.66771],[100.022387,1.6768],[100.038837,1.701025],[100.034967,1.713763],[100.037685,1.718996],[100.043249,1.721626],[100.045051,1.72041],[100.048135,1.720474],[100.059155,1.724249],[100.065669,1.727833],[100.070133,1.72602],[100.071581,1.728373],[100.070857,1.730303],[100.073225,1.73161],[100.077457,1.736551],[100.08128,1.738639]],[[99.973277,1.621357],[99.973245,1.6195],[99.976057,1.61966],[99.975973,1.621423],[99.973277,1.621357]]],[[[100.066436,1.60816],[100.066113,1.604014],[100.063169,1.604032],[100.063223,1.60825],[100.066436,1.60816]]],[[[100.164106,1.589852],[100.164244,1.58756],[100.15973,1.587768],[100.159452,1.589713],[100.164106,1.589852]]],[[[100.160859,1.568193],[100.160835,1.565507],[100.157205,1.566101],[100.157229,1.568291],[100.160859,1.568193]]],[[[100.130846,1.624391],[100.130907,1.622075],[100.127409,1.622177],[100.127429,1.624289],[100.130846,1.624391]]],[[[100.128632,1.60591],[100.126225,1.60587],[100.126236,1.608695],[100.128459,1.608684],[100.128632,1.60591]]]]}},{"type":"Feature","properties":{"nmkec":"Halongonan","nmkab":"Padang Lawas Utara","nmprov":"Sumatera Utara","kdkec":"060","kdkab":"20","kodekab":"1220","idkec":"1220060","index":396},"geometry":{"type":"Polygon","coordinates":[[[99.604091,1.747052],[99.61962,1.740358],[99.622908,1.73467],[99.632955,1.72986],[99.670134,1.725332],[99.673613,1.72374],[99.69778,1.720366],[99.705034,1.71786],[99.730197,1.717481],[99.735029,1.723478],[99.761434,1.71287],[99.765266,1.710535],[99.767696,1.706716],[99.771393,1.696553],[99.788177,1.686381],[99.79676,1.682761],[99.799865,1.679307],[99.809761,1.673438],[99.816617,1.67298],[99.821364,1.665086],[99.825251,1.655644],[99.815419,1.645209],[99.810083,1.63772],[99.804181,1.635659],[99.801345,1.633114],[99.795634,1.632405],[99.791054,1.627745],[99.789092,1.628741],[99.787771,1.625463],[99.788255,1.621016],[99.789563,1.619299],[99.797011,1.617695],[99.808005,1.607983],[99.808729,1.604605],[99.814061,1.598951],[99.812887,1.595596],[99.814403,1.589887],[99.818312,1.587092],[99.822861,1.576105],[99.830139,1.575802],[99.833636,1.570013],[99.838387,1.554516],[99.837721,1.55114],[99.83506,1.551584],[99.831206,1.554124],[99.819362,1.555766],[99.815204,1.554768],[99.805668,1.544816],[99.801954,1.546272],[99.789969,1.546434],[99.782299,1.545565],[99.777753,1.54386],[99.774662,1.542557],[99.772871,1.539803],[99.772169,1.523648],[99.770335,1.523531],[99.767408,1.527043],[99.761633,1.528214],[99.755211,1.524685],[99.753214,1.52247],[99.74937,1.514617],[99.748815,1.509093],[99.746009,1.510918],[99.735212,1.508083],[99.732904,1.51193],[99.736755,1.516123],[99.735246,1.522033],[99.732627,1.522678],[99.732045,1.527155],[99.733147,1.530218],[99.740451,1.528624],[99.745895,1.532086],[99.745181,1.537526],[99.743767,1.539875],[99.731316,1.540946],[99.714654,1.548151],[99.702731,1.564106],[99.681364,1.571111],[99.672738,1.581064],[99.661699,1.58595],[99.649165,1.597415],[99.635851,1.613207],[99.63758,1.613486],[99.637234,1.63692],[99.633428,1.639483],[99.628395,1.644875],[99.606903,1.658869],[99.602342,1.668336],[99.60098,1.696216],[99.598363,1.708179],[99.602637,1.744621],[99.604091,1.747052]]]}},{"type":"Feature","properties":{"nmkec":"Halongonan Timur","nmkab":"Padang Lawas Utara","nmprov":"Sumatera Utara","kdkec":"061","kdkab":"20","kodekab":"1220","idkec":"1220061","index":397},"geometry":{"type":"Polygon","coordinates":[[[99.90494,1.716922],[99.910373,1.715402],[99.912717,1.71087],[99.923873,1.698621],[99.938451,1.675682],[99.941256,1.667434],[99.944849,1.665244],[99.950918,1.649999],[99.961939,1.637165],[99.964743,1.635522],[99.971358,1.635603],[99.971534,1.609237],[99.976747,1.609319],[99.981619,1.604931],[99.976599,1.592064],[99.968154,1.587789],[99.965379,1.578741],[99.957809,1.578469],[99.949424,1.569542],[99.938845,1.564149],[99.937746,1.561123],[99.916441,1.543206],[99.913468,1.546622],[99.911907,1.552744],[99.909414,1.554874],[99.903647,1.555636],[99.89943,1.551913],[99.885739,1.545081],[99.867521,1.533085],[99.865476,1.513076],[99.860236,1.507836],[99.849828,1.50747],[99.842857,1.502888],[99.82814,1.489745],[99.775138,1.446741],[99.772989,1.450037],[99.770076,1.459731],[99.765284,1.46958],[99.75627,1.477978],[99.754011,1.479069],[99.752234,1.482151],[99.750467,1.490289],[99.752489,1.493762],[99.750643,1.494774],[99.748048,1.493542],[99.745527,1.493787],[99.748775,1.494643],[99.75548,1.503619],[99.754816,1.505188],[99.748815,1.509093],[99.74937,1.514617],[99.753214,1.52247],[99.755211,1.524685],[99.761633,1.528214],[99.767408,1.527043],[99.770335,1.523531],[99.772169,1.523648],[99.772871,1.539803],[99.774662,1.542557],[99.777753,1.54386],[99.782299,1.545565],[99.789969,1.546434],[99.801954,1.546272],[99.805668,1.544816],[99.815204,1.554768],[99.819362,1.555766],[99.831206,1.554124],[99.837291,1.550683],[99.838387,1.554516],[99.833636,1.570013],[99.830139,1.575802],[99.822861,1.576105],[99.818312,1.587092],[99.814403,1.589887],[99.812887,1.595596],[99.814061,1.598951],[99.808729,1.604605],[99.808005,1.607983],[99.797011,1.617695],[99.789563,1.619299],[99.788255,1.621016],[99.787771,1.625463],[99.789092,1.628741],[99.791054,1.627745],[99.795634,1.632405],[99.801345,1.633114],[99.804181,1.635659],[99.810083,1.63772],[99.815419,1.645209],[99.825251,1.655644],[99.829399,1.650444],[99.840134,1.643272],[99.845642,1.637362],[99.847298,1.637409],[99.857361,1.652349],[99.8629,1.662527],[99.884072,1.689062],[99.891774,1.692634],[99.894684,1.695445],[99.89476,1.704338],[99.894163,1.707108],[99.892316,1.708291],[99.893138,1.712879],[99.90494,1.716922]]]}},{"type":"Feature","properties":{"nmkec":"Ulu Barumun","nmkab":"Padang Lawas","nmprov":"Sumatera Utara","kdkec":"020","kdkab":"21","kodekab":"1221","idkec":"1221020","index":398},"geometry":{"type":"Polygon","coordinates":[[[99.699903,1.108216],[99.723952,1.09013],[99.710073,1.079233],[99.705885,1.078727],[99.687049,1.067105],[99.683712,1.052859],[99.684857,1.047788],[99.687476,1.047169],[99.68684,1.042376],[99.685451,1.039549],[99.677329,1.034614],[99.641346,1.007062],[99.626542,0.989995],[99.62099,0.985472],[99.617495,0.975191],[99.613177,0.96964],[99.597788,0.957378],[99.595573,0.964383],[99.587027,0.968769],[99.587158,0.970941],[99.59272,0.984321],[99.599297,0.993625],[99.599715,0.995643],[99.597079,1.006917],[99.594734,1.010216],[99.582626,1.017813],[99.579737,1.020643],[99.572272,1.034566],[99.569527,1.041733],[99.567974,1.051544],[99.568917,1.063803],[99.566529,1.066891],[99.561246,1.069048],[99.572588,1.081986],[99.578345,1.086173],[99.593525,1.101222],[99.597189,1.102792],[99.60118,1.102203],[99.618658,1.110099],[99.635211,1.12583],[99.583308,1.171835],[99.597166,1.183292],[99.634879,1.217816],[99.640482,1.228611],[99.646331,1.230835],[99.645791,1.22758],[99.646721,1.225231],[99.657222,1.211303],[99.660331,1.203886],[99.661579,1.19757],[99.66552,1.189713],[99.656052,1.177011],[99.666289,1.153597],[99.663189,1.150875],[99.69239,1.11573],[99.699903,1.108216]]]}},{"type":"Feature","properties":{"nmkec":"Barumun","nmkab":"Padang Lawas","nmprov":"Sumatera Utara","kdkec":"030","kdkab":"21","kodekab":"1221","idkec":"1221030","index":399},"geometry":{"type":"Polygon","coordinates":[[[99.730378,1.080119],[99.734696,1.074054],[99.736829,1.072537],[99.743307,1.070595],[99.745394,1.068189],[99.760597,1.066811],[99.774964,1.068333],[99.799394,1.061672],[99.798442,1.060483],[99.79711,1.045878],[99.794589,1.03798],[99.793103,1.03582],[99.787932,1.042558],[99.742012,1.039819],[99.743215,1.028049],[99.748528,1.021322],[99.741821,1.01903],[99.740623,1.016481],[99.746493,0.996164],[99.737326,0.988185],[99.701466,0.952182],[99.684777,0.932728],[99.677689,0.932037],[99.668304,0.92748],[99.659767,0.927872],[99.650222,0.918837],[99.645965,0.918682],[99.639846,0.920452],[99.634681,0.927688],[99.626251,0.934791],[99.624572,0.938765],[99.625678,0.94214],[99.624772,0.943602],[99.616347,0.94848],[99.601065,0.950412],[99.597788,0.957378],[99.613177,0.96964],[99.617495,0.975191],[99.62099,0.985472],[99.626542,0.989995],[99.641346,1.007062],[99.677329,1.034614],[99.685451,1.039549],[99.68684,1.042376],[99.687476,1.047169],[99.684857,1.047788],[99.683712,1.052859],[99.686755,1.066581],[99.687998,1.068021],[99.705885,1.078727],[99.710073,1.079233],[99.723615,1.089866],[99.727602,1.088652],[99.730378,1.080119]]]}},{"type":"Feature","properties":{"nmkec":"Barumun Selatan","nmkab":"Padang Lawas","nmprov":"Sumatera Utara","kdkec":"031","kdkab":"21","kodekab":"1221","idkec":"1221031","index":400},"geometry":{"type":"Polygon","coordinates":[[[99.787932,1.042558],[99.793024,1.036193],[99.794552,1.028936],[99.792515,1.018752],[99.771453,1.011184],[99.774896,1.007064],[99.778015,0.997899],[99.780541,0.984752],[99.776332,0.978739],[99.773164,0.975865],[99.773172,0.972893],[99.769052,0.967065],[99.733072,0.893308],[99.721352,0.895186],[99.719742,0.896973],[99.718529,0.90311],[99.713165,0.906295],[99.711891,0.915414],[99.701798,0.924245],[99.690635,0.932192],[99.688606,0.933208],[99.684777,0.932728],[99.701466,0.952182],[99.737326,0.988185],[99.746493,0.996164],[99.740623,1.016481],[99.741821,1.01903],[99.748528,1.021322],[99.743215,1.028049],[99.742012,1.039819],[99.787932,1.042558]]]}},{"type":"Feature","properties":{"nmkec":"Marbau","nmkab":"Labuhan Batu Utara","nmprov":"Sumatera Utara","kdkec":"020","kdkab":"23","kodekab":"1223","idkec":"1223020","index":401},"geometry":{"type":"Polygon","coordinates":[[[99.984634,2.327313],[99.985802,2.285006],[99.979916,2.285589],[99.980969,2.23091],[99.983167,2.208358],[99.953968,2.199153],[99.938573,2.203233],[99.929486,2.190972],[99.92724,2.190222],[99.902274,2.193117],[99.898089,2.195171],[99.880801,2.208234],[99.876766,2.20223],[99.858194,2.203473],[99.853724,2.202983],[99.85346,2.174621],[99.826206,2.173473],[99.811342,2.173788],[99.813888,2.183657],[99.792305,2.187845],[99.771969,2.188008],[99.773427,2.199005],[99.772645,2.220657],[99.779623,2.220848],[99.778861,2.225591],[99.77166,2.226636],[99.771699,2.256109],[99.780022,2.256068],[99.780159,2.260967],[99.777654,2.265688],[99.782024,2.270573],[99.785968,2.278472],[99.788458,2.278404],[99.788465,2.286359],[99.797328,2.283068],[99.821703,2.297333],[99.866774,2.298085],[99.867136,2.326033],[99.984634,2.327313]]]}},{"type":"Feature","properties":{"nmkec":"Lubuk Barumun","nmkab":"Padang Lawas","nmprov":"Sumatera Utara","kdkec":"040","kdkab":"21","kodekab":"1221","idkec":"1221040","index":402},"geometry":{"type":"Polygon","coordinates":[[[99.901396,1.215104],[99.946432,1.155955],[99.94377,1.150691],[99.940619,1.146595],[99.923013,1.135996],[99.871633,1.112797],[99.818796,1.091069],[99.811864,1.0806],[99.80473,1.064865],[99.798311,1.058293],[99.799394,1.061672],[99.774964,1.068333],[99.760597,1.066811],[99.745394,1.068189],[99.743307,1.070595],[99.736829,1.072537],[99.734696,1.074054],[99.730378,1.080119],[99.727602,1.088652],[99.723615,1.089866],[99.700203,1.107916],[99.69239,1.11573],[99.663189,1.150875],[99.666289,1.153597],[99.656052,1.177011],[99.665505,1.18969],[99.668661,1.18449],[99.684887,1.182331],[99.690383,1.179976],[99.699019,1.178406],[99.731995,1.183378],[99.739846,1.182855],[99.76652,1.174059],[99.770198,1.173803],[99.779649,1.176653],[99.788089,1.18035],[99.788879,1.184834],[99.887964,1.25806],[99.901396,1.215104]]]}},{"type":"Feature","properties":{"nmkec":"Huristak","nmkab":"Padang Lawas","nmprov":"Sumatera Utara","kdkec":"080","kdkab":"21","kodekab":"1221","idkec":"1221080","index":403},"geometry":{"type":"Polygon","coordinates":[[[99.911907,1.552744],[99.913468,1.546622],[99.916441,1.543206],[99.917598,1.540142],[99.920676,1.537464],[99.921845,1.534282],[99.921757,1.527719],[99.920098,1.523475],[99.921042,1.517729],[99.913779,1.503541],[99.915605,1.484681],[99.92362,1.471793],[99.931319,1.463],[99.948443,1.430041],[99.94852,1.426416],[99.945651,1.422929],[99.946224,1.412979],[99.947812,1.409816],[99.97572,1.380548],[99.98633,1.381745],[99.9994,1.380644],[100.004977,1.377447],[100.008032,1.374459],[100.015657,1.364179],[100.030311,1.36081],[100.03424,1.358667],[100.03489,1.352969],[100.031621,1.353048],[100.025821,1.351201],[100.025707,1.334772],[100.027652,1.329522],[100.034651,1.320449],[100.050206,1.313287],[100.053706,1.308556],[100.063638,1.302409],[100.077324,1.288836],[100.072297,1.279557],[100.046931,1.250398],[100.017832,1.229769],[99.989787,1.219978],[99.974455,1.226274],[99.963551,1.245069],[99.940523,1.325554],[99.930358,1.329453],[99.924322,1.341382],[99.913822,1.334841],[99.905832,1.337256],[99.902209,1.344781],[99.900537,1.346361],[99.892826,1.347011],[99.891433,1.342366],[99.873971,1.337513],[99.868578,1.340056],[99.85764,1.353549],[99.857129,1.360516],[99.851973,1.36767],[99.850301,1.392753],[99.843202,1.402036],[99.844488,1.404115],[99.843744,1.408087],[99.838101,1.413126],[99.834129,1.414613],[99.829159,1.418166],[99.822785,1.42637],[99.816793,1.424174],[99.814988,1.415914],[99.814994,1.410621],[99.813416,1.408668],[99.79395,1.406489],[99.791357,1.409426],[99.794165,1.412477],[99.795838,1.412802],[99.796488,1.416054],[99.79463,1.41675],[99.790914,1.414985],[99.788406,1.415636],[99.787848,1.418619],[99.789464,1.420077],[99.795502,1.421819],[99.797801,1.423468],[99.800054,1.426952],[99.799636,1.428903],[99.79808,1.429948],[99.794202,1.430111],[99.795165,1.428206],[99.792541,1.427858],[99.788697,1.431922],[99.788871,1.439424],[99.786653,1.442339],[99.783733,1.442774],[99.782479,1.441021],[99.780226,1.441462],[99.776556,1.442832],[99.773976,1.445715],[99.82814,1.489745],[99.842857,1.502888],[99.849828,1.50747],[99.860236,1.507836],[99.865476,1.513076],[99.867521,1.533085],[99.885739,1.545081],[99.89943,1.551913],[99.903647,1.555636],[99.909414,1.554874],[99.911907,1.552744]]]}},{"type":"Feature","properties":{"nmkec":"Barumun Tengah","nmkab":"Padang Lawas","nmprov":"Sumatera Utara","kdkec":"090","kdkab":"21","kodekab":"1221","idkec":"1221090","index":404},"geometry":{"type":"Polygon","coordinates":[[[99.767757,1.456346],[99.77105,1.457111],[99.772989,1.450037],[99.775138,1.446741],[99.773976,1.445715],[99.776556,1.442832],[99.782479,1.441021],[99.783733,1.442774],[99.786653,1.442339],[99.788871,1.439424],[99.788697,1.431922],[99.792541,1.427858],[99.795165,1.428206],[99.794202,1.430111],[99.79808,1.429948],[99.799636,1.428903],[99.800054,1.426952],[99.797801,1.423468],[99.795502,1.421819],[99.789464,1.420077],[99.787848,1.418619],[99.788406,1.415636],[99.790914,1.414985],[99.79463,1.41675],[99.796488,1.416054],[99.795838,1.412802],[99.794165,1.412477],[99.791357,1.409426],[99.79395,1.406489],[99.813416,1.408668],[99.814994,1.410621],[99.814988,1.415914],[99.816793,1.424174],[99.822785,1.42637],[99.829159,1.418166],[99.834129,1.414613],[99.838101,1.413126],[99.843744,1.408087],[99.844488,1.404115],[99.843202,1.402036],[99.850301,1.392753],[99.851973,1.36767],[99.857129,1.360516],[99.85764,1.353549],[99.868578,1.340056],[99.873971,1.337513],[99.879913,1.339625],[99.88349,1.339672],[99.891433,1.342366],[99.892826,1.347011],[99.900537,1.346361],[99.902209,1.344781],[99.905832,1.337256],[99.913822,1.334841],[99.924322,1.341382],[99.930358,1.329453],[99.940523,1.325554],[99.95358,1.280538],[99.888299,1.257393],[99.887494,1.25989],[99.88226,1.265778],[99.87768,1.268134],[99.86708,1.283967],[99.861977,1.289594],[99.849808,1.297707],[99.83412,1.313728],[99.829025,1.317367],[99.811125,1.320761],[99.764838,1.333231],[99.741834,1.341195],[99.735356,1.340265],[99.724233,1.332128],[99.72217,1.32669],[99.721593,1.321197],[99.719195,1.316622],[99.710329,1.308028],[99.708935,1.305055],[99.704798,1.300959],[99.698161,1.306801],[99.695481,1.315669],[99.69321,1.314546],[99.690593,1.315085],[99.688746,1.320355],[99.685861,1.32324],[99.681789,1.33441],[99.682094,1.339467],[99.68385,1.341741],[99.678424,1.354414],[99.677402,1.364958],[99.678423,1.370998],[99.684166,1.374608],[99.692833,1.375787],[99.696335,1.377787],[99.70107,1.376596],[99.702835,1.37843],[99.706322,1.386205],[99.713007,1.392795],[99.721367,1.395031],[99.734749,1.404449],[99.736818,1.412598],[99.735962,1.417501],[99.749281,1.429287],[99.753509,1.442421],[99.753116,1.453598],[99.753863,1.45573],[99.758678,1.459292],[99.761689,1.460061],[99.767757,1.456346]]]}},{"type":"Feature","properties":{"nmkec":"Aek Nabara Barumun","nmkab":"Padang Lawas","nmprov":"Sumatera Utara","kdkec":"091","kdkab":"21","kodekab":"1221","idkec":"1221091","index":405},"geometry":{"type":"Polygon","coordinates":[[[99.741834,1.341195],[99.764838,1.333231],[99.811125,1.320761],[99.829025,1.317367],[99.83412,1.313728],[99.849808,1.297707],[99.861977,1.289594],[99.86708,1.283967],[99.87768,1.268134],[99.88226,1.265778],[99.888109,1.258167],[99.788879,1.184834],[99.788089,1.18035],[99.779649,1.176653],[99.770198,1.173803],[99.76652,1.174059],[99.739846,1.182855],[99.731995,1.183378],[99.699019,1.178406],[99.690383,1.179976],[99.684887,1.182331],[99.668661,1.18449],[99.662363,1.19571],[99.660331,1.203886],[99.657222,1.211303],[99.646721,1.225231],[99.645791,1.22758],[99.646476,1.231252],[99.65617,1.23933],[99.658666,1.242708],[99.667332,1.248876],[99.665471,1.259451],[99.665828,1.263198],[99.667947,1.262539],[99.670139,1.264325],[99.687384,1.268735],[99.697904,1.272624],[99.706105,1.278287],[99.703593,1.281693],[99.707977,1.287844],[99.708886,1.297109],[99.704798,1.300959],[99.708935,1.305055],[99.710329,1.308028],[99.719195,1.316622],[99.721593,1.321197],[99.72217,1.32669],[99.724233,1.332128],[99.735356,1.340265],[99.741834,1.341195]]]}},{"type":"Feature","properties":{"nmkec":"Sirombu","nmkab":"Nias Barat","nmprov":"Sumatera Utara","kdkec":"010","kdkab":"25","kodekab":"1225","idkec":"1225010","index":406},"geometry":{"type":"MultiPolygon","coordinates":[[[[97.463788,0.996621],[97.467506,0.986113],[97.474791,0.983802],[97.473073,0.981133],[97.467945,0.979353],[97.46549,0.972766],[97.465117,0.97057],[97.465931,0.969553],[97.469546,0.966753],[97.47382,0.966811],[97.477976,0.964415],[97.489063,0.95439],[97.490896,0.952272],[97.489869,0.951884],[97.490952,0.950106],[97.495604,0.945852],[97.511321,0.944044],[97.526923,0.944791],[97.536192,0.916402],[97.547417,0.902884],[97.547898,0.897318],[97.551702,0.892349],[97.544087,0.891387],[97.54063,0.894096],[97.531377,0.896314],[97.524042,0.904418],[97.520938,0.905959],[97.516158,0.907584],[97.51331,0.905959],[97.509657,0.907154],[97.507491,0.908889],[97.506816,0.912814],[97.508378,0.915266],[97.510867,0.915701],[97.511324,0.916768],[97.509974,0.921797],[97.498542,0.930013],[97.494009,0.931757],[97.491995,0.931633],[97.487792,0.935061],[97.486809,0.938816],[97.483973,0.940002],[97.46664,0.94321],[97.442328,0.943826],[97.431888,0.942455],[97.423946,0.948291],[97.41744,0.950257],[97.412862,0.948482],[97.410757,0.945998],[97.412281,0.942807],[97.411224,0.938601],[97.408763,0.937393],[97.406033,0.93869],[97.403767,0.943751],[97.404069,0.945894],[97.405407,0.94762],[97.408763,0.947156],[97.410522,0.954285],[97.409912,0.964294],[97.408384,0.971714],[97.414517,0.969967],[97.422009,0.962953],[97.4238,0.964046],[97.418678,0.978259],[97.424735,0.982292],[97.429975,0.97979],[97.446868,0.981939],[97.452302,0.987057],[97.456638,0.988182],[97.454291,0.99589],[97.463788,0.996621]]],[[[97.347826,0.84291],[97.35153,0.840514],[97.36176,0.819947],[97.36163,0.814974],[97.359173,0.811075],[97.3565,0.810703],[97.349272,0.812848],[97.343605,0.818187],[97.337911,0.821884],[97.33215,0.828441],[97.332376,0.832261],[97.337634,0.840624],[97.341427,0.842658],[97.347826,0.84291]]],[[[97.356438,0.874169],[97.358051,0.87214],[97.355411,0.867425],[97.351325,0.867027],[97.346576,0.864655],[97.335737,0.856769],[97.331862,0.857321],[97.329286,0.860382],[97.329635,0.863269],[97.333071,0.868275],[97.337845,0.871614],[97.343308,0.873664],[97.354323,0.87478],[97.356438,0.874169]]],[[[97.32251,0.859131],[97.326425,0.855241],[97.333192,0.850758],[97.333385,0.848918],[97.330404,0.845883],[97.328417,0.845043],[97.321556,0.844976],[97.312073,0.848328],[97.309692,0.850525],[97.308472,0.854492],[97.310303,0.858093],[97.317078,0.859924],[97.32251,0.859131]]],[[[97.375867,0.858822],[97.384094,0.858093],[97.385315,0.857117],[97.384705,0.853088],[97.381287,0.847107],[97.368286,0.847717],[97.363709,0.852112],[97.364075,0.855896],[97.371195,0.862723],[97.372866,0.862245],[97.375867,0.858822]]],[[[97.273682,0.915283],[97.27832,0.911499],[97.278687,0.908454],[97.284485,0.900696],[97.284912,0.897522],[97.283875,0.896301],[97.279297,0.896118],[97.26593,0.907898],[97.265076,0.911316],[97.266296,0.913513],[97.269714,0.915527],[97.273682,0.915283]]],[[[97.281848,0.871],[97.290023,0.869767],[97.291407,0.86836],[97.292006,0.866972],[97.290395,0.863187],[97.286639,0.86308],[97.282236,0.867698],[97.281265,0.870051],[97.281848,0.871]]],[[[97.379883,0.843506],[97.382507,0.842712],[97.383544,0.840882],[97.383728,0.835693],[97.382324,0.834717],[97.379272,0.835327],[97.375671,0.839294],[97.376892,0.842102],[97.379883,0.843506]]],[[[97.427548,0.937374],[97.431075,0.935582],[97.431179,0.932597],[97.428894,0.929688],[97.425903,0.929871],[97.424683,0.932312],[97.427548,0.937374]]],[[[97.371488,0.8819],[97.374422,0.880042],[97.375363,0.877891],[97.374629,0.876938],[97.369599,0.879682],[97.369777,0.88113],[97.371488,0.8819]]],[[[97.431519,0.91748],[97.428528,0.918701],[97.428894,0.920715],[97.430908,0.921692],[97.431885,0.921326],[97.432678,0.918701],[97.431519,0.91748]]]]}},{"type":"Feature","properties":{"nmkec":"Sihapas Barumun","nmkab":"Padang Lawas","nmprov":"Sumatera Utara","kdkec":"092","kdkab":"21","kodekab":"1221","idkec":"1221092","index":407},"geometry":{"type":"Polygon","coordinates":[[[99.678424,1.354414],[99.68385,1.341741],[99.682094,1.339467],[99.681789,1.33441],[99.685861,1.32324],[99.688746,1.320355],[99.690593,1.315085],[99.69321,1.314546],[99.695481,1.315669],[99.698161,1.306801],[99.708886,1.297109],[99.7085,1.290134],[99.707977,1.287844],[99.703593,1.281693],[99.706105,1.278287],[99.697904,1.272624],[99.687384,1.268735],[99.670139,1.264325],[99.667947,1.262539],[99.665828,1.263198],[99.66478,1.26658],[99.664696,1.272668],[99.661395,1.281733],[99.643023,1.30746],[99.63765,1.307748],[99.628935,1.322323],[99.641937,1.337659],[99.663338,1.352747],[99.678423,1.370998],[99.677402,1.364958],[99.678424,1.354414]]]}},{"type":"Feature","properties":{"nmkec":"Torgamba","nmkab":"Labuhan Batu Selatan","nmprov":"Sumatera Utara","kdkec":"020","kdkab":"22","kodekab":"1222","idkec":"1222020","index":408},"geometry":{"type":"Polygon","coordinates":[[[100.215681,1.998386],[100.216043,1.960256],[100.217881,1.96026],[100.216897,1.946222],[100.228076,1.945664],[100.227994,1.939405],[100.210029,1.93946],[100.210214,1.927058],[100.22574,1.926873],[100.233092,1.925687],[100.264552,1.926214],[100.270649,1.927299],[100.272474,1.929192],[100.278896,1.931043],[100.313362,1.930992],[100.3144,1.909613],[100.310784,1.899678],[100.310655,1.891928],[100.307143,1.885865],[100.29691,1.883648],[100.281062,1.864295],[100.281053,1.857917],[100.288444,1.848128],[100.286611,1.846872],[100.284883,1.846944],[100.283842,1.838517],[100.28126,1.834135],[100.278848,1.824481],[100.277677,1.81348],[100.285614,1.800218],[100.295876,1.793237],[100.324008,1.787234],[100.35221,1.786117],[100.363588,1.784302],[100.384936,1.775451],[100.385127,1.755149],[100.372942,1.755028],[100.359542,1.740505],[100.352843,1.734678],[100.357909,1.730713],[100.362196,1.730287],[100.366083,1.727272],[100.367257,1.725145],[100.368917,1.715407],[100.363001,1.715342],[100.36416,1.704098],[100.376078,1.703812],[100.382244,1.704764],[100.385196,1.699101],[100.384421,1.690067],[100.386581,1.689846],[100.387669,1.687905],[100.381521,1.679821],[100.383347,1.677272],[100.397133,1.669673],[100.413396,1.669861],[100.415772,1.665482],[100.419929,1.661759],[100.41269,1.64561],[100.411222,1.639764],[100.405516,1.635064],[100.403425,1.624011],[100.406711,1.622052],[100.413885,1.601918],[100.409548,1.573374],[100.411505,1.571965],[100.411841,1.562719],[100.414795,1.546675],[100.412532,1.541248],[100.417465,1.536461],[100.422498,1.525681],[100.420118,1.514804],[100.421681,1.51372],[100.413304,1.504572],[100.410594,1.483775],[100.393989,1.454989],[100.360084,1.451381],[100.358495,1.444652],[100.351674,1.440856],[100.345668,1.438919],[100.339342,1.439166],[100.333654,1.441082],[100.32985,1.4535],[100.323679,1.459459],[100.322682,1.463815],[100.323724,1.474126],[100.321781,1.477521],[100.318653,1.477129],[100.308972,1.471724],[100.303498,1.471727],[100.294408,1.473602],[100.28921,1.475785],[100.287781,1.477987],[100.28585,1.478858],[100.283241,1.478001],[100.282028,1.476559],[100.278664,1.467444],[100.274321,1.471501],[100.268292,1.472197],[100.264623,1.475533],[100.263228,1.479085],[100.260004,1.482172],[100.251874,1.483969],[100.244107,1.488221],[100.24374,1.485243],[100.240599,1.483448],[100.230021,1.482363],[100.219661,1.484276],[100.221588,1.480943],[100.206775,1.480211],[100.204779,1.53999],[100.218667,1.540632],[100.221593,1.539403],[100.221712,1.54834],[100.175758,1.547893],[100.175762,1.592231],[100.148734,1.592675],[100.149111,1.611415],[100.143691,1.628728],[100.133791,1.646033],[100.130834,1.647307],[100.127847,1.650791],[100.126381,1.655527],[100.122888,1.658075],[100.121529,1.66582],[100.125213,1.672771],[100.122291,1.677761],[100.117645,1.681185],[100.116873,1.689],[100.117934,1.693153],[100.117519,1.698148],[100.099965,1.701775],[100.09785,1.709031],[100.09755,1.721463],[100.095945,1.724619],[100.080978,1.738927],[100.070857,1.730303],[100.071581,1.728373],[100.070133,1.72602],[100.065669,1.727833],[100.059155,1.724249],[100.048135,1.720474],[100.045051,1.72041],[100.043249,1.721626],[100.032816,1.737734],[100.029988,1.74641],[100.028751,1.754746],[100.039394,1.754694],[100.040818,1.761095],[100.044461,1.763491],[100.044,1.768005],[100.058184,1.782658],[100.06298,1.79696],[100.064315,1.797265],[100.068494,1.805283],[100.087405,1.801443],[100.095539,1.787938],[100.100853,1.785457],[100.102156,1.783852],[100.103691,1.780783],[100.102015,1.768621],[100.103825,1.757317],[100.149733,1.75796],[100.149585,1.76226],[100.140935,1.792016],[100.119642,1.814015],[100.106983,1.820334],[100.111042,1.837887],[100.111414,1.851035],[100.116563,1.864707],[100.112057,1.875765],[100.101692,1.874429],[100.101171,1.889747],[100.102283,1.892456],[100.129716,1.913005],[100.14422,1.918569],[100.154788,1.933523],[100.154381,1.934619],[100.157138,1.944497],[100.162056,1.947002],[100.157921,1.949546],[100.153715,1.950298],[100.15449,1.969888],[100.152164,1.975894],[100.152504,1.977622],[100.163692,1.989616],[100.17784,1.993696],[100.181336,1.997643],[100.180835,2.002438],[100.185157,2.002854],[100.187735,2.002108],[100.19041,2.008206],[100.215681,1.998386]]]}},{"type":"Feature","properties":{"nmkec":"Kota Pinang","nmkab":"Labuhan Batu Selatan","nmprov":"Sumatera Utara","kdkec":"030","kdkab":"22","kodekab":"1222","idkec":"1222030","index":409},"geometry":{"type":"Polygon","coordinates":[[[100.119553,2.007047],[100.132498,1.999942],[100.135439,1.993335],[100.134169,1.980361],[100.14865,1.973491],[100.152504,1.977622],[100.152375,1.97471],[100.154575,1.968281],[100.153715,1.950298],[100.157921,1.949546],[100.162056,1.947002],[100.157138,1.944497],[100.154381,1.934619],[100.154788,1.933523],[100.14422,1.918569],[100.129716,1.913005],[100.102283,1.892456],[100.100858,1.887027],[100.101692,1.874429],[100.112057,1.875765],[100.116563,1.864707],[100.111414,1.851035],[100.111042,1.837887],[100.106983,1.820334],[100.119642,1.814015],[100.140935,1.792016],[100.149585,1.76226],[100.149733,1.75796],[100.103825,1.757317],[100.102015,1.768621],[100.103691,1.780783],[100.102156,1.783852],[100.100853,1.785457],[100.095539,1.787938],[100.087405,1.801443],[100.068494,1.805283],[100.064315,1.797265],[100.06298,1.79696],[100.058184,1.782658],[100.044062,1.767985],[100.040516,1.768378],[100.036286,1.772281],[100.03535,1.782587],[100.026901,1.787827],[100.014656,1.776808],[100.013027,1.793369],[100.01121,1.802129],[100.002952,1.798451],[99.980598,1.816442],[99.999091,1.826498],[99.990995,1.838553],[99.978134,1.8363],[99.964564,1.83568],[99.967541,1.846849],[99.977729,1.849652],[99.980676,1.85275],[99.984884,1.852571],[99.989138,1.86079],[99.989017,1.869322],[99.990298,1.874951],[99.998297,1.885466],[99.996359,1.885664],[99.99597,1.898043],[99.989988,1.898289],[99.988429,1.935823],[99.997815,1.936593],[100.037333,1.936355],[100.036888,1.94804],[100.037105,1.946324],[100.044825,1.954984],[100.06297,1.992744],[100.074365,2.013179],[100.102055,2.009704],[100.102005,2.00875],[100.105443,2.008116],[100.119553,2.007047]]]}},{"type":"Feature","properties":{"nmkec":"Silangkitang","nmkab":"Labuhan Batu Selatan","nmprov":"Sumatera Utara","kdkec":"040","kdkab":"22","kodekab":"1222","idkec":"1222040","index":410},"geometry":{"type":"Polygon","coordinates":[[[99.912356,1.984838],[99.912492,1.965784],[99.920261,1.967374],[99.944499,1.967273],[99.950759,1.964986],[99.949992,1.96477],[99.959728,1.9496],[99.998056,1.948498],[99.997719,1.936582],[99.988429,1.935823],[99.989988,1.898289],[99.99597,1.898043],[99.996359,1.885664],[99.998297,1.885466],[99.990298,1.874951],[99.989017,1.869322],[99.989138,1.86079],[99.984884,1.852571],[99.980676,1.85275],[99.977729,1.849652],[99.967541,1.846849],[99.964564,1.83568],[99.978134,1.8363],[99.990995,1.838553],[99.999091,1.826498],[99.980605,1.816437],[99.965519,1.816286],[99.962602,1.818266],[99.959239,1.810926],[99.959225,1.799019],[99.955392,1.799815],[99.952786,1.801755],[99.952019,1.804828],[99.953067,1.809719],[99.946312,1.80906],[99.938919,1.799692],[99.936492,1.791546],[99.933826,1.787009],[99.927385,1.787038],[99.925643,1.797188],[99.899993,1.799795],[99.898093,1.801002],[99.893586,1.790859],[99.890637,1.793618],[99.883692,1.796072],[99.878865,1.799295],[99.87544,1.804393],[99.870346,1.806902],[99.888412,1.814498],[99.890391,1.821312],[99.893808,1.828467],[99.906177,1.847361],[99.896212,1.845364],[99.894256,1.852407],[99.891592,1.853235],[99.890284,1.855741],[99.890491,1.863344],[99.889534,1.867629],[99.882997,1.876807],[99.880302,1.87902],[99.870967,1.897496],[99.869956,1.907378],[99.872128,1.918472],[99.876372,1.922529],[99.88033,1.923591],[99.883427,1.948962],[99.882324,1.966512],[99.892969,1.966063],[99.896003,1.983155],[99.898241,1.984038],[99.912356,1.984838]]]}},{"type":"Feature","properties":{"nmkec":"Kampung Rakyat","nmkab":"Labuhan Batu Selatan","nmprov":"Sumatera Utara","kdkec":"050","kdkab":"22","kodekab":"1222","idkec":"1222050","index":411},"geometry":{"type":"Polygon","coordinates":[[[100.251898,2.219792],[100.347761,2.219796],[100.350255,2.214904],[100.355281,2.194521],[100.356516,2.168889],[100.352921,2.14292],[100.351176,2.13936],[100.345194,2.136996],[100.336715,2.122147],[100.330807,2.096877],[100.317771,2.028571],[100.314664,2.007437],[100.313362,1.930992],[100.278896,1.931043],[100.272474,1.929192],[100.270649,1.927299],[100.264552,1.926214],[100.233092,1.925687],[100.22574,1.926873],[100.210214,1.927058],[100.210029,1.93946],[100.227994,1.939405],[100.228076,1.945664],[100.216897,1.946222],[100.217881,1.96026],[100.216043,1.960256],[100.215681,1.998386],[100.19041,2.008206],[100.187735,2.002108],[100.185157,2.002854],[100.180835,2.002438],[100.181336,1.997643],[100.17784,1.993696],[100.163692,1.989616],[100.14865,1.973491],[100.134169,1.980361],[100.135439,1.993335],[100.132498,1.999942],[100.119553,2.007047],[100.105443,2.008116],[100.102005,2.00875],[100.102055,2.009704],[100.074365,2.013179],[100.06297,1.992744],[100.044825,1.954984],[100.037105,1.946324],[100.037056,1.947881],[100.010336,1.974207],[100.017607,1.98727],[100.024696,2.008173],[100.029844,2.019175],[100.029817,2.023742],[100.032933,2.028637],[100.045129,2.042154],[100.039092,2.042756],[100.032262,2.045512],[100.025891,2.052816],[100.033142,2.060836],[100.033805,2.064719],[100.030694,2.071011],[100.045319,2.089521],[100.053049,2.094715],[100.058742,2.115072],[100.069507,2.121918],[100.060328,2.146785],[100.066475,2.153525],[100.070547,2.166633],[100.074419,2.169974],[100.077828,2.171107],[100.149531,2.170496],[100.156493,2.174481],[100.157179,2.178089],[100.179578,2.182323],[100.195346,2.195598],[100.197824,2.208308],[100.209651,2.20567],[100.216708,2.208611],[100.217991,2.214354],[100.251898,2.219792]]]}},{"type":"Feature","properties":{"nmkec":"Aek Kuo","nmkab":"Labuhan Batu Utara","nmprov":"Sumatera Utara","kdkec":"030","kdkab":"23","kodekab":"1223","idkec":"1223030","index":412},"geometry":{"type":"Polygon","coordinates":[[[99.889344,2.474893],[99.937803,2.475687],[99.937083,2.465604],[99.937828,2.457504],[99.958448,2.457196],[99.952128,2.451088],[99.952328,2.445939],[99.953181,2.445587],[99.957027,2.448229],[99.961803,2.447921],[99.961224,2.441627],[99.958354,2.436866],[99.960485,2.433264],[99.956267,2.434387],[99.952545,2.432202],[99.952122,2.429987],[99.956134,2.426293],[99.983163,2.427327],[99.979251,2.367546],[99.983651,2.367375],[99.984574,2.327313],[99.867136,2.326033],[99.866774,2.298085],[99.821703,2.297333],[99.797328,2.283068],[99.788465,2.286359],[99.788459,2.315862],[99.782694,2.316037],[99.771574,2.306865],[99.755789,2.300177],[99.750554,2.301699],[99.744664,2.305657],[99.74468,2.311161],[99.747773,2.316668],[99.752499,2.320494],[99.768269,2.324245],[99.779505,2.330336],[99.775042,2.334978],[99.771473,2.353837],[99.757915,2.367387],[99.759128,2.376737],[99.76639,2.381331],[99.761869,2.385753],[99.759814,2.390147],[99.756228,2.391763],[99.760577,2.402951],[99.767943,2.413242],[99.791666,2.431859],[99.797897,2.43409],[99.804267,2.432906],[99.812911,2.438235],[99.813567,2.434307],[99.831347,2.434607],[99.822597,2.456165],[99.833756,2.458898],[99.837589,2.458025],[99.843993,2.452526],[99.845384,2.453513],[99.889439,2.454426],[99.889344,2.474893]]]}},{"type":"Feature","properties":{"nmkec":"Kualuh Leidong","nmkab":"Labuhan Batu Utara","nmprov":"Sumatera Utara","kdkec":"080","kdkab":"23","kodekab":"1223","idkec":"1223080","index":413},"geometry":{"type":"MultiPolygon","coordinates":[[[[99.989347,2.850938],[99.988925,2.843692],[99.994752,2.829396],[99.994189,2.820047],[99.995176,2.815204],[99.993957,2.805588],[99.993587,2.789951],[99.991574,2.779774],[99.992246,2.768997],[99.990873,2.75463],[99.986274,2.747278],[99.982361,2.746768],[99.979368,2.749991],[99.977566,2.749743],[99.977877,2.744134],[99.976439,2.740928],[99.971682,2.734187],[99.966088,2.729975],[99.960213,2.722673],[99.956014,2.713963],[99.951249,2.697384],[99.953201,2.6912],[99.963252,2.678263],[99.967698,2.674904],[99.972689,2.675681],[99.982393,2.672956],[99.988952,2.675049],[99.98244,2.645204],[99.981457,2.633059],[99.975797,2.615296],[99.95766,2.609501],[99.948253,2.608008],[99.933291,2.602862],[99.911289,2.602414],[99.904327,2.601481],[99.901302,2.607672],[99.904922,2.615412],[99.896998,2.624085],[99.889915,2.627145],[99.881543,2.636508],[99.848002,2.638943],[99.847002,2.731227],[99.858792,2.742823],[99.866464,2.747858],[99.895007,2.772644],[99.898176,2.778595],[99.911961,2.790338],[99.927358,2.801748],[99.952781,2.825783],[99.969899,2.839641],[99.986807,2.856205],[99.989347,2.850938]]],[[[99.974772,2.693116],[99.971086,2.69238],[99.967199,2.693488],[99.960937,2.700601],[99.960678,2.705803],[99.963778,2.711232],[99.980159,2.72403],[99.989021,2.729265],[99.997472,2.731559],[99.983259,2.697582],[99.974772,2.693116]]]]}},{"type":"Feature","properties":{"nmkec":"Alasa Talu Muzoi","nmkab":"Nias Utara","nmprov":"Sumatera Utara","kdkec":"030","kdkab":"24","kodekab":"1224","idkec":"1224030","index":414},"geometry":{"type":"Polygon","coordinates":[[[97.520574,1.305912],[97.525936,1.297341],[97.516212,1.296735],[97.500045,1.290394],[97.489942,1.290272],[97.488662,1.288688],[97.489292,1.286649],[97.492641,1.285299],[97.500173,1.287544],[97.503515,1.286507],[97.511336,1.28046],[97.509023,1.274938],[97.500577,1.268101],[97.493657,1.260592],[97.493716,1.252334],[97.499304,1.243321],[97.501262,1.23769],[97.491926,1.226409],[97.487693,1.21942],[97.485556,1.217459],[97.473213,1.220413],[97.446589,1.214385],[97.447669,1.20735],[97.445583,1.201337],[97.447619,1.193563],[97.444602,1.188385],[97.439565,1.185771],[97.418853,1.17931],[97.415499,1.178788],[97.414069,1.179587],[97.418055,1.196659],[97.420464,1.197275],[97.428479,1.195146],[97.429885,1.197328],[97.433739,1.211613],[97.437948,1.217835],[97.442533,1.221258],[97.442229,1.225782],[97.434669,1.230516],[97.43234,1.233181],[97.427473,1.24047],[97.425289,1.246683],[97.422453,1.249435],[97.417227,1.252659],[97.412586,1.251608],[97.40626,1.252435],[97.401419,1.257126],[97.398491,1.263404],[97.398842,1.271979],[97.399875,1.27562],[97.405344,1.276043],[97.41195,1.278397],[97.416108,1.281077],[97.418239,1.280267],[97.419007,1.275308],[97.422019,1.274278],[97.430705,1.275548],[97.433263,1.274166],[97.43903,1.274047],[97.442642,1.276206],[97.44561,1.28536],[97.497496,1.300859],[97.520574,1.305912]]]}},{"type":"Feature","properties":{"nmkec":"Namohalu Esiwa","nmkab":"Nias Utara","nmprov":"Sumatera Utara","kdkec":"040","kdkab":"24","kodekab":"1224","idkec":"1224040","index":415},"geometry":{"type":"Polygon","coordinates":[[[97.435093,1.38903],[97.435298,1.382771],[97.436191,1.380882],[97.440509,1.382787],[97.446131,1.381183],[97.44525,1.378289],[97.442593,1.377981],[97.439498,1.371849],[97.436326,1.368852],[97.438823,1.359844],[97.440068,1.359073],[97.448378,1.361085],[97.450043,1.360506],[97.45176,1.358565],[97.456308,1.348428],[97.468171,1.351674],[97.470635,1.347647],[97.469573,1.341174],[97.467106,1.337513],[97.479193,1.333544],[97.490036,1.316952],[97.486996,1.312125],[97.487497,1.309967],[97.492394,1.309479],[97.501491,1.311418],[97.507498,1.311603],[97.516989,1.309337],[97.519549,1.307895],[97.520574,1.305912],[97.497496,1.300859],[97.44561,1.28536],[97.442642,1.276206],[97.43903,1.274047],[97.433263,1.274166],[97.430705,1.275548],[97.422019,1.274278],[97.419007,1.275308],[97.418239,1.280267],[97.416108,1.281077],[97.41195,1.278397],[97.405344,1.276043],[97.390716,1.275813],[97.38861,1.279742],[97.389242,1.283323],[97.386976,1.284707],[97.378405,1.27755],[97.373956,1.281205],[97.380331,1.290587],[97.377597,1.298936],[97.391652,1.305481],[97.391663,1.306605],[97.394204,1.308937],[97.400356,1.309353],[97.411105,1.31507],[97.409983,1.328529],[97.408825,1.330555],[97.40318,1.330207],[97.396985,1.331167],[97.395349,1.33326],[97.385486,1.33617],[97.381867,1.3285],[97.375654,1.324291],[97.362327,1.33047],[97.35087,1.345284],[97.34152,1.347633],[97.339599,1.350345],[97.336593,1.358685],[97.337227,1.362373],[97.33624,1.363125],[97.344444,1.368305],[97.349677,1.368204],[97.355417,1.366514],[97.368646,1.367205],[97.374454,1.358155],[97.385109,1.358816],[97.392901,1.362562],[97.390369,1.374709],[97.398003,1.376492],[97.398666,1.373861],[97.401247,1.371377],[97.407835,1.371726],[97.411634,1.373412],[97.412049,1.380155],[97.42438,1.383896],[97.429413,1.387872],[97.435093,1.38903]]]}},{"type":"Feature","properties":{"nmkec":"Sitolu Ori","nmkab":"Nias Utara","nmprov":"Sumatera Utara","kdkec":"050","kdkab":"24","kodekab":"1224","idkec":"1224050","index":416},"geometry":{"type":"Polygon","coordinates":[[[97.439884,1.448189],[97.4414,1.438844],[97.446247,1.433144],[97.450674,1.430956],[97.453714,1.429916],[97.46711,1.437712],[97.472978,1.418265],[97.48069,1.413891],[97.493158,1.415651],[97.515519,1.428782],[97.522704,1.422699],[97.536472,1.421587],[97.539658,1.420238],[97.534666,1.417668],[97.534425,1.415615],[97.52891,1.411822],[97.529783,1.410031],[97.524736,1.404584],[97.516524,1.402171],[97.512331,1.398809],[97.502953,1.38759],[97.500269,1.38282],[97.505173,1.376961],[97.504891,1.373444],[97.506318,1.368976],[97.508478,1.365926],[97.512781,1.363528],[97.513405,1.3609],[97.506949,1.359975],[97.506096,1.359048],[97.505206,1.356898],[97.506135,1.352412],[97.505707,1.349612],[97.499322,1.339203],[97.495299,1.346047],[97.487753,1.347361],[97.484317,1.345496],[97.484131,1.34379],[97.486282,1.340935],[97.494052,1.337236],[97.495002,1.335488],[97.491009,1.32846],[97.492273,1.326635],[97.492011,1.321839],[97.493454,1.317397],[97.492603,1.313054],[97.479193,1.333544],[97.467106,1.337513],[97.469573,1.341174],[97.470635,1.347647],[97.468171,1.351674],[97.456308,1.348428],[97.45176,1.358565],[97.450043,1.360506],[97.448378,1.361085],[97.440068,1.359073],[97.438823,1.359844],[97.436326,1.368852],[97.439498,1.371849],[97.442593,1.377981],[97.44525,1.378289],[97.446131,1.381183],[97.440509,1.382787],[97.436191,1.380882],[97.435298,1.382771],[97.435653,1.393432],[97.430884,1.39529],[97.429308,1.400003],[97.407613,1.394864],[97.409405,1.399021],[97.411534,1.400403],[97.412153,1.40393],[97.404937,1.406306],[97.402549,1.410951],[97.405435,1.420079],[97.421411,1.420271],[97.426271,1.431501],[97.426607,1.438404],[97.424652,1.443778],[97.426921,1.448937],[97.439884,1.448189]]]}},{"type":"Feature","properties":{"nmkec":"Tuhemberua","nmkab":"Nias Utara","nmprov":"Sumatera Utara","kdkec":"060","kdkab":"24","kodekab":"1224","idkec":"1224060","index":417},"geometry":{"type":"Polygon","coordinates":[[[97.433714,1.485762],[97.438967,1.475196],[97.44075,1.473303],[97.45488,1.470298],[97.459154,1.470364],[97.466586,1.472234],[97.472603,1.479527],[97.480343,1.479817],[97.483441,1.478892],[97.488819,1.472628],[97.491961,1.464011],[97.495474,1.449515],[97.500421,1.44693],[97.507397,1.446519],[97.509279,1.444699],[97.510372,1.436488],[97.515584,1.428658],[97.493158,1.415651],[97.48069,1.413891],[97.472978,1.418265],[97.46711,1.437712],[97.453714,1.429916],[97.446247,1.433144],[97.4414,1.438844],[97.439884,1.448189],[97.426921,1.448937],[97.422015,1.45521],[97.422876,1.460181],[97.428851,1.463176],[97.428178,1.473906],[97.423908,1.478203],[97.427522,1.490231],[97.432756,1.499526],[97.433759,1.495678],[97.432778,1.491229],[97.433714,1.485762]]]}},{"type":"Feature","properties":{"nmkec":"Sawo","nmkab":"Nias Utara","nmprov":"Sumatera Utara","kdkec":"070","kdkab":"24","kodekab":"1224","idkec":"1224070","index":418},"geometry":{"type":"MultiPolygon","coordinates":[[[[97.353461,1.540828],[97.366971,1.532202],[97.378337,1.521661],[97.377668,1.517467],[97.374389,1.514702],[97.376601,1.509824],[97.378021,1.511233],[97.378048,1.512964],[97.379627,1.513513],[97.383342,1.513074],[97.388877,1.509747],[97.389003,1.508298],[97.387014,1.509786],[97.382863,1.508033],[97.385892,1.504087],[97.391273,1.502972],[97.391524,1.501544],[97.396607,1.499404],[97.402837,1.499028],[97.406546,1.500104],[97.411197,1.504304],[97.41022,1.512376],[97.411031,1.517062],[97.413518,1.522506],[97.415694,1.522074],[97.420756,1.518574],[97.424528,1.514544],[97.424244,1.511205],[97.427369,1.507841],[97.432666,1.499347],[97.427522,1.490231],[97.423908,1.478203],[97.428178,1.473906],[97.428851,1.463176],[97.422876,1.460181],[97.422015,1.45521],[97.426921,1.448937],[97.424652,1.443778],[97.426607,1.438404],[97.426271,1.431501],[97.421411,1.420271],[97.405435,1.420079],[97.405877,1.424073],[97.382256,1.421357],[97.379314,1.438156],[97.382103,1.449096],[97.380134,1.449917],[97.382054,1.470267],[97.375451,1.470902],[97.376636,1.488485],[97.355977,1.487495],[97.34802,1.48805],[97.34876,1.493024],[97.350819,1.495179],[97.351189,1.501643],[97.349598,1.505446],[97.344501,1.509043],[97.334722,1.522836],[97.336314,1.532483],[97.338539,1.535553],[97.344459,1.539546],[97.350235,1.541549],[97.353461,1.540828]]],[[[97.407332,1.506228],[97.405364,1.506822],[97.405735,1.509161],[97.407369,1.507787],[97.407332,1.506228]]]]}},{"type":"Feature","properties":{"nmkec":"Lahomi","nmkab":"Nias Barat","nmprov":"Sumatera Utara","kdkec":"020","kdkab":"25","kodekab":"1225","idkec":"1225020","index":419},"geometry":{"type":"Polygon","coordinates":[[[97.496125,1.012371],[97.497574,1.01134],[97.506027,1.012577],[97.508075,1.010866],[97.509655,1.006278],[97.51361,1.009495],[97.513698,1.012521],[97.5218,1.011369],[97.528497,1.008074],[97.525093,1.003285],[97.526197,0.994391],[97.530055,0.988796],[97.534282,0.990865],[97.536069,0.989446],[97.535904,0.988184],[97.538026,0.9884],[97.538705,0.973159],[97.533054,0.956205],[97.527054,0.952568],[97.526923,0.944791],[97.511321,0.944044],[97.495604,0.945852],[97.490952,0.950106],[97.489869,0.951884],[97.490896,0.952272],[97.489063,0.95439],[97.477976,0.964415],[97.47382,0.966811],[97.469546,0.966753],[97.465117,0.97057],[97.467945,0.979353],[97.473073,0.981133],[97.474791,0.983802],[97.467506,0.986113],[97.466731,0.987129],[97.463788,0.996621],[97.465104,0.998752],[97.472761,0.998818],[97.475116,1.002638],[97.48342,1.004854],[97.482136,1.010801],[97.48825,1.010846],[97.496125,1.012371]]]}},{"type":"Feature","properties":{"nmkec":"Ulu Moro O","nmkab":"Nias Barat","nmprov":"Sumatera Utara","kdkec":"030","kdkab":"25","kodekab":"1225","idkec":"1225030","index":420},"geometry":{"type":"Polygon","coordinates":[[[97.589838,1.032944],[97.594555,1.019888],[97.586524,1.011414],[97.575409,1.006868],[97.572877,1.002884],[97.558203,0.995653],[97.555345,0.992744],[97.544765,0.989497],[97.536184,0.988146],[97.536069,0.989446],[97.534282,0.990865],[97.530055,0.988796],[97.526197,0.994391],[97.525093,1.003285],[97.528497,1.008074],[97.5218,1.011369],[97.512926,1.01259],[97.512017,1.013499],[97.512777,1.016398],[97.511463,1.02549],[97.512652,1.030175],[97.517406,1.039738],[97.525197,1.039811],[97.529025,1.041646],[97.535092,1.038609],[97.540029,1.034395],[97.54226,1.033882],[97.551567,1.039128],[97.553487,1.038788],[97.555195,1.036705],[97.563803,1.035885],[97.564159,1.038694],[97.566134,1.040521],[97.582456,1.0483],[97.589838,1.032944]]]}},{"type":"Feature","properties":{"nmkec":"Lolofitu Moi","nmkab":"Nias Barat","nmprov":"Sumatera Utara","kdkec":"040","kdkab":"25","kodekab":"1225","idkec":"1225040","index":421},"geometry":{"type":"Polygon","coordinates":[[[97.590422,1.118307],[97.592112,1.109391],[97.593529,1.107711],[97.596301,1.106417],[97.606017,1.105117],[97.609558,1.105328],[97.61798,1.108039],[97.620899,1.104666],[97.622348,1.0969],[97.616972,1.082755],[97.614631,1.081972],[97.612952,1.073716],[97.613952,1.071788],[97.618073,1.072526],[97.619856,1.06898],[97.620321,1.064602],[97.612346,1.061175],[97.616544,1.056802],[97.61842,1.045429],[97.618337,1.038541],[97.621167,1.030329],[97.614251,1.028694],[97.594555,1.019888],[97.592819,1.026021],[97.582456,1.0483],[97.572733,1.075994],[97.570134,1.077802],[97.559984,1.078607],[97.557608,1.081623],[97.55775,1.083991],[97.562682,1.092775],[97.559414,1.098051],[97.556186,1.098828],[97.554623,1.10213],[97.56368,1.110872],[97.572726,1.114887],[97.58455,1.126987],[97.587076,1.124601],[97.590422,1.118307]]]}},{"type":"Feature","properties":{"nmkec":"Mandrehe Utara","nmkab":"Nias Barat","nmprov":"Sumatera Utara","kdkec":"050","kdkab":"25","kodekab":"1225","idkec":"1225050","index":422},"geometry":{"type":"Polygon","coordinates":[[[97.521153,1.151325],[97.526933,1.145211],[97.532452,1.144067],[97.536335,1.141842],[97.544579,1.134708],[97.556501,1.134668],[97.56509,1.133531],[97.58455,1.126987],[97.572726,1.114887],[97.56368,1.110872],[97.554623,1.10213],[97.556186,1.098828],[97.559414,1.098051],[97.562682,1.092775],[97.557351,1.082793],[97.559984,1.078607],[97.553924,1.069464],[97.538103,1.07148],[97.535601,1.074682],[97.535234,1.078141],[97.533812,1.080193],[97.528391,1.077161],[97.511206,1.089534],[97.505909,1.085932],[97.496012,1.076596],[97.48832,1.092285],[97.48791,1.097309],[97.499462,1.101174],[97.49667,1.102674],[97.49599,1.104268],[97.499416,1.106887],[97.506798,1.106534],[97.512525,1.108372],[97.511344,1.110797],[97.504342,1.110819],[97.499653,1.112076],[97.483041,1.111454],[97.481615,1.114981],[97.477007,1.11821],[97.473467,1.122315],[97.469209,1.123932],[97.476283,1.131662],[97.473366,1.134213],[97.47372,1.136094],[97.47779,1.138319],[97.489166,1.153713],[97.489566,1.150311],[97.491379,1.148759],[97.497791,1.148457],[97.501559,1.146649],[97.502496,1.144662],[97.50253,1.140444],[97.511522,1.138204],[97.518653,1.130363],[97.521564,1.135285],[97.521675,1.13788],[97.520711,1.142509],[97.517562,1.146774],[97.515969,1.152235],[97.517783,1.154946],[97.521298,1.156028],[97.521153,1.151325]]]}},{"type":"Feature","properties":{"nmkec":"Mandrehe","nmkab":"Nias Barat","nmprov":"Sumatera Utara","kdkec":"060","kdkab":"25","kodekab":"1225","idkec":"1225060","index":423},"geometry":{"type":"MultiPolygon","coordinates":[[[[97.487563,1.093298],[97.496012,1.076596],[97.505909,1.085932],[97.511206,1.089534],[97.528391,1.077161],[97.533812,1.080193],[97.535234,1.078141],[97.536365,1.073219],[97.539685,1.070957],[97.5478,1.070827],[97.553924,1.069464],[97.559985,1.078607],[97.57067,1.077612],[97.572733,1.075994],[97.582456,1.0483],[97.566134,1.040521],[97.564159,1.038694],[97.563803,1.035885],[97.555195,1.036705],[97.553487,1.038788],[97.551567,1.039128],[97.54226,1.033882],[97.540029,1.034395],[97.535092,1.038609],[97.529025,1.041646],[97.525197,1.039811],[97.517406,1.039738],[97.512652,1.030175],[97.511463,1.02549],[97.512777,1.016398],[97.511888,1.014362],[97.512261,1.013021],[97.513698,1.012521],[97.51361,1.009495],[97.510397,1.0064],[97.509655,1.006278],[97.508059,1.010894],[97.505866,1.012622],[97.497574,1.01134],[97.496125,1.012371],[97.48825,1.010846],[97.482136,1.010801],[97.481649,1.013283],[97.479222,1.01517],[97.473412,1.013622],[97.470023,1.023329],[97.465936,1.0214],[97.464743,1.021938],[97.460882,1.025909],[97.460265,1.032004],[97.452722,1.037658],[97.454099,1.050464],[97.462213,1.050767],[97.459732,1.056684],[97.462837,1.058351],[97.466924,1.058013],[97.472579,1.061577],[97.468989,1.072752],[97.462441,1.081562],[97.462406,1.083706],[97.470605,1.087542],[97.477504,1.08143],[97.480994,1.08306],[97.482502,1.085173],[97.480155,1.090994],[97.483128,1.095475],[97.487563,1.093298]]],[[[97.453166,1.014674],[97.457591,1.003003],[97.457541,0.996613],[97.442728,0.994166],[97.438354,1.000695],[97.437152,1.008607],[97.438729,1.009215],[97.443317,1.008279],[97.445015,1.009271],[97.447125,1.013788],[97.453166,1.014674]]],[[[97.372387,1.095815],[97.379745,1.089638],[97.377283,1.086227],[97.376984,1.07983],[97.374885,1.078081],[97.369304,1.076047],[97.360021,1.091888],[97.370163,1.095611],[97.372387,1.095815]]],[[[97.504342,1.110819],[97.511344,1.110797],[97.512525,1.108372],[97.506798,1.106534],[97.499416,1.106887],[97.49599,1.104268],[97.49667,1.102674],[97.499462,1.101174],[97.48791,1.097309],[97.483041,1.111454],[97.499653,1.112076],[97.504342,1.110819]]],[[[97.392377,1.076507],[97.395432,1.074155],[97.396686,1.07109],[97.396432,1.066886],[97.394098,1.067306],[97.38663,1.066108],[97.387202,1.062459],[97.377253,1.058648],[97.376301,1.060946],[97.371686,1.066161],[97.389962,1.07103],[97.390746,1.072008],[97.390451,1.073823],[97.386419,1.074135],[97.385076,1.078055],[97.392377,1.076507]]],[[[97.422009,0.962953],[97.414517,0.969967],[97.408384,0.971714],[97.407926,0.974819],[97.418678,0.978259],[97.4238,0.964046],[97.422009,0.962953]]],[[[97.442373,1.055444],[97.436109,1.056973],[97.437842,1.061739],[97.443492,1.062799],[97.442373,1.055444]]],[[[97.44124,1.068658],[97.437453,1.06854],[97.438359,1.072556],[97.440691,1.072052],[97.44124,1.068658]]]]}},{"type":"Feature","properties":{"nmkec":"Mandrehe Barat","nmkab":"Nias Barat","nmprov":"Sumatera Utara","kdkec":"070","kdkab":"25","kodekab":"1225","idkec":"1225070","index":424},"geometry":{"type":"MultiPolygon","coordinates":[[[[97.431394,1.050102],[97.437495,1.047567],[97.444828,1.040598],[97.454022,1.037292],[97.458396,1.033962],[97.460547,1.031389],[97.460882,1.025909],[97.46453,1.022118],[97.465936,1.0214],[97.470023,1.023329],[97.473412,1.013622],[97.479222,1.01517],[97.481649,1.013283],[97.48342,1.004854],[97.475116,1.002638],[97.472761,0.998818],[97.465104,0.998752],[97.463788,0.996621],[97.457541,0.996613],[97.457591,1.003003],[97.453546,1.014263],[97.452427,1.015009],[97.447125,1.013788],[97.445015,1.009271],[97.443317,1.008279],[97.438729,1.009215],[97.437152,1.008607],[97.438354,1.000695],[97.442728,0.994166],[97.454291,0.99589],[97.456638,0.988182],[97.452302,0.987057],[97.446868,0.981939],[97.429975,0.97979],[97.424735,0.982292],[97.420507,0.978994],[97.407926,0.974819],[97.395541,1.012895],[97.390896,1.023541],[97.390009,1.029368],[97.392348,1.031201],[97.393785,1.031213],[97.409346,1.043126],[97.427373,1.045482],[97.427916,1.050222],[97.431394,1.050102]]],[[[97.393541,1.062249],[97.394946,1.059213],[97.408506,1.058338],[97.413017,1.05316],[97.410863,1.05062],[97.409043,1.051345],[97.404911,1.050848],[97.384139,1.043842],[97.377253,1.058648],[97.387202,1.062459],[97.393541,1.062249]]]]}},{"type":"Feature","properties":{"nmkec":"Moro O","nmkab":"Nias Barat","nmprov":"Sumatera Utara","kdkec":"080","kdkab":"25","kodekab":"1225","idkec":"1225080","index":425},"geometry":{"type":"Polygon","coordinates":[[[97.46769,1.092129],[97.470605,1.087542],[97.462406,1.083706],[97.462337,1.082137],[97.468989,1.072752],[97.472579,1.061577],[97.466924,1.058013],[97.462837,1.058351],[97.459732,1.056684],[97.462213,1.050767],[97.454099,1.050464],[97.452722,1.037658],[97.444828,1.040598],[97.434632,1.049331],[97.427916,1.050222],[97.427373,1.045482],[97.409346,1.043126],[97.393785,1.031213],[97.392348,1.031201],[97.390009,1.029368],[97.384139,1.043842],[97.404911,1.050848],[97.409043,1.051345],[97.410863,1.05062],[97.413023,1.053218],[97.408506,1.058338],[97.394946,1.059213],[97.393541,1.062249],[97.387203,1.062456],[97.38663,1.066108],[97.394098,1.067306],[97.396432,1.066886],[97.396686,1.07109],[97.395432,1.074155],[97.391841,1.076684],[97.385076,1.078055],[97.386419,1.074135],[97.390451,1.073823],[97.390746,1.072008],[97.389962,1.07103],[97.371686,1.066161],[97.369304,1.076047],[97.374885,1.078081],[97.376984,1.07983],[97.377283,1.086227],[97.379724,1.08965],[97.387112,1.084969],[97.389675,1.084762],[97.393112,1.08591],[97.398054,1.09063],[97.410657,1.092376],[97.426696,1.092586],[97.432274,1.091481],[97.43443,1.09208],[97.44499,1.096602],[97.445767,1.097905],[97.444962,1.114046],[97.460202,1.116456],[97.461277,1.116308],[97.463309,1.102954],[97.46769,1.092129]],[[97.43718,1.061105],[97.436109,1.056973],[97.442373,1.055444],[97.443492,1.062799],[97.43718,1.061105]],[[97.437453,1.06854],[97.44124,1.068658],[97.440691,1.072052],[97.438359,1.072556],[97.437453,1.06854]]]}},{"type":"Feature","properties":{"nmkec":"Sibolga Utara","nmkab":"Sibolga","nmprov":"Sumatera Utara","kdkec":"010","kdkab":"71","kodekab":"1271","idkec":"1271010","index":426},"geometry":{"type":"Polygon","coordinates":[[[98.796751,1.758543],[98.794809,1.756397],[98.792908,1.751282],[98.802301,1.740302],[98.797482,1.736366],[98.794854,1.739872],[98.790603,1.736477],[98.788508,1.738656],[98.788982,1.740555],[98.787528,1.743417],[98.785736,1.744294],[98.784181,1.742413],[98.780119,1.7423],[98.77851,1.745502],[98.775298,1.744658],[98.773476,1.742674],[98.770021,1.743783],[98.768416,1.745395],[98.768909,1.756386],[98.788467,1.756531],[98.796751,1.758543]]]}},{"type":"Feature","properties":{"nmkec":"Sibolga Kota","nmkab":"Sibolga","nmprov":"Sumatera Utara","kdkec":"020","kdkab":"71","kodekab":"1271","idkec":"1271020","index":427},"geometry":{"type":"MultiPolygon","coordinates":[[[[98.77851,1.745502],[98.780119,1.7423],[98.784181,1.742413],[98.785736,1.744294],[98.787528,1.743417],[98.788982,1.740555],[98.788508,1.738656],[98.780417,1.732443],[98.78156,1.73381],[98.781148,1.734747],[98.777483,1.734739],[98.773476,1.742674],[98.775298,1.744658],[98.77851,1.745502]]],[[[98.76802,1.715718],[98.768818,1.714674],[98.767982,1.707388],[98.766218,1.705646],[98.76171,1.705841],[98.760019,1.708289],[98.759564,1.712948],[98.762868,1.713699],[98.764683,1.715731],[98.76802,1.715718]]]]}},{"type":"Feature","properties":{"nmkec":"Sibolga Selatan","nmkab":"Sibolga","nmprov":"Sumatera Utara","kdkec":"030","kdkab":"71","kodekab":"1271","idkec":"1271030","index":428},"geometry":{"type":"Polygon","coordinates":[[[98.802927,1.740266],[98.804753,1.739413],[98.807689,1.731097],[98.804602,1.726722],[98.796758,1.721528],[98.795942,1.722046],[98.796173,1.725123],[98.789515,1.728282],[98.792395,1.733632],[98.790603,1.736477],[98.794854,1.739872],[98.797482,1.736366],[98.802927,1.740266]]]}},{"type":"Feature","properties":{"nmkec":"Sibolga Sambas","nmkab":"Sibolga","nmprov":"Sumatera Utara","kdkec":"031","kdkab":"71","kodekab":"1271","idkec":"1271031","index":429},"geometry":{"type":"MultiPolygon","coordinates":[[[[98.788508,1.738656],[98.792395,1.733632],[98.789515,1.728282],[98.787379,1.729806],[98.786149,1.729404],[98.7861,1.72822],[98.785237,1.728443],[98.780453,1.732236],[98.788508,1.738656]]],[[[98.780567,1.729369],[98.781421,1.727627],[98.779351,1.726668],[98.77871,1.729307],[98.780567,1.729369]]]]}},{"type":"Feature","properties":{"nmkec":"Padang Hulu","nmkab":"Tebing Tinggi","nmprov":"Sumatera Utara","kdkec":"010","kdkab":"74","kodekab":"1274","idkec":"1274010","index":430},"geometry":{"type":"Polygon","coordinates":[[[99.156144,3.322446],[99.160007,3.318212],[99.158354,3.31532],[99.15767,3.309324],[99.15392,3.309217],[99.153274,3.308528],[99.154397,3.306681],[99.150398,3.305896],[99.142716,3.310925],[99.139012,3.309382],[99.137266,3.305037],[99.138881,3.300569],[99.142716,3.295033],[99.14368,3.291605],[99.13688,3.282934],[99.136578,3.281417],[99.139379,3.273748],[99.129555,3.286049],[99.123503,3.291911],[99.118619,3.299626],[99.125376,3.305681],[99.132519,3.307417],[99.133132,3.309372],[99.131991,3.315219],[99.142839,3.318562],[99.147754,3.318602],[99.152401,3.321299],[99.153886,3.323424],[99.156144,3.322446]]]}},{"type":"Feature","properties":{"nmkec":"Datuk Bandar Timur","nmkab":"Tanjung Balai","nmprov":"Sumatera Utara","kdkec":"011","kdkab":"72","kodekab":"1272","idkec":"1272011","index":431},"geometry":{"type":"Polygon","coordinates":[[[99.812862,2.966868],[99.819444,2.962414],[99.833127,2.957214],[99.836053,2.954163],[99.837554,2.948338],[99.837619,2.937731],[99.829781,2.931965],[99.821076,2.92852],[99.81709,2.924114],[99.810497,2.927482],[99.803323,2.928788],[99.794959,2.954645],[99.797512,2.956778],[99.806342,2.957857],[99.809337,2.966756],[99.811201,2.969568],[99.812862,2.966868]]]}},{"type":"Feature","properties":{"nmkec":"Sei Tualang Raso","nmkab":"Tanjung Balai","nmprov":"Sumatera Utara","kdkec":"040","kdkab":"72","kodekab":"1272","idkec":"1272040","index":432},"geometry":{"type":"Polygon","coordinates":[[[99.780074,3.008943],[99.780009,3.005365],[99.785201,2.995886],[99.791289,2.994892],[99.795815,2.991588],[99.798089,2.987023],[99.795348,2.979947],[99.803673,2.973991],[99.809302,2.975233],[99.809895,2.973362],[99.799425,2.973109],[99.793974,2.97243],[99.790542,2.97058],[99.782033,2.970002],[99.780369,2.976032],[99.766079,3.008818],[99.780074,3.008943]]]}},{"type":"Feature","properties":{"nmkec":"Teluk Nibung","nmkab":"Tanjung Balai","nmprov":"Sumatera Utara","kdkec":"050","kdkab":"72","kodekab":"1272","idkec":"1272050","index":433},"geometry":{"type":"Polygon","coordinates":[[[99.81791,3.010806],[99.819803,3.004713],[99.818646,2.994169],[99.81794,2.993027],[99.811691,2.99238],[99.808821,2.990069],[99.808098,2.986484],[99.809464,2.97567],[99.803673,2.973991],[99.795348,2.979947],[99.798089,2.987023],[99.795815,2.991588],[99.791289,2.994892],[99.785201,2.995886],[99.780009,3.005365],[99.780074,3.008943],[99.79858,3.009479],[99.798255,3.015322],[99.805102,3.01731],[99.811539,3.021352],[99.816911,3.023466],[99.81791,3.010806]]]}},{"type":"Feature","properties":{"nmkec":"Siantar Marimbun","nmkab":"Pematang Siantar","nmprov":"Sumatera Utara","kdkec":"011","kdkab":"73","kodekab":"1273","idkec":"1273011","index":434},"geometry":{"type":"Polygon","coordinates":[[[99.054717,2.945983],[99.05966,2.936961],[99.064256,2.936678],[99.066307,2.937447],[99.068269,2.940413],[99.071634,2.942689],[99.076802,2.931399],[99.079866,2.932714],[99.082322,2.930771],[99.081737,2.929525],[99.071094,2.922129],[99.063643,2.917883],[99.053121,2.913686],[99.048007,2.908094],[99.039489,2.908668],[99.03603,2.905263],[99.027675,2.891925],[99.017288,2.892189],[99.015171,2.898434],[99.016835,2.900428],[99.024523,2.90413],[99.024054,2.905765],[99.025073,2.907709],[99.027749,2.909964],[99.032617,2.911599],[99.037718,2.914751],[99.03378,2.918986],[99.033512,2.921381],[99.038158,2.922363],[99.04155,2.924755],[99.040995,2.928275],[99.038236,2.930297],[99.03259,2.931619],[99.03181,2.933887],[99.035216,2.935157],[99.038043,2.940905],[99.051804,2.94207],[99.054717,2.945983]]]}},{"type":"Feature","properties":{"nmkec":"Siantar Selatan","nmkab":"Pematang Siantar","nmprov":"Sumatera Utara","kdkec":"020","kdkab":"73","kodekab":"1273","idkec":"1273020","index":435},"geometry":{"type":"Polygon","coordinates":[[[99.070323,2.954563],[99.069408,2.954668],[99.069413,2.95339],[99.07075,2.948848],[99.068794,2.9465],[99.061735,2.942507],[99.059322,2.93781],[99.054717,2.945983],[99.051804,2.94207],[99.046564,2.941146],[99.039151,2.941353],[99.04792,2.943143],[99.055929,2.948856],[99.06446,2.951626],[99.065085,2.951988],[99.063777,2.955199],[99.070129,2.958769],[99.071195,2.956928],[99.070323,2.954563]]]}},{"type":"Feature","properties":{"nmkec":"Siantar Barat","nmkab":"Pematang Siantar","nmprov":"Sumatera Utara","kdkec":"030","kdkab":"73","kodekab":"1273","idkec":"1273030","index":436},"geometry":{"type":"Polygon","coordinates":[[[99.051675,2.9674],[99.061102,2.967379],[99.059954,2.9661],[99.060734,2.959513],[99.065633,2.959352],[99.070207,2.960983],[99.070129,2.958769],[99.063777,2.955199],[99.065085,2.951988],[99.055929,2.948856],[99.050211,2.944109],[99.048656,2.943805],[99.046365,2.954787],[99.051522,2.956535],[99.051675,2.9674]]]}},{"type":"Feature","properties":{"nmkec":"Siantar Utara","nmkab":"Pematang Siantar","nmprov":"Sumatera Utara","kdkec":"040","kdkab":"73","kodekab":"1273","idkec":"1273040","index":437},"geometry":{"type":"Polygon","coordinates":[[[99.077414,2.97788],[99.075007,2.970042],[99.07258,2.967343],[99.071278,2.961432],[99.065633,2.959352],[99.060734,2.959513],[99.059954,2.9661],[99.061102,2.967379],[99.051675,2.9674],[99.049896,2.969328],[99.053148,2.977626],[99.063154,2.977278],[99.068473,2.976067],[99.077034,2.980399],[99.077414,2.97788]]]}},{"type":"Feature","properties":{"nmkec":"Tebing Tinggi Kota","nmkab":"Tebing Tinggi","nmprov":"Sumatera Utara","kdkec":"011","kdkab":"74","kodekab":"1274","idkec":"1274011","index":438},"geometry":{"type":"Polygon","coordinates":[[[99.160277,3.336829],[99.162615,3.334362],[99.162813,3.332128],[99.165679,3.333566],[99.168288,3.324637],[99.170185,3.323591],[99.168485,3.318752],[99.160007,3.318212],[99.156144,3.322446],[99.153886,3.323424],[99.152401,3.321299],[99.150847,3.320958],[99.155648,3.326634],[99.155713,3.330375],[99.154494,3.332052],[99.153972,3.336387],[99.157756,3.33742],[99.160277,3.336829]]]}},{"type":"Feature","properties":{"nmkec":"Bajenis","nmkab":"Tebing Tinggi","nmprov":"Sumatera Utara","kdkec":"021","kdkab":"74","kodekab":"1274","idkec":"1274021","index":439},"geometry":{"type":"Polygon","coordinates":[[[99.135421,3.349792],[99.139966,3.34492],[99.141851,3.346869],[99.147961,3.342166],[99.151597,3.336175],[99.153084,3.337211],[99.153972,3.336387],[99.154494,3.332052],[99.155713,3.330375],[99.155648,3.326634],[99.149449,3.319261],[99.142839,3.318562],[99.131991,3.315219],[99.128071,3.319974],[99.128221,3.323088],[99.12931,3.324258],[99.128322,3.328568],[99.125297,3.329069],[99.124952,3.335635],[99.11675,3.33557],[99.116273,3.338678],[99.125466,3.345832],[99.128905,3.349853],[99.135421,3.349792]]]}},{"type":"Feature","properties":{"nmkec":"Medan Tuntungan","nmkab":"Medan","nmprov":"Sumatera Utara","kdkec":"010","kdkab":"75","kodekab":"1275","idkec":"1275010","index":440},"geometry":{"type":"Polygon","coordinates":[[[98.606032,3.550495],[98.619571,3.549441],[98.619602,3.547415],[98.616064,3.538315],[98.629155,3.536946],[98.634913,3.528503],[98.642589,3.534473],[98.644472,3.532299],[98.64387,3.530168],[98.649217,3.530184],[98.648806,3.517064],[98.647232,3.514979],[98.644334,3.514651],[98.64279,3.509964],[98.643526,3.508777],[98.651997,3.506626],[98.658736,3.506521],[98.658888,3.50564],[98.655066,3.496376],[98.651169,3.496269],[98.647992,3.497757],[98.644855,3.490297],[98.646581,3.485229],[98.646469,3.482871],[98.641736,3.48146],[98.640442,3.487714],[98.637938,3.488724],[98.638499,3.494515],[98.643266,3.508582],[98.635527,3.50729],[98.63552,3.50564],[98.631837,3.505787],[98.627893,3.512765],[98.627853,3.518186],[98.625692,3.518836],[98.623584,3.516059],[98.622372,3.509962],[98.619295,3.504913],[98.615895,3.500299],[98.611666,3.497195],[98.605209,3.494519],[98.600519,3.491223],[98.592836,3.495243],[98.592896,3.499142],[98.596919,3.503631],[98.59745,3.506382],[98.601762,3.512705],[98.602205,3.516286],[98.600059,3.519508],[98.597704,3.527237],[98.602545,3.53382],[98.600918,3.538161],[98.596241,3.538982],[98.593474,3.540263],[98.593325,3.541334],[98.606032,3.550495]]]}},{"type":"Feature","properties":{"nmkec":"Medan Area","nmkab":"Medan","nmprov":"Sumatera Utara","kdkec":"050","kdkab":"75","kodekab":"1275","idkec":"1275050","index":441},"geometry":{"type":"Polygon","coordinates":[[[98.707316,3.585034],[98.710178,3.577193],[98.710385,3.570294],[98.706433,3.570273],[98.706344,3.568487],[98.697534,3.56864],[98.696073,3.569429],[98.694584,3.572318],[98.690707,3.572403],[98.691011,3.580184],[98.692992,3.581151],[98.691191,3.586819],[98.696377,3.587776],[98.69584,3.593366],[98.69789,3.59423],[98.707316,3.585034]]]}},{"type":"Feature","properties":{"nmkec":"Medan Kota","nmkab":"Medan","nmprov":"Sumatera Utara","kdkec":"060","kdkab":"75","kodekab":"1275","idkec":"1275060","index":442},"geometry":{"type":"Polygon","coordinates":[[[98.69584,3.593366],[98.696377,3.587776],[98.691191,3.586819],[98.692992,3.581151],[98.691011,3.580184],[98.690707,3.572403],[98.694584,3.572318],[98.696073,3.569429],[98.697534,3.56864],[98.706344,3.568487],[98.70661,3.560255],[98.710771,3.560215],[98.708922,3.555369],[98.706559,3.554921],[98.706619,3.552624],[98.689807,3.553206],[98.690243,3.563661],[98.681882,3.58543],[98.685726,3.587156],[98.684156,3.591256],[98.688875,3.593071],[98.692057,3.591851],[98.69584,3.593366]]]}},{"type":"Feature","properties":{"nmkec":"Medan Maimun","nmkab":"Medan","nmprov":"Sumatera Utara","kdkec":"070","kdkab":"75","kodekab":"1275","idkec":"1275070","index":443},"geometry":{"type":"Polygon","coordinates":[[[98.681882,3.58543],[98.690346,3.561823],[98.688902,3.547716],[98.687739,3.546508],[98.682981,3.545451],[98.683211,3.547371],[98.686581,3.552227],[98.685152,3.555379],[98.683631,3.55537],[98.685865,3.562634],[98.684498,3.567841],[98.683237,3.570541],[98.681191,3.57223],[98.673449,3.57234],[98.671134,3.573556],[98.671906,3.575368],[98.677178,3.577671],[98.675081,3.583718],[98.681882,3.58543]]]}},{"type":"Feature","properties":{"nmkec":"Medan Polonia","nmkab":"Medan","nmprov":"Sumatera Utara","kdkec":"080","kdkab":"75","kodekab":"1275","idkec":"1275080","index":444},"geometry":{"type":"Polygon","coordinates":[[[98.675081,3.583718],[98.677178,3.577671],[98.671906,3.575368],[98.671134,3.573556],[98.673449,3.57234],[98.681191,3.57223],[98.683237,3.570541],[98.68589,3.563156],[98.683631,3.55537],[98.685152,3.555379],[98.686536,3.552039],[98.683211,3.547371],[98.682981,3.545451],[98.667645,3.542414],[98.661424,3.542096],[98.660349,3.547036],[98.662939,3.552127],[98.662849,3.558164],[98.664725,3.561984],[98.660362,3.57011],[98.663199,3.573237],[98.666443,3.57312],[98.668379,3.575129],[98.669246,3.576879],[98.667819,3.584141],[98.675081,3.583718]]]}},{"type":"Feature","properties":{"nmkec":"Medan Baru","nmkab":"Medan","nmprov":"Sumatera Utara","kdkec":"090","kdkab":"75","kodekab":"1275","idkec":"1275090","index":445},"geometry":{"type":"Polygon","coordinates":[[[98.667819,3.584141],[98.669246,3.576879],[98.668379,3.575129],[98.666443,3.57312],[98.663199,3.573237],[98.660304,3.569811],[98.664725,3.561984],[98.662849,3.558164],[98.662939,3.552127],[98.660349,3.547036],[98.653144,3.547028],[98.652108,3.562041],[98.653015,3.584963],[98.667819,3.584141]]]}},{"type":"Feature","properties":{"nmkec":"Binjai Kota","nmkab":"Binjai","nmprov":"Sumatera Utara","kdkec":"020","kdkab":"76","kodekab":"1276","idkec":"1276020","index":446},"geometry":{"type":"Polygon","coordinates":[[[98.494326,3.614277],[98.494182,3.6119],[98.491864,3.609607],[98.493713,3.60905],[98.492342,3.605796],[98.489316,3.603878],[98.489558,3.600046],[98.48538,3.597296],[98.478772,3.595232],[98.478458,3.589559],[98.476323,3.589598],[98.47316,3.591499],[98.466003,3.5925],[98.462462,3.595118],[98.461138,3.597488],[98.46278,3.599182],[98.464838,3.598683],[98.467083,3.600811],[98.466354,3.602761],[98.467508,3.603932],[98.472178,3.603906],[98.471442,3.601632],[98.476631,3.599822],[98.479343,3.602596],[98.480574,3.608349],[98.48647,3.609095],[98.490238,3.611205],[98.492127,3.613723],[98.491523,3.617133],[98.494326,3.614277]]]}},{"type":"Feature","properties":{"nmkec":"Gunungsitoli Barat","nmkab":"Gunungsitoli","nmprov":"Sumatera Utara","kdkec":"030","kdkab":"78","kodekab":"1278","idkec":"1278030","index":447},"geometry":{"type":"Polygon","coordinates":[[[97.612013,1.277389],[97.61062,1.259568],[97.611462,1.25572],[97.614314,1.251684],[97.609999,1.246946],[97.609691,1.242577],[97.612883,1.236137],[97.600723,1.233156],[97.592132,1.227327],[97.584997,1.219754],[97.582949,1.21381],[97.575654,1.21398],[97.57316,1.213132],[97.571779,1.215986],[97.562144,1.224677],[97.568289,1.229597],[97.568839,1.232147],[97.565735,1.238823],[97.566507,1.251879],[97.569678,1.254444],[97.581746,1.259624],[97.586275,1.259179],[97.587511,1.260029],[97.57592,1.274172],[97.581991,1.275257],[97.587015,1.274534],[97.591754,1.271994],[97.60223,1.272316],[97.604531,1.273077],[97.610233,1.279247],[97.611397,1.279494],[97.612013,1.277389]]]}},{"type":"Feature","properties":{"nmkec":"Gunung Sitoli","nmkab":"Gunungsitoli","nmprov":"Sumatera Utara","kdkec":"040","kdkab":"78","kodekab":"1278","idkec":"1278040","index":448},"geometry":{"type":"MultiPolygon","coordinates":[[[[97.56837,1.353604],[97.571487,1.347486],[97.576194,1.349014],[97.580277,1.343268],[97.585556,1.341724],[97.593809,1.33491],[97.599356,1.328543],[97.603923,1.31763],[97.609194,1.312147],[97.611126,1.308184],[97.609132,1.304073],[97.608926,1.300764],[97.610684,1.293951],[97.613214,1.291708],[97.623001,1.288772],[97.625666,1.285885],[97.636287,1.269658],[97.639614,1.26226],[97.642754,1.251194],[97.634326,1.245832],[97.63289,1.243169],[97.623578,1.239492],[97.620705,1.237469],[97.621179,1.235047],[97.618989,1.23246],[97.616459,1.233698],[97.616179,1.235815],[97.612883,1.236137],[97.609691,1.242577],[97.609999,1.246946],[97.614314,1.251684],[97.611462,1.25572],[97.61062,1.259568],[97.611856,1.269223],[97.611397,1.279494],[97.606537,1.275829],[97.604531,1.273077],[97.60223,1.272316],[97.591754,1.271994],[97.587015,1.274534],[97.581991,1.275257],[97.573381,1.273935],[97.568713,1.277607],[97.565645,1.274444],[97.563198,1.277502],[97.564028,1.280612],[97.57044,1.284103],[97.572152,1.286101],[97.566143,1.301844],[97.568014,1.304364],[97.573562,1.304764],[97.579543,1.309213],[97.580649,1.311783],[97.579251,1.315756],[97.571453,1.313015],[97.565901,1.313587],[97.56626,1.322981],[97.569094,1.334568],[97.565412,1.338633],[97.566349,1.341873],[97.565671,1.344974],[97.561959,1.348785],[97.557572,1.351018],[97.561964,1.356746],[97.56837,1.353604]]],[[[97.490036,1.316952],[97.492603,1.313054],[97.492394,1.309479],[97.487497,1.309967],[97.486996,1.310697],[97.488255,1.314919],[97.490036,1.316952]]]]}},{"type":"Feature","properties":{"nmkec":"Gunungsitoli Alo Oa","nmkab":"Gunungsitoli","nmprov":"Sumatera Utara","kdkec":"050","kdkab":"78","kodekab":"1278","idkec":"1278050","index":449},"geometry":{"type":"Polygon","coordinates":[[[97.54044,1.339185],[97.541232,1.33521],[97.540747,1.325175],[97.544949,1.318469],[97.552174,1.320422],[97.562946,1.314048],[97.571453,1.313015],[97.579251,1.315756],[97.580673,1.312196],[97.579543,1.309213],[97.572013,1.304086],[97.568014,1.304364],[97.566143,1.301844],[97.572152,1.286101],[97.568083,1.286563],[97.560998,1.285487],[97.556527,1.281427],[97.553148,1.280062],[97.548677,1.280267],[97.545579,1.281606],[97.543313,1.284839],[97.541185,1.284865],[97.520617,1.275805],[97.516714,1.272456],[97.511615,1.271259],[97.509935,1.271722],[97.507235,1.273658],[97.510016,1.276105],[97.511209,1.279819],[97.509311,1.282314],[97.503515,1.286507],[97.500173,1.287544],[97.492641,1.285299],[97.489292,1.286649],[97.488662,1.288688],[97.489942,1.290272],[97.500045,1.290394],[97.516212,1.296735],[97.525936,1.297341],[97.519549,1.307895],[97.515608,1.309902],[97.50452,1.3117],[97.492394,1.309479],[97.493454,1.317397],[97.492011,1.321839],[97.492273,1.326635],[97.503055,1.322089],[97.516573,1.326446],[97.532892,1.325764],[97.53467,1.326798],[97.536125,1.329416],[97.536222,1.334134],[97.537642,1.339124],[97.54044,1.339185]]]}},{"type":"Feature","properties":{"nmkec":"Gunungsitoli Utara","nmkab":"Gunungsitoli","nmprov":"Sumatera Utara","kdkec":"060","kdkab":"78","kodekab":"1278","idkec":"1278060","index":450},"geometry":{"type":"MultiPolygon","coordinates":[[[[97.540134,1.420225],[97.541815,1.40935],[97.542063,1.399592],[97.541135,1.394314],[97.541991,1.390293],[97.552492,1.378051],[97.55893,1.375951],[97.561482,1.372227],[97.563265,1.364973],[97.569847,1.359487],[97.57608,1.349831],[97.576194,1.349014],[97.571487,1.347486],[97.56837,1.353604],[97.561964,1.356746],[97.557572,1.351018],[97.561959,1.348785],[97.565671,1.344974],[97.566349,1.341873],[97.565412,1.338633],[97.569094,1.334568],[97.56626,1.322981],[97.565901,1.313587],[97.562946,1.314048],[97.552174,1.320422],[97.544949,1.318469],[97.540747,1.325175],[97.541232,1.33521],[97.54044,1.339185],[97.537642,1.339124],[97.536222,1.334134],[97.536125,1.329416],[97.53467,1.326798],[97.532892,1.325764],[97.516573,1.326446],[97.503055,1.322089],[97.491748,1.327061],[97.491196,1.328985],[97.495002,1.335488],[97.494052,1.337236],[97.486282,1.340935],[97.484131,1.34379],[97.484317,1.345496],[97.486991,1.347319],[97.495299,1.346047],[97.499322,1.339203],[97.505707,1.349612],[97.506135,1.352412],[97.505206,1.356898],[97.506096,1.359048],[97.506949,1.359975],[97.513405,1.3609],[97.512781,1.363528],[97.508478,1.365926],[97.506318,1.368976],[97.504891,1.373444],[97.505173,1.376961],[97.500269,1.38282],[97.502953,1.38759],[97.512331,1.398809],[97.516524,1.402171],[97.524736,1.404584],[97.529783,1.410031],[97.52891,1.411822],[97.534425,1.415615],[97.534666,1.417668],[97.540134,1.420225]]],[[[97.578818,1.345769],[97.584459,1.34255],[97.580277,1.343268],[97.578818,1.345769]]]]}}]}