{"type":"FeatureCollection","features":[{"type":"Feature","properties":{"flood_val":1,"fase":"fase1","luas_m2":191985614.98833346,"luas_km2":191.98561498833345},"geometry":{"type":"MultiPolygon","coordinates":[[[[97.33586,1.46576],[97.32871,1.46486],[97.32424,1.46755],[97.32871,1.46845],[97.32871,1.46666],[97.33586,1.46576]]],[[[98.20205,2.15839],[98.20831,2.15569],[98.21279,2.1566],[98.21189,2.15209],[98.19668,2.15569],[98.19847,2.15839],[98.20205,2.15569],[98.20205,2.15839]]],[[[98.18952,2.15658],[98.19221,2.16018],[98.19489,2.15929],[98.19489,2.15659],[98.18952,2.15658]]],[[[98.18415,2.16468],[98.18505,2.16558],[98.18505,2.16288],[98.18415,2.16468]]],[[[98.18326,2.16558],[98.17789,2.16648],[98.17789,2.16738],[98.18325,2.16918],[98.18326,2.16558]]],[[[98.19808,2.80283],[98.20076,2.80553],[98.20166,2.80373],[98.19808,2.80283]]],[[[98.19539,2.80913],[98.19539,2.80643],[98.19271,2.80642],[98.19181,2.81002],[98.19539,2.80913]]],[[[98.20076,2.80823],[98.20345,2.80913],[98.20255,2.80643],[98.19897,2.80733],[98.19808,2.80553],[98.1945,2.81093],[98.19897,2.81183],[98.20076,2.80823]]],[[[98.06086,3.12223],[98.06176,3.11593],[98.05997,3.11593],[98.05907,3.12043],[98.06086,3.12223]]],[[[98.05727,3.13033],[98.05996,3.12943],[98.06085,3.13213],[98.06264,3.13213],[98.06265,3.12763],[98.05638,3.12853],[98.05727,3.13033]]],[[[98.06443,3.13483],[98.06623,3.13214],[98.06085,3.13303],[98.06085,3.13393],[98.06443,3.13483]]],[[[98.05996,3.13303],[98.05637,3.13483],[98.05279,3.13482],[98.05816,3.13753],[98.05996,3.13303]]],[[[98.05189,3.14022],[98.0519,3.13752],[98.04831,3.13932],[98.04921,3.14112],[98.05189,3.14022]]],[[[98.04742,3.14022],[98.04384,3.13932],[98.04383,3.14112],[98.04742,3.14022]]],[[[98.04921,3.14112],[98.04831,3.14472],[98.0501,3.14472],[98.04921,3.14112]]],[[[98.04383,3.14292],[98.04204,3.14471],[98.04383,3.14472],[98.04383,3.14292]]],[[[98.05368,3.14922],[98.05279,3.14382],[98.0501,3.14292],[98.05099,3.14472],[98.0492,3.14652],[98.04831,3.14652],[98.0483,3.14832],[98.05368,3.14922]],[[98.0492,3.14652],[98.0501,3.14742],[98.0492,3.14742],[98.0492,3.14652]]],[[[98.04651,3.14742],[98.04831,3.14562],[98.04562,3.14562],[98.04651,3.14742]]],[[[98.04472,3.14742],[98.04204,3.14471],[98.03935,3.14651],[98.04024,3.15011],[98.04204,3.14831],[98.04293,3.15371],[98.04562,3.15102],[98.04472,3.14742]],[[98.04383,3.14742],[98.04293,3.14831],[98.04293,3.14741],[98.04383,3.14742]],[[98.04293,3.15101],[98.04383,3.14922],[98.04383,3.15102],[98.04293,3.15101]]],[[[98.03845,3.15191],[98.04114,3.15371],[98.04113,3.15551],[98.03845,3.15461],[98.04113,3.15641],[98.03844,3.16271],[98.04023,3.16451],[98.04382,3.15732],[98.04114,3.15191],[98.03845,3.15191]],[[98.04203,3.15911],[98.04113,3.16001],[98.04113,3.15911],[98.04203,3.15911]]],[[[98.03218,3.1582],[98.03576,3.15911],[98.03666,3.15641],[98.03218,3.1582]]],[[[98.03844,3.16181],[98.03665,3.15911],[98.03576,3.15911],[98.03576,3.16181],[98.03844,3.16181]]],[[[98.00526,3.21758],[98.00705,3.21488],[98.00526,3.21398],[98.00526,3.21758]]],[[[97.98015,3.25895],[97.97746,3.25625],[97.97657,3.25445],[97.97657,3.25715],[97.98015,3.25895]]],[[[97.98013,3.27335],[97.98014,3.26975],[97.97745,3.26975],[97.97834,3.27335],[97.98013,3.27335]]],[[[98.32705,3.9991],[98.32256,3.99909],[98.32615,4.0027],[98.32705,3.9991]]],[[[98.32166,4.00539],[98.31718,4.00179],[98.31449,4.00359],[98.31897,4.00989],[98.32166,4.00989],[98.32345,4.0117],[98.32166,4.00539]],[[98.32076,4.00719],[98.32166,4.00809],[98.32076,4.00809],[98.32076,4.00719]]],[[[98.31359,4.00809],[98.31449,4.00989],[98.31628,4.00989],[98.31628,4.00809],[98.31359,4.00809]]],[[[98.32076,4.01079],[98.32344,4.0189],[98.32613,4.018],[98.32524,4.0126],[98.32076,4.01079]]],[[[98.30642,4.01348],[98.30193,4.01978],[98.30462,4.01798],[98.3109,4.01979],[98.30642,4.01348]]],[[[98.18453,4.01427],[98.18721,4.01967],[98.18901,4.01877],[98.18722,4.01427],[98.18453,4.01427]]],[[[98.30373,4.01978],[98.30641,4.02068],[98.30552,4.01888],[98.30373,4.01978]]],[[[98.19706,4.02688],[98.19437,4.02868],[98.19437,4.03318],[98.19706,4.03318],[98.19706,4.02688]]],[[[98.18093,4.03317],[98.18272,4.03137],[98.18003,4.02956],[98.18003,4.03136],[98.18093,4.03317]]],[[[98.12447,4.02951],[98.12536,4.03311],[98.12536,4.02951],[98.12447,4.02951]]],[[[98.33239,4.04051],[98.3306,4.0387],[98.3297,4.0405],[98.33239,4.04051]]],[[[98.19705,4.04578],[98.19884,4.04398],[98.19705,4.04218],[98.19705,4.04578]]],[[[98.26066,4.06834],[98.25887,4.07014],[98.26066,4.07104],[98.26066,4.06834]]],[[[98.26245,4.07195],[98.26065,4.07554],[98.26603,4.07645],[98.26424,4.07015],[98.26066,4.07104],[98.26245,4.07195]]],[[[98.27858,4.08186],[98.27858,4.07916],[98.27051,4.08005],[98.27409,4.08276],[98.27499,4.08096],[98.27858,4.08186]]],[[[98.27946,4.08996],[98.27767,4.09266],[98.28036,4.09626],[98.28125,4.09266],[98.27946,4.08996]],[[98.27946,4.09356],[98.28036,4.09446],[98.27946,4.09446],[98.27946,4.09356]]],[[[98.25436,4.09714],[98.25704,4.10254],[98.25884,4.10164],[98.26332,4.10615],[98.27587,4.10526],[98.27587,4.10166],[98.27766,4.10436],[98.28393,4.10527],[98.28931,4.10167],[98.28932,4.09717],[98.28305,4.09447],[98.28125,4.09896],[98.27587,4.09626],[98.27677,4.09986],[98.27587,4.09986],[98.27498,4.09716],[98.27139,4.09626],[98.27229,4.09446],[98.27498,4.09536],[98.27498,4.09266],[98.27229,4.09176],[98.27767,4.09176],[98.27678,4.08636],[98.27947,4.08906],[98.28215,4.08906],[98.28036,4.08816],[98.28216,4.08636],[98.27409,4.08456],[98.26961,4.08545],[98.2705,4.08905],[98.26781,4.08905],[98.26782,4.08455],[98.26602,4.08455],[98.26423,4.08815],[98.26064,4.08724],[98.25706,4.09084],[98.25885,4.09264],[98.25436,4.09714]],[[98.26959,4.10435],[98.27049,4.10345],[98.27049,4.10435],[98.26959,4.10435]],[[98.27318,4.10436],[98.27228,4.10256],[98.27318,4.10256],[98.27318,4.10436]],[[98.27497,4.09896],[98.27408,4.10076],[98.27408,4.09896],[98.27497,4.09896]],[[98.27409,4.09086],[98.27229,4.08996],[98.27409,4.08996],[98.27409,4.09086]],[[98.27229,4.08996],[98.2714,4.08905],[98.27229,4.08906],[98.27229,4.08996]],[[98.27588,4.08996],[98.27498,4.08906],[98.27588,4.08726],[98.27588,4.08996]],[[98.26781,4.08905],[98.26692,4.08995],[98.26692,4.08905],[98.26781,4.08905]],[[98.26692,4.08725],[98.26602,4.08815],[98.26602,4.08725],[98.26692,4.08725]],[[98.25885,4.09264],[98.25974,4.09354],[98.25885,4.09354],[98.25885,4.09264]],[[98.25974,4.09264],[98.26064,4.09175],[98.26064,4.09265],[98.25974,4.09264]],[[98.26064,4.09175],[98.26154,4.09085],[98.26154,4.09175],[98.26064,4.09175]],[[98.26511,4.10165],[98.26601,4.10255],[98.26511,4.10255],[98.26511,4.10165]],[[98.2687,4.10165],[98.26959,4.10255],[98.2687,4.10255],[98.2687,4.10165]],[[98.28035,4.10166],[98.28125,4.10256],[98.28035,4.10256],[98.28035,4.10166]],[[98.28483,4.10077],[98.28573,4.10257],[98.28483,4.10257],[98.28483,4.10077]],[[98.28214,4.10077],[98.28304,4.10167],[98.28214,4.10167],[98.28214,4.10077]],[[98.2678,4.10075],[98.26511,4.09895],[98.2687,4.09895],[98.2678,4.10075]],[[98.27229,4.09896],[98.27318,4.09986],[98.27228,4.09986],[98.27229,4.09896]],[[98.28484,4.09807],[98.28304,4.09987],[98.28304,4.09807],[98.28484,4.09807]],[[98.25795,4.09624],[98.25884,4.09804],[98.25795,4.09804],[98.25795,4.09624]],[[98.26422,4.09715],[98.26512,4.09805],[98.26422,4.09805],[98.26422,4.09715]],[[98.25974,4.09534],[98.26063,4.09715],[98.25974,4.09714],[98.25974,4.09534]],[[98.26781,4.09625],[98.2687,4.09715],[98.26781,4.09715],[98.26781,4.09625]],[[98.26153,4.09355],[98.26243,4.09535],[98.26153,4.09535],[98.26153,4.09355]],[[98.2705,4.09265],[98.2696,4.09355],[98.2696,4.09175],[98.2705,4.09265]],[[98.26423,4.09175],[98.26512,4.09265],[98.26422,4.09265],[98.26423,4.09175]],[[98.26781,4.09085],[98.26871,4.09175],[98.26781,4.09175],[98.26781,4.09085]]],[[[98.24898,4.09713],[98.2454,4.09893],[98.24898,4.09893],[98.24898,4.09713]]],[[[98.24091,4.09983],[98.24181,4.10253],[98.24539,4.10253],[98.2427,4.10073],[98.2445,4.09893],[98.24271,4.09713],[98.23733,4.09892],[98.23733,4.10072],[98.24091,4.09983]]],[[[98.24539,4.10073],[98.24898,4.10253],[98.25167,4.10074],[98.24539,4.10073]]],[[[98.292,4.10167],[98.28931,4.10167],[98.28931,4.10347],[98.2911,4.10347],[98.292,4.10167]]],[[[98.24528,4.22134],[98.24438,4.21953],[98.24259,4.21953],[98.24528,4.22134]]],[[[98.24349,4.22133],[98.24259,4.22583],[98.24528,4.22494],[98.24349,4.22133]]],[[[98.24168,4.23123],[98.24527,4.23034],[98.24527,4.22854],[98.23989,4.22763],[98.24168,4.23123]]],[[[98.2381,4.23213],[98.2372,4.23483],[98.24258,4.23303],[98.24168,4.23123],[98.2381,4.23213]]],[[[98.23988,4.23843],[98.24078,4.23483],[98.23361,4.23753],[98.2345,4.23933],[98.23988,4.23843]]],[[[98.23181,4.23932],[98.23271,4.24292],[98.2345,4.23933],[98.23181,4.23932]]],[[[98.24077,4.24653],[98.24257,4.24383],[98.24168,4.23933],[98.2354,4.24113],[98.23629,4.24383],[98.23898,4.24293],[98.23808,4.24563],[98.24077,4.24653]]],[[[98.23001,4.24742],[98.2327,4.24562],[98.23002,4.24472],[98.23001,4.24742]]],[[[98.23898,4.24923],[98.23719,4.24653],[98.23808,4.24923],[98.23898,4.24923]]],[[[98.23898,4.25013],[98.23718,4.25103],[98.23897,4.25193],[98.24077,4.24923],[98.23898,4.25013]]],[[[98.20218,4.28519],[98.20397,4.2879],[98.20487,4.2879],[98.20487,4.2852],[98.20218,4.28519]]],[[[98.20218,4.29059],[98.20218,4.28789],[98.19859,4.28789],[98.20218,4.29059]]],[[[98.46515,1.99559],[98.46336,1.99468],[98.46515,1.99739],[98.46515,1.99559]]],[[[98.40072,2.03787],[98.40519,2.04327],[98.40698,2.04237],[98.41593,2.03067],[98.41504,2.02527],[98.41772,2.02527],[98.41862,2.02347],[98.41772,2.01447],[98.41951,2.01627],[98.4222,2.01267],[98.41594,2.01177],[98.41325,2.01537],[98.41504,2.02077],[98.40967,2.01627],[98.40967,2.01987],[98.40699,2.02167],[98.4052,2.01537],[98.40251,2.01537],[98.40162,2.02347],[98.4043,2.02347],[98.4043,2.01897],[98.40609,2.01897],[98.40609,2.02257],[98.40877,2.02257],[98.40877,2.02527],[98.40609,2.02437],[98.40609,2.03517],[98.40251,2.03877],[98.4034,2.03427],[98.40161,2.03427],[98.40072,2.03787]],[[98.40966,2.03697],[98.40788,2.03517],[98.40877,2.03517],[98.40966,2.03697]],[[98.41504,2.02077],[98.41593,2.02347],[98.41504,2.02347],[98.41504,2.02077]],[[98.41593,2.02347],[98.41683,2.02437],[98.41593,2.02437],[98.41593,2.02347]],[[98.40788,2.02527],[98.40698,2.02617],[98.40698,2.02527],[98.40788,2.02527]],[[98.4034,2.03877],[98.40429,2.03967],[98.4034,2.03967],[98.4034,2.03877]],[[98.40698,2.03697],[98.40519,2.04057],[98.40519,2.03697],[98.40698,2.03697]],[[98.40966,2.03517],[98.41056,2.03427],[98.41056,2.03517],[98.40966,2.03517]],[[98.41056,2.03427],[98.41145,2.03337],[98.41145,2.03427],[98.41056,2.03427]],[[98.41056,2.03337],[98.40877,2.03157],[98.41056,2.03157],[98.41056,2.03337]],[[98.41235,2.03067],[98.41145,2.03247],[98.41146,2.03067],[98.41235,2.03067]],[[98.40788,2.02977],[98.40698,2.03067],[98.40698,2.02977],[98.40788,2.02977]],[[98.41056,2.02887],[98.40967,2.02977],[98.40967,2.02887],[98.41056,2.02887]],[[98.41235,2.02887],[98.41146,2.02977],[98.41146,2.02887],[98.41235,2.02887]],[[98.41146,2.02527],[98.40967,2.02797],[98.40967,2.02527],[98.41146,2.02527]],[[98.41325,2.02797],[98.41235,2.02347],[98.41325,2.02347],[98.41325,2.02797]],[[98.41235,2.02347],[98.41056,2.02257],[98.41235,2.02257],[98.41235,2.02347]]],[[[98.3712,2.02886],[98.36941,2.02796],[98.36941,2.02976],[98.3712,2.02886]]],[[[98.3703,2.03156],[98.37209,2.02886],[98.3712,2.02886],[98.3703,2.03156]]],[[[98.40161,2.03067],[98.40161,2.03337],[98.4043,2.03337],[98.4043,2.03067],[98.40161,2.03067]]],[[[98.37209,2.03426],[98.36762,2.03155],[98.36672,2.03425],[98.36851,2.03516],[98.36583,2.03785],[98.36761,2.03876],[98.37209,2.03426]]],[[[98.38282,2.04596],[98.37835,2.04146],[98.37925,2.03696],[98.37567,2.03606],[98.37298,2.03966],[98.37656,2.04056],[98.37656,2.04866],[98.38461,2.05226],[98.38282,2.04596]],[[98.38103,2.04956],[98.38192,2.05046],[98.38103,2.05046],[98.38103,2.04956]]],[[[98.50568,3.49248],[98.5021,3.49517],[98.50479,3.49698],[98.50568,3.49248]]],[[[98.47881,3.49966],[98.47791,3.49606],[98.47523,3.49606],[98.47881,3.49966]]],[[[98.47612,3.49876],[98.47522,3.50236],[98.47881,3.50236],[98.47612,3.50056],[98.47612,3.49876]]],[[[98.47611,3.51046],[98.4797,3.50956],[98.4797,3.50776],[98.47522,3.50866],[98.47611,3.51046]]],[[[98.41161,3.52752],[98.41519,3.52843],[98.41699,3.52483],[98.4143,3.52483],[98.41161,3.52752]]],[[[98.50119,3.52938],[98.50477,3.53118],[98.50388,3.52488],[98.50119,3.52938]]],[[[98.53787,3.62031],[98.53428,3.6212],[98.53428,3.623],[98.53787,3.62391],[98.53787,3.62031]]],[[[98.52891,3.6212],[98.52353,3.6212],[98.52622,3.6266],[98.5298,3.6257],[98.52891,3.6212]]],[[[98.53786,3.62931],[98.53787,3.62481],[98.53607,3.62481],[98.53607,3.62841],[98.53786,3.62931]]],[[[98.5298,3.632],[98.5298,3.6275],[98.52622,3.6275],[98.52711,3.6311],[98.5298,3.632]]],[[[98.48858,3.65358],[98.49126,3.65448],[98.49126,3.65358],[98.48858,3.65358]]],[[[98.48768,3.65628],[98.49037,3.65808],[98.49126,3.65538],[98.48768,3.65628]]],[[[98.49305,3.66259],[98.48947,3.66078],[98.48946,3.66798],[98.49126,3.66799],[98.49305,3.66259]]],[[[98.49395,3.66079],[98.49484,3.66349],[98.49663,3.66169],[98.49663,3.66439],[98.49305,3.66619],[98.49305,3.66979],[98.49663,3.66979],[98.49843,3.66079],[98.49753,3.65899],[98.49395,3.66079]],[[98.49663,3.66709],[98.49574,3.66619],[98.49663,3.66619],[98.49663,3.66709]]],[[[98.51454,3.6815],[98.51275,3.6797],[98.51185,3.6815],[98.51454,3.6815]]],[[[98.49483,3.68689],[98.49841,3.68869],[98.49931,3.68599],[98.49483,3.68419],[98.49483,3.68689]]],[[[98.50109,3.69679],[98.4993,3.69859],[98.50109,3.69859],[98.50109,3.69679]]],[[[98.50468,3.7013],[98.50199,3.69859],[98.4993,3.69949],[98.50288,3.7022],[98.50468,3.7013]]],[[[98.53959,3.75082],[98.54407,3.75352],[98.54497,3.74992],[98.53959,3.75082]]],[[[98.51808,3.76071],[98.5154,3.75981],[98.51539,3.76161],[98.51808,3.76071]]],[[[98.51808,3.76341],[98.51987,3.76161],[98.51898,3.75891],[98.51808,3.76341]]],[[[98.53689,3.77692],[98.5342,3.77692],[98.5342,3.77872],[98.53599,3.77872],[98.53689,3.77692]]],[[[98.54137,3.77962],[98.53958,3.77692],[98.53779,3.77692],[98.53779,3.77872],[98.54137,3.77962]]],[[[98.54316,3.78233],[98.54137,3.77962],[98.54226,3.78232],[98.54316,3.78233]]],[[[98.5333,3.78502],[98.53599,3.78412],[98.5342,3.78052],[98.53151,3.78142],[98.5333,3.78502]]],[[[98.4419,3.78857],[98.4437,3.79037],[98.44549,3.78767],[98.4419,3.78857]]],[[[98.44459,3.78947],[98.44818,3.79037],[98.44818,3.78767],[98.44459,3.78947]]],[[[98.43205,3.78856],[98.43473,3.79126],[98.43653,3.78856],[98.43205,3.78856]]],[[[98.44011,3.79127],[98.43742,3.78856],[98.43742,3.79126],[98.44011,3.79127]]],[[[98.49387,3.7913],[98.49567,3.7904],[98.49567,3.7886],[98.49298,3.7886],[98.49387,3.7913]]],[[[98.43294,3.79576],[98.43473,3.79756],[98.43384,3.79306],[98.43294,3.79576]]],[[[98.43563,3.79486],[98.43562,3.80026],[98.43652,3.80026],[98.43832,3.79486],[98.43563,3.79486]]],[[[98.43921,3.80117],[98.4419,3.79937],[98.44369,3.80117],[98.44369,3.79847],[98.43742,3.79846],[98.43921,3.80117]]],[[[98.49835,3.7985],[98.49387,3.8021],[98.49566,3.803],[98.49924,3.8012],[98.49835,3.7985]]],[[[98.44906,3.80117],[98.44548,3.79937],[98.44548,3.80837],[98.44637,3.80567],[98.44996,3.80567],[98.44906,3.80117]]],[[[98.4392,3.80837],[98.43562,3.81016],[98.43651,3.81197],[98.43741,3.81017],[98.44099,3.81107],[98.4392,3.80837]]],[[[98.38087,3.92624],[98.38356,3.92354],[98.38088,3.92264],[98.38087,3.92624]]],[[[98.37009,3.96763],[98.3683,3.96493],[98.36292,3.96672],[98.36292,3.96762],[98.37009,3.96763]]],[[[98.3656,3.97303],[98.3674,3.97123],[98.36471,3.97123],[98.3656,3.97303]]],[[[98.35752,3.99372],[98.35842,3.99642],[98.36111,3.98922],[98.35932,3.98562],[98.36201,3.98473],[98.36471,3.97123],[98.36292,3.96762],[98.35933,3.97032],[98.35933,3.97392],[98.35216,3.97212],[98.35216,3.97662],[98.35485,3.97752],[98.35126,3.97842],[98.35126,3.97572],[98.34768,3.97571],[98.34499,3.97751],[98.34498,3.98111],[98.3423,3.98021],[98.33691,3.98561],[98.3396,3.99551],[98.34139,3.99281],[98.34497,3.99461],[98.34408,3.99191],[98.34856,3.98831],[98.35752,3.99372]],[[98.35932,3.99012],[98.35752,3.99192],[98.35752,3.99012],[98.35932,3.99012]],[[98.35932,3.98652],[98.35663,3.98922],[98.35484,3.98652],[98.35932,3.98652]],[[98.36023,3.97302],[98.36112,3.97392],[98.36023,3.97392],[98.36023,3.97302]],[[98.35754,3.97392],[98.35933,3.97932],[98.35664,3.98022],[98.35754,3.97392]],[[98.35933,3.97932],[98.36022,3.98022],[98.35932,3.98022],[98.35933,3.97932]],[[98.35664,3.98022],[98.35574,3.98112],[98.35574,3.98022],[98.35664,3.98022]],[[98.34229,3.99281],[98.34318,3.99191],[98.34318,3.99281],[98.34229,3.99281]],[[98.35036,3.98832],[98.35126,3.98112],[98.35215,3.98652],[98.35036,3.98832]],[[98.34229,3.98921],[98.34318,3.99101],[98.34229,3.99101],[98.34229,3.98921]],[[98.35394,3.98922],[98.35573,3.99102],[98.35484,3.99102],[98.35394,3.98922]],[[98.3396,3.98921],[98.3405,3.99011],[98.3396,3.99011],[98.3396,3.98921]],[[98.34408,3.98741],[98.34319,3.98651],[98.34408,3.98651],[98.34408,3.98741]],[[98.34408,3.98651],[98.34588,3.98561],[98.34588,3.98651],[98.34408,3.98651]],[[98.34767,3.98741],[98.34677,3.98651],[98.34767,3.98651],[98.34767,3.98741]],[[98.34767,3.98651],[98.34857,3.98561],[98.34857,3.98651],[98.34767,3.98651]],[[98.34678,3.98201],[98.34767,3.98291],[98.34678,3.98291],[98.34678,3.98201]],[[98.36022,3.98112],[98.36112,3.98202],[98.36022,3.98202],[98.36022,3.98112]]],[[[98.38173,3.98744],[98.38083,3.98024],[98.38083,3.98744],[98.38173,3.98744]]],[[[98.37093,4.03604],[98.37093,4.03784],[98.37273,4.03604],[98.3772,4.03874],[98.37362,4.03514],[98.37452,4.03154],[98.37184,4.02704],[98.36646,4.02793],[98.36645,4.03243],[98.36466,4.03243],[98.36198,4.02883],[98.3557,4.02792],[98.3566,4.02612],[98.34764,4.01982],[98.35034,4.01262],[98.35482,4.01622],[98.3584,4.01442],[98.35482,4.01262],[98.35482,4.00542],[98.34855,4.00632],[98.35214,4.00452],[98.35304,3.99822],[98.35125,3.99732],[98.35393,3.99642],[98.35394,3.99372],[98.34766,3.99191],[98.34856,3.99552],[98.34408,3.99641],[98.34497,3.99911],[98.34139,3.99911],[98.34407,4.00091],[98.34049,4.00091],[98.34049,3.99641],[98.33691,3.99551],[98.33242,4.0],[98.33421,4.0036],[98.3369,4.00271],[98.336,4.00451],[98.33242,4.0045],[98.33331,4.0072],[98.32973,4.0063],[98.32973,4.0081],[98.32614,4.0063],[98.32614,4.0099],[98.33241,4.0108],[98.3351,4.01351],[98.33331,4.0162],[98.33779,4.01621],[98.33599,4.02611],[98.3333,4.02791],[98.32971,4.027],[98.32881,4.0315],[98.32702,4.0315],[98.32971,4.0342],[98.33688,4.03331],[98.33778,4.02971],[98.34136,4.02791],[98.34046,4.02971],[98.34495,4.02881],[98.34315,4.03421],[98.34494,4.03692],[98.34853,4.03692],[98.35122,4.03152],[98.3548,4.03152],[98.3548,4.03602],[98.35838,4.03693],[98.35928,4.03513],[98.36376,4.03873],[98.36555,4.03873],[98.36556,4.03513],[98.37093,4.03604]],[[98.37273,4.02974],[98.37094,4.03064],[98.37094,4.02974],[98.37273,4.02974]],[[98.35302,4.02432],[98.35212,4.02522],[98.35212,4.02432],[98.35302,4.02432]],[[98.35123,4.01262],[98.35213,4.01172],[98.35213,4.01262],[98.35123,4.01262]],[[98.35124,4.00992],[98.34855,4.01082],[98.34675,4.01352],[98.34227,4.01081],[98.34586,4.00901],[98.34586,4.00541],[98.34317,4.00451],[98.34676,4.00451],[98.34676,4.00181],[98.34765,4.00722],[98.34675,4.00901],[98.35124,4.00992]],[[98.34496,4.00721],[98.34317,4.00631],[98.34496,4.00631],[98.34496,4.00721]],[[98.34766,4.00182],[98.35035,4.00092],[98.35035,4.00182],[98.34766,4.00182]],[[98.34765,4.00722],[98.34855,4.00812],[98.34765,4.00812],[98.34765,4.00722]],[[98.35125,3.99372],[98.35035,3.99462],[98.35035,3.99372],[98.35125,3.99372]],[[98.3387,3.99641],[98.3378,3.99731],[98.3378,3.99641],[98.3387,3.99641]],[[98.33601,4.00181],[98.3387,4.00001],[98.33869,4.00181],[98.33601,4.00181]],[[98.33331,4.0063],[98.33421,4.0054],[98.33421,4.0063],[98.33331,4.0063]],[[98.32883,4.0099],[98.32973,4.009],[98.32973,4.0099],[98.32883,4.0099]],[[98.33958,4.02071],[98.33868,4.01621],[98.34137,4.02071],[98.34406,4.02071],[98.34226,4.02521],[98.33868,4.02341],[98.33778,4.02071],[98.33958,4.02071]],[[98.34495,4.02881],[98.34674,4.02792],[98.34674,4.02882],[98.34495,4.02881]],[[98.34674,4.02792],[98.34764,4.02702],[98.34764,4.02792],[98.34674,4.02792]],[[98.35032,4.03152],[98.34853,4.03062],[98.34853,4.02612],[98.35122,4.02702],[98.35032,4.03152]],[[98.34853,4.03062],[98.34763,4.03152],[98.34763,4.03062],[98.34853,4.03062]],[[98.34853,4.02612],[98.34674,4.02522],[98.34853,4.02522],[98.34853,4.02612]],[[98.3557,4.03062],[98.3566,4.03242],[98.35839,4.03333],[98.3557,4.03332],[98.3557,4.03062]],[[98.35928,4.03513],[98.36018,4.03423],[98.36018,4.03513],[98.35928,4.03513]],[[98.36018,4.03423],[98.36108,4.03243],[98.36108,4.03423],[98.36018,4.03423]],[[98.36108,4.03243],[98.36197,4.03153],[98.36197,4.03243],[98.36108,4.03243]],[[98.36197,4.03603],[98.36287,4.03513],[98.36287,4.03603],[98.36197,4.03603]],[[98.36376,4.03513],[98.36466,4.03603],[98.36376,4.03603],[98.36376,4.03513]],[[98.34584,4.03512],[98.34494,4.03421],[98.34584,4.03422],[98.34584,4.03512]],[[98.34673,4.03512],[98.34763,4.03242],[98.34763,4.03512],[98.34673,4.03512]],[[98.36914,4.03333],[98.36825,4.03423],[98.36825,4.03333],[98.36914,4.03333]],[[98.36825,4.03333],[98.36735,4.03243],[98.36825,4.03243],[98.36825,4.03333]],[[98.33509,4.03061],[98.33598,4.03151],[98.33509,4.03151],[98.33509,4.03061]],[[98.35749,4.02882],[98.35839,4.03063],[98.35749,4.03062],[98.35749,4.02882]],[[98.35481,4.02882],[98.3557,4.02972],[98.3548,4.02972],[98.35481,4.02882]],[[98.34405,4.02521],[98.34495,4.02611],[98.34405,4.02611],[98.34405,4.02521]],[[98.34854,4.02342],[98.34674,4.02252],[98.34854,4.02252],[98.34854,4.02342]],[[98.34854,4.02252],[98.34943,4.02162],[98.34943,4.02252],[98.34854,4.02252]],[[98.34585,4.01801],[98.34495,4.01891],[98.34496,4.01801],[98.34585,4.01801]],[[98.34496,4.01801],[98.34406,4.01711],[98.34496,4.01711],[98.34496,4.01801]],[[98.34406,4.01711],[98.34137,4.01531],[98.34406,4.01441],[98.34406,4.01711]],[[98.33689,4.01261],[98.33779,4.01441],[98.33689,4.01441],[98.33689,4.01261]],[[98.33958,4.01171],[98.34048,4.01261],[98.33958,4.01261],[98.33958,4.01171]],[[98.33779,4.01081],[98.33869,4.01171],[98.33779,4.01171],[98.33779,4.01081]],[[98.33331,4.0081],[98.33421,4.009],[98.33331,4.009],[98.33331,4.0081]],[[98.33959,4.00631],[98.34227,4.00811],[98.33958,4.00901],[98.33959,4.00631]],[[98.35124,4.00722],[98.35213,4.00902],[98.35124,4.00902],[98.35124,4.00722]],[[98.3369,4.00541],[98.33779,4.00631],[98.3369,4.00631],[98.3369,4.00541]],[[98.34497,4.00091],[98.34586,4.00181],[98.34497,4.00181],[98.34497,4.00091]],[[98.34856,3.99912],[98.34945,4.00002],[98.34855,4.00002],[98.34856,3.99912]],[[98.35035,3.99912],[98.35124,4.00002],[98.35035,4.00002],[98.35035,3.99912]],[[98.34587,3.99821],[98.34766,3.99911],[98.34587,3.99911],[98.34587,3.99821]]],[[[98.35661,4.01712],[98.35123,4.01532],[98.35123,4.01892],[98.35571,4.02072],[98.35661,4.01712]]],[[[98.35481,4.02072],[98.35302,4.02072],[98.35212,4.01982],[98.35391,4.02252],[98.35481,4.02072]]],[[[98.33509,4.02251],[98.32793,4.0171],[98.32792,4.0198],[98.33061,4.0207],[98.32882,4.0243],[98.3324,4.027],[98.33509,4.02251]],[[98.3324,4.0216],[98.33151,4.0225],[98.33151,4.0216],[98.3324,4.0216]]],[[[98.36198,4.02343],[98.35929,4.02703],[98.36466,4.02973],[98.36556,4.02433],[98.36198,4.02343]]],[[[98.33329,4.03781],[98.33418,4.04141],[98.33508,4.03871],[98.33329,4.03781]]],[[[98.34852,4.04952],[98.353,4.04322],[98.34404,4.04141],[98.34314,4.04321],[98.34225,4.04141],[98.34135,4.04321],[98.33777,4.03871],[98.33418,4.04141],[98.33687,4.04501],[98.33507,4.05581],[98.34404,4.04682],[98.34762,4.04682],[98.34852,4.04952]],[[98.33776,4.04681],[98.33776,4.04321],[98.34045,4.04681],[98.33776,4.04681]],[[98.33776,4.04321],[98.33687,4.04231],[98.33777,4.04231],[98.33776,4.04321]],[[98.34493,4.04592],[98.34404,4.04501],[98.34493,4.04502],[98.34493,4.04592]],[[98.34493,4.04502],[98.34583,4.04412],[98.34583,4.04502],[98.34493,4.04502]]],[[[98.68257,1.84622],[98.68705,1.84532],[98.68705,1.84442],[98.68257,1.84622]]],[[[98.6968,2.28189],[98.6977,2.28459],[98.70038,2.28459],[98.69859,2.28099],[98.6968,2.28189]]],[[[98.64096,3.45293],[98.64275,3.45563],[98.64454,3.45113],[98.64275,3.45293],[98.64096,3.45293]]],[[[98.57016,3.52851],[98.57106,3.53121],[98.57464,3.53031],[98.57375,3.52761],[98.57285,3.52941],[98.57016,3.52851]]],[[[98.58359,3.54652],[98.58628,3.54292],[98.5827,3.54292],[98.58359,3.54652]]],[[[98.59255,3.55552],[98.58986,3.55552],[98.58986,3.55282],[98.58807,3.55462],[98.58807,3.55642],[98.59255,3.55552]]],[[[98.60061,3.55913],[98.59792,3.55103],[98.59255,3.55282],[98.59255,3.55552],[98.59523,3.55553],[98.59613,3.55463],[98.59434,3.55823],[98.59613,3.56003],[98.59792,3.55643],[98.60061,3.55913]]],[[[98.58986,3.56002],[98.58896,3.56362],[98.59075,3.56362],[98.58986,3.56272],[98.58986,3.56002]]],[[[98.59792,3.56813],[98.6006,3.56633],[98.59792,3.56543],[98.59792,3.56813]]],[[[98.58806,3.56992],[98.58985,3.56812],[98.58806,3.56812],[98.58806,3.56992]]],[[[98.60239,3.57713],[98.59792,3.56903],[98.59433,3.57083],[98.59165,3.56543],[98.58896,3.56542],[98.59075,3.56813],[98.59075,3.57353],[98.59254,3.57353],[98.59254,3.57803],[98.59433,3.57443],[98.60239,3.57713]],[[98.59702,3.57443],[98.59791,3.57353],[98.59791,3.57443],[98.59702,3.57443]],[[98.59343,3.57173],[98.59254,3.57263],[98.59254,3.57173],[98.59343,3.57173]]],[[[98.58179,3.57622],[98.5791,3.57532],[98.57731,3.57982],[98.58268,3.58342],[98.58447,3.57982],[98.58089,3.57802],[98.58179,3.57622]],[[98.57999,3.57802],[98.5791,3.57892],[98.5791,3.57802],[98.57999,3.57802]]],[[[98.54414,3.62121],[98.54504,3.61041],[98.54325,3.61041],[98.53787,3.614],[98.53787,3.61761],[98.54145,3.62121],[98.54234,3.62751],[98.54593,3.63111],[98.54503,3.63291],[98.54861,3.63381],[98.5513,3.63291],[98.55041,3.63021],[98.55399,3.63021],[98.55489,3.62661],[98.5522,3.62751],[98.5522,3.62391],[98.54951,3.62391],[98.54772,3.61941],[98.54414,3.62121]],[[98.54593,3.62031],[98.54683,3.62121],[98.54593,3.62121],[98.54593,3.62031]],[[98.55041,3.62751],[98.5513,3.62931],[98.55041,3.62931],[98.55041,3.62751]],[[98.54862,3.62661],[98.54951,3.62751],[98.54862,3.62751],[98.54862,3.62661]],[[98.55041,3.62571],[98.5513,3.62661],[98.55041,3.62661],[98.55041,3.62571]],[[98.54414,3.62211],[98.54503,3.62391],[98.54414,3.62391],[98.54414,3.62211]],[[98.54056,3.61761],[98.54145,3.61851],[98.54056,3.61851],[98.54056,3.61761]]],[[[98.54324,3.62931],[98.54234,3.63201],[98.54503,3.63201],[98.54324,3.63111],[98.54324,3.62931]]],[[[98.55757,3.63742],[98.55399,3.63742],[98.55219,3.64102],[98.56025,3.64192],[98.55757,3.63742]]],[[[98.56832,3.64102],[98.56742,3.63922],[98.56563,3.63922],[98.56563,3.64192],[98.56832,3.64102]]],[[[98.5728,3.64463],[98.5728,3.64193],[98.56653,3.64192],[98.56921,3.64372],[98.56742,3.64552],[98.5728,3.64463]]],[[[98.55846,3.64462],[98.56563,3.64822],[98.56742,3.64552],[98.55846,3.64462]]],[[[98.68657,3.67168],[98.68836,3.66808],[98.68657,3.66808],[98.68657,3.67168]]],[[[98.72061,3.67169],[98.71882,3.67079],[98.72061,3.67349],[98.72061,3.67169]]],[[[98.71793,3.67259],[98.71703,3.67439],[98.71882,3.67619],[98.71972,3.67439],[98.71793,3.67259]]],[[[98.72599,3.68159],[98.7224,3.67709],[98.72509,3.67889],[98.72509,3.67619],[98.72151,3.67529],[98.72061,3.68789],[98.7224,3.68519],[98.72599,3.68699],[98.72599,3.68159]],[[98.72419,3.68249],[98.72509,3.68339],[98.72419,3.68339],[98.72419,3.68249]]],[[[98.71971,3.68879],[98.71792,3.69329],[98.72598,3.69509],[98.7233,3.68969],[98.71971,3.68879]]],[[[98.73673,3.7068],[98.73673,3.705],[98.73404,3.705],[98.73135,3.7077],[98.73494,3.7059],[98.73673,3.7068]]],[[[98.54947,3.71932],[98.55215,3.72202],[98.55663,3.72113],[98.55305,3.72022],[98.55574,3.71843],[98.54947,3.71932]]],[[[98.56649,3.72473],[98.5629,3.72203],[98.56469,3.72563],[98.56649,3.72473]]],[[[98.5638,3.72833],[98.56469,3.72833],[98.56469,3.72563],[98.5629,3.72473],[98.5638,3.72833]]],[[[98.56379,3.73193],[98.5629,3.72653],[98.56021,3.72653],[98.5629,3.73373],[98.56469,3.73283],[98.5629,3.73733],[98.56469,3.73733],[98.56648,3.73103],[98.56379,3.73193]]],[[[98.58709,3.73464],[98.58888,3.73284],[98.58709,3.73194],[98.58709,3.73464]]],[[[98.56648,3.73553],[98.57006,3.73823],[98.57096,3.72923],[98.56738,3.73013],[98.56917,3.73643],[98.56648,3.73553]],[[98.56917,3.73013],[98.57007,3.73103],[98.56917,3.73103],[98.56917,3.73013]]],[[[98.57992,3.73464],[98.57992,3.73194],[98.57723,3.73194],[98.57813,3.73374],[98.57992,3.73464]]],[[[98.54945,3.74182],[98.54856,3.73912],[98.54587,3.73912],[98.54945,3.74182]]],[[[98.58171,3.73914],[98.5826,3.74724],[98.58529,3.74454],[98.58708,3.74544],[98.58529,3.74814],[98.58977,3.74815],[98.58977,3.74544],[98.59246,3.74455],[98.58619,3.73374],[98.5853,3.73824],[98.58798,3.73914],[98.58798,3.74274],[98.58619,3.74274],[98.58619,3.73914],[98.5844,3.74094],[98.58171,3.73914]],[[98.58798,3.74274],[98.58888,3.74364],[98.58798,3.74364],[98.58798,3.74274]],[[98.58888,3.74454],[98.58798,3.74544],[98.58798,3.74454],[98.58888,3.74454]]],[[[98.57992,3.73914],[98.57812,3.74364],[98.57992,3.74364],[98.57992,3.73914]]],[[[98.57006,3.74003],[98.57454,3.74364],[98.57544,3.74094],[98.57544,3.74544],[98.57723,3.74544],[98.57723,3.74004],[98.57006,3.74003]]],[[[98.56469,3.74183],[98.56917,3.74273],[98.56737,3.74633],[98.57096,3.74724],[98.57006,3.74183],[98.56558,3.73913],[98.56469,3.74183]]],[[[98.54676,3.75442],[98.54497,3.75172],[98.54586,3.75442],[98.54676,3.75442]]],[[[98.57364,3.75534],[98.57991,3.75534],[98.57902,3.75174],[98.57723,3.75174],[98.57364,3.75534]],[[98.57722,3.75264],[98.57812,3.75354],[98.57722,3.75354],[98.57722,3.75264]]],[[[98.54586,3.75532],[98.54407,3.75352],[98.54317,3.75532],[98.54586,3.75532]]],[[[98.5808,3.76344],[98.57901,3.76614],[98.5817,3.76794],[98.5808,3.76344]]],[[[98.58528,3.77065],[98.58797,3.76885],[98.58528,3.76795],[98.58528,3.77065]]],[[[98.55123,3.77693],[98.54854,3.77783],[98.54854,3.78053],[98.55212,3.78503],[98.55123,3.77693]]],[[[98.57542,3.78594],[98.57452,3.78954],[98.57631,3.78954],[98.57542,3.78594]]],[[[98.55481,3.78323],[98.55122,3.79403],[98.5557,3.79493],[98.55659,3.80033],[98.56107,3.79854],[98.56286,3.80034],[98.56287,3.79674],[98.55928,3.79584],[98.56287,3.78954],[98.55929,3.78953],[98.55839,3.79223],[98.5548,3.79223],[98.55391,3.78953],[98.5557,3.78953],[98.5566,3.78503],[98.55839,3.78773],[98.56198,3.78684],[98.56377,3.78054],[98.55839,3.77963],[98.55839,3.78413],[98.5557,3.78413],[98.55481,3.78683],[98.55481,3.78323]],[[98.55928,3.79313],[98.55749,3.79403],[98.55749,3.79313],[98.55928,3.79313]],[[98.55839,3.78413],[98.55929,3.78503],[98.55839,3.78503],[98.55839,3.78413]]],[[[98.61753,3.79316],[98.61574,3.79046],[98.61663,3.79316],[98.61753,3.79316]]],[[[98.62291,3.79046],[98.61932,3.79046],[98.61932,3.79496],[98.6247,3.79407],[98.62201,3.79316],[98.62291,3.79046]],[[98.62022,3.79226],[98.62111,3.79136],[98.62111,3.79226],[98.62022,3.79226]]],[[[98.61663,3.79316],[98.61394,3.79316],[98.61394,3.79496],[98.61573,3.79496],[98.61663,3.79316]]],[[[98.59602,3.80125],[98.59871,3.80216],[98.59781,3.80035],[98.59602,3.80125]]],[[[98.60677,3.80126],[98.60319,3.80036],[98.60319,3.80306],[98.60677,3.80396],[98.60677,3.80126]],[[98.60498,3.80306],[98.60587,3.80216],[98.60587,3.80306],[98.60498,3.80306]]],[[[98.6238,3.80397],[98.62917,3.80577],[98.62917,3.80397],[98.6238,3.80397]]],[[[98.61841,3.81657],[98.6211,3.81387],[98.6211,3.81117],[98.61752,3.81296],[98.61841,3.81657]]],[[[98.56196,3.81474],[98.56375,3.81654],[98.56555,3.81384],[98.56196,3.81474]]],[[[98.63633,3.83008],[98.63812,3.82738],[98.63364,3.82737],[98.63633,3.83008]]],[[[98.65873,3.83549],[98.65156,3.83638],[98.65067,3.83188],[98.64798,3.83188],[98.64977,3.83458],[98.64798,3.83548],[98.65067,3.83548],[98.65066,3.84178],[98.65246,3.83728],[98.65783,3.83909],[98.65873,3.83549]]],[[[98.65604,3.84088],[98.65514,3.84448],[98.65783,3.83999],[98.65604,3.84088]]],[[[98.6659,3.84449],[98.66769,3.84089],[98.66411,3.83999],[98.6641,3.84269],[98.6659,3.84449]]],[[[98.66231,3.84719],[98.665,3.84989],[98.6659,3.84539],[98.6641,3.84449],[98.66231,3.84719]]],[[[98.63274,3.84628],[98.63453,3.84898],[98.63453,3.84628],[98.63274,3.84628]]],[[[98.67306,3.85439],[98.66589,3.85529],[98.66589,3.85709],[98.67306,3.85799],[98.67306,3.85439]],[[98.67127,3.85529],[98.67216,3.85709],[98.67127,3.85709],[98.67127,3.85529]]],[[[98.56284,3.85794],[98.56104,3.86244],[98.56283,3.86244],[98.56284,3.85794]]],[[[98.83468,1.46908],[98.83111,1.46638],[98.83021,1.47088],[98.83468,1.46908]]],[[[98.7487,2.2828],[98.74691,2.2855],[98.74691,2.2891],[98.75139,2.2882],[98.75139,2.2837],[98.7487,2.2828]]],[[[98.82547,3.49529],[98.81741,3.49169],[98.81831,3.49439],[98.8201,3.49349],[98.82547,3.49979],[98.82547,3.49529]]],[[[98.82637,3.50429],[98.82547,3.50699],[98.82995,3.50609],[98.82906,3.50429],[98.82637,3.50609],[98.82637,3.50429]]],[[[98.80755,3.52139],[98.81114,3.52319],[98.80935,3.51779],[98.80755,3.51779],[98.80755,3.52139]]],[[[98.74843,3.53758],[98.74932,3.53488],[98.74574,3.53488],[98.74574,3.53578],[98.74843,3.53758]]],[[[98.7538,3.54478],[98.75201,3.54478],[98.75201,3.54928],[98.7529,3.54928],[98.7538,3.54478]]],[[[98.80665,3.55109],[98.80844,3.55199],[98.81023,3.55199],[98.80844,3.54839],[98.80665,3.55109]]],[[[98.76186,3.55468],[98.75469,3.55558],[98.7529,3.55828],[98.75738,3.56008],[98.75827,3.55648],[98.76186,3.55468]]],[[[98.81561,3.5619],[98.81919,3.5601],[98.81471,3.5583],[98.81561,3.5619]]],[[[98.77081,3.56639],[98.7735,3.56639],[98.7735,3.56009],[98.76544,3.55649],[98.76723,3.55829],[98.76544,3.56009],[98.76723,3.56279],[98.76813,3.56099],[98.77082,3.56279],[98.77081,3.56639]],[[98.77261,3.56459],[98.77171,3.56369],[98.77261,3.56369],[98.77261,3.56459]]],[[[98.82098,3.5601],[98.82188,3.5646],[98.82546,3.5637],[98.82546,3.561],[98.82367,3.5628],[98.82098,3.5601]]],[[[98.76992,3.56279],[98.76723,3.56639],[98.76992,3.56729],[98.76992,3.56279]]],[[[98.82546,3.57],[98.82815,3.5727],[98.82815,3.5691],[98.82546,3.57]]],[[[98.82188,3.57],[98.8174,3.5736],[98.81919,3.5772],[98.82188,3.5763],[98.81919,3.5799],[98.82456,3.5835],[98.82367,3.5862],[98.82725,3.5835],[98.82815,3.5862],[98.83262,3.5871],[98.83083,3.5853],[98.83083,3.5835],[98.82815,3.5835],[98.82815,3.579],[98.82994,3.5781],[98.82994,3.5808],[98.83352,3.5826],[98.83531,3.5763],[98.83711,3.5781],[98.838,3.5736],[98.83531,3.5727],[98.83263,3.5754],[98.83442,3.57],[98.83711,3.5718],[98.83711,3.5655],[98.83352,3.5673],[98.83352,3.57],[98.83263,3.5682],[98.82994,3.5691],[98.83173,3.5736],[98.82546,3.5736],[98.82636,3.5763],[98.82098,3.5754],[98.82188,3.57]],[[98.83083,3.5781],[98.82904,3.5754],[98.83263,3.5763],[98.83083,3.5781]],[[98.82904,3.5754],[98.82815,3.5745],[98.82904,3.5745],[98.82904,3.5754]],[[98.82456,3.5763],[98.82367,3.5772],[98.82367,3.5763],[98.82456,3.5763]],[[98.82456,3.5772],[98.82546,3.579],[98.82456,3.579],[98.82456,3.5772]],[[98.82188,3.5781],[98.82367,3.5808],[98.82277,3.5808],[98.82188,3.5781]],[[98.82635,3.579],[98.82725,3.5799],[98.82635,3.5799],[98.82635,3.579]],[[98.83531,3.5745],[98.83621,3.5754],[98.83531,3.5754],[98.83531,3.5745]]],[[[98.81023,3.5835],[98.80754,3.5853],[98.81023,3.5844],[98.81023,3.5835]]],[[[98.83352,3.5862],[98.83442,3.5835],[98.83262,3.5835],[98.83173,3.5853],[98.83352,3.5862]]],[[[98.82725,3.60331],[98.82545,3.60601],[98.82904,3.60601],[98.82904,3.60421],[98.82725,3.60331]]],[[[98.82635,3.62671],[98.82545,3.62221],[98.82455,3.62221],[98.82455,3.62581],[98.82635,3.62671]]],[[[98.81918,3.62671],[98.82097,3.62941],[98.81918,3.62221],[98.81918,3.62671]]],[[[98.82903,3.62491],[98.82545,3.62941],[98.82187,3.63031],[98.82814,3.62941],[98.82903,3.62491]]],[[[98.82455,3.63751],[98.82724,3.63391],[98.82724,3.63121],[98.82455,3.63751]]],[[[98.81738,3.63481],[98.81918,3.63661],[98.82007,3.63391],[98.81738,3.63481]]],[[[98.83262,3.63391],[98.82993,3.63751],[98.83262,3.63751],[98.83262,3.63391]]],[[[98.82545,3.63931],[98.82186,3.63931],[98.82365,3.64291],[98.82545,3.64291],[98.82545,3.63931]],[[98.82455,3.63931],[98.82366,3.64111],[98.82366,3.63931],[98.82455,3.63931]]],[[[98.83172,3.64201],[98.83351,3.64021],[98.83082,3.64021],[98.83172,3.64201]]],[[[98.82993,3.63931],[98.82903,3.64381],[98.83082,3.64381],[98.83082,3.64111],[98.82993,3.63931]]],[[[98.83082,3.64381],[98.83261,3.64651],[98.83351,3.64381],[98.83082,3.64381]]],[[[98.78065,3.6501],[98.77796,3.6474],[98.78423,3.6474],[98.78244,3.6438],[98.78065,3.6465],[98.77527,3.6474],[98.77348,3.6456],[98.77348,3.6528],[98.77438,3.6501],[98.77706,3.6519],[98.78065,3.6501]]],[[[98.81738,3.65011],[98.81917,3.64831],[98.81738,3.64741],[98.81738,3.65011]]],[[[98.82276,3.65011],[98.82544,3.65191],[98.82455,3.64471],[98.82097,3.64561],[98.82097,3.64831],[98.81738,3.65101],[98.82186,3.65281],[98.82276,3.65011]],[[98.81917,3.65011],[98.82007,3.65101],[98.81917,3.65101],[98.81917,3.65011]],[[98.82276,3.65011],[98.82186,3.64831],[98.82365,3.65011],[98.82276,3.65011]]],[[[98.76363,3.6519],[98.76452,3.6573],[98.76721,3.6573],[98.76452,3.6546],[98.76721,3.6519],[98.76363,3.6519]]],[[[98.769,3.6537],[98.7681,3.6591],[98.76721,3.6609],[98.769,3.6609],[98.77079,3.6582],[98.769,3.6582],[98.769,3.6537]]],[[[98.7681,3.6654],[98.76989,3.6627],[98.76721,3.6618],[98.7681,3.6627],[98.7681,3.6654]]],[[[98.7905,3.66451],[98.78781,3.66631],[98.7905,3.66541],[98.7905,3.66451]]],[[[98.76272,3.669],[98.76273,3.6672],[98.76183,3.6654],[98.76272,3.669]]],[[[98.79588,3.66811],[98.78871,3.66631],[98.78871,3.67081],[98.79587,3.67081],[98.79588,3.66811]]],[[[98.76272,3.6744],[98.76093,3.6744],[98.76183,3.6771],[98.76541,3.6762],[98.7672,3.6807],[98.77258,3.6789],[98.77527,3.6807],[98.77437,3.678],[98.77885,3.6744],[98.77706,3.6708],[98.77258,3.6717],[98.77168,3.6699],[98.769,3.6744],[98.7681,3.6708],[98.77079,3.6699],[98.769,3.6681],[98.77348,3.669],[98.77348,3.6654],[98.77706,3.6672],[98.77706,3.6618],[98.77169,3.6636],[98.76989,3.6672],[98.76541,3.6672],[98.76541,3.6699],[98.76272,3.6699],[98.76272,3.6744]],[[98.77527,3.6627],[98.77617,3.6636],[98.77527,3.6636],[98.77527,3.6627]],[[98.77169,3.6663],[98.77258,3.6672],[98.77168,3.6672],[98.77169,3.6663]],[[98.77079,3.678],[98.76899,3.6762],[98.77258,3.6753],[98.77079,3.678]],[[98.76452,3.6744],[98.7672,3.6717],[98.7672,3.6744],[98.76452,3.6744]],[[98.76541,3.6717],[98.76452,3.6708],[98.76541,3.6708],[98.76541,3.6717]],[[98.77437,3.6717],[98.77527,3.6744],[98.77437,3.6744],[98.77437,3.6717]],[[98.76631,3.6681],[98.7672,3.669],[98.76631,3.669],[98.76631,3.6681]]],[[[98.78244,3.6717],[98.78512,3.67441],[98.78423,3.6708],[98.78244,3.6717]]],[[[98.79139,3.67171],[98.78871,3.67261],[98.78602,3.66991],[98.78781,3.67351],[98.78602,3.67531],[98.7896,3.67621],[98.79139,3.67171]],[[98.78781,3.67531],[98.78871,3.67441],[98.78871,3.67531],[98.78781,3.67531]]],[[[98.78064,3.6762],[98.77885,3.6744],[98.77885,3.6762],[98.78064,3.6762]]],[[[98.80394,3.67801],[98.79856,3.67621],[98.80035,3.68161],[98.80483,3.68071],[98.80394,3.67801]],[[98.80214,3.67981],[98.80035,3.67891],[98.80214,3.67891],[98.80214,3.67981]]],[[[98.74391,3.67799],[98.74211,3.68069],[98.74391,3.6807],[98.74391,3.67799]]],[[[98.74838,3.6888],[98.75107,3.6852],[98.74928,3.6843],[98.74838,3.6888]]],[[[98.76003,3.6843],[98.75734,3.6852],[98.75645,3.6897],[98.76003,3.6879],[98.76003,3.6843]],[[98.75824,3.6852],[98.75914,3.6861],[98.75824,3.6861],[98.75824,3.6852]]],[[[98.75913,3.6924],[98.76003,3.6888],[98.75914,3.6888],[98.75913,3.6924]]],[[[98.80752,3.69061],[98.80393,3.69151],[98.80393,3.69241],[98.80752,3.69331],[98.80752,3.69061]]],[[[98.73494,3.69329],[98.73763,3.6933],[98.73494,3.69059],[98.73494,3.69329]]],[[[98.77347,3.6816],[98.77257,3.6906],[98.77078,3.687],[98.77078,3.6933],[98.77257,3.6915],[98.77347,3.69871],[98.77795,3.70231],[98.77884,3.70771],[98.78332,3.70501],[98.77974,3.70411],[98.77884,3.70051],[98.78332,3.70321],[98.78422,3.69871],[98.78422,3.70231],[98.7896,3.69961],[98.7878,3.70231],[98.79049,3.70231],[98.79139,3.69871],[98.79408,3.69961],[98.79497,3.69871],[98.79497,3.69331],[98.79677,3.69331],[98.79676,3.69781],[98.79856,3.69511],[98.80304,3.69961],[98.80572,3.69781],[98.79856,3.69061],[98.79856,3.68791],[98.79587,3.68791],[98.79587,3.68521],[98.7896,3.68341],[98.7896,3.68611],[98.78691,3.68521],[98.78691,3.68161],[98.7896,3.67981],[98.78781,3.67801],[98.77975,3.678],[98.77706,3.6825],[98.77616,3.6807],[98.77347,3.6816]],[[98.77974,3.70591],[98.77884,3.70501],[98.77974,3.70501],[98.77974,3.70591]],[[98.79228,3.69871],[98.79318,3.69781],[98.79318,3.69871],[98.79228,3.69871]],[[98.80393,3.69781],[98.80304,3.69691],[98.80393,3.69691],[98.80393,3.69781]],[[98.80035,3.69241],[98.79945,3.69331],[98.79945,3.69241],[98.80035,3.69241]],[[98.79945,3.69241],[98.79856,3.69151],[98.79945,3.69151],[98.79945,3.69241]],[[98.79587,3.69061],[98.79139,3.68971],[98.79139,3.68881],[98.79587,3.68791],[98.79587,3.69061]],[[98.79587,3.69061],[98.79766,3.69241],[98.79677,3.69241],[98.79587,3.69061]],[[98.79229,3.68791],[98.79139,3.68701],[98.79229,3.68701],[98.79229,3.68791]],[[98.77616,3.6843],[98.77974,3.68251],[98.77974,3.68521],[98.77616,3.6843]],[[98.77705,3.69691],[98.77795,3.69961],[98.77705,3.69961],[98.77705,3.69691]],[[98.78691,3.69871],[98.7878,3.69961],[98.78691,3.69961],[98.78691,3.69871]],[[98.79049,3.68971],[98.78691,3.69781],[98.78332,3.69691],[98.78153,3.69241],[98.78333,3.68791],[98.78601,3.68971],[98.79049,3.68971]],[[98.78333,3.68791],[98.78243,3.68701],[98.78333,3.68701],[98.78333,3.68791]],[[98.77974,3.68701],[98.78064,3.68521],[98.78243,3.68521],[98.78243,3.68701],[98.77974,3.68701]],[[98.79139,3.69601],[98.79228,3.69691],[98.79139,3.69691],[98.79139,3.69601]],[[98.77616,3.69511],[98.77705,3.69601],[98.77616,3.69601],[98.77616,3.69511]],[[98.7896,3.69421],[98.79049,3.69511],[98.7896,3.69511],[98.7896,3.69421]],[[98.80125,3.69421],[98.80214,3.69511],[98.80125,3.69511],[98.80125,3.69421]],[[98.77885,3.69331],[98.77974,3.69421],[98.77885,3.69421],[98.77885,3.69331]],[[98.77347,3.6915],[98.77437,3.69241],[98.77347,3.6924],[98.77347,3.6915]],[[98.77974,3.69151],[98.78064,3.69241],[98.77974,3.69241],[98.77974,3.69151]],[[98.79408,3.69151],[98.79497,3.69241],[98.79408,3.69241],[98.79408,3.69151]],[[98.77974,3.68791],[98.78153,3.68971],[98.78064,3.68971],[98.77974,3.68791]],[[98.78691,3.68791],[98.78781,3.68881],[98.78691,3.68881],[98.78691,3.68791]],[[98.78602,3.68611],[98.78512,3.68701],[98.78512,3.68611],[98.78602,3.68611]],[[98.78422,3.68611],[98.78333,3.68161],[98.78512,3.68071],[98.78602,3.68431],[98.78422,3.68611]],[[98.78422,3.68071],[98.78333,3.67981],[98.78423,3.67981],[98.78422,3.68071]],[[98.79408,3.68611],[98.79498,3.68701],[98.79408,3.68701],[98.79408,3.68611]]],[[[98.74659,3.7104],[98.75286,3.705],[98.75286,3.7095],[98.75375,3.7077],[98.75644,3.7086],[98.76003,3.7059],[98.75913,3.7032],[98.76361,3.7032],[98.76451,3.6969],[98.75913,3.6951],[98.75824,3.6915],[98.75376,3.6915],[98.75376,3.6933],[98.74928,3.6915],[98.74838,3.6969],[98.7439,3.6969],[98.74211,3.7005],[98.74211,3.705],[98.74659,3.705],[98.74659,3.7104]],[[98.75376,3.6933],[98.75734,3.6951],[98.75376,3.6942],[98.75376,3.6933]],[[98.743,3.7023],[98.7439,3.7032],[98.743,3.7032],[98.743,3.7023]],[[98.74927,3.7077],[98.74838,3.7068],[98.74927,3.7068],[98.74927,3.7077]],[[98.75465,3.7059],[98.75375,3.7068],[98.75376,3.7059],[98.75465,3.7059]],[[98.75107,3.7059],[98.74838,3.7041],[98.75017,3.7032],[98.75107,3.7059]],[[98.75734,3.7032],[98.75555,3.705],[98.75555,3.7032],[98.75734,3.7032]],[[98.75286,3.7041],[98.75196,3.7005],[98.75465,3.7005],[98.75286,3.7041]],[[98.74569,3.7023],[98.7448,3.7032],[98.7448,3.7023],[98.74569,3.7023]],[[98.74838,3.7014],[98.74659,3.7032],[98.74748,3.7014],[98.74838,3.7014]],[[98.74659,3.7014],[98.74569,3.7005],[98.74659,3.7005],[98.74659,3.7014]],[[98.74569,3.7005],[98.7448,3.6987],[98.74569,3.6987],[98.74569,3.7005]],[[98.75555,3.7014],[98.75734,3.6978],[98.75734,3.7014],[98.75555,3.7014]],[[98.74838,3.6978],[98.74749,3.6987],[98.74749,3.6978],[98.74838,3.6978]],[[98.75376,3.6978],[98.75197,3.6987],[98.75197,3.6969],[98.75376,3.6978]],[[98.76093,3.6978],[98.76003,3.6987],[98.76003,3.6978],[98.76093,3.6978]],[[98.75913,3.6969],[98.75824,3.6978],[98.75824,3.6969],[98.75913,3.6969]]],[[[98.73673,3.7032],[98.73763,3.6996],[98.73494,3.69869],[98.73494,3.7032],[98.73673,3.7032]],[[98.73673,3.7014],[98.73584,3.7023],[98.73584,3.7014],[98.73673,3.7014]]],[[[98.73225,3.7122],[98.73494,3.7158],[98.73225,3.7167],[98.73583,3.7167],[98.73673,3.7113],[98.74121,3.7113],[98.74121,3.7059],[98.73852,3.705],[98.73763,3.7077],[98.73494,3.7068],[98.73225,3.7122]],[[98.73763,3.7077],[98.73852,3.7086],[98.73763,3.7086],[98.73763,3.7077]],[[98.73494,3.7113],[98.73583,3.7131],[98.73494,3.7131],[98.73494,3.7113]],[[98.73583,3.7086],[98.73673,3.7104],[98.73583,3.7104],[98.73583,3.7086]],[[98.73942,3.7077],[98.74031,3.7086],[98.73942,3.7086],[98.73942,3.7077]]],[[[98.94471,1.03881],[98.9456,1.03611],[98.94292,1.03611],[98.94202,1.03791],[98.94471,1.03881]]],[[[98.92413,1.26475],[98.92234,1.26205],[98.91966,1.26295],[98.91966,1.26475],[98.92234,1.26385],[98.92145,1.26565],[98.92413,1.26475]]],[[[98.89999,1.27375],[98.8982,1.26925],[98.89909,1.27375],[98.89999,1.27375]]],[[[98.89372,1.27375],[98.89372,1.27915],[98.89551,1.27285],[98.89372,1.27375]]],[[[98.87762,1.30795],[98.87494,1.30795],[98.87584,1.31245],[98.87852,1.31785],[98.8812,1.31875],[98.87762,1.30795]]],[[[98.88567,1.32326],[98.88925,1.31065],[98.88478,1.31065],[98.88567,1.32326]]],[[[98.84542,1.44207],[98.84453,1.43667],[98.84184,1.43667],[98.84184,1.44207],[98.84542,1.44207]]],[[[98.89729,1.46098],[98.88924,1.46458],[98.89729,1.46548],[98.89729,1.46098]]],[[[98.89729,1.46818],[98.89908,1.46818],[98.90266,1.47088],[98.89998,1.46548],[98.89729,1.46818]]],[[[98.90982,1.48348],[98.9125,1.48078],[98.90982,1.48078],[98.90982,1.48348]]],[[[98.85525,1.5663],[98.85346,1.5699],[98.85704,1.569],[98.85525,1.5663]]],[[[98.87744,3.40259],[98.87744,3.40529],[98.88192,3.40349],[98.88192,3.40259],[98.87744,3.40259]]],[[[98.91506,3.4566],[98.91327,3.4539],[98.91237,3.4566],[98.91506,3.4566]]],[[[98.87206,3.47279],[98.87116,3.46919],[98.87116,3.47279],[98.87206,3.47279]]],[[[98.89804,3.4773],[98.89624,3.4746],[98.89624,3.4791],[98.89804,3.4773]]],[[[98.91058,3.48],[98.91326,3.4791],[98.91237,3.4755],[98.91147,3.4755],[98.91058,3.48]]],[[[98.89624,3.489],[98.89445,3.4881],[98.88728,3.498],[98.89355,3.4971],[98.89355,3.4944],[98.89535,3.4962],[98.89624,3.489]],[[98.89176,3.4953],[98.89266,3.4962],[98.89176,3.4962],[98.89176,3.4953]]],[[[98.9052,3.4971],[98.90609,3.4998],[98.90968,3.498],[98.90789,3.4962],[98.9052,3.4971]]],[[[98.85414,3.5088],[98.85593,3.5088],[98.85503,3.5115],[98.85682,3.5106],[98.85682,3.5124],[98.85862,3.5124],[98.8631,3.5061],[98.86489,3.507],[98.86489,3.5043],[98.86758,3.5052],[98.86578,3.5034],[98.86758,3.498],[98.8622,3.4926],[98.86489,3.4899],[98.85862,3.48809],[98.85772,3.48359],[98.85414,3.48359],[98.85504,3.48989],[98.85683,3.48899],[98.85862,3.4953],[98.86041,3.4935],[98.86399,3.4998],[98.85862,3.4998],[98.85951,3.5034],[98.85414,3.5088]],[[98.86578,3.5025],[98.86489,3.5016],[98.86578,3.5016],[98.86578,3.5025]],[[98.86489,3.5025],[98.86399,3.5034],[98.86399,3.5025],[98.86489,3.5025]],[[98.85862,3.48809],[98.85772,3.48899],[98.85772,3.48809],[98.85862,3.48809]],[[98.85951,3.5025],[98.86041,3.5016],[98.86041,3.5025],[98.85951,3.5025]],[[98.86041,3.5079],[98.85951,3.5088],[98.85951,3.5079],[98.86041,3.5079]],[[98.8631,3.5043],[98.8622,3.5052],[98.8622,3.5043],[98.8631,3.5043]],[[98.8622,3.5016],[98.8613,3.5034],[98.86131,3.5016],[98.8622,3.5016]],[[98.86578,3.4989],[98.86489,3.4998],[98.86489,3.4989],[98.86578,3.4989]],[[98.86489,3.4962],[98.86399,3.4971],[98.86399,3.4962],[98.86489,3.4962]],[[98.8631,3.4944],[98.8622,3.4953],[98.8622,3.4944],[98.8631,3.4944]]],[[[98.89087,3.4998],[98.88728,3.4989],[98.88818,3.5034],[98.88907,3.5016],[98.89266,3.5034],[98.89087,3.4998]]],[[[98.86668,3.5079],[98.86847,3.5106],[98.86847,3.507],[98.86668,3.5079]]],[[[98.94909,3.51241],[98.95178,3.51241],[98.95178,3.50971],[98.95536,3.50881],[98.95088,3.50881],[98.94909,3.51241]]],[[[98.85682,3.5133],[98.85324,3.5124],[98.84966,3.5142],[98.85145,3.5115],[98.84607,3.5124],[98.84876,3.5106],[98.84697,3.5088],[98.84339,3.5151],[98.85145,3.5169],[98.85682,3.5133]]],[[[98.86489,3.5106],[98.8613,3.5106],[98.85951,3.516],[98.86399,3.5142],[98.86489,3.5106]]],[[[98.95984,3.51601],[98.95447,3.51151],[98.95447,3.51331],[98.94999,3.51331],[98.94999,3.51691],[98.95984,3.51601]]],[[[98.9679,3.51781],[98.9697,3.51331],[98.97059,3.51421],[98.97507,3.51331],[98.96343,3.51241],[98.96253,3.51511],[98.96701,3.51421],[98.96701,3.51601],[98.96253,3.51601],[98.96343,3.51871],[98.9679,3.51781]]],[[[98.83712,3.5196],[98.8407,3.5196],[98.8407,3.5178],[98.83712,3.5169],[98.83712,3.5196]]],[[[98.95268,3.52051],[98.95715,3.51781],[98.95178,3.51781],[98.95268,3.52051]]],[[[98.85682,3.5223],[98.86309,3.5205],[98.86041,3.5196],[98.8622,3.516],[98.85951,3.5187],[98.85503,3.5178],[98.85682,3.5223]],[[98.85862,3.5187],[98.85772,3.5196],[98.85772,3.5187],[98.85862,3.5187]]],[[[98.84159,3.5241],[98.84607,3.5286],[98.84697,3.5196],[98.85055,3.5178],[98.84697,3.5169],[98.84159,3.5196],[98.84159,3.5241]],[[98.84428,3.5196],[98.84518,3.5205],[98.84428,3.5205],[98.84428,3.5196]]],[[[98.9679,3.52321],[98.97149,3.52321],[98.9679,3.52141],[98.9679,3.52321]]],[[[98.85413,3.5268],[98.85861,3.5232],[98.85414,3.5232],[98.85234,3.5187],[98.84786,3.5214],[98.85055,3.5295],[98.85234,3.5277],[98.85145,3.5241],[98.85414,3.5241],[98.85413,3.5268]],[[98.85145,3.5277],[98.85055,3.5268],[98.85145,3.5268],[98.85145,3.5277]],[[98.85055,3.5241],[98.84966,3.525],[98.84966,3.5241],[98.85055,3.5241]],[[98.85324,3.5214],[98.85145,3.5232],[98.85145,3.5214],[98.85324,3.5214]]],[[[98.85772,3.5259],[98.85503,3.5277],[98.85772,3.5277],[98.85772,3.5259]]],[[[98.84428,3.5268],[98.84249,3.5268],[98.84249,3.5295],[98.84338,3.5295],[98.84428,3.5268]]],[[[98.85772,3.5277],[98.8604,3.5313],[98.8622,3.5304],[98.8622,3.5268],[98.85772,3.5277]]],[[[98.97059,3.52771],[98.96611,3.53221],[98.97328,3.52951],[98.97059,3.52771]]],[[[98.84876,3.5277],[98.84697,3.5277],[98.84607,3.5322],[98.85055,3.5367],[98.85055,3.5322],[98.84786,3.5322],[98.84876,3.5277]]],[[[98.84518,3.5313],[98.84249,3.5331],[98.84338,3.5358],[98.84607,3.5349],[98.84518,3.5313]],[[98.84428,3.5331],[98.84518,3.534],[98.84428,3.534],[98.84428,3.5331]]],[[[98.85682,3.5331],[98.85951,3.5349],[98.8604,3.5331],[98.85682,3.5331]]],[[[98.83801,3.5376],[98.84159,3.5403],[98.84249,3.5367],[98.8389,3.5358],[98.83801,3.5376]]],[[[98.85951,3.5403],[98.8622,3.5367],[98.85682,3.5367],[98.85951,3.5376],[98.85951,3.5403]]],[[[98.9043,3.53671],[98.90161,3.53761],[98.90251,3.54121],[98.9052,3.53851],[98.9043,3.53671]]],[[[98.83353,3.5385],[98.83532,3.5421],[98.83711,3.543],[98.83711,3.5376],[98.83353,3.5385]]],[[[98.89982,3.53761],[98.89713,3.53851],[98.89713,3.54121],[98.89892,3.54031],[98.90161,3.54391],[98.90251,3.54121],[98.89982,3.54031],[98.89982,3.53761]]],[[[98.90519,3.54301],[98.90878,3.54301],[98.90878,3.53941],[98.9052,3.53851],[98.90519,3.54301]]],[[[98.83711,3.5412],[98.8389,3.5412],[98.8398,3.5421],[98.8398,3.5403],[98.83711,3.5412]]],[[[98.85055,3.5376],[98.84607,3.5349],[98.84517,3.5385],[98.84338,3.5367],[98.84249,3.5394],[98.84338,3.5421],[98.84786,3.5421],[98.84697,3.5457],[98.84965,3.5484],[98.85324,3.5466],[98.85324,3.5439],[98.85055,3.543],[98.85055,3.5376]],[[98.85055,3.5448],[98.85144,3.5466],[98.85055,3.5466],[98.85055,3.5448]],[[98.84607,3.5385],[98.84697,3.5412],[98.84607,3.5412],[98.84607,3.5385]]],[[[98.89713,3.54121],[98.89534,3.54301],[98.89713,3.54391],[98.89713,3.54121]]],[[[98.88638,3.54571],[98.88369,3.54211],[98.88369,3.54571],[98.88638,3.54571]]],[[[98.89803,3.54571],[98.89982,3.54391],[98.89803,3.54301],[98.89803,3.54571]]],[[[98.85682,3.543],[98.85413,3.5466],[98.8604,3.5475],[98.8613,3.543],[98.85682,3.543]],[[98.85951,3.5457],[98.85861,3.5466],[98.85861,3.5457],[98.85951,3.5457]]],[[[98.89534,3.54391],[98.88907,3.54301],[98.88996,3.54841],[98.89265,3.54751],[98.89534,3.54391]]],[[[98.88907,3.54571],[98.88728,3.54661],[98.88907,3.54751],[98.88907,3.54571]]],[[[98.84517,3.5457],[98.84069,3.5439],[98.84159,3.5493],[98.84517,3.5457]]],[[[98.90161,3.54751],[98.89444,3.54751],[98.90071,3.55021],[98.90161,3.54751]]],[[[98.97238,3.55021],[98.97507,3.54661],[98.96342,3.54661],[98.96253,3.54841],[98.96611,3.54931],[98.96522,3.55201],[98.96969,3.55201],[98.9688,3.54931],[98.97238,3.55021]],[[98.96701,3.54931],[98.9679,3.55111],[98.96701,3.55111],[98.96701,3.54931]]],[[[98.90251,3.55741],[98.90698,3.55921],[98.90609,3.55741],[98.90878,3.55561],[98.90699,3.55291],[98.90788,3.55111],[98.91057,3.55201],[98.91147,3.54931],[98.90878,3.54571],[98.90609,3.54751],[98.90161,3.54391],[98.9034,3.54931],[98.90251,3.55111],[98.89803,3.55111],[98.89892,3.55381],[98.89534,3.55471],[98.89534,3.55741],[98.89803,3.56101],[98.90251,3.56101],[98.90251,3.55741]],[[98.90251,3.55741],[98.90161,3.55651],[98.90251,3.55651],[98.90251,3.55741]],[[98.90161,3.55651],[98.90071,3.55561],[98.90161,3.55561],[98.90161,3.55651]],[[98.9034,3.55021],[98.90699,3.55021],[98.90609,3.55291],[98.9034,3.55021]],[[98.90699,3.55021],[98.90967,3.54931],[98.90967,3.55021],[98.90699,3.55021]],[[98.9043,3.55111],[98.9034,3.55201],[98.9034,3.55111],[98.9043,3.55111]],[[98.89892,3.55381],[98.89982,3.55651],[98.89892,3.55651],[98.89892,3.55381]],[[98.89982,3.55741],[98.90071,3.55921],[98.89982,3.55921],[98.89982,3.55741]],[[98.89713,3.55561],[98.89803,3.55741],[98.89713,3.55741],[98.89713,3.55561]],[[98.90519,3.55381],[98.90609,3.55561],[98.90519,3.55561],[98.90519,3.55381]],[[98.90161,3.55381],[98.90251,3.55471],[98.90161,3.55471],[98.90161,3.55381]],[[98.9034,3.55291],[98.9043,3.55381],[98.9034,3.55381],[98.9034,3.55291]],[[98.9043,3.54751],[98.90519,3.54841],[98.9043,3.54841],[98.9043,3.54751]]],[[[98.84069,3.5574],[98.84517,3.561],[98.84428,3.5565],[98.84069,3.5574]]],[[[98.92938,3.55381],[98.92849,3.55741],[98.9258,3.55741],[98.92759,3.56011],[98.92401,3.56011],[98.92401,3.56281],[98.92848,3.56551],[98.93028,3.56461],[98.92938,3.55381]]],[[[98.91146,3.56191],[98.90878,3.55921],[98.90967,3.56281],[98.91415,3.56281],[98.91415,3.55921],[98.91146,3.55921],[98.91146,3.56191]]],[[[98.91863,3.56641],[98.91953,3.57271],[98.92311,3.57181],[98.92311,3.56641],[98.91863,3.56641]],[[98.92132,3.56641],[98.92042,3.56731],[98.92042,3.56641],[98.92132,3.56641]],[[98.92042,3.56731],[98.91953,3.56821],[98.91953,3.56731],[98.92042,3.56731]],[[98.92132,3.56911],[98.92221,3.57001],[98.92132,3.57001],[98.92132,3.56911]]],[[[98.84517,3.5673],[98.84248,3.5655],[98.84338,3.5691],[98.84069,3.5718],[98.84338,3.5727],[98.84517,3.5673]]],[[[98.9249,3.56821],[98.9249,3.57091],[98.92938,3.56911],[98.92938,3.56731],[98.9249,3.56821]]],[[[98.91863,3.57541],[98.91863,3.57991],[98.92042,3.57541],[98.91863,3.57541]]],[[[98.83621,3.5862],[98.838,3.5871],[98.838,3.5808],[98.83442,3.5817],[98.8371,3.5835],[98.83621,3.5862]]],[[[98.84337,3.63031],[98.83978,3.62671],[98.83889,3.62851],[98.84068,3.63211],[98.84337,3.63031]]],[[[98.8362,3.64741],[98.83978,3.64381],[98.83978,3.64201],[98.8362,3.64291],[98.8362,3.64741]]],[[[98.84874,3.64832],[98.84695,3.65102],[98.84874,3.65102],[98.84874,3.64832]]],[[[98.84695,3.65192],[98.84695,3.65462],[98.85053,3.65372],[98.84964,3.65102],[98.84695,3.65192]]],[[[99.11282,0.79666],[99.10299,0.79756],[99.09852,0.80207],[99.10299,0.80297],[99.11104,0.80027],[99.11282,0.79666]],[[99.10657,0.80027],[99.10478,0.79937],[99.10657,0.79937],[99.10657,0.80027]],[[99.10835,0.79846],[99.11014,0.79936],[99.10835,0.79937],[99.10835,0.79846]]],[[[99.06543,0.83447],[99.06364,0.83717],[99.06364,0.83987],[99.06633,0.83717],[99.06543,0.83447]]],[[[99.06275,0.83807],[99.05917,0.83627],[99.05738,0.84077],[99.06185,0.83987],[99.06275,0.83807]]],[[[99.06364,0.88488],[99.06364,0.88308],[99.05828,0.88218],[99.06007,0.88488],[99.06364,0.88488]]],[[[99.03145,0.93529],[99.03413,0.93529],[99.03592,0.93259],[99.02787,0.93439],[99.02787,0.93889],[99.03235,0.93799],[99.03145,0.93529]]],[[[99.0878,1.17113],[99.08511,1.17113],[99.08511,1.17383],[99.0878,1.17383],[99.0878,1.17113]]],[[[99.00552,1.48619],[99.00731,1.48349],[99.00373,1.48439],[99.00284,1.48889],[99.00731,1.49069],[99.00552,1.48619]]],[[[99.01446,1.48799],[99.01178,1.49249],[99.01625,1.49339],[99.01357,1.49069],[99.01446,1.48799]]],[[[99.00731,1.50149],[99.0091,1.49609],[99.00552,1.49969],[99.00373,1.49339],[99.00105,1.49339],[99.00194,1.49069],[98.99658,1.49159],[98.99747,1.48709],[98.99479,1.48709],[98.99568,1.49249],[98.99747,1.49249],[98.99658,1.49699],[98.99926,1.49519],[98.99926,1.49879],[99.00194,1.49879],[99.00015,1.50059],[99.00731,1.50149]],[[99.00463,1.49699],[99.00373,1.49789],[99.00373,1.49699],[99.00463,1.49699]],[[98.99926,1.49519],[99.00015,1.49429],[99.00015,1.49519],[98.99926,1.49519]],[[99.00463,1.49879],[99.00373,1.49969],[99.00373,1.49879],[99.00463,1.49879]],[[99.00194,1.49789],[99.00105,1.49699],[99.00194,1.49429],[99.00284,1.49699],[99.00194,1.49789]],[[98.99926,1.49249],[98.99836,1.49339],[98.99836,1.49249],[98.99926,1.49249]]],[[[98.99658,1.51229],[98.99479,1.51409],[98.99658,1.51409],[98.99658,1.51229]]],[[[98.99926,1.51409],[98.99658,1.51589],[98.99926,1.51499],[98.99926,1.51409]]],[[[99.12465,3.34138],[99.12644,3.33958],[99.12644,3.33778],[99.12375,3.33868],[99.12465,3.34138]]],[[[99.1336,3.34048],[99.12913,3.34228],[99.1336,3.34228],[99.1336,3.34048]]],[[[99.02881,3.34048],[99.02523,3.34138],[99.02523,3.34498],[99.03061,3.34318],[99.02881,3.34048]]],[[[99.03419,3.34318],[99.03956,3.34408],[99.04046,3.34588],[99.04046,3.34318],[99.03419,3.34318]]],[[[99.03329,3.35129],[99.02971,3.34498],[99.02881,3.34768],[99.02792,3.34498],[99.02702,3.34678],[99.03061,3.35219],[99.03329,3.35129]]],[[[99.04046,3.35489],[99.03956,3.35219],[99.03688,3.35219],[99.03777,3.35489],[99.04046,3.35489]]],[[[99.11301,3.37468],[99.10943,3.37378],[99.11032,3.38008],[99.1139,3.37828],[99.11301,3.37468]]],[[[99.12017,3.38008],[99.1148,3.37828],[99.1139,3.38008],[99.11749,3.38188],[99.12017,3.38008]]],[[[99.13092,3.37828],[99.13003,3.38008],[99.13003,3.38278],[99.13361,3.38098],[99.13092,3.37828]]],[[[99.10943,3.38098],[99.11301,3.38278],[99.11301,3.38188],[99.10943,3.38098]]],[[[99.11391,3.38278],[99.11122,3.38368],[99.11122,3.38458],[99.11391,3.38458],[99.11391,3.38278]]],[[[99.11928,3.38818],[99.1157,3.38818],[99.11749,3.38638],[99.1157,3.38458],[99.11032,3.39179],[99.1148,3.39088],[99.11659,3.39268],[99.11928,3.38818]],[[99.1148,3.39088],[99.11659,3.38998],[99.11659,3.39088],[99.1148,3.39088]]],[[[99.11212,3.39629],[99.11301,3.39269],[99.11122,3.39269],[99.11212,3.39629]]],[[[99.11122,3.41249],[99.10943,3.41339],[99.11033,3.41609],[99.1157,3.41699],[99.11122,3.41249]],[[99.11212,3.41429],[99.11122,3.41519],[99.11122,3.41429],[99.11212,3.41429]]],[[[99.11033,3.42689],[99.11301,3.41789],[99.10585,3.41609],[99.10764,3.41519],[99.10674,3.41249],[99.10943,3.41249],[99.11033,3.40709],[99.10853,3.40619],[99.10585,3.40799],[99.10495,3.41699],[99.10674,3.41699],[99.10585,3.42059],[99.10854,3.42059],[99.10943,3.42419],[99.10674,3.42779],[99.11122,3.42959],[99.11033,3.43139],[99.11212,3.43139],[99.11212,3.42599],[99.11033,3.42689]],[[99.10764,3.40799],[99.10853,3.40889],[99.10764,3.40889],[99.10764,3.40799]]],[[[99.13183,3.44219],[99.13631,3.44489],[99.13452,3.44849],[99.13631,3.44849],[99.1381,3.44759],[99.1372,3.44399],[99.13989,3.44489],[99.1381,3.44129],[99.13989,3.44219],[99.14078,3.43949],[99.14168,3.44219],[99.14526,3.44129],[99.14885,3.43589],[99.14705,3.43319],[99.14884,3.42869],[99.14526,3.42689],[99.14258,3.43769],[99.14168,3.43499],[99.13899,3.43589],[99.13989,3.43859],[99.1372,3.43769],[99.13899,3.43409],[99.14257,3.43409],[99.14257,3.43139],[99.13989,3.43229],[99.13899,3.42689],[99.14347,3.42959],[99.14526,3.42148],[99.14884,3.42598],[99.14884,3.41878],[99.14436,3.41878],[99.14436,3.41518],[99.13899,3.41699],[99.13541,3.40888],[99.13093,3.40708],[99.13182,3.40438],[99.12555,3.40258],[99.13003,3.39718],[99.12734,3.39808],[99.12376,3.39268],[99.12197,3.39538],[99.11928,3.39088],[99.11301,3.39719],[99.11301,3.39989],[99.1157,3.39989],[99.11659,3.39629],[99.11928,3.39538],[99.12107,3.40259],[99.11839,3.40169],[99.11033,3.40529],[99.1157,3.41159],[99.11928,3.41069],[99.11749,3.41249],[99.11839,3.42059],[99.11301,3.42329],[99.11301,3.42779],[99.12018,3.43319],[99.12377,3.43949],[99.12735,3.44129],[99.13362,3.43949],[99.13183,3.44219]],[[99.1381,3.44129],[99.1372,3.43949],[99.1381,3.43949],[99.1381,3.44129]],[[99.13451,3.43949],[99.13541,3.43769],[99.1372,3.43859],[99.1372,3.43949],[99.13451,3.43949]],[[99.13541,3.43769],[99.13451,3.43679],[99.13541,3.43679],[99.13541,3.43769]],[[99.14168,3.43949],[99.14258,3.43859],[99.14258,3.43949],[99.14168,3.43949]],[[99.14616,3.43769],[99.14526,3.43679],[99.14616,3.43679],[99.14616,3.43769]],[[99.14347,3.42599],[99.14257,3.42509],[99.14347,3.42509],[99.14347,3.42599]],[[99.13451,3.40888],[99.13361,3.40978],[99.13361,3.40888],[99.13451,3.40888]],[[99.13093,3.40528],[99.12555,3.40709],[99.12555,3.40439],[99.13093,3.40528]],[[99.12555,3.39628],[99.12286,3.39808],[99.12286,3.39628],[99.12555,3.39628]],[[99.11839,3.39538],[99.11749,3.39448],[99.11839,3.39448],[99.11839,3.39538]],[[99.11928,3.41699],[99.12018,3.41609],[99.12018,3.41699],[99.11928,3.41699]],[[99.12376,3.43589],[99.12287,3.43499],[99.12376,3.43499],[99.12376,3.43589]],[[99.12376,3.43499],[99.12466,3.43409],[99.12466,3.43499],[99.12376,3.43499]],[[99.12466,3.43409],[99.12914,3.43049],[99.13183,3.43589],[99.12824,3.43229],[99.12466,3.43409]],[[99.12556,3.43049],[99.12287,3.42869],[99.12376,3.42599],[99.12735,3.42869],[99.12556,3.43049]],[[99.12287,3.42689],[99.12197,3.42599],[99.12287,3.42599],[99.12287,3.42689]],[[99.12197,3.42599],[99.12108,3.42509],[99.12197,3.42509],[99.12197,3.42599]],[[99.12735,3.42869],[99.12824,3.42779],[99.12824,3.42869],[99.12735,3.42869]],[[99.12735,3.43409],[99.12824,3.43499],[99.12735,3.43499],[99.12735,3.43409]],[[99.12197,3.43319],[99.12287,3.43139],[99.12376,3.43319],[99.12197,3.43319]],[[99.1157,3.42779],[99.1166,3.42959],[99.1157,3.42959],[99.1157,3.42779]],[[99.11929,3.42869],[99.12018,3.42959],[99.11929,3.42959],[99.11929,3.42869]],[[99.13093,3.42869],[99.13272,3.42959],[99.13093,3.42959],[99.13093,3.42869]],[[99.13362,3.42599],[99.12735,3.42689],[99.12735,3.41789],[99.12287,3.41879],[99.12376,3.41519],[99.12107,3.41249],[99.12555,3.41159],[99.12734,3.41339],[99.13272,3.40798],[99.13093,3.41069],[99.13272,3.41249],[99.13003,3.41159],[99.13003,3.41339],[99.13272,3.41699],[99.13003,3.41969],[99.13451,3.42239],[99.13272,3.42329],[99.13362,3.42599]],[[99.12018,3.41879],[99.12197,3.42059],[99.12018,3.42059],[99.12018,3.41879]],[[99.12018,3.42059],[99.11928,3.42149],[99.11928,3.42059],[99.12018,3.42059]],[[99.13182,3.41519],[99.13272,3.41429],[99.13272,3.41519],[99.13182,3.41519]],[[99.13272,3.41699],[99.13362,3.41789],[99.13272,3.41789],[99.13272,3.41699]],[[99.13182,3.41879],[99.13272,3.41969],[99.13182,3.41969],[99.13182,3.41879]],[[99.13541,3.42149],[99.13541,3.41699],[99.13809,3.41699],[99.13541,3.42149]],[[99.13541,3.41699],[99.13451,3.41609],[99.13541,3.41609],[99.13541,3.41699]],[[99.13182,3.42689],[99.13272,3.42779],[99.13183,3.42779],[99.13182,3.42689]],[[99.13451,3.42599],[99.13541,3.42689],[99.13451,3.42689],[99.13451,3.42599]],[[99.1372,3.42509],[99.13809,3.42599],[99.1372,3.42599],[99.1372,3.42509]],[[99.11391,3.42419],[99.11481,3.42509],[99.11391,3.42509],[99.11391,3.42419]],[[99.13451,3.42419],[99.1363,3.42509],[99.13451,3.42509],[99.13451,3.42419]],[[99.11749,3.42239],[99.11928,3.42419],[99.11749,3.42419],[99.11749,3.42239]],[[99.13899,3.42239],[99.13989,3.42329],[99.13899,3.42329],[99.13899,3.42239]],[[99.14168,3.42239],[99.14257,3.42329],[99.14168,3.42329],[99.14168,3.42239]],[[99.12107,3.41519],[99.12197,3.41609],[99.12107,3.41609],[99.12107,3.41519]],[[99.1166,3.40889],[99.1157,3.40979],[99.1157,3.40889],[99.1166,3.40889]],[[99.11391,3.40889],[99.1148,3.40619],[99.11749,3.40619],[99.1157,3.40889],[99.11391,3.40889]],[[99.12197,3.40799],[99.12107,3.40889],[99.12107,3.40799],[99.12197,3.40799]],[[99.12107,3.40799],[99.12018,3.40709],[99.12107,3.40709],[99.12107,3.40799]],[[99.12286,3.40259],[99.12376,3.40349],[99.12286,3.40349],[99.12286,3.40259]],[[99.12197,3.40079],[99.12286,3.40169],[99.12197,3.40169],[99.12197,3.40079]]],[[[99.13093,3.44129],[99.12914,3.44129],[99.12645,3.44399],[99.12914,3.44489],[99.13093,3.44129]]],[[[99.10764,3.45479],[99.10585,3.45209],[99.10585,3.45479],[99.10764,3.45479]]],[[[99.10764,3.45479],[99.10675,3.45749],[99.10944,3.45749],[99.10944,3.45479],[99.10764,3.45479]]],[[[99.13362,3.45929],[99.13631,3.45749],[99.13452,3.45659],[99.13362,3.45929]]],[[[99.13004,3.46289],[99.12914,3.46379],[99.13183,3.46379],[99.13004,3.46289]]],[[[98.97418,3.50431],[98.97059,3.50521],[98.97059,3.50701],[98.97686,3.50701],[98.97418,3.50431]]],[[[98.9679,3.51151],[98.97238,3.51061],[98.97238,3.50881],[98.9688,3.50971],[98.9679,3.51151]]],[[[99.12646,3.5214],[99.12109,3.5268],[99.1184,3.525],[99.11571,3.5313],[99.12109,3.5295],[99.12019,3.5313],[99.12557,3.534],[99.12826,3.5277],[99.13094,3.5268],[99.13184,3.5286],[99.13005,3.525],[99.12646,3.5268],[99.12826,3.525],[99.12646,3.5232],[99.12646,3.5214]],[[99.12646,3.5313],[99.12557,3.5304],[99.12646,3.5304],[99.12646,3.5313]],[[99.12646,3.5268],[99.12557,3.5277],[99.12557,3.5268],[99.12646,3.5268]],[[99.12557,3.5277],[99.12467,3.5286],[99.12467,3.5277],[99.12557,3.5277]]],[[[99.12736,3.534],[99.13094,3.5331],[99.13094,3.5313],[99.12915,3.5313],[99.12736,3.534]]],[[[98.9697,3.53761],[98.97776,3.53761],[98.97776,3.53671],[98.9697,3.53401],[98.9697,3.53761]]],[[[99.13363,3.5349],[99.13005,3.5385],[99.12736,3.5367],[99.12736,3.5385],[99.12915,3.5412],[99.13363,3.5403],[99.13453,3.543],[99.13632,3.5385],[99.13363,3.5376],[99.13363,3.5349]]],[[[99.12378,3.5403],[99.12736,3.5349],[99.12467,3.5349],[99.11661,3.54211],[99.1193,3.54301],[99.1202,3.54751],[99.1202,3.54301],[99.12378,3.5403]],[[99.12109,3.54211],[99.1202,3.5412],[99.12109,3.5412],[99.12109,3.54211]]],[[[99.11303,3.55561],[99.1193,3.54751],[99.11751,3.54391],[99.10855,3.54661],[99.10945,3.55471],[99.11303,3.55561]]],[[[99.09332,3.55111],[99.09511,3.55381],[99.0987,3.55111],[99.0987,3.54931],[99.09332,3.55111]],[[99.0969,3.55201],[99.09511,3.55111],[99.0969,3.55111],[99.0969,3.55201]]],[[[99.0987,3.55741],[99.0969,3.55561],[99.09691,3.55741],[99.0987,3.55741]]],[[[99.12288,3.55471],[99.11661,3.55741],[99.11661,3.56101],[99.1202,3.55741],[99.12378,3.55741],[99.12288,3.55471]]],[[[99.09422,3.55741],[99.09511,3.56011],[99.0978,3.55921],[99.09691,3.55741],[99.09422,3.55741]]],[[[99.0987,3.56281],[99.10049,3.56011],[99.0978,3.55921],[99.0987,3.56281]]],[[[99.09243,3.56281],[99.09153,3.56641],[99.09511,3.56551],[99.09243,3.56281]]],[[[99.08705,3.56551],[99.08436,3.56641],[99.08705,3.56821],[99.08705,3.56551]]],[[[99.07988,3.56461],[99.08078,3.57001],[99.08526,3.57001],[99.08347,3.56551],[99.07988,3.56461]],[[99.08257,3.56821],[99.08168,3.56911],[99.08168,3.56821],[99.08257,3.56821]]],[[[99.08974,3.56821],[99.08884,3.57271],[99.08974,3.57271],[99.08974,3.56821]]],[[[98.99299,3.63123],[98.99747,3.63213],[98.99657,3.62943],[98.99388,3.62943],[98.99567,3.62672],[98.99299,3.62672],[98.99299,3.63123]]],[[[99.14948,0.59053],[99.15216,0.59233],[99.15216,0.58963],[99.14948,0.59053]]],[[[99.15842,0.60403],[99.15932,0.60673],[99.162,0.60673],[99.162,0.60223],[99.15842,0.60403]]],[[[99.16468,0.60763],[99.16021,0.60943],[99.15664,0.60403],[99.15574,0.61033],[99.16468,0.61213],[99.16468,0.60763]],[[99.15753,0.60943],[99.15842,0.60853],[99.15842,0.60943],[99.15753,0.60943]]],[[[99.15485,0.67334],[99.15038,0.67424],[99.15127,0.67694],[99.15485,0.67604],[99.15485,0.67334]]],[[[99.14787,2.90391],[99.1434,2.89941],[99.14161,2.90211],[99.14429,2.90211],[99.14608,2.90481],[99.14787,2.90391]]],[[[99.14161,2.90481],[99.1434,2.90301],[99.13982,2.90211],[99.14161,2.90481]]],[[[99.13808,3.33957],[99.13719,3.34227],[99.13808,3.34227],[99.13808,3.33957]]],[[[99.1354,3.34408],[99.13719,3.34317],[99.13629,3.34137],[99.1345,3.34138],[99.1354,3.34408]]],[[[99.14884,3.38728],[99.14884,3.38188],[99.14525,3.38098],[99.14704,3.37828],[99.14615,3.37648],[99.14346,3.37828],[99.14525,3.38728],[99.15242,3.39088],[99.15242,3.38638],[99.14884,3.38728]]],[[[99.14615,3.39178],[99.14615,3.38998],[99.14436,3.38908],[99.14346,3.39088],[99.14615,3.39178]]],[[[99.13899,3.39268],[99.14078,3.39538],[99.14257,3.39088],[99.13899,3.39268]]],[[[99.15242,3.39628],[99.156,3.39448],[99.15511,3.39088],[99.15242,3.39178],[99.15242,3.39628]]],[[[99.13092,3.38458],[99.13182,3.38638],[99.12824,3.38908],[99.12555,3.38818],[99.12376,3.39268],[99.12734,3.39178],[99.12734,3.39628],[99.13003,3.39448],[99.13093,3.39898],[99.13451,3.39898],[99.13451,3.40528],[99.13809,3.40528],[99.14436,3.41338],[99.14615,3.41158],[99.14526,3.40618],[99.14794,3.40438],[99.14705,3.40078],[99.14884,3.40078],[99.14884,3.39088],[99.14526,3.39628],[99.14257,3.39358],[99.1354,3.40348],[99.1354,3.39988],[99.13809,3.39808],[99.1363,3.39448],[99.14257,3.38908],[99.14257,3.38548],[99.13719,3.38278],[99.13898,3.38638],[99.13451,3.38728],[99.13361,3.38278],[99.13092,3.38458]],[[99.13898,3.38638],[99.13988,3.38728],[99.13899,3.38728],[99.13898,3.38638]],[[99.14526,3.40258],[99.14615,3.40438],[99.14526,3.40438],[99.14526,3.40258]],[[99.14078,3.40168],[99.14167,3.40258],[99.14078,3.40258],[99.14078,3.40168]],[[99.14078,3.39988],[99.14167,3.40078],[99.14078,3.40078],[99.14078,3.39988]],[[99.14526,3.39898],[99.14615,3.39988],[99.14526,3.39988],[99.14526,3.39898]],[[99.13182,3.39088],[99.13092,3.39178],[99.13092,3.39088],[99.13182,3.39088]],[[99.13092,3.39088],[99.13003,3.38998],[99.13092,3.38998],[99.13092,3.39088]],[[99.13092,3.38998],[99.13272,3.38728],[99.13361,3.38998],[99.13092,3.38998]],[[99.13361,3.38998],[99.13451,3.39088],[99.13361,3.39088],[99.13361,3.38998]],[[99.1354,3.39088],[99.1363,3.39178],[99.1354,3.39178],[99.1354,3.39088]],[[99.12734,3.38998],[99.12913,3.39088],[99.12734,3.39088],[99.12734,3.38998]],[[99.13271,3.38458],[99.13361,3.38548],[99.13272,3.38548],[99.13271,3.38458]]],[[[99.15869,3.40168],[99.1578,3.40528],[99.15959,3.40618],[99.16228,3.39988],[99.15869,3.40168]],[[99.16138,3.40078],[99.16048,3.40168],[99.16048,3.40078],[99.16138,3.40078]]],[[[99.16586,3.40438],[99.16944,3.40258],[99.16586,3.40168],[99.16586,3.40438]]],[[[99.16855,3.40708],[99.16855,3.40528],[99.17123,3.40438],[99.16765,3.40438],[99.16855,3.40708]]],[[[99.1569,3.40888],[99.15601,3.40618],[99.15063,3.40528],[99.15242,3.40348],[99.15063,3.39718],[99.14705,3.41248],[99.15063,3.41518],[99.15153,3.42058],[99.15243,3.41788],[99.15511,3.41878],[99.15601,3.41338],[99.1578,3.41428],[99.15511,3.40978],[99.1569,3.40888]],[[99.15601,3.41338],[99.15511,3.41248],[99.15601,3.41248],[99.15601,3.41338]],[[99.14974,3.41068],[99.14884,3.41158],[99.14884,3.41068],[99.14974,3.41068]],[[99.15242,3.40798],[99.15063,3.40978],[99.14974,3.40798],[99.15242,3.40798]]],[[[99.16855,3.40798],[99.16765,3.41248],[99.17034,3.41158],[99.16855,3.40798]]],[[[99.1569,3.41608],[99.1569,3.41878],[99.15959,3.41878],[99.16138,3.42238],[99.16049,3.41518],[99.1569,3.41608]]],[[[99.15332,3.42058],[99.15063,3.42238],[99.15063,3.42328],[99.15332,3.42328],[99.15332,3.42058]]],[[[99.14884,3.42688],[99.15064,3.42868],[99.15153,3.42418],[99.14884,3.42688]]],[[[99.15422,3.42778],[99.15691,3.43138],[99.15601,3.42688],[99.15422,3.42778]]],[[[99.16587,3.44488],[99.16407,3.44218],[99.16407,3.44488],[99.16587,3.44488]]],[[[99.14437,3.44309],[99.14616,3.44759],[99.14885,3.44309],[99.14437,3.44309]]],[[[99.14168,3.44489],[99.13899,3.44759],[99.13899,3.44849],[99.14168,3.44849],[99.14168,3.44489]]],[[[99.14437,3.44759],[99.14079,3.44939],[99.14168,3.45119],[99.14526,3.44939],[99.14437,3.44759]]],[[[99.13899,3.45119],[99.1372,3.45389],[99.1381,3.45659],[99.14079,3.45389],[99.13899,3.45119]]],[[[99.14347,3.45749],[99.14079,3.46019],[99.14079,3.46379],[99.14437,3.46019],[99.14347,3.45749]]],[[[99.13541,3.45929],[99.13631,3.46199],[99.13989,3.46109],[99.139,3.45929],[99.13541,3.45929]]],[[[99.139,3.46649],[99.14168,3.46739],[99.14168,3.46559],[99.14079,3.46649],[99.139,3.46649]]],[[[99.13721,3.46919],[99.139,3.46739],[99.13452,3.46919],[99.13721,3.46919]]],[[[99.15602,3.48899],[99.15781,3.49169],[99.1596,3.48809],[99.15602,3.48899]]],[[[99.15333,3.49349],[99.15333,3.49709],[99.15692,3.49709],[99.15512,3.49349],[99.15333,3.49349]]],[[[99.16677,3.49799],[99.16319,3.49349],[99.1596,3.49259],[99.16408,3.50069],[99.16677,3.49799]]],[[[99.14975,3.49889],[99.15065,3.50069],[99.15333,3.49979],[99.15244,3.49709],[99.14975,3.49889]]],[[[99.14617,3.5007],[99.14886,3.5034],[99.14886,3.4998],[99.14617,3.5007]]],[[[99.16588,3.50519],[99.16229,3.50339],[99.16229,3.50519],[99.16588,3.50519]]],[[[99.17125,3.50339],[99.16856,3.50609],[99.17036,3.50789],[99.17125,3.50339]]],[[[99.14259,3.5034],[99.1399,3.5052],[99.14169,3.5088],[99.14527,3.507],[99.14259,3.5034]]],[[[99.16408,3.50699],[99.15781,3.50159],[99.15154,3.5025],[99.15692,3.50609],[99.15602,3.5097],[99.1605,3.51149],[99.16409,3.50969],[99.16408,3.50699]],[[99.15961,3.50789],[99.15871,3.50879],[99.15871,3.50789],[99.15961,3.50789]],[[99.1614,3.50609],[99.1605,3.50699],[99.1605,3.50609],[99.1614,3.50609]]],[[[99.16767,3.50879],[99.16856,3.50609],[99.16767,3.50519],[99.16588,3.50519],[99.16767,3.50879]]],[[[99.14527,3.5097],[99.14796,3.5097],[99.14886,3.5106],[99.14617,3.507],[99.14527,3.5097]]],[[[99.15513,3.5106],[99.15782,3.5133],[99.15871,3.5115],[99.15513,3.5106]]],[[[99.14975,3.5034],[99.14617,3.507],[99.14706,3.5079],[99.15065,3.5088],[99.15065,3.5115],[99.14707,3.5133],[99.14796,3.5151],[99.14617,3.5124],[99.14169,3.5151],[99.14259,3.5097],[99.1399,3.5097],[99.14079,3.507],[99.13721,3.507],[99.12825,3.5124],[99.12378,3.5196],[99.12736,3.5214],[99.12736,3.5232],[99.13184,3.5232],[99.13184,3.5196],[99.13632,3.5178],[99.13811,3.5196],[99.14169,3.516],[99.14169,3.5187],[99.14438,3.5178],[99.14169,3.5196],[99.14348,3.5214],[99.14796,3.5205],[99.14527,3.5178],[99.15065,3.5178],[99.15065,3.5214],[99.15513,3.5205],[99.15513,3.516],[99.15155,3.5178],[99.15154,3.5133],[99.15334,3.5133],[99.15154,3.5115],[99.15513,3.5088],[99.14975,3.5034]],[[99.14348,3.5178],[99.14259,3.5169],[99.14348,3.5169],[99.14348,3.5178]],[[99.14348,3.5169],[99.14438,3.516],[99.14438,3.5169],[99.14348,3.5169]],[[99.15244,3.5079],[99.15154,3.5097],[99.15154,3.5079],[99.15244,3.5079]],[[99.13184,3.5178],[99.13094,3.5187],[99.13094,3.5178],[99.13184,3.5178]],[[99.13811,3.5106],[99.13721,3.5124],[99.13721,3.5106],[99.13811,3.5106]]],[[[99.14886,3.5223],[99.14886,3.5268],[99.14976,3.5268],[99.15244,3.5232],[99.14975,3.5241],[99.14886,3.5223]]],[[[99.13453,3.5295],[99.13811,3.5322],[99.13721,3.525],[99.13542,3.525],[99.13453,3.5295]],[[99.13542,3.5295],[99.13632,3.5286],[99.13632,3.5295],[99.13542,3.5295]],[[99.13542,3.5268],[99.13632,3.5277],[99.13542,3.5277],[99.13542,3.5268]]],[[[99.14349,3.5313],[99.14796,3.5277],[99.14707,3.5214],[99.14438,3.5241],[99.14617,3.5268],[99.1408,3.5277],[99.14169,3.5367],[99.14528,3.5349],[99.14349,3.5313]]],[[[99.13542,3.5358],[99.13811,3.5349],[99.13811,3.5331],[99.13542,3.5322],[99.13542,3.5358]]],[[[99.15065,3.534],[99.15244,3.5358],[99.15155,3.5313],[99.14796,3.5349],[99.14617,3.534],[99.14349,3.5385],[99.14797,3.5376],[99.15065,3.534]]],[[[99.1399,3.5358],[99.13811,3.5385],[99.1399,3.5385],[99.1399,3.5358]]],[[[99.1417,3.5412],[99.13901,3.5403],[99.13095,3.5493],[99.13543,3.5475],[99.1417,3.5412]]],[[[99.12916,3.55381],[99.12378,3.55381],[99.12378,3.55651],[99.12736,3.55741],[99.12647,3.55921],[99.12916,3.55831],[99.12826,3.55561],[99.13005,3.55471],[99.13184,3.55561],[99.13095,3.55921],[99.13811,3.5556],[99.13991,3.5538],[99.13901,3.5484],[99.14259,3.5484],[99.14528,3.5448],[99.14886,3.5457],[99.15244,3.5376],[99.13811,3.5466],[99.13453,3.5502],[99.13453,3.5538],[99.13095,3.55291],[99.13184,3.5511],[99.12736,3.55111],[99.12916,3.55381]],[[99.14528,3.5448],[99.14438,3.5439],[99.14528,3.5439],[99.14528,3.5448]],[[99.14886,3.543],[99.14707,3.5439],[99.14707,3.543],[99.14886,3.543]],[[99.13453,3.5538],[99.13543,3.5547],[99.13453,3.5547],[99.13453,3.5538]],[[99.13543,3.552],[99.13722,3.5529],[99.13722,3.5538],[99.13543,3.5538],[99.13543,3.552]],[[99.13722,3.5529],[99.13811,3.5502],[99.13811,3.5529],[99.13722,3.5529]],[[99.12647,3.55561],[99.12736,3.55651],[99.12647,3.55651],[99.12647,3.55561]],[[99.13274,3.55561],[99.13363,3.55651],[99.13274,3.55651],[99.13274,3.55561]]],[[[99.14259,3.5484],[99.14438,3.5502],[99.14618,3.5475],[99.14259,3.5484]]],[[[99.21654,0.40689],[99.21475,0.40689],[99.21296,0.40599],[99.21475,0.40959],[99.21654,0.40689]]],[[[99.22756,2.9318],[99.22398,2.9354],[99.2195,2.9327],[99.22129,2.9381],[99.22308,2.9363],[99.23025,2.9372],[99.22756,2.9318]],[[99.22666,2.9345],[99.22756,2.9354],[99.22666,2.9354],[99.22666,2.9345]]],[[[99.21861,2.9435],[99.21861,2.9462],[99.22219,2.9453],[99.22129,2.9435],[99.21861,2.9435]]],[[[99.21243,3.37017],[99.20795,3.36657],[99.20616,3.37017],[99.20795,3.36837],[99.21243,3.37017]]],[[[99.22586,3.37106],[99.22407,3.36836],[99.22407,3.37106],[99.22586,3.37106]]],[[[99.21959,3.37556],[99.22139,3.37916],[99.22497,3.37826],[99.22497,3.37556],[99.22139,3.37376],[99.22318,3.37196],[99.22138,3.36746],[99.22497,3.36656],[99.22407,3.36296],[99.22138,3.36656],[99.21959,3.36656],[99.21959,3.36296],[99.21511,3.36386],[99.21691,3.36926],[99.21422,3.36926],[99.21422,3.37197],[99.21959,3.37556]],[[99.22049,3.37106],[99.2178,3.36836],[99.22049,3.36746],[99.22049,3.37106]]],[[[99.22586,3.37106],[99.22586,3.37376],[99.22765,3.37196],[99.22676,3.37196],[99.22676,3.37106],[99.22586,3.37106]]],[[[99.23213,3.37916],[99.23124,3.37556],[99.22765,3.37466],[99.22676,3.38096],[99.23213,3.37916]]],[[[99.21601,3.37917],[99.2187,3.38097],[99.2178,3.38367],[99.22139,3.38186],[99.21959,3.37646],[99.21422,3.37197],[99.20705,3.37377],[99.20706,3.37827],[99.20974,3.38007],[99.21601,3.37917]],[[99.20974,3.37827],[99.21064,3.37737],[99.21064,3.37827],[99.20974,3.37827]]],[[[99.1981,3.38097],[99.19631,3.37917],[99.19272,3.38007],[99.19452,3.38367],[99.1981,3.38097]]],[[[99.18466,3.38277],[99.18825,3.38277],[99.18914,3.38007],[99.18556,3.38097],[99.18466,3.38277]]],[[[99.19273,3.38547],[99.19183,3.38187],[99.19004,3.38187],[99.19004,3.38457],[99.19273,3.38547]]],[[[99.22497,3.38186],[99.22139,3.38186],[99.22049,3.38457],[99.22497,3.38546],[99.22497,3.38186]]],[[[99.21154,3.38547],[99.21333,3.38907],[99.21422,3.38547],[99.21154,3.38547]]],[[[99.20974,3.38727],[99.20616,3.38817],[99.20706,3.39357],[99.21064,3.38997],[99.20974,3.38727]]],[[[99.19004,3.38997],[99.18467,3.38727],[99.18467,3.38997],[99.18735,3.39267],[99.19004,3.38997]]],[[[99.21691,3.39267],[99.21691,3.38997],[99.2196,3.38997],[99.22049,3.38547],[99.21422,3.38727],[99.21243,3.39447],[99.21422,3.39537],[99.21691,3.39267]],[[99.21781,3.38907],[99.21691,3.38817],[99.21781,3.38817],[99.21781,3.38907]],[[99.21422,3.38907],[99.21601,3.39177],[99.21422,3.39177],[99.21422,3.38907]]],[[[99.22139,3.39087],[99.21691,3.39447],[99.22049,3.39357],[99.22139,3.39087]]],[[[99.21691,3.39537],[99.21333,3.39897],[99.21602,3.39807],[99.21691,3.39537]]],[[[99.17302,3.39988],[99.17213,3.40618],[99.17034,3.40618],[99.17034,3.40978],[99.17213,3.40798],[99.17661,3.40888],[99.17303,3.41338],[99.1784,3.41158],[99.18288,3.40618],[99.19273,3.41518],[99.19721,3.41787],[99.1999,3.41697],[99.1999,3.41517],[99.19363,3.41338],[99.19542,3.40977],[99.19184,3.41068],[99.19183,3.40527],[99.18915,3.40077],[99.18556,3.39987],[99.18556,3.39177],[99.17929,3.39267],[99.1784,3.40168],[99.17571,3.40258],[99.17302,3.39988]],[[99.18019,3.39628],[99.18198,3.39537],[99.18198,3.39718],[99.18019,3.39628]],[[99.17661,3.40258],[99.1775,3.40348],[99.17661,3.40348],[99.17661,3.40258]],[[99.1775,3.40348],[99.17929,3.40438],[99.1775,3.40438],[99.1775,3.40348]],[[99.17482,3.40618],[99.17302,3.40708],[99.17302,3.40618],[99.17482,3.40618]],[[99.17929,3.40618],[99.18019,3.40528],[99.18019,3.40618],[99.17929,3.40618]],[[99.18019,3.40528],[99.18109,3.40438],[99.18109,3.40528],[99.18019,3.40528]],[[99.17482,3.40438],[99.17392,3.40528],[99.17392,3.40438],[99.17482,3.40438]],[[99.18646,3.40258],[99.18556,3.40528],[99.18467,3.40258],[99.18646,3.40258]],[[99.18288,3.40348],[99.18198,3.40438],[99.18198,3.40348],[99.18288,3.40348]],[[99.18467,3.40168],[99.18288,3.39988],[99.18467,3.39987],[99.18467,3.40168]],[[99.18288,3.39808],[99.18198,3.39898],[99.18198,3.39808],[99.18288,3.39808]],[[99.18467,3.39627],[99.18377,3.39717],[99.18377,3.39627],[99.18467,3.39627]]],[[[99.22945,3.40887],[99.22677,3.40977],[99.22677,3.41247],[99.22498,3.41157],[99.22498,3.41337],[99.22856,3.41337],[99.22945,3.40887]]],[[[99.2214,3.41877],[99.22319,3.41697],[99.2196,3.41607],[99.2214,3.41877]]],[[[99.19721,3.43048],[99.20617,3.42597],[99.20617,3.42327],[99.20079,3.42237],[99.20079,3.41697],[99.19452,3.41878],[99.19721,3.42328],[99.19363,3.42238],[99.19453,3.42778],[99.19721,3.42598],[99.19721,3.43048]],[[99.20259,3.42597],[99.2008,3.42508],[99.20259,3.42507],[99.20259,3.42597]],[[99.1999,3.42508],[99.199,3.42868],[99.19811,3.42598],[99.1999,3.42508]],[[99.19721,3.42148],[99.19811,3.42058],[99.19811,3.42148],[99.19721,3.42148]],[[99.1999,3.42328],[99.20169,3.42417],[99.1999,3.42418],[99.1999,3.42328]],[[99.199,3.42057],[99.1999,3.42238],[99.199,3.42238],[99.199,3.42057]]],[[[99.19901,3.43318],[99.20169,3.43498],[99.20259,3.43138],[99.1999,3.43048],[99.19901,3.43318]]],[[[99.19632,3.43228],[99.19274,3.43228],[99.19453,3.43768],[99.19632,3.43228]]],[[[99.19094,3.43498],[99.18647,3.43768],[99.19095,3.43948],[99.18915,3.43678],[99.19094,3.43498]]],[[[99.17841,3.44308],[99.18109,3.44308],[99.1793,3.43858],[99.1784,3.43858],[99.17841,3.44308]]],[[[99.2223,3.43947],[99.2214,3.44487],[99.22409,3.44487],[99.2223,3.43947]]],[[[99.20796,3.44128],[99.20976,3.44488],[99.21155,3.44128],[99.20796,3.44128]]],[[[99.17841,3.44308],[99.17482,3.44128],[99.17393,3.44398],[99.17751,3.44578],[99.17841,3.44308]],[[99.17661,3.44308],[99.17572,3.44398],[99.17572,3.44308],[99.17661,3.44308]]],[[[99.20617,3.44218],[99.2017,3.44488],[99.20528,3.44488],[99.20617,3.44218]]],[[[99.18915,3.44398],[99.18736,3.44488],[99.18915,3.44128],[99.18288,3.44128],[99.18288,3.44398],[99.18109,3.44308],[99.17841,3.44668],[99.18557,3.45028],[99.18557,3.44668],[99.18826,3.44668],[99.18915,3.44398]],[[99.18378,3.44488],[99.18468,3.44668],[99.18378,3.44668],[99.18378,3.44488]],[[99.18109,3.44488],[99.18199,3.44578],[99.18109,3.44578],[99.18109,3.44488]],[[99.18378,3.44218],[99.18468,3.44308],[99.18378,3.44308],[99.18378,3.44218]]],[[[99.20797,3.44938],[99.20707,3.44488],[99.2017,3.44848],[99.20259,3.45028],[99.20797,3.44938]]],[[[99.18109,3.44848],[99.17751,3.44668],[99.17751,3.44938],[99.17482,3.44938],[99.17303,3.44488],[99.16855,3.44578],[99.17124,3.45028],[99.17393,3.45028],[99.17303,3.45208],[99.17841,3.45478],[99.1793,3.45208],[99.18199,3.45298],[99.18109,3.44848]],[[99.17393,3.44848],[99.17303,3.44938],[99.17303,3.44848],[99.17393,3.44848]],[[99.17751,3.45298],[99.17841,3.45208],[99.17841,3.45298],[99.17751,3.45298]]],[[[99.21782,3.45388],[99.21782,3.45118],[99.21334,3.45208],[99.21513,3.45928],[99.21693,3.45568],[99.22051,3.45477],[99.21782,3.45388]],[[99.21603,3.45658],[99.21513,3.45478],[99.21603,3.45478],[99.21603,3.45658]],[[99.21692,3.45298],[99.21603,3.45388],[99.21603,3.45298],[99.21692,3.45298]]],[[[99.19095,3.44848],[99.18826,3.44848],[99.18826,3.45208],[99.18557,3.45118],[99.18647,3.45478],[99.18378,3.45568],[99.18557,3.45838],[99.18737,3.45568],[99.18916,3.46198],[99.19274,3.45748],[99.19095,3.44848]],[[99.19095,3.45838],[99.19005,3.45748],[99.19095,3.45748],[99.19095,3.45838]],[[99.19005,3.45568],[99.18916,3.45388],[99.19005,3.45388],[99.19005,3.45568]],[[99.19005,3.45388],[99.19095,3.45298],[99.19095,3.45388],[99.19005,3.45388]]],[[[99.2017,3.45658],[99.19901,3.45478],[99.19901,3.45658],[99.2017,3.45658]]],[[[99.19632,3.45658],[99.19901,3.45838],[99.19632,3.45298],[99.19632,3.45658]]],[[[99.2214,3.46018],[99.2223,3.45747],[99.21961,3.45748],[99.21872,3.46018],[99.2214,3.46018]]],[[[99.20707,3.45838],[99.20349,3.45838],[99.20349,3.46198],[99.20618,3.46198],[99.20707,3.45838]],[[99.20439,3.45928],[99.20528,3.46018],[99.20439,3.46018],[99.20439,3.45928]]],[[[99.17841,3.46469],[99.1802,3.46198],[99.1793,3.46198],[99.17841,3.46469]]],[[[99.20976,3.46558],[99.21155,3.46558],[99.21334,3.46288],[99.21066,3.46198],[99.20976,3.46558]]],[[[99.18378,3.46648],[99.18647,3.46738],[99.18558,3.46468],[99.18916,3.46288],[99.18826,3.46108],[99.18199,3.46648],[99.17572,3.46559],[99.17483,3.47099],[99.17841,3.47189],[99.17751,3.47009],[99.18289,3.46918],[99.18378,3.46648]]],[[[99.21603,3.46378],[99.21603,3.47008],[99.21872,3.46828],[99.21603,3.46378]]],[[[99.20618,3.46918],[99.2026,3.46918],[99.2026,3.47098],[99.20618,3.47098],[99.20618,3.46918]]],[[[99.20708,3.47278],[99.21335,3.47458],[99.21335,3.47098],[99.20887,3.46918],[99.20708,3.47278]]],[[[99.2223,3.47098],[99.22499,3.47458],[99.22409,3.47008],[99.2223,3.47098]]],[[[99.19722,3.48088],[99.19902,3.48088],[99.19901,3.47638],[99.19633,3.47638],[99.19722,3.48088]]],[[[99.20887,3.48448],[99.20708,3.48268],[99.20708,3.48538],[99.21066,3.48538],[99.21066,3.48178],[99.20887,3.48448]]],[[[99.2026,3.48538],[99.2017,3.48268],[99.19991,3.48268],[99.19902,3.48628],[99.2026,3.48538]]],[[[99.16946,3.48629],[99.17125,3.48899],[99.17394,3.48809],[99.17125,3.48449],[99.16946,3.48629]]],[[[99.17931,3.48809],[99.17573,3.48629],[99.17304,3.48989],[99.17752,3.49079],[99.17931,3.48809]]],[[[99.2017,3.48808],[99.20439,3.49258],[99.20439,3.48628],[99.2017,3.48808]]],[[[99.18021,3.50339],[99.17842,3.50519],[99.18021,3.50519],[99.18021,3.50339]]],[[[99.182,3.50429],[99.18021,3.50519],[99.1811,3.50699],[99.1829,3.50699],[99.182,3.50429]]],[[[99.31855,1.32054],[99.3266,1.32414],[99.3257,1.31874],[99.31855,1.32054]],[[99.3257,1.31964],[99.32391,1.32144],[99.32391,1.31964],[99.3257,1.31964]]],[[[99.32839,1.32414],[99.33017,1.32144],[99.32749,1.32144],[99.32839,1.32414]]],[[[99.23562,2.9291],[99.23472,2.9255],[99.23203,2.9255],[99.23472,2.9327],[99.2392,2.9327],[99.2392,2.9291],[99.23562,2.9291]]],[[[99.24547,2.9363],[99.24726,2.9327],[99.24009,2.9318],[99.2383,2.9354],[99.24367,2.9345],[99.24547,2.9363]]],[[[99.2571,2.93629],[99.25531,2.939],[99.25263,2.9372],[99.25263,2.9399],[99.25711,2.93989],[99.2571,2.93629]]],[[[99.24188,2.9363],[99.24368,2.9408],[99.24547,2.9372],[99.24188,2.9363]]],[[[99.2383,2.9426],[99.2383,2.9408],[99.23741,2.939],[99.2383,2.9426]]],[[[99.30545,2.95158],[99.30366,2.94978],[99.30098,2.95159],[99.30545,2.95158]]],[[[99.25084,2.9498],[99.24905,2.9525],[99.25263,2.9525],[99.25353,2.9561],[99.25979,2.9525],[99.25173,2.9462],[99.24905,2.948],[99.25084,2.9498]],[[99.25532,2.9543],[99.25442,2.9534],[99.25532,2.9534],[99.25532,2.9543]],[[99.25263,2.948],[99.25174,2.9498],[99.25174,2.948],[99.25263,2.948]],[[99.25353,2.9516],[99.25442,2.9525],[99.25353,2.9525],[99.25353,2.9516]]],[[[99.25442,2.9588],[99.26069,2.9606],[99.25979,2.9543],[99.25532,2.9561],[99.25442,2.9588]]],[[[99.23839,3.33055],[99.24018,3.33235],[99.23929,3.33685],[99.24287,3.33595],[99.24287,3.33145],[99.23839,3.33055]]],[[[99.24287,3.34135],[99.24019,3.33955],[99.24019,3.34135],[99.24287,3.34135]]],[[[99.26168,3.35215],[99.26616,3.35665],[99.26706,3.35665],[99.26616,3.35215],[99.26168,3.35215]]],[[[99.27243,3.36115],[99.27243,3.35755],[99.27154,3.36115],[99.27243,3.36115]]],[[[99.27333,3.36115],[99.2787,3.36205],[99.2787,3.35935],[99.27333,3.35935],[99.27333,3.36115]]],[[[99.3011,3.38454],[99.29842,3.38364],[99.29752,3.38634],[99.29931,3.38724],[99.3011,3.38454]]],[[[99.28409,3.38635],[99.28229,3.38545],[99.2805,3.38815],[99.28319,3.38905],[99.28409,3.38635]]],[[[99.27692,3.38635],[99.27692,3.38905],[99.27871,3.38995],[99.2805,3.38635],[99.27692,3.38635]]],[[[99.28767,3.39265],[99.29036,3.38905],[99.28946,3.38455],[99.28409,3.38815],[99.28767,3.39265]],[[99.28767,3.38635],[99.28856,3.38725],[99.28767,3.38725],[99.28767,3.38635]],[[99.28856,3.38725],[99.28946,3.38815],[99.28856,3.38815],[99.28856,3.38725]]],[[[99.30738,3.39444],[99.31275,3.39624],[99.31275,3.39264],[99.31006,3.39444],[99.30827,3.39084],[99.30469,3.39084],[99.30738,3.39444]],[[99.31096,3.39444],[99.31185,3.39534],[99.31096,3.39534],[99.31096,3.39444]]],[[[99.2393,3.39536],[99.23572,3.39266],[99.23572,3.39446],[99.2393,3.39536]]],[[[99.27961,3.39625],[99.27782,3.39355],[99.27692,3.39625],[99.27961,3.39625]]],[[[99.30469,3.39894],[99.30558,3.39354],[99.302,3.39264],[99.30379,3.39534],[99.29932,3.39985],[99.30469,3.39894]]],[[[99.29484,3.40255],[99.29305,3.39805],[99.29753,3.40075],[99.30111,3.39625],[99.29305,3.39715],[99.29304,3.39355],[99.28946,3.39445],[99.29036,3.39715],[99.28678,3.40345],[99.28946,3.40075],[99.29484,3.40255]]],[[[99.28051,3.40345],[99.28409,3.39715],[99.2814,3.40075],[99.27961,3.39985],[99.28051,3.39625],[99.27961,3.39625],[99.27961,3.39715],[99.27871,3.39715],[99.27871,3.39805],[99.27692,3.39805],[99.28051,3.40345]]],[[[99.27513,3.39895],[99.27424,3.40255],[99.27782,3.40255],[99.27872,3.40075],[99.27513,3.39895]]],[[[99.28678,3.40615],[99.28319,3.40345],[99.2832,3.40525],[99.28678,3.40615]]],[[[99.28588,3.40795],[99.2814,3.40615],[99.27603,3.40975],[99.27961,3.41065],[99.28051,3.40885],[99.2823,3.41155],[99.28588,3.40795]],[[99.28141,3.40975],[99.2823,3.40885],[99.2823,3.40975],[99.28141,3.40975]]],[[[99.27424,3.40975],[99.27245,3.40796],[99.27066,3.40976],[99.27424,3.40975]]],[[[99.23573,3.41517],[99.23931,3.41516],[99.23931,3.41336],[99.23393,3.41157],[99.23572,3.40436],[99.23304,3.40346],[99.23304,3.40797],[99.23035,3.40617],[99.22945,3.40797],[99.23125,3.40797],[99.23035,3.41067],[99.23304,3.41067],[99.23483,3.41697],[99.23662,3.41697],[99.23573,3.41517]],[[99.23214,3.40977],[99.23304,3.40887],[99.23304,3.40977],[99.23214,3.40977]]],[[[99.28768,3.40975],[99.28768,3.41335],[99.28947,3.41335],[99.29036,3.41065],[99.28768,3.40975]]],[[[99.29305,3.41155],[99.29753,3.41335],[99.29753,3.41155],[99.29305,3.41155]]],[[[99.27514,3.41516],[99.27603,3.40975],[99.27424,3.40975],[99.27424,3.41156],[99.27155,3.41156],[99.27334,3.41246],[99.27245,3.41516],[99.27514,3.41516]]],[[[99.2823,3.41425],[99.27693,3.41065],[99.27693,3.41515],[99.2823,3.41425]],[[99.27872,3.41245],[99.27961,3.41335],[99.27872,3.41335],[99.27872,3.41245]]],[[[99.29574,3.41515],[99.29663,3.41875],[99.29663,3.41605],[99.29932,3.41515],[99.29574,3.41515]]],[[[99.29484,3.41335],[99.29036,3.41335],[99.29126,3.41605],[99.28857,3.41695],[99.29305,3.42145],[99.29484,3.41695],[99.29216,3.41605],[99.29484,3.41335]],[[99.29305,3.41965],[99.29216,3.41875],[99.29305,3.41875],[99.29305,3.41965]]],[[[99.242,3.41786],[99.2402,3.41606],[99.24021,3.41967],[99.242,3.41786]]],[[[99.24558,3.41606],[99.242,3.41786],[99.242,3.42057],[99.24737,3.41786],[99.24558,3.41606]]],[[[99.30201,3.41965],[99.29843,3.41785],[99.29932,3.42145],[99.30201,3.41965]],[[99.29932,3.41875],[99.30022,3.41965],[99.29932,3.41965],[99.29932,3.41875]]],[[[99.23841,3.42147],[99.23125,3.41877],[99.23304,3.42417],[99.23752,3.42327],[99.23841,3.42147]]],[[[99.29664,3.42145],[99.29395,3.42055],[99.29574,3.42145],[99.29395,3.42325],[99.29485,3.42595],[99.29843,3.42415],[99.29664,3.42145]],[[99.29484,3.42325],[99.29574,3.42415],[99.29485,3.42415],[99.29484,3.42325]]],[[[99.2429,3.44757],[99.24738,3.44667],[99.25006,3.44397],[99.25006,3.43857],[99.25365,3.43676],[99.24916,3.42866],[99.2429,3.43497],[99.24379,3.43767],[99.24111,3.43677],[99.23573,3.44127],[99.23663,3.44397],[99.242,3.44397],[99.2429,3.44757]],[[99.242,3.44397],[99.2429,3.44217],[99.2429,3.44397],[99.242,3.44397]],[[99.24111,3.44127],[99.24021,3.44217],[99.24021,3.44127],[99.24111,3.44127]],[[99.24827,3.44037],[99.24558,3.43947],[99.24379,3.44127],[99.24558,3.43677],[99.24827,3.44037]],[[99.2429,3.43857],[99.242,3.43947],[99.242,3.43857],[99.2429,3.43857]]],[[[99.25365,3.44397],[99.25813,3.44396],[99.25633,3.44126],[99.25096,3.44307],[99.25007,3.44847],[99.25275,3.44937],[99.25365,3.44397]]],[[[99.23573,3.44487],[99.23932,3.44667],[99.23932,3.44487],[99.23573,3.44487]]],[[[99.25902,3.44396],[99.25813,3.44756],[99.25454,3.44667],[99.25454,3.44847],[99.26171,3.45026],[99.25902,3.44396]],[[99.25902,3.44846],[99.25992,3.44756],[99.25992,3.44846],[99.25902,3.44846]]],[[[99.2644,3.44666],[99.2635,3.45026],[99.26529,3.45026],[99.2644,3.44666]]],[[[99.24648,3.44847],[99.25007,3.44937],[99.24917,3.44757],[99.24648,3.44847]]],[[[99.24111,3.45657],[99.24201,3.45837],[99.23663,3.46017],[99.23574,3.46377],[99.22947,3.46647],[99.23036,3.46917],[99.23932,3.46197],[99.2438,3.46107],[99.2438,3.45657],[99.24111,3.45657]],[[99.23216,3.46737],[99.23126,3.46647],[99.23216,3.46647],[99.23216,3.46737]]],[[[99.23843,3.47637],[99.24022,3.47007],[99.24559,3.46827],[99.24649,3.46557],[99.25455,3.46557],[99.25455,3.46287],[99.25097,3.46287],[99.25096,3.46107],[99.25276,3.46107],[99.25365,3.45657],[99.25634,3.45747],[99.25544,3.45387],[99.2429,3.46197],[99.23932,3.46557],[99.24022,3.46737],[99.23484,3.46917],[99.23484,3.47187],[99.22947,3.47278],[99.23305,3.47457],[99.23305,3.47727],[99.23843,3.47637]],[[99.25365,3.46287],[99.25276,3.46377],[99.25276,3.46287],[99.25365,3.46287]],[[99.24022,3.46737],[99.24201,3.46917],[99.24022,3.46917],[99.24022,3.46737]],[[99.23753,3.46917],[99.23843,3.47007],[99.23753,3.47007],[99.23753,3.46917]],[[99.23574,3.47097],[99.23664,3.47187],[99.23574,3.47187],[99.23574,3.47097]],[[99.23664,3.47187],[99.23843,3.47277],[99.23664,3.47277],[99.23664,3.47187]],[[99.23305,3.47277],[99.23484,3.47457],[99.23395,3.47457],[99.23305,3.47277]],[[99.25007,3.46017],[99.24828,3.46107],[99.24828,3.46017],[99.25007,3.46017]]],[[[99.22947,3.48088],[99.23305,3.48088],[99.23216,3.47728],[99.23037,3.47818],[99.22947,3.48088]]],[[[99.23664,3.47727],[99.23395,3.48088],[99.23216,3.48358],[99.23574,3.48448],[99.23664,3.47727]]],[[[99.46785,0.98027],[99.4759,0.97756],[99.4759,0.98116],[99.47768,0.97936],[99.48305,0.98116],[99.48752,0.97756],[99.48573,0.97756],[99.48573,0.97396],[99.48394,0.97576],[99.48216,0.97396],[99.48305,0.97756],[99.47947,0.97666],[99.48037,0.97216],[99.48394,0.97126],[99.48215,0.96946],[99.47411,0.97486],[99.4759,0.97666],[99.47053,0.97666],[99.46785,0.98027]],[[99.48573,0.97756],[99.48394,0.97846],[99.48394,0.97756],[99.48573,0.97756]],[[99.47858,0.97486],[99.47679,0.97576],[99.47679,0.97486],[99.47858,0.97486]]],[[[99.48484,0.99827],[99.48931,0.99196],[99.48931,0.98746],[99.48126,0.98566],[99.48126,0.98296],[99.47947,0.98476],[99.47679,0.98296],[99.4759,0.98927],[99.47322,0.98927],[99.47411,0.99197],[99.4759,0.99107],[99.47411,0.99647],[99.47858,0.99737],[99.47769,0.99557],[99.47948,0.99557],[99.48484,0.99827]],[[99.48216,0.99647],[99.48395,0.99557],[99.48395,0.99647],[99.48216,0.99647]],[[99.48574,0.99557],[99.48484,0.99467],[99.48574,0.99376],[99.48574,0.99557]],[[99.48395,0.99377],[99.48216,0.98926],[99.48484,0.98746],[99.48573,0.99016],[99.48395,0.99377]],[[99.48573,0.99016],[99.48663,0.99106],[99.48573,0.99106],[99.48573,0.99016]],[[99.48663,0.99016],[99.48752,0.98926],[99.48752,0.99016],[99.48663,0.99016]],[[99.47948,0.99377],[99.48037,0.99467],[99.47948,0.99467],[99.47948,0.99377]],[[99.48126,0.99377],[99.48037,0.99107],[99.48216,0.99107],[99.48305,0.99287],[99.48126,0.99377]],[[99.47679,0.99197],[99.47769,0.99287],[99.47679,0.99287],[99.47679,0.99197]],[[99.47858,0.99107],[99.47948,0.99197],[99.47858,0.99197],[99.47858,0.99107]],[[99.48037,0.98836],[99.47947,0.98746],[99.48037,0.98746],[99.48037,0.98836]],[[99.48037,0.98746],[99.48216,0.98656],[99.48216,0.98746],[99.48037,0.98746]],[[99.48037,0.98656],[99.47858,0.98566],[99.48037,0.98566],[99.48037,0.98656]]],[[[99.47232,0.99107],[99.47411,0.99377],[99.47322,0.99107],[99.47232,0.99107]]],[[[99.48305,1.00007],[99.47769,1.00187],[99.47858,0.99917],[99.4759,0.99827],[99.47679,1.00277],[99.48216,1.00457],[99.48305,1.00007]]],[[[99.4759,1.00097],[99.47411,1.00277],[99.47411,1.00457],[99.4759,1.00457],[99.4759,1.00097]]],[[[99.47858,1.00637],[99.48127,1.00457],[99.47858,1.00367],[99.47858,1.00637]]],[[[99.4464,1.07208],[99.44729,1.06668],[99.44461,1.06758],[99.44729,1.07568],[99.44372,1.07478],[99.44372,1.08018],[99.44908,1.07658],[99.44819,1.07208],[99.4464,1.07208]]],[[[99.43567,1.07928],[99.43835,1.07748],[99.43567,1.07568],[99.43567,1.07928]]],[[[99.44282,1.08738],[99.44551,1.08738],[99.44551,1.08468],[99.44193,1.08468],[99.44282,1.08738]]],[[[99.41242,1.09819],[99.41421,1.10089],[99.4151,1.09549],[99.41242,1.09819]]],[[[99.42226,1.10539],[99.42584,1.10809],[99.42494,1.10449],[99.42852,1.10269],[99.42763,1.10809],[99.42941,1.10989],[99.43299,1.10809],[99.43299,1.10269],[99.4312,1.10449],[99.43031,1.10179],[99.43299,1.09639],[99.42583,1.09459],[99.42047,1.09909],[99.41779,1.09099],[99.416,1.09099],[99.416,1.09459],[99.41868,1.09639],[99.416,1.09909],[99.42047,1.10179],[99.41958,1.10629],[99.41779,1.10629],[99.41868,1.10989],[99.42137,1.10989],[99.42226,1.10539]],[[99.42852,1.10269],[99.42941,1.10179],[99.42941,1.10269],[99.42852,1.10269]],[[99.43031,1.10809],[99.42941,1.10629],[99.43031,1.10629],[99.43031,1.10809]],[[99.41689,1.09909],[99.41779,1.09819],[99.41779,1.09909],[99.41689,1.09909]],[[99.41779,1.09819],[99.41868,1.09729],[99.41868,1.09819],[99.41779,1.09819]],[[99.41868,1.10809],[99.41958,1.10719],[99.41958,1.10809],[99.41868,1.10809]],[[99.42226,1.10539],[99.42136,1.10359],[99.42226,1.10359],[99.42226,1.10539]],[[99.42315,1.10359],[99.42405,1.10449],[99.42315,1.10449],[99.42315,1.10359]],[[99.42584,1.09999],[99.42494,1.09909],[99.42584,1.09909],[99.42584,1.09999]],[[99.42584,1.09909],[99.42673,1.09819],[99.42673,1.09909],[99.42584,1.09909]],[[99.42673,1.09909],[99.42852,1.09999],[99.42673,1.09999],[99.42673,1.09909]],[[99.43031,1.09729],[99.4312,1.09819],[99.43031,1.09819],[99.43031,1.09729]]],[[[99.41421,1.11079],[99.41511,1.10899],[99.41242,1.11079],[99.41421,1.11079]]],[[[99.41511,1.11259],[99.41511,1.11619],[99.41689,1.11619],[99.416,1.11259],[99.41958,1.11259],[99.41779,1.10809],[99.41511,1.11259]]],[[[99.42137,1.11439],[99.42315,1.11259],[99.42315,1.10989],[99.42137,1.10989],[99.42137,1.11439]]],[[[99.42673,1.10989],[99.42405,1.11349],[99.42494,1.11709],[99.42763,1.11259],[99.42673,1.10989]]],[[[99.4312,1.11619],[99.42941,1.11259],[99.42763,1.11799],[99.4312,1.11619]]],[[[99.41868,1.11799],[99.42137,1.11709],[99.42047,1.11349],[99.41958,1.11349],[99.41868,1.11799]]],[[[99.42584,1.11799],[99.42405,1.12069],[99.42494,1.12069],[99.42584,1.11799]]],[[[99.36146,1.22962],[99.36057,1.23322],[99.36236,1.23412],[99.36415,1.23052],[99.36146,1.22962]]],[[[99.35789,1.23412],[99.36057,1.23592],[99.35968,1.23322],[99.35789,1.23412]]],[[[99.36326,1.24852],[99.36594,1.24492],[99.36325,1.24402],[99.36326,1.24852]]],[[[99.35611,1.29533],[99.36058,1.29623],[99.36058,1.29083],[99.36237,1.29083],[99.36058,1.28723],[99.35611,1.28993],[99.35611,1.29533]],[[99.35968,1.28903],[99.36058,1.28993],[99.35968,1.28993],[99.35968,1.28903]],[[99.35879,1.29443],[99.35968,1.29533],[99.35879,1.29533],[99.35879,1.29443]],[[99.3579,1.29173],[99.35879,1.29263],[99.3579,1.29263],[99.3579,1.29173]]],[[[99.3579,1.29803],[99.357,1.29623],[99.35521,1.29893],[99.35611,1.29803],[99.3579,1.29803]]],[[[99.36058,1.29803],[99.35611,1.29893],[99.35432,1.30253],[99.36058,1.30163],[99.36058,1.29803]],[[99.357,1.30163],[99.35879,1.29983],[99.3579,1.30163],[99.357,1.30163]]],[[[99.32838,1.31424],[99.33107,1.31604],[99.33017,1.31784],[99.33375,1.31784],[99.33733,1.31513],[99.33554,1.31243],[99.33912,1.31243],[99.33912,1.31063],[99.33464,1.31153],[99.33643,1.30973],[99.33375,1.30973],[99.33375,1.31243],[99.33107,1.31063],[99.32838,1.31424]],[[99.33554,1.31333],[99.33465,1.31423],[99.33465,1.31333],[99.33554,1.31333]],[[99.33286,1.31243],[99.33196,1.31333],[99.33196,1.31243],[99.33286,1.31243]],[[99.33286,1.31333],[99.33375,1.31423],[99.33286,1.31423],[99.33286,1.31333]],[[99.33286,1.31513],[99.33196,1.31603],[99.33196,1.31513],[99.33286,1.31513]]],[[[99.33017,1.31784],[99.32749,1.31874],[99.33107,1.31964],[99.33017,1.31784]]],[[[99.45944,2.95063],[99.45586,2.95063],[99.45676,2.95513],[99.45855,2.95423],[99.45944,2.95063]]],[[[99.47118,3.16305],[99.47565,3.15945],[99.47207,3.15405],[99.46938,3.15765],[99.47118,3.16305]],[[99.47117,3.15585],[99.47207,3.15675],[99.47117,3.15675],[99.47117,3.15585]],[[99.47296,3.15675],[99.47386,3.15765],[99.47296,3.15765],[99.47296,3.15675]]],[[[99.48106,3.24496],[99.47838,3.24316],[99.47748,3.24676],[99.48196,3.24766],[99.48106,3.24496]],[[99.47838,3.24406],[99.47927,3.24586],[99.47838,3.24586],[99.47838,3.24406]]],[[[99.37808,3.2567],[99.37898,3.2594],[99.38256,3.2594],[99.38256,3.2558],[99.38166,3.2576],[99.38077,3.2558],[99.37808,3.2567]]],[[[99.36913,3.2576],[99.36644,3.25851],[99.36734,3.26481],[99.37182,3.2639],[99.36913,3.2576]]],[[[99.37003,3.26841],[99.36734,3.26661],[99.36644,3.26481],[99.36644,3.26751],[99.37003,3.26841]]],[[[99.4157,3.27109],[99.4157,3.26749],[99.41391,3.26659],[99.41391,3.27109],[99.4157,3.27109]]],[[[99.38794,3.2684],[99.38794,3.2702],[99.39152,3.2693],[99.39152,3.2684],[99.38794,3.2684]]],[[[99.38794,3.2729],[99.38615,3.2693],[99.38704,3.2729],[99.38794,3.2729]]],[[[99.39242,3.2711],[99.39152,3.272],[99.39421,3.272],[99.39242,3.2711]]],[[[99.3763,3.2711],[99.37451,3.2729],[99.37451,3.2756],[99.37809,3.2747],[99.3763,3.2711]]],[[[99.41749,3.27289],[99.42018,3.27559],[99.41928,3.27199],[99.41749,3.27289]]],[[[99.39063,3.2837],[99.396,3.2828],[99.396,3.2801],[99.39869,3.2828],[99.39869,3.2801],[99.396,3.2792],[99.396,3.2729],[99.39331,3.2765],[99.39063,3.2738],[99.38704,3.2747],[99.39242,3.2819],[99.38615,3.2801],[99.38525,3.2711],[99.37898,3.2738],[99.37809,3.2774],[99.38167,3.2756],[99.38436,3.281],[99.39063,3.2837]],[[99.38884,3.2747],[99.38973,3.2756],[99.38884,3.2756],[99.38884,3.2747]],[[99.38167,3.2756],[99.38257,3.2738],[99.38257,3.2756],[99.38167,3.2756]],[[99.38257,3.2756],[99.38346,3.2765],[99.38257,3.2765],[99.38257,3.2756]],[[99.39152,3.2774],[99.39242,3.2783],[99.39152,3.2783],[99.39152,3.2774]]],[[[99.40944,3.28279],[99.40496,3.27829],[99.40227,3.28099],[99.40227,3.28279],[99.40496,3.28009],[99.40944,3.28279]]],[[[99.45063,3.28367],[99.44884,3.28728],[99.45243,3.28727],[99.45063,3.28367]]],[[[99.40496,3.29089],[99.40586,3.28819],[99.40317,3.28729],[99.40496,3.29089]]],[[[99.40049,3.3107],[99.39422,3.3116],[99.39422,3.3143],[99.39691,3.3152],[99.40049,3.3107]]],[[[99.39154,3.3206],[99.39512,3.3188],[99.39243,3.3179],[99.39154,3.3206]]],[[[99.38796,3.32781],[99.39065,3.3296],[99.39065,3.3251],[99.38796,3.32781]]],[[[99.41035,3.3296],[99.41483,3.3314],[99.41304,3.3278],[99.41035,3.3296]]],[[[99.39423,3.3332],[99.39244,3.33951],[99.39513,3.3395],[99.39423,3.3332]],[[99.39334,3.3368],[99.39423,3.3386],[99.39334,3.3386],[99.39334,3.3368]]],[[[99.40588,3.3395],[99.40857,3.3422],[99.40946,3.3395],[99.40588,3.3395]]],[[[99.39513,3.34671],[99.40051,3.3476],[99.4014,3.344],[99.39871,3.3431],[99.4005,3.3359],[99.39602,3.3341],[99.39782,3.344],[99.39513,3.34671]],[[99.39782,3.3458],[99.39692,3.3467],[99.39692,3.3458],[99.39782,3.3458]],[[99.39871,3.3368],[99.39782,3.3395],[99.39782,3.3368],[99.39871,3.3368]]],[[[99.39692,3.3431],[99.39334,3.34041],[99.39244,3.34401],[99.39692,3.3431]]],[[[99.5492,0.81733],[99.54652,0.81823],[99.54652,0.81913],[99.5492,0.81913],[99.5492,0.81733]]],[[[99.49467,0.92265],[99.49467,0.91905],[99.49198,0.91905],[99.49377,0.92085],[99.49198,0.92175],[99.49467,0.92265]]],[[[99.49557,0.97216],[99.49199,0.97486],[99.49557,0.97576],[99.49557,0.97216]]],[[[99.49378,0.98116],[99.48931,0.97936],[99.49021,0.98566],[99.49378,0.98476],[99.49378,0.98116]]],[[[99.49021,0.99916],[99.48752,0.99556],[99.48663,0.99917],[99.49021,0.99916]]],[[[99.49473,1.31151],[99.49473,1.31421],[99.49652,1.31151],[99.49473,1.31151]]],[[[99.49563,1.32321],[99.49652,1.32051],[99.49026,1.32141],[99.49026,1.32321],[99.49473,1.32231],[99.49563,1.32591],[99.5001,1.32591],[99.5001,1.32411],[99.49563,1.32321]],[[99.49563,1.32501],[99.49652,1.32411],[99.49652,1.32501],[99.49563,1.32501]]],[[[99.48631,2.96592],[99.47736,2.96412],[99.48631,2.97222],[99.48631,2.96592]]],[[[99.52751,2.99741],[99.52841,3.00641],[99.5293,2.9974],[99.52751,2.99741]]],[[[99.65289,3.05854],[99.65557,3.05854],[99.65557,3.05404],[99.6502,3.05494],[99.6502,3.05764],[99.64841,3.05495],[99.64483,3.05585],[99.64483,3.05855],[99.64841,3.05675],[99.64841,3.06035],[99.64573,3.06035],[99.64662,3.06395],[99.64931,3.05945],[99.6502,3.06124],[99.65468,3.06124],[99.65289,3.05854]],[[99.65199,3.05944],[99.6511,3.06034],[99.6511,3.05944],[99.65199,3.05944]]],[[[99.64125,3.07025],[99.64394,3.06935],[99.64215,3.06845],[99.64393,3.06035],[99.64035,3.05855],[99.64393,3.05855],[99.64393,3.05675],[99.64125,3.05585],[99.64214,3.05315],[99.64035,3.05495],[99.63856,3.05315],[99.63767,3.05855],[99.64125,3.06305],[99.64125,3.07025]],[[99.63856,3.05855],[99.63946,3.05675],[99.63946,3.05855],[99.63856,3.05855]]],[[[99.62872,3.06936],[99.63409,3.07026],[99.63409,3.07206],[99.63857,3.06935],[99.63587,3.05405],[99.63319,3.05405],[99.63319,3.06216],[99.62513,3.06216],[99.62693,3.06756],[99.62961,3.06756],[99.62872,3.06936]],[[99.63678,3.07025],[99.63588,3.06935],[99.63678,3.06935],[99.63678,3.07025]],[[99.63319,3.06216],[99.63409,3.06305],[99.63319,3.06306],[99.63319,3.06216]],[[99.63499,3.06755],[99.63588,3.06845],[99.63499,3.06845],[99.63499,3.06755]],[[99.63409,3.06575],[99.63499,3.06665],[99.63409,3.06665],[99.63409,3.06575]],[[99.6314,3.06486],[99.6323,3.06576],[99.6314,3.06576],[99.6314,3.06486]],[[99.62782,3.06396],[99.62872,3.06486],[99.62782,3.06486],[99.62782,3.06396]],[[99.63498,3.06035],[99.63588,3.06125],[99.63498,3.06125],[99.63498,3.06035]]],[[[99.56246,3.0667],[99.56515,3.06759],[99.56425,3.06939],[99.56604,3.06939],[99.56335,3.06399],[99.56246,3.0667]]],[[[99.55709,3.073],[99.56067,3.0721],[99.56157,3.0703],[99.55799,3.0703],[99.55709,3.073]]],[[[99.61798,3.07477],[99.61977,3.07746],[99.62156,3.07656],[99.61977,3.07116],[99.61798,3.07477]]],[[[99.61708,3.07477],[99.61439,3.07027],[99.60544,3.07027],[99.60813,3.07747],[99.61171,3.07747],[99.61261,3.08017],[99.61619,3.08107],[99.61708,3.07477]],[[99.61619,3.07657],[99.61261,3.07747],[99.61261,3.07477],[99.61619,3.07657]],[[99.60902,3.07567],[99.61082,3.07657],[99.60903,3.07657],[99.60902,3.07567]],[[99.6126,3.07117],[99.61171,3.07297],[99.61081,3.07297],[99.6126,3.07117]]],[[[99.56605,3.07479],[99.56873,3.07839],[99.56873,3.07389],[99.56605,3.07479]]],[[[99.64663,3.08015],[99.64484,3.07295],[99.64126,3.07385],[99.64394,3.07565],[99.64126,3.07835],[99.64484,3.07925],[99.64395,3.08285],[99.64663,3.08015]]],[[[99.60992,3.08197],[99.61171,3.08107],[99.61082,3.07837],[99.60903,3.07837],[99.60992,3.08197]]],[[[99.63947,3.08195],[99.64036,3.07925],[99.63768,3.07925],[99.63947,3.08195]]],[[[99.56605,3.07749],[99.56247,3.0802],[99.56874,3.08469],[99.56605,3.07749]]],[[[99.59739,3.08018],[99.59918,3.08198],[99.59918,3.08018],[99.59739,3.08018]]],[[[99.53919,3.08291],[99.54187,3.08111],[99.53919,3.07841],[99.53919,3.08291]]],[[[99.62246,3.08466],[99.61887,3.07746],[99.61888,3.08557],[99.62246,3.08466]],[[99.61977,3.08286],[99.62067,3.08376],[99.61977,3.08376],[99.61977,3.08286]]],[[[99.65111,3.08375],[99.65021,3.08105],[99.64753,3.08105],[99.65111,3.08375]]],[[[99.63321,3.08556],[99.63052,3.07926],[99.62604,3.08196],[99.62783,3.08466],[99.62515,3.08376],[99.62604,3.08826],[99.62694,3.08556],[99.63321,3.08556]],[[99.63052,3.08196],[99.63141,3.08286],[99.63052,3.08286],[99.63052,3.08196]]],[[[99.64037,3.08375],[99.64037,3.08825],[99.64127,3.08825],[99.64216,3.08375],[99.63858,3.08285],[99.63858,3.08465],[99.64037,3.08375]]],[[[99.63499,3.08106],[99.6341,3.08916],[99.63858,3.09005],[99.63947,3.08825],[99.63679,3.08826],[99.63768,3.08105],[99.63499,3.08106]]],[[[99.64306,3.08645],[99.64395,3.09005],[99.64753,3.09095],[99.64843,3.08915],[99.65201,3.09185],[99.65112,3.09095],[99.65201,3.08825],[99.64932,3.08645],[99.64306,3.08645]],[[99.64932,3.08735],[99.64843,3.08825],[99.64843,3.08735],[99.64932,3.08735]]],[[[99.56784,3.08739],[99.56337,3.091],[99.56785,3.0928],[99.56964,3.09009],[99.56784,3.08739]]],[[[99.6538,3.08914],[99.65201,3.09095],[99.6538,3.09185],[99.6538,3.08914]]],[[[99.57143,3.09459],[99.5777,3.10269],[99.5768,3.09999],[99.57949,3.10089],[99.5786,3.09999],[99.57949,3.09549],[99.58396,3.09369],[99.58396,3.08919],[99.58038,3.08829],[99.58038,3.08469],[99.57769,3.08379],[99.57501,3.08739],[99.5759,3.09009],[99.57143,3.09459]],[[99.57859,3.09819],[99.5777,3.09729],[99.57859,3.09729],[99.57859,3.09819]],[[99.5759,3.08919],[99.5768,3.08829],[99.5768,3.08919],[99.5759,3.08919]],[[99.5759,3.09009],[99.5768,3.09099],[99.5759,3.09099],[99.5759,3.09009]],[[99.5768,3.09099],[99.5777,3.09189],[99.5768,3.09189],[99.5768,3.09099]],[[99.57411,3.09279],[99.57501,3.09369],[99.57412,3.09369],[99.57411,3.09279]],[[99.57501,3.09369],[99.5768,3.09549],[99.57501,3.09549],[99.57501,3.09369]],[[99.5777,3.09279],[99.57859,3.09369],[99.5777,3.09369],[99.5777,3.09279]],[[99.57949,3.09279],[99.58038,3.09369],[99.57949,3.09369],[99.57949,3.09279]]],[[[99.58218,3.10089],[99.58128,3.09729],[99.58038,3.09729],[99.58039,3.10089],[99.58218,3.10089]]],[[[99.618,3.10627],[99.6171,3.10267],[99.61978,3.10087],[99.61889,3.09817],[99.61441,3.09817],[99.61262,3.09997],[99.61441,3.10087],[99.60994,3.10177],[99.61262,3.10357],[99.61262,3.10717],[99.61352,3.10447],[99.61621,3.10807],[99.62158,3.10717],[99.62158,3.10447],[99.62068,3.10627],[99.618,3.10627]],[[99.6171,3.10447],[99.6162,3.10357],[99.6171,3.10357],[99.6171,3.10447]],[[99.6162,3.10357],[99.61531,3.10177],[99.6162,3.10177],[99.6162,3.10357]]],[[[99.61889,3.10897],[99.61979,3.11167],[99.62158,3.10897],[99.61889,3.10897]]],[[[99.62427,3.11166],[99.62248,3.10987],[99.62069,3.11167],[99.62427,3.11166]]],[[[99.61621,3.11347],[99.61173,3.11077],[99.61173,3.10717],[99.60905,3.11347],[99.61263,3.11257],[99.61263,3.11527],[99.61621,3.11347]]],[[[99.5598,3.1126],[99.55622,3.109],[99.55353,3.1099],[99.55891,3.1162],[99.55801,3.1225],[99.55891,3.1234],[99.5616,3.1225],[99.5598,3.1126]],[[99.5598,3.1216],[99.55891,3.1198],[99.5598,3.1198],[99.5598,3.1216]]],[[[99.61532,3.11977],[99.6189,3.11707],[99.618,3.11077],[99.61621,3.10987],[99.61711,3.11347],[99.61621,3.11347],[99.61621,3.11437],[99.61531,3.11437],[99.61532,3.11527],[99.61711,3.11617],[99.61263,3.11797],[99.61443,3.12427],[99.61532,3.11977]],[[99.61442,3.11797],[99.61532,3.11887],[99.61442,3.11887],[99.61442,3.11797]]],[[[99.59473,3.12878],[99.59742,3.13328],[99.59831,3.12878],[99.59652,3.13058],[99.59473,3.12878]]],[[[99.5419,3.13061],[99.54548,3.13331],[99.5419,3.12881],[99.5419,3.13061]]],[[[99.61622,3.13057],[99.61353,3.12967],[99.61085,3.13598],[99.61353,3.13327],[99.61533,3.13327],[99.61622,3.13057]]],[[[99.5804,3.13329],[99.58399,3.13509],[99.58398,3.13059],[99.5804,3.13329]]],[[[99.55981,3.1333],[99.56071,3.1369],[99.5616,3.1342],[99.55981,3.1333]]],[[[99.61712,3.13327],[99.61354,3.13417],[99.61175,3.13867],[99.61622,3.13777],[99.61712,3.13327]]],[[[99.58937,3.14499],[99.59295,3.14499],[99.59115,3.13869],[99.58757,3.13869],[99.58668,3.14409],[99.59116,3.14769],[99.58937,3.14499]],[[99.59115,3.14229],[99.58936,3.14319],[99.58936,3.14229],[99.59115,3.14229]]],[[[99.59653,3.14498],[99.59832,3.14408],[99.59832,3.14138],[99.59653,3.14498]]],[[[99.6019,3.14498],[99.60011,3.14678],[99.6019,3.14678],[99.6019,3.14498]]],[[[99.58399,3.14319],[99.5831,3.14499],[99.58131,3.14319],[99.5822,3.14589],[99.58668,3.14679],[99.58758,3.14949],[99.58847,3.14679],[99.58399,3.14319]]],[[[99.58131,3.14949],[99.584,3.15129],[99.58399,3.14769],[99.58131,3.14949]]],[[[99.49989,3.27735],[99.4972,3.27825],[99.49989,3.27915],[99.49989,3.27735]]],[[[99.49183,3.28905],[99.49273,3.28635],[99.49004,3.28546],[99.48467,3.28816],[99.48556,3.29176],[99.49183,3.28905]]],[[[99.88098,1.03148],[99.87919,1.02879],[99.87651,1.02969],[99.87562,1.03509],[99.88098,1.03148]]],[[[99.88459,1.12689],[99.88459,1.13049],[99.88638,1.13049],[99.88816,1.12599],[99.88459,1.12689]]],[[[99.92845,1.27268],[99.93113,1.26458],[99.92666,1.26458],[99.92845,1.27268]]],[[[99.90431,1.27539],[99.90252,1.27179],[99.90341,1.27539],[99.90431,1.27539]]],[[[99.90073,1.28079],[99.90163,1.28529],[99.90431,1.28529],[99.90252,1.28439],[99.90431,1.28169],[99.90073,1.28079]]],[[[100.07972,1.58402],[100.08508,1.58132],[100.08598,1.58312],[100.08598,1.57952],[100.08419,1.57772],[100.08151,1.57772],[100.0824,1.58042],[100.08061,1.58042],[100.08061,1.57772],[100.07793,1.57772],[100.07793,1.57322],[100.06898,1.57503],[100.06988,1.58043],[100.07703,1.57952],[100.07972,1.58402]],[[100.08419,1.57862],[100.0833,1.58042],[100.08329,1.57862],[100.08419,1.57862]],[[100.07525,1.57952],[100.07435,1.57862],[100.07525,1.57862],[100.07525,1.57952]],[[100.07614,1.57592],[100.07524,1.57682],[100.07524,1.57592],[100.07614,1.57592]]],[[[100.06722,1.61733],[100.06901,1.61733],[100.06811,1.61283],[100.06721,1.61283],[100.06722,1.61733]]],[[[99.88664,1.80282],[99.88396,1.80012],[99.88396,1.80282],[99.88664,1.80282]]],[[[99.93597,2.04581],[99.93776,2.04311],[99.93507,2.04311],[99.93597,2.04581]]],[[[99.9315,2.04581],[99.93329,2.04851],[99.93866,2.05121],[99.93328,2.04311],[99.92971,2.04491],[99.92971,2.04941],[99.93597,2.05121],[99.9315,2.04851],[99.9315,2.04581]]],[[[99.92971,2.05031],[99.9315,2.05211],[99.9315,2.05031],[99.92971,2.05031]]],[[[99.809,2.16918],[99.81079,2.17188],[99.81258,2.16738],[99.81079,2.16738],[99.809,2.16918]]],[[[99.9343,2.25011],[99.93878,2.25101],[99.93878,2.24921],[99.93609,2.24921],[99.9343,2.25011]]],[[[99.95041,2.2546],[99.95131,2.2528],[99.95488,2.2519],[99.9513,2.251],[99.95041,2.2546]]],[[[99.87532,2.36626],[99.87622,2.36806],[99.87801,2.36805],[99.87801,2.36535],[99.87532,2.36626]]],[[[99.89143,2.37075],[99.89233,2.36625],[99.88875,2.36805],[99.88606,2.36625],[99.88428,2.37165],[99.89143,2.37075]]],[[[99.8977,2.37704],[99.89322,2.36895],[99.89322,2.37345],[99.89054,2.37615],[99.8977,2.37704]]],[[[99.89054,2.37255],[99.88428,2.37525],[99.88696,2.37525],[99.89054,2.37435],[99.89054,2.37255]]],[[[99.88696,2.37525],[99.88696,2.37795],[99.88965,2.37885],[99.88965,2.37525],[99.88696,2.37525]]],[[[99.92456,2.39413],[99.92635,2.39862],[99.92635,2.39412],[99.92456,2.39413]]],[[[99.71967,2.43835],[99.72325,2.44105],[99.72325,2.43835],[99.71967,2.43835]]],[[[99.83511,2.45719],[99.83869,2.45718],[99.84138,2.45268],[99.83601,2.45359],[99.83511,2.45719]],[[99.83959,2.45448],[99.83869,2.45358],[99.83959,2.45358],[99.83959,2.45448]]],[[[99.73847,2.46354],[99.74205,2.46354],[99.74205,2.46084],[99.73847,2.46354]]],[[[99.71703,2.52836],[99.71524,2.52566],[99.71435,2.52836],[99.71703,2.52836]]],[[[99.71345,2.52926],[99.70808,2.53017],[99.70898,2.53287],[99.71345,2.53106],[99.71345,2.52926]]],[[[99.67587,2.53468],[99.6705,2.53559],[99.6696,2.53829],[99.67676,2.53648],[99.67587,2.53468]]],[[[99.67676,2.53648],[99.67945,2.53828],[99.67945,2.53648],[99.67676,2.53648]]],[[[99.7582,2.53824],[99.75999,2.53644],[99.75641,2.53644],[99.7582,2.53824]]],[[[99.69198,2.53738],[99.69198,2.54008],[99.69466,2.54097],[99.69556,2.53737],[99.69198,2.53738]],[[99.69466,2.53917],[99.69377,2.53827],[99.69466,2.53827],[99.69466,2.53917]]],[[[99.67139,2.53919],[99.66602,2.53739],[99.66692,2.53919],[99.66334,2.53919],[99.66334,2.54099],[99.6714,2.54279],[99.67139,2.53919]]],[[[99.75999,2.54094],[99.75641,2.54004],[99.75552,2.54184],[99.75731,2.54094],[99.75999,2.54094]]],[[[99.67229,2.54189],[99.67408,2.54459],[99.67497,2.54098],[99.67229,2.54189]]],[[[99.69825,2.54817],[99.70093,2.54997],[99.69825,2.54637],[99.69825,2.54817]]],[[[99.70451,2.54907],[99.70004,2.55087],[99.70183,2.55447],[99.70631,2.55537],[99.70451,2.54907]]],[[[99.75035,2.86047],[99.75303,2.85686],[99.75034,2.85777],[99.75035,2.86047]]],[[[99.74767,2.87757],[99.7423,2.87577],[99.74141,2.87937],[99.74767,2.87757]]],[[[99.69407,3.04952],[99.69496,3.04682],[99.69138,3.04592],[99.69228,3.04862],[99.69407,3.04952]]],[[[99.68959,3.04862],[99.6869,3.04772],[99.6878,3.05132],[99.6887,3.05132],[99.68959,3.04862]]],[[[99.69765,3.04951],[99.69228,3.05132],[99.69228,3.05402],[99.68959,3.05492],[99.69318,3.05492],[99.69317,3.05312],[99.69765,3.05221],[99.69765,3.04951]]],[[[99.67258,3.05133],[99.67079,3.05133],[99.67258,3.04953],[99.66721,3.05133],[99.66273,3.04954],[99.65826,3.05224],[99.66363,3.05314],[99.66363,3.05494],[99.66721,3.05223],[99.66811,3.05583],[99.66542,3.05854],[99.66721,3.05853],[99.6699,3.05763],[99.67258,3.05493],[99.67258,3.05133]],[[99.6699,3.05673],[99.669,3.05583],[99.6699,3.05583],[99.6699,3.05673]]],[[[99.65558,3.06214],[99.65736,3.05944],[99.65647,3.05944],[99.65558,3.06214]]],[[[99.66453,3.06934],[99.66722,3.07024],[99.6708,3.06843],[99.66811,3.06663],[99.66453,3.06934]]],[[[99.66364,3.07474],[99.66185,3.07024],[99.66274,3.06754],[99.65916,3.06844],[99.66006,3.07564],[99.66364,3.07474]],[[99.66095,3.07294],[99.66185,3.07384],[99.66095,3.07384],[99.66095,3.07294]]],[[[99.65827,3.07744],[99.65737,3.07384],[99.65738,3.07744],[99.65827,3.07744]]],[[[99.65917,3.08374],[99.66365,3.08824],[99.66365,3.09364],[99.66007,3.09724],[99.65828,3.09544],[99.65828,3.09994],[99.6556,3.10084],[99.66187,3.10174],[99.66097,3.10534],[99.66277,3.10534],[99.66276,3.09994],[99.66814,3.10174],[99.66813,3.09904],[99.66545,3.09904],[99.66544,3.09544],[99.66903,3.09454],[99.66813,3.08734],[99.67081,3.08733],[99.66992,3.09094],[99.67261,3.09183],[99.67171,3.09453],[99.6735,3.09543],[99.67618,3.08193],[99.66991,3.08193],[99.66992,3.08463],[99.6726,3.08553],[99.66454,3.08734],[99.66812,3.08194],[99.66186,3.08284],[99.66006,3.08104],[99.66275,3.08464],[99.65917,3.08374]],[[99.66276,3.09994],[99.66097,3.09904],[99.66276,3.09904],[99.66276,3.09994]],[[99.67081,3.08733],[99.67171,3.08643],[99.67171,3.08733],[99.67081,3.08733]],[[99.6726,3.08463],[99.6735,3.08373],[99.6735,3.08463],[99.6726,3.08463]],[[99.66455,3.09454],[99.66365,3.09634],[99.66365,3.09454],[99.66455,3.09454]],[[99.66723,3.09184],[99.66634,3.09364],[99.66634,3.09184],[99.66723,3.09184]],[[99.6726,3.08913],[99.67171,3.09003],[99.67171,3.08913],[99.6726,3.08913]],[[99.66723,3.08824],[99.66634,3.08914],[99.66634,3.08824],[99.66723,3.08824]],[[99.6735,3.08733],[99.6726,3.08823],[99.6726,3.08733],[99.6735,3.08733]]],[[[99.66724,3.09814],[99.66903,3.09544],[99.66634,3.09544],[99.66724,3.09814]]],[[[99.6565,3.10354],[99.6565,3.10985],[99.6574,3.10984],[99.66008,3.10534],[99.65739,3.10624],[99.65829,3.10354],[99.6565,3.10354]]],[[[99.66546,3.11164],[99.66098,3.11074],[99.6583,3.11704],[99.66098,3.11614],[99.66188,3.11794],[99.66098,3.11434],[99.66546,3.11344],[99.66546,3.11164]]],[[[99.65562,3.12785],[99.65651,3.13145],[99.6592,3.12784],[99.65562,3.12785]]]]}},{"type":"Feature","properties":{"flood_val":1,"fase":"fase2","luas_m2":465926933.10590124,"luas_km2":465.92693310590124},"geometry":{"type":"MultiPolygon","coordinates":[[[[97.72426,0.58768],[97.72694,0.59128],[97.72873,0.59038],[97.72694,0.58678],[97.72426,0.58768]]],[[[97.72605,0.59218],[97.72337,0.59308],[97.72337,0.59488],[97.72605,0.59398],[97.72605,0.59218]]],[[[97.72605,0.59398],[97.72873,0.59668],[97.72873,0.59398],[97.72605,0.59398]]],[[[97.72068,0.60208],[97.72068,0.60748],[97.72515,0.60658],[97.72515,0.60298],[97.72068,0.60208]],[[97.72336,0.60388],[97.72247,0.60568],[97.72247,0.60388],[97.72336,0.60388]]],[[[97.88775,1.00081],[97.88507,1.00801],[97.88775,1.00801],[97.88775,1.00081]]],[[[97.85466,1.0125],[97.85288,1.0098],[97.85198,1.0125],[97.85466,1.0125]]],[[[97.47559,1.02854],[97.47648,1.03034],[97.48006,1.03034],[97.47917,1.02764],[97.47559,1.02854]]],[[[98.26291,2.09992],[98.2656,2.10352],[98.26381,2.09812],[98.26291,2.09992]]],[[[98.25844,2.10801],[98.25665,2.10441],[98.25665,2.10891],[98.25844,2.10801]]],[[[98.25753,2.13232],[98.25753,2.13772],[98.25842,2.13772],[98.26022,2.13142],[98.25753,2.13232]]],[[[98.25126,2.14401],[98.25037,2.14221],[98.24947,2.14401],[98.25126,2.14401]]],[[[98.25037,2.14851],[98.25484,2.14582],[98.25037,2.14581],[98.25037,2.14851]]],[[[98.20205,2.15299],[98.19579,2.15659],[98.19847,2.15839],[98.20026,2.15659],[98.20294,2.15839],[98.21368,2.1566],[98.21011,2.14849],[98.20474,2.15029],[98.20294,2.15479],[98.20205,2.15299]],[[98.20742,2.14939],[98.20921,2.15029],[98.20742,2.15029],[98.20742,2.14939]],[[98.20742,2.15119],[98.20563,2.15299],[98.20563,2.15119],[98.20742,2.15119]],[[98.20921,2.15119],[98.20831,2.15209],[98.20831,2.15119],[98.20921,2.15119]]],[[[98.18952,2.15838],[98.19399,2.16019],[98.19579,2.15659],[98.18952,2.15568],[98.18952,2.15838]]],[[[98.18325,2.16918],[98.18326,2.16558],[98.17699,2.16648],[98.17699,2.16738],[98.18325,2.16918]]],[[[98.19271,2.80642],[98.19271,2.80912],[98.19539,2.80913],[98.19539,2.80643],[98.19271,2.80642]]],[[[98.20345,2.80823],[98.20255,2.80643],[98.19897,2.80733],[98.19987,2.80463],[98.19808,2.80463],[98.19718,2.81003],[98.1945,2.81093],[98.19987,2.81183],[98.19987,2.80823],[98.20345,2.80823]]],[[[98.07431,3.10784],[98.07341,3.10514],[98.07341,3.10784],[98.07431,3.10784]]],[[[98.06266,3.11503],[98.05997,3.11593],[98.05997,3.12223],[98.06266,3.11953],[98.06087,3.11863],[98.06266,3.11503]]],[[[98.06264,3.13213],[98.06354,3.12763],[98.05996,3.12763],[98.06085,3.13393],[98.06622,3.13484],[98.06623,3.13124],[98.06264,3.13213]]],[[[98.05817,3.13483],[98.06085,3.13393],[98.05817,3.13303],[98.05817,3.13483]]],[[[98.05637,3.14023],[98.05816,3.13933],[98.05816,3.14113],[98.06085,3.14113],[98.05548,3.13753],[98.05637,3.14023]]],[[[98.03846,3.14111],[98.04114,3.14471],[98.04473,3.13932],[98.04115,3.13931],[98.03846,3.14111]]],[[[98.05368,3.14742],[98.05189,3.14742],[98.05368,3.14652],[98.05279,3.14382],[98.0492,3.14292],[98.05279,3.13752],[98.051,3.13662],[98.0501,3.13932],[98.04652,3.13932],[98.0492,3.14562],[98.04741,3.14922],[98.05009,3.14832],[98.05099,3.15012],[98.05368,3.14742]],[[98.0492,3.14652],[98.0501,3.14742],[98.0492,3.14742],[98.0492,3.14652]]],[[[98.04651,3.15282],[98.04473,3.14292],[98.04294,3.14291],[98.04204,3.14741],[98.04025,3.14561],[98.04024,3.15011],[98.04382,3.15462],[98.04651,3.15282]],[[98.04383,3.15102],[98.04293,3.15011],[98.04383,3.15012],[98.04383,3.15102]]],[[[98.03934,3.16091],[98.03934,3.16451],[98.04292,3.16451],[98.04382,3.15462],[98.03756,3.15101],[98.03218,3.1591],[98.03397,3.16091],[98.03576,3.15911],[98.03665,3.16361],[98.03934,3.16091]],[[98.04203,3.16001],[98.04113,3.15911],[98.04203,3.15911],[98.04203,3.16001]],[[98.04292,3.15821],[98.04203,3.15731],[98.04292,3.15731],[98.04292,3.15821]],[[98.03576,3.15551],[98.03666,3.15641],[98.03576,3.15641],[98.03576,3.15551]],[[98.03666,3.15641],[98.03755,3.15731],[98.03666,3.15731],[98.03666,3.15641]],[[98.04024,3.15731],[98.03845,3.15281],[98.04114,3.15371],[98.04024,3.15731]],[[98.03576,3.15911],[98.03755,3.15821],[98.03755,3.15911],[98.03576,3.15911]],[[98.03755,3.15911],[98.03844,3.16001],[98.03755,3.16001],[98.03755,3.15911]],[[98.03845,3.15911],[98.03934,3.15821],[98.03934,3.15911],[98.03845,3.15911]]],[[[98.00527,3.21308],[98.00705,3.21758],[98.00706,3.21308],[98.00527,3.21308]]],[[[97.97389,3.25265],[97.97567,3.25805],[97.97925,3.25805],[97.97568,3.25265],[97.97389,3.25265]],[[97.97567,3.25625],[97.97657,3.25535],[97.97657,3.25625],[97.97567,3.25625]]],[[[97.95865,3.26883],[97.96134,3.26703],[97.95955,3.26613],[97.95865,3.26883]]],[[[98.35501,3.7615],[98.3577,3.76061],[98.35501,3.7597],[98.35501,3.7615]]],[[[98.35322,3.7615],[98.35501,3.7633],[98.35501,3.7615],[98.35322,3.7615]]],[[[98.3335,3.76779],[98.33709,3.76599],[98.3344,3.76509],[98.3335,3.76779]]],[[[98.34604,3.7741],[98.34515,3.7669],[98.34246,3.7669],[98.34067,3.76959],[98.34335,3.7714],[98.33977,3.77319],[98.34515,3.7723],[98.34604,3.7741]]],[[[98.329,3.79479],[98.33348,3.80019],[98.33258,3.79659],[98.33438,3.79569],[98.329,3.79479]]],[[[98.33437,3.80469],[98.32989,3.79929],[98.32899,3.80109],[98.32362,3.80018],[98.32541,3.80468],[98.33437,3.80469]],[[98.3281,3.80109],[98.3272,3.80199],[98.3272,3.80109],[98.3281,3.80109]],[[98.32451,3.80198],[98.32541,3.80108],[98.32541,3.80198],[98.32451,3.80198]]],[[[98.33794,3.8182],[98.33436,3.81459],[98.33436,3.80919],[98.32809,3.81009],[98.32898,3.81639],[98.33167,3.81639],[98.33167,3.82269],[98.33794,3.8182]]],[[[98.34954,3.89021],[98.34416,3.89471],[98.34774,3.89471],[98.34954,3.89021]]],[[[98.34863,3.89741],[98.35043,3.89651],[98.34953,3.89381],[98.34774,3.89471],[98.34863,3.89741]]],[[[98.34953,3.89831],[98.34863,3.90101],[98.35311,3.89831],[98.34953,3.89831]]],[[[98.24916,3.90453],[98.25185,3.90093],[98.24916,3.90003],[98.24916,3.90453]]],[[[98.26348,3.92074],[98.26707,3.91984],[98.26707,3.91894],[98.26438,3.91804],[98.26348,3.92074]]],[[[98.35757,3.92532],[98.35758,3.91992],[98.35309,3.92531],[98.35757,3.92532]]],[[[98.26616,3.92794],[98.26796,3.92434],[98.26527,3.92434],[98.26616,3.92794]]],[[[98.27064,3.93335],[98.26975,3.92975],[98.26616,3.93064],[98.26706,3.93334],[98.27064,3.93335]]],[[[98.27422,3.93695],[98.27422,3.93515],[98.27064,3.93425],[98.27422,3.93875],[98.27781,3.93785],[98.27781,3.93605],[98.27422,3.93695]]],[[[98.26795,3.93874],[98.27153,3.93695],[98.26795,3.93694],[98.26795,3.93874]]],[[[98.24017,3.93962],[98.24465,3.93782],[98.24196,3.93692],[98.24017,3.93962]]],[[[98.26526,3.93874],[98.26257,3.94054],[98.26526,3.94054],[98.26526,3.93874]]],[[[98.25898,3.94324],[98.26257,3.94234],[98.26257,3.94054],[98.25898,3.94324]]],[[[98.26256,3.94954],[98.26704,3.94864],[98.26973,3.95045],[98.26794,3.94684],[98.26167,3.94774],[98.26256,3.94954]]],[[[98.30736,3.96128],[98.30825,3.96398],[98.31094,3.96308],[98.31005,3.96038],[98.30736,3.96128]]],[[[98.30108,3.96307],[98.30378,3.95858],[98.2966,3.96217],[98.30018,3.97027],[98.30556,3.97118],[98.30646,3.96758],[98.31004,3.97118],[98.31004,3.96578],[98.30736,3.96488],[98.30646,3.96128],[98.30377,3.96488],[98.30108,3.96307]],[[98.30825,3.96578],[98.30735,3.96758],[98.30736,3.96578],[98.30825,3.96578]]],[[[98.29839,3.97297],[98.2966,3.97297],[98.29659,3.97657],[98.29928,3.97747],[98.29839,3.97297]]],[[[98.28046,3.98106],[98.27777,3.98016],[98.27777,3.98196],[98.28583,3.98196],[98.28225,3.97746],[98.28046,3.97746],[98.28046,3.98106]]],[[[98.33243,3.9856],[98.33065,3.9802],[98.32795,3.9856],[98.33243,3.9856]],[[98.33064,3.9829],[98.33154,3.9838],[98.33064,3.9838],[98.33064,3.9829]]],[[[98.27865,3.99276],[98.27865,3.99726],[98.27955,3.99726],[98.28224,3.99276],[98.27865,3.99276]]],[[[98.30644,3.99458],[98.30733,3.99998],[98.30912,3.99638],[98.30644,3.99458]]],[[[98.28761,3.99906],[98.28223,3.99816],[98.28402,4.00086],[98.28134,4.00086],[98.28044,3.99636],[98.28044,4.00176],[98.27775,3.99996],[98.27596,4.00265],[98.27775,4.00536],[98.28133,4.00536],[98.28133,4.00356],[98.28671,4.00536],[98.28582,4.00266],[98.2894,4.00267],[98.28941,3.99637],[98.28761,3.99906]],[[98.27954,4.00446],[98.28044,4.00356],[98.28044,4.00446],[98.27954,4.00446]],[[98.27954,4.00356],[98.27865,4.00266],[98.27954,4.00266],[98.27954,4.00356]],[[98.28492,4.00266],[98.28313,4.00356],[98.28313,4.00266],[98.28492,4.00266]]],[[[98.31001,4.00358],[98.3127,4.00449],[98.3145,4.00089],[98.31002,4.00088],[98.31001,4.00358]]],[[[98.3288,4.0405],[98.33149,4.0432],[98.33508,4.04231],[98.33506,4.05671],[98.33686,4.05671],[98.34045,4.04951],[98.34941,4.04952],[98.3539,4.04412],[98.35121,4.04142],[98.34942,4.04232],[98.34763,4.03872],[98.35122,4.03062],[98.35838,4.03873],[98.35748,4.04233],[98.36018,4.03873],[98.35928,4.03603],[98.36287,4.03693],[98.36555,4.04143],[98.36645,4.03513],[98.37272,4.03784],[98.37183,4.03964],[98.37631,4.03874],[98.37631,4.03514],[98.37362,4.03424],[98.37452,4.03064],[98.37094,4.02613],[98.36646,4.02883],[98.36646,4.02433],[98.36288,4.02253],[98.36019,4.02523],[98.3584,4.02252],[98.36109,4.01893],[98.35929,4.02073],[98.35392,4.02072],[98.3584,4.01982],[98.3584,4.01082],[98.35392,4.01172],[98.35392,4.00902],[98.35661,4.00902],[98.35482,4.00542],[98.35214,4.00542],[98.35214,4.00182],[98.34676,4.00181],[98.35303,4.00092],[98.35394,3.99552],[98.35931,3.99552],[98.36021,3.99102],[98.35842,3.99012],[98.36111,3.99012],[98.36111,3.98652],[98.35842,3.98562],[98.36201,3.98563],[98.35932,3.98112],[98.36201,3.98022],[98.36471,3.96853],[98.36113,3.96762],[98.36023,3.97302],[98.35485,3.97212],[98.34409,3.97841],[98.34229,3.98291],[98.33602,3.9865],[98.33691,3.98831],[98.33871,3.98651],[98.3387,3.99101],[98.33512,3.9919],[98.33691,3.99371],[98.33063,3.9955],[98.33242,3.9991],[98.33063,3.9991],[98.32973,4.0036],[98.33332,4.0036],[98.33152,4.0063],[98.33331,4.0081],[98.32883,4.0054],[98.32793,4.0108],[98.33241,4.0108],[98.3351,4.01711],[98.34137,4.01711],[98.33689,4.01891],[98.33599,4.02341],[98.33151,4.0207],[98.33151,4.0153],[98.32882,4.0171],[98.32972,4.0144],[98.32435,4.0117],[98.32525,4.0081],[98.31718,4.00269],[98.31719,4.00089],[98.32346,4.0027],[98.32166,4.00449],[98.32615,4.0027],[98.32525,4.0054],[98.32704,4.0054],[98.32705,3.9964],[98.32257,3.99729],[98.32256,3.99909],[98.31719,3.99729],[98.31629,4.00269],[98.3118,4.00719],[98.30911,4.00628],[98.30911,4.00808],[98.31359,4.01169],[98.31628,4.00989],[98.31628,4.01169],[98.32076,4.01259],[98.32165,4.01799],[98.32613,4.0189],[98.32792,4.0243],[98.32523,4.0225],[98.32523,4.0243],[98.32613,4.0261],[98.32882,4.0252],[98.32791,4.0324],[98.3297,4.0351],[98.3324,4.0324],[98.33777,4.03511],[98.34136,4.03241],[98.34404,4.03691],[98.34046,4.03871],[98.34673,4.03782],[98.34583,4.04142],[98.34225,4.04231],[98.33777,4.03781],[98.33597,4.04051],[98.33777,4.04231],[98.33418,4.04141],[98.33508,4.03781],[98.3288,4.0405]],[[98.34852,4.04142],[98.34673,4.04232],[98.34673,4.04142],[98.34852,4.04142]],[[98.37273,4.02974],[98.37183,4.03064],[98.37183,4.02974],[98.37273,4.02974]],[[98.36646,4.02883],[98.36556,4.02973],[98.36556,4.02883],[98.36646,4.02883]],[[98.36556,4.02973],[98.36377,4.03153],[98.36466,4.02973],[98.36556,4.02973]],[[98.36556,4.03153],[98.36645,4.03243],[98.36556,4.03243],[98.36556,4.03153]],[[98.36377,4.02883],[98.36108,4.02973],[98.36018,4.02703],[98.36377,4.02883]],[[98.35213,4.00812],[98.34944,4.00722],[98.34945,4.00542],[98.35214,4.00542],[98.35213,4.00812]],[[98.35842,3.98652],[98.35663,3.98922],[98.35484,3.98652],[98.35842,3.98652]],[[98.33153,4.0009],[98.33242,4.0018],[98.33152,4.0018],[98.33153,4.0009]],[[98.32793,4.0144],[98.32703,4.0153],[98.32703,4.0144],[98.32793,4.0144]],[[98.3109,4.00899],[98.3118,4.00809],[98.3118,4.00899],[98.3109,4.00899]],[[98.32613,4.0189],[98.32703,4.0171],[98.32703,4.0189],[98.32613,4.0189]],[[98.32703,4.0171],[98.32793,4.0162],[98.32793,4.0171],[98.32703,4.0171]],[[98.33777,4.04231],[98.33866,4.04501],[98.33776,4.04501],[98.33777,4.04231]],[[98.33329,4.04051],[98.33239,4.04141],[98.33239,4.04051],[98.33329,4.04051]],[[98.34763,4.03422],[98.34673,4.03512],[98.34673,4.03422],[98.34763,4.03422]],[[98.34763,4.03242],[98.34674,4.03332],[98.34674,4.03242],[98.34763,4.03242]],[[98.34136,4.02971],[98.33957,4.03061],[98.33957,4.02971],[98.34136,4.02971]],[[98.35929,4.02613],[98.3566,4.02702],[98.35302,4.02252],[98.35839,4.02342],[98.35929,4.02613]],[[98.35302,4.02252],[98.35212,4.02162],[98.35302,4.02162],[98.35302,4.02252]],[[98.35302,4.02072],[98.35033,4.01982],[98.35302,4.01892],[98.35302,4.02072]],[[98.34854,4.01982],[98.34854,4.01532],[98.35302,4.01712],[98.35033,4.01982],[98.34854,4.01982]],[[98.35033,4.01532],[98.35213,4.01442],[98.35213,4.01532],[98.35033,4.01532]],[[98.3342,4.02341],[98.3333,4.0261],[98.3333,4.0234],[98.3342,4.02341]],[[98.33599,4.02431],[98.33509,4.02611],[98.33509,4.02431],[98.33599,4.02431]],[[98.34226,4.02071],[98.34316,4.02341],[98.34047,4.02521],[98.33868,4.02071],[98.34226,4.02071]],[[98.34316,4.02071],[98.34406,4.01981],[98.34406,4.02071],[98.34316,4.02071]],[[98.34585,4.01801],[98.34495,4.01891],[98.34496,4.01801],[98.34585,4.01801]],[[98.34496,4.01531],[98.34227,4.01711],[98.34137,4.01531],[98.34496,4.01531]],[[98.34137,4.01531],[98.34048,4.01441],[98.34137,4.01441],[98.34137,4.01531]],[[98.35661,4.01622],[98.35392,4.01712],[98.35392,4.01622],[98.35661,4.01622]],[[98.34675,4.01262],[98.34765,4.01172],[98.34765,4.01262],[98.34675,4.01262]],[[98.35123,4.01172],[98.34586,4.01081],[98.34586,4.00901],[98.35123,4.01172]],[[98.34496,4.01081],[98.34317,4.01171],[98.34317,4.01081],[98.34496,4.01081]],[[98.31449,4.00719],[98.31359,4.00809],[98.31359,4.00719],[98.31449,4.00719]],[[98.34855,4.00722],[98.34407,4.00811],[98.34407,4.00721],[98.34855,4.00722]],[[98.34587,3.99821],[98.34139,3.99911],[98.34139,3.99821],[98.34587,3.99821]],[[98.33511,3.9955],[98.33422,3.9982],[98.33422,3.9955],[98.33511,3.9955]],[[98.33332,3.9964],[98.33242,3.9973],[98.33242,3.9964],[98.33332,3.9964]],[[98.34856,3.99732],[98.34587,3.99641],[98.34587,3.99551],[98.34856,3.99552],[98.34856,3.99732]],[[98.34677,3.99371],[98.34497,3.99461],[98.34497,3.99371],[98.34677,3.99371]],[[98.34946,3.99282],[98.34766,3.99371],[98.34766,3.99281],[98.34946,3.99282]],[[98.35483,3.99372],[98.35125,3.99372],[98.35125,3.99282],[98.35483,3.99192],[98.35483,3.99372]],[[98.34856,3.98921],[98.35035,3.99012],[98.35035,3.99192],[98.34766,3.99191],[98.34856,3.98921]],[[98.35215,3.99012],[98.35125,3.99102],[98.35125,3.99012],[98.35215,3.99012]],[[98.35394,3.99102],[98.35663,3.99012],[98.35663,3.99102],[98.35394,3.99102]],[[98.35036,3.98742],[98.34946,3.98832],[98.34946,3.98742],[98.35036,3.98742]],[[98.34409,3.98471],[98.34319,3.98651],[98.34319,3.98471],[98.34409,3.98471]],[[98.34588,3.98561],[98.34498,3.98651],[98.34498,3.98561],[98.34588,3.98561]],[[98.35305,3.98472],[98.35036,3.98562],[98.35036,3.98472],[98.35305,3.98472]],[[98.34498,3.98201],[98.34409,3.98291],[98.34409,3.98201],[98.34498,3.98201]],[[98.35126,3.98112],[98.35036,3.98292],[98.35036,3.98112],[98.35126,3.98112]],[[98.35753,3.98112],[98.35663,3.98202],[98.35664,3.98112],[98.35753,3.98112]],[[98.35843,3.97932],[98.35753,3.98022],[98.35753,3.97932],[98.35843,3.97932]],[[98.35036,3.97932],[98.35126,3.97842],[98.35126,3.97932],[98.35036,3.97932]],[[98.35126,3.97842],[98.35216,3.97572],[98.35216,3.97842],[98.35126,3.97842]],[[98.36112,3.97662],[98.36022,3.97842],[98.36022,3.97662],[98.36112,3.97662]],[[98.35395,3.97662],[98.35305,3.97752],[98.35305,3.97662],[98.35395,3.97662]],[[98.35843,3.97392],[98.35754,3.97662],[98.35754,3.97392],[98.35843,3.97392]]],[[[98.18453,4.01427],[98.18632,4.01877],[98.18901,4.01877],[98.18453,4.01427]]],[[[98.31269,4.01349],[98.30283,4.01618],[98.30014,4.02338],[98.30283,4.02338],[98.30373,4.01978],[98.30372,4.02428],[98.30641,4.02428],[98.30731,4.01978],[98.3109,4.01889],[98.31179,4.02069],[98.31448,4.01799],[98.31448,4.01529],[98.31269,4.01349]],[[98.31359,4.01529],[98.31269,4.01619],[98.31269,4.01529],[98.31359,4.01529]],[[98.31269,4.01619],[98.3109,4.01799],[98.3109,4.01619],[98.31269,4.01619]],[[98.31179,4.01799],[98.31269,4.01889],[98.31179,4.01889],[98.31179,4.01799]],[[98.30642,4.01888],[98.30552,4.01978],[98.30552,4.01888],[98.30642,4.01888]]],[[[98.24905,4.02333],[98.25174,4.02603],[98.25174,4.02243],[98.24905,4.02333]]],[[[98.19706,4.03228],[98.19796,4.03048],[98.19437,4.02958],[98.19437,4.03318],[98.19706,4.03228]],[[98.19706,4.03228],[98.19616,4.03138],[98.19706,4.03138],[98.19706,4.03228]]],[[[98.18093,4.03407],[98.18362,4.03047],[98.18003,4.02956],[98.18093,4.03137],[98.18093,4.03407]]],[[[98.12625,4.03581],[98.12626,4.03311],[98.12446,4.03311],[98.12356,4.03671],[98.12625,4.03581]]],[[[98.19615,4.04848],[98.19884,4.04488],[98.19795,4.04218],[98.19436,4.04398],[98.19615,4.04848]]],[[[98.34762,4.05222],[98.34583,4.04952],[98.34314,4.05131],[98.34403,4.05312],[98.34224,4.05131],[98.33955,4.05311],[98.34492,4.05672],[98.34672,4.05312],[98.34941,4.05312],[98.34941,4.05132],[98.34762,4.05222]]],[[[98.34582,4.05942],[98.34851,4.05762],[98.34492,4.05672],[98.34582,4.05942]]],[[[98.33775,4.06301],[98.33865,4.05851],[98.33686,4.05851],[98.33685,4.06121],[98.33775,4.06301]]],[[[98.35299,4.06392],[98.35388,4.06032],[98.3494,4.06032],[98.35119,4.06302],[98.35299,4.06392]]],[[[98.3494,4.06212],[98.3485,4.06572],[98.3503,4.06482],[98.3494,4.06212]]],[[[98.26156,4.06654],[98.25976,4.06924],[98.26066,4.06924],[98.26156,4.06654]]],[[[98.14056,4.06822],[98.14414,4.06733],[98.14146,4.06643],[98.14056,4.06822]]],[[[98.26335,4.07105],[98.26604,4.07105],[98.26604,4.06925],[98.26425,4.06925],[98.26335,4.07105]]],[[[98.33595,4.07201],[98.33953,4.07201],[98.33954,4.06841],[98.33685,4.06841],[98.33595,4.07201]]],[[[98.25976,4.07014],[98.26066,4.07464],[98.26693,4.07735],[98.26603,4.07375],[98.26335,4.07285],[98.26245,4.06925],[98.25976,4.07014]]],[[[98.26693,4.07555],[98.26872,4.07735],[98.27051,4.07735],[98.26962,4.07195],[98.26783,4.07195],[98.26693,4.07555]]],[[[98.25437,4.08184],[98.25617,4.07914],[98.25258,4.08004],[98.25437,4.08184]]],[[[98.2965,4.08278],[98.29561,4.08008],[98.29292,4.08097],[98.29291,4.08367],[98.2965,4.08278]],[[98.29471,4.08278],[98.29381,4.08187],[98.29471,4.08188],[98.29471,4.08278]]],[[[98.26603,4.08095],[98.26244,4.08275],[98.26603,4.08275],[98.26603,4.08095]]],[[[98.25527,4.08454],[98.25886,4.08274],[98.25617,4.08184],[98.25527,4.08454]]],[[[98.2965,4.08098],[98.2974,4.08368],[98.2956,4.08638],[98.29919,4.08458],[98.30008,4.08728],[98.30009,4.08008],[98.2965,4.08098]]],[[[98.25526,4.09534],[98.25794,4.10164],[98.26421,4.10615],[98.26959,4.10435],[98.27318,4.10616],[98.27676,4.10346],[98.27766,4.10526],[98.28393,4.10527],[98.28931,4.10077],[98.29111,4.09447],[98.28842,4.09627],[98.28842,4.09357],[98.28394,4.09447],[98.28305,4.09177],[98.28036,4.09176],[98.28395,4.08547],[98.27768,4.08546],[98.27768,4.08096],[98.27947,4.08096],[98.27768,4.07826],[98.26961,4.07915],[98.2732,4.08276],[98.26692,4.08275],[98.26602,4.08635],[98.26064,4.08724],[98.25526,4.09534]],[[98.26959,4.10435],[98.27049,4.10345],[98.27049,4.10435],[98.26959,4.10435]],[[98.27768,4.08096],[98.27678,4.08006],[98.27768,4.08006],[98.27768,4.08096]],[[98.27678,4.08276],[98.27678,4.08546],[98.2732,4.08366],[98.2732,4.08276],[98.27678,4.08276]],[[98.27499,4.08456],[98.27409,4.08546],[98.27409,4.08456],[98.27499,4.08456]],[[98.26244,4.08725],[98.26333,4.08815],[98.26244,4.08815],[98.26244,4.08725]],[[98.25885,4.09264],[98.25974,4.09354],[98.25885,4.09354],[98.25885,4.09264]],[[98.28573,4.10077],[98.28483,4.10257],[98.28483,4.10077],[98.28573,4.10077]],[[98.2687,4.09895],[98.26691,4.10075],[98.26691,4.09895],[98.2687,4.09895]],[[98.27497,4.09986],[98.27408,4.09896],[98.27497,4.09896],[98.27497,4.09986]],[[98.27408,4.09896],[98.27318,4.09806],[98.27408,4.09806],[98.27408,4.09896]],[[98.28573,4.09897],[98.28483,4.09987],[98.28483,4.09897],[98.28573,4.09897]],[[98.26512,4.09805],[98.26422,4.09895],[98.26422,4.09805],[98.26512,4.09805]],[[98.2696,4.09625],[98.26781,4.09715],[98.26781,4.09625],[98.2696,4.09625]],[[98.27767,4.09626],[98.27587,4.09716],[98.27587,4.09626],[98.27767,4.09626]],[[98.28125,4.09626],[98.28035,4.09716],[98.28036,4.09626],[98.28125,4.09626]],[[98.25884,4.09444],[98.25795,4.09624],[98.25795,4.09444],[98.25884,4.09444]],[[98.27588,4.08996],[98.27767,4.09176],[98.27767,4.09536],[98.27587,4.09536],[98.27588,4.08996]],[[98.27767,4.09176],[98.27946,4.08996],[98.27857,4.09176],[98.27767,4.09176]],[[98.27946,4.08996],[98.28036,4.08906],[98.28036,4.08996],[98.27946,4.08996]],[[98.28215,4.09356],[98.28125,4.09536],[98.28125,4.09356],[98.28215,4.09356]],[[98.2714,4.09266],[98.2696,4.09445],[98.2696,4.09265],[98.2714,4.09266]],[[98.27319,4.09176],[98.27229,4.09266],[98.27229,4.09176],[98.27319,4.09176]],[[98.26781,4.09085],[98.26782,4.08635],[98.2705,4.08635],[98.26781,4.09085]],[[98.26782,4.08635],[98.26692,4.08545],[98.26782,4.08545],[98.26782,4.08635]],[[98.26333,4.08905],[98.26243,4.08995],[98.26244,4.08905],[98.26333,4.08905]],[[98.27588,4.08636],[98.27498,4.08906],[98.27499,4.08636],[98.27588,4.08636]],[[98.27767,4.08726],[98.27678,4.08906],[98.27678,4.08726],[98.27767,4.08726]],[[98.26692,4.08725],[98.26602,4.08815],[98.26602,4.08725],[98.26692,4.08725]]],[[[98.2938,4.09358],[98.29739,4.09358],[98.29649,4.08998],[98.29919,4.08818],[98.2956,4.08728],[98.2965,4.08908],[98.29201,4.09177],[98.2929,4.09897],[98.29559,4.09718],[98.2938,4.09358]]],[[[98.24898,4.09803],[98.24002,4.09713],[98.23643,4.10072],[98.24808,4.09983],[98.24898,4.09803]]],[[[98.28931,4.10167],[98.2929,4.10527],[98.2929,4.09897],[98.28931,4.10167]]],[[[98.24705,4.24204],[98.24526,4.23934],[98.24618,4.21324],[98.24977,4.20874],[98.25068,4.20244],[98.2435,4.20963],[98.24529,4.21324],[98.24349,4.21323],[98.24439,4.21773],[98.2408,4.21953],[98.24259,4.22223],[98.23272,4.23212],[98.23451,4.23393],[98.22912,4.24022],[98.23181,4.24292],[98.22912,4.24292],[98.22553,4.24832],[98.22553,4.25282],[98.23449,4.25553],[98.24345,4.25464],[98.24705,4.24204]],[[98.2327,4.25102],[98.2318,4.24922],[98.2327,4.24922],[98.2327,4.25102]],[[98.2354,4.24203],[98.2345,4.24113],[98.2354,4.24113],[98.2354,4.24203]],[[98.24347,4.23393],[98.24258,4.23303],[98.24347,4.23303],[98.24347,4.23393]],[[98.24079,4.23123],[98.24168,4.23033],[98.24168,4.23123],[98.24079,4.23123]],[[98.24079,4.23033],[98.239,4.22943],[98.24079,4.22943],[98.24079,4.23033]],[[98.24079,4.22763],[98.2399,4.22673],[98.24079,4.22673],[98.24079,4.22763]],[[98.24258,4.22673],[98.24348,4.22763],[98.24258,4.22763],[98.24258,4.22673]],[[98.24348,4.22673],[98.24438,4.22584],[98.24438,4.22674],[98.24348,4.22673]],[[98.24528,4.21954],[98.24439,4.21863],[98.24528,4.21864],[98.24528,4.21954]]],[[[98.22373,4.25822],[98.22372,4.26092],[98.22821,4.25822],[98.2291,4.26092],[98.22911,4.25732],[98.22373,4.25822]]],[[[98.24074,4.27713],[98.24253,4.27984],[98.24612,4.27984],[98.24074,4.27713]]],[[[98.24611,4.28434],[98.24611,4.28794],[98.2479,4.28794],[98.2497,4.28254],[98.24611,4.28434]]],[[[98.40609,2.01897],[98.4052,2.01537],[98.40251,2.01537],[98.40162,2.02347],[98.40341,2.02347],[98.40251,2.02077],[98.4052,2.02077],[98.4043,2.01807],[98.40609,2.01897]]],[[[98.40788,2.01987],[98.40877,2.02167],[98.41146,2.02167],[98.41057,2.01807],[98.40788,2.01987]]],[[[98.40609,2.02077],[98.40609,2.02347],[98.40788,2.02347],[98.40877,2.02167],[98.40609,2.02077]]],[[[98.40609,2.03157],[98.40608,2.03877],[98.4034,2.03967],[98.40519,2.04327],[98.40787,2.03967],[98.40698,2.03607],[98.41056,2.03427],[98.40788,2.03247],[98.41593,2.03067],[98.41504,2.02527],[98.41951,2.02347],[98.41772,2.01807],[98.4213,2.01267],[98.41504,2.01267],[98.41325,2.01717],[98.41504,2.01897],[98.41056,2.02347],[98.41146,2.02617],[98.41325,2.02437],[98.41414,2.02617],[98.41235,2.03067],[98.40877,2.02977],[98.41146,2.02887],[98.40877,2.02617],[98.40609,2.02707],[98.40788,2.03067],[98.40251,2.02977],[98.40251,2.03337],[98.40609,2.03157]],[[98.40788,2.03247],[98.40698,2.03157],[98.40788,2.03157],[98.40788,2.03247]],[[98.41504,2.01447],[98.41593,2.01537],[98.41504,2.01537],[98.41504,2.01447]],[[98.41414,2.02257],[98.41504,2.02077],[98.41683,2.02077],[98.41683,2.02347],[98.41414,2.02257]],[[98.41772,2.01627],[98.41683,2.01717],[98.41683,2.01627],[98.41772,2.01627]],[[98.41772,2.01447],[98.41683,2.01537],[98.41683,2.01447],[98.41772,2.01447]]],[[[98.37119,2.03516],[98.36672,2.03245],[98.36851,2.03606],[98.36672,2.03876],[98.37119,2.03516]]],[[[98.40072,2.03517],[98.40072,2.03877],[98.4034,2.03517],[98.40072,2.03517]]],[[[98.40161,2.04057],[98.4034,2.03877],[98.40161,2.03787],[98.40161,2.04057]]],[[[98.37298,2.03876],[98.37656,2.04866],[98.38103,2.05226],[98.38282,2.05046],[98.38461,2.05226],[98.38371,2.04776],[98.38193,2.04776],[98.38372,2.04596],[98.37835,2.04326],[98.37925,2.03786],[98.37746,2.03516],[98.37298,2.03876]],[[98.38192,2.05046],[98.38014,2.04956],[98.38192,2.04956],[98.38192,2.05046]],[[98.37835,2.03786],[98.37746,2.03876],[98.37746,2.03786],[98.37835,2.03786]],[[98.38103,2.04686],[98.38014,2.04596],[98.38103,2.04596],[98.38103,2.04686]],[[98.37924,2.04596],[98.37835,2.04506],[98.37924,2.04506],[98.37924,2.04596]]],[[[98.47523,3.49606],[98.47791,3.49966],[98.47881,3.49966],[98.47881,3.49606],[98.47523,3.49606]]],[[[98.47522,3.50236],[98.47791,3.49966],[98.47523,3.49876],[98.47522,3.50236]]],[[[98.4797,3.50686],[98.48239,3.50236],[98.4806,3.50236],[98.4797,3.50686]]],[[[98.4134,3.52753],[98.41519,3.52843],[98.41699,3.52483],[98.4143,3.52483],[98.4134,3.52753]]],[[[98.41429,3.54373],[98.41608,3.54643],[98.41608,3.54373],[98.41429,3.54373]]],[[[98.4116,3.54913],[98.41428,3.54823],[98.41428,3.54643],[98.4116,3.54913]]],[[[98.49037,3.64908],[98.49306,3.65268],[98.49306,3.64998],[98.49037,3.64908]]],[[[98.49305,3.66529],[98.49126,3.66258],[98.48946,3.66798],[98.49036,3.66798],[98.49305,3.66529]]],[[[98.49394,3.67069],[98.49842,3.66529],[98.49664,3.66079],[98.49305,3.66619],[98.49394,3.67069]],[[98.49574,3.66349],[98.49663,3.66439],[98.49574,3.66439],[98.49574,3.66349]],[[98.49484,3.66799],[98.49394,3.66709],[98.49484,3.66709],[98.49484,3.66799]]],[[[98.49573,3.68419],[98.49752,3.68869],[98.5002,3.68779],[98.49841,3.68509],[98.49573,3.68419]]],[[[98.42939,3.74535],[98.4267,3.74445],[98.42849,3.74985],[98.42938,3.74986],[98.42939,3.74535]]],[[[98.43297,3.74626],[98.43386,3.75076],[98.43566,3.74716],[98.43297,3.74626]]],[[[98.4258,3.75255],[98.42132,3.75255],[98.42042,3.75615],[98.4258,3.75615],[98.4258,3.75255]],[[98.42132,3.75345],[98.42221,3.75435],[98.42132,3.75435],[98.42132,3.75345]],[[98.42401,3.75345],[98.42311,3.75435],[98.42311,3.75345],[98.42401,3.75345]]],[[[98.36128,3.76781],[98.36575,3.77051],[98.36038,3.76691],[98.36038,3.76331],[98.36487,3.76151],[98.36128,3.76151],[98.36308,3.75881],[98.3586,3.75521],[98.36129,3.74711],[98.35861,3.74441],[98.35591,3.7579],[98.3577,3.75701],[98.35859,3.76331],[98.35501,3.7633],[98.35411,3.7669],[98.3559,3.77051],[98.36128,3.76781]],[[98.35859,3.76421],[98.35769,3.76511],[98.3577,3.76421],[98.35859,3.76421]]],[[[98.43475,3.77146],[98.43475,3.76786],[98.43206,3.76786],[98.43117,3.76516],[98.43116,3.76876],[98.43475,3.77146]]],[[[98.48045,3.76879],[98.48044,3.77059],[98.48492,3.77059],[98.48493,3.76789],[98.48045,3.76879]]],[[[98.49299,3.7715],[98.4912,3.7715],[98.4894,3.77059],[98.49119,3.7742],[98.49299,3.7715]]],[[[98.44998,3.76877],[98.44729,3.76967],[98.44819,3.77327],[98.4446,3.77417],[98.4446,3.77687],[98.44908,3.77777],[98.44998,3.76877]]],[[[98.49836,3.7778],[98.49926,3.7751],[98.49657,3.7751],[98.49836,3.776],[98.49836,3.7778]]],[[[98.45266,3.77957],[98.45625,3.78138],[98.45804,3.77868],[98.45625,3.77687],[98.45266,3.77957]]],[[[98.48492,3.78319],[98.48492,3.77959],[98.48313,3.77959],[98.48133,3.78499],[98.48492,3.78319]]],[[[98.45893,3.78228],[98.45625,3.78138],[98.45893,3.78498],[98.45893,3.78228]]],[[[98.44638,3.78947],[98.44907,3.78767],[98.44728,3.78767],[98.44638,3.78947]]],[[[98.44638,3.79127],[98.44191,3.78677],[98.4419,3.79037],[98.43832,3.78856],[98.43653,3.79216],[98.44638,3.79127]]],[[[98.43384,3.79126],[98.43653,3.79036],[98.43563,3.78766],[98.43205,3.78856],[98.43384,3.79126]]],[[[98.49387,3.7904],[98.49746,3.7922],[98.49925,3.7922],[98.49925,3.7886],[98.49477,3.7886],[98.49387,3.7904]]],[[[98.46072,3.79218],[98.45893,3.78858],[98.45624,3.78948],[98.45713,3.79308],[98.46072,3.79218]]],[[[98.46609,3.79308],[98.45982,3.79578],[98.4643,3.79668],[98.46609,3.79308]]],[[[98.49387,3.7976],[98.49297,3.8012],[98.49566,3.803],[98.50014,3.8012],[98.49925,3.7985],[98.49387,3.7976]],[[98.49476,3.7994],[98.49387,3.8003],[98.49387,3.7994],[98.49476,3.7994]]],[[[98.45712,3.81828],[98.45443,3.82008],[98.45532,3.82368],[98.46249,3.82458],[98.46339,3.82188],[98.4607,3.82098],[98.46339,3.82008],[98.4625,3.81648],[98.45622,3.81468],[98.45802,3.80658],[98.46071,3.80568],[98.45713,3.80478],[98.45712,3.80748],[98.45264,3.80838],[98.45444,3.79758],[98.45265,3.80027],[98.44548,3.79937],[98.44458,3.80297],[98.44279,3.80297],[98.44459,3.79847],[98.43831,3.79666],[98.43921,3.79217],[98.43652,3.79396],[98.43473,3.79216],[98.43473,3.79576],[98.43384,3.79306],[98.43115,3.79396],[98.43204,3.79756],[98.43652,3.79756],[98.43294,3.80026],[98.4419,3.80207],[98.44279,3.80837],[98.44906,3.81017],[98.45175,3.80747],[98.44816,3.81557],[98.45443,3.81558],[98.45712,3.81828]],[[98.43473,3.79576],[98.43563,3.79666],[98.43473,3.79666],[98.43473,3.79576]],[[98.43921,3.80027],[98.44011,3.79937],[98.4401,3.80027],[98.43921,3.80027]],[[98.45085,3.80747],[98.44996,3.80657],[98.45085,3.80657],[98.45085,3.80747]],[[98.45085,3.81197],[98.45264,3.81288],[98.45085,3.81287],[98.45085,3.81197]],[[98.45802,3.81648],[98.45712,3.81738],[98.45712,3.81648],[98.45802,3.81648]],[[98.45354,3.81378],[98.45264,3.81468],[98.45264,3.81378],[98.45354,3.81378]],[[98.44548,3.80477],[98.44368,3.80657],[98.44458,3.80477],[98.44548,3.80477]],[[98.44906,3.80387],[98.45086,3.80117],[98.45175,3.80297],[98.44906,3.80387]],[[98.43742,3.79936],[98.43652,3.80026],[98.43652,3.79936],[98.43742,3.79936]],[[98.43831,3.79757],[98.43742,3.79846],[98.43742,3.79756],[98.43831,3.79757]]],[[[98.4392,3.81467],[98.4401,3.80747],[98.43472,3.80926],[98.4392,3.81467]],[[98.4383,3.81197],[98.4392,3.81017],[98.4392,3.81197],[98.4383,3.81197]]],[[[98.36035,3.81281],[98.36034,3.81641],[98.36214,3.81641],[98.36214,3.81281],[98.36035,3.81281]]],[[[98.44816,3.81737],[98.44636,3.81917],[98.44816,3.81917],[98.44816,3.81737]]],[[[98.44905,3.81827],[98.45085,3.81918],[98.45443,3.81918],[98.44816,3.81647],[98.44816,3.81737],[98.44905,3.81827]]],[[[98.3693,3.82902],[98.37109,3.83082],[98.37288,3.82722],[98.37109,3.82272],[98.37379,3.81192],[98.37289,3.81462],[98.3702,3.81372],[98.37199,3.81732],[98.3693,3.81732],[98.3693,3.82902]],[[98.3702,3.81912],[98.3711,3.81822],[98.3711,3.81912],[98.3702,3.81912]]],[[[98.4374,3.81917],[98.4374,3.82457],[98.4383,3.82457],[98.44009,3.81827],[98.4374,3.81917]]],[[[98.36213,3.82001],[98.36034,3.82271],[98.36303,3.82541],[98.36482,3.82092],[98.36213,3.82001]],[[98.36303,3.82271],[98.36213,3.82181],[98.36303,3.82181],[98.36303,3.82271]]],[[[98.37109,3.83082],[98.37108,3.83442],[98.3675,3.83442],[98.3675,3.83622],[98.37466,3.84432],[98.37377,3.84072],[98.37646,3.83803],[98.37109,3.83082]]],[[[98.3881,3.85063],[98.39079,3.84704],[98.389,3.84614],[98.38901,3.83443],[98.38005,3.83443],[98.38093,3.84343],[98.38452,3.84703],[98.38362,3.85153],[98.38631,3.85063],[98.38541,3.84883],[98.3881,3.85063]]],[[[98.40871,3.84525],[98.40513,3.84525],[98.40244,3.84524],[98.40244,3.84704],[98.40871,3.84705],[98.40871,3.84525]]],[[[98.37645,3.84613],[98.37376,3.85062],[98.37735,3.85063],[98.37645,3.84613]]],[[[98.41408,3.85155],[98.39975,3.85064],[98.40692,3.85155],[98.40871,3.85425],[98.41587,3.85425],[98.41408,3.85155]]],[[[98.42394,3.85336],[98.42394,3.85156],[98.41767,3.85156],[98.41856,3.85336],[98.42394,3.85336]]],[[[98.37824,3.85333],[98.37645,3.85243],[98.37824,3.85603],[98.37824,3.85333]]],[[[98.39975,3.85244],[98.3881,3.85063],[98.38899,3.85334],[98.39795,3.85874],[98.4087,3.85785],[98.40781,3.85425],[98.40333,3.85425],[98.40243,3.85785],[98.39885,3.85784],[98.39975,3.85244]],[[98.39885,3.85694],[98.39795,3.85604],[98.39885,3.85604],[98.39885,3.85694]],[[98.39795,3.85604],[98.39706,3.85514],[98.39795,3.85514],[98.39795,3.85604]]],[[[98.38003,3.85693],[98.37824,3.85783],[98.38003,3.85963],[98.38003,3.85693]]],[[[98.41229,3.86055],[98.41677,3.85966],[98.41677,3.85786],[98.41318,3.85875],[98.41229,3.86055]]],[[[98.4096,3.85605],[98.40959,3.86595],[98.41228,3.86595],[98.41318,3.86325],[98.41049,3.86325],[98.41229,3.85875],[98.4105,3.85785],[98.41498,3.85605],[98.4096,3.85605]]],[[[98.41049,3.86685],[98.41318,3.86955],[98.41318,3.86685],[98.41049,3.86685]]],[[[98.48397,3.8678],[98.48128,3.8696],[98.48397,3.8687],[98.48397,3.8678]]],[[[98.49293,3.87231],[98.49024,3.8759],[98.49472,3.87861],[98.49741,3.87321],[98.49293,3.87231]]],[[[98.4983,3.87681],[98.49741,3.87411],[98.49741,3.87681],[98.4983,3.87681]]],[[[98.45439,3.87858],[98.45887,3.87949],[98.45529,3.87588],[98.45439,3.87858]]],[[[98.3612,3.87492],[98.3603,3.87762],[98.36388,3.88122],[98.36478,3.87582],[98.3612,3.87492]],[[98.36299,3.87672],[98.36209,3.87762],[98.36209,3.87672],[98.36299,3.87672]]],[[[98.48755,3.875],[98.48217,3.8768],[98.48576,3.8777],[98.48396,3.8786],[98.48486,3.8813],[98.48755,3.875]]],[[[98.41675,3.89026],[98.41406,3.89116],[98.41406,3.89296],[98.41764,3.89296],[98.41675,3.89026]]],[[[98.45885,3.91999],[98.45885,3.91639],[98.45616,3.91639],[98.45616,3.91999],[98.45885,3.91999]]],[[[98.46154,3.91549],[98.45974,3.92089],[98.46153,3.92269],[98.46243,3.91999],[98.46154,3.91549]]],[[[98.36206,3.92082],[98.36475,3.91992],[98.36206,3.91722],[98.36206,3.92082]]],[[[98.43823,3.91998],[98.43734,3.92358],[98.43823,3.92358],[98.43823,3.91998]]],[[[98.45974,3.92539],[98.46064,3.92269],[98.45705,3.92359],[98.45705,3.92449],[98.45974,3.92539]]],[[[98.43823,3.92358],[98.44002,3.92628],[98.43913,3.92358],[98.43823,3.92358]]],[[[98.38177,3.92624],[98.38535,3.92714],[98.38446,3.92264],[98.38088,3.92354],[98.38177,3.92624]]],[[[98.47407,3.9326],[98.47139,3.929],[98.4678,3.9308],[98.46512,3.92539],[98.46153,3.92539],[98.46421,3.93439],[98.4669,3.9335],[98.4678,3.9317],[98.47407,3.9326]],[[98.46332,3.92719],[98.46422,3.92629],[98.46422,3.92719],[98.46332,3.92719]],[[98.4669,3.9326],[98.46601,3.93169],[98.4669,3.9317],[98.4669,3.9326]],[[98.46601,3.93079],[98.46422,3.92989],[98.46601,3.92989],[98.46601,3.93079]]],[[[98.46601,3.9353],[98.46242,3.93529],[98.46242,3.93709],[98.4669,3.938],[98.46601,3.9353]]],[[[98.44449,3.94158],[98.44539,3.93438],[98.4436,3.93618],[98.44181,3.93258],[98.44091,3.93618],[98.43822,3.93528],[98.44001,3.93798],[98.43464,3.93797],[98.44001,3.94338],[98.4427,3.94248],[98.4418,3.94068],[98.44449,3.94158]],[[98.43912,3.94158],[98.44001,3.94068],[98.44001,3.94158],[98.43912,3.94158]]],[[[98.48841,3.94071],[98.4893,3.94341],[98.49199,3.94161],[98.48841,3.94071]]],[[[98.48213,3.94971],[98.48482,3.94791],[98.48303,3.94611],[98.48213,3.94971]]],[[[98.44179,3.96048],[98.44807,3.95418],[98.44986,3.95599],[98.45345,3.95329],[98.45345,3.94969],[98.45166,3.95239],[98.45166,3.94609],[98.45076,3.94879],[98.44718,3.94878],[98.44807,3.94608],[98.44449,3.94428],[98.4409,3.94608],[98.4409,3.94968],[98.43642,3.94968],[98.43732,3.95238],[98.43283,3.95327],[98.43283,3.95507],[98.4409,3.95508],[98.44538,3.95058],[98.44448,3.95508],[98.4409,3.95598],[98.44179,3.96048]],[[98.44807,3.95238],[98.44717,3.95328],[98.44717,3.95238],[98.44807,3.95238]],[[98.4418,3.95148],[98.43821,3.95238],[98.43821,3.95058],[98.4418,3.95148]],[[98.44807,3.94968],[98.44718,3.95058],[98.44718,3.94968],[98.44807,3.94968]]],[[[98.39699,3.94965],[98.39698,3.95595],[98.39788,3.95595],[98.39878,3.94965],[98.39699,3.94965]]],[[[98.48392,3.95691],[98.4884,3.95961],[98.4884,3.95691],[98.48392,3.95691]]],[[[98.36382,3.96673],[98.37009,3.96763],[98.37009,3.96583],[98.36382,3.96673]]],[[[98.36199,4.00453],[98.35931,4.00272],[98.35931,4.00452],[98.36199,4.00453]]],[[[98.5021,3.49337],[98.50389,3.49517],[98.50568,3.49338],[98.5021,3.49337]]],[[[98.50388,3.52488],[98.50119,3.53118],[98.50477,3.53118],[98.50388,3.52488]]],[[[98.57016,3.53031],[98.57285,3.52941],[98.57016,3.52851],[98.57016,3.53031]]],[[[98.57464,3.53211],[98.57554,3.52941],[98.57375,3.52941],[98.57464,3.53031],[98.57464,3.53211]]],[[[98.58538,3.54562],[98.58359,3.54292],[98.58359,3.54742],[98.58538,3.54562]]],[[[98.58179,3.57442],[98.57731,3.57982],[98.58268,3.58342],[98.58447,3.58072],[98.58089,3.57892],[98.58179,3.57442]],[[98.57999,3.57802],[98.5791,3.57892],[98.5791,3.57802],[98.57999,3.57802]]],[[[98.54504,3.61851],[98.54414,3.61131],[98.53698,3.614],[98.54056,3.62121],[98.54504,3.61851]],[[98.54145,3.61761],[98.54056,3.61671],[98.54145,3.61671],[98.54145,3.61761]]],[[[98.52622,3.623],[98.52443,3.6212],[98.52353,3.623],[98.52622,3.623]]],[[[98.52622,3.6257],[98.53159,3.6275],[98.52801,3.6212],[98.52622,3.6257]]],[[[98.55399,3.62481],[98.5513,3.62481],[98.54862,3.61941],[98.54504,3.62031],[98.54592,3.63381],[98.5504,3.63291],[98.5513,3.63471],[98.55489,3.62932],[98.55399,3.62481]],[[98.5513,3.63201],[98.55041,3.63111],[98.5513,3.63111],[98.5513,3.63201]],[[98.54861,3.63021],[98.54772,3.63111],[98.54772,3.63021],[98.54861,3.63021]],[[98.5513,3.63021],[98.5522,3.62931],[98.5522,3.63021],[98.5513,3.63021]],[[98.55041,3.62931],[98.54951,3.62751],[98.5513,3.62571],[98.5522,3.62751],[98.55041,3.62931]],[[98.5522,3.62931],[98.55309,3.62841],[98.55309,3.62931],[98.5522,3.62931]],[[98.54772,3.62841],[98.54682,3.62931],[98.54682,3.62841],[98.54772,3.62841]],[[98.54951,3.62571],[98.54862,3.62661],[98.54862,3.62571],[98.54951,3.62571]]],[[[98.53607,3.62391],[98.53607,3.62841],[98.53876,3.63021],[98.53876,3.62571],[98.53607,3.62391]]],[[[98.5289,3.6311],[98.5289,3.6329],[98.53069,3.6329],[98.5298,3.6275],[98.52622,3.6275],[98.52711,3.632],[98.5289,3.6311]]],[[[98.55936,3.64012],[98.55757,3.63652],[98.55399,3.63742],[98.55398,3.64102],[98.55667,3.64102],[98.55577,3.64372],[98.55757,3.64462],[98.55936,3.64012]],[[98.55667,3.64192],[98.55757,3.64282],[98.55667,3.64282],[98.55667,3.64192]]],[[[98.5728,3.64193],[98.56653,3.64192],[98.56921,3.64462],[98.5728,3.64373],[98.5728,3.64193]]],[[[98.56831,3.64822],[98.56652,3.64462],[98.55846,3.64462],[98.56294,3.64822],[98.56831,3.64822]],[[98.56204,3.64642],[98.56294,3.64552],[98.56294,3.64642],[98.56204,3.64642]]],[[[98.51544,3.6788],[98.51186,3.6797],[98.51185,3.6815],[98.51454,3.6815],[98.51544,3.6788]]],[[[98.4993,3.69949],[98.50109,3.70129],[98.50378,3.7013],[98.50199,3.69859],[98.4993,3.69949]]],[[[98.55843,3.71213],[98.55664,3.71483],[98.55843,3.71573],[98.55843,3.71213]]],[[[98.56649,3.71573],[98.56559,3.71933],[98.56918,3.72023],[98.56918,3.71663],[98.56649,3.71573]]],[[[98.55663,3.71933],[98.55395,3.71932],[98.55305,3.71572],[98.54857,3.71662],[98.55036,3.72382],[98.55484,3.72383],[98.55663,3.71933]]],[[[98.58531,3.71754],[98.58441,3.72114],[98.58441,3.72384],[98.58709,3.72294],[98.58889,3.71754],[98.58531,3.71754]]],[[[98.56917,3.72743],[98.57276,3.72563],[98.56917,3.72383],[98.56917,3.72743]]],[[[98.57185,3.75174],[98.56916,3.75354],[98.57364,3.75714],[98.58439,3.75444],[98.58171,3.75174],[98.57633,3.75174],[98.57274,3.75444],[98.57364,3.74904],[98.57633,3.75084],[98.57902,3.74364],[98.57992,3.74724],[98.58171,3.74544],[98.58439,3.74904],[98.59067,3.74815],[98.58977,3.74544],[98.59246,3.74275],[98.58888,3.74184],[98.59246,3.74185],[98.59246,3.74005],[98.59157,3.74095],[98.58888,3.74004],[98.59067,3.73464],[98.59515,3.73195],[98.59516,3.72745],[98.58978,3.72924],[98.58799,3.72744],[98.59247,3.72564],[98.59337,3.72204],[98.58799,3.72114],[98.58709,3.72564],[98.58441,3.72654],[98.5844,3.73374],[98.58171,3.73194],[98.58351,3.73104],[98.58351,3.71934],[98.57993,3.72024],[98.58172,3.72474],[98.57903,3.72924],[98.57724,3.72744],[98.57275,3.73194],[98.56917,3.72833],[98.56738,3.72923],[98.56827,3.73373],[98.56648,3.73373],[98.56648,3.72743],[98.56828,3.72653],[98.56649,3.72653],[98.56559,3.72023],[98.5647,3.72293],[98.5629,3.72023],[98.56111,3.72113],[98.56201,3.72563],[98.55215,3.72652],[98.55573,3.73013],[98.55842,3.73013],[98.55932,3.72743],[98.562,3.72833],[98.55932,3.73103],[98.56379,3.73733],[98.562,3.73913],[98.56558,3.73823],[98.56379,3.74273],[98.56737,3.74363],[98.56648,3.74633],[98.57185,3.75174]],[[98.58888,3.74274],[98.58798,3.74454],[98.58798,3.74274],[98.58888,3.74274]],[[98.5862,3.72654],[98.58709,3.72744],[98.5862,3.72744],[98.5862,3.72654]],[[98.57544,3.73104],[98.57634,3.73194],[98.57544,3.73194],[98.57544,3.73104]],[[98.56648,3.73373],[98.56558,3.73733],[98.56559,3.73373],[98.56648,3.73373]],[[98.56737,3.74273],[98.56917,3.74273],[98.56916,3.74453],[98.56827,3.74453],[98.56737,3.74273]],[[98.57454,3.74634],[98.57275,3.74814],[98.57275,3.74634],[98.57454,3.74634]],[[98.58619,3.74634],[98.58529,3.74724],[98.58529,3.74634],[98.58619,3.74634]],[[98.58261,3.74274],[98.58081,3.74454],[98.58081,3.74274],[98.58261,3.74274]],[[98.57096,3.74274],[98.57006,3.74183],[98.57096,3.74184],[98.57096,3.74274]],[[98.57006,3.74183],[98.56917,3.74093],[98.57006,3.74093],[98.57006,3.74183]],[[98.57633,3.74094],[98.57544,3.74184],[98.57544,3.74094],[98.57633,3.74094]],[[98.56827,3.74003],[98.56737,3.74093],[98.56737,3.74003],[98.56827,3.74003]],[[98.57634,3.73914],[98.57903,3.73464],[98.58082,3.73554],[98.57992,3.73824],[98.5835,3.73824],[98.58082,3.73914],[98.58171,3.74094],[98.57634,3.73914]],[[98.58351,3.73464],[98.5853,3.73644],[98.5844,3.73824],[98.5835,3.73824],[98.58351,3.73464]],[[98.58709,3.73824],[98.58709,3.74094],[98.58619,3.74094],[98.5844,3.73824],[98.58709,3.73824]],[[98.56917,3.73823],[98.56827,3.73913],[98.56827,3.73823],[98.56917,3.73823]],[[98.57275,3.73824],[98.57186,3.73914],[98.57186,3.73824],[98.57275,3.73824]],[[98.58798,3.73644],[98.58709,3.73734],[98.58709,3.73644],[98.58798,3.73644]],[[98.57723,3.73554],[98.57634,3.73644],[98.57634,3.73554],[98.57723,3.73554]],[[98.57275,3.73284],[98.57455,3.73284],[98.57544,3.73554],[98.57365,3.73554],[98.57275,3.73284]],[[98.58799,3.73104],[98.58709,3.73194],[98.58709,3.73104],[98.58799,3.73104]],[[98.58262,3.72114],[98.58172,3.72204],[98.58172,3.72114],[98.58262,3.72114]]],[[[98.55573,3.73913],[98.55752,3.74273],[98.56289,3.74183],[98.55573,3.73913]]],[[[98.55751,3.76433],[98.5602,3.76073],[98.55841,3.75623],[98.56378,3.75713],[98.56289,3.74993],[98.5602,3.74993],[98.5602,3.74813],[98.56379,3.74903],[98.56379,3.74543],[98.562,3.74633],[98.55931,3.74363],[98.55572,3.74633],[98.55662,3.74363],[98.55573,3.74183],[98.55483,3.74723],[98.55303,3.74723],[98.55393,3.74363],[98.55125,3.74273],[98.55035,3.74453],[98.55035,3.73822],[98.54766,3.73552],[98.54766,3.73912],[98.54408,3.73732],[98.54408,3.73912],[98.54766,3.74272],[98.54766,3.75172],[98.54049,3.74992],[98.5387,3.75262],[98.54318,3.75262],[98.54407,3.75622],[98.54676,3.75532],[98.54676,3.75262],[98.55213,3.75713],[98.55482,3.75533],[98.55661,3.75803],[98.55482,3.76073],[98.55751,3.76433]],[[98.55035,3.74453],[98.54945,3.74542],[98.54945,3.74452],[98.55035,3.74453]],[[98.55661,3.75803],[98.55751,3.75893],[98.55661,3.75893],[98.55661,3.75803]],[[98.55841,3.75443],[98.56199,3.75083],[98.56199,3.75353],[98.55841,3.75443]],[[98.55841,3.75173],[98.55393,3.75173],[98.55572,3.74723],[98.55751,3.74723],[98.55841,3.75173]],[[98.55393,3.74903],[98.55214,3.74813],[98.55393,3.74813],[98.55393,3.74903]],[[98.55214,3.75263],[98.54855,3.75082],[98.54945,3.74903],[98.55124,3.75083],[98.55214,3.74903],[98.55214,3.75263]],[[98.54945,3.75173],[98.54855,3.75263],[98.54855,3.75173],[98.54945,3.75173]]],[[[98.56736,3.75984],[98.57185,3.75714],[98.56826,3.75534],[98.56736,3.75984]]],[[[98.52794,3.75531],[98.52256,3.75891],[98.52615,3.75801],[98.52615,3.76161],[98.52794,3.75531]]],[[[98.52256,3.76161],[98.51988,3.75711],[98.5154,3.75981],[98.51451,3.74991],[98.51361,3.75261],[98.50465,3.7526],[98.51181,3.75621],[98.50912,3.7634],[98.51629,3.76341],[98.51629,3.76881],[98.52256,3.76161]]],[[[98.53958,3.76972],[98.54317,3.76612],[98.54944,3.76883],[98.54944,3.76523],[98.54407,3.76162],[98.54586,3.75982],[98.53869,3.75622],[98.53959,3.75982],[98.54228,3.75892],[98.54317,3.76072],[98.5369,3.76252],[98.53601,3.75802],[98.53332,3.75982],[98.53332,3.75712],[98.53063,3.75802],[98.53242,3.76432],[98.53421,3.76432],[98.53331,3.76882],[98.536,3.76972],[98.53869,3.76702],[98.53958,3.76972]],[[98.536,3.76702],[98.5351,3.76612],[98.536,3.76612],[98.536,3.76702]],[[98.54317,3.76342],[98.54138,3.76612],[98.53958,3.76702],[98.53959,3.76342],[98.54317,3.76342]],[[98.536,3.76432],[98.5369,3.76522],[98.536,3.76522],[98.536,3.76432]],[[98.5369,3.76432],[98.53869,3.76342],[98.53869,3.76432],[98.5369,3.76432]],[[98.536,3.76432],[98.53511,3.76342],[98.536,3.76342],[98.536,3.76432]]],[[[98.58349,3.77154],[98.58349,3.76344],[98.57901,3.76344],[98.5808,3.76254],[98.57812,3.76164],[98.57901,3.75804],[98.57184,3.76164],[98.57274,3.76524],[98.57632,3.76074],[98.57722,3.76344],[98.57991,3.76434],[98.57811,3.77064],[98.57542,3.76974],[98.57632,3.77334],[98.58349,3.77154]]],[[[98.58528,3.77155],[98.58797,3.77155],[98.58887,3.76615],[98.58439,3.76794],[98.58528,3.77155]]],[[[98.55571,3.77513],[98.55481,3.77153],[98.55392,3.77513],[98.55571,3.77513]]],[[[98.57094,3.76884],[98.56467,3.77064],[98.56467,3.76794],[98.5584,3.76883],[98.56019,3.77333],[98.56377,3.77244],[98.56198,3.77513],[98.56467,3.77514],[98.56556,3.77784],[98.57632,3.77874],[98.57721,3.77424],[98.57273,3.77334],[98.57453,3.77064],[98.57094,3.76884]],[[98.57273,3.77334],[98.57184,3.77424],[98.57184,3.77334],[98.57273,3.77334]],[[98.57184,3.77424],[98.57273,3.77694],[98.56915,3.77424],[98.57184,3.77424]],[[98.56915,3.77424],[98.56825,3.77334],[98.56915,3.77334],[98.56915,3.77424]],[[98.56825,3.77244],[98.56646,3.77424],[98.56467,3.77424],[98.56825,3.77244]],[[98.56378,3.76973],[98.56198,3.77063],[98.56198,3.76973],[98.56378,3.76973]]],[[[98.5808,3.77874],[98.5808,3.78054],[98.57811,3.78324],[98.58348,3.77965],[98.5808,3.77874]]],[[[98.56556,3.77964],[98.56735,3.78054],[98.56825,3.78594],[98.57004,3.78144],[98.56736,3.77874],[98.56556,3.77964]]],[[[98.53778,3.78682],[98.54316,3.78773],[98.54495,3.79043],[98.54315,3.79313],[98.54495,3.79313],[98.54585,3.78863],[98.54405,3.78773],[98.54585,3.78593],[98.54226,3.78413],[98.54226,3.78232],[98.54495,3.78413],[98.54316,3.77422],[98.54048,3.77512],[98.54047,3.77782],[98.53779,3.77332],[98.53062,3.77602],[98.52972,3.77872],[98.53241,3.77872],[98.53241,3.78142],[98.52524,3.78322],[98.52972,3.78952],[98.53599,3.79042],[98.53509,3.78682],[98.53688,3.78862],[98.53778,3.78682]],[[98.54226,3.78413],[98.54137,3.78502],[98.54137,3.78412],[98.54226,3.78413]],[[98.53241,3.77872],[98.53331,3.77692],[98.53331,3.77872],[98.53241,3.77872]],[[98.52972,3.78862],[98.53061,3.78772],[98.53061,3.78862],[98.52972,3.78862]],[[98.5351,3.77962],[98.54047,3.77962],[98.54047,3.78232],[98.5351,3.77962]]],[[[98.57004,3.78324],[98.56825,3.78864],[98.57273,3.78774],[98.57363,3.78324],[98.57004,3.78324]]],[[[98.5799,3.78504],[98.57362,3.78594],[98.57362,3.78954],[98.58079,3.78865],[98.5799,3.78504]],[[98.579,3.78594],[98.5781,3.78684],[98.5781,3.78594],[98.579,3.78594]]],[[[98.54853,3.78953],[98.54853,3.79223],[98.55032,3.79223],[98.55032,3.79043],[98.54853,3.78953]]],[[[98.56197,3.80574],[98.56556,3.79404],[98.56197,3.79314],[98.56197,3.78954],[98.56466,3.79044],[98.56556,3.78774],[98.56287,3.78864],[98.56198,3.78324],[98.56467,3.78324],[98.56467,3.78054],[98.56198,3.78144],[98.5584,3.77873],[98.55839,3.78413],[98.55481,3.78593],[98.55481,3.78233],[98.55391,3.78413],[98.55122,3.78233],[98.55212,3.77783],[98.55033,3.77603],[98.54854,3.77963],[98.55122,3.78593],[98.55033,3.78953],[98.55301,3.78953],[98.55032,3.79223],[98.55211,3.79403],[98.55122,3.79943],[98.5548,3.80213],[98.56107,3.80124],[98.56197,3.80574]],[[98.56197,3.78954],[98.55749,3.78863],[98.56197,3.78864],[98.56197,3.78954]],[[98.5548,3.80123],[98.55659,3.80033],[98.55659,3.80123],[98.5548,3.80123]],[[98.5548,3.80033],[98.5539,3.79943],[98.5548,3.79943],[98.5548,3.80033]],[[98.5548,3.79943],[98.55659,3.79763],[98.55659,3.79943],[98.5548,3.79943]],[[98.55391,3.79583],[98.55211,3.79673],[98.55211,3.79583],[98.55391,3.79583]],[[98.56197,3.79404],[98.56108,3.79494],[98.56108,3.79404],[98.56197,3.79404]],[[98.55839,3.78683],[98.55749,3.78773],[98.55749,3.78683],[98.55839,3.78683]],[[98.55929,3.78503],[98.55839,3.78593],[98.55839,3.78503],[98.55929,3.78503]]],[[[98.56825,3.79134],[98.56556,3.79044],[98.56466,3.79224],[98.56914,3.79584],[98.56825,3.79134]]],[[[98.50283,3.7985],[98.50552,3.79671],[98.50193,3.7967],[98.50283,3.7985]]],[[[98.53329,3.80302],[98.53598,3.80122],[98.53598,3.80392],[98.5324,3.80482],[98.5315,3.80752],[98.53508,3.80752],[98.53777,3.81203],[98.54225,3.80843],[98.54136,3.80663],[98.53687,3.80752],[98.53598,3.80482],[98.53867,3.80303],[98.54315,3.80663],[98.54763,3.80483],[98.54763,3.80843],[98.55121,3.80663],[98.55121,3.80213],[98.54853,3.80213],[98.54674,3.79853],[98.54405,3.79943],[98.54494,3.80213],[98.54136,3.80033],[98.54584,3.79313],[98.54226,3.79403],[98.53867,3.80032],[98.53419,3.79222],[98.52613,3.79582],[98.52613,3.79222],[98.52792,3.79312],[98.52882,3.79042],[98.52524,3.79042],[98.52434,3.79762],[98.52702,3.79942],[98.52882,3.79762],[98.52971,3.80122],[98.5315,3.80032],[98.52971,3.79582],[98.5324,3.79762],[98.53509,3.79762],[98.53329,3.80302]],[[98.54763,3.80123],[98.54673,3.80213],[98.54673,3.80123],[98.54763,3.80123]],[[98.54673,3.80213],[98.54584,3.80303],[98.54584,3.80213],[98.54673,3.80213]],[[98.53867,3.80032],[98.53688,3.80122],[98.53688,3.79942],[98.53867,3.80032]],[[98.53509,3.79492],[98.53419,3.79582],[98.53419,3.79492],[98.53509,3.79492]],[[98.52792,3.79762],[98.52702,3.79672],[98.52792,3.79672],[98.52792,3.79762]],[[98.5324,3.79672],[98.5333,3.79492],[98.5333,3.79672],[98.5324,3.79672]],[[98.54404,3.80483],[98.54494,3.80393],[98.54494,3.80483],[98.54404,3.80483]],[[98.54405,3.80393],[98.54315,3.80303],[98.54405,3.80303],[98.54405,3.80393]],[[98.54315,3.80303],[98.54136,3.80213],[98.54315,3.80213],[98.54315,3.80303]],[[98.54136,3.80213],[98.54046,3.80123],[98.54136,3.80123],[98.54136,3.80213]]],[[[98.51896,3.80211],[98.51448,3.80391],[98.51447,3.80661],[98.51716,3.80751],[98.51537,3.81021],[98.51895,3.80841],[98.52612,3.81202],[98.52612,3.80932],[98.52971,3.80842],[98.52881,3.80122],[98.52254,3.79942],[98.52344,3.80122],[98.52165,3.80122],[98.51896,3.79851],[98.51896,3.80211]],[[98.52612,3.80932],[98.52523,3.80842],[98.52612,3.80842],[98.52612,3.80932]],[[98.52344,3.80482],[98.52523,3.80212],[98.52523,3.80482],[98.52344,3.80482]],[[98.52702,3.80302],[98.52612,3.80482],[98.52612,3.80302],[98.52702,3.80302]]],[[[98.51447,3.80751],[98.51179,3.80661],[98.51447,3.80931],[98.51447,3.80751]]],[[[98.54315,3.80843],[98.54763,3.81113],[98.54763,3.80843],[98.54315,3.80843]]],[[[98.56644,3.81384],[98.56644,3.80934],[98.56286,3.80844],[98.56376,3.80664],[98.56196,3.80934],[98.56017,3.80664],[98.55838,3.81024],[98.5539,3.80843],[98.55479,3.81113],[98.56555,3.81114],[98.56555,3.81384],[98.55927,3.81204],[98.55838,3.81474],[98.56196,3.81654],[98.56734,3.81924],[98.57182,3.81744],[98.56644,3.81384]],[[98.56107,3.81294],[98.56017,3.81384],[98.56017,3.81294],[98.56107,3.81294]]],[[[98.5297,3.81472],[98.53508,3.81202],[98.5297,3.81292],[98.5297,3.81472]]],[[[98.54852,3.81833],[98.55031,3.81743],[98.55121,3.81203],[98.54852,3.81563],[98.54852,3.81833]]],[[[98.51178,3.81921],[98.51447,3.81561],[98.51088,3.81561],[98.51357,3.81651],[98.51178,3.81921]]],[[[98.53956,3.81833],[98.54135,3.82103],[98.54314,3.81653],[98.54135,3.81653],[98.53956,3.81833]]],[[[98.52612,3.82012],[98.5279,3.82462],[98.5297,3.82282],[98.5288,3.82012],[98.52612,3.82012]]],[[[98.56733,3.82194],[98.56465,3.82194],[98.56375,3.82374],[98.56554,3.82374],[98.56733,3.82194]]],[[[98.56644,3.82554],[98.56823,3.82284],[98.56733,3.82284],[98.56644,3.82554]]],[[[98.553,3.82283],[98.5521,3.82643],[98.55658,3.82464],[98.55658,3.82284],[98.553,3.82283]]],[[[98.52611,3.82282],[98.52253,3.82462],[98.52253,3.82732],[98.52611,3.82642],[98.52611,3.82282]]],[[[98.54403,3.82733],[98.54314,3.82463],[98.54045,3.82463],[98.54224,3.82823],[98.54403,3.82733]]],[[[98.54851,3.82553],[98.54851,3.83003],[98.54941,3.83003],[98.5512,3.82553],[98.54851,3.82553]]],[[[98.56106,3.82824],[98.56106,3.83004],[98.56554,3.83004],[98.56464,3.82824],[98.56106,3.82824]]],[[[98.54313,3.83543],[98.54672,3.82823],[98.54314,3.82913],[98.54403,3.83093],[98.54044,3.83543],[98.54313,3.83543]]],[[[98.51715,3.83362],[98.51714,3.83812],[98.51894,3.83812],[98.51983,3.83452],[98.51715,3.83362]]],[[[98.52521,3.83812],[98.51983,3.83812],[98.52521,3.84172],[98.52521,3.83812]]],[[[98.55209,3.83634],[98.5512,3.83994],[98.55567,3.84174],[98.55657,3.83904],[98.55209,3.83634]],[[98.55568,3.84084],[98.55478,3.83994],[98.55568,3.83994],[98.55568,3.84084]]],[[[98.56822,3.83994],[98.57001,3.84535],[98.57091,3.84535],[98.5727,3.83815],[98.56822,3.83994]]],[[[98.57808,3.83455],[98.57449,3.83905],[98.57987,3.83815],[98.58256,3.84535],[98.57718,3.84715],[98.57629,3.83995],[98.57539,3.84805],[98.58076,3.84985],[98.58435,3.84805],[98.58435,3.84175],[98.58704,3.84085],[98.58704,3.83815],[98.58256,3.83725],[98.58166,3.83995],[98.57808,3.83455]],[[98.58435,3.83815],[98.58346,3.83905],[98.58346,3.83815],[98.58435,3.83815]],[[98.58525,3.84085],[98.58345,3.83995],[98.58525,3.83995],[98.58525,3.84085]]],[[[98.55657,3.84354],[98.55299,3.84174],[98.55478,3.84534],[98.55119,3.84534],[98.5494,3.84263],[98.54761,3.84533],[98.54223,3.84443],[98.54313,3.84713],[98.53954,3.84623],[98.53954,3.84983],[98.54402,3.84803],[98.54402,3.85253],[98.54671,3.85253],[98.5485,3.85164],[98.54671,3.84713],[98.5503,3.84624],[98.55567,3.85164],[98.55477,3.85344],[98.55746,3.85344],[98.55746,3.84984],[98.55388,3.84804],[98.55746,3.84804],[98.55657,3.84534],[98.56015,3.84534],[98.55836,3.84444],[98.55926,3.84084],[98.55657,3.84354]],[[98.55657,3.84624],[98.55567,3.84714],[98.55567,3.84624],[98.55657,3.84624]],[[98.54581,3.84893],[98.54492,3.84983],[98.54492,3.84893],[98.54581,3.84893]]],[[[98.57628,3.84985],[98.57091,3.84625],[98.56643,3.84714],[98.56732,3.84534],[98.56374,3.84444],[98.56553,3.84894],[98.56822,3.84895],[98.56822,3.85165],[98.57269,3.85435],[98.57359,3.85075],[98.57628,3.84985]],[[98.5718,3.85165],[98.5709,3.84985],[98.5718,3.84985],[98.5718,3.85165]],[[98.5709,3.84985],[98.57001,3.84895],[98.5709,3.84895],[98.5709,3.84985]],[[98.57001,3.84715],[98.56911,3.84805],[98.56911,3.84715],[98.57001,3.84715]]],[[[98.54402,3.85253],[98.54223,3.85433],[98.54402,3.85433],[98.54402,3.85253]]],[[[98.57359,3.85615],[98.57717,3.85615],[98.57717,3.85525],[98.57359,3.85345],[98.57359,3.85615]]],[[[98.53237,3.85343],[98.52968,3.85433],[98.52968,3.85613],[98.53147,3.85613],[98.53237,3.85343]]],[[[98.54043,3.86153],[98.53774,3.85973],[98.53685,3.85613],[98.53595,3.85793],[98.53058,3.85703],[98.53057,3.86153],[98.53685,3.85973],[98.54043,3.86153]]],[[[98.56104,3.85524],[98.56015,3.85074],[98.55836,3.85524],[98.56015,3.85614],[98.55656,3.86154],[98.55835,3.86604],[98.56731,3.86605],[98.57089,3.86965],[98.5709,3.86515],[98.57359,3.86335],[98.57269,3.85975],[98.56821,3.85885],[98.56821,3.85525],[98.56552,3.85614],[98.56911,3.86065],[98.56731,3.86335],[98.56731,3.86155],[98.56552,3.86245],[98.56642,3.85975],[98.56194,3.85704],[98.56373,3.85434],[98.56104,3.85524]],[[98.56462,3.86425],[98.56283,3.86424],[98.56373,3.85974],[98.56463,3.85974],[98.56462,3.86425]],[[98.56911,3.86335],[98.57,3.86425],[98.5691,3.86425],[98.56911,3.86335]],[[98.57,3.86335],[98.5709,3.86245],[98.5709,3.86335],[98.57,3.86335]]],[[[98.57448,3.86605],[98.57448,3.86965],[98.57627,3.86965],[98.57627,3.86695],[98.57448,3.86605]]],[[[98.56461,3.88585],[98.5673,3.88765],[98.57178,3.88855],[98.56641,3.88315],[98.56461,3.88585]]],[[[98.53055,3.89393],[98.52786,3.89753],[98.53324,3.90113],[98.53324,3.89753],[98.53593,3.89573],[98.53055,3.89393]],[[98.53324,3.89663],[98.53235,3.89573],[98.53324,3.89573],[98.53324,3.89663]]],[[[98.50901,3.95422],[98.50812,3.94972],[98.50633,3.94972],[98.50722,3.95332],[98.50901,3.95422]]],[[[98.50991,3.95332],[98.51349,3.95513],[98.51349,3.95333],[98.50991,3.95332]]],[[[98.5108,3.95512],[98.5126,3.95693],[98.5126,3.95513],[98.5108,3.95512]]],[[[98.51707,3.96053],[98.51439,3.96143],[98.51528,3.96503],[98.51797,3.96233],[98.51707,3.96053]]],[[[98.52781,3.99384],[98.52692,3.99024],[98.52333,3.99024],[98.52602,3.99114],[98.52781,3.99384]]],[[[98.73715,1.79582],[98.73447,1.79222],[98.73268,1.79312],[98.73268,1.79492],[98.73715,1.79582]]],[[[98.7291,1.79672],[98.73089,1.79672],[98.73178,1.79132],[98.73089,1.79132],[98.7291,1.79672]]],[[[98.68436,1.84442],[98.68526,1.84712],[98.68615,1.84532],[98.68436,1.84442]]],[[[98.71918,2.25129],[98.71918,2.25399],[98.72008,2.25219],[98.72276,2.25309],[98.72187,2.25039],[98.71918,2.25129]]],[[[98.6977,2.28099],[98.6977,2.28459],[98.70038,2.28459],[98.70038,2.28189],[98.6977,2.28099]],[[98.69949,2.28279],[98.69859,2.28369],[98.69859,2.28279],[98.69949,2.28279]]],[[[98.6968,2.28549],[98.69591,2.28279],[98.69322,2.28279],[98.6968,2.28549]]],[[[98.75228,2.2873],[98.74691,2.2837],[98.74602,2.2882],[98.74781,2.29],[98.75228,2.2873]]],[[[98.7236,2.54473],[98.72449,2.54833],[98.72538,2.54833],[98.72539,2.54473],[98.7236,2.54473]]],[[[98.74574,3.53488],[98.75111,3.53938],[98.75022,3.53578],[98.74574,3.53488]]],[[[98.59882,3.55643],[98.60061,3.55913],[98.6015,3.55553],[98.59792,3.55103],[98.59434,3.55102],[98.59165,3.55462],[98.59165,3.55552],[98.59434,3.55553],[98.59523,3.55463],[98.59523,3.56003],[98.59792,3.56003],[98.59882,3.55643]]],[[[98.58986,3.55732],[98.59165,3.55552],[98.58896,3.55282],[98.58806,3.56002],[98.59075,3.56002],[98.58986,3.55732]],[[98.58986,3.55822],[98.58896,3.55912],[98.58896,3.55822],[98.58986,3.55822]]],[[[98.60239,3.57443],[98.59881,3.57353],[98.59792,3.56903],[98.59164,3.56903],[98.59075,3.56272],[98.58806,3.56362],[98.58985,3.56812],[98.58716,3.56902],[98.58896,3.57082],[98.59075,3.56903],[98.59075,3.57263],[98.59343,3.57533],[98.59523,3.57353],[98.60239,3.57803],[98.60239,3.57443]],[[98.59702,3.57443],[98.59791,3.57353],[98.59791,3.57443],[98.59702,3.57443]],[[98.59344,3.57083],[98.59254,3.57263],[98.59164,3.57083],[98.59344,3.57083]]],[[[98.74391,3.6789],[98.7466,3.678],[98.7457,3.6762],[98.74391,3.6789]]],[[[98.71882,3.67079],[98.72151,3.67439],[98.71971,3.68699],[98.72151,3.68789],[98.7233,3.68519],[98.72509,3.68699],[98.72957,3.68699],[98.72599,3.68609],[98.72599,3.67529],[98.7233,3.67889],[98.72241,3.67169],[98.71882,3.67079]],[[98.7242,3.67889],[98.72509,3.67979],[98.7242,3.67979],[98.7242,3.67889]],[[98.7233,3.68429],[98.7224,3.68339],[98.7233,3.68339],[98.7233,3.68429]]],[[[98.74391,3.6789],[98.74211,3.68069],[98.74391,3.6807],[98.74391,3.6789]]],[[[98.71613,3.67979],[98.71703,3.68699],[98.71882,3.68699],[98.71882,3.67979],[98.71613,3.67979]]],[[[98.70807,3.68338],[98.70986,3.68789],[98.71075,3.68429],[98.70807,3.68338]]],[[[98.6785,3.68968],[98.6785,3.68697],[98.67581,3.68607],[98.67581,3.68967],[98.6785,3.68968]]],[[[98.72957,3.69959],[98.72957,3.69599],[98.72777,3.69599],[98.72957,3.69329],[98.72509,3.69329],[98.72419,3.68879],[98.71971,3.68879],[98.71792,3.69329],[98.72419,3.69329],[98.72329,3.69509],[98.72867,3.69689],[98.72777,3.69959],[98.72957,3.69959]],[[98.72598,3.69509],[98.72688,3.69419],[98.72688,3.69509],[98.72598,3.69509]]],[[[98.7009,3.69598],[98.70089,3.69778],[98.70448,3.69779],[98.70448,3.69598],[98.7009,3.69598]]],[[[98.72329,3.69869],[98.72329,3.70139],[98.72688,3.70049],[98.72598,3.69869],[98.72329,3.69869]]],[[[98.71881,3.70049],[98.71881,3.69869],[98.71344,3.69779],[98.71433,3.69959],[98.71165,3.70139],[98.71702,3.70499],[98.71971,3.70139],[98.71523,3.70049],[98.71881,3.70049]]],[[[98.71075,3.70139],[98.70896,3.70319],[98.70896,3.70589],[98.71164,3.70499],[98.71075,3.70139]]],[[[98.72956,3.70499],[98.72419,3.70859],[98.72956,3.70679],[98.72956,3.70499]]],[[[98.7206,3.70859],[98.71254,3.70769],[98.71075,3.70589],[98.71075,3.70769],[98.7206,3.70859]]],[[[98.70806,3.70589],[98.70895,3.70859],[98.70627,3.70949],[98.70895,3.71129],[98.71075,3.70769],[98.70806,3.70589]]],[[[98.71612,3.71039],[98.71612,3.71219],[98.7206,3.71219],[98.71971,3.71039],[98.71612,3.71039]]],[[[98.71075,3.70949],[98.70895,3.71309],[98.71523,3.71219],[98.71523,3.71039],[98.71075,3.70949]]],[[[98.70806,3.71129],[98.70537,3.71219],[98.70537,3.71399],[98.70716,3.71399],[98.70806,3.71129]]],[[[98.70178,3.71489],[98.69731,3.71218],[98.6973,3.71488],[98.70089,3.71939],[98.70268,3.71579],[98.69999,3.71579],[98.70178,3.71489]]],[[[98.70626,3.71489],[98.70716,3.71759],[98.70985,3.71579],[98.71074,3.71939],[98.71343,3.71939],[98.71164,3.71399],[98.70626,3.71489]],[[98.71254,3.71669],[98.71164,3.71759],[98.71164,3.71669],[98.71254,3.71669]]],[[[98.62652,3.71936],[98.62742,3.71666],[98.62563,3.71576],[98.62473,3.71936],[98.62652,3.71936]]],[[[98.61935,3.71755],[98.62114,3.72026],[98.62294,3.71936],[98.62204,3.71666],[98.61756,3.71575],[98.61756,3.71845],[98.61935,3.71755]]],[[[98.7439,3.7194],[98.74121,3.7167],[98.74031,3.7185],[98.7439,3.7194]]],[[[98.74658,3.7176],[98.74479,3.7194],[98.74658,3.7194],[98.74658,3.7176]]],[[[98.70268,3.71939],[98.6982,3.72119],[98.70895,3.72209],[98.70806,3.71849],[98.70358,3.71759],[98.70268,3.71939]]],[[[98.62383,3.72206],[98.62294,3.71936],[98.62204,3.72206],[98.62383,3.72206]]],[[[98.59784,3.74095],[98.59963,3.73825],[98.60142,3.73915],[98.60142,3.73735],[98.59784,3.73825],[98.59784,3.74095]]],[[[98.60859,3.73735],[98.60501,3.73735],[98.60501,3.73915],[98.60859,3.74095],[98.60859,3.73735]]],[[[98.60769,3.74995],[98.61038,3.75446],[98.61038,3.74905],[98.60769,3.74995]]],[[[98.6041,3.77155],[98.60589,3.76705],[98.60499,3.76705],[98.6041,3.77155]]],[[[98.60678,3.77516],[98.60768,3.77876],[98.60947,3.77606],[98.61306,3.77606],[98.61126,3.77246],[98.60678,3.77516]]],[[[98.62469,3.79677],[98.62649,3.79407],[98.6229,3.79317],[98.62201,3.78956],[98.61932,3.79046],[98.62022,3.79316],[98.61753,3.79046],[98.61305,3.79226],[98.61394,3.79586],[98.61753,3.79766],[98.61932,3.79766],[98.61932,3.79406],[98.6238,3.79407],[98.622,3.80127],[98.62469,3.80127],[98.62469,3.79857],[98.63007,3.79857],[98.62469,3.79677]],[[98.61663,3.79406],[98.61573,3.79496],[98.61574,3.79406],[98.61663,3.79406]],[[98.61663,3.79226],[98.61574,3.79316],[98.61574,3.79226],[98.61663,3.79226]]],[[[98.6238,3.80487],[98.63007,3.80397],[98.6238,3.80217],[98.6238,3.80487]]],[[[98.61035,3.81206],[98.61214,3.81656],[98.61304,3.80036],[98.61215,3.80306],[98.60946,3.80126],[98.60856,3.80486],[98.60587,3.80486],[98.60677,3.80036],[98.60229,3.80306],[98.60229,3.80036],[98.59871,3.80036],[98.59871,3.79855],[98.59602,3.79675],[98.59423,3.80035],[98.59422,3.80485],[98.59512,3.80485],[98.59512,3.80395],[98.59871,3.80396],[98.59781,3.80666],[98.5996,3.80666],[98.60139,3.80396],[98.60229,3.80756],[98.60498,3.80396],[98.60766,3.80756],[98.60408,3.80756],[98.60587,3.80846],[98.60497,3.81206],[98.61035,3.81206]],[[98.61215,3.80486],[98.61125,3.80396],[98.61215,3.80396],[98.61215,3.80486]],[[98.59781,3.79855],[98.59692,3.79945],[98.59692,3.79855],[98.59781,3.79855]],[[98.59512,3.80035],[98.59691,3.80125],[98.59512,3.80125],[98.59512,3.80035]],[[98.60766,3.80846],[98.60946,3.80576],[98.60946,3.81116],[98.60766,3.80846]],[[98.5996,3.80306],[98.59781,3.80215],[98.5996,3.80126],[98.5996,3.80306]]],[[[98.59422,3.80575],[98.59154,3.80485],[98.59064,3.81025],[98.59243,3.80755],[98.59422,3.80845],[98.59422,3.80575]]],[[[98.66322,3.81298],[98.65784,3.81478],[98.66949,3.81569],[98.6677,3.81389],[98.67039,3.81389],[98.6686,3.81209],[98.65695,3.81208],[98.66322,3.81298]]],[[[98.59422,3.81745],[98.59512,3.81205],[98.59333,3.81205],[98.59422,3.81745]]],[[[98.6229,3.81387],[98.61752,3.81296],[98.61841,3.81837],[98.62021,3.81837],[98.62021,3.81387],[98.62289,3.81657],[98.6229,3.81387]]],[[[98.60139,3.81386],[98.60408,3.81746],[98.60587,3.81656],[98.60139,3.81386]]],[[[98.59421,3.82646],[98.59332,3.82105],[98.59242,3.82105],[98.59063,3.82645],[98.59421,3.82646]]],[[[98.5987,3.82376],[98.59422,3.82106],[98.59511,3.82646],[98.5987,3.82376]]],[[[98.60407,3.82826],[98.60587,3.82376],[98.5987,3.82466],[98.59869,3.82736],[98.60407,3.82826]]],[[[98.62468,3.82647],[98.62289,3.82647],[98.62199,3.82467],[98.62199,3.82827],[98.62468,3.82647]]],[[[98.62826,3.83007],[98.62827,3.82557],[98.62737,3.82557],[98.62558,3.82827],[98.62737,3.82737],[98.62826,3.83007]]],[[[98.65067,3.83098],[98.65246,3.82738],[98.65425,3.82558],[98.64977,3.82648],[98.65067,3.83098]]],[[[98.65425,3.83098],[98.65784,3.82828],[98.65425,3.82648],[98.65425,3.83098]]],[[[98.6435,3.82468],[98.63902,3.82468],[98.63902,3.82648],[98.64439,3.83368],[98.6435,3.82468]]],[[[98.61303,3.83096],[98.61661,3.83187],[98.61572,3.82647],[98.61303,3.82736],[98.61482,3.83097],[98.61303,3.83096]]],[[[98.63902,3.82828],[98.63723,3.82467],[98.63633,3.82647],[98.62916,3.82647],[98.63006,3.83367],[98.62916,3.83727],[98.63095,3.83727],[98.63095,3.83007],[98.63274,3.83187],[98.63275,3.82827],[98.63902,3.82828]],[[98.63185,3.82917],[98.63095,3.82827],[98.63185,3.82827],[98.63185,3.82917]]],[[[98.62916,3.83007],[98.62826,3.83367],[98.62916,3.83367],[98.62916,3.83007]]],[[[98.62647,3.83007],[98.62379,3.82827],[98.62378,3.83097],[98.6202,3.83277],[98.61841,3.82827],[98.61662,3.82827],[98.61751,3.83187],[98.61661,3.83277],[98.6193,3.83547],[98.62378,3.83637],[98.62468,3.83367],[98.62737,3.83367],[98.62647,3.83007]],[[98.62558,3.83007],[98.62468,3.83277],[98.62468,3.83007],[98.62558,3.83007]],[[98.6193,3.83097],[98.61841,3.83277],[98.61841,3.83097],[98.6193,3.83097]],[[98.6193,3.83457],[98.62109,3.83367],[98.62109,3.83457],[98.6193,3.83457]]],[[[98.63812,3.83368],[98.63723,3.83188],[98.63633,3.83368],[98.63812,3.83368]]],[[[98.63902,3.83278],[98.63991,3.83548],[98.6417,3.83638],[98.64171,3.83278],[98.63902,3.83278]]],[[[98.61392,3.83547],[98.61303,3.83367],[98.61034,3.83366],[98.61213,3.83727],[98.61751,3.83637],[98.61661,3.83457],[98.61392,3.83547]]],[[[98.6184,3.83817],[98.62289,3.83637],[98.61751,3.83637],[98.6184,3.83817]]],[[[98.63543,3.83458],[98.63185,3.83637],[98.63185,3.83997],[98.63453,3.83908],[98.63543,3.84178],[98.63543,3.83458]],[[98.63274,3.83817],[98.63364,3.83727],[98.63453,3.83818],[98.63274,3.83817]]],[[[98.65693,3.84899],[98.65873,3.84539],[98.65693,3.84359],[98.65783,3.84269],[98.65694,3.83278],[98.65425,3.83458],[98.65336,3.83188],[98.65067,3.83368],[98.64887,3.83098],[98.64619,3.83188],[98.64619,3.83458],[98.64887,3.83728],[98.64618,3.83638],[98.64618,3.83818],[98.65066,3.83908],[98.64529,3.83998],[98.64529,3.84358],[98.65066,3.84268],[98.65335,3.83818],[98.65425,3.84088],[98.65694,3.84088],[98.65425,3.84448],[98.65693,3.84449],[98.65693,3.84899]],[[98.65067,3.83368],[98.64977,3.83548],[98.64977,3.83368],[98.65067,3.83368]],[[98.64708,3.83458],[98.64798,3.83368],[98.64798,3.83458],[98.64708,3.83458]],[[98.64977,3.83998],[98.65066,3.84088],[98.64977,3.84088],[98.64977,3.83998]],[[98.65425,3.83908],[98.65514,3.83818],[98.65514,3.83908],[98.65425,3.83908]],[[98.65514,3.83908],[98.65694,3.83998],[98.65514,3.83998],[98.65514,3.83908]]],[[[98.63364,3.84448],[98.63095,3.84537],[98.63095,3.84717],[98.63274,3.84628],[98.63364,3.84448]]],[[[98.63722,3.84268],[98.63274,3.84628],[98.63184,3.84898],[98.63812,3.84538],[98.63722,3.84268]]],[[[98.64708,3.84538],[98.64708,3.84898],[98.65066,3.84718],[98.64977,3.84448],[98.64708,3.84538]]],[[[98.63812,3.84628],[98.63901,3.84898],[98.6426,3.84718],[98.63991,3.84538],[98.63812,3.84628]]],[[[98.62019,3.84897],[98.62109,3.84627],[98.6184,3.84627],[98.62019,3.84717],[98.62019,3.84897]]],[[[98.67844,3.84809],[98.67665,3.83639],[98.67396,3.83369],[98.67217,3.83549],[98.66948,3.83369],[98.66859,3.84089],[98.66411,3.83999],[98.665,3.84449],[98.66052,3.84629],[98.665,3.84989],[98.6641,3.86069],[98.67127,3.86249],[98.67037,3.86699],[98.67754,3.8661],[98.67664,3.8643],[98.67844,3.8607],[98.68112,3.8607],[98.68202,3.8553],[98.67485,3.85529],[98.67485,3.85979],[98.67216,3.86159],[98.67306,3.85439],[98.66858,3.85619],[98.665,3.84539],[98.66679,3.84179],[98.66948,3.84179],[98.66948,3.84899],[98.67127,3.84899],[98.67127,3.84449],[98.67575,3.84449],[98.67665,3.84899],[98.67844,3.84809]],[[98.67485,3.85889],[98.67575,3.85799],[98.67575,3.85889],[98.67485,3.85889]],[[98.67664,3.86069],[98.67485,3.86339],[98.67395,3.86339],[98.67395,3.86069],[98.67664,3.86069]],[[98.66858,3.86069],[98.66947,3.85799],[98.66947,3.86069],[98.66858,3.86069]],[[98.66947,3.85799],[98.67037,3.85709],[98.67037,3.85799],[98.66947,3.85799]],[[98.66768,3.85439],[98.66679,3.85529],[98.66679,3.85439],[98.66768,3.85439]],[[98.67754,3.84629],[98.67665,3.84719],[98.67665,3.84629],[98.67754,3.84629]],[[98.67396,3.84269],[98.67307,3.84359],[98.67307,3.84269],[98.67396,3.84269]],[[98.67127,3.84179],[98.67307,3.83909],[98.67307,3.84179],[98.67127,3.84179]],[[98.67307,3.83909],[98.67486,3.83729],[98.67486,3.83909],[98.67307,3.83909]],[[98.67486,3.83999],[98.67396,3.84089],[98.67396,3.83999],[98.67486,3.83999]]],[[[98.62915,3.85077],[98.63274,3.85168],[98.63363,3.84988],[98.63095,3.84897],[98.62915,3.85077]]],[[[98.63722,3.85078],[98.63453,3.85078],[98.63363,3.85258],[98.63722,3.85348],[98.63722,3.85078]]],[[[98.67933,3.8526],[98.67933,3.8544],[98.68202,3.8544],[98.68202,3.8535],[98.67933,3.8526]]],[[[98.66141,3.85349],[98.66141,3.85619],[98.66231,3.85619],[98.6641,3.85349],[98.66141,3.85349]]],[[[98.66051,3.85709],[98.65962,3.86069],[98.6632,3.86069],[98.66051,3.85709]]],[[[98.67485,3.8706],[98.67664,3.8688],[98.67485,3.8688],[98.67485,3.8706]]],[[[98.67395,3.8715],[98.67395,3.8751],[98.67753,3.8724],[98.67395,3.8715]]],[[[98.81322,1.42767],[98.81054,1.42947],[98.81322,1.42947],[98.81322,1.42767]]],[[[98.80159,1.42857],[98.79891,1.43037],[98.80428,1.43397],[98.80517,1.43217],[98.80159,1.42857]]],[[[98.83379,1.43307],[98.82574,1.43667],[98.83379,1.43487],[98.83379,1.43307]]],[[[98.80159,1.43757],[98.79891,1.43487],[98.79712,1.43757],[98.80159,1.43757]]],[[[98.82038,1.43937],[98.82127,1.43577],[98.8168,1.43487],[98.8168,1.43667],[98.81948,1.43667],[98.82038,1.43937]]],[[[98.82485,1.46728],[98.82753,1.46908],[98.82753,1.46728],[98.82485,1.46728]]],[[[98.83111,1.46638],[98.82932,1.46998],[98.8329,1.47088],[98.83468,1.46818],[98.83111,1.46638]]],[[[98.82395,1.46998],[98.82306,1.47448],[98.82485,1.47448],[98.82663,1.46908],[98.82395,1.46998]]],[[[98.81322,1.47808],[98.81501,1.48078],[98.8159,1.47808],[98.81322,1.47808]]],[[[98.82037,1.52849],[98.82305,1.53209],[98.82574,1.53209],[98.82574,1.52849],[98.82037,1.52849]],[[98.82484,1.53029],[98.82395,1.53119],[98.82395,1.53029],[98.82484,1.53029]]],[[[98.80158,1.53479],[98.80069,1.53299],[98.7998,1.53479],[98.80158,1.53479]]],[[[98.82484,1.54199],[98.82216,1.54289],[98.82305,1.54559],[98.82573,1.54559],[98.82484,1.54199]]],[[[98.83021,1.55459],[98.82931,1.55009],[98.82931,1.55459],[98.83021,1.55459]]],[[[98.81947,1.55819],[98.82126,1.55639],[98.82126,1.55459],[98.81858,1.55639],[98.81947,1.55819]]],[[[98.8141,1.56269],[98.82126,1.56359],[98.82215,1.56629],[98.82484,1.56539],[98.82394,1.56269],[98.82037,1.56269],[98.82215,1.56089],[98.81947,1.55909],[98.815,1.56089],[98.81232,1.55909],[98.81321,1.56539],[98.8141,1.56269]],[[98.81321,1.56179],[98.8141,1.56089],[98.8141,1.56179],[98.81321,1.56179]]],[[[98.75765,2.2666],[98.75587,2.263],[98.75497,2.263],[98.75497,2.2657],[98.75765,2.2666]]],[[[98.75228,2.2774],[98.75049,2.2756],[98.7487,2.2783],[98.75049,2.2783],[98.75228,2.2774]]],[[[98.81294,3.48179],[98.81294,3.48449],[98.81562,3.48449],[98.81562,3.48179],[98.81294,3.48179]]],[[[98.82637,3.49889],[98.82368,3.49349],[98.81741,3.49169],[98.81741,3.49349],[98.82279,3.49889],[98.82637,3.49889]],[[98.8192,3.49439],[98.8201,3.49349],[98.8201,3.49439],[98.8192,3.49439]]],[[[98.82547,3.534],[98.82368,3.52949],[98.81741,3.52679],[98.81741,3.53219],[98.82278,3.53309],[98.82636,3.5367],[98.82815,3.5331],[98.82547,3.534]]],[[[98.7529,3.54028],[98.74842,3.54028],[98.74842,3.54118],[98.75201,3.54208],[98.7529,3.54028]]],[[[98.76724,3.54658],[98.76455,3.54388],[98.76634,3.55108],[98.76365,3.55468],[98.76903,3.55559],[98.76634,3.55378],[98.76724,3.54658]]],[[[98.75201,3.55108],[98.7538,3.55288],[98.7529,3.54748],[98.75201,3.55108]]],[[[98.81023,3.55199],[98.80665,3.54929],[98.80755,3.55199],[98.81023,3.55199]]],[[[98.76007,3.55378],[98.75828,3.55198],[98.75559,3.55198],[98.75559,3.55468],[98.76007,3.55378]]],[[[98.75917,3.55558],[98.76096,3.55738],[98.76186,3.55738],[98.76186,3.55468],[98.75917,3.55558]]],[[[98.76455,3.55919],[98.76634,3.55739],[98.76634,3.55559],[98.76275,3.55738],[98.76455,3.55919]]],[[[98.75469,3.55558],[98.75559,3.55738],[98.75111,3.55918],[98.76096,3.55918],[98.75469,3.55558]]],[[[98.76544,3.56279],[98.76723,3.56099],[98.76544,3.56009],[98.76544,3.56279]]],[[[98.8165,3.5637],[98.81919,3.5601],[98.81561,3.5592],[98.8165,3.5637]]],[[[98.76544,3.55829],[98.76992,3.56099],[98.76634,3.56549],[98.76813,3.56729],[98.7744,3.56369],[98.7735,3.55829],[98.77171,3.55919],[98.76992,3.55649],[98.76544,3.55829]],[[98.76992,3.55829],[98.76902,3.55919],[98.76902,3.55829],[98.76992,3.55829]],[[98.77081,3.56369],[98.76992,3.56549],[98.76992,3.56369],[98.77081,3.56369]]],[[[98.82098,3.561],[98.82188,3.5646],[98.82457,3.5646],[98.82457,3.5628],[98.82098,3.561]]],[[[98.82725,3.5691],[98.82277,3.5727],[98.82815,3.5718],[98.82725,3.5691]]],[[[98.78515,3.57809],[98.78156,3.57989],[98.78246,3.57989],[98.78246,3.58169],[98.78873,3.58169],[98.78604,3.57539],[98.78425,3.57539],[98.78515,3.57809]]],[[[98.81829,3.5718],[98.8174,3.5754],[98.82008,3.5772],[98.81919,3.5808],[98.82277,3.5826],[98.82277,3.5871],[98.82725,3.5871],[98.82725,3.5844],[98.82814,3.5871],[98.83083,3.5853],[98.82815,3.5835],[98.82904,3.5799],[98.83442,3.5817],[98.83262,3.5844],[98.83531,3.5862],[98.8389,3.5862],[98.838,3.5736],[98.82994,3.5736],[98.82994,3.5754],[98.82815,3.5736],[98.82456,3.5736],[98.82277,3.5754],[98.82098,3.5709],[98.81829,3.5718]],[[98.82815,3.5826],[98.82725,3.5817],[98.82815,3.5817],[98.82815,3.5826]],[[98.82815,3.5799],[98.82815,3.5763],[98.83173,3.5763],[98.83173,3.5781],[98.82815,3.5799]],[[98.82815,3.5745],[98.82725,3.5754],[98.82725,3.5745],[98.82815,3.5745]],[[98.82546,3.5826],[98.82456,3.5817],[98.82546,3.5817],[98.82546,3.5826]],[[98.82456,3.5763],[98.82456,3.579],[98.82277,3.5799],[98.82277,3.5781],[98.82456,3.5763]],[[98.82635,3.5799],[98.82725,3.5781],[98.82725,3.5799],[98.82635,3.5799]],[[98.82635,3.5781],[98.82546,3.5772],[98.82636,3.5772],[98.82635,3.5781]],[[98.82098,3.5763],[98.82008,3.5754],[98.82098,3.5754],[98.82098,3.5763]]],[[[98.78156,3.58169],[98.78156,3.57989],[98.77977,3.57899],[98.77887,3.58079],[98.78156,3.58169]]],[[[98.78873,3.58349],[98.79052,3.58169],[98.78873,3.58169],[98.78873,3.58349]]],[[[98.79231,3.5925],[98.79231,3.597],[98.7941,3.597],[98.7932,3.5943],[98.795,3.5952],[98.795,3.5934],[98.79231,3.5925]]],[[[98.78514,3.5997],[98.78962,3.5988],[98.78872,3.5952],[98.78514,3.5997]]],[[[98.80664,3.597],[98.80395,3.5961],[98.80395,3.6006],[98.80664,3.5997],[98.80664,3.597]]],[[[98.82277,3.6042],[98.82814,3.60511],[98.82814,3.60241],[98.82277,3.6042]]],[[[98.81291,3.6051],[98.81739,3.6078],[98.81739,3.6051],[98.81291,3.6051]]],[[[98.82904,3.61051],[98.82724,3.60961],[98.82904,3.61231],[98.82904,3.61051]]],[[[98.81739,3.61861],[98.82008,3.61861],[98.82187,3.62041],[98.81918,3.61591],[98.81739,3.61861]]],[[[98.81291,3.6231],[98.8156,3.62131],[98.81201,3.6213],[98.81291,3.6231]]],[[[98.8138,3.62311],[98.81559,3.62671],[98.81918,3.62581],[98.81918,3.62941],[98.82097,3.62941],[98.82187,3.62581],[98.81918,3.62311],[98.8138,3.62311]]],[[[98.81739,3.63031],[98.81559,3.62851],[98.8138,3.63031],[98.81739,3.63031]]],[[[98.83262,3.63031],[98.83082,3.63751],[98.83441,3.63031],[98.83262,3.63031]]],[[[98.82276,3.63571],[98.81649,3.63301],[98.81918,3.63751],[98.82276,3.63571]]],[[[98.78692,3.6375],[98.78423,3.6384],[98.78513,3.6411],[98.78871,3.6411],[98.7914,3.6384],[98.78692,3.6375]]],[[[98.82813,3.65641],[98.82365,3.64291],[98.82724,3.63931],[98.82455,3.63661],[98.82903,3.63661],[98.82724,3.63031],[98.83083,3.62491],[98.82545,3.62581],[98.82724,3.62761],[98.82634,3.63121],[98.82276,3.63211],[98.82366,3.63571],[98.82276,3.63841],[98.82097,3.63751],[98.81738,3.64111],[98.82097,3.64381],[98.82097,3.64831],[98.81738,3.64651],[98.81738,3.64921],[98.81917,3.65281],[98.82186,3.65371],[98.82096,3.65641],[98.82813,3.65641]],[[98.82366,3.63481],[98.82455,3.63391],[98.82455,3.63481],[98.82366,3.63481]],[[98.81917,3.65191],[98.82007,3.65101],[98.82007,3.65191],[98.81917,3.65191]],[[98.82634,3.65461],[98.82544,3.65551],[98.82544,3.65461],[98.82634,3.65461]],[[98.82365,3.65461],[98.82455,3.65371],[98.82455,3.65461],[98.82365,3.65461]],[[98.82455,3.65371],[98.82544,3.65281],[98.82544,3.65371],[98.82455,3.65371]],[[98.82276,3.64111],[98.82097,3.64201],[98.82097,3.64111],[98.82276,3.64111]]],[[[98.83082,3.64111],[98.83441,3.64201],[98.82993,3.63841],[98.82724,3.64831],[98.82993,3.64921],[98.83351,3.64561],[98.83261,3.64921],[98.8344,3.65011],[98.8353,3.64471],[98.83441,3.64291],[98.83172,3.64471],[98.83082,3.64111]],[[98.83082,3.64561],[98.82903,3.64471],[98.83082,3.64471],[98.83082,3.64561]]],[[[98.77975,3.6582],[98.78602,3.6573],[98.78154,3.6528],[98.78423,3.6447],[98.77348,3.6456],[98.77438,3.6483],[98.7699,3.6474],[98.7699,3.6492],[98.77348,3.6492],[98.77348,3.6519],[98.7681,3.6519],[98.76721,3.6555],[98.77079,3.6537],[98.7699,3.6564],[98.77169,3.6573],[98.77796,3.6555],[98.77975,3.6582]],[[98.78154,3.6528],[98.78065,3.6537],[98.78065,3.6528],[98.78154,3.6528]],[[98.77348,3.6564],[98.77258,3.6555],[98.77348,3.6555],[98.77348,3.6564]],[[98.77348,3.6537],[98.77258,3.6528],[98.77348,3.6528],[98.77348,3.6537]],[[98.77886,3.6537],[98.77796,3.6528],[98.77886,3.6528],[98.77886,3.6537]],[[98.77617,3.6519],[98.77527,3.6501],[98.77617,3.6501],[98.77617,3.6519]],[[98.78154,3.6483],[98.78065,3.6474],[98.78155,3.6474],[98.78154,3.6483]]],[[[98.76721,3.6564],[98.7681,3.6582],[98.76989,3.6591],[98.7699,3.6564],[98.76721,3.6564]]],[[[98.78871,3.6564],[98.78961,3.66],[98.79498,3.66001],[98.78871,3.6564]]],[[[98.79588,3.66001],[98.79856,3.66181],[98.80036,3.66001],[98.79677,3.65551],[98.79588,3.66001]]],[[[98.82365,3.66631],[98.82634,3.66361],[98.82096,3.66271],[98.82365,3.66631]]],[[[98.769,3.6663],[98.7681,3.6681],[98.77258,3.669],[98.77348,3.6663],[98.77706,3.6672],[98.77706,3.6618],[98.769,3.6663]],[[98.77348,3.6654],[98.77168,3.6672],[98.77169,3.6654],[98.77348,3.6654]]],[[[98.82096,3.66451],[98.81738,3.66451],[98.81738,3.66721],[98.81917,3.66721],[98.82096,3.66451]],[[98.81917,3.66631],[98.81827,3.66541],[98.81917,3.66541],[98.81917,3.66631]]],[[[98.80215,3.66721],[98.79856,3.66811],[98.80573,3.66811],[98.80215,3.66721]]],[[[98.82275,3.66901],[98.82634,3.66991],[98.82544,3.66811],[98.82275,3.66901]]],[[[98.76362,3.6699],[98.76631,3.6726],[98.77079,3.669],[98.76541,3.669],[98.76362,3.6699]]],[[[98.78333,3.6699],[98.78154,3.6735],[98.78512,3.67441],[98.78423,3.6699],[98.78602,3.669],[98.78154,3.6681],[98.78333,3.6699]]],[[[98.81559,3.67171],[98.80931,3.66991],[98.80394,3.67351],[98.812,3.67351],[98.81379,3.67171],[98.81648,3.67351],[98.81559,3.67171]],[[98.812,3.67261],[98.81111,3.67171],[98.812,3.67171],[98.812,3.67261]]],[[[98.79498,3.67801],[98.79856,3.67531],[98.79498,3.67441],[98.79498,3.67801]]],[[[98.82992,3.67802],[98.82454,3.67621],[98.82544,3.67891],[98.82992,3.67802]]],[[[98.79946,3.67891],[98.79856,3.67621],[98.79766,3.67891],[98.80035,3.68161],[98.80573,3.67981],[98.79946,3.67891]]],[[[98.79946,3.68521],[98.79587,3.67891],[98.79498,3.68701],[98.79946,3.68521]]],[[[98.77078,3.6915],[98.77347,3.69421],[98.77347,3.69961],[98.77795,3.70231],[98.77795,3.70861],[98.78153,3.70861],[98.78153,3.70501],[98.78422,3.70501],[98.78332,3.69961],[98.7896,3.70321],[98.79139,3.70051],[98.79497,3.70231],[98.79497,3.69961],[98.79766,3.69961],[98.79945,3.70501],[98.79945,3.70141],[98.80214,3.70141],[98.80035,3.69781],[98.80304,3.70051],[98.80572,3.69781],[98.80573,3.69421],[98.80125,3.69241],[98.80035,3.68881],[98.79139,3.68971],[98.79497,3.68791],[98.79408,3.68521],[98.7896,3.68341],[98.7887,3.68611],[98.78691,3.68521],[98.78781,3.68251],[98.78602,3.68161],[98.7905,3.68161],[98.78691,3.67621],[98.7896,3.67711],[98.79319,3.67171],[98.79408,3.67441],[98.79677,3.67351],[98.79498,3.67261],[98.79588,3.66811],[98.7905,3.66901],[98.78961,3.66],[98.78692,3.66],[98.78602,3.67891],[98.77975,3.678],[98.77706,3.6798],[98.77706,3.6708],[98.77079,3.6708],[98.7672,3.6744],[98.76362,3.6735],[98.76362,3.6753],[98.76183,3.6726],[98.76183,3.6771],[98.76631,3.6771],[98.7672,3.6807],[98.77437,3.6789],[98.77526,3.6825],[98.77347,3.6825],[98.77347,3.6879],[98.77078,3.687],[98.77078,3.6915]],[[98.79766,3.69961],[98.79856,3.69871],[98.79856,3.69961],[98.79766,3.69961]],[[98.80393,3.69781],[98.80304,3.69691],[98.80393,3.69691],[98.80393,3.69781]],[[98.80483,3.69601],[98.80393,3.69511],[98.80483,3.69511],[98.80483,3.69601]],[[98.79229,3.68791],[98.79139,3.68611],[98.79229,3.68611],[98.79229,3.68791]],[[98.78602,3.68341],[98.78333,3.68251],[98.78422,3.68071],[98.78512,3.68071],[98.78602,3.68341]],[[98.79319,3.67171],[98.79229,3.67081],[98.79319,3.67081],[98.79319,3.67171]],[[98.78692,3.66991],[98.78781,3.67081],[98.78692,3.67081],[98.78692,3.66991]],[[98.77527,3.6807],[98.77706,3.6807],[98.77706,3.6825],[98.77616,3.6825],[98.77527,3.6807]],[[98.78243,3.70231],[98.78153,3.70321],[98.78153,3.70231],[98.78243,3.70231]],[[98.78691,3.69241],[98.78691,3.69691],[98.78332,3.69781],[98.78333,3.68791],[98.79049,3.68971],[98.78691,3.69241]],[[98.78333,3.68791],[98.78243,3.68701],[98.78333,3.68701],[98.78333,3.68791]],[[98.79587,3.69511],[98.79497,3.69781],[98.79497,3.69511],[98.79587,3.69511]],[[98.77616,3.69331],[98.77705,3.69241],[98.77705,3.69331],[98.77616,3.69331]],[[98.77705,3.69241],[98.77885,3.69151],[98.77885,3.69241],[98.77705,3.69241]],[[98.78064,3.69151],[98.77974,3.69241],[98.77974,3.69151],[98.78064,3.69151]],[[98.77526,3.6879],[98.77437,3.6888],[98.77437,3.6879],[98.77526,3.6879]],[[98.78512,3.68431],[98.78422,3.68611],[98.78422,3.68431],[98.78512,3.68431]],[[98.77795,3.6834],[98.77706,3.6843],[98.77706,3.6834],[98.77795,3.6834]],[[98.77258,3.6771],[98.77168,3.678],[98.77168,3.6771],[98.77258,3.6771]],[[98.77079,3.6753],[98.76989,3.6771],[98.76989,3.6753],[98.77079,3.6753]],[[98.77258,3.6744],[98.77168,3.6753],[98.77168,3.6744],[98.77258,3.6744]],[[98.77527,3.6744],[98.77437,3.6753],[98.77437,3.6744],[98.77527,3.6744]],[[98.77527,3.6726],[98.77437,3.6735],[98.77437,3.6726],[98.77527,3.6726]],[[98.7905,3.67171],[98.78871,3.67261],[98.78871,3.67171],[98.7905,3.67171]]],[[[98.74749,3.6852],[98.75107,3.6888],[98.75018,3.6843],[98.74749,3.6852]]],[[[98.80304,3.68881],[98.80662,3.68881],[98.80662,3.68611],[98.80304,3.68611],[98.80304,3.68881]]],[[[98.80841,3.68971],[98.812,3.68971],[98.80841,3.68791],[98.80841,3.68971]]],[[[98.80304,3.69151],[98.80662,3.69331],[98.80841,3.68971],[98.80662,3.68881],[98.80304,3.69151]]],[[[98.73673,3.7158],[98.73763,3.7131],[98.74121,3.7131],[98.74211,3.7077],[98.74211,3.7122],[98.7439,3.7122],[98.743,3.7095],[98.74569,3.7104],[98.743,3.7149],[98.74479,3.7167],[98.74658,3.7167],[98.74658,3.7176],[98.74748,3.7176],[98.75196,3.7041],[98.75286,3.7086],[98.75734,3.7086],[98.7654,3.7023],[98.76451,3.696],[98.76899,3.6969],[98.76541,3.6915],[98.76182,3.6933],[98.76272,3.696],[98.75824,3.6942],[98.76093,3.6924],[98.75824,3.6834],[98.75555,3.6843],[98.75734,3.6861],[98.75555,3.687],[98.75645,3.6915],[98.74838,3.6915],[98.74928,3.6942],[98.7448,3.6951],[98.74211,3.7023],[98.74032,3.7023],[98.74121,3.6978],[98.73763,3.696],[98.74032,3.6942],[98.74121,3.696],[98.74121,3.6933],[98.73674,3.69329],[98.73763,3.69059],[98.73494,3.69149],[98.73763,3.6996],[98.73494,3.69869],[98.73494,3.705],[98.73225,3.7059],[98.73404,3.7077],[98.73314,3.7149],[98.73494,3.7149],[98.73314,3.7185],[98.74031,3.7194],[98.73673,3.7158]],[[98.74479,3.7158],[98.74658,3.714],[98.74658,3.7158],[98.74479,3.7158]],[[98.74658,3.714],[98.74748,3.7131],[98.74748,3.714],[98.74658,3.714]],[[98.75197,3.6924],[98.75107,3.6933],[98.75107,3.6924],[98.75197,3.6924]],[[98.7439,3.6987],[98.7448,3.6996],[98.7439,3.6996],[98.7439,3.6987]],[[98.7448,3.6996],[98.74569,3.7005],[98.7448,3.7005],[98.7448,3.6996]],[[98.74569,3.7005],[98.74659,3.7014],[98.74569,3.7014],[98.74569,3.7005]],[[98.73494,3.7158],[98.73583,3.7167],[98.73494,3.7167],[98.73494,3.7158]],[[98.73583,3.7167],[98.73762,3.7176],[98.73583,3.7176],[98.73583,3.7167]],[[98.73583,3.7122],[98.73494,3.7131],[98.73494,3.7122],[98.73583,3.7122]],[[98.74838,3.7113],[98.74659,3.7122],[98.74659,3.7113],[98.74838,3.7113]],[[98.73583,3.7104],[98.73673,3.7086],[98.73673,3.7104],[98.73583,3.7104]],[[98.73673,3.7086],[98.73763,3.7059],[98.73763,3.7086],[98.73673,3.7086]],[[98.74659,3.7068],[98.74569,3.7077],[98.74569,3.7068],[98.74659,3.7068]],[[98.7439,3.7059],[98.743,3.7068],[98.743,3.7059],[98.7439,3.7059]],[[98.74211,3.7041],[98.74121,3.7059],[98.74121,3.7041],[98.74211,3.7041]],[[98.75107,3.705],[98.75017,3.7059],[98.75017,3.705],[98.75107,3.705]],[[98.73763,3.7041],[98.73673,3.705],[98.73673,3.7041],[98.73763,3.7041]],[[98.73763,3.7014],[98.73942,3.7023],[98.73942,3.705],[98.73852,3.705],[98.73763,3.7014]],[[98.74928,3.7041],[98.74838,3.705],[98.74838,3.7041],[98.74928,3.7041]],[[98.74838,3.7023],[98.74748,3.7032],[98.74748,3.7023],[98.74838,3.7023]],[[98.75286,3.7005],[98.75196,3.7014],[98.75196,3.7005],[98.75286,3.7005]],[[98.75555,3.6933],[98.75465,3.6942],[98.75465,3.6933],[98.75555,3.6933]]],[[[98.75912,3.73831],[98.76181,3.73741],[98.76181,3.73651],[98.75912,3.73651],[98.75912,3.73831]]],[[[98.75285,3.74011],[98.74747,3.7356],[98.74837,3.7401],[98.75285,3.74011]]],[[[98.7645,3.74191],[98.76629,3.74011],[98.7636,3.73741],[98.76181,3.73921],[98.7636,3.74101],[98.75823,3.74011],[98.75823,3.74191],[98.7645,3.74191]]],[[[98.75822,3.75451],[98.75553,3.75361],[98.75553,3.75631],[98.75733,3.75631],[98.75822,3.75451]]],[[[98.93308,1.03791],[98.93398,1.04151],[98.93487,1.03881],[98.93934,1.03881],[98.94024,1.03521],[98.93755,1.03521],[98.93934,1.03341],[98.93666,1.03251],[98.93487,1.03521],[98.93576,1.03161],[98.93398,1.03161],[98.93219,1.03971],[98.93308,1.03791]],[[98.93487,1.03521],[98.93398,1.03701],[98.93398,1.03521],[98.93487,1.03521]]],[[[98.9465,1.03521],[98.94292,1.03431],[98.94113,1.03701],[98.94471,1.03881],[98.94471,1.04151],[98.94739,1.04151],[98.9456,1.03971],[98.9465,1.03521]],[[98.9456,1.03611],[98.94471,1.03701],[98.94471,1.03611],[98.9456,1.03611]]],[[[98.94024,1.04151],[98.94381,1.04241],[98.94024,1.03791],[98.94024,1.04151]]],[[[98.9465,1.05951],[98.9456,1.05141],[98.94202,1.05141],[98.94202,1.05861],[98.9465,1.05951]]],[[[98.93398,1.09462],[98.93666,1.09462],[98.93666,1.09102],[98.93487,1.09102],[98.93398,1.09462]]],[[[98.92324,1.26565],[98.92234,1.26025],[98.92145,1.26565],[98.92324,1.26565]]],[[[98.89462,1.27465],[98.89283,1.28005],[98.89462,1.28005],[98.89462,1.27465]]],[[[98.86868,1.28635],[98.87047,1.28905],[98.87315,1.28905],[98.87137,1.28365],[98.86868,1.28635]]],[[[98.89283,1.30615],[98.89015,1.30795],[98.89283,1.30705],[98.89283,1.30615]]],[[[98.90893,1.30975],[98.91072,1.30705],[98.90893,1.30615],[98.90893,1.30975]]],[[[98.92413,1.30975],[98.92771,1.31336],[98.9286,1.31336],[98.92592,1.30615],[98.92413,1.30615],[98.92413,1.30975]]],[[[98.90893,1.31065],[98.91161,1.31155],[98.91251,1.30975],[98.91072,1.30885],[98.90893,1.31065]]],[[[98.91251,1.31065],[98.91072,1.31426],[98.91429,1.31155],[98.91251,1.31065]]],[[[98.90624,1.31606],[98.90177,1.30795],[98.8982,1.31065],[98.8973,1.30885],[98.88478,1.31065],[98.88389,1.30795],[98.88478,1.31335],[98.88031,1.31605],[98.87941,1.30075],[98.87763,1.30075],[98.87762,1.30705],[98.87405,1.30705],[98.87762,1.31695],[98.88031,1.31965],[98.88389,1.31875],[98.88478,1.32326],[98.88746,1.32326],[98.88746,1.31695],[98.89193,1.31605],[98.89015,1.31425],[98.8982,1.31515],[98.89819,1.32146],[98.90088,1.32326],[98.90267,1.31966],[98.90446,1.32236],[98.90446,1.33046],[98.90624,1.31606]],[[98.89909,1.31155],[98.90088,1.31155],[98.90177,1.31245],[98.89909,1.31155]],[[98.88031,1.31605],[98.87941,1.31695],[98.87941,1.31605],[98.88031,1.31605]],[[98.8821,1.31875],[98.8812,1.31785],[98.8821,1.31785],[98.8821,1.31875]],[[98.90267,1.31966],[98.90356,1.31876],[98.90356,1.31966],[98.90267,1.31966]],[[98.90267,1.31786],[98.90177,1.31606],[98.90267,1.31606],[98.90267,1.31786]],[[98.88478,1.31695],[98.88389,1.31605],[98.88478,1.31605],[98.88478,1.31695]]],[[[98.92771,1.31876],[98.93039,1.32056],[98.92771,1.31516],[98.92771,1.31876]]],[[[98.90803,1.32236],[98.9125,1.32596],[98.9125,1.32326],[98.90624,1.32056],[98.90714,1.32866],[98.90982,1.32776],[98.90803,1.32236]]],[[[98.8812,1.32686],[98.88567,1.32506],[98.88299,1.32326],[98.8812,1.32686]]],[[[98.9295,1.32596],[98.93218,1.32866],[98.93308,1.32506],[98.9295,1.32596]]],[[[98.90893,1.32866],[98.91161,1.32866],[98.91161,1.32686],[98.90893,1.32866]]],[[[98.93039,1.32776],[98.9286,1.32956],[98.93039,1.33046],[98.93039,1.32776]]],[[[98.93307,1.33136],[98.93129,1.33316],[98.93486,1.33226],[98.93397,1.32866],[98.93129,1.33046],[98.93307,1.33136]]],[[[98.91161,1.33316],[98.90982,1.33406],[98.90982,1.33586],[98.91161,1.33496],[98.91161,1.33316]]],[[[98.90803,1.34126],[98.90893,1.33766],[98.90803,1.33766],[98.90714,1.34126],[98.90803,1.34126]]],[[[98.90624,1.34396],[98.90714,1.34126],[98.90535,1.34126],[98.90624,1.34396]]],[[[98.83826,1.43667],[98.84095,1.43667],[98.84095,1.43397],[98.84005,1.43577],[98.83826,1.43667]]],[[[98.83826,1.43667],[98.83558,1.43667],[98.83558,1.43847],[98.83737,1.43847],[98.83826,1.43667]]],[[[98.84542,1.44207],[98.84542,1.43667],[98.84184,1.43577],[98.84184,1.44207],[98.84542,1.44207]]],[[[98.89819,1.46548],[98.89729,1.46728],[98.89729,1.45918],[98.89461,1.45918],[98.89461,1.46278],[98.88477,1.46008],[98.88477,1.46548],[98.88835,1.46278],[98.88924,1.46548],[98.89551,1.46548],[98.89819,1.46998],[98.90266,1.47088],[98.90356,1.46728],[98.89819,1.46548]]],[[[98.93307,1.46818],[98.92681,1.46458],[98.91608,1.46458],[98.91697,1.46728],[98.92681,1.46638],[98.92681,1.46818],[98.93039,1.46818],[98.9277,1.47088],[98.93307,1.47268],[98.93307,1.46818]],[[98.91965,1.46638],[98.91876,1.46548],[98.91965,1.46548],[98.91965,1.46638]]],[[[98.85883,1.46998],[98.86331,1.46998],[98.85973,1.46818],[98.85883,1.46998]]],[[[98.91608,1.48168],[98.91965,1.48168],[98.91965,1.47808],[98.91608,1.47808],[98.91608,1.48168]]],[[[98.90355,1.48078],[98.90892,1.48438],[98.90713,1.48078],[98.90355,1.48078]]],[[[98.90892,1.48348],[98.91608,1.48528],[98.91608,1.48168],[98.90892,1.48078],[98.90892,1.48348]]],[[[98.85883,1.50599],[98.86062,1.50869],[98.86151,1.50689],[98.85883,1.50599]]],[[[98.86151,1.51229],[98.86241,1.50959],[98.85973,1.50959],[98.86151,1.51139],[98.85973,1.51319],[98.86151,1.51229]]],[[[98.92323,1.52489],[98.92144,1.52219],[98.91965,1.52489],[98.92323,1.52489]]],[[[98.83647,1.52489],[98.83736,1.52939],[98.84005,1.52939],[98.83915,1.52489],[98.83647,1.52489]]],[[[98.83826,1.55459],[98.83736,1.55009],[98.83915,1.54739],[98.83826,1.54289],[98.83289,1.54379],[98.83289,1.54649],[98.83647,1.54829],[98.83647,1.55279],[98.83378,1.55459],[98.83826,1.55459]],[[98.83826,1.54739],[98.83736,1.54649],[98.83826,1.54649],[98.83826,1.54739]],[[98.83468,1.54649],[98.83557,1.54559],[98.83557,1.54649],[98.83468,1.54649]]],[[[98.84809,1.55999],[98.85078,1.55999],[98.84899,1.55639],[98.84452,1.55729],[98.84362,1.56179],[98.83826,1.56179],[98.83647,1.55819],[98.83378,1.55909],[98.83468,1.56269],[98.84004,1.56359],[98.84004,1.56719],[98.84094,1.56539],[98.84809,1.5672],[98.84809,1.55999]]],[[[98.8633,1.5672],[98.86419,1.569],[98.86509,1.5654],[98.85883,1.5663],[98.85883,1.5708],[98.86151,1.5708],[98.86062,1.5681],[98.8633,1.5672]]],[[[98.85525,1.5663],[98.85346,1.5708],[98.85704,1.5717],[98.85793,1.569],[98.85525,1.5663]]],[[[98.86062,1.5753],[98.8633,1.5744],[98.8633,1.5717],[98.86062,1.5753]]],[[[98.85883,1.5789],[98.85883,1.5744],[98.85346,1.5744],[98.85435,1.5771],[98.85883,1.5789]],[[98.85614,1.5753],[98.85525,1.5762],[98.85525,1.5753],[98.85614,1.5753]]],[[[98.85078,1.5852],[98.84899,1.5843],[98.84541,1.5879],[98.84899,1.5888],[98.85078,1.5852]]],[[[98.83378,1.6077],[98.83378,1.6059],[98.83557,1.6041],[98.83199,1.605],[98.83378,1.6077]]],[[[98.86687,1.6086],[98.86419,1.6059],[98.86509,1.6095],[98.86687,1.6086]]],[[[98.85346,1.6122],[98.85435,1.6086],[98.85077,1.6086],[98.85077,1.6104],[98.85346,1.6122]]],[[[98.85703,1.68962],[98.84719,1.69052],[98.85256,1.69322],[98.85703,1.69142],[98.85703,1.68962]]],[[[98.84451,1.69232],[98.8454,1.69862],[98.84629,1.69862],[98.84719,1.69592],[98.84451,1.69232]]],[[[98.85862,3.48809],[98.85772,3.48629],[98.85414,3.48539],[98.85504,3.48809],[98.85862,3.48809]]],[[[98.87116,3.4917],[98.87474,3.4917],[98.87474,3.4863],[98.87206,3.4863],[98.87385,3.4908],[98.87116,3.4917]]],[[[98.87116,3.4944],[98.86758,3.4917],[98.86668,3.4953],[98.87116,3.4944]]],[[[98.89535,3.4953],[98.89624,3.489],[98.89445,3.4881],[98.89445,3.4917],[98.89087,3.4926],[98.88728,3.498],[98.89176,3.4989],[98.89087,3.4971],[98.89266,3.4944],[98.89535,3.4953]]],[[[98.90699,3.4962],[98.90789,3.4989],[98.90968,3.4989],[98.90968,3.4962],[98.90699,3.4962]]],[[[98.90699,3.4971],[98.9052,3.4998],[98.90789,3.4998],[98.90699,3.4971]]],[[[98.88907,3.5007],[98.88997,3.5034],[98.89355,3.5034],[98.89087,3.4998],[98.88907,3.5007]]],[[[98.86041,3.4989],[98.85772,3.5007],[98.85683,3.5061],[98.85145,3.5079],[98.85145,3.5106],[98.86041,3.5115],[98.85951,3.516],[98.86399,3.5142],[98.8622,3.5115],[98.8631,3.507],[98.86489,3.507],[98.86399,3.5034],[98.87026,3.5025],[98.87026,3.4998],[98.86758,3.5016],[98.86758,3.498],[98.8631,3.4971],[98.86399,3.4926],[98.85952,3.48809],[98.85683,3.49169],[98.85862,3.4908],[98.85862,3.4953],[98.86399,3.4989],[98.8631,3.5016],[98.86041,3.4989]],[[98.86489,3.498],[98.86578,3.4989],[98.86489,3.4989],[98.86489,3.498]],[[98.86041,3.4953],[98.86131,3.4944],[98.86131,3.4953],[98.86041,3.4953]],[[98.85593,3.5097],[98.85503,3.5079],[98.85593,3.5079],[98.85593,3.5097]],[[98.86041,3.5088],[98.85951,3.5079],[98.86041,3.5079],[98.86041,3.5088]],[[98.86041,3.4926],[98.85951,3.4917],[98.86041,3.4917],[98.86041,3.4926]]],[[[98.86489,3.5124],[98.86578,3.5097],[98.86399,3.5097],[98.8631,3.5115],[98.86489,3.5124]]],[[[98.86399,3.5142],[98.86668,3.516],[98.86668,3.5133],[98.86399,3.5142]]],[[[98.8613,3.5187],[98.86489,3.5196],[98.86489,3.5169],[98.86041,3.5169],[98.8613,3.5187]],[[98.86309,3.5187],[98.86399,3.5178],[98.86399,3.5187],[98.86309,3.5187]]],[[[98.8389,3.5358],[98.84338,3.5412],[98.84159,3.5358],[98.84518,3.5358],[98.84607,3.5331],[98.85145,3.5349],[98.85055,3.5322],[98.84876,3.5331],[98.84966,3.5268],[98.85234,3.5277],[98.85234,3.525],[98.85593,3.5259],[98.85772,3.5223],[98.86309,3.5214],[98.85862,3.5178],[98.85414,3.5178],[98.85414,3.5196],[98.85682,3.5187],[98.85593,3.5214],[98.85234,3.5205],[98.85145,3.5178],[98.85682,3.5124],[98.85145,3.5133],[98.85235,3.5115],[98.84966,3.5106],[98.84697,3.5133],[98.84607,3.5115],[98.84876,3.5106],[98.84697,3.5061],[98.84339,3.5169],[98.84697,3.516],[98.84697,3.5187],[98.84518,3.5178],[98.84428,3.5214],[98.84159,3.5196],[98.84428,3.5331],[98.8389,3.5358]],[[98.85234,3.525],[98.85145,3.5241],[98.85234,3.5241],[98.85234,3.525]],[[98.85862,3.5187],[98.85772,3.5196],[98.85772,3.5187],[98.85862,3.5187]],[[98.84428,3.5295],[98.84697,3.5277],[98.84697,3.5214],[98.85055,3.5187],[98.84697,3.5322],[98.84428,3.5295]],[[98.85055,3.5241],[98.84966,3.525],[98.84966,3.5241],[98.85055,3.5241]],[[98.85324,3.5223],[98.85234,3.5232],[98.85234,3.5223],[98.85324,3.5223]]],[[[98.85593,3.5259],[98.85772,3.5277],[98.85772,3.5259],[98.85593,3.5259]]],[[[98.8622,3.5268],[98.85951,3.5295],[98.8622,3.5304],[98.8622,3.5268]]],[[[98.85772,3.5304],[98.85324,3.5322],[98.85413,3.5358],[98.85682,3.5322],[98.8604,3.5322],[98.85772,3.5304]]],[[[98.85682,3.5331],[98.85593,3.5358],[98.8604,3.534],[98.8604,3.5331],[98.85682,3.5331]]],[[[98.85951,3.5394],[98.8622,3.5358],[98.85682,3.5367],[98.85951,3.5394]]],[[[98.8389,3.5439],[98.8389,3.5385],[98.83084,3.5376],[98.83263,3.5403],[98.82905,3.5412],[98.82905,3.5439],[98.83711,3.5439],[98.83801,3.5421],[98.8389,3.5439]],[[98.83801,3.5394],[98.83711,3.5412],[98.83711,3.5394],[98.83801,3.5394]],[[98.83532,3.5394],[98.83442,3.5403],[98.83442,3.5394],[98.83532,3.5394]]],[[[98.90878,3.53941],[98.90609,3.53941],[98.90519,3.54301],[98.90878,3.54301],[98.90878,3.53941]]],[[[98.85055,3.5412],[98.84965,3.5367],[98.84697,3.5367],[98.84786,3.5349],[98.84338,3.5367],[98.84517,3.5412],[98.84338,3.5421],[98.84876,3.5412],[98.84696,3.5466],[98.84965,3.5475],[98.84786,3.5502],[98.84965,3.5511],[98.85413,3.5439],[98.85055,3.5412]],[[98.85055,3.5439],[98.84965,3.543],[98.85055,3.543],[98.85055,3.5439]],[[98.84786,3.5403],[98.84607,3.5385],[98.84697,3.5385],[98.84786,3.5403]]],[[[98.85503,3.5475],[98.8604,3.5475],[98.8613,3.543],[98.85503,3.543],[98.85503,3.5475]]],[[[98.89265,3.54571],[98.88997,3.54751],[98.89265,3.54841],[98.89265,3.54571]]],[[[98.90878,3.54661],[98.90699,3.54931],[98.91057,3.54931],[98.90878,3.54661]]],[[[98.84069,3.5439],[98.84069,3.5484],[98.84428,3.5466],[98.84428,3.5493],[98.84338,3.552],[98.84069,3.5511],[98.84159,3.5529],[98.84696,3.552],[98.84517,3.5439],[98.84069,3.5439]],[[98.84338,3.5457],[98.84249,3.5448],[98.84338,3.5448],[98.84338,3.5457]]],[[[98.9034,3.55381],[98.9043,3.55111],[98.89892,3.55201],[98.90698,3.55831],[98.90788,3.55471],[98.9034,3.55381]]],[[[98.84069,3.5556],[98.84159,3.5601],[98.84517,3.5601],[98.84517,3.5565],[98.84069,3.5556]]],[[[98.89982,3.55741],[98.89355,3.55741],[98.89444,3.55921],[98.89982,3.55741]]],[[[98.83532,3.5628],[98.83621,3.5574],[98.83442,3.5574],[98.83442,3.5601],[98.83532,3.5628]]],[[[98.89892,3.56101],[98.9034,3.56101],[98.9034,3.55921],[98.89982,3.55831],[98.89892,3.56101]]],[[[98.93028,3.56011],[98.9258,3.55741],[98.92759,3.56011],[98.9249,3.56281],[98.92938,3.56551],[98.93028,3.56011]]],[[[98.88369,3.56551],[98.88907,3.56461],[98.88369,3.56281],[98.88369,3.56551]]],[[[98.92938,3.56731],[98.92669,3.56731],[98.92759,3.57001],[98.92938,3.57001],[98.92938,3.56731]]],[[[98.82994,3.5727],[98.838,3.5718],[98.838,3.5637],[98.83532,3.5637],[98.83711,3.5655],[98.83442,3.5664],[98.83084,3.5655],[98.83263,3.5691],[98.82994,3.57],[98.82994,3.5727]],[[98.83263,3.5691],[98.83352,3.57],[98.83263,3.57],[98.83263,3.5691]],[[98.83352,3.5691],[98.83442,3.5682],[98.83442,3.5691],[98.83352,3.5691]],[[98.83531,3.57],[98.83442,3.5709],[98.83442,3.57],[98.83531,3.57]]],[[[98.92669,3.56911],[98.92132,3.56641],[98.92221,3.57001],[98.91953,3.56821],[98.91953,3.57091],[98.92311,3.57091],[98.9249,3.56911],[98.9258,3.57091],[98.92669,3.56911]]],[[[98.8398,3.5655],[98.8389,3.5727],[98.83979,3.5727],[98.8398,3.5655]]],[[[98.84427,3.57],[98.84248,3.5655],[98.84248,3.5727],[98.84696,3.5709],[98.84696,3.5682],[98.84427,3.57]]],[[[98.84786,3.5736],[98.84786,3.57631],[98.84427,3.5745],[98.84248,3.5781],[98.85054,3.57811],[98.84786,3.5736]]],[[[98.83352,3.5871],[98.83352,3.5853],[98.83173,3.5844],[98.83083,3.5862],[98.83352,3.5871]]],[[[98.85681,3.58981],[98.8604,3.58711],[98.85771,3.58441],[98.85681,3.58981]]],[[[98.83978,3.63031],[98.84158,3.62761],[98.83978,3.62761],[98.83978,3.63031]]],[[[98.8353,3.63301],[98.8371,3.63481],[98.8362,3.64111],[98.83799,3.64111],[98.83889,3.63391],[98.8371,3.63211],[98.83978,3.63211],[98.83978,3.63031],[98.8353,3.63301]]],[[[98.83978,3.64381],[98.8362,3.64291],[98.8362,3.64741],[98.83978,3.64381]]],[[[98.84784,3.65192],[98.84605,3.65372],[98.85053,3.65372],[98.84695,3.64741],[98.84784,3.65192]]],[[[98.83351,3.65641],[98.83261,3.65011],[98.83172,3.65191],[98.82903,3.65101],[98.8344,3.66091],[98.8353,3.65551],[98.83351,3.65641]]],[[[99.03771,0.92989],[99.02787,0.93439],[99.02787,0.94249],[99.0243,0.94249],[99.0243,0.94519],[99.02877,0.94519],[99.03592,0.94069],[99.03861,0.93529],[99.03771,0.92989]],[[99.03413,0.94159],[99.03324,0.94069],[99.03413,0.94069],[99.03413,0.94159]],[[99.03771,0.93169],[99.03682,0.93259],[99.03682,0.93169],[99.03771,0.93169]]],[[[99.01357,0.95329],[99.01357,0.94879],[99.01267,0.94879],[99.01088,0.95059],[99.01357,0.95329]]],[[[98.95544,1.03251],[98.95186,1.03251],[98.95186,1.02441],[98.94113,1.02711],[98.94024,1.03341],[98.94471,1.02981],[98.94739,1.03341],[98.94828,1.02981],[98.94471,1.02711],[98.95007,1.02711],[98.95007,1.03521],[98.95544,1.03431],[98.95544,1.03251]],[[98.95007,1.03251],[98.95097,1.03161],[98.95097,1.03251],[98.95007,1.03251]]],[[[98.95186,1.04961],[98.95812,1.04331],[98.95544,1.04241],[98.95454,1.03701],[98.95097,1.03611],[98.95454,1.03971],[98.95097,1.04061],[98.95186,1.04961]],[[98.95544,1.04511],[98.95454,1.04421],[98.95544,1.04421],[98.95544,1.04511]],[[98.95454,1.04241],[98.95276,1.04151],[98.95454,1.04151],[98.95454,1.04241]]],[[[99.03324,1.05051],[99.03592,1.04871],[99.03235,1.04781],[99.03324,1.05051]]],[[[98.96885,1.05051],[98.96885,1.04781],[98.96796,1.04781],[98.96617,1.05141],[98.96885,1.05051]]],[[[99.02966,1.05231],[99.03235,1.04961],[99.02877,1.04961],[99.02966,1.05231]]],[[[99.00552,1.05321],[99.00641,1.04961],[99.00552,1.05141],[99.00284,1.05051],[99.00284,1.05321],[99.00552,1.05321]]],[[[99.02698,1.05321],[99.0234,1.05141],[99.02251,1.05321],[99.02698,1.05321]]],[[[98.95544,1.05411],[98.95902,1.05411],[98.95902,1.05231],[98.95544,1.05141],[98.95544,1.05411]]],[[[99.04308,1.05141],[99.04218,1.05411],[99.04308,1.05411],[99.04308,1.05141]]],[[[98.98406,1.05231],[98.98406,1.05411],[98.98674,1.05321],[98.98763,1.05501],[98.98763,1.05231],[98.98406,1.05231]]],[[[98.97154,1.05231],[98.96617,1.05411],[98.96528,1.05141],[98.96438,1.05411],[98.96796,1.05771],[98.97243,1.05591],[98.97154,1.05231]]],[[[98.98406,1.05771],[98.98763,1.05681],[98.98406,1.05681],[98.98406,1.05771]]],[[[98.99121,1.05771],[98.98763,1.05861],[98.99121,1.05951],[98.99121,1.05771]]],[[[98.97511,1.06041],[98.9778,1.05771],[98.97422,1.05681],[98.97511,1.06041]]],[[[99.00105,1.06221],[98.99836,1.05951],[98.99658,1.05951],[98.99747,1.06221],[99.00105,1.06221]]],[[[98.99032,1.06041],[98.9921,1.06221],[98.99389,1.06041],[98.99032,1.06041]]],[[[99.0091,1.06851],[99.00731,1.06581],[99.00731,1.06851],[99.0091,1.06851]]],[[[98.95723,1.06671],[98.9617,1.07121],[98.9617,1.06761],[98.95723,1.06671]]],[[[99.02072,1.07842],[99.01893,1.07031],[99.01536,1.07031],[99.01446,1.06491],[99.01088,1.06401],[99.01088,1.06671],[99.01357,1.06761],[99.01178,1.06851],[99.01267,1.07211],[99.02072,1.07842]],[[99.01536,1.07031],[99.01446,1.07211],[99.01446,1.07031],[99.01536,1.07031]],[[99.01714,1.07482],[99.01804,1.07391],[99.01804,1.07482],[99.01714,1.07482]]],[[[98.97601,1.10182],[98.97154,1.10002],[98.97154,1.10092],[98.97601,1.10182]]],[[[99.03771,1.10362],[99.04219,1.10272],[99.04129,1.09822],[99.03861,1.09912],[99.03771,1.10362]],[[99.0395,1.10272],[99.03861,1.10182],[99.0395,1.10182],[99.0395,1.10272]]],[[[98.98584,1.10182],[98.98763,1.10452],[98.98942,1.10362],[98.98763,1.10092],[98.98584,1.10182]]],[[[98.99121,1.10632],[98.99479,1.10452],[98.99032,1.10362],[98.99121,1.10632]]],[[[98.96885,1.10992],[98.97064,1.10902],[98.96975,1.10092],[98.96885,1.10092],[98.96885,1.10992]]],[[[98.98674,1.17563],[98.98942,1.17563],[98.98942,1.17203],[98.98674,1.17563]]],[[[99.02877,1.30255],[99.02967,1.30796],[99.03056,1.30796],[99.03146,1.30526],[99.02877,1.30255]]],[[[98.95812,1.32956],[98.95543,1.32866],[98.95543,1.32956],[98.95812,1.32956]]],[[[98.94828,1.32956],[98.94828,1.33136],[98.95186,1.33046],[98.95186,1.32956],[98.94828,1.32956]]],[[[98.95812,1.33046],[98.95543,1.33316],[98.95901,1.33316],[98.95812,1.33046]]],[[[98.95365,1.33226],[98.95096,1.33136],[98.95096,1.33496],[98.95186,1.33496],[98.95365,1.33226]]],[[[98.94917,1.33766],[98.95186,1.33586],[98.94917,1.33586],[98.94917,1.33766]]],[[[98.95722,1.33856],[98.95543,1.34216],[98.95901,1.34396],[98.95722,1.33856]]],[[[98.97958,1.34306],[98.98048,1.33946],[98.9769,1.33946],[98.97958,1.34486],[98.97869,1.34936],[98.98316,1.35116],[98.98137,1.35476],[98.98405,1.35476],[98.98316,1.34396],[98.97958,1.34306]]],[[[98.96974,1.35206],[98.97064,1.34936],[98.96527,1.34936],[98.96527,1.35026],[98.96974,1.35206]]],[[[99.01178,1.35386],[99.01178,1.34756],[99.01089,1.34756],[99.00999,1.35386],[99.01178,1.35386]]],[[[98.97958,1.35386],[98.97958,1.35656],[98.98137,1.35656],[98.98137,1.35476],[98.97958,1.35386]]],[[[99.00999,1.35746],[99.0082,1.35836],[99.01089,1.35836],[99.01178,1.35476],[99.0082,1.35566],[99.00999,1.35746]]],[[[98.97332,1.35566],[98.97422,1.36016],[98.97243,1.36287],[98.97511,1.36197],[98.97511,1.35566],[98.97332,1.35566]]],[[[98.97869,1.36377],[98.98048,1.36106],[98.97958,1.35656],[98.97779,1.36197],[98.97869,1.36377]]],[[[98.97332,1.36467],[98.976,1.36377],[98.976,1.36197],[98.97332,1.36467]]],[[[98.95991,1.36647],[98.96169,1.36827],[98.95991,1.37007],[98.96617,1.36737],[98.95991,1.36647]]],[[[98.95543,1.37097],[98.95722,1.37277],[98.95543,1.36737],[98.95543,1.37097]]],[[[98.97243,1.36737],[98.97243,1.37007],[98.96885,1.37367],[98.97332,1.37277],[98.97511,1.36737],[98.97243,1.36737]]],[[[98.96974,1.37457],[98.96706,1.37907],[98.97243,1.37727],[98.96974,1.37457]]],[[[98.97511,1.37547],[98.96974,1.38087],[98.97332,1.38177],[98.97958,1.37727],[98.97511,1.37547]]],[[[98.96617,1.37817],[98.96438,1.38357],[98.96617,1.38447],[98.96617,1.37817]]],[[[98.94917,1.38717],[98.95275,1.38627],[98.95186,1.38357],[98.94917,1.38537],[98.94917,1.38717]]],[[[98.95633,1.38627],[98.95722,1.39077],[98.95543,1.39257],[98.95722,1.39257],[98.95901,1.38807],[98.95633,1.38627]]],[[[98.95364,1.39527],[98.95096,1.39257],[98.95007,1.39437],[98.95364,1.39527]]],[[[98.95096,1.39977],[98.95186,1.39617],[98.94828,1.39617],[98.94738,1.39887],[98.95096,1.39977]]],[[[98.97958,1.39797],[98.97958,1.39977],[98.98316,1.39977],[98.98405,1.39707],[98.97958,1.39797]]],[[[98.98584,1.39977],[98.98853,1.40067],[98.98942,1.39797],[98.98584,1.39707],[98.98584,1.39977]]],[[[98.9921,1.40247],[98.99568,1.40157],[98.99479,1.39887],[98.99121,1.39977],[98.9921,1.40247]]],[[[98.96617,1.40787],[98.96974,1.41237],[98.96974,1.40697],[98.96617,1.40787]]],[[[98.99658,1.45468],[98.99836,1.45018],[98.99658,1.45018],[98.99658,1.45468]]],[[[99.03504,1.45918],[99.03414,1.45648],[99.03325,1.45918],[99.03504,1.45918]]],[[[99.02967,1.46098],[99.03325,1.46098],[99.03772,1.46278],[99.03325,1.45918],[99.02967,1.46098]]],[[[99.03951,1.46638],[99.04219,1.46458],[99.0404,1.46368],[99.03951,1.46638]]],[[[99.01089,1.48619],[99.01178,1.49339],[99.01536,1.49249],[99.01446,1.48619],[99.01089,1.48619]]],[[[99.00641,1.50239],[99.00641,1.49969],[99.0091,1.50059],[99.00999,1.49789],[99.0091,1.48799],[99.00641,1.48889],[99.00641,1.48439],[99.00284,1.48439],[99.00194,1.48799],[98.99568,1.48349],[99.00105,1.48979],[98.99836,1.49249],[98.99568,1.49159],[98.99747,1.49519],[98.99926,1.49519],[98.99926,1.50149],[99.00552,1.50059],[99.00641,1.50239]],[[99.0091,1.49249],[99.00641,1.49339],[99.00641,1.49159],[99.0091,1.49249]],[[99.00194,1.48799],[99.00105,1.48889],[99.00105,1.48799],[99.00194,1.48799]],[[98.99926,1.49159],[99.00015,1.49249],[98.99926,1.49249],[98.99926,1.49159]],[[99.00194,1.49879],[99.00105,1.49969],[99.00105,1.49879],[99.00194,1.49879]],[[99.00463,1.49789],[99.00284,1.49879],[99.00284,1.49789],[99.00463,1.49789]],[[99.00284,1.49609],[99.00105,1.49699],[99.00105,1.49609],[99.00284,1.49609]],[[99.0082,1.49519],[99.00641,1.49699],[99.00552,1.49699],[99.00552,1.49429],[99.0082,1.49519]],[[99.00105,1.49429],[99.00015,1.49519],[99.00015,1.49429],[99.00105,1.49429]],[[99.00463,1.49339],[99.00373,1.49519],[99.00194,1.49519],[99.00463,1.49339]],[[99.00284,1.49339],[99.00105,1.49159],[99.00284,1.48979],[99.00284,1.49339]],[[98.99926,1.49339],[98.99836,1.49429],[98.99836,1.49339],[98.99926,1.49339]],[[99.00463,1.49069],[99.00373,1.49249],[99.00373,1.49069],[99.00463,1.49069]]],[[[98.99658,1.51679],[98.99926,1.51589],[98.99926,1.51319],[98.99568,1.51499],[98.99658,1.51679]]],[[[98.98942,1.52309],[98.99121,1.52219],[98.99121,1.52039],[98.98942,1.52039],[98.98942,1.52309]]],[[[98.99121,1.52849],[98.98942,1.52309],[98.98763,1.52309],[98.99121,1.52849]]],[[[98.96973,2.03078],[98.97242,2.02898],[98.97063,2.02628],[98.96973,2.03078]]],[[[99.00463,2.32153],[99.00284,2.32513],[99.00463,2.32513],[99.00463,2.32153]]],[[[99.04314,3.34138],[99.04225,3.33868],[99.03956,3.33958],[99.04046,3.34138],[99.04314,3.34138]]],[[[99.03508,3.34498],[99.04135,3.34498],[99.03956,3.34228],[99.03419,3.34228],[99.03508,3.34498]],[[99.03687,3.34318],[99.03777,3.34408],[99.03687,3.34408],[99.03687,3.34318]]],[[[99.03061,3.34318],[99.02792,3.33868],[99.02792,3.34228],[99.02434,3.34048],[99.02702,3.34768],[99.03419,3.35129],[99.03419,3.34858],[99.0315,3.34588],[99.02881,3.34768],[99.02792,3.34408],[99.03061,3.34318]],[[99.03329,3.34858],[99.0315,3.34948],[99.0315,3.34858],[99.03329,3.34858]]],[[[99.03956,3.35489],[99.04225,3.35489],[99.04135,3.35038],[99.03777,3.35219],[99.03956,3.35489]],[[99.04135,3.35309],[99.04046,3.35399],[99.04046,3.35309],[99.04135,3.35309]]],[[[98.96253,3.51151],[98.96522,3.51061],[98.96432,3.50881],[98.96253,3.50881],[98.96253,3.51151]]],[[[98.95536,3.50971],[98.95088,3.50881],[98.94999,3.51241],[98.95178,3.50971],[98.95536,3.50971]]],[[[98.9688,3.51421],[98.97238,3.51421],[98.97238,3.51241],[98.9688,3.51241],[98.9688,3.51421]]],[[[98.96432,3.51511],[98.9679,3.51331],[98.96253,3.51331],[98.96432,3.51511]]],[[[98.95626,3.51511],[98.95536,3.51241],[98.94999,3.51331],[98.94999,3.51691],[98.95626,3.51511]]],[[[98.96701,3.51601],[98.9697,3.51691],[98.9697,3.51511],[98.96701,3.51601]]],[[[98.95447,3.51871],[98.95357,3.52141],[98.95536,3.51871],[98.95984,3.52051],[98.95984,3.51781],[98.95447,3.51871]]],[[[98.97238,3.52141],[98.9688,3.52141],[98.9679,3.52501],[98.9697,3.52501],[98.9697,3.52231],[98.97238,3.52141]]],[[[98.97149,3.52861],[98.96611,3.52951],[98.96611,3.53221],[98.97059,3.53131],[98.97149,3.52861]]],[[[98.97597,3.53671],[98.97507,3.53491],[98.9697,3.53581],[98.9697,3.53761],[98.97597,3.53671]]],[[[98.97149,3.55111],[98.97238,3.54841],[98.97507,3.54661],[98.96253,3.54751],[98.96611,3.54931],[98.96432,3.55291],[98.9688,3.55201],[98.96969,3.54841],[98.97149,3.55111]]],[[[98.96163,3.64743],[98.96521,3.64923],[98.967,3.64563],[98.96252,3.64563],[98.96163,3.64743]]],[[[99.11729,0.58063],[99.12176,0.57973],[99.11729,0.57883],[99.11729,0.58063]]],[[[99.11193,0.79846],[99.11282,0.79306],[99.11104,0.79756],[99.11014,0.79576],[99.10567,0.79756],[99.10746,0.79937],[99.10567,0.80117],[99.10835,0.80207],[99.10925,0.79846],[99.11193,0.79846]]],[[[99.10478,0.79846],[99.09941,0.79937],[99.09941,0.80207],[99.10478,0.80207],[99.10478,0.79846]]],[[[99.06275,0.83807],[99.05917,0.83627],[99.05738,0.84077],[99.06543,0.83897],[99.06543,0.83537],[99.06275,0.83807]]],[[[99.04934,0.83897],[99.05291,0.83987],[99.05202,0.83807],[99.04934,0.83897]]],[[[99.06007,0.88488],[99.06275,0.88758],[99.06364,0.88308],[99.05828,0.88218],[99.05738,0.88578],[99.06007,0.88488]]],[[[99.09226,0.96769],[99.09494,0.96769],[99.09584,0.96499],[99.09047,0.96409],[99.09226,0.96769]]],[[[99.06722,0.9848],[99.05649,0.9866],[99.0556,0.9848],[99.0556,0.9884],[99.06633,0.9902],[99.06722,0.9848]]],[[[99.05649,1.0082],[99.05202,1.0046],[99.04934,1.01],[99.05649,1.0127],[99.05649,1.0082]],[[99.05202,1.0073],[99.05113,1.0082],[99.05113,1.0073],[99.05202,1.0073]]],[[[99.05649,1.02711],[99.05381,1.03341],[99.05649,1.03341],[99.05649,1.03071],[99.06544,1.02981],[99.06454,1.02801],[99.05828,1.02981],[99.05828,1.02711],[99.05739,1.02981],[99.05649,1.02711]]],[[[99.05113,1.03431],[99.05292,1.03431],[99.05292,1.03071],[99.05113,1.03071],[99.05113,1.03431]]],[[[99.05023,1.03701],[99.05292,1.03791],[99.05292,1.03521],[99.05023,1.03701]]],[[[99.05292,1.10542],[99.05739,1.10632],[99.0556,1.10272],[99.05292,1.10272],[99.05292,1.10542]]],[[[99.11641,1.11082],[99.11731,1.11262],[99.12088,1.11262],[99.1191,1.10902],[99.11552,1.10902],[99.11641,1.11082]],[[99.11641,1.11082],[99.11731,1.10992],[99.11731,1.11082],[99.11641,1.11082]]],[[[99.12446,1.12072],[99.12536,1.11442],[99.12088,1.11262],[99.12088,1.11712],[99.12446,1.12072]]],[[[99.12625,1.12342],[99.12536,1.12072],[99.12446,1.12072],[99.12446,1.12432],[99.12625,1.12342]]],[[[99.11105,1.12702],[99.11015,1.12522],[99.10747,1.12612],[99.10836,1.12792],[99.11105,1.12702]]],[[[99.09495,1.13962],[99.09853,1.14143],[99.09495,1.13782],[99.09495,1.13962]]],[[[99.09495,1.14503],[99.09406,1.14233],[99.09227,1.14233],[99.09227,1.14593],[99.09495,1.14503]]],[[[99.09584,1.15313],[99.09048,1.15133],[99.0869,1.15133],[99.09584,1.15583],[99.09584,1.15313]]],[[[99.12715,1.15583],[99.12446,1.15313],[99.12178,1.15583],[99.12715,1.15583]]],[[[99.12178,1.15133],[99.11999,1.15043],[99.1191,1.15403],[99.11015,1.15403],[99.11552,1.15583],[99.11641,1.15853],[99.1191,1.15493],[99.12089,1.15673],[99.12178,1.15133]],[[99.11731,1.15583],[99.11641,1.15493],[99.11731,1.15493],[99.11731,1.15583]]],[[[99.0869,1.15583],[99.08601,1.15943],[99.08869,1.15853],[99.0869,1.15583]]],[[[99.09316,1.15853],[99.09048,1.15763],[99.09048,1.15943],[99.09227,1.16033],[99.09316,1.15853]]],[[[99.11999,1.15763],[99.1182,1.15853],[99.1191,1.16033],[99.12089,1.16033],[99.11999,1.15763]]],[[[99.08601,1.16303],[99.08511,1.16483],[99.08511,1.16123],[99.08154,1.16213],[99.08243,1.16753],[99.08511,1.16573],[99.08869,1.16663],[99.08869,1.16393],[99.08601,1.16303]]],[[[99.07438,1.16573],[99.07706,1.16663],[99.07706,1.16483],[99.07438,1.16573]]],[[[99.09495,1.16843],[99.09227,1.16483],[99.09227,1.16843],[99.09495,1.16843]]],[[[99.08601,1.16663],[99.0878,1.16933],[99.0878,1.16663],[99.08601,1.16663]]],[[[99.09853,1.16933],[99.09674,1.17203],[99.09853,1.17203],[99.09853,1.16933]]],[[[99.06991,1.17833],[99.07349,1.19003],[99.07438,1.18733],[99.0717,1.18283],[99.07617,1.18463],[99.07617,1.18733],[99.08064,1.18643],[99.07796,1.18553],[99.07796,1.18373],[99.08511,1.18463],[99.08333,1.18193],[99.08511,1.17743],[99.08869,1.17833],[99.09137,1.18283],[99.09227,1.17743],[99.08869,1.17653],[99.08869,1.17203],[99.09137,1.17383],[99.09406,1.17293],[99.09406,1.17653],[99.09763,1.17563],[99.09585,1.17653],[99.09585,1.18283],[99.10121,1.18103],[99.103,1.18283],[99.10121,1.17833],[99.09942,1.17923],[99.09942,1.17653],[99.10479,1.17563],[99.10121,1.17203],[99.103,1.16933],[99.10568,1.16843],[99.10747,1.17473],[99.11015,1.17293],[99.10747,1.16933],[99.11641,1.17113],[99.11641,1.17293],[99.12446,1.17203],[99.12178,1.16663],[99.12625,1.16573],[99.12178,1.16483],[99.11463,1.15763],[99.11194,1.15943],[99.11284,1.15673],[99.11105,1.15853],[99.10837,1.15673],[99.10568,1.15943],[99.09942,1.15673],[99.09763,1.16393],[99.09406,1.16393],[99.09763,1.16033],[99.09584,1.15853],[99.09048,1.16483],[99.09316,1.16393],[99.09674,1.16753],[99.09942,1.16663],[99.09942,1.17473],[99.09763,1.17473],[99.09585,1.17113],[99.08959,1.17113],[99.08869,1.16843],[99.08869,1.17023],[99.08601,1.16933],[99.08511,1.17113],[99.08511,1.17383],[99.0878,1.17473],[99.08243,1.17563],[99.08332,1.17113],[99.07975,1.17203],[99.07885,1.17023],[99.08154,1.16933],[99.07528,1.16843],[99.07796,1.17113],[99.07528,1.17293],[99.07796,1.17473],[99.07438,1.17563],[99.07349,1.18013],[99.06991,1.17833]],[[99.09137,1.17293],[99.09227,1.17203],[99.09227,1.17293],[99.09137,1.17293]],[[99.10568,1.15943],[99.10479,1.16033],[99.10479,1.15943],[99.10568,1.15943]],[[99.0717,1.17923],[99.0708,1.18103],[99.0708,1.17923],[99.0717,1.17923]],[[99.07528,1.18103],[99.07438,1.18193],[99.07438,1.18103],[99.07528,1.18103]],[[99.07706,1.18013],[99.07617,1.18103],[99.07617,1.18013],[99.07706,1.18013]],[[99.07975,1.17563],[99.07885,1.17653],[99.07885,1.17563],[99.07975,1.17563]],[[99.12357,1.17023],[99.12267,1.17113],[99.12267,1.17023],[99.12357,1.17023]],[[99.11731,1.16933],[99.11641,1.17023],[99.11641,1.16933],[99.11731,1.16933]],[[99.11373,1.16843],[99.11284,1.16933],[99.11284,1.16843],[99.11373,1.16843]],[[99.10747,1.16753],[99.10658,1.16843],[99.10658,1.16753],[99.10747,1.16753]],[[99.11373,1.16393],[99.11552,1.16483],[99.11552,1.16843],[99.11373,1.16753],[99.11373,1.16393]],[[99.1191,1.16753],[99.11641,1.16843],[99.11641,1.16753],[99.1191,1.16753]],[[99.10032,1.16483],[99.103,1.16303],[99.103,1.16753],[99.10211,1.16753],[99.10032,1.16483]],[[99.11194,1.16663],[99.11015,1.16753],[99.11015,1.16663],[99.11194,1.16663]],[[99.12089,1.16573],[99.11999,1.16753],[99.11999,1.16573],[99.12089,1.16573]],[[99.10568,1.16483],[99.10479,1.16573],[99.10479,1.16483],[99.10568,1.16483]],[[99.1191,1.16483],[99.1182,1.16573],[99.1182,1.16483],[99.1191,1.16483]],[[99.10747,1.16393],[99.10658,1.16123],[99.10837,1.16123],[99.10926,1.16303],[99.10747,1.16393]],[[99.10837,1.16393],[99.10926,1.16483],[99.10837,1.16483],[99.10837,1.16393]],[[99.11284,1.16213],[99.11105,1.16393],[99.11194,1.16213],[99.11284,1.16213]],[[99.11463,1.16123],[99.11373,1.16213],[99.11373,1.16123],[99.11463,1.16123]],[[99.11284,1.16033],[99.11194,1.16123],[99.11194,1.16033],[99.11284,1.16033]],[[99.103,1.15943],[99.10211,1.16033],[99.10211,1.15943],[99.103,1.15943]]],[[[99.06991,1.18553],[99.06991,1.18283],[99.06812,1.18283],[99.06723,1.18643],[99.06991,1.18553]]],[[[99.06991,1.19093],[99.06633,1.19454],[99.07081,1.19454],[99.06991,1.19093]]],[[[99.07796,1.19544],[99.07528,1.19724],[99.07796,1.19814],[99.07796,1.19544]]],[[[99.05114,1.46818],[99.04577,1.46728],[99.04398,1.46998],[99.04935,1.47088],[99.05114,1.46818]],[[99.04577,1.46908],[99.04666,1.46998],[99.04577,1.46998],[99.04577,1.46908]]],[[[99.12092,1.74723],[99.11734,1.74543],[99.11734,1.74633],[99.12092,1.74723]]],[[[99.12092,1.74993],[99.12271,1.74813],[99.12181,1.74813],[99.12181,1.74723],[99.12092,1.74723],[99.12092,1.74993]]],[[[99.12007,2.37103],[99.12186,2.36923],[99.11917,2.36923],[99.12007,2.37103]]],[[[99.12096,2.37463],[99.12096,2.37283],[99.12365,2.37103],[99.12007,2.37193],[99.12096,2.37463]]],[[[99.13172,2.51415],[99.12903,2.51145],[99.12903,2.51415],[99.13172,2.51415]]],[[[99.1336,3.34048],[99.12913,3.33958],[99.12913,3.34228],[99.1336,3.34228],[99.1336,3.34048]]],[[[99.04404,3.34318],[99.04314,3.34768],[99.04583,3.34768],[99.04404,3.34678],[99.04404,3.34318]]],[[[99.04852,3.34858],[99.04583,3.34768],[99.04404,3.34948],[99.04673,3.34948],[99.04852,3.34858]]],[[[99.1157,3.37828],[99.11032,3.37468],[99.11032,3.37828],[99.1157,3.37828]]],[[[99.11928,3.37738],[99.11659,3.37828],[99.1139,3.38008],[99.11659,3.38188],[99.12017,3.38008],[99.11928,3.37738]]],[[[99.10764,3.38458],[99.10943,3.38818],[99.11122,3.38728],[99.10764,3.38458]]],[[[99.1157,3.38728],[99.11749,3.38458],[99.11122,3.38818],[99.11211,3.39088],[99.11659,3.38998],[99.1148,3.39268],[99.11928,3.39088],[99.1157,3.38728]]],[[[99.11838,3.39268],[99.12107,3.39358],[99.12197,3.39178],[99.11928,3.39088],[99.12018,3.39268],[99.11838,3.39268]]],[[[99.11211,3.39088],[99.11122,3.39449],[99.11212,3.39449],[99.11211,3.39088]]],[[[99.1148,3.39989],[99.11749,3.39719],[99.11391,3.39809],[99.1148,3.39989]]],[[[99.1157,3.39989],[99.11749,3.40259],[99.11659,3.39989],[99.1157,3.39989]]],[[[99.12107,3.41429],[99.12555,3.41159],[99.12645,3.41339],[99.13272,3.40708],[99.13093,3.40258],[99.12913,3.40258],[99.12914,3.40618],[99.12645,3.39718],[99.12197,3.39898],[99.12197,3.39628],[99.12645,3.39448],[99.11839,3.39448],[99.12286,3.40169],[99.11391,3.40349],[99.11122,3.40709],[99.12107,3.41429]],[[99.12824,3.40438],[99.12555,3.40709],[99.12555,3.40439],[99.12824,3.40438]],[[99.1148,3.40889],[99.1157,3.40799],[99.1157,3.40889],[99.1148,3.40889]],[[99.1157,3.40799],[99.11749,3.40619],[99.1166,3.40799],[99.1157,3.40799]],[[99.12645,3.41069],[99.12555,3.40979],[99.12645,3.40979],[99.12645,3.41069]],[[99.11839,3.40979],[99.11749,3.40889],[99.11839,3.40889],[99.11839,3.40979]],[[99.12197,3.40889],[99.12018,3.40709],[99.12197,3.40709],[99.12197,3.40889]],[[99.12914,3.40889],[99.12824,3.40799],[99.12914,3.40799],[99.12914,3.40889]],[[99.12376,3.40349],[99.12286,3.40259],[99.12376,3.40259],[99.12376,3.40349]],[[99.12645,3.40258],[99.12555,3.40168],[99.12645,3.40168],[99.12645,3.40258]],[[99.12466,3.40078],[99.12376,3.39988],[99.12466,3.39988],[99.12466,3.40078]]],[[[99.10495,3.41249],[99.10406,3.41699],[99.10674,3.41699],[99.10764,3.41339],[99.10495,3.41249]]],[[[99.12376,3.41699],[99.1166,3.41249],[99.12107,3.41609],[99.11839,3.42149],[99.12376,3.41699]]],[[[99.11301,3.41879],[99.1157,3.41699],[99.1148,3.41339],[99.11212,3.41339],[99.11212,3.41789],[99.11122,3.41609],[99.10495,3.41789],[99.11033,3.42509],[99.11122,3.42149],[99.11481,3.41969],[99.11301,3.41879]]],[[[99.11122,3.42959],[99.11212,3.42599],[99.10854,3.42509],[99.10764,3.42869],[99.11122,3.42959]]],[[[99.13452,3.45479],[99.1381,3.44669],[99.14168,3.44849],[99.14168,3.44579],[99.1381,3.44489],[99.14168,3.43589],[99.1381,3.43499],[99.13989,3.43049],[99.1372,3.42959],[99.14437,3.42689],[99.14168,3.44219],[99.14526,3.43949],[99.14616,3.43499],[99.14885,3.43589],[99.14705,3.43409],[99.14884,3.42959],[99.14347,3.42599],[99.14526,3.42058],[99.14347,3.41428],[99.13182,3.40888],[99.13003,3.41339],[99.13093,3.41519],[99.13272,3.41609],[99.13272,3.42149],[99.13541,3.42059],[99.13541,3.41699],[99.13899,3.41789],[99.13362,3.42329],[99.13093,3.42149],[99.13093,3.42419],[99.13362,3.42419],[99.13093,3.42509],[99.13183,3.42779],[99.12735,3.42599],[99.12735,3.41699],[99.12376,3.41699],[99.11839,3.42509],[99.11839,3.42149],[99.1157,3.42149],[99.11301,3.42689],[99.1166,3.43229],[99.12108,3.43319],[99.12108,3.43589],[99.12645,3.44129],[99.13362,3.43949],[99.13004,3.44489],[99.13362,3.44579],[99.13362,3.44939],[99.13541,3.44939],[99.13183,3.45209],[99.13452,3.45479]],[[99.14078,3.43589],[99.13989,3.43679],[99.13989,3.43589],[99.14078,3.43589]],[[99.13182,3.41519],[99.13361,3.41429],[99.13361,3.41519],[99.13182,3.41519]],[[99.13899,3.41699],[99.14078,3.41518],[99.14168,3.41698],[99.13899,3.41699]],[[99.12197,3.43409],[99.12466,3.43499],[99.12466,3.43589],[99.12197,3.43589],[99.12197,3.43409]],[[99.12466,3.43409],[99.12556,3.42869],[99.12824,3.42779],[99.13183,3.43589],[99.12914,3.43229],[99.12466,3.43409]],[[99.12376,3.43319],[99.12197,3.43139],[99.12287,3.43139],[99.12376,3.43319]],[[99.12556,3.42869],[99.12018,3.42869],[99.12108,3.42419],[99.12287,3.42689],[99.12555,3.42509],[99.12556,3.42869]],[[99.12287,3.42509],[99.12376,3.42419],[99.12376,3.42509],[99.12287,3.42509]],[[99.13183,3.44489],[99.13272,3.44399],[99.13272,3.44489],[99.13183,3.44489]],[[99.13541,3.44939],[99.13631,3.44849],[99.13631,3.44939],[99.13541,3.44939]],[[99.13451,3.44579],[99.13631,3.44489],[99.13631,3.44669],[99.13451,3.44579]],[[99.13899,3.44129],[99.1372,3.44039],[99.13899,3.44039],[99.13899,3.44129]],[[99.13631,3.43949],[99.13541,3.43859],[99.13631,3.43859],[99.13631,3.43949]],[[99.13541,3.43769],[99.13272,3.43589],[99.13541,3.43589],[99.13541,3.43769]],[[99.1372,3.43679],[99.1381,3.43769],[99.1372,3.43769],[99.1372,3.43679]],[[99.1381,3.43679],[99.13899,3.43589],[99.13899,3.43679],[99.1381,3.43679]],[[99.1372,3.43679],[99.1363,3.43589],[99.1372,3.43589],[99.1372,3.43679]],[[99.12824,3.43409],[99.12735,3.43319],[99.12824,3.43319],[99.12824,3.43409]],[[99.12018,3.43049],[99.11839,3.42959],[99.12018,3.42959],[99.12018,3.43049]],[[99.13362,3.42689],[99.13451,3.42779],[99.13362,3.42779],[99.13362,3.42689]],[[99.13451,3.42689],[99.13541,3.42599],[99.13541,3.42689],[99.13451,3.42689]],[[99.1381,3.42779],[99.1372,3.42509],[99.13809,3.42509],[99.1381,3.42779]],[[99.1166,3.42509],[99.1157,3.42419],[99.1166,3.42419],[99.1166,3.42509]],[[99.13541,3.42509],[99.13451,3.42419],[99.13541,3.42419],[99.13541,3.42509]],[[99.12197,3.42329],[99.12108,3.42239],[99.12197,3.42239],[99.12197,3.42329]],[[99.14257,3.42239],[99.14078,3.42149],[99.14257,3.42149],[99.14257,3.42239]],[[99.13809,3.41428],[99.1372,3.41338],[99.13809,3.41338],[99.13809,3.41428]]],[[[99.12645,3.44309],[99.12645,3.44579],[99.12824,3.44579],[99.12914,3.44309],[99.12645,3.44309]]],[[[99.10585,3.4629],[99.11481,3.45839],[99.10764,3.45119],[99.10316,3.45299],[99.10316,3.45119],[99.09869,3.45029],[99.09689,3.44579],[99.09241,3.44669],[99.09242,3.4512],[99.09779,3.4512],[99.09869,3.4539],[99.10675,3.45569],[99.10496,3.4575],[99.10585,3.4629]],[[99.10675,3.45569],[99.10764,3.45479],[99.10764,3.45569],[99.10675,3.45569]],[[99.11033,3.45929],[99.10944,3.45839],[99.11033,3.45839],[99.11033,3.45929]],[[99.10854,3.45839],[99.10764,3.45749],[99.10854,3.45749],[99.10854,3.45839]],[[99.11033,3.45659],[99.10944,3.45569],[99.11033,3.45569],[99.11033,3.45659]]],[[[99.12825,3.46379],[99.13183,3.46379],[99.13273,3.46019],[99.13004,3.46109],[99.12825,3.46379]]],[[[99.0951,3.4656],[99.096,3.4683],[99.09869,3.4683],[99.09869,3.4665],[99.0951,3.4656]]],[[[99.12825,3.47639],[99.12556,3.46919],[99.12108,3.47009],[99.12198,3.4782],[99.12825,3.47639]]],[[[99.12467,3.4809],[99.13362,3.47819],[99.13004,3.47459],[99.12914,3.4782],[99.12377,3.4791],[99.12467,3.4809]]],[[[99.05659,3.4818],[99.06017,3.48],[99.05748,3.4791],[99.05659,3.4818]]],[[[99.12557,3.5331],[99.13363,3.5214],[99.1399,3.5178],[99.14348,3.5079],[99.1399,3.5097],[99.1399,3.507],[99.13721,3.507],[99.13005,3.5115],[99.12378,3.5169],[99.12467,3.5241],[99.12288,3.5259],[99.1184,3.525],[99.11482,3.5286],[99.11571,3.5304],[99.12109,3.5295],[99.12019,3.5313],[99.12557,3.5331]],[[99.12646,3.5313],[99.12557,3.5304],[99.12646,3.5304],[99.12646,3.5313]],[[99.12646,3.5268],[99.12557,3.5277],[99.12557,3.5268],[99.12646,3.5268]],[[99.12915,3.525],[99.12736,3.5232],[99.12915,3.5232],[99.12915,3.525]],[[99.12736,3.5232],[99.12646,3.5214],[99.12736,3.5214],[99.12736,3.5232]],[[99.13721,3.5106],[99.13632,3.5115],[99.13632,3.5106],[99.13721,3.5106]]],[[[99.10765,3.55021],[99.11124,3.55561],[99.11661,3.55291],[99.11572,3.54931],[99.1193,3.54571],[99.12199,3.54661],[99.12109,3.54301],[99.12557,3.5358],[99.1193,3.5376],[99.12019,3.5394],[99.10945,3.54661],[99.10765,3.55021]],[[99.11572,3.55111],[99.11482,3.55201],[99.11482,3.55111],[99.11572,3.55111]],[[99.11661,3.54301],[99.1184,3.54391],[99.11661,3.54391],[99.11661,3.54301]],[[99.1184,3.54391],[99.1193,3.54481],[99.1184,3.54481],[99.1184,3.54391]]],[[[99.09422,3.55291],[99.0969,3.55111],[99.0969,3.54931],[99.09332,3.55021],[99.09422,3.55291]]],[[[99.10407,3.55921],[99.10676,3.56281],[99.10676,3.56011],[99.10407,3.55921]]],[[[99.07988,3.56461],[99.07899,3.57001],[99.08526,3.57091],[99.08436,3.56641],[99.07988,3.56461]]],[[[99.09064,3.57091],[99.08974,3.56821],[99.08705,3.56911],[99.08795,3.57091],[99.09064,3.57091]]],[[[99.07989,3.57541],[99.08257,3.57271],[99.07989,3.57181],[99.07989,3.57541]]],[[[99.13875,0.36369],[99.14143,0.36279],[99.13875,0.36279],[99.13875,0.36369]]],[[[99.14053,0.36459],[99.13875,0.36639],[99.14053,0.36639],[99.14053,0.36459]]],[[[99.17094,0.37539],[99.17362,0.37809],[99.17362,0.37539],[99.17094,0.37539]]],[[[99.15395,0.38079],[99.15574,0.38349],[99.15663,0.38169],[99.15931,0.38349],[99.15752,0.37899],[99.15395,0.38079]]],[[[99.15663,0.38349],[99.15842,0.38709],[99.15842,0.38349],[99.15663,0.38349]]],[[[99.15127,0.38439],[99.15216,0.38799],[99.15484,0.38979],[99.15395,0.38349],[99.15127,0.38439]],[[99.15305,0.38799],[99.15395,0.38709],[99.15395,0.38799],[99.15305,0.38799]]],[[[99.1611,0.39159],[99.15842,0.38979],[99.15663,0.39069],[99.15752,0.39249],[99.1611,0.39159]]],[[[99.17988,0.39609],[99.18167,0.39609],[99.18435,0.39159],[99.18077,0.39069],[99.17988,0.39609]]],[[[99.14948,0.59053],[99.15216,0.59323],[99.15306,0.58873],[99.14948,0.59053]]],[[[99.17631,0.59773],[99.17899,0.59503],[99.17631,0.59503],[99.17631,0.59773]]],[[[99.1781,0.60313],[99.17988,0.59953],[99.17631,0.59863],[99.1781,0.60043],[99.1781,0.60313]]],[[[99.16468,0.60943],[99.16826,0.60763],[99.16558,0.60853],[99.16558,0.60583],[99.16021,0.60943],[99.16021,0.60673],[99.16289,0.60673],[99.16379,0.59953],[99.162,0.60313],[99.16021,0.60043],[99.15932,0.60313],[99.15664,0.60223],[99.15574,0.61033],[99.162,0.61033],[99.162,0.61303],[99.16468,0.61303],[99.16647,0.61213],[99.16468,0.60943]],[[99.15842,0.60673],[99.15753,0.60763],[99.15753,0.60673],[99.15842,0.60673]]],[[[99.15574,0.67424],[99.14948,0.67424],[99.14948,0.67604],[99.15485,0.67604],[99.15574,0.67424]]],[[[99.17633,1.0208],[99.17901,1.0181],[99.17722,1.0172],[99.17633,1.0208]]],[[[99.16202,1.10182],[99.15755,1.10092],[99.16023,1.10182],[99.16023,1.10632],[99.16202,1.10182]]],[[[99.14861,1.10992],[99.14235,1.10992],[99.14235,1.11172],[99.15308,1.11082],[99.1495,1.10992],[99.1504,1.10722],[99.14771,1.10722],[99.14861,1.10992]]],[[[99.17014,2.01277],[99.17193,2.01637],[99.17193,2.01187],[99.17014,2.01277]]],[[[99.15766,2.45744],[99.15766,2.45384],[99.15677,2.45384],[99.15498,2.45654],[99.15766,2.45744]]],[[[99.13261,2.50965],[99.13082,2.51145],[99.13261,2.51325],[99.13261,2.50965]]],[[[99.14519,2.89941],[99.1425,2.90211],[99.14608,2.90481],[99.14877,2.90211],[99.14519,2.89941]]],[[[99.1425,2.90211],[99.14071,2.90391],[99.1434,2.90481],[99.1425,2.90211]]],[[[99.13898,3.33957],[99.13629,3.33957],[99.1345,3.34228],[99.13719,3.34317],[99.13898,3.33957]],[[99.13629,3.34047],[99.13719,3.34137],[99.13629,3.34137],[99.13629,3.34047]]],[[[99.14525,3.38008],[99.14704,3.37558],[99.14436,3.37648],[99.14436,3.38098],[99.14167,3.38008],[99.13988,3.38278],[99.14884,3.39088],[99.15153,3.39088],[99.15332,3.38728],[99.14884,3.38728],[99.14973,3.38278],[99.14525,3.38008]],[[99.14884,3.38458],[99.14794,3.38368],[99.14884,3.38368],[99.14884,3.38458]]],[[[99.18377,3.38727],[99.18287,3.38367],[99.18019,3.38727],[99.18377,3.38727]]],[[[99.1775,3.38907],[99.17929,3.39087],[99.17929,3.38907],[99.1775,3.38907]]],[[[99.12555,3.39178],[99.13003,3.39358],[99.12913,3.39808],[99.1363,3.39988],[99.1363,3.39268],[99.14346,3.38638],[99.13809,3.38368],[99.13898,3.38548],[99.13361,3.38638],[99.13272,3.38998],[99.12645,3.38908],[99.12555,3.39178]],[[99.1363,3.39268],[99.1354,3.39178],[99.1363,3.39178],[99.1363,3.39268]],[[99.13272,3.38998],[99.13451,3.39088],[99.13272,3.39088],[99.13272,3.38998]],[[99.12913,3.39088],[99.12824,3.38998],[99.12913,3.38998],[99.12913,3.39088]]],[[[99.1766,3.39088],[99.17392,3.39178],[99.17392,3.39448],[99.17571,3.39448],[99.1766,3.39088]]],[[[99.14705,3.39088],[99.14705,3.39448],[99.14973,3.39448],[99.14884,3.39088],[99.14705,3.39088]]],[[[99.15242,3.39088],[99.15153,3.39628],[99.15511,3.39718],[99.156,3.39268],[99.15242,3.39088]]],[[[99.13361,3.39988],[99.1354,3.40348],[99.1354,3.39988],[99.13361,3.39988]]],[[[99.15959,3.39988],[99.16317,3.40438],[99.16496,3.40348],[99.16407,3.39988],[99.15959,3.39988]]],[[[99.16675,3.40258],[99.16855,3.40708],[99.17392,3.40888],[99.17392,3.40708],[99.17034,3.40618],[99.16675,3.40258]]],[[[99.14078,3.41158],[99.15063,3.41518],[99.14974,3.41968],[99.15511,3.41878],[99.15511,3.41248],[99.1569,3.41248],[99.15511,3.40888],[99.1569,3.40798],[99.15421,3.40618],[99.15063,3.40978],[99.15153,3.39808],[99.14794,3.40528],[99.14884,3.39538],[99.14078,3.39448],[99.14167,3.39718],[99.13988,3.39628],[99.13988,3.39988],[99.1354,3.40438],[99.14078,3.40708],[99.14078,3.41158]],[[99.14794,3.40528],[99.14705,3.41068],[99.14705,3.40528],[99.14794,3.40528]],[[99.13809,3.40258],[99.13899,3.40348],[99.13809,3.40348],[99.13809,3.40258]],[[99.15242,3.41338],[99.15153,3.41428],[99.15153,3.41338],[99.15242,3.41338]],[[99.14615,3.41068],[99.14526,3.41158],[99.14526,3.41068],[99.14615,3.41068]],[[99.14436,3.40888],[99.14347,3.40978],[99.14347,3.40888],[99.14436,3.40888]],[[99.14615,3.40618],[99.14526,3.40798],[99.14526,3.40618],[99.14615,3.40618]],[[99.14615,3.40258],[99.14526,3.40348],[99.14526,3.40258],[99.14615,3.40258]],[[99.14167,3.40168],[99.14078,3.40258],[99.14078,3.40168],[99.14167,3.40168]],[[99.14347,3.39988],[99.14257,3.40078],[99.14257,3.39988],[99.14347,3.39988]]],[[[99.17034,3.40888],[99.16586,3.41158],[99.16676,3.41518],[99.17213,3.41158],[99.17034,3.40888]]],[[[99.15869,3.41518],[99.15959,3.41878],[99.16049,3.41518],[99.15869,3.41518]]],[[[99.16138,3.41878],[99.15959,3.42148],[99.16049,3.42148],[99.16138,3.41878]]],[[[99.15601,3.42238],[99.1587,3.42328],[99.1569,3.41788],[99.15511,3.41878],[99.15601,3.42238]]],[[[99.15064,3.42598],[99.14974,3.42148],[99.14616,3.41788],[99.14526,3.42509],[99.15422,3.42778],[99.15332,3.42418],[99.15064,3.42598]],[[99.14705,3.42328],[99.14616,3.42419],[99.14616,3.42328],[99.14705,3.42328]]],[[[99.1793,3.44308],[99.18109,3.43948],[99.1784,3.43858],[99.1793,3.44308]]],[[[99.17393,3.44308],[99.17661,3.44308],[99.17661,3.44038],[99.17393,3.44308]]],[[[99.17482,3.44488],[99.17751,3.44578],[99.1793,3.44308],[99.17661,3.44308],[99.17482,3.44488]]],[[[99.14795,3.44309],[99.14347,3.44399],[99.14347,3.44669],[99.14885,3.44579],[99.14795,3.44309]]],[[[99.19005,3.44578],[99.18915,3.44128],[99.18288,3.44128],[99.18378,3.44308],[99.18109,3.44308],[99.1793,3.44668],[99.18468,3.45028],[99.18647,3.44938],[99.18557,3.44668],[99.19005,3.44578]],[[99.18468,3.44668],[99.18378,3.44578],[99.18468,3.44578],[99.18468,3.44668]],[[99.18557,3.44308],[99.18468,3.44218],[99.18557,3.44218],[99.18557,3.44308]]],[[[99.18199,3.45208],[99.17841,3.44848],[99.1793,3.44668],[99.17572,3.45028],[99.17303,3.44488],[99.16945,3.44578],[99.17482,3.45388],[99.1793,3.45388],[99.17841,3.45118],[99.18199,3.45208]]],[[[99.14258,3.44849],[99.14079,3.44939],[99.14079,3.45119],[99.14347,3.45119],[99.14258,3.44849]]],[[[99.13899,3.45029],[99.13631,3.45569],[99.14079,3.45749],[99.13899,3.45569],[99.14079,3.45119],[99.13899,3.45029]]],[[[99.14526,3.45299],[99.14258,3.45479],[99.14706,3.45749],[99.14795,3.45569],[99.14526,3.45299]]],[[[99.13272,3.45389],[99.13004,3.45569],[99.13272,3.45749],[99.13272,3.45389]]],[[[99.13541,3.45749],[99.13362,3.45929],[99.13631,3.46289],[99.1372,3.46019],[99.13989,3.46109],[99.13989,3.45749],[99.13541,3.45749]],[[99.1372,3.45839],[99.13631,3.45929],[99.13631,3.45839],[99.1372,3.45839]]],[[[99.14885,3.45839],[99.14527,3.46109],[99.14527,3.46559],[99.14795,3.46289],[99.14885,3.45839]]],[[[99.1793,3.46198],[99.17841,3.46469],[99.18199,3.46468],[99.18199,3.46378],[99.1793,3.46198]]],[[[99.17214,3.46559],[99.17662,3.47279],[99.17393,3.47459],[99.17841,3.47369],[99.17841,3.47099],[99.18289,3.47369],[99.18199,3.47009],[99.18468,3.47279],[99.18647,3.46558],[99.1802,3.46558],[99.17931,3.46739],[99.17662,3.46469],[99.17483,3.46739],[99.17214,3.46559]],[[99.18289,3.47008],[99.18378,3.46648],[99.18379,3.47008],[99.18289,3.47008]],[[99.17931,3.46739],[99.1802,3.46919],[99.17931,3.46919],[99.17931,3.46739]],[[99.17572,3.46649],[99.17662,3.46739],[99.17572,3.46739],[99.17572,3.46649]]],[[[99.18468,3.48359],[99.18737,3.48449],[99.18827,3.48179],[99.18468,3.48089],[99.18648,3.48359],[99.18468,3.48359]]],[[[99.16856,3.48899],[99.17662,3.49169],[99.18021,3.48899],[99.17931,3.48629],[99.182,3.48359],[99.1802,3.48359],[99.17931,3.47639],[99.17125,3.48179],[99.17214,3.48449],[99.16677,3.48629],[99.16856,3.48899]],[[99.17483,3.47999],[99.17573,3.48089],[99.17483,3.48089],[99.17483,3.47999]],[[99.17573,3.48089],[99.17662,3.48179],[99.17573,3.48179],[99.17573,3.48089]],[[99.17752,3.48809],[99.17662,3.48719],[99.17752,3.48719],[99.17752,3.48809]],[[99.17573,3.48719],[99.17393,3.48539],[99.17662,3.48449],[99.17573,3.48719]],[[99.17662,3.48449],[99.17752,3.48359],[99.17752,3.48449],[99.17662,3.48449]]],[[[99.1811,3.48629],[99.1811,3.48899],[99.18379,3.48899],[99.182,3.48809],[99.1811,3.48629]]],[[[99.16408,3.49979],[99.16677,3.49889],[99.16677,3.49619],[99.16319,3.49619],[99.1614,3.49349],[99.16229,3.48899],[99.15602,3.48899],[99.15602,3.49169],[99.15871,3.49169],[99.16408,3.49979]],[[99.15871,3.48989],[99.1605,3.49079],[99.1605,3.49169],[99.15871,3.49169],[99.15871,3.48989]]],[[[99.14975,3.49619],[99.15154,3.49709],[99.15333,3.49439],[99.15154,3.49439],[99.14975,3.49619]]],[[[99.18021,3.49349],[99.17752,3.49529],[99.17752,3.49349],[99.17394,3.49349],[99.17752,3.49979],[99.182,3.49979],[99.18379,3.49709],[99.18021,3.49349]]],[[[99.17394,3.49889],[99.17035,3.49529],[99.16767,3.50069],[99.17035,3.50159],[99.17125,3.49799],[99.17394,3.49889]]],[[[99.18648,3.49619],[99.18469,3.49979],[99.18379,3.50159],[99.18558,3.50069],[99.18648,3.49619]]],[[[99.16588,3.50249],[99.15512,3.49259],[99.15333,3.49619],[99.15692,3.49709],[99.15871,3.50159],[99.16498,3.50609],[99.16588,3.50249]]],[[[99.17125,3.50249],[99.17394,3.50339],[99.17663,3.50249],[99.17483,3.49979],[99.17125,3.50249]]],[[[99.14527,3.5043],[99.14886,3.5007],[99.14617,3.5007],[99.14527,3.5043]]],[[[99.14079,3.507],[99.14438,3.5061],[99.14348,3.5034],[99.14079,3.5043],[99.14079,3.507]]],[[[99.16677,3.50429],[99.16677,3.50789],[99.17304,3.50609],[99.17215,3.50339],[99.16677,3.50429]]],[[[99.17663,3.50879],[99.18111,3.50969],[99.1811,3.50699],[99.18379,3.50609],[99.18379,3.50339],[99.17842,3.50339],[99.17663,3.50879]],[[99.1829,3.50609],[99.182,3.50519],[99.1829,3.50519],[99.1829,3.50609]],[[99.18021,3.50519],[99.17931,3.50609],[99.17931,3.50519],[99.18021,3.50519]]],[[[99.14527,3.5142],[99.14438,3.5115],[99.14348,3.5142],[99.14527,3.5142]]],[[[99.14169,3.5196],[99.1408,3.5331],[99.14796,3.5286],[99.14796,3.5214],[99.14975,3.5223],[99.14886,3.5268],[99.15423,3.5241],[99.15692,3.5178],[99.15602,3.5142],[99.16409,3.50969],[99.16408,3.50609],[99.15961,3.50519],[99.15513,3.50069],[99.15333,3.50339],[99.15781,3.50789],[99.15513,3.5088],[99.15423,3.50519],[99.15154,3.5061],[99.15065,3.5034],[99.14796,3.5034],[99.14706,3.5088],[99.14975,3.5088],[99.15065,3.5115],[99.14707,3.5133],[99.14796,3.5151],[99.14617,3.5151],[99.14617,3.5142],[99.14527,3.5142],[99.14169,3.516],[99.14438,3.5187],[99.14169,3.5196]],[[99.14796,3.5214],[99.14707,3.5205],[99.14796,3.5205],[99.14796,3.5214]],[[99.14796,3.5187],[99.15155,3.5196],[99.15155,3.5205],[99.14975,3.5214],[99.14796,3.5187]],[[99.14796,3.5187],[99.14527,3.5178],[99.14796,3.5178],[99.14796,3.5187]],[[99.14975,3.5187],[99.15065,3.5178],[99.15065,3.5187],[99.14975,3.5187]],[[99.15602,3.516],[99.15513,3.5169],[99.15513,3.516],[99.15602,3.516]],[[99.14617,3.5214],[99.14438,3.5268],[99.14259,3.5277],[99.14259,3.5205],[99.14617,3.5214]],[[99.14707,3.5268],[99.14617,3.525],[99.14707,3.525],[99.14707,3.5268]],[[99.15334,3.5214],[99.15244,3.5205],[99.15334,3.5205],[99.15334,3.5214]],[[99.15244,3.5187],[99.15334,3.5178],[99.15334,3.5187],[99.15244,3.5187]],[[99.15244,3.5178],[99.15154,3.5151],[99.15244,3.5151],[99.15244,3.5178]],[[99.15513,3.5142],[99.15154,3.5133],[99.15602,3.5124],[99.15513,3.5142]],[[99.15513,3.5115],[99.15423,3.5097],[99.15513,3.5097],[99.15513,3.5115]],[[99.15871,3.50969],[99.15602,3.5106],[99.15602,3.5097],[99.15871,3.50969]],[[99.15065,3.507],[99.14975,3.5061],[99.15065,3.5061],[99.15065,3.507]]],[[[99.13542,3.5286],[99.13721,3.5304],[99.13721,3.5241],[99.13542,3.5286]]],[[[99.14707,3.5304],[99.14259,3.534],[99.14259,3.5358],[99.14707,3.5304]]],[[[99.14259,3.5385],[99.15155,3.5367],[99.15513,3.5322],[99.14886,3.5322],[99.14259,3.5385]],[[99.15065,3.5349],[99.14796,3.5358],[99.14796,3.5349],[99.15065,3.5349]]],[[[99.13094,3.5349],[99.13094,3.5376],[99.12826,3.5376],[99.12647,3.5412],[99.13274,3.5403],[99.13453,3.543],[99.13363,3.5403],[99.13632,3.5394],[99.13363,3.5394],[99.13363,3.5349],[99.13721,3.5349],[99.13721,3.5322],[99.13453,3.5313],[99.13094,3.5349]],[[99.13363,3.5349],[99.13274,3.534],[99.13363,3.534],[99.13363,3.5349]]],[[[99.13722,3.5475],[99.13901,3.543],[99.14259,3.543],[99.14259,3.5394],[99.13722,3.5412],[99.13274,3.5475],[99.13722,3.5475]],[[99.13632,3.5457],[99.13722,3.5448],[99.13722,3.5457],[99.13632,3.5457]],[[99.13722,3.5448],[99.13811,3.5439],[99.13811,3.5448],[99.13722,3.5448]]],[[[99.13184,3.5511],[99.1193,3.55561],[99.11482,3.56011],[99.12199,3.56191],[99.12109,3.55831],[99.12557,3.55831],[99.12647,3.55561],[99.12647,3.55921],[99.13005,3.55831],[99.13095,3.56011],[99.13991,3.5538],[99.1408,3.5475],[99.14438,3.5511],[99.15155,3.5439],[99.14976,3.5412],[99.15244,3.5394],[99.14617,3.5403],[99.1399,3.5475],[99.13722,3.5475],[99.13632,3.5484],[99.13453,3.552],[99.13274,3.552],[99.13274,3.5475],[99.13005,3.5475],[99.13184,3.5511]],[[99.13005,3.55831],[99.13095,3.55741],[99.13095,3.55831],[99.13005,3.55831]],[[99.13095,3.55741],[99.13274,3.55651],[99.13274,3.55741],[99.13095,3.55741]],[[99.14259,3.5484],[99.14438,3.5475],[99.14438,3.5484],[99.14259,3.5484]],[[99.13095,3.55201],[99.13184,3.55471],[99.12826,3.55471],[99.13095,3.55201]],[[99.12826,3.55471],[99.12736,3.55561],[99.12736,3.55471],[99.12826,3.55471]],[[99.12826,3.55561],[99.12916,3.55741],[99.12826,3.55741],[99.12826,3.55561]],[[99.13184,3.5502],[99.13274,3.5493],[99.13274,3.5502],[99.13184,3.5502]],[[99.13722,3.552],[99.13632,3.5529],[99.13632,3.552],[99.13722,3.552]],[[99.14797,3.5439],[99.14617,3.5457],[99.14707,3.5439],[99.14797,3.5439]]],[[[99.19508,0.36459],[99.1924,0.36909],[99.19508,0.36819],[99.19508,0.36459]]],[[[99.1915,0.37539],[99.18971,0.37269],[99.18793,0.37539],[99.1915,0.37539]]],[[[99.18614,0.39519],[99.18793,0.39789],[99.18882,0.39519],[99.18614,0.39519]]],[[[99.21475,0.40329],[99.21386,0.40959],[99.21743,0.40959],[99.21743,0.40689],[99.21475,0.40689],[99.21475,0.40329]]],[[[99.22727,0.47981],[99.22995,0.4735],[99.22548,0.4744],[99.22727,0.47981]]],[[[99.18527,1.0091],[99.18169,1.0136],[99.18974,1.0163],[99.19063,1.0127],[99.18527,1.0091]],[[99.18616,1.0136],[99.18527,1.0127],[99.18616,1.0127],[99.18616,1.0136]]],[[[99.18974,1.0172],[99.19421,1.0154],[99.18974,1.0163],[99.18974,1.0172]]],[[[99.1951,1.0163],[99.19421,1.019],[99.19779,1.0199],[99.19779,1.0181],[99.1951,1.0163]]],[[[99.21478,1.0586],[99.21746,1.0613],[99.21925,1.0604],[99.21657,1.0577],[99.21478,1.0586]]],[[[99.22283,1.0604],[99.22104,1.06491],[99.22283,1.06491],[99.22283,1.0604]]],[[[99.21389,1.07211],[99.21568,1.07031],[99.21568,1.06851],[99.2121,1.07031],[99.21389,1.07211]]],[[[99.20763,1.08201],[99.20942,1.07931],[99.20673,1.07481],[99.20673,1.08021],[99.20763,1.08201]]],[[[99.19421,1.08741],[99.1969,1.08651],[99.196,1.08471],[99.19421,1.08741]]],[[[99.19064,1.08741],[99.19332,1.08651],[99.19332,1.08561],[99.19064,1.08561],[99.19064,1.08741]]],[[[99.23293,2.9264],[99.23651,2.9327],[99.2392,2.9327],[99.23741,2.9282],[99.23293,2.9264]]],[[[99.23204,2.9372],[99.23383,2.9354],[99.23383,2.9327],[99.23293,2.9345],[99.23114,2.9354],[99.23204,2.9372]]],[[[99.24188,2.939],[99.24188,2.9354],[99.24457,2.9354],[99.24457,2.9327],[99.24099,2.9309],[99.2383,2.9345],[99.24099,2.9354],[99.24188,2.939]],[[99.24099,2.9327],[99.24188,2.9336],[99.24099,2.9336],[99.24099,2.9327]],[[99.24367,2.9345],[99.24278,2.9336],[99.24367,2.9336],[99.24367,2.9345]]],[[[99.23025,2.9381],[99.23204,2.9327],[99.22219,2.9345],[99.22219,2.9381],[99.22398,2.9363],[99.23025,2.9381]]],[[[99.24457,2.9354],[99.24278,2.9363],[99.24368,2.939],[99.24547,2.939],[99.24457,2.9354]]],[[[99.2571,2.93719],[99.25263,2.9399],[99.258,2.93899],[99.2571,2.93719]]],[[[99.23651,2.9363],[99.23741,2.9417],[99.2401,2.9426],[99.24099,2.9399],[99.23651,2.9363]]],[[[99.23293,2.9435],[99.23114,2.9381],[99.23025,2.9381],[99.23025,2.9426],[99.23293,2.9435]]],[[[99.21861,2.9435],[99.22309,2.9471],[99.22308,2.9453],[99.21861,2.9435]]],[[[99.25174,2.948],[99.24815,2.9525],[99.25263,2.9525],[99.25174,2.948]]],[[[99.25532,2.948],[99.25263,2.9507],[99.25711,2.9552],[99.25979,2.9507],[99.25442,2.9498],[99.25532,2.948]]],[[[99.25353,2.9561],[99.25442,2.9525],[99.25263,2.9525],[99.25353,2.9561]]],[[[99.25174,2.9561],[99.25263,2.9579],[99.25442,2.9579],[99.25174,2.9561]]],[[[99.24377,3.33325],[99.2366,3.32695],[99.2375,3.33055],[99.24108,3.33235],[99.24019,3.33685],[99.24377,3.33325]]],[[[99.23929,3.33955],[99.24108,3.34135],[99.24377,3.34045],[99.24198,3.33685],[99.23929,3.33955]]],[[[99.22407,3.36386],[99.21959,3.36656],[99.21959,3.36296],[99.2178,3.36296],[99.21511,3.36566],[99.22138,3.37016],[99.22407,3.36656],[99.22407,3.36386]]],[[[99.21332,3.36926],[99.20616,3.36747],[99.20616,3.37017],[99.21332,3.36926]],[[99.20795,3.36927],[99.20884,3.36837],[99.20884,3.36927],[99.20795,3.36927]]],[[[99.22676,3.36836],[99.22407,3.36836],[99.22497,3.37106],[99.22586,3.37106],[99.22676,3.36836]]],[[[99.22138,3.37016],[99.22318,3.37196],[99.22318,3.37016],[99.22138,3.37016]]],[[[99.22497,3.37376],[99.22676,3.37286],[99.22676,3.37106],[99.22497,3.37376]]],[[[99.22049,3.38457],[99.22497,3.38546],[99.22318,3.38006],[99.22497,3.37556],[99.22049,3.37376],[99.22049,3.37106],[99.21422,3.36836],[99.21332,3.36926],[99.21332,3.37107],[99.21422,3.37197],[99.20705,3.37287],[99.20616,3.37557],[99.20795,3.37827],[99.20974,3.37737],[99.20974,3.38097],[99.21512,3.37737],[99.22049,3.38457]],[[99.22318,3.38006],[99.22049,3.38186],[99.22049,3.38096],[99.22318,3.38006]],[[99.21601,3.37196],[99.2187,3.37466],[99.2178,3.37646],[99.21332,3.37377],[99.21601,3.37196]],[[99.2187,3.37556],[99.21959,3.37646],[99.2187,3.37646],[99.2187,3.37556]],[[99.21959,3.37826],[99.22049,3.37736],[99.22228,3.37916],[99.21959,3.37826]],[[99.21422,3.37737],[99.21332,3.37647],[99.21422,3.37647],[99.21422,3.37737]],[[99.2196,3.38006],[99.2187,3.37917],[99.21959,3.37916],[99.2196,3.38006]]],[[[99.23124,3.38186],[99.23124,3.37556],[99.22766,3.37556],[99.22766,3.38456],[99.23124,3.38186]]],[[[99.19452,3.38187],[99.19362,3.37917],[99.19362,3.38187],[99.19452,3.38187]]],[[[99.18825,3.38277],[99.18914,3.38007],[99.18466,3.38277],[99.18825,3.38277]]],[[[99.19452,3.38187],[99.1972,3.38277],[99.1981,3.38097],[99.19631,3.38007],[99.19452,3.38187]]],[[[99.21781,3.38727],[99.2196,3.38907],[99.22139,3.38637],[99.2196,3.38547],[99.21781,3.38727]]],[[[99.21422,3.38907],[99.21601,3.38907],[99.21691,3.39177],[99.21691,3.38727],[99.21422,3.38907]]],[[[99.20974,3.38637],[99.20527,3.39177],[99.20795,3.39087],[99.20885,3.39447],[99.20974,3.38637]]],[[[99.21422,3.38997],[99.21243,3.39447],[99.21602,3.39447],[99.21422,3.38997]]],[[[99.21691,3.39357],[99.2187,3.39447],[99.22049,3.39357],[99.22139,3.39087],[99.21691,3.39357]]],[[[99.21064,3.39447],[99.21064,3.39717],[99.21243,3.39807],[99.21333,3.39627],[99.21064,3.39447]]],[[[99.24378,3.39806],[99.24378,3.39986],[99.2411,3.39896],[99.24199,3.40256],[99.24916,3.40166],[99.24916,3.39896],[99.24378,3.39806]]],[[[99.23931,3.40526],[99.23931,3.41066],[99.24558,3.40976],[99.24558,3.40796],[99.2411,3.40886],[99.2411,3.40526],[99.23931,3.40526]]],[[[99.20169,3.41427],[99.20348,3.41787],[99.20348,3.41337],[99.20169,3.41427]]],[[[99.22498,3.41697],[99.22229,3.41517],[99.22319,3.41697],[99.22498,3.41697]]],[[[99.22139,3.41517],[99.21602,3.41337],[99.2196,3.41697],[99.2196,3.42057],[99.22408,3.41967],[99.22319,3.41697],[99.2205,3.41877],[99.22139,3.41517]]],[[[99.24827,3.42236],[99.24648,3.42326],[99.24648,3.42506],[99.24827,3.42416],[99.24827,3.42236]]],[[[99.23126,3.46467],[99.22857,3.46647],[99.22768,3.47188],[99.23037,3.47187],[99.23305,3.46647],[99.23753,3.46557],[99.2438,3.45837],[99.24828,3.45747],[99.24828,3.45297],[99.25007,3.45477],[99.25275,3.45387],[99.25365,3.45207],[99.25902,3.45386],[99.26082,3.45026],[99.2635,3.45296],[99.2644,3.44666],[99.26708,3.44576],[99.2635,3.44216],[99.26171,3.44576],[99.25902,3.44396],[99.25723,3.44666],[99.25633,3.44036],[99.26171,3.44216],[99.25902,3.44036],[99.25992,3.43856],[99.25454,3.43946],[99.25275,3.44307],[99.25006,3.44217],[99.25365,3.43676],[99.25275,3.43226],[99.24648,3.42686],[99.24558,3.42957],[99.24289,3.42777],[99.24648,3.42596],[99.24469,3.42506],[99.24558,3.42146],[99.25185,3.42056],[99.24737,3.41426],[99.24379,3.41696],[99.24379,3.41336],[99.23573,3.41247],[99.23483,3.40977],[99.23752,3.40706],[99.23483,3.40616],[99.23572,3.40256],[99.23304,3.40256],[99.23124,3.39716],[99.22856,3.39987],[99.22856,3.40437],[99.23214,3.40527],[99.23214,3.40707],[99.23035,3.40617],[99.23035,3.40977],[99.22677,3.40977],[99.22498,3.41607],[99.22766,3.41517],[99.22856,3.41697],[99.22946,3.41427],[99.23214,3.41787],[99.22677,3.41877],[99.22767,3.42237],[99.22498,3.42237],[99.22587,3.42057],[99.22229,3.42147],[99.22319,3.42417],[99.22767,3.42417],[99.22946,3.42687],[99.23125,3.42417],[99.23662,3.42777],[99.23573,3.43317],[99.22856,3.43137],[99.22498,3.43677],[99.22588,3.43947],[99.23304,3.44127],[99.23305,3.44307],[99.23036,3.44217],[99.22946,3.44397],[99.22767,3.44127],[99.22678,3.44397],[99.22588,3.44037],[99.2214,3.43947],[99.2214,3.44577],[99.22588,3.44667],[99.22588,3.44847],[99.21961,3.44757],[99.21692,3.45118],[99.21244,3.44668],[99.20886,3.45028],[99.20528,3.43948],[99.20976,3.43948],[99.20886,3.44398],[99.21334,3.44307],[99.21244,3.43857],[99.20976,3.43858],[99.21334,3.43317],[99.20975,3.43047],[99.20617,3.43137],[99.20707,3.42867],[99.20438,3.42777],[99.20438,3.43498],[99.20617,3.43588],[99.20349,3.43768],[99.20169,3.42688],[99.20975,3.42417],[99.20975,3.42777],[99.21244,3.42867],[99.21423,3.42597],[99.21602,3.42777],[99.21871,3.42237],[99.21513,3.42057],[99.21423,3.42327],[99.21602,3.42417],[99.21244,3.42507],[99.20706,3.42057],[99.20796,3.41787],[99.20438,3.41787],[99.20438,3.42327],[99.20169,3.42237],[99.20169,3.41697],[99.19631,3.41337],[99.199,3.41337],[99.1981,3.40887],[99.19542,3.40797],[99.19452,3.40977],[99.18556,3.39807],[99.18735,3.39087],[99.19094,3.38997],[99.18467,3.38727],[99.18646,3.39177],[99.18108,3.39087],[99.1784,3.39448],[99.18019,3.39988],[99.1775,3.40258],[99.17302,3.40078],[99.16944,3.40258],[99.17571,3.40438],[99.17213,3.40528],[99.17661,3.40888],[99.17482,3.41248],[99.18109,3.40618],[99.18377,3.40618],[99.19094,3.41248],[99.19184,3.41878],[99.19452,3.41518],[99.19363,3.42058],[99.19632,3.42238],[99.19363,3.42328],[99.19453,3.42778],[99.19273,3.42778],[99.19184,3.43408],[99.18736,3.43498],[99.18647,3.43858],[99.18915,3.44038],[99.19274,3.43768],[99.19542,3.44128],[99.19095,3.44758],[99.19363,3.44668],[99.19543,3.45028],[99.20618,3.45208],[99.20438,3.45748],[99.19632,3.45388],[99.19722,3.45838],[99.20349,3.45838],[99.2017,3.46558],[99.20439,3.46468],[99.20528,3.46648],[99.20349,3.46198],[99.21155,3.46468],[99.21513,3.46198],[99.21603,3.45568],[99.22409,3.45477],[99.2232,3.45747],[99.22499,3.45747],[99.22857,3.45477],[99.22678,3.45387],[99.22767,3.45117],[99.23126,3.45207],[99.23484,3.44757],[99.23932,3.44667],[99.23932,3.45117],[99.23484,3.45117],[99.23842,3.45747],[99.23484,3.45747],[99.23484,3.46467],[99.23126,3.46467]],[[99.25275,3.45297],[99.25007,3.45117],[99.25275,3.45117],[99.25275,3.45297]],[[99.25634,3.45027],[99.25813,3.44846],[99.25992,3.44936],[99.25992,3.45026],[99.25634,3.45027]],[[99.25634,3.44937],[99.25544,3.44847],[99.25634,3.44847],[99.25634,3.44937]],[[99.25365,3.44937],[99.25455,3.45117],[99.25365,3.45117],[99.25365,3.44937]],[[99.25902,3.44846],[99.25992,3.44756],[99.25992,3.44846],[99.25902,3.44846]],[[99.25992,3.44756],[99.26081,3.44666],[99.26081,3.44756],[99.25992,3.44756]],[[99.26171,3.44576],[99.26261,3.44666],[99.26171,3.44666],[99.26171,3.44576]],[[99.25723,3.44666],[99.25634,3.44756],[99.25634,3.44666],[99.25723,3.44666]],[[99.23214,3.40707],[99.23393,3.40797],[99.23214,3.40797],[99.23214,3.40707]],[[99.23035,3.40977],[99.23125,3.41157],[99.23035,3.41157],[99.23035,3.40977]],[[99.23035,3.42417],[99.22856,3.42237],[99.23035,3.42237],[99.23035,3.42417]],[[99.23662,3.42777],[99.23752,3.42687],[99.23752,3.42777],[99.23662,3.42777]],[[99.23125,3.44037],[99.22946,3.43857],[99.23215,3.43857],[99.23125,3.44037]],[[99.22588,3.44307],[99.22498,3.44397],[99.22498,3.44307],[99.22588,3.44307]],[[99.2223,3.44577],[99.22409,3.44487],[99.22409,3.44577],[99.2223,3.44577]],[[99.21513,3.45028],[99.21424,3.45298],[99.21424,3.45028],[99.21513,3.45028]],[[99.20886,3.45028],[99.20797,3.45388],[99.20797,3.45028],[99.20886,3.45028]],[[99.20528,3.44218],[99.20349,3.44308],[99.20349,3.44218],[99.20528,3.44218]],[[99.20528,3.43948],[99.20438,3.43858],[99.20528,3.43858],[99.20528,3.43948]],[[99.20706,3.42057],[99.20617,3.42147],[99.20617,3.42057],[99.20706,3.42057]],[[99.20706,3.42147],[99.20796,3.42237],[99.20706,3.42237],[99.20706,3.42147]],[[99.20706,3.41967],[99.20617,3.41877],[99.20706,3.41877],[99.20706,3.41967]],[[99.18108,3.39447],[99.18288,3.39627],[99.18288,3.39808],[99.18108,3.39808],[99.18108,3.39447]],[[99.1775,3.40438],[99.1784,3.40348],[99.18019,3.40438],[99.1775,3.40438]],[[99.18019,3.40438],[99.18109,3.40528],[99.18019,3.40528],[99.18019,3.40438]],[[99.19363,3.41518],[99.19184,3.41428],[99.19363,3.41428],[99.19363,3.41518]],[[99.19632,3.42238],[99.19721,3.42328],[99.19632,3.42328],[99.19632,3.42238]],[[99.19542,3.44308],[99.19632,3.44398],[99.19542,3.44398],[99.19542,3.44308]],[[99.19542,3.44398],[99.19453,3.44488],[99.19453,3.44398],[99.19542,3.44398]],[[99.20349,3.46468],[99.20259,3.46378],[99.20349,3.46378],[99.20349,3.46468]],[[99.23932,3.44487],[99.24111,3.44307],[99.2429,3.44307],[99.242,3.44667],[99.23932,3.44487]],[[99.242,3.44667],[99.2429,3.44757],[99.242,3.44757],[99.242,3.44667]],[[99.23842,3.45117],[99.23753,3.45297],[99.23753,3.45117],[99.23842,3.45117]],[[99.23753,3.45567],[99.23842,3.45387],[99.23842,3.45567],[99.23753,3.45567]],[[99.20976,3.45928],[99.20886,3.45748],[99.20976,3.45478],[99.20976,3.45928]],[[99.21245,3.45568],[99.21424,3.45838],[99.21245,3.45928],[99.21245,3.45568]],[[99.20707,3.45388],[99.20618,3.45478],[99.20618,3.45388],[99.20707,3.45388]],[[99.21334,3.45298],[99.21155,3.45478],[99.21065,3.45298],[99.21334,3.45298]],[[99.24111,3.45477],[99.24201,3.45387],[99.24201,3.45477],[99.24111,3.45477]],[[99.24201,3.45387],[99.2429,3.45297],[99.2429,3.45387],[99.24201,3.45387]],[[99.22051,3.44937],[99.2214,3.45387],[99.21782,3.45388],[99.22051,3.44937]],[[99.242,3.45117],[99.24111,3.45207],[99.24111,3.45117],[99.242,3.45117]],[[99.21155,3.44848],[99.21065,3.45118],[99.21065,3.44848],[99.21155,3.44848]],[[99.22678,3.45027],[99.22409,3.44937],[99.22678,3.44937],[99.22678,3.45027]],[[99.2635,3.44756],[99.26261,3.44936],[99.26261,3.44756],[99.2635,3.44756]],[[99.19632,3.44758],[99.19811,3.44668],[99.19811,3.44758],[99.19632,3.44758]],[[99.19811,3.44668],[99.1999,3.44308],[99.2017,3.44758],[99.19811,3.44668]],[[99.2017,3.44578],[99.20259,3.44488],[99.20259,3.44578],[99.2017,3.44578]],[[99.24648,3.44667],[99.24917,3.44577],[99.25006,3.44397],[99.25007,3.44667],[99.24648,3.44667]],[[99.19722,3.44488],[99.19632,3.44578],[99.19632,3.44488],[99.19722,3.44488]],[[99.25544,3.44396],[99.25454,3.44487],[99.25454,3.44396],[99.25544,3.44396]],[[99.20259,3.44308],[99.20169,3.44218],[99.20259,3.44218],[99.20259,3.44308]],[[99.20169,3.44218],[99.1999,3.44128],[99.20259,3.43948],[99.20169,3.44218]],[[99.20259,3.43948],[99.20349,3.43858],[99.20349,3.43948],[99.20259,3.43948]],[[99.23484,3.44217],[99.23394,3.44307],[99.23394,3.44217],[99.23484,3.44217]],[[99.24558,3.43857],[99.24469,3.43947],[99.24469,3.43857],[99.24558,3.43857]],[[99.19542,3.43858],[99.19632,3.43768],[99.19632,3.43858],[99.19542,3.43858]],[[99.19632,3.43768],[99.19721,3.43678],[99.19721,3.43768],[99.19632,3.43768]],[[99.20886,3.43678],[99.20796,3.43858],[99.20796,3.43678],[99.20886,3.43678]],[[99.24021,3.43587],[99.23931,3.43767],[99.23931,3.43587],[99.24021,3.43587]],[[99.2008,3.43588],[99.1999,3.43678],[99.1999,3.43588],[99.2008,3.43588]],[[99.242,3.43587],[99.24111,3.43677],[99.24111,3.43587],[99.242,3.43587]],[[99.19632,3.43408],[99.19453,3.43588],[99.19542,3.43408],[99.19632,3.43408]],[[99.1999,3.43408],[99.19811,3.43498],[99.19811,3.43408],[99.1999,3.43408]],[[99.23931,3.43407],[99.23842,3.43497],[99.23842,3.43407],[99.23931,3.43407]],[[99.20796,3.43317],[99.20707,3.43408],[99.20707,3.43317],[99.20796,3.43317]],[[99.19542,3.43138],[99.19453,3.43228],[99.19453,3.43138],[99.19542,3.43138]],[[99.19542,3.42778],[99.19632,3.42688],[99.19632,3.42778],[99.19542,3.42778]],[[99.19632,3.42598],[99.1999,3.42508],[99.2008,3.42688],[99.19811,3.42778],[99.19632,3.42598]],[[99.24021,3.42057],[99.23841,3.42057],[99.23841,3.41697],[99.23931,3.41697],[99.24021,3.42057]],[[99.24648,3.41876],[99.24558,3.41966],[99.24558,3.41876],[99.24648,3.41876]],[[99.19811,3.41787],[99.19721,3.41878],[99.19721,3.41787],[99.19811,3.41787]],[[99.23393,3.41697],[99.23304,3.41787],[99.23304,3.41697],[99.23393,3.41697]],[[99.19721,3.41607],[99.19631,3.41698],[99.19631,3.41607],[99.19721,3.41607]],[[99.23035,3.41247],[99.22856,3.41337],[99.22856,3.41247],[99.23035,3.41247]],[[99.19452,3.41157],[99.19363,3.41247],[99.19363,3.41157],[99.19452,3.41157]],[[99.23304,3.40887],[99.23214,3.41157],[99.23214,3.40887],[99.23304,3.40887]],[[99.19721,3.40977],[99.19631,3.41067],[99.19631,3.40977],[99.19721,3.40977]],[[99.18646,3.40258],[99.18556,3.40348],[99.18556,3.40258],[99.18646,3.40258]],[[99.18467,3.39987],[99.18288,3.40168],[99.18377,3.39988],[99.18467,3.39987]],[[99.18467,3.39537],[99.18377,3.39717],[99.18377,3.39537],[99.18467,3.39537]]],[[[99.21513,3.44307],[99.21334,3.44488],[99.21513,3.44487],[99.21513,3.44307]]],[[[99.19364,3.45658],[99.19274,3.44938],[99.19095,3.45028],[99.18826,3.44758],[99.18557,3.45118],[99.18647,3.45478],[99.18468,3.45388],[99.18378,3.45658],[99.18647,3.45748],[99.18737,3.45568],[99.18916,3.45928],[99.18557,3.46018],[99.19095,3.46198],[99.19095,3.45838],[99.19364,3.45658]],[[99.19095,3.45658],[99.18916,3.45568],[99.19095,3.45568],[99.19095,3.45658]],[[99.19005,3.45478],[99.18916,3.45388],[99.19005,3.45388],[99.19005,3.45478]]],[[[99.21872,3.46018],[99.2232,3.45747],[99.21872,3.45748],[99.21872,3.46018]]],[[[99.18916,3.46198],[99.18737,3.46198],[99.18647,3.46378],[99.18826,3.46378],[99.18916,3.46198]]],[[[99.22588,3.46107],[99.2223,3.46108],[99.2232,3.46648],[99.22409,3.46378],[99.22678,3.46557],[99.22588,3.46107]]],[[[99.21961,3.46558],[99.21962,3.46918],[99.2232,3.46828],[99.21961,3.46558]]],[[[99.21245,3.46918],[99.21514,3.46738],[99.21424,3.46558],[99.21245,3.46918]]],[[[99.21693,3.46738],[99.21872,3.46468],[99.21603,3.46468],[99.21603,3.46828],[99.21424,3.46828],[99.21424,3.47008],[99.21603,3.47188],[99.21693,3.46918],[99.21962,3.47098],[99.21693,3.46738]],[[99.21514,3.47008],[99.21603,3.46918],[99.21603,3.47008],[99.21514,3.47008]]],[[[99.21783,3.47998],[99.22051,3.47818],[99.22678,3.47998],[99.23126,3.47548],[99.22947,3.47998],[99.23305,3.48088],[99.23305,3.47818],[99.23574,3.47817],[99.23216,3.48358],[99.23664,3.48628],[99.23753,3.47727],[99.2438,3.47277],[99.24291,3.47007],[99.24649,3.46917],[99.24649,3.46557],[99.24917,3.46557],[99.25007,3.47007],[99.25276,3.47097],[99.25276,3.46737],[99.25097,3.46827],[99.25007,3.46557],[99.25544,3.46467],[99.25723,3.45477],[99.25365,3.45297],[99.24917,3.45837],[99.24738,3.45837],[99.24828,3.46017],[99.2429,3.46197],[99.23932,3.46557],[99.24022,3.46737],[99.23574,3.46917],[99.23484,3.47367],[99.22768,3.47278],[99.22857,3.47638],[99.22678,3.47728],[99.2241,3.47728],[99.22678,3.47368],[99.22409,3.46918],[99.22141,3.46918],[99.2223,3.47368],[99.21962,3.47188],[99.21872,3.47368],[99.20707,3.46828],[99.20887,3.47188],[99.20618,3.47368],[99.20708,3.47638],[99.20887,3.47638],[99.20887,3.47278],[99.21155,3.47278],[99.21245,3.47638],[99.21424,3.47728],[99.21872,3.47638],[99.21783,3.47998]],[[99.23753,3.47727],[99.23574,3.47547],[99.23664,3.47547],[99.23753,3.47727]],[[99.25455,3.46197],[99.25365,3.46107],[99.25455,3.46107],[99.25455,3.46197]],[[99.25276,3.46107],[99.25365,3.45747],[99.25544,3.45747],[99.25455,3.46017],[99.25276,3.46107]],[[99.24022,3.46737],[99.24201,3.46917],[99.24022,3.46917],[99.24022,3.46737]],[[99.21424,3.47638],[99.21514,3.47458],[99.21514,3.47638],[99.21424,3.47638]],[[99.23305,3.47637],[99.23216,3.47547],[99.23305,3.47547],[99.23305,3.47637]],[[99.21783,3.47458],[99.21603,3.47368],[99.21782,3.47368],[99.21783,3.47458]],[[99.23216,3.47457],[99.23037,3.47368],[99.23216,3.47367],[99.23216,3.47457]],[[99.24201,3.47187],[99.24111,3.47097],[99.24201,3.47097],[99.24201,3.47187]],[[99.25186,3.46287],[99.25097,3.46197],[99.25186,3.46197],[99.25186,3.46287]]],[[[99.24828,3.46917],[99.24649,3.47097],[99.24828,3.47097],[99.24828,3.46917]]],[[[99.2447,3.47367],[99.24649,3.47187],[99.2447,3.47097],[99.2447,3.47367]]],[[[99.24291,3.47637],[99.24559,3.47457],[99.2438,3.47367],[99.24291,3.47637]]],[[[99.19902,3.47998],[99.19901,3.47638],[99.19722,3.47638],[99.19633,3.47998],[99.19902,3.47998]]],[[[99.2241,3.48268],[99.22589,3.48088],[99.22589,3.47998],[99.2232,3.48088],[99.2241,3.48268]]],[[[99.2026,3.48268],[99.19454,3.48088],[99.19543,3.48448],[99.20081,3.48718],[99.2026,3.48268]]],[[[99.23216,3.48628],[99.22947,3.48448],[99.23037,3.48628],[99.23216,3.48628]]],[[[99.22051,3.48358],[99.22141,3.48088],[99.21604,3.48178],[99.21604,3.48538],[99.21335,3.48448],[99.21245,3.48718],[99.21156,3.48178],[99.20887,3.48088],[99.20887,3.48358],[99.2017,3.48718],[99.2017,3.49078],[99.20529,3.49168],[99.20439,3.49348],[99.20887,3.49348],[99.20977,3.48808],[99.21156,3.48898],[99.20977,3.49078],[99.21156,3.49078],[99.21245,3.48808],[99.21693,3.48988],[99.21872,3.48718],[99.21693,3.48448],[99.22051,3.48358]],[[99.20887,3.48898],[99.20797,3.48718],[99.20887,3.48718],[99.20887,3.48898]],[[99.20797,3.48898],[99.20618,3.49078],[99.20529,3.48898],[99.20797,3.48898]],[[99.21425,3.48808],[99.21514,3.48718],[99.21514,3.48808],[99.21425,3.48808]],[[99.21693,3.48808],[99.21604,3.48718],[99.21693,3.48718],[99.21693,3.48808]],[[99.20977,3.48448],[99.20887,3.48538],[99.20887,3.48448],[99.20977,3.48448]]],[[[99.18558,3.48719],[99.18827,3.48989],[99.19006,3.48989],[99.19006,3.48719],[99.18558,3.48719]]],[[[99.18468,3.49079],[99.18827,3.49169],[99.18468,3.48809],[99.18468,3.49079]]],[[[99.33099,0.38079],[99.33278,0.38349],[99.33904,0.38439],[99.33635,0.37989],[99.33546,0.38169],[99.33099,0.38079]],[[99.33725,0.38259],[99.33635,0.38169],[99.33725,0.38169],[99.33725,0.38259]]],[[[99.28986,0.38709],[99.28539,0.38979],[99.28807,0.39069],[99.28986,0.38709]]],[[[99.2997,0.4537],[99.29701,0.4528],[99.29612,0.4555],[99.2988,0.4555],[99.2997,0.4537]]],[[[99.30506,0.4546],[99.30059,0.4537],[99.2997,0.4564],[99.30327,0.4564],[99.30506,0.4546]]],[[[99.29791,0.52931],[99.30149,0.52661],[99.2997,0.52301],[99.29523,0.52751],[99.29791,0.52931]]],[[[99.30328,0.52391],[99.30417,0.52931],[99.30506,0.52931],[99.30506,0.52391],[99.30328,0.52391]]],[[[99.30149,0.53291],[99.30149,0.52841],[99.30238,0.52751],[99.2997,0.53021],[99.30149,0.53291]]],[[[99.29791,0.53921],[99.30059,0.54281],[99.30059,0.53831],[99.29791,0.53921]]],[[[99.41153,1.09099],[99.41063,1.09459],[99.41331,1.09189],[99.4151,1.09279],[99.4151,1.09099],[99.41153,1.09099]]],[[[99.41331,1.09549],[99.41153,1.10089],[99.416,1.09549],[99.41331,1.09549]]],[[[99.36057,1.23682],[99.35789,1.23772],[99.35789,1.23952],[99.35968,1.23862],[99.36057,1.23682]]],[[[99.32659,1.28723],[99.3248,1.28723],[99.32391,1.29173],[99.3257,1.29173],[99.32659,1.28723]]],[[[99.3579,1.29533],[99.36058,1.29623],[99.35968,1.29443],[99.3579,1.29533]]],[[[99.3579,1.29623],[99.35521,1.29893],[99.35432,1.30253],[99.35879,1.29983],[99.3579,1.29623]]],[[[99.33196,1.31333],[99.33465,1.31423],[99.33554,1.31153],[99.33196,1.31063],[99.33196,1.31333]]],[[[99.32749,1.31424],[99.33107,1.31784],[99.33286,1.31513],[99.33107,1.31333],[99.33107,1.31153],[99.32749,1.31424]],[[99.33107,1.31333],[99.33017,1.31423],[99.33017,1.31333],[99.33107,1.31333]]],[[[99.31855,1.32144],[99.32213,1.32144],[99.32302,1.32414],[99.3266,1.32504],[99.3266,1.31964],[99.32481,1.31874],[99.31855,1.31874],[99.31855,1.32144]],[[99.32302,1.32324],[99.32391,1.32234],[99.32391,1.32324],[99.32302,1.32324]],[[99.32481,1.32414],[99.3257,1.32324],[99.3257,1.32414],[99.32481,1.32414]],[[99.3257,1.32054],[99.32481,1.32144],[99.32481,1.32054],[99.3257,1.32054]]],[[[99.25532,2.9561],[99.2589,2.9597],[99.2589,2.9624],[99.26159,2.9606],[99.25979,2.9552],[99.25532,2.9561]]],[[[99.31263,2.99929],[99.31084,2.99659],[99.30994,2.99929],[99.31263,2.99929]]],[[[99.40136,3.24499],[99.40226,3.24859],[99.40315,3.24679],[99.40495,3.24859],[99.40494,3.24229],[99.40136,3.24499]]],[[[99.40584,3.25219],[99.40316,3.25129],[99.40316,3.25219],[99.40584,3.25219]]],[[[99.37898,3.2594],[99.38346,3.2585],[99.37898,3.2558],[99.37898,3.2594]]],[[[99.37002,3.2567],[99.36644,3.26031],[99.36913,3.2621],[99.36734,3.26391],[99.37182,3.2639],[99.37002,3.2567]]],[[[99.38077,3.2603],[99.37898,3.2621],[99.38077,3.263],[99.38077,3.2603]]],[[[99.36196,3.26391],[99.36196,3.26031],[99.36017,3.25941],[99.35928,3.26211],[99.36196,3.26391]]],[[[99.37629,3.2603],[99.37271,3.263],[99.37271,3.2648],[99.37629,3.2648],[99.37629,3.2603]]],[[[99.36823,3.26751],[99.36555,3.26391],[99.36644,3.26751],[99.36823,3.26751]]],[[[99.41391,3.26659],[99.4157,3.26929],[99.4157,3.26659],[99.41391,3.26659]]],[[[99.3763,3.2711],[99.37898,3.2729],[99.37988,3.2693],[99.37719,3.2684],[99.37809,3.2711],[99.3763,3.2711]]],[[[99.40854,3.27289],[99.41033,3.27289],[99.41122,3.27019],[99.40943,3.26839],[99.40854,3.27289]]],[[[99.38436,3.2738],[99.38794,3.2711],[99.38525,3.272],[99.38436,3.2702],[99.38436,3.2738]]],[[[99.41391,3.27559],[99.41391,3.27379],[99.41122,3.27199],[99.41122,3.27379],[99.41391,3.27559]]],[[[99.37451,3.2738],[99.37809,3.2747],[99.37719,3.2729],[99.37451,3.2738]]],[[[99.37809,3.2774],[99.38257,3.2774],[99.38794,3.2837],[99.39332,3.2837],[99.39332,3.2855],[99.3969,3.2819],[99.3978,3.2873],[99.39959,3.2864],[99.39958,3.281],[99.396,3.2792],[99.39689,3.272],[99.39331,3.2765],[99.39152,3.2747],[99.38436,3.2756],[99.38436,3.2738],[99.38167,3.2756],[99.38257,3.2729],[99.37988,3.2729],[99.37809,3.2774]],[[99.38167,3.2756],[99.38078,3.2765],[99.38078,3.2756],[99.38167,3.2756]],[[99.39242,3.281],[99.39152,3.2819],[99.39152,3.281],[99.39242,3.281]],[[99.3969,3.2801],[99.396,3.281],[99.396,3.2801],[99.3969,3.2801]],[[99.39063,3.2801],[99.38884,3.2792],[99.39063,3.2792],[99.39063,3.2801]],[[99.38884,3.2792],[99.38615,3.2765],[99.38794,3.2765],[99.38884,3.2792]],[[99.39421,3.2792],[99.39332,3.2801],[99.39332,3.2792],[99.39421,3.2792]],[[99.39063,3.2774],[99.38973,3.2783],[99.38973,3.2774],[99.39063,3.2774]]],[[[99.35481,3.27921],[99.35839,3.28101],[99.35839,3.27921],[99.35481,3.27921]]],[[[99.40675,3.27739],[99.40138,3.28279],[99.40317,3.28459],[99.40854,3.28189],[99.40675,3.27739]],[[99.40764,3.28009],[99.40585,3.28099],[99.40585,3.28009],[99.40764,3.28009]]],[[[99.35839,3.28281],[99.35302,3.28281],[99.35391,3.28641],[99.35839,3.28281]]],[[[99.40586,3.28999],[99.40586,3.28549],[99.40496,3.28549],[99.40407,3.28999],[99.40586,3.28999]]],[[[99.39511,3.29],[99.3969,3.2882],[99.396,3.2864],[99.39421,3.2864],[99.39511,3.29]]],[[[99.35123,3.29001],[99.3566,3.29091],[99.3566,3.29001],[99.35123,3.29001]]],[[[99.35033,3.29002],[99.34764,3.29092],[99.34765,3.29362],[99.35123,3.29272],[99.35033,3.29002]]],[[[99.3978,3.2936],[99.3987,3.2963],[99.40228,3.2972],[99.39959,3.2945],[99.40138,3.2927],[99.3978,3.2936]]],[[[99.35212,3.29632],[99.34944,3.29902],[99.35302,3.29902],[99.35212,3.29632]]],[[[99.38795,3.3044],[99.39064,3.3035],[99.38974,3.3008],[99.38705,3.3017],[99.38795,3.3044]]],[[[99.39781,3.3107],[99.40049,3.3125],[99.40049,3.3107],[99.39781,3.3107]]],[[[99.39333,3.3152],[99.38975,3.3188],[99.39064,3.3116],[99.38527,3.3116],[99.38795,3.3134],[99.38796,3.3197],[99.38975,3.3206],[99.39602,3.3206],[99.39333,3.3152]],[[99.39243,3.3179],[99.39154,3.317],[99.39243,3.317],[99.39243,3.3179]]],[[[99.39422,3.3116],[99.3996,3.3197],[99.3987,3.3134],[99.39422,3.3116]]],[[[99.40318,3.3188],[99.40497,3.3179],[99.40497,3.3152],[99.40229,3.3161],[99.40318,3.3188]],[[99.40318,3.3161],[99.40408,3.317],[99.40318,3.317],[99.40318,3.3161]]],[[[99.37452,3.31971],[99.37632,3.32151],[99.37631,3.31971],[99.37452,3.31971]]],[[[99.379,3.32061],[99.37453,3.32511],[99.37721,3.32421],[99.379,3.32061]]],[[[99.3799,3.32781],[99.3799,3.32421],[99.37811,3.32421],[99.379,3.32601],[99.37632,3.32511],[99.37542,3.32871],[99.38348,3.32961],[99.38348,3.32781],[99.3799,3.32781]]],[[[99.41214,3.3269],[99.40946,3.3287],[99.41214,3.3278],[99.41214,3.3269]]],[[[99.38706,3.32781],[99.38707,3.33231],[99.39065,3.33141],[99.39065,3.3251],[99.38706,3.32781]]],[[[99.39781,3.3305],[99.4005,3.3323],[99.3996,3.3296],[99.39781,3.3305]]],[[[99.41842,3.33679],[99.41214,3.3278],[99.41214,3.3332],[99.41573,3.33319],[99.41842,3.33679]]],[[[99.39065,3.33501],[99.38528,3.33951],[99.39245,3.34491],[99.39065,3.33501]]],[[[99.40857,3.344],[99.40856,3.3368],[99.40498,3.335],[99.40677,3.3377],[99.4023,3.344],[99.40588,3.3458],[99.40677,3.3431],[99.40857,3.344]],[[99.40498,3.3422],[99.40588,3.344],[99.40498,3.344],[99.40498,3.3422]]],[[[99.39513,3.35031],[99.4014,3.3476],[99.4014,3.3431],[99.39961,3.3431],[99.4014,3.3323],[99.39871,3.335],[99.39781,3.3323],[99.39602,3.3341],[99.39423,3.3323],[99.39244,3.3332],[99.39334,3.34581],[99.39513,3.35031]],[[99.39334,3.3386],[99.39513,3.3377],[99.39513,3.3386],[99.39334,3.3386]],[[99.39603,3.3431],[99.39692,3.3422],[99.39692,3.3431],[99.39603,3.3431]],[[99.39692,3.3404],[99.39424,3.3413],[99.39423,3.3395],[99.39692,3.3404]],[[99.39871,3.3431],[99.39782,3.3422],[99.39871,3.3422],[99.39871,3.3431]]],[[[99.37632,3.34581],[99.37811,3.34311],[99.37991,3.34131],[99.37632,3.34221],[99.37632,3.34581]]],[[[99.41394,3.3512],[99.41663,3.3503],[99.41573,3.3458],[99.41394,3.3458],[99.41394,3.3512]]],[[[99.41215,3.3557],[99.41036,3.3458],[99.40678,3.3458],[99.4023,3.353],[99.40947,3.3539],[99.41036,3.3566],[99.41215,3.3557]],[[99.40857,3.3494],[99.40678,3.3512],[99.40767,3.3494],[99.40857,3.3494]]],[[[99.34677,3.34942],[99.34498,3.35663],[99.34677,3.35662],[99.34856,3.35032],[99.34677,3.34942]]],[[[99.26795,3.35125],[99.26348,3.35305],[99.26616,3.35665],[99.26885,3.35575],[99.26706,3.35485],[99.26795,3.35125]]],[[[99.27781,3.35935],[99.27154,3.35665],[99.27154,3.36295],[99.27423,3.36295],[99.27333,3.35845],[99.2787,3.36205],[99.27781,3.35935]]],[[[99.35842,3.37012],[99.35752,3.36742],[99.35573,3.36742],[99.35573,3.37102],[99.35842,3.37012]]],[[[99.29573,3.38635],[99.29573,3.38094],[99.29304,3.38185],[99.29483,3.38365],[99.29304,3.38365],[99.29304,3.38725],[99.29573,3.38635]]],[[[99.28857,3.41335],[99.28678,3.40705],[99.28678,3.41065],[99.28499,3.41065],[99.28678,3.40435],[99.28947,3.40615],[99.29484,3.40255],[99.29305,3.40705],[99.29484,3.40705],[99.29842,3.39895],[99.30379,3.39804],[99.30559,3.39984],[99.30648,3.39174],[99.31006,3.39624],[99.31275,3.39354],[99.30917,3.39354],[99.30827,3.38904],[99.30648,3.38904],[99.3029,3.39174],[99.3029,3.39624],[99.302,3.39444],[99.30021,3.39625],[99.29215,3.39355],[99.28857,3.39805],[99.28409,3.39445],[99.28946,3.39265],[99.28946,3.38995],[99.29036,3.39265],[99.29394,3.39265],[99.29304,3.38725],[99.29036,3.38815],[99.29125,3.38455],[99.28767,3.38365],[99.28588,3.38725],[99.28498,3.38365],[99.2814,3.38455],[99.27781,3.38185],[99.27782,3.38635],[99.27513,3.38635],[99.27423,3.38995],[99.27782,3.38905],[99.27871,3.39355],[99.27334,3.39895],[99.27782,3.40525],[99.27872,3.40075],[99.28409,3.40525],[99.28409,3.41155],[99.28857,3.41335]],[[99.28678,3.41065],[99.28768,3.41155],[99.28678,3.41155],[99.28678,3.41065]],[[99.29126,3.40345],[99.28946,3.40165],[99.29126,3.40165],[99.29126,3.40345]],[[99.28677,3.39265],[99.28498,3.39175],[99.28677,3.39175],[99.28677,3.39265]],[[99.27872,3.40075],[99.27692,3.39895],[99.27782,3.39895],[99.27872,3.40075]],[[99.28409,3.40435],[99.2823,3.39985],[99.28409,3.39985],[99.28409,3.40435]],[[99.2823,3.39985],[99.27961,3.39895],[99.2823,3.39895],[99.2823,3.39985]],[[99.29394,3.39895],[99.29305,3.39805],[99.29394,3.39805],[99.29394,3.39895]],[[99.27961,3.39805],[99.27782,3.39715],[99.27961,3.39715],[99.27961,3.39805]],[[99.29932,3.39805],[99.29842,3.39715],[99.29932,3.39715],[99.29932,3.39805]],[[99.30111,3.39805],[99.30021,3.39715],[99.30111,3.39715],[99.30111,3.39805]],[[99.29305,3.39715],[99.29304,3.39535],[99.29573,3.39535],[99.29573,3.39625],[99.29305,3.39715]],[[99.2805,3.39175],[99.27961,3.39085],[99.2805,3.39085],[99.2805,3.39175]],[[99.2814,3.38995],[99.27961,3.38815],[99.2814,3.38815],[99.2814,3.38995]],[[99.27782,3.38815],[99.27692,3.38725],[99.27782,3.38725],[99.27782,3.38815]]],[[[99.30827,3.39714],[99.31096,3.39894],[99.31096,3.39804],[99.30827,3.39714]]],[[[99.27066,3.40526],[99.27424,3.40705],[99.27513,3.40435],[99.27334,3.40255],[99.27066,3.40526]]],[[[99.29753,3.40705],[99.29932,3.40525],[99.29663,3.40525],[99.29753,3.40705]]],[[[99.26797,3.40616],[99.26797,3.40886],[99.27155,3.40706],[99.27066,3.40526],[99.26797,3.40616]]],[[[99.27603,3.40795],[99.27782,3.41065],[99.28051,3.40795],[99.2832,3.40885],[99.2823,3.40615],[99.27603,3.40795]],[[99.28051,3.40795],[99.27961,3.40705],[99.28051,3.40705],[99.28051,3.40795]]],[[[99.28051,3.40885],[99.2823,3.41155],[99.2832,3.40975],[99.28051,3.40885]]],[[[99.25812,3.41066],[99.25991,3.41336],[99.2617,3.41246],[99.25991,3.40886],[99.25812,3.41066]]],[[[99.27424,3.41336],[99.27603,3.40975],[99.27066,3.40886],[99.27424,3.40975],[99.27245,3.41606],[99.27335,3.41426],[99.27603,3.41606],[99.27424,3.41336]]],[[[99.27782,3.41155],[99.27693,3.41515],[99.2823,3.41425],[99.2823,3.41245],[99.27782,3.41155]]],[[[99.30559,3.41605],[99.3038,3.41335],[99.3029,3.41605],[99.30559,3.41605]]],[[[99.30022,3.41965],[99.30111,3.41695],[99.29932,3.41785],[99.30022,3.41965]]],[[[99.29305,3.41425],[99.29036,3.41335],[99.28857,3.41875],[99.29395,3.42055],[99.29216,3.42235],[99.29485,3.42595],[99.29932,3.42325],[99.29484,3.42055],[99.29932,3.41515],[99.29753,3.41155],[99.29395,3.41155],[99.29305,3.41425]],[[99.29574,3.41785],[99.29484,3.41695],[99.29574,3.41695],[99.29574,3.41785]],[[99.29574,3.42235],[99.29484,3.42145],[99.29574,3.42145],[99.29574,3.42235]],[[99.29395,3.41605],[99.29305,3.41515],[99.29395,3.41515],[99.29395,3.41605]],[[99.29574,3.41425],[99.29484,3.41335],[99.29574,3.41335],[99.29574,3.41425]]],[[[99.28589,3.43766],[99.28858,3.43855],[99.28858,3.43585],[99.28589,3.43766]]],[[[99.27873,3.43946],[99.27156,3.44306],[99.27246,3.44666],[99.27515,3.44486],[99.27694,3.44486],[99.27604,3.44756],[99.28589,3.44576],[99.2841,3.44216],[99.27873,3.44216],[99.27873,3.43946]],[[99.27783,3.44216],[99.27962,3.44486],[99.27783,3.44576],[99.27783,3.44216]]],[[[99.27156,3.45116],[99.26709,3.45296],[99.27246,3.45746],[99.27425,3.45476],[99.27156,3.45116]]],[[[99.55009,0.81463],[99.54652,0.81733],[99.54831,0.82003],[99.55188,0.81733],[99.55009,0.81463]]],[[[99.52506,0.83624],[99.52774,0.83894],[99.52774,0.84344],[99.53221,0.84254],[99.52506,0.83624]],[[99.52953,0.84074],[99.52864,0.84164],[99.52864,0.84074],[99.52953,0.84074]]],[[[99.52774,0.84434],[99.53042,0.84524],[99.52953,0.84884],[99.53132,0.84974],[99.53132,0.84434],[99.52774,0.84434]]],[[[99.49556,0.92265],[99.49467,0.91995],[99.49646,0.91905],[99.49377,0.91905],[99.49288,0.92265],[99.49556,0.92265]]],[[[99.49289,0.97306],[99.49557,0.97666],[99.49557,0.97216],[99.49289,0.97306]]],[[[99.46606,0.98297],[99.46517,0.98837],[99.46964,0.98207],[99.47321,0.98297],[99.47411,0.97756],[99.4759,0.97756],[99.4759,0.98116],[99.47768,0.97936],[99.48216,0.98116],[99.48663,0.97846],[99.48484,0.97846],[99.48394,0.97396],[99.48216,0.97396],[99.48216,0.97756],[99.47947,0.97666],[99.48037,0.97216],[99.47858,0.97216],[99.47142,0.97666],[99.46785,0.97486],[99.46695,0.98207],[99.46427,0.98207],[99.46606,0.98297]],[[99.475,0.97576],[99.4759,0.97666],[99.475,0.97666],[99.475,0.97576]],[[99.47768,0.97486],[99.47679,0.97576],[99.47679,0.97486],[99.47768,0.97486]]],[[[99.49468,0.98296],[99.4911,0.97846],[99.48842,0.98026],[99.48752,0.97846],[99.48752,0.98206],[99.4911,0.98656],[99.49468,0.98296]],[[99.48842,0.98206],[99.4911,0.98116],[99.4911,0.98206],[99.48842,0.98206]],[[99.4911,0.98206],[99.49199,0.98296],[99.4911,0.98296],[99.4911,0.98206]],[[99.4911,0.98296],[99.4902,0.98386],[99.4902,0.98296],[99.4911,0.98296]]],[[[99.49468,0.99196],[99.49021,0.99016],[99.4911,0.99196],[99.49468,0.99196]]],[[[99.48484,0.99737],[99.48663,0.99466],[99.48574,0.99466],[99.48484,0.99737]]],[[[99.492,0.99826],[99.49021,0.99556],[99.48663,0.99917],[99.49021,0.99916],[99.492,0.99826]]],[[[99.44639,1.00277],[99.44639,1.00007],[99.44728,0.99827],[99.44281,1.00007],[99.44639,1.00277]]],[[[99.46875,1.02977],[99.47054,1.02887],[99.46964,1.02347],[99.47411,1.02167],[99.47322,1.01717],[99.48037,1.01177],[99.47769,1.00547],[99.47858,1.00727],[99.48127,1.00547],[99.47858,1.00277],[99.48216,1.00277],[99.48216,0.99917],[99.47769,0.99647],[99.47948,0.99557],[99.47858,0.99197],[99.48126,0.99377],[99.48126,0.99737],[99.48395,0.99737],[99.48216,0.99557],[99.48842,0.99286],[99.48842,0.98566],[99.48216,0.98656],[99.47769,0.98296],[99.47679,0.98567],[99.47232,0.98477],[99.47232,0.99197],[99.46874,0.99017],[99.46427,0.99647],[99.47053,0.99557],[99.47053,1.00637],[99.46696,1.00727],[99.46696,1.00547],[99.46159,1.00457],[99.46249,1.00187],[99.4598,1.00187],[99.4598,0.99737],[99.45623,0.99737],[99.45891,0.99917],[99.45712,1.00187],[99.46249,1.00727],[99.45891,1.00817],[99.45444,1.00187],[99.45623,0.99917],[99.45175,0.99827],[99.45354,0.99647],[99.45086,0.99287],[99.45801,0.99287],[99.4607,0.99647],[99.4607,0.99377],[99.46517,0.99377],[99.46517,0.99107],[99.4607,0.99107],[99.46248,0.99017],[99.4607,0.98657],[99.46338,0.98747],[99.4598,0.98297],[99.46069,0.97847],[99.45622,0.98117],[99.45175,0.98027],[99.45086,0.98207],[99.45354,0.98387],[99.44907,0.98297],[99.44907,0.98117],[99.44192,0.98117],[99.44013,0.99197],[99.44371,0.99017],[99.44639,0.99647],[99.44907,0.99377],[99.44907,0.99917],[99.45086,1.00097],[99.44907,1.00187],[99.45354,1.00547],[99.45265,1.00907],[99.45712,1.00817],[99.45444,1.00997],[99.45533,1.01177],[99.4607,1.01177],[99.45981,1.01717],[99.4607,1.01987],[99.46428,1.01807],[99.4607,1.02527],[99.46875,1.02797],[99.46875,1.02977]],[[99.47322,1.01717],[99.47232,1.01627],[99.47322,1.01627],[99.47322,1.01717]],[[99.4759,1.01447],[99.47501,1.01357],[99.4759,1.01357],[99.4759,1.01447]],[[99.47858,1.00997],[99.47769,1.01087],[99.47769,1.00997],[99.47858,1.00997]],[[99.47769,1.00817],[99.4768,1.00907],[99.47679,1.00817],[99.47769,1.00817]],[[99.48037,0.99827],[99.47948,0.99917],[99.47948,0.99827],[99.48037,0.99827]],[[99.47948,0.99197],[99.48037,0.99107],[99.48037,0.99197],[99.47948,0.99197]],[[99.45444,1.00007],[99.45265,1.00187],[99.45175,1.00007],[99.45444,1.00007]],[[99.4607,0.99107],[99.4598,0.99197],[99.4598,0.99107],[99.4607,0.99107]],[[99.44997,0.99917],[99.45086,0.99827],[99.45086,0.99917],[99.44997,0.99917]],[[99.46249,1.01807],[99.4607,1.01627],[99.4607,1.01447],[99.46338,1.01627],[99.46249,1.01807]],[[99.4616,1.02527],[99.46249,1.02437],[99.46249,1.02527],[99.4616,1.02527]],[[99.46785,1.02527],[99.46696,1.02167],[99.46875,1.02167],[99.46785,1.02257],[99.46785,1.02527]],[[99.47322,1.01897],[99.47233,1.01987],[99.47233,1.01897],[99.47322,1.01897]],[[99.46785,1.01537],[99.46696,1.01627],[99.46696,1.01537],[99.46785,1.01537]],[[99.47054,1.01357],[99.46964,1.01537],[99.46964,1.01357],[99.47054,1.01357]],[[99.4768,1.01087],[99.4759,1.01177],[99.4759,1.01087],[99.4768,1.01087]],[[99.4607,1.00907],[99.4598,1.00997],[99.4598,1.00907],[99.4607,1.00907]],[[99.45623,1.00637],[99.45533,1.00727],[99.45533,1.00637],[99.45623,1.00637]],[[99.46517,1.00727],[99.46428,1.00637],[99.46517,1.00637],[99.46517,1.00727]],[[99.46428,1.00637],[99.46338,1.00547],[99.46428,1.00547],[99.46428,1.00637]],[[99.47411,0.99917],[99.475,0.99827],[99.47501,0.99917],[99.47411,0.99917]],[[99.475,0.99827],[99.47679,0.99737],[99.47679,0.99827],[99.475,0.99827]],[[99.48216,0.99197],[99.48126,0.99287],[99.48126,0.99197],[99.48216,0.99197]],[[99.48484,0.99286],[99.48573,0.99196],[99.48574,0.99286],[99.48484,0.99286]],[[99.48573,0.99196],[99.48663,0.99016],[99.48663,0.99196],[99.48573,0.99196]],[[99.48573,0.99016],[99.48484,0.98926],[99.48573,0.98926],[99.48573,0.99016]],[[99.45622,0.99107],[99.45533,0.99197],[99.45533,0.99107],[99.45622,0.99107]],[[99.45354,0.99017],[99.45265,0.99107],[99.45265,0.99017],[99.45354,0.99017]],[[99.48395,0.99016],[99.48216,0.99107],[99.48216,0.99016],[99.48395,0.99016]],[[99.45175,0.98927],[99.44997,0.99017],[99.44996,0.98837],[99.45175,0.98927]],[[99.45444,0.98657],[99.45712,0.98567],[99.45533,0.98927],[99.45444,0.98927],[99.45444,0.98657]],[[99.48752,0.98836],[99.48663,0.98926],[99.48663,0.98836],[99.48752,0.98836]],[[99.45175,0.98837],[99.45265,0.98747],[99.45265,0.98837],[99.45175,0.98837]],[[99.45265,0.98747],[99.45354,0.98657],[99.45354,0.98747],[99.45265,0.98747]],[[99.4759,0.98747],[99.475,0.98837],[99.475,0.98747],[99.4759,0.98747]],[[99.48752,0.98746],[99.48484,0.98656],[99.48752,0.98656],[99.48752,0.98746]],[[99.44818,0.98657],[99.44728,0.98747],[99.44728,0.98657],[99.44818,0.98657]],[[99.4598,0.98657],[99.45891,0.98567],[99.4598,0.98567],[99.4598,0.98657]],[[99.45891,0.98567],[99.45801,0.98477],[99.45891,0.98477],[99.45891,0.98567]],[[99.45086,0.98477],[99.44996,0.98567],[99.44996,0.98477],[99.45086,0.98477]],[[99.45533,0.98297],[99.45444,0.98387],[99.45444,0.98297],[99.45533,0.98297]]],[[[99.45176,1.02617],[99.45176,1.02887],[99.45444,1.02797],[99.45623,1.03067],[99.45802,1.02707],[99.45444,1.02617],[99.45891,1.02617],[99.45981,1.01987],[99.45712,1.01987],[99.45623,1.01537],[99.45265,1.01357],[99.45355,1.01177],[99.44997,1.01177],[99.44997,1.00817],[99.44818,1.01177],[99.44639,1.00817],[99.44371,1.00907],[99.4446,1.00277],[99.44192,1.00457],[99.43834,0.99827],[99.43655,1.00727],[99.44192,1.01537],[99.44013,1.01988],[99.4455,1.01807],[99.44729,1.02527],[99.4455,1.02708],[99.45176,1.02617]],[[99.45623,1.02527],[99.45534,1.02437],[99.45623,1.02437],[99.45623,1.02527]],[[99.45623,1.02437],[99.45712,1.02347],[99.45712,1.02437],[99.45623,1.02437]],[[99.44729,1.02167],[99.44818,1.02077],[99.44818,1.02167],[99.44729,1.02167]],[[99.45623,1.02167],[99.45355,1.02257],[99.45355,1.02077],[99.45623,1.02167]],[[99.45355,1.01717],[99.45265,1.01807],[99.45265,1.01717],[99.45355,1.01717]]],[[[99.43477,1.01988],[99.43834,1.02258],[99.43834,1.01717],[99.43477,1.01988]]],[[[99.45981,1.03157],[99.46249,1.02977],[99.46338,1.03427],[99.46517,1.03427],[99.46696,1.02887],[99.4607,1.02707],[99.45981,1.03157]]],[[[99.46964,1.03427],[99.46875,1.02977],[99.46786,1.02977],[99.46696,1.03337],[99.46964,1.03427]]],[[[99.4607,1.04598],[99.45802,1.04868],[99.45892,1.05048],[99.46339,1.04958],[99.46339,1.04598],[99.4607,1.04598]]],[[[99.45981,1.06488],[99.4616,1.05768],[99.47054,1.05588],[99.46607,1.04688],[99.46428,1.04688],[99.46518,1.05138],[99.46249,1.05048],[99.46339,1.05678],[99.4616,1.05318],[99.45623,1.05408],[99.45623,1.05858],[99.44908,1.05678],[99.44908,1.06308],[99.45445,1.06038],[99.45445,1.06398],[99.45981,1.06488]],[[99.45534,1.06128],[99.45623,1.05948],[99.45623,1.06128],[99.45534,1.06128]],[[99.45802,1.06398],[99.45892,1.06308],[99.45892,1.06398],[99.45802,1.06398]],[[99.45802,1.05768],[99.45892,1.05858],[99.45802,1.05858],[99.45802,1.05768]],[[99.45892,1.05768],[99.45981,1.05678],[99.45981,1.05768],[99.45892,1.05768]],[[99.46875,1.05498],[99.46786,1.05408],[99.46875,1.05408],[99.46875,1.05498]]],[[[99.44819,1.06038],[99.44729,1.05678],[99.4455,1.05678],[99.4464,1.06038],[99.44819,1.06038]]],[[[99.44908,1.06848],[99.44729,1.06308],[99.44282,1.06398],[99.44193,1.06758],[99.44908,1.06848]],[[99.4455,1.06578],[99.44461,1.06668],[99.44461,1.06578],[99.4455,1.06578]]],[[[99.44908,1.07478],[99.44282,1.07568],[99.44282,1.08108],[99.44551,1.08018],[99.4464,1.07658],[99.44908,1.07748],[99.44908,1.07478]]],[[[99.45445,1.07388],[99.45177,1.08198],[99.45624,1.07658],[99.45445,1.07388]],[[99.45534,1.07658],[99.45445,1.07568],[99.45534,1.07568],[99.45534,1.07658]]],[[[99.43567,1.07928],[99.43925,1.08288],[99.43835,1.07658],[99.43567,1.07568],[99.43567,1.07928]]],[[[99.41957,1.08469],[99.42136,1.09009],[99.42315,1.08379],[99.42583,1.08379],[99.42494,1.08019],[99.42226,1.08019],[99.42404,1.07389],[99.42047,1.07389],[99.41778,1.07749],[99.41957,1.08019],[99.42136,1.08109],[99.42047,1.08289],[99.4151,1.08289],[99.41957,1.08469]],[[99.41957,1.07929],[99.42136,1.07839],[99.42136,1.07929],[99.41957,1.07929]],[[99.42136,1.07659],[99.42047,1.07749],[99.42047,1.07659],[99.42136,1.07659]],[[99.42225,1.07479],[99.42136,1.07569],[99.42136,1.07479],[99.42225,1.07479]]],[[[99.44908,1.08828],[99.4464,1.08648],[99.4473,1.08828],[99.44908,1.08828]]],[[[99.44282,1.08378],[99.44372,1.09369],[99.44909,1.09098],[99.44551,1.08828],[99.44372,1.08288],[99.44014,1.08288],[99.44282,1.08378]]],[[[99.42405,1.09459],[99.42673,1.09369],[99.42405,1.09369],[99.42405,1.09459]]],[[[99.42673,1.09549],[99.42941,1.09729],[99.42941,1.09549],[99.42673,1.09549]]],[[[99.45087,1.09728],[99.44998,1.09548],[99.4464,1.09639],[99.4473,1.09819],[99.45087,1.09728]]],[[[99.41689,1.10089],[99.42047,1.09999],[99.41958,1.09729],[99.42047,1.09459],[99.416,1.09819],[99.41689,1.10089]]],[[[99.42405,1.09639],[99.42226,1.09819],[99.42047,1.09639],[99.42136,1.09999],[99.42494,1.09909],[99.42405,1.09639]]],[[[99.42941,1.10629],[99.4321,1.10719],[99.4312,1.10089],[99.42941,1.10179],[99.42941,1.10629]]],[[[99.42762,1.10089],[99.41868,1.10179],[99.41958,1.10719],[99.416,1.10539],[99.41779,1.10899],[99.41421,1.11169],[99.41511,1.11619],[99.41689,1.11619],[99.41779,1.11169],[99.41958,1.11259],[99.42226,1.10989],[99.42136,1.10359],[99.42673,1.10899],[99.42762,1.10089]],[[99.41779,1.11169],[99.41689,1.11079],[99.41779,1.11079],[99.41779,1.11169]],[[99.42136,1.10359],[99.42047,1.10269],[99.42136,1.10269],[99.42136,1.10359]],[[99.42315,1.10449],[99.42405,1.10359],[99.42405,1.10449],[99.42315,1.10449]],[[99.42584,1.10539],[99.42494,1.10449],[99.42584,1.10449],[99.42584,1.10539]]],[[[99.42137,1.11529],[99.42226,1.11349],[99.42226,1.11169],[99.41958,1.11349],[99.42137,1.11529]]],[[[99.42584,1.10989],[99.42315,1.10989],[99.42405,1.11529],[99.42137,1.11529],[99.42137,1.11799],[99.42494,1.11619],[99.42584,1.10989]]],[[[99.42763,1.11889],[99.42673,1.11619],[99.42494,1.11619],[99.42584,1.11889],[99.42763,1.11889]]],[[[99.42405,1.12069],[99.42584,1.12609],[99.43031,1.12609],[99.42673,1.12519],[99.43031,1.12249],[99.43031,1.12069],[99.42405,1.12069]],[[99.42852,1.12339],[99.42673,1.12249],[99.42852,1.12249],[99.42852,1.12339]]],[[[99.49742,1.32141],[99.49921,1.32231],[99.49831,1.31871],[99.49652,1.31871],[99.49742,1.32141]],[[99.49831,1.31961],[99.49742,1.32051],[99.49742,1.31961],[99.49831,1.31961]]],[[[99.5001,1.32591],[99.5001,1.32411],[99.49295,1.32141],[99.49295,1.32321],[99.5001,1.32591]]],[[[99.45855,2.95423],[99.45855,2.94973],[99.45676,2.94973],[99.45586,2.95243],[99.45855,2.95423]]],[[[99.47736,2.96593],[99.48363,2.97132],[99.4881,2.97042],[99.48541,2.96592],[99.47736,2.96322],[99.47736,2.96593]],[[99.48362,2.96592],[99.48273,2.96682],[99.48273,2.96592],[99.48362,2.96592]]],[[[99.5383,3.08471],[99.54098,3.08561],[99.54188,3.08471],[99.54098,3.07841],[99.53919,3.07841],[99.54009,3.08471],[99.5383,3.08471]]],[[[99.50965,3.10363],[99.51055,3.10723],[99.51324,3.10722],[99.51323,3.10542],[99.51144,3.10633],[99.50965,3.10363]]],[[[99.55263,3.1063],[99.54815,3.10541],[99.54905,3.10991],[99.54995,3.10631],[99.55174,3.10811],[99.55263,3.1063]]],[[[99.51503,3.11082],[99.51682,3.11352],[99.51682,3.11082],[99.51503,3.11082]]],[[[99.5204,3.11442],[99.51772,3.11622],[99.5204,3.11622],[99.5204,3.11442]]],[[[99.56069,3.1135],[99.55442,3.1081],[99.55264,3.11441],[99.55711,3.1126],[99.55712,3.1198],[99.5598,3.1225],[99.56069,3.1135]],[[99.5598,3.1198],[99.55891,3.1207],[99.55891,3.1198],[99.5598,3.1198]]],[[[99.5419,3.12971],[99.53832,3.12611],[99.53294,3.12612],[99.53653,3.12972],[99.5419,3.12971]],[[99.53742,3.12791],[99.53653,3.12701],[99.53742,3.12701],[99.53742,3.12791]]],[[[99.5419,3.13331],[99.55175,3.13511],[99.54996,3.13421],[99.54906,3.13241],[99.54548,3.13241],[99.54548,3.13151],[99.54369,3.13151],[99.54369,3.13061],[99.5428,3.13061],[99.5428,3.12971],[99.5419,3.12971],[99.5419,3.13331]]],[[[99.54996,3.13151],[99.54996,3.13331],[99.55533,3.13421],[99.55354,3.13151],[99.54996,3.13151]]],[[[99.47296,3.15405],[99.47207,3.15585],[99.46938,3.15495],[99.47028,3.16305],[99.47565,3.16125],[99.47744,3.16305],[99.47386,3.15945],[99.47296,3.15405]]],[[[99.47744,3.16485],[99.48013,3.16575],[99.47744,3.16305],[99.47744,3.16485]]],[[[99.47029,3.18285],[99.47387,3.18555],[99.47298,3.18195],[99.47029,3.18285]]],[[[99.50522,3.19274],[99.50701,3.19634],[99.5097,3.19454],[99.50969,3.19184],[99.50522,3.19274]]],[[[99.51418,3.20533],[99.5097,3.19634],[99.50701,3.19724],[99.5088,3.19994],[99.50522,3.19994],[99.5097,3.20264],[99.50791,3.20624],[99.5097,3.20894],[99.51955,3.20893],[99.51418,3.20533]],[[99.51059,3.19904],[99.5097,3.19994],[99.5097,3.19904],[99.51059,3.19904]],[[99.5097,3.20264],[99.51149,3.20084],[99.51149,3.20264],[99.5097,3.20264]],[[99.5097,3.20804],[99.5106,3.20714],[99.5106,3.20804],[99.5097,3.20804]]],[[[99.48016,3.22335],[99.47658,3.22155],[99.47568,3.21976],[99.47658,3.22516],[99.48016,3.22335]]],[[[99.47569,3.23416],[99.4739,3.24046],[99.47569,3.24316],[99.4739,3.24406],[99.47838,3.24856],[99.48286,3.24765],[99.48375,3.25215],[99.48734,3.25125],[99.48734,3.24945],[99.48375,3.25035],[99.48644,3.24225],[99.48106,3.24406],[99.48106,3.24045],[99.48554,3.23775],[99.48195,3.23415],[99.48285,3.23145],[99.47927,3.23325],[99.47927,3.23596],[99.47748,3.23236],[99.47389,3.23326],[99.47569,3.23416]],[[99.48195,3.23415],[99.48106,3.23505],[99.48106,3.23415],[99.48195,3.23415]],[[99.47837,3.23596],[99.47748,3.23686],[99.47748,3.23596],[99.47837,3.23596]],[[99.48016,3.23685],[99.48196,3.23775],[99.47927,3.23956],[99.48017,3.23866],[99.48016,3.23685]]],[[[99.42018,3.27199],[99.41391,3.26929],[99.41929,3.27559],[99.42018,3.27199]]],[[[99.48197,3.27196],[99.48555,3.27106],[99.48824,3.26565],[99.48018,3.27106],[99.4757,3.27106],[99.47481,3.27286],[99.4775,3.27376],[99.47839,3.27736],[99.47302,3.27916],[99.47839,3.27916],[99.48197,3.27196]]],[[[99.4175,3.27919],[99.4166,3.27649],[99.4157,3.27649],[99.4157,3.28009],[99.4175,3.27919]]],[[[99.4175,3.28279],[99.41929,3.28009],[99.41571,3.28189],[99.4175,3.28279]]],[[[99.49272,3.28005],[99.49093,3.28365],[99.49541,3.28275],[99.49272,3.28005]]],[[[99.45243,3.28727],[99.45063,3.28367],[99.44974,3.28367],[99.44884,3.28728],[99.45243,3.28727]]],[[[99.45601,3.28997],[99.4569,3.28907],[99.45601,3.28547],[99.45511,3.28907],[99.45601,3.28997]]],[[[99.48915,3.28906],[99.49273,3.28905],[99.49093,3.28545],[99.48467,3.28816],[99.48109,3.29356],[99.48557,3.29536],[99.48915,3.28906]]],[[[99.4972,3.28635],[99.49541,3.28635],[99.49094,3.29446],[99.49542,3.29175],[99.4972,3.28635]]],[[[99.46765,3.29267],[99.46586,3.29447],[99.46676,3.29447],[99.46765,3.29267]]],[[[99.46855,3.30077],[99.46855,3.29717],[99.46497,3.29807],[99.46407,3.29177],[99.46586,3.28997],[99.46317,3.29087],[99.46228,3.28727],[99.4578,3.28637],[99.45959,3.28907],[99.45691,3.29177],[99.46139,3.29447],[99.46318,3.30077],[99.46855,3.30077]],[[99.46228,3.29627],[99.46407,3.29357],[99.46318,3.29627],[99.46228,3.29627]],[[99.46318,3.29357],[99.46138,3.29177],[99.46318,3.29177],[99.46318,3.29357]],[[99.46407,3.29807],[99.46318,3.29717],[99.46407,3.29717],[99.46407,3.29807]]],[[[99.42019,3.29629],[99.42288,3.29719],[99.42198,3.29539],[99.42019,3.29629]]],[[[99.46945,3.29897],[99.47303,3.30077],[99.47303,3.29897],[99.46945,3.29897]]],[[[99.47124,3.30347],[99.47214,3.30167],[99.47124,3.30077],[99.46855,3.30077],[99.47124,3.30347]]],[[[99.45333,3.30077],[99.44885,3.29718],[99.44975,3.30168],[99.44616,3.30348],[99.44527,3.30078],[99.44169,3.30258],[99.44168,3.29988],[99.4381,3.29898],[99.44258,3.30708],[99.44527,3.30438],[99.44527,3.30798],[99.44975,3.30528],[99.45243,3.30618],[99.45333,3.30077]],[[99.44975,3.30258],[99.45064,3.30348],[99.44975,3.30348],[99.44975,3.30258]],[[99.45064,3.30258],[99.45154,3.30078],[99.45154,3.30258],[99.45064,3.30258]]],[[[99.46049,3.30437],[99.46229,3.30437],[99.46228,3.29987],[99.45781,3.30077],[99.45602,3.30437],[99.4596,3.30527],[99.4587,3.30887],[99.46139,3.30887],[99.46049,3.30437]],[[99.4596,3.30167],[99.46049,3.30257],[99.4596,3.30257],[99.4596,3.30167]]],[[[99.43542,3.30798],[99.43452,3.30438],[99.43363,3.30798],[99.43542,3.30798]]],[[[99.44617,3.31698],[99.44975,3.31068],[99.44796,3.30888],[99.44348,3.31068],[99.44617,3.31698]],[[99.44527,3.31248],[99.44617,3.31158],[99.44617,3.31248],[99.44527,3.31248]]],[[[99.41572,3.32509],[99.41304,3.326],[99.41841,3.32959],[99.41931,3.32779],[99.41572,3.32509]]],[[[99.42738,3.34849],[99.4238,3.35389],[99.42917,3.35299],[99.42738,3.34849]]],[[[99.8792,1.03239],[99.88009,1.02968],[99.87651,1.03059],[99.87651,1.03239],[99.8792,1.03239]]],[[[99.88459,1.13049],[99.88816,1.12779],[99.88816,1.12599],[99.88459,1.12689],[99.88459,1.13049]]],[[[99.83989,1.1629],[99.84168,1.1647],[99.84257,1.162],[99.8381,1.1575],[99.83452,1.15841],[99.83452,1.15391],[99.82379,1.15031],[99.82379,1.15481],[99.82826,1.15751],[99.82826,1.16111],[99.83184,1.16381],[99.83452,1.16201],[99.83721,1.16741],[99.83989,1.1629]],[[99.83184,1.15391],[99.83005,1.15481],[99.83005,1.15391],[99.83184,1.15391]],[[99.82647,1.15121],[99.82558,1.15211],[99.82558,1.15121],[99.82647,1.15121]],[[99.83452,1.16201],[99.83542,1.16111],[99.83542,1.16201],[99.83452,1.16201]],[[99.8381,1.16381],[99.83721,1.16471],[99.83721,1.16381],[99.8381,1.16381]],[[99.8381,1.16201],[99.8372,1.16291],[99.8372,1.16201],[99.8381,1.16201]],[[99.8372,1.16021],[99.83631,1.16111],[99.83631,1.16021],[99.8372,1.16021]],[[99.83094,1.15931],[99.83005,1.16021],[99.83005,1.15931],[99.83094,1.15931]],[[99.82647,1.15301],[99.82558,1.15391],[99.82558,1.15301],[99.82647,1.15301]]],[[[99.90521,1.28619],[99.90252,1.28439],[99.90431,1.28169],[99.90073,1.28079],[99.90163,1.28619],[99.90521,1.28619]]],[[[99.80094,2.15839],[99.79916,2.16379],[99.80184,2.16379],[99.80094,2.15839]]],[[[99.8099,2.17098],[99.81258,2.17188],[99.81168,2.16648],[99.80989,2.16828],[99.8099,2.17098]]],[[[99.8099,2.17368],[99.81169,2.17638],[99.81079,2.17368],[99.8099,2.17368]]],[[[99.81348,2.17818],[99.81079,2.17728],[99.81079,2.17908],[99.81348,2.17818]]],[[[99.8977,2.37434],[99.89412,2.37164],[99.89233,2.37525],[99.89681,2.37614],[99.8977,2.37434]]],[[[99.88607,2.37525],[99.88696,2.37255],[99.88428,2.37255],[99.88428,2.37525],[99.88786,2.37705],[99.89144,2.37345],[99.88875,2.37255],[99.88607,2.37525]]],[[[99.66509,2.45638],[99.66688,2.45998],[99.66777,2.45728],[99.66509,2.45638]]],[[[99.6696,2.54009],[99.66513,2.53919],[99.66513,2.54189],[99.66692,2.54189],[99.6696,2.54009]]],[[[99.67318,2.54099],[99.6705,2.54009],[99.6696,2.54009],[99.6696,2.54099],[99.66871,2.54099],[99.66871,2.54189],[99.67318,2.54099]]],[[[99.70362,2.55177],[99.70273,2.55447],[99.7063,2.55447],[99.70362,2.55177]]],[[[99.92296,2.66503],[99.92296,2.66773],[99.92385,2.66593],[99.92743,2.66683],[99.92743,2.66323],[99.92296,2.66503]]],[[[99.92922,2.66773],[99.92923,2.67043],[99.93102,2.67043],[99.93191,2.66773],[99.92922,2.66773]]],[[[99.92654,2.66773],[99.92475,2.67313],[99.92654,2.67403],[99.92833,2.67133],[99.92654,2.67133],[99.92654,2.66773]]],[[[99.92656,2.69293],[99.92387,2.69293],[99.92477,2.69563],[99.92746,2.69563],[99.92656,2.69293]]],[[[99.92926,2.70913],[99.92746,2.70463],[99.93015,2.70463],[99.92925,2.70733],[99.93194,2.70373],[99.93552,2.70553],[99.93462,2.69923],[99.9373,2.70012],[99.9382,2.69652],[99.93104,2.69563],[99.93014,2.70013],[99.93194,2.70103],[99.92836,2.70283],[99.92746,2.70013],[99.92567,2.70463],[99.92209,2.70554],[99.92926,2.70913]],[[99.93194,2.70373],[99.93104,2.70283],[99.93194,2.70283],[99.93194,2.70373]],[[99.93104,2.70283],[99.93015,2.70193],[99.93104,2.70193],[99.93104,2.70283]],[[99.93462,2.69923],[99.93283,2.69743],[99.93462,2.69743],[99.93462,2.69923]],[[99.92657,2.70553],[99.92567,2.70643],[99.92567,2.70553],[99.92657,2.70553]]],[[[99.86759,2.82978],[99.8658,2.83338],[99.86938,2.83338],[99.86759,2.82978]]],[[[99.85595,2.83159],[99.85774,2.83429],[99.85774,2.83159],[99.85595,2.83159]]],[[[99.85328,2.84779],[99.85507,2.85139],[99.85776,2.84959],[99.85686,2.85319],[99.85955,2.85499],[99.87208,2.85318],[99.87208,2.85048],[99.87924,2.85407],[99.88014,2.85047],[99.87745,2.84867],[99.88103,2.84687],[99.88102,2.84327],[99.87834,2.84507],[99.87744,2.84237],[99.87476,2.84328],[99.87655,2.84148],[99.87565,2.83698],[99.86939,2.83968],[99.86938,2.83698],[99.86759,2.83788],[99.86759,2.83518],[99.86401,2.83428],[99.86222,2.83609],[99.86401,2.83968],[99.86133,2.83969],[99.86043,2.83429],[99.85327,2.83699],[99.85148,2.83519],[99.85238,2.84329],[99.85417,2.84599],[99.85596,2.84509],[99.85328,2.84779]],[[99.88013,2.84687],[99.87834,2.84597],[99.88013,2.84597],[99.88013,2.84687]],[[99.86133,2.83969],[99.86043,2.84059],[99.86043,2.83969],[99.86133,2.83969]],[[99.86043,2.83609],[99.85864,2.83699],[99.85864,2.83609],[99.86043,2.83609]],[[99.85328,2.84329],[99.85417,2.84239],[99.85417,2.84329],[99.85328,2.84329]],[[99.86134,2.85319],[99.86044,2.85229],[99.86134,2.85229],[99.86134,2.85319]],[[99.86313,2.85229],[99.86223,2.85139],[99.86313,2.85139],[99.86313,2.85229]],[[99.85955,2.85139],[99.85865,2.85049],[99.85955,2.85049],[99.85955,2.85139]],[[99.86671,2.85138],[99.86492,2.85048],[99.86671,2.85048],[99.86671,2.85138]],[[99.86939,2.85048],[99.8676,2.84958],[99.86939,2.84958],[99.86939,2.85048]],[[99.87208,2.84958],[99.87118,2.84868],[99.87208,2.84868],[99.87208,2.84958]],[[99.87387,2.84868],[99.87297,2.84778],[99.87387,2.84778],[99.87387,2.84868]],[[99.86939,2.84778],[99.8685,2.84688],[99.86939,2.84688],[99.86939,2.84778]],[[99.87655,2.84778],[99.87566,2.84688],[99.87655,2.84688],[99.87655,2.84778]],[[99.85775,2.84599],[99.85686,2.84509],[99.85775,2.84509],[99.85775,2.84599]],[[99.85954,2.84599],[99.85865,2.84329],[99.85954,2.84329],[99.85954,2.84599]],[[99.86133,2.84599],[99.86223,2.84509],[99.86223,2.84599],[99.86133,2.84599]],[[99.86044,2.84509],[99.86044,2.84149],[99.86223,2.84329],[99.86312,2.84059],[99.86312,2.84419],[99.86044,2.84509]],[[99.8667,2.84598],[99.86581,2.84508],[99.8667,2.84508],[99.8667,2.84598]],[[99.87029,2.84598],[99.86939,2.84508],[99.87028,2.84508],[99.87029,2.84598]],[[99.87387,2.84508],[99.87297,2.84418],[99.87386,2.84418],[99.87387,2.84508]],[[99.8667,2.84328],[99.86581,2.84148],[99.8667,2.84148],[99.8667,2.84328]],[[99.87028,2.84058],[99.87118,2.84328],[99.87028,2.84328],[99.87028,2.84058]],[[99.87118,2.84058],[99.87207,2.83968],[99.87207,2.84058],[99.87118,2.84058]],[[99.85596,2.84149],[99.85686,2.84239],[99.85596,2.84239],[99.85596,2.84149]],[[99.85685,2.84149],[99.85775,2.83969],[99.85775,2.84149],[99.85685,2.84149]],[[99.85954,2.84149],[99.85864,2.84059],[99.85954,2.84059],[99.85954,2.84149]],[[99.86849,2.84148],[99.8676,2.84058],[99.86849,2.84058],[99.86849,2.84148]],[[99.85954,2.83969],[99.85864,2.83879],[99.85954,2.83879],[99.85954,2.83969]],[[99.8667,2.83878],[99.86491,2.83788],[99.8667,2.83788],[99.8667,2.83878]],[[99.85775,2.83789],[99.85685,2.83699],[99.85775,2.83699],[99.85775,2.83789]]],[[[99.87298,2.85498],[99.87566,2.85408],[99.87208,2.85318],[99.87298,2.85498]]],[[[99.87746,2.85858],[99.88014,2.85857],[99.87835,2.85587],[99.87745,2.85588],[99.87746,2.85858]]],[[[99.86313,2.85859],[99.86224,2.85679],[99.85866,2.85769],[99.86045,2.85949],[99.86313,2.85859]]],[[[99.86403,2.85589],[99.86493,2.86218],[99.86672,2.86218],[99.86582,2.85588],[99.86403,2.85589]]],[[[99.85689,2.88469],[99.86136,2.88289],[99.85689,2.88199],[99.85689,2.88469]]],[[[99.86852,2.88468],[99.86673,2.88378],[99.86316,2.88739],[99.86495,2.89099],[99.86226,2.89279],[99.86406,2.89459],[99.86674,2.89098],[99.87032,2.89098],[99.87032,2.88828],[99.86674,2.88738],[99.86852,2.88468]],[[99.86584,2.88919],[99.86763,2.89008],[99.86584,2.89009],[99.86584,2.88919]],[[99.86763,2.88918],[99.86853,2.88828],[99.86853,2.88918],[99.86763,2.88918]]],[[[99.69138,3.04682],[99.69407,3.04952],[99.69406,3.04592],[99.69138,3.04682]]],[[[99.58305,3.05048],[99.58573,3.05138],[99.58573,3.04688],[99.58304,3.04688],[99.58305,3.05048]]],[[[99.68511,3.04952],[99.6887,3.05132],[99.69048,3.04772],[99.6869,3.04772],[99.68511,3.04952]]],[[[99.59916,3.04957],[99.59648,3.05048],[99.59647,3.04777],[99.59379,3.04688],[99.59289,3.05048],[99.60006,3.05407],[99.59916,3.04957]],[[99.59737,3.05227],[99.59827,3.05137],[99.59827,3.05227],[99.59737,3.05227]]],[[[99.67885,3.05313],[99.68332,3.05222],[99.68243,3.04952],[99.67885,3.05313]]],[[[99.69854,3.05131],[99.69496,3.04862],[99.69496,3.05132],[99.69138,3.05132],[99.69228,3.05402],[99.69049,3.05492],[99.69407,3.05672],[99.69317,3.05402],[99.69854,3.05131]]],[[[99.67885,3.05943],[99.67795,3.05043],[99.67437,3.05403],[99.67079,3.04953],[99.669,3.05133],[99.66631,3.04953],[99.65825,3.05044],[99.66005,3.05404],[99.66721,3.05223],[99.66632,3.05853],[99.67616,3.05493],[99.67527,3.05943],[99.67885,3.05943]],[[99.66631,3.05223],[99.66542,3.05133],[99.66631,3.05133],[99.66631,3.05223]],[[99.67617,3.05763],[99.67706,3.05853],[99.67617,3.05853],[99.67617,3.05763]]],[[[99.68154,3.05402],[99.68601,3.05762],[99.6878,3.05582],[99.68154,3.05402]]],[[[99.64125,3.05855],[99.64393,3.05855],[99.64393,3.05585],[99.64214,3.05315],[99.63766,3.05405],[99.63856,3.05045],[99.63677,3.05045],[99.63767,3.05855],[99.64035,3.06035],[99.64036,3.06935],[99.64215,3.07025],[99.64394,3.06935],[99.64215,3.06845],[99.64393,3.06035],[99.64125,3.05855]],[[99.64035,3.05765],[99.63946,3.05675],[99.64035,3.05675],[99.64035,3.05765]]],[[[99.65468,3.06124],[99.65289,3.05764],[99.65557,3.05764],[99.65557,3.05494],[99.6502,3.05404],[99.6502,3.05674],[99.64662,3.05495],[99.64483,3.05855],[99.64841,3.05945],[99.64394,3.06755],[99.64663,3.06755],[99.64752,3.06485],[99.652,3.06574],[99.65289,3.06124],[99.65468,3.06124]],[[99.64931,3.06215],[99.64752,3.06395],[99.64841,3.06215],[99.64931,3.06215]],[[99.65199,3.06214],[99.6502,3.06304],[99.6502,3.06214],[99.65199,3.06214]],[[99.6502,3.05854],[99.64931,3.05945],[99.64931,3.05855],[99.6502,3.05854]]],[[[99.63051,3.07026],[99.63409,3.07026],[99.63409,3.07386],[99.63946,3.07115],[99.63946,3.06305],[99.63677,3.06125],[99.63587,3.05405],[99.63319,3.05405],[99.63319,3.06216],[99.62692,3.06216],[99.62872,3.06486],[99.62514,3.06486],[99.62603,3.06846],[99.62872,3.06666],[99.63051,3.07026]],[[99.63857,3.07115],[99.63767,3.07025],[99.63857,3.07025],[99.63857,3.07115]]],[[[99.67796,3.06483],[99.67527,3.06303],[99.67617,3.06483],[99.67796,3.06483]]],[[[99.68065,3.06393],[99.67796,3.06483],[99.67796,3.06573],[99.68065,3.06573],[99.68065,3.06393]]],[[[99.56246,3.0667],[99.56515,3.06489],[99.56067,3.0649],[99.56246,3.0667]]],[[[99.67707,3.06663],[99.67438,3.06573],[99.67528,3.06933],[99.67796,3.06933],[99.67707,3.06663]],[[99.67707,3.06753],[99.67617,3.06843],[99.67617,3.06753],[99.67707,3.06753]]],[[[99.66991,3.06933],[99.66811,3.06753],[99.66722,3.06933],[99.66991,3.06933]]],[[[99.56694,3.07119],[99.56694,3.06669],[99.56425,3.06669],[99.56425,3.06939],[99.56694,3.07119]],[[99.56604,3.06849],[99.56515,3.06759],[99.56604,3.06759],[99.56604,3.06849]]],[[[99.66722,3.07024],[99.66453,3.06934],[99.66453,3.07024],[99.66722,3.07024]]],[[[99.55709,3.0703],[99.55709,3.073],[99.56067,3.0721],[99.56067,3.0703],[99.55709,3.0703]]],[[[99.61977,3.07116],[99.61887,3.07656],[99.62335,3.07656],[99.61977,3.07116]]],[[[99.56784,3.07119],[99.56605,3.07659],[99.56873,3.07749],[99.57142,3.07389],[99.56784,3.07119]]],[[[99.64842,3.07565],[99.64752,3.07295],[99.64753,3.07565],[99.64842,3.07565]]],[[[99.61708,3.07657],[99.61439,3.07027],[99.60813,3.06937],[99.60723,3.07117],[99.60544,3.06937],[99.60455,3.07207],[99.60813,3.07297],[99.60903,3.08107],[99.61619,3.08107],[99.61708,3.07747],[99.6144,3.07747],[99.6135,3.07567],[99.61708,3.07657]]],[[[99.65022,3.08285],[99.64484,3.07835],[99.64663,3.07655],[99.64394,3.07295],[99.64126,3.07295],[99.64305,3.07565],[99.64036,3.07925],[99.63768,3.07835],[99.63768,3.08105],[99.64037,3.08285],[99.64305,3.08105],[99.64305,3.08375],[99.64574,3.08285],[99.64484,3.08465],[99.6538,3.08554],[99.65201,3.08465],[99.6529,3.08104],[99.65827,3.08014],[99.652,3.07745],[99.65022,3.08285]],[[99.65201,3.08015],[99.6538,3.07924],[99.6538,3.08014],[99.65201,3.08015]],[[99.64126,3.08015],[99.64037,3.08105],[99.64037,3.08015],[99.64126,3.08015]]],[[[99.56515,3.0811],[99.56515,3.07839],[99.56336,3.0811],[99.56515,3.0811]]],[[[99.65917,3.08644],[99.65828,3.08824],[99.66186,3.08824],[99.66365,3.09094],[99.66097,3.09184],[99.66097,3.09454],[99.65559,3.09364],[99.65649,3.09724],[99.65739,3.09544],[99.66007,3.09724],[99.65291,3.09995],[99.66545,3.10534],[99.66545,3.10174],[99.66903,3.10174],[99.66903,3.09634],[99.6744,3.09903],[99.6735,3.09453],[99.67708,3.09453],[99.67529,3.09093],[99.67708,3.08733],[99.67439,3.08553],[99.67797,3.07743],[99.67618,3.08013],[99.6726,3.08013],[99.67349,3.07743],[99.67081,3.07743],[99.66991,3.08013],[99.66902,3.07743],[99.66633,3.07744],[99.66722,3.07564],[99.66364,3.07564],[99.66185,3.07384],[99.66453,3.07114],[99.66185,3.06844],[99.66364,3.06484],[99.66005,3.06124],[99.65737,3.06214],[99.65736,3.05854],[99.65557,3.05854],[99.65737,3.06664],[99.66095,3.06754],[99.66095,3.06934],[99.65916,3.06844],[99.65916,3.07114],[99.65558,3.07204],[99.65558,3.07474],[99.66006,3.07834],[99.66006,3.08194],[99.66275,3.08464],[99.65828,3.08464],[99.65827,3.08104],[99.65559,3.08194],[99.65469,3.08554],[99.65917,3.08644]],[[99.66633,3.07834],[99.66454,3.08194],[99.66186,3.08284],[99.66365,3.08104],[99.66185,3.07744],[99.66633,3.07834]],[[99.65648,3.07474],[99.65737,3.07384],[99.65737,3.07474],[99.65648,3.07474]],[[99.65827,3.08374],[99.65738,3.08284],[99.65827,3.08284],[99.65827,3.08374]],[[99.66187,3.09904],[99.66097,3.09994],[99.66097,3.09904],[99.66187,3.09904]],[[99.66455,3.09454],[99.66365,3.09634],[99.66365,3.09454],[99.66455,3.09454]],[[99.66992,3.09184],[99.66902,3.09274],[99.66902,3.09184],[99.66992,3.09184]],[[99.66902,3.08824],[99.66723,3.09094],[99.66813,3.08824],[99.66902,3.08824]],[[99.66275,3.08644],[99.66186,3.08734],[99.66186,3.08644],[99.66275,3.08644]],[[99.66902,3.08554],[99.6726,3.08463],[99.6726,3.08553],[99.66902,3.08554]],[[99.6726,3.08463],[99.6735,3.08373],[99.6735,3.08463],[99.6726,3.08463]],[[99.67439,3.08193],[99.6726,3.08283],[99.6726,3.08193],[99.67439,3.08193]],[[99.66723,3.07924],[99.66633,3.08104],[99.66633,3.07924],[99.66723,3.07924]],[[99.66275,3.07564],[99.66185,3.07654],[99.66185,3.07564],[99.66275,3.07564]],[[99.66095,3.07384],[99.65916,3.07474],[99.65916,3.07384],[99.66095,3.07384]],[[99.65916,3.07204],[99.65737,3.07294],[99.65737,3.07204],[99.65916,3.07204]],[[99.65916,3.06574],[99.66005,3.06484],[99.66005,3.06574],[99.65916,3.06574]],[[99.66005,3.06484],[99.66095,3.06394],[99.66095,3.06484],[99.66005,3.06484]]],[[[99.61977,3.07926],[99.61798,3.08017],[99.61888,3.08287],[99.61619,3.08107],[99.61619,3.08377],[99.62157,3.08646],[99.62246,3.08286],[99.61977,3.08196],[99.61977,3.07926]],[[99.61888,3.08467],[99.61977,3.08376],[99.61977,3.08467],[99.61888,3.08467]]],[[[99.56515,3.0811],[99.56516,3.0829],[99.56784,3.08469],[99.56784,3.08109],[99.56515,3.0811]]],[[[99.63321,3.08646],[99.63052,3.07926],[99.62335,3.08106],[99.62694,3.09006],[99.62873,3.08646],[99.63321,3.08646]],[[99.62873,3.08196],[99.62783,3.08106],[99.62873,3.08106],[99.62873,3.08196]]],[[[99.635,3.09006],[99.64037,3.09095],[99.63678,3.08015],[99.635,3.08466],[99.635,3.09006]],[[99.63768,3.08555],[99.63679,3.08736],[99.63679,3.08556],[99.63768,3.08555]]],[[[99.65112,3.09185],[99.65201,3.08825],[99.6538,3.09005],[99.65559,3.08644],[99.64306,3.08645],[99.64575,3.09275],[99.64753,3.08915],[99.64932,3.09005],[99.64843,3.09275],[99.65112,3.09185]]],[[[99.56874,3.08739],[99.56426,3.091],[99.56785,3.0928],[99.56964,3.09009],[99.56785,3.09009],[99.56874,3.08739]]],[[[99.59739,3.09278],[99.59739,3.08918],[99.59471,3.08918],[99.59471,3.09188],[99.59739,3.09278]]],[[[99.57143,3.09549],[99.5777,3.10359],[99.57949,3.09909],[99.58218,3.09909],[99.57949,3.09819],[99.57949,3.09549],[99.58396,3.09369],[99.58396,3.08919],[99.58128,3.08919],[99.5768,3.08379],[99.57501,3.08739],[99.57769,3.08919],[99.57411,3.09099],[99.57501,3.09369],[99.57322,3.09279],[99.57143,3.09549]],[[99.58038,3.09369],[99.57949,3.09279],[99.58038,3.09279],[99.58038,3.09369]],[[99.57949,3.09279],[99.57859,3.09189],[99.57949,3.09189],[99.57949,3.09279]],[[99.57859,3.09279],[99.5777,3.09369],[99.5777,3.09279],[99.57859,3.09279]],[[99.5759,3.09009],[99.5768,3.09099],[99.5759,3.09099],[99.5759,3.09009]],[[99.5768,3.09099],[99.5777,3.09189],[99.5768,3.09189],[99.5768,3.09099]],[[99.5777,3.10179],[99.57681,3.10089],[99.5777,3.10089],[99.5777,3.10179]],[[99.5768,3.09549],[99.57591,3.09369],[99.5768,3.09369],[99.5768,3.09549]]],[[[99.61172,3.09637],[99.60814,3.09187],[99.60993,3.09817],[99.60546,3.09637],[99.60546,3.10087],[99.61083,3.09907],[99.61172,3.09637]]],[[[99.5786,3.10629],[99.58129,3.10629],[99.58039,3.10359],[99.5786,3.10629]]],[[[99.57592,3.11889],[99.57861,3.12159],[99.57771,3.11529],[99.5795,3.11349],[99.57681,3.11259],[99.57681,3.10719],[99.57592,3.11889]],[[99.57771,3.11349],[99.57681,3.11439],[99.57681,3.11349],[99.57771,3.11349]]],[[[99.62337,3.11347],[99.63144,3.12066],[99.63054,3.11796],[99.63591,3.11706],[99.64128,3.10805],[99.63411,3.10896],[99.63143,3.11526],[99.62964,3.11166],[99.62337,3.11347]],[[99.63143,3.11526],[99.63233,3.11616],[99.63143,3.11616],[99.63143,3.11526]]],[[[99.67083,3.11614],[99.67352,3.11793],[99.67352,3.11613],[99.67083,3.11614]]],[[[99.618,3.11887],[99.61979,3.11887],[99.62158,3.11707],[99.61979,3.11617],[99.618,3.11887]]],[[[99.66099,3.12964],[99.66546,3.12694],[99.66188,3.12154],[99.66188,3.11524],[99.66546,3.11524],[99.66546,3.11164],[99.6565,3.10264],[99.65561,3.12155],[99.6583,3.12154],[99.6583,3.12425],[99.65472,3.13145],[99.66009,3.13054],[99.66009,3.12694],[99.66099,3.12964]],[[99.66098,3.12244],[99.66009,3.12154],[99.66098,3.12154],[99.66098,3.12244]],[[99.66098,3.11884],[99.66009,3.11794],[99.66098,3.11794],[99.66098,3.11884]],[[99.66098,3.11614],[99.66009,3.11524],[99.66098,3.11524],[99.66098,3.11614]],[[99.66098,3.11164],[99.66008,3.10984],[99.66187,3.10984],[99.66098,3.11164]]],[[[99.62607,3.12517],[99.62875,3.12516],[99.62786,3.12246],[99.62606,3.12246],[99.62607,3.12517]]],[[[99.61979,3.10447],[99.6171,3.09727],[99.61083,3.10177],[99.61262,3.10717],[99.60904,3.10987],[99.60905,3.11347],[99.61531,3.11437],[99.61621,3.11707],[99.61174,3.11797],[99.61263,3.12427],[99.60906,3.13238],[99.60189,3.13328],[99.6019,3.13868],[99.60458,3.13958],[99.60637,3.13598],[99.60638,3.14048],[99.59921,3.13958],[99.59832,3.14318],[99.59653,3.13958],[99.59653,3.14318],[99.59384,3.14499],[99.59385,3.15039],[99.59116,3.15309],[99.59653,3.15579],[99.59654,3.15939],[99.60101,3.16028],[99.6028,3.15758],[99.60101,3.15578],[99.60459,3.15758],[99.60728,3.15488],[99.60907,3.14768],[99.61175,3.14768],[99.61175,3.14137],[99.61443,3.13957],[99.61533,3.14137],[99.61622,3.13777],[99.61891,3.13867],[99.61891,3.13417],[99.62428,3.14047],[99.62518,3.13687],[99.63592,3.13326],[99.63323,3.13146],[99.63323,3.12786],[99.62875,3.12876],[99.62965,3.12696],[99.62696,3.12696],[99.62696,3.12966],[99.62428,3.12877],[99.62517,3.13147],[99.62159,3.12967],[99.62428,3.12697],[99.62427,3.12247],[99.62606,3.12246],[99.62427,3.11797],[99.6198,3.12247],[99.61711,3.11977],[99.6189,3.12427],[99.61801,3.12967],[99.61622,3.12427],[99.61621,3.11797],[99.61979,3.11527],[99.6171,3.11077],[99.618,3.10807],[99.61889,3.11167],[99.62068,3.10987],[99.62069,3.11167],[99.62427,3.11256],[99.62337,3.10626],[99.61979,3.10447]],[[99.60101,3.15578],[99.60012,3.15488],[99.60101,3.15488],[99.60101,3.15578]],[[99.60012,3.15578],[99.59922,3.15758],[99.59922,3.15578],[99.60012,3.15578]],[[99.61085,3.14318],[99.60727,3.13958],[99.60996,3.13778],[99.61085,3.14318]],[[99.62249,3.13057],[99.62159,3.13147],[99.62159,3.13057],[99.62249,3.13057]],[[99.61891,3.12967],[99.6198,3.13057],[99.61891,3.13057],[99.61891,3.12967]],[[99.61801,3.13057],[99.61801,3.13327],[99.61533,3.13327],[99.61801,3.13057]],[[99.61533,3.13327],[99.61354,3.13417],[99.61353,3.13327],[99.61533,3.13327]],[[99.61354,3.13417],[99.61264,3.13507],[99.61264,3.13417],[99.61354,3.13417]],[[99.61264,3.13507],[99.61175,3.13597],[99.61175,3.13507],[99.61264,3.13507]],[[99.61889,3.10627],[99.62158,3.10717],[99.62158,3.10807],[99.61889,3.10807],[99.61889,3.10627]],[[99.62248,3.10987],[99.62158,3.11077],[99.62158,3.10987],[99.62248,3.10987]],[[99.60549,3.15218],[99.60459,3.15398],[99.60459,3.15218],[99.60549,3.15218]],[[99.59742,3.14498],[99.59653,3.14588],[99.59653,3.14498],[99.59742,3.14498]],[[99.60817,3.14318],[99.60727,3.14408],[99.60727,3.14318],[99.60817,3.14318]],[[99.62159,3.13237],[99.6207,3.13327],[99.6207,3.13237],[99.62159,3.13237]],[[99.61353,3.13147],[99.61264,3.13237],[99.61264,3.13147],[99.61353,3.13147]],[[99.61532,3.12607],[99.61264,3.12697],[99.61264,3.12607],[99.61532,3.12607]],[[99.6171,3.11167],[99.61531,3.11257],[99.61531,3.11077],[99.6171,3.11167]],[[99.61531,3.10987],[99.61442,3.10717],[99.61531,3.10717],[99.61531,3.10987]],[[99.61442,3.10717],[99.61352,3.10447],[99.61441,3.10447],[99.61442,3.10717]],[[99.61531,3.10267],[99.6171,3.10357],[99.6171,3.10537],[99.61531,3.10447],[99.61531,3.10267]],[[99.61352,3.10267],[99.61262,3.10357],[99.61262,3.10267],[99.61352,3.10267]]],[[[99.60189,3.13328],[99.59473,3.12518],[99.59204,3.12608],[99.59562,3.12878],[99.59473,3.13238],[99.59563,3.13328],[99.59742,3.13148],[99.60189,3.13328]],[[99.59562,3.12968],[99.59652,3.13058],[99.59563,3.13058],[99.59562,3.12968]]],[[[99.5804,3.13329],[99.58309,3.13689],[99.58398,3.13059],[99.5804,3.13329]]],[[[99.59115,3.13509],[99.59205,3.13959],[99.59384,3.14049],[99.59384,3.13418],[99.59115,3.13509]]],[[[99.55802,3.1333],[99.55623,3.13961],[99.55892,3.1405],[99.5616,3.1342],[99.55802,3.1333]],[[99.55981,3.1378],[99.55892,3.1369],[99.55981,3.1369],[99.55981,3.1378]],[[99.55981,3.1351],[99.55892,3.136],[99.55892,3.1351],[99.55981,3.1351]]],[[[99.59205,3.14319],[99.59384,3.14499],[99.59384,3.14229],[99.59205,3.14319]]],[[[99.59116,3.15129],[99.59026,3.13779],[99.58757,3.13869],[99.58668,3.14229],[99.58041,3.14229],[99.58937,3.15129],[99.59116,3.15129]],[[99.58489,3.14499],[99.58399,3.14409],[99.58489,3.14409],[99.58489,3.14499]],[[99.58399,3.14409],[99.5831,3.14319],[99.58399,3.14319],[99.58399,3.14409]]],[[[99.57862,3.14769],[99.58221,3.15309],[99.58668,3.15219],[99.584,3.15129],[99.58399,3.14859],[99.57862,3.14769]]],[[[99.57594,3.1522],[99.57325,3.1513],[99.57415,3.1576],[99.57505,3.1576],[99.57594,3.1522]]],[[[99.59027,3.15579],[99.58669,3.15579],[99.58758,3.15939],[99.59027,3.15939],[99.59027,3.15579]]],[[[99.57057,3.1558],[99.56967,3.1594],[99.57505,3.163],[99.57415,3.1585],[99.57057,3.1558]]],[[[99.57774,3.1639],[99.57953,3.1666],[99.57953,3.1639],[99.57774,3.1639]]],[[[99.59027,3.16389],[99.58758,3.16299],[99.5858,3.16749],[99.58938,3.16839],[99.59027,3.16389]]],[[[99.58221,3.16389],[99.58132,3.1702],[99.58401,3.17019],[99.58221,3.16389]]],[[[99.58043,3.1729],[99.5849,3.17469],[99.58669,3.17109],[99.58132,3.1711],[99.58043,3.1729]]],[[[99.58312,3.17739],[99.58132,3.1747],[99.58132,3.1774],[99.58312,3.17739]]],[[[99.92756,1.27178],[99.93024,1.27358],[99.92934,1.26818],[99.93203,1.26818],[99.93292,1.27358],[99.93471,1.27358],[99.93292,1.26638],[99.93113,1.26728],[99.92934,1.26368],[99.92755,1.26458],[99.92756,1.27178]]],[[[99.93329,2.05031],[99.92971,2.04491],[99.92971,2.04941],[99.93329,2.05031]]],[[[100.01215,2.26086],[100.01483,2.26176],[100.01573,2.25726],[100.01394,2.25996],[100.01215,2.26086]]],[[[99.94607,2.45711],[99.94876,2.45261],[99.94607,2.45261],[99.94607,2.45711]]],[[[99.95685,2.50391],[99.95685,2.50661],[99.95953,2.5066],[99.95953,2.5039],[99.95685,2.50391]]],[[[99.96759,2.5111],[99.9649,2.5093],[99.96401,2.5111],[99.96759,2.5111]]],[[[99.97296,2.51199],[99.96848,2.5102],[99.96759,2.5147],[99.97117,2.51289],[99.97117,2.51649],[99.97296,2.51649],[99.97296,2.51199]]],[[[99.99712,2.51648],[99.99981,2.51737],[99.99802,2.51287],[99.99623,2.51288],[99.99712,2.51648]]],[[[99.9667,2.5147],[99.96491,2.5174],[99.9667,2.5174],[99.9667,2.5147]]],[[[99.97923,2.52009],[99.98281,2.51829],[99.97743,2.51289],[99.97744,2.51649],[99.97923,2.52009]],[[99.98012,2.51649],[99.97923,2.51829],[99.97923,2.51649],[99.98012,2.51649]]],[[[99.9667,2.5192],[99.96312,2.5165],[99.96312,2.5192],[99.9667,2.5192]]],[[[99.97744,2.51919],[99.97386,2.51829],[99.97476,2.52189],[99.97565,2.51919],[99.97744,2.51919]]],[[[99.98102,2.52279],[99.98102,2.52549],[99.98192,2.52549],[99.98281,2.52189],[99.97834,2.52189],[99.98102,2.52279]]],[[[99.97386,2.52549],[99.97745,2.52729],[99.97834,2.52279],[99.97297,2.52279],[99.97386,2.52549]],[[99.97476,2.52549],[99.97655,2.52459],[99.97655,2.52549],[99.97476,2.52549]]],[[[99.99087,2.52998],[99.98908,2.53268],[99.99266,2.53358],[99.99266,2.53088],[99.99087,2.52998]]],[[[99.99893,2.53717],[100.00161,2.53717],[100.00251,2.53357],[99.99982,2.53357],[99.99893,2.53717]]],[[[99.99983,2.53897],[99.99535,2.53448],[99.99356,2.53538],[99.99893,2.54347],[99.99983,2.53897]]],[[[100.0034,2.53717],[100.00251,2.54257],[100.00341,2.54257],[100.0034,2.53717]]],[[[100.00699,2.54707],[100.00252,2.54707],[100.00252,2.54977],[100.00789,2.55247],[100.00878,2.54977],[100.00699,2.55067],[100.00699,2.54707]]],[[[99.99715,2.55068],[100.00073,2.55517],[100.00162,2.54887],[99.99983,2.54617],[100.00162,2.54527],[99.99625,2.54348],[99.99267,2.54888],[99.99357,2.55068],[99.99446,2.54888],[99.99625,2.54978],[99.99268,2.55338],[99.99447,2.55248],[99.99447,2.55608],[99.99626,2.55608],[99.99715,2.55068]]],[[[99.99178,2.55518],[99.98821,2.55608],[99.99179,2.55788],[99.99178,2.55518]]],[[[100.0249,2.56145],[100.0231,2.55335],[100.02043,2.56416],[100.02311,2.56415],[100.0249,2.56145]],[[100.02311,2.56235],[100.02222,2.56146],[100.02311,2.56145],[100.02311,2.56235]],[[100.02222,2.56236],[100.02132,2.56326],[100.02132,2.56236],[100.02222,2.56236]],[[100.024,2.55965],[100.02311,2.56055],[100.02311,2.55965],[100.024,2.55965]]],[[[99.95152,2.56601],[99.95331,2.56151],[99.95241,2.56151],[99.95152,2.56601]]],[[[100.02401,2.56325],[100.02312,2.56775],[100.02848,2.56685],[100.0258,2.56325],[100.02401,2.56325]]],[[[100.02312,2.56775],[100.02043,2.56866],[100.02312,2.56865],[100.02312,2.56775]]],[[[100.01954,2.57046],[100.02043,2.56506],[100.01774,2.56416],[100.01417,2.57046],[100.01775,2.56956],[100.01775,2.57316],[100.02044,2.57316],[100.01954,2.57046]]],[[[100.02223,2.57496],[100.02133,2.57766],[100.02312,2.57765],[100.02223,2.57496]]],[[[100.02133,2.57856],[100.01775,2.57676],[100.01776,2.58036],[100.02133,2.57856]]],[[[99.94974,2.58221],[99.95243,2.57951],[99.95153,2.57771],[99.94974,2.57861],[99.94974,2.58221]]],[[[99.97033,2.5795],[99.97033,2.5831],[99.97659,2.58129],[99.9748,2.57859],[99.97033,2.5795]]],[[[99.95422,2.57951],[99.95243,2.58221],[99.95422,2.58221],[99.95422,2.57951]]],[[[100.01865,2.58396],[100.02134,2.58576],[100.02134,2.58486],[100.01865,2.58396]]],[[[99.95601,2.58941],[99.96228,2.5939],[99.96049,2.5885],[99.95601,2.58941]]],[[[99.96855,2.6002],[99.97124,2.5993],[99.96855,2.5975],[99.96855,2.6002]]],[[[99.96318,2.5993],[99.96676,2.6011],[99.96676,2.5975],[99.96318,2.5993]]],[[[99.96676,2.6011],[99.96676,2.6038],[99.96855,2.6038],[99.96855,2.602],[99.96676,2.6011]]],[[[99.99987,2.60107],[99.99093,2.60108],[99.99182,2.60378],[99.98735,2.60288],[99.98825,2.60828],[99.99988,2.60557],[99.99987,2.60107]],[[99.99182,2.60558],[99.99003,2.60648],[99.99003,2.60558],[99.99182,2.60558]],[[99.9954,2.60378],[99.99451,2.60468],[99.99451,2.60378],[99.9954,2.60378]]],[[[99.99989,2.61637],[99.9981,2.61458],[99.99809,2.61188],[100.00078,2.61187],[99.99988,2.60827],[99.9972,2.60828],[99.9972,2.61368],[99.99362,2.61188],[99.99273,2.61368],[99.99631,2.61458],[99.99631,2.61728],[99.99989,2.61637]]],[[[99.97482,2.61099],[99.97483,2.61369],[99.97125,2.6128],[99.97035,2.6164],[99.97572,2.61639],[99.97751,2.61099],[99.97482,2.61099]]],[[[99.97751,2.61549],[99.97841,2.61909],[99.98199,2.61999],[99.9802,2.61279],[99.97751,2.61549]],[[99.9802,2.61639],[99.97841,2.61729],[99.97841,2.61639],[99.9802,2.61639]]],[[[100.02315,2.61455],[100.01689,2.61816],[100.02137,2.61816],[100.02315,2.61455]]],[[[99.96677,2.6137],[99.96409,2.6155],[99.95961,2.61551],[99.95961,2.61371],[99.95424,2.61371],[99.95603,2.61551],[99.95425,2.61821],[99.96051,2.6191],[99.9632,2.6173],[99.96409,2.62],[99.96588,2.6191],[99.96409,2.6173],[99.96677,2.6164],[99.96677,2.6137]],[[99.95872,2.61461],[99.95782,2.61551],[99.95782,2.61461],[99.95872,2.61461]]],[[[100.00973,2.61547],[100.00973,2.61907],[100.01152,2.61906],[100.01152,2.61546],[100.00973,2.61547]]],[[[99.99183,2.61818],[99.99183,2.61548],[99.99004,2.61548],[99.98915,2.61908],[99.99183,2.61818]]],[[[99.99362,2.61998],[99.99631,2.62178],[99.99989,2.62177],[99.9981,2.61908],[99.99362,2.61998]]],[[[100.00615,2.62087],[100.00347,2.62267],[100.00436,2.61907],[100.00168,2.61907],[100.00257,2.62087],[99.999,2.62357],[100.00616,2.62627],[100.00884,2.62267],[100.00615,2.62087]],[[100.00168,2.62357],[100.00258,2.62267],[100.00258,2.62357],[100.00168,2.62357]],[[100.00347,2.62447],[100.00526,2.62357],[100.00526,2.62447],[100.00347,2.62447]]],[[[99.97395,2.63259],[99.96947,2.6353],[99.97305,2.6362],[99.97306,2.6389],[99.97037,2.6389],[99.96947,2.6362],[99.9659,2.6398],[99.96948,2.6434],[99.97485,2.64249],[99.97395,2.63259]],[[99.96858,2.6416],[99.96948,2.6407],[99.96948,2.6416],[99.96858,2.6416]],[[99.96948,2.6407],[99.97037,2.6398],[99.97037,2.6407],[99.96948,2.6407]]],[[[99.96769,2.6425],[99.96232,2.6389],[99.9641,2.6362],[99.96052,2.6362],[99.96232,2.6416],[99.95964,2.64341],[99.96769,2.6425]]],[[[99.95605,2.63711],[99.95784,2.64161],[99.95963,2.64161],[99.95874,2.63711],[99.95605,2.63711]]],[[[100.00796,2.64427],[100.01065,2.64157],[100.00707,2.64157],[100.00796,2.64427]]],[[[100.01244,2.64426],[100.01244,2.64696],[100.01602,2.64606],[100.01602,2.64516],[100.01244,2.64426]]],[[[100.01065,2.64697],[100.00707,2.64427],[100.00618,2.65147],[100.00707,2.64877],[100.00976,2.65057],[100.01065,2.64697]]],[[[99.94445,2.67582],[99.94444,2.67402],[99.94534,2.67312],[99.94265,2.67402],[99.94445,2.67582]]],[[[99.94624,2.67762],[99.94624,2.67582],[99.94445,2.67582],[99.94176,2.67852],[99.94624,2.67762]]],[[[99.9355,2.68123],[99.93818,2.67672],[99.9355,2.67853],[99.93639,2.67582],[99.9346,2.67493],[99.93102,2.67763],[99.93371,2.67853],[99.93192,2.68033],[99.93371,2.68213],[99.93729,2.68302],[99.9355,2.68123]],[[99.93371,2.67853],[99.9346,2.67763],[99.9346,2.67853],[99.93371,2.67853]]],[[[99.94087,2.68392],[99.94535,2.68212],[99.94534,2.68032],[99.93997,2.68122],[99.94087,2.68392]]],[[[99.9364,2.69382],[99.93909,2.69382],[99.9373,2.68932],[99.93282,2.68933],[99.9364,2.69382]]],[[[100.02502,2.70275],[100.02322,2.69735],[100.02143,2.69736],[100.02233,2.70186],[100.02502,2.70275]]],[[[99.93551,2.70013],[99.9382,2.70192],[99.9382,2.70102],[99.93551,2.70013]]],[[[99.9382,2.70462],[99.94268,2.70372],[99.94268,2.70192],[99.9382,2.70192],[99.9382,2.70462]],[[99.93999,2.70192],[99.94089,2.70282],[99.93999,2.70282],[99.93999,2.70192]]],[[[100.01518,2.70816],[100.01876,2.71356],[100.02144,2.71356],[100.02144,2.70996],[100.02502,2.71085],[100.02592,2.71355],[100.02592,2.70995],[100.02323,2.70905],[100.02412,2.70545],[100.02055,2.70816],[100.01875,2.70456],[100.01607,2.70456],[100.01518,2.70816]],[[100.02055,2.70816],[100.01965,2.70906],[100.01965,2.70816],[100.02055,2.70816]]],[[[100.0116,2.70906],[100.0107,2.70277],[100.0107,2.70727],[100.00712,2.70727],[100.00354,2.71177],[100.00534,2.71537],[100.0116,2.70906]],[[100.00802,2.71177],[100.00712,2.71087],[100.00802,2.71087],[100.00802,2.71177]]],[[[100.01876,2.71896],[100.01787,2.71716],[100.02055,2.71536],[100.01697,2.71266],[100.01608,2.71536],[100.01339,2.71266],[100.01429,2.71536],[100.01071,2.71537],[100.01876,2.71896]],[[100.01787,2.71716],[100.01608,2.71626],[100.01787,2.71626],[100.01787,2.71716]],[[100.01876,2.71446],[100.01787,2.71536],[100.01787,2.71446],[100.01876,2.71446]]],[[[100.02592,2.71805],[100.0295,2.71625],[100.02592,2.71535],[100.02592,2.71805]]],[[[100.02771,2.71895],[100.02414,2.72165],[100.02861,2.72075],[100.02771,2.71895]]],[[[99.96063,2.77571],[99.96153,2.77391],[99.96332,2.7757],[99.96421,2.7712],[99.96063,2.77301],[99.96063,2.77571]]],[[[99.95706,2.77661],[99.95437,2.77571],[99.95348,2.78291],[99.95796,2.78291],[99.95706,2.77661]]],[[[99.96691,2.7847],[99.97138,2.7856],[99.96959,2.7811],[99.97138,2.782],[99.97138,2.7775],[99.97317,2.7775],[99.97137,2.773],[99.96869,2.773],[99.96959,2.7757],[99.9669,2.7775],[99.96691,2.7847]],[[99.96959,2.7757],[99.97048,2.7775],[99.96959,2.7775],[99.96959,2.7757]],[[99.97048,2.7784],[99.96959,2.7793],[99.96959,2.7784],[99.97048,2.7784]]],[[[99.9669,2.7802],[99.96511,2.7784],[99.96064,2.77931],[99.96332,2.7775],[99.95884,2.77571],[99.95885,2.78201],[99.96064,2.78291],[99.95259,2.78561],[99.96333,2.7856],[99.96243,2.78021],[99.96422,2.782],[99.9669,2.7802]]],[[[99.9678,2.7856],[99.96422,2.7838],[99.96781,2.7883],[99.9678,2.7856]]],[[[99.9499,2.78652],[99.9499,2.78922],[99.95349,2.78921],[99.95348,2.78741],[99.95707,2.78921],[99.95706,2.78651],[99.9499,2.78652]]],[[[99.96512,2.791],[99.96691,2.7883],[99.96423,2.7883],[99.96512,2.791]]],[[[99.95438,2.79281],[99.95707,2.79371],[99.95886,2.79011],[99.95528,2.79101],[99.95438,2.79281]]],[[[99.97676,2.79279],[99.97407,2.7901],[99.97407,2.7883],[99.97586,2.78919],[99.97496,2.7847],[99.97228,2.7847],[99.97139,2.791],[99.96691,2.7901],[99.96602,2.7991],[99.9696,2.7991],[99.9687,2.7937],[99.97049,2.7919],[99.97408,2.7937],[99.97497,2.7973],[99.97676,2.79459],[99.97766,2.79639],[99.97855,2.79459],[99.98482,2.79549],[99.98482,2.79819],[99.98571,2.79549],[99.98929,2.79638],[99.98929,2.79188],[99.98571,2.79189],[99.98661,2.79459],[99.98392,2.79459],[99.98302,2.79189],[99.97497,2.7937],[99.97676,2.79279]],[[99.98661,2.79369],[99.9875,2.79278],[99.9875,2.79368],[99.98661,2.79369]],[[99.9687,2.7928],[99.96781,2.7919],[99.9687,2.7919],[99.9687,2.7928]]],[[[99.98393,2.80089],[99.9893,2.80088],[99.99019,2.79908],[99.9875,2.79818],[99.98393,2.80089]]],[[[99.97498,2.8036],[99.97766,2.80359],[99.97677,2.80089],[99.97498,2.8009],[99.97498,2.8036]]],[[[99.97767,2.80539],[99.97946,2.80719],[99.97945,2.80449],[99.97767,2.80539]]],[[[99.96245,2.80901],[99.96066,2.80631],[99.95977,2.80901],[99.96245,2.80901]]],[[[99.95798,2.80901],[99.95619,2.81081],[99.95798,2.81081],[99.95798,2.80901]]],[[[99.97677,2.81079],[99.97409,2.8099],[99.97499,2.8135],[99.97588,2.81349],[99.97677,2.81079]]],[[[99.97946,2.81439],[99.97857,2.81169],[99.97588,2.81349],[99.97588,2.81439],[99.97946,2.81439]]],[[[99.9732,2.8189],[99.97409,2.8162],[99.97051,2.8171],[99.97051,2.818],[99.9732,2.8189]]],[[[99.96515,2.8243],[99.96784,2.8252],[99.96783,2.8234],[99.96515,2.8243]]],[[[99.9562,2.83061],[99.95889,2.83061],[99.95889,2.82701],[99.9562,2.82701],[99.9562,2.83061]]],[[[100.04978,2.33553],[100.05246,2.33463],[100.05246,2.33193],[100.05157,2.33373],[100.04888,2.33284],[100.04978,2.33553]]],[[[100.05166,2.45163],[100.05524,2.45253],[100.05524,2.44983],[100.05255,2.45073],[100.05166,2.44893],[100.05166,2.45163]]],[[[100.04988,2.47053],[100.05078,2.46693],[100.04809,2.46244],[100.0454,2.46244],[100.0463,2.46784],[100.04988,2.47053]],[[100.04899,2.46603],[100.04809,2.46694],[100.04809,2.46604],[100.04899,2.46603]]],[[[100.05168,2.47413],[100.05078,2.47053],[100.04988,2.47053],[100.04989,2.47323],[100.05168,2.47413]]],[[[100.05528,2.50203],[100.05707,2.50653],[100.05707,2.50203],[100.05528,2.50203]]],[[[100.05528,2.50833],[100.05886,2.51013],[100.05976,2.50833],[100.05528,2.50833]]],[[[100.05171,2.51193],[100.04902,2.51283],[100.04902,2.51463],[100.05439,2.51463],[100.05171,2.51193]]],[[[100.05082,2.51913],[100.05261,2.52093],[100.05261,2.51913],[100.05082,2.51913]]],[[[100.04457,2.53624],[100.04368,2.54074],[100.04725,2.53984],[100.04457,2.53624]]],[[[100.07411,2.54881],[100.07769,2.54971],[100.07769,2.54791],[100.07411,2.54881]]],[[[100.07411,2.55151],[100.07232,2.55241],[100.07322,2.55601],[100.07769,2.55511],[100.07411,2.55151]]],[[[100.04995,2.55603],[100.05085,2.55963],[100.05085,2.55603],[100.04995,2.55603]]],[[[100.04638,2.55964],[100.04817,2.56233],[100.04996,2.55963],[100.04638,2.55964]]],[[[100.07502,2.56501],[100.07054,2.56412],[100.06964,2.56232],[100.06965,2.56592],[100.07502,2.56501]]],[[[100.07323,2.57221],[100.07413,2.57671],[100.07592,2.57221],[100.07323,2.57221]]],[[[100.03834,2.57674],[100.04013,2.57764],[100.03833,2.57404],[100.03834,2.57674]]],[[[100.06787,2.57492],[100.06876,2.57852],[100.07234,2.57851],[100.07145,2.57581],[100.06787,2.57492]]],[[[100.07413,2.57671],[100.07413,2.58121],[100.07593,2.58211],[100.07771,2.57671],[100.07503,2.57851],[100.07413,2.57671]]],[[[100.02671,2.58215],[100.02581,2.57945],[100.02402,2.58125],[100.02312,2.57945],[100.02402,2.58395],[100.0285,2.58305],[100.0276,2.58575],[100.03029,2.58485],[100.03119,2.58845],[100.03029,2.58305],[100.03565,2.58034],[100.02939,2.58125],[100.02849,2.57855],[100.02671,2.58215]],[[100.03029,2.58305],[100.02939,2.58215],[100.03029,2.58215],[100.03029,2.58305]]],[[[100.07593,2.58841],[100.07951,2.58571],[100.07593,2.58571],[100.07593,2.58841]]],[[[100.03835,2.59384],[100.04193,2.59564],[100.04282,2.59294],[100.04103,2.59204],[100.03835,2.59384]]],[[[100.06878,2.59472],[100.06878,2.60012],[100.07057,2.60012],[100.07235,2.59291],[100.06878,2.59472]]],[[[100.07595,2.60641],[100.07326,2.60371],[100.07237,2.60551],[100.07595,2.60641]]],[[[100.07595,2.61181],[100.07953,2.60911],[100.07774,2.60911],[100.07684,2.60641],[100.07595,2.60641],[100.07595,2.61181]]],[[[100.06969,2.61362],[100.07237,2.61631],[100.07237,2.61181],[100.06969,2.61362]]],[[[100.06522,2.62082],[100.06074,2.61902],[100.06075,2.62172],[100.06343,2.62082],[100.06433,2.62532],[100.06522,2.62082]]],[[[100.07865,2.62621],[100.08312,2.6235],[100.07954,2.62351],[100.08043,2.62171],[100.08312,2.6226],[100.08133,2.61991],[100.07864,2.62081],[100.07775,2.62441],[100.07417,2.62261],[100.07149,2.62621],[100.07239,2.63161],[100.0697,2.63252],[100.08134,2.63071],[100.07865,2.62621]],[[100.07776,2.63071],[100.07597,2.62981],[100.07776,2.62981],[100.07776,2.63071]],[[100.07597,2.62891],[100.07417,2.62801],[100.07596,2.62801],[100.07597,2.62891]],[[100.07596,2.62531],[100.07507,2.62621],[100.07507,2.62531],[100.07596,2.62531]]],[[[100.0688,2.62442],[100.06433,2.62532],[100.06791,2.63342],[100.0697,2.63342],[100.0688,2.62442]]],[[[100.05269,2.62623],[100.04912,2.62893],[100.05001,2.62983],[100.05449,2.62983],[100.05269,2.62623]]],[[[100.05896,2.63252],[100.06075,2.63252],[100.05896,2.62892],[100.05807,2.63163],[100.05449,2.63163],[100.06166,2.63972],[100.05896,2.63252]]],[[[100.06613,2.63432],[100.06882,2.64152],[100.06881,2.63432],[100.06613,2.63432]]],[[[100.05003,2.64873],[100.04913,2.64423],[100.05808,2.64063],[100.05807,2.63793],[100.05449,2.63433],[100.05181,2.63433],[100.0527,2.63163],[100.04106,2.63074],[100.04107,2.63434],[100.04375,2.63344],[100.04375,2.63524],[100.03838,2.63434],[100.0366,2.63704],[100.04465,2.63704],[100.04286,2.63884],[100.04555,2.64424],[100.04734,2.64513],[100.04645,2.64964],[100.05003,2.64873]],[[100.05092,2.64153],[100.05181,2.63793],[100.05629,2.63883],[100.05271,2.64153],[100.05092,2.64153]],[[100.05181,2.63433],[100.05091,2.63613],[100.05091,2.63433],[100.05181,2.63433]],[[100.05092,2.63973],[100.04734,2.63883],[100.04644,2.63164],[100.05091,2.63613],[100.05092,2.63973]],[[100.04465,2.63794],[100.04555,2.63884],[100.04465,2.63884],[100.04465,2.63794]],[[100.04645,2.64424],[100.04823,2.64333],[100.04824,2.64423],[100.04645,2.64424]],[[100.04823,2.64333],[100.04913,2.64243],[100.04913,2.64333],[100.04823,2.64333]],[[100.04823,2.64243],[100.04734,2.64153],[100.04823,2.64153],[100.04823,2.64243]],[[100.04734,2.64153],[100.04644,2.64064],[100.04734,2.64063],[100.04734,2.64153]],[[100.0536,2.63613],[100.0527,2.63523],[100.0536,2.63523],[100.0536,2.63613]]],[[[100.03033,2.63885],[100.02944,2.64245],[100.03213,2.64335],[100.03212,2.64065],[100.03033,2.63885]],[[100.03123,2.64065],[100.03033,2.64155],[100.03033,2.64065],[100.03123,2.64065]]],[[[100.05808,2.64153],[100.0545,2.64243],[100.05182,2.64513],[100.05719,2.64603],[100.05808,2.64153]]],[[[100.02945,2.65595],[100.03929,2.65414],[100.0375,2.64874],[100.04108,2.64874],[100.04018,2.64604],[100.0366,2.64784],[100.0366,2.63884],[100.03391,2.64155],[100.03481,2.64425],[100.02855,2.64515],[100.02675,2.64065],[100.02586,2.64425],[100.02139,2.64516],[100.02318,2.64875],[100.01871,2.64786],[100.0196,2.65056],[100.02408,2.65145],[100.02497,2.64785],[100.02766,2.64965],[100.03213,2.64695],[100.03123,2.64515],[100.03392,2.64515],[100.03302,2.64785],[100.02945,2.64875],[100.03213,2.65235],[100.02945,2.65595]],[[100.03124,2.65055],[100.03303,2.64965],[100.03303,2.65055],[100.03124,2.65055]],[[100.03571,2.65324],[100.03392,2.64875],[100.03571,2.64874],[100.03571,2.65324]],[[100.03481,2.64695],[100.03392,2.64785],[100.03392,2.64695],[100.03481,2.64695]]],[[[100.0545,2.64783],[100.05182,2.64693],[100.05092,2.64963],[100.05271,2.64963],[100.0545,2.64783]]],[[[100.05809,2.65233],[100.05809,2.65773],[100.05988,2.65772],[100.05988,2.65232],[100.05809,2.65233]]],[[[100.0563,2.65773],[100.05719,2.65593],[100.05451,2.65413],[100.05362,2.65683],[100.0563,2.65773]]],[[[100.03304,2.66045],[100.03661,2.65864],[100.03303,2.65595],[100.03304,2.66045]]],[[[100.05093,2.65953],[100.05273,2.66223],[100.05272,2.65953],[100.05093,2.65953]]],[[[100.07599,2.66041],[100.0742,2.66131],[100.0751,2.66401],[100.076,2.66401],[100.07599,2.66041]]],[[[100.05094,2.66583],[100.05004,2.66133],[100.04557,2.66314],[100.04557,2.66584],[100.04646,2.66404],[100.05094,2.66583]]],[[[100.06347,2.66582],[100.06168,2.66402],[100.05899,2.66672],[100.05989,2.66582],[100.06347,2.66582]]],[[[100.0751,2.66401],[100.07242,2.66581],[100.0751,2.66761],[100.0751,2.66401]]],[[[100.06884,2.66582],[100.06974,2.66941],[100.07242,2.66941],[100.07331,2.66671],[100.06884,2.66582]]],[[[100.0393,2.66584],[100.03662,2.66764],[100.03931,2.66764],[100.0402,2.67034],[100.0393,2.66584]]],[[[100.05631,2.66673],[100.05273,2.66853],[100.05273,2.67123],[100.05452,2.66853],[100.05631,2.66943],[100.05631,2.66673]]],[[[100.06347,2.67032],[100.06168,2.67302],[100.06347,2.67302],[100.06347,2.67032]]],[[[100.07242,2.67391],[100.07153,2.67031],[100.06795,2.66942],[100.06795,2.67212],[100.06615,2.66852],[100.06347,2.66942],[100.06706,2.67482],[100.07063,2.67211],[100.07242,2.67391]]],[[[100.04647,2.67483],[100.04826,2.67213],[100.04736,2.67213],[100.04647,2.67483]]],[[[100.06795,2.67662],[100.06795,2.67932],[100.06974,2.67931],[100.06974,2.67751],[100.06795,2.67662]]],[[[100.03752,2.67484],[100.03573,2.67844],[100.03484,2.67574],[100.03215,2.67755],[100.03574,2.68204],[100.03574,2.67934],[100.0411,2.67664],[100.03752,2.67664],[100.03752,2.67484]]],[[[100.07243,2.67931],[100.06975,2.68111],[100.07243,2.68021],[100.07243,2.67931]]],[[[100.03305,2.68025],[100.03126,2.67935],[100.03305,2.68205],[100.03305,2.68025]]],[[[100.06259,2.68292],[100.0608,2.68202],[100.0608,2.68832],[100.0617,2.68832],[100.06259,2.68292]]],[[[100.03664,2.68654],[100.03395,2.68385],[100.03485,2.68654],[100.03664,2.68654]]],[[[100.04021,2.68294],[100.03932,2.68924],[100.04201,2.68924],[100.04021,2.68294]]],[[[100.07065,2.68921],[100.07244,2.68741],[100.06975,2.68741],[100.07065,2.68921]]],[[[100.0268,2.69285],[100.02948,2.69555],[100.02948,2.69015],[100.0268,2.69285]]],[[[100.07781,2.69461],[100.07602,2.69641],[100.07781,2.69731],[100.07781,2.69461]]],[[[100.06529,2.70002],[100.07244,2.69551],[100.07333,2.69191],[100.07065,2.68921],[100.06707,2.68922],[100.07155,2.69371],[100.06707,2.69372],[100.06707,2.69642],[100.06528,2.69102],[100.0617,2.69282],[100.06439,2.70092],[100.06798,2.70362],[100.06887,2.70721],[100.06977,2.70361],[100.06887,2.70092],[100.06529,2.70002]],[[100.06528,2.69552],[100.06439,2.69732],[100.06439,2.69552],[100.06528,2.69552]],[[100.06439,2.69372],[100.06349,2.69462],[100.06349,2.69372],[100.06439,2.69372]]],[[[100.05723,2.69823],[100.05634,2.70363],[100.05813,2.70632],[100.05992,2.70362],[100.05992,2.69912],[100.05723,2.69823]],[[100.05903,2.70362],[100.05813,2.70272],[100.05902,2.70272],[100.05903,2.70362]]],[[[100.06887,2.70092],[100.06976,2.70271],[100.07424,2.70631],[100.07603,2.70091],[100.07066,2.69821],[100.06887,2.70092]],[[100.07334,2.70091],[100.07155,2.70181],[100.07155,2.70091],[100.07334,2.70091]]],[[[100.03665,2.70004],[100.03128,2.70005],[100.03397,2.70455],[100.03576,2.70454],[100.03665,2.70004]],[[100.03397,2.70275],[100.03486,2.70184],[100.03486,2.70274],[100.03397,2.70275]]],[[[100.04112,2.70004],[100.04023,2.70364],[100.04202,2.70454],[100.04113,2.70274],[100.04112,2.70004]]],[[[100.02681,2.70455],[100.02859,2.70185],[100.02591,2.70185],[100.02681,2.70455]]],[[[100.05455,2.70723],[100.05455,2.70003],[100.05186,2.70003],[100.04829,2.70273],[100.04829,2.70813],[100.05097,2.70543],[100.05455,2.70723]],[[100.05097,2.70453],[100.05187,2.70363],[100.05187,2.70453],[100.05097,2.70453]],[[100.05187,2.70363],[100.05276,2.70273],[100.05276,2.70363],[100.05187,2.70363]]],[[[100.04739,2.70633],[100.04739,2.70273],[100.04202,2.70454],[100.04471,2.70634],[100.04739,2.70633]]],[[[100.06708,2.70812],[100.0626,2.70002],[100.0635,2.70542],[100.06171,2.70722],[100.06619,2.70812],[100.0653,2.71172],[100.07156,2.70901],[100.06708,2.70812]],[[100.06709,2.71082],[100.06619,2.70992],[100.06709,2.70992],[100.06709,2.71082]]],[[[100.03397,2.70995],[100.03128,2.70635],[100.03218,2.71085],[100.03129,2.70905],[100.0286,2.70995],[100.02771,2.71355],[100.03397,2.70995]]],[[[100.04561,2.70994],[100.0465,2.71263],[100.04919,2.71173],[100.04919,2.70903],[100.04561,2.70994]]],[[[100.03577,2.71984],[100.0304,2.71445],[100.03308,2.71715],[100.0313,2.71985],[100.03577,2.71984]]],[[[100.05994,2.72162],[100.06173,2.72072],[100.05904,2.71892],[100.05994,2.72162]]],[[[100.32646,1.45699],[100.32736,1.45429],[100.32378,1.45339],[100.32378,1.45609],[100.32646,1.45699]]],[[[100.35329,1.46237],[100.35508,1.46147],[100.3524,1.46057],[100.3524,1.46687],[100.35598,1.46597],[100.35508,1.47047],[100.35687,1.47047],[100.35776,1.46507],[100.35508,1.46327],[100.35419,1.46507],[100.35329,1.46237]]],[[[100.30412,1.4714],[100.30501,1.4678],[100.30233,1.4678],[100.30143,1.4714],[100.30412,1.4714]],[[100.30322,1.4705],[100.30233,1.4696],[100.30322,1.4696],[100.30322,1.4705]]],[[[100.34614,1.47048],[100.34525,1.46868],[100.34256,1.46868],[100.34257,1.47138],[100.34614,1.47048]]],[[[100.35151,1.47227],[100.35151,1.46957],[100.34882,1.46867],[100.34883,1.47137],[100.35151,1.47227]]],[[[100.30859,1.4741],[100.3059,1.4687],[100.30591,1.4741],[100.30859,1.4741]]],[[[100.26388,1.48402],[100.26389,1.49032],[100.26836,1.49032],[100.26567,1.48762],[100.26567,1.48312],[100.26388,1.48402]]],[[[100.26478,1.49212],[100.26299,1.49122],[100.26478,1.49482],[100.26478,1.49212]]],[[[100.30323,1.4921],[100.30056,1.5011],[100.30413,1.502],[100.3086,1.4939],[100.30323,1.4921]],[[100.30592,1.4975],[100.30502,1.4948],[100.30592,1.4948],[100.30592,1.4975]],[[100.30503,1.4993],[100.30413,1.5002],[100.30413,1.4993],[100.30503,1.4993]]],[[[100.26032,1.49842],[100.263,1.50022],[100.263,1.49842],[100.26032,1.49842]]],[[[100.263,1.49482],[100.2621,1.49752],[100.26389,1.49842],[100.26568,1.50202],[100.263,1.50112],[100.26211,1.50292],[100.25942,1.50022],[100.25942,1.50472],[100.26658,1.50382],[100.26658,1.49932],[100.263,1.49482]]],[[[100.25763,1.49843],[100.25584,1.49663],[100.25406,1.49843],[100.25585,1.50473],[100.25853,1.50382],[100.25585,1.50113],[100.25763,1.49843]]],[[[100.33007,1.50738],[100.33454,1.50918],[100.33454,1.50468],[100.33096,1.50378],[100.33186,1.50648],[100.33007,1.50738]]],[[[100.26134,1.70631],[100.25508,1.70631],[100.25329,1.70901],[100.26044,1.70901],[100.26134,1.70631]]],[[[100.27149,2.13467],[100.27059,2.13197],[100.27238,2.13107],[100.26791,2.13107],[100.26791,2.13467],[100.27149,2.13467]]],[[[100.31092,2.21923],[100.31182,2.21653],[100.31987,2.21922],[100.32076,2.21472],[100.32076,2.22102],[100.32434,2.22011],[100.32613,2.21381],[100.32522,2.20121],[100.32254,2.20302],[100.31538,2.20122],[100.31538,2.20392],[100.31896,2.20302],[100.31896,2.20482],[100.31538,2.20482],[100.31718,2.21292],[100.3136,2.21112],[100.31271,2.21562],[100.31092,2.21113],[100.30465,2.21113],[100.30466,2.21833],[100.31092,2.21923]],[[100.31718,2.21112],[100.31897,2.21022],[100.31897,2.21112],[100.31718,2.21112]],[[100.31807,2.21292],[100.31808,2.21652],[100.31539,2.21562],[100.31718,2.21472],[100.31807,2.21292]],[[100.31808,2.21652],[100.31897,2.21742],[100.31808,2.21742],[100.31808,2.21652]],[[100.31539,2.21472],[100.3145,2.21382],[100.31539,2.21382],[100.31539,2.21472]],[[100.32345,2.21741],[100.32166,2.21832],[100.32166,2.21742],[100.32345,2.21741]],[[100.32255,2.21382],[100.32434,2.21471],[100.32166,2.21652],[100.32255,2.21562],[100.32255,2.21382]],[[100.32165,2.21202],[100.32076,2.21112],[100.32165,2.21112],[100.32165,2.21202]],[[100.32076,2.21112],[100.31986,2.21022],[100.32076,2.21022],[100.32076,2.21112]],[[100.32523,2.21111],[100.32433,2.21021],[100.32523,2.21021],[100.32523,2.21111]],[[100.32433,2.21021],[100.32254,2.20842],[100.32523,2.20841],[100.32433,2.21021]],[[100.32254,2.20842],[100.32165,2.20752],[100.32254,2.20752],[100.32254,2.20842]],[[100.32344,2.20752],[100.32433,2.20662],[100.32433,2.20752],[100.32344,2.20752]],[[100.32433,2.20662],[100.32522,2.20571],[100.32522,2.20661],[100.32433,2.20662]],[[100.32433,2.20392],[100.32343,2.20482],[100.32343,2.20392],[100.32433,2.20392]]],[[[100.23314,2.27329],[100.23493,2.27059],[100.23314,2.27059],[100.23314,2.27329]]],[[[100.23493,2.27149],[100.23672,2.27329],[100.23761,2.27149],[100.23493,2.27149]]],[[[100.23046,2.27419],[100.23404,2.27689],[100.23493,2.27419],[100.23046,2.27419]]],[[[100.22777,2.27419],[100.22957,2.27869],[100.22956,2.27419],[100.22777,2.27419]]],[[[100.33245,2.2867],[100.33514,2.2876],[100.33514,2.284],[100.33424,2.2858],[100.33245,2.2867]]],[[[100.24301,2.30298],[100.24211,2.30568],[100.24569,2.30658],[100.24479,2.30118],[100.24301,2.30298]],[[100.24301,2.30388],[100.2439,2.30478],[100.24301,2.30478],[100.24301,2.30388]]],[[[100.24927,2.30477],[100.24658,2.30298],[100.24748,2.30567],[100.24927,2.30477]]],[[[100.24122,2.31198],[100.23944,2.31468],[100.24302,2.31918],[100.24302,2.31378],[100.24122,2.31198]]],[[[100.23855,2.32008],[100.24034,2.32008],[100.24033,2.31648],[100.23944,2.31648],[100.23855,2.32008]]],[[[100.14013,2.32106],[100.14282,2.32106],[100.14461,2.32286],[100.14461,2.32016],[100.14013,2.32106]]],[[[100.25823,2.32096],[100.25644,2.32007],[100.25824,2.32726],[100.25823,2.32096]]],[[[100.20998,2.3912],[100.20909,2.3957],[100.21267,2.3984],[100.21446,2.3939],[100.20998,2.3912]],[[100.21267,2.393],[100.21177,2.3948],[100.21177,2.393],[100.21267,2.393]]],[[[100.11968,2.46958],[100.11789,2.46598],[100.11789,2.47048],[100.11968,2.46958]]],[[[100.15994,2.47134],[100.15637,2.47314],[100.15637,2.47404],[100.15995,2.47494],[100.15994,2.47134]]],[[[100.1671,2.47314],[100.16173,2.46954],[100.15995,2.47674],[100.16442,2.47494],[100.16352,2.47224],[100.1671,2.47314]]],[[[100.16983,2.51633],[100.17341,2.51543],[100.1734,2.51453],[100.17072,2.51363],[100.16983,2.51633]]],[[[100.07949,2.56231],[100.0777,2.55961],[100.0777,2.56231],[100.07949,2.56231]]],[[[100.08844,2.5614],[100.09022,2.5596],[100.08754,2.5596],[100.08844,2.5614]]],[[[100.08665,2.5686],[100.08844,2.5704],[100.08934,2.5677],[100.08665,2.5686]]],[[[100.21736,2.63058],[100.21825,2.62788],[100.21557,2.62788],[100.21467,2.63058],[100.21736,2.63058]]],[[[100.20573,2.63059],[100.20483,2.63329],[100.21199,2.63238],[100.2102,2.63059],[100.20573,2.63059]]],[[[100.23169,2.64226],[100.229,2.64047],[100.229,2.63327],[100.22631,2.63417],[100.2281,2.62967],[100.22362,2.62967],[100.22809,2.62697],[100.22541,2.62517],[100.22183,2.62878],[100.22542,2.63507],[100.22274,2.63957],[100.22632,2.63867],[100.22274,2.64587],[100.22722,2.64587],[100.23169,2.64226]],[[100.2299,2.64137],[100.229,2.64227],[100.229,2.64137],[100.2299,2.64137]],[[100.22721,2.63597],[100.22631,2.63687],[100.22631,2.63597],[100.22721,2.63597]]],[[[100.08045,2.63521],[100.07955,2.63791],[100.08134,2.63791],[100.08045,2.63521]]],[[[100.20931,2.63869],[100.20663,2.63689],[100.20753,2.64049],[100.20931,2.63869]]],[[[100.07866,2.64151],[100.07776,2.63701],[100.07597,2.63701],[100.07687,2.64151],[100.07508,2.64061],[100.07508,2.64331],[100.08045,2.64331],[100.08134,2.64061],[100.07866,2.64151]]],[[[100.22363,2.64137],[100.22095,2.63688],[100.21826,2.63778],[100.22005,2.64048],[100.21827,2.64228],[100.22095,2.64408],[100.22363,2.64137]]],[[[100.20932,2.64589],[100.21201,2.64678],[100.21111,2.64408],[100.20932,2.64589]]],[[[100.07688,2.64691],[100.07956,2.64781],[100.08135,2.64601],[100.07777,2.64511],[100.07688,2.64691]]],[[[100.08493,2.646],[100.08224,2.6415],[100.08403,2.6451],[100.08046,2.64781],[100.08136,2.6532],[100.08404,2.6523],[100.08225,2.6505],[100.08493,2.646]]],[[[100.13236,2.65046],[100.12968,2.64956],[100.12878,2.65136],[100.13415,2.65226],[100.13326,2.64776],[100.12968,2.64686],[100.13236,2.65046]]],[[[100.21111,2.64858],[100.21201,2.65308],[100.2138,2.64948],[100.21111,2.64858]]],[[[100.22096,2.65667],[100.22006,2.65128],[100.21738,2.65218],[100.21738,2.65488],[100.21291,2.65488],[100.21559,2.65578],[100.2156,2.65848],[100.21649,2.65578],[100.22096,2.65667]]],[[[100.13684,2.65405],[100.13147,2.65316],[100.12879,2.65856],[100.13684,2.65765],[100.13684,2.65405]],[[100.13326,2.65496],[100.13237,2.65586],[100.13237,2.65496],[100.13326,2.65496]]],[[[100.08405,2.6604],[100.08047,2.66131],[100.08047,2.66311],[100.08315,2.6631],[100.08405,2.6604]]],[[[100.20576,2.66119],[100.20039,2.66569],[100.20487,2.66659],[100.20576,2.66119]]],[[[100.14133,2.66755],[100.14133,2.66575],[100.14222,2.66755],[100.1458,2.66665],[100.1458,2.66305],[100.14222,2.66305],[100.14222,2.65945],[100.12879,2.66036],[100.1297,2.67026],[100.14133,2.66755]],[[100.13327,2.66306],[100.13506,2.66576],[100.13327,2.66576],[100.13327,2.66306]],[[100.13238,2.66396],[100.13148,2.66486],[100.13148,2.66396],[100.13238,2.66396]],[[100.14132,2.66305],[100.13774,2.66305],[100.13416,2.66126],[100.13774,2.66035],[100.14132,2.66305]],[[100.13327,2.66126],[100.13237,2.66216],[100.13237,2.66126],[100.13327,2.66126]]],[[[100.20308,2.66839],[100.20576,2.66929],[100.20755,2.66749],[100.20487,2.66659],[100.20308,2.66839]]],[[[100.07869,2.67031],[100.08047,2.66761],[100.07958,2.66761],[100.07869,2.67031]]],[[[100.15833,2.66483],[100.15386,2.66844],[100.15655,2.67114],[100.15475,2.67024],[100.15476,2.67204],[100.15923,2.67473],[100.15833,2.66483]]],[[[100.17087,2.67292],[100.17266,2.67382],[100.17355,2.67022],[100.17087,2.67292]]],[[[100.1476,2.67024],[100.14312,2.67295],[100.14402,2.67475],[100.13955,2.67565],[100.1476,2.67564],[100.1476,2.67024]]],[[[100.13954,2.67385],[100.13865,2.67115],[100.13507,2.67116],[100.13686,2.67475],[100.13954,2.67385]],[[100.13775,2.67295],[100.13686,2.67205],[100.13775,2.67205],[100.13775,2.67295]]],[[[100.20308,2.67109],[100.2004,2.67469],[100.19861,2.67649],[100.20219,2.67559],[100.20308,2.67109]]],[[[100.08048,2.67571],[100.08227,2.6784],[100.08227,2.6739],[100.08048,2.67571]]],[[[100.14223,2.68015],[100.14402,2.67925],[100.14581,2.67655],[100.14134,2.67655],[100.14223,2.68015]]],[[[100.1485,2.68014],[100.15208,2.68194],[100.15118,2.67564],[100.1485,2.67834],[100.15029,2.68014],[100.1485,2.68014]]],[[[100.15387,2.67924],[100.15208,2.68014],[100.15387,2.68194],[100.15387,2.67924]]],[[[100.08586,2.682],[100.08943,2.6811],[100.08854,2.6793],[100.08586,2.682]]],[[[100.18251,2.68191],[100.1834,2.68371],[100.18162,2.68551],[100.1843,2.68461],[100.18519,2.68101],[100.18251,2.68191]]],[[[100.08944,2.6829],[100.08765,2.6847],[100.08944,2.6847],[100.08944,2.6829]]],[[[100.08317,2.6829],[100.07691,2.68741],[100.07781,2.69011],[100.08049,2.68651],[100.08318,2.6883],[100.08317,2.6829]]],[[[100.08497,2.6901],[100.08407,2.6865],[100.08318,2.6901],[100.08497,2.6901]]],[[[100.18162,2.68821],[100.18252,2.69001],[100.18431,2.69091],[100.1843,2.68821],[100.18162,2.68821]]],[[[100.17446,2.69092],[100.17715,2.69271],[100.17894,2.69001],[100.17535,2.68822],[100.17446,2.69092]]],[[[100.18162,2.69361],[100.18341,2.69091],[100.18252,2.69091],[100.18162,2.69361]]],[[[100.17715,2.69271],[100.17715,2.69541],[100.17894,2.69541],[100.17983,2.69271],[100.17715,2.69271]]],[[[100.07871,2.69371],[100.07961,2.70001],[100.0814,2.7],[100.08229,2.6973],[100.07871,2.69371]],[[100.08139,2.6973],[100.0805,2.6982],[100.0805,2.6973],[100.08139,2.6973]]],[[[100.18163,2.69631],[100.18342,2.69991],[100.18431,2.69451],[100.18163,2.69631]]]]}},{"type":"Feature","properties":{"flood_val":1,"fase":"fase3","luas_m2":295521633.71386546,"luas_km2":295.52163371386547},"geometry":{"type":"MultiPolygon","coordinates":[[[[97.83869,0.57421],[97.83154,0.57241],[97.82886,0.57691],[97.83512,0.57511],[97.83601,0.57871],[97.83869,0.57871],[97.83691,0.57691],[97.83869,0.57421]]],[[[97.72694,0.58678],[97.72515,0.59038],[97.72873,0.59128],[97.72694,0.58678]]],[[[97.73141,0.59578],[97.72426,0.59038],[97.72337,0.59488],[97.73141,0.59578]]],[[[97.70817,0.60118],[97.70548,0.60568],[97.71174,0.60658],[97.71264,0.60388],[97.70817,0.60118]]],[[[97.71979,0.60118],[97.72336,0.61198],[97.72873,0.61108],[97.72873,0.60748],[97.72515,0.60658],[97.72247,0.59938],[97.72426,0.59668],[97.72068,0.59668],[97.71979,0.60118]],[[97.72247,0.59938],[97.72158,0.60118],[97.72158,0.59938],[97.72247,0.59938]],[[97.72247,0.60478],[97.72336,0.60568],[97.72247,0.60568],[97.72247,0.60478]]],[[[97.7028,0.60748],[97.7028,0.61288],[97.70459,0.61288],[97.70638,0.60928],[97.7028,0.60748]]],[[[97.85288,0.9927],[97.84931,0.9927],[97.84931,0.9945],[97.85199,0.9945],[97.85288,0.9927]]],[[[97.47648,1.02764],[97.48006,1.03034],[97.48006,1.02764],[97.47648,1.02764]]],[[[98.37209,2.03426],[98.36851,2.03336],[98.36851,2.03696],[98.37209,2.03426]]],[[[98.38282,2.04596],[98.37835,2.04326],[98.38014,2.03876],[98.37567,2.03606],[98.37656,2.03786],[98.37388,2.03966],[98.37656,2.04146],[98.37656,2.04866],[98.38461,2.05316],[98.38461,2.04956],[98.38103,2.04776],[98.38282,2.04596]]],[[[98.19092,2.80732],[98.19271,2.80462],[98.19181,2.80462],[98.19092,2.80732]]],[[[98.19271,2.81002],[98.19539,2.80643],[98.19271,2.80642],[98.19271,2.81002]]],[[[98.20076,2.80643],[98.19539,2.81093],[98.19987,2.81183],[98.20076,2.80643]]],[[[98.0743,3.11234],[98.07878,3.10785],[98.0752,3.10514],[98.07162,3.10694],[98.0752,3.10964],[98.0743,3.11234]]],[[[98.07162,3.10784],[98.06983,3.11054],[98.07251,3.11054],[98.07162,3.10784]]],[[[98.05997,3.11593],[98.05908,3.11863],[98.05728,3.12493],[98.06176,3.12133],[98.06266,3.11593],[98.05997,3.11593]],[[98.06087,3.11683],[98.06176,3.11863],[98.06087,3.11863],[98.06087,3.11683]]],[[[98.05817,3.13483],[98.06533,3.13483],[98.06264,3.13303],[98.06354,3.12763],[98.05817,3.12943],[98.06175,3.13303],[98.05817,3.13483]],[[98.06265,3.13123],[98.06175,3.13033],[98.06265,3.13033],[98.06265,3.13123]],[[98.05996,3.12943],[98.06086,3.13033],[98.05996,3.13033],[98.05996,3.12943]]],[[[98.04563,3.13932],[98.03667,3.14201],[98.04114,3.14471],[98.04563,3.13932]]],[[[98.05368,3.14922],[98.05279,3.13842],[98.05548,3.13843],[98.05726,3.14203],[98.06174,3.14023],[98.05458,3.13663],[98.05548,3.13393],[98.04563,3.14022],[98.0501,3.14742],[98.04025,3.14741],[98.04024,3.15011],[98.03218,3.1591],[98.03666,3.15821],[98.03486,3.16181],[98.04023,3.16361],[98.04382,3.16002],[98.04203,3.15731],[98.04471,3.15732],[98.04203,3.15641],[98.04024,3.15101],[98.04204,3.14921],[98.04472,3.15102],[98.05368,3.14922]],[[98.04023,3.16181],[98.03934,3.16091],[98.04023,3.16091],[98.04023,3.16181]],[[98.04113,3.15821],[98.03934,3.15641],[98.04024,3.15641],[98.04113,3.15821]],[[98.03934,3.15641],[98.03845,3.15461],[98.03934,3.15461],[98.03934,3.15641]],[[98.03934,3.15461],[98.04024,3.15371],[98.04024,3.15461],[98.03934,3.15461]],[[98.05099,3.14382],[98.0501,3.14472],[98.0501,3.14382],[98.05099,3.14382]],[[98.0492,3.14292],[98.0501,3.14202],[98.0501,3.14292],[98.0492,3.14292]],[[98.0501,3.14202],[98.051,3.14112],[98.051,3.14202],[98.0501,3.14202]]],[[[98.04203,3.15101],[98.04293,3.15371],[98.04651,3.15372],[98.04562,3.15102],[98.04382,3.15192],[98.04203,3.15101]]],[[[98.0456,3.16452],[98.04382,3.16182],[98.04202,3.16451],[98.0456,3.16452]]],[[[98.00347,3.21488],[98.00615,3.22028],[98.00705,3.21758],[98.01063,3.21848],[98.00974,3.21398],[98.00795,3.21578],[98.00347,3.21488]],[[98.00795,3.21578],[98.00884,3.21668],[98.00795,3.21668],[98.00795,3.21578]]],[[[97.98197,3.23016],[97.98287,3.22746],[97.98108,3.22745],[97.97928,3.23015],[97.98197,3.23016]]],[[[97.97299,3.25265],[97.9712,3.24994],[97.97031,3.25264],[97.97299,3.25265]]],[[[97.98104,3.25805],[97.97389,3.25175],[97.97478,3.25805],[97.97925,3.25805],[97.98015,3.26165],[97.98104,3.25805]]],[[[97.96044,3.26613],[97.95775,3.26703],[97.95865,3.26883],[97.96134,3.26793],[97.96044,3.26613]]],[[[97.97745,3.26975],[97.97924,3.27245],[97.98103,3.26885],[97.97745,3.26975]]],[[[98.37735,3.83713],[98.37377,3.83442],[98.3675,3.83442],[98.37108,3.84072],[98.37646,3.83983],[98.37735,3.83713]]],[[[98.38005,3.83443],[98.38272,3.84703],[98.38899,3.85154],[98.38901,3.83443],[98.38005,3.83443]]],[[[98.37824,3.85063],[98.37735,3.84883],[98.37376,3.84882],[98.37376,3.85062],[98.37824,3.85063]]],[[[98.38177,3.92444],[98.38177,3.92714],[98.38535,3.92714],[98.38267,3.92624],[98.38177,3.92444]]],[[[98.36292,3.96672],[98.37009,3.96763],[98.37009,3.96583],[98.36292,3.96672]]],[[[98.2966,3.97297],[98.29659,3.97657],[98.29928,3.97657],[98.29928,3.97477],[98.2966,3.97297]]],[[[98.32975,3.9838],[98.33154,3.9811],[98.33064,3.9811],[98.32975,3.9838]]],[[[98.32706,3.9856],[98.32974,3.9856],[98.32975,3.9838],[98.32706,3.9838],[98.32706,3.9856]]],[[[98.32526,3.9964],[98.32167,3.99999],[98.32077,3.99729],[98.31719,3.99729],[98.31719,3.99999],[98.32704,4.0027],[98.32705,3.9982],[98.32526,3.9964]]],[[[98.31091,4.00358],[98.31449,4.00269],[98.3145,4.00089],[98.31001,4.00178],[98.31091,4.00358]]],[[[98.35122,4.03062],[98.35838,4.03783],[98.35838,4.03603],[98.36197,4.03603],[98.36645,4.03963],[98.36645,4.03603],[98.36914,4.03513],[98.37093,4.03874],[98.37272,4.03694],[98.37362,4.03784],[98.37452,4.03784],[98.37452,4.03874],[98.37631,4.03874],[98.37452,4.03064],[98.37094,4.02613],[98.36466,4.03243],[98.35212,4.02252],[98.3584,4.01982],[98.3584,4.01802],[98.35392,4.01712],[98.3575,4.01712],[98.35751,4.01262],[98.35482,4.01172],[98.35661,4.00812],[98.35214,4.00542],[98.35214,4.00182],[98.34766,4.00182],[98.35303,4.00092],[98.35394,3.99552],[98.35931,3.99552],[98.36111,3.98652],[98.35842,3.98922],[98.35663,3.98922],[98.35573,3.98652],[98.36111,3.98562],[98.36022,3.98112],[98.36291,3.97933],[98.36381,3.96853],[98.36023,3.96942],[98.35843,3.97572],[98.35664,3.97212],[98.35216,3.97482],[98.34947,3.97301],[98.34947,3.97571],[98.3423,3.98021],[98.34229,3.98291],[98.33691,3.98561],[98.33691,3.98741],[98.33871,3.98651],[98.3378,3.99461],[98.33063,3.9955],[98.33153,3.9982],[98.33332,3.9982],[98.33063,4.0009],[98.33332,4.0018],[98.33152,4.0063],[98.33421,4.0063],[98.33421,4.0081],[98.32704,4.0072],[98.32704,4.0099],[98.3342,4.0126],[98.33331,4.0162],[98.33958,4.01621],[98.34226,4.02071],[98.34495,4.01981],[98.34136,4.02521],[98.33868,4.02341],[98.33958,4.01891],[98.33778,4.01801],[98.33599,4.02611],[98.3333,4.0261],[98.33509,4.02251],[98.33061,4.0198],[98.33151,4.0162],[98.32703,4.0171],[98.32613,4.0198],[98.32971,4.0252],[98.32791,4.0324],[98.3306,4.0351],[98.3324,4.0324],[98.33867,4.03331],[98.33778,4.02971],[98.34047,4.02791],[98.34046,4.03241],[98.34494,4.03512],[98.34404,4.03691],[98.34853,4.03692],[98.35122,4.03062]],[[98.37273,4.02974],[98.37094,4.03064],[98.37094,4.02974],[98.37273,4.02974]],[[98.36197,4.03063],[98.36108,4.03333],[98.36108,4.03063],[98.36197,4.03063]],[[98.3566,4.02702],[98.3557,4.02792],[98.3557,4.02702],[98.3566,4.02702]],[[98.35302,4.02072],[98.34764,4.01892],[98.35034,4.01262],[98.35302,4.01442],[98.35123,4.01982],[98.35302,4.02072]],[[98.35213,4.00722],[98.34945,4.00632],[98.34945,4.00542],[98.35214,4.00542],[98.35213,4.00722]],[[98.34766,4.00182],[98.34676,4.00361],[98.34676,4.00181],[98.34766,4.00182]],[[98.34676,4.00181],[98.34407,4.00091],[98.34676,4.00091],[98.34676,4.00181]],[[98.35932,3.99012],[98.35752,3.99192],[98.35752,3.99012],[98.35932,3.99012]],[[98.36023,3.97302],[98.36112,3.97392],[98.36023,3.97392],[98.36023,3.97302]],[[98.33422,3.9955],[98.33511,3.9973],[98.33422,3.9973],[98.33422,3.9955]],[[98.32883,4.0099],[98.32973,4.009],[98.32973,4.0099],[98.32883,4.0099]],[[98.34137,4.01711],[98.34406,4.01441],[98.34496,4.01621],[98.34137,4.01711]],[[98.34137,4.01531],[98.34048,4.01441],[98.34137,4.01441],[98.34137,4.01531]],[[98.34406,4.01711],[98.34496,4.01801],[98.34406,4.01801],[98.34406,4.01711]],[[98.34496,4.01801],[98.34585,4.01891],[98.34495,4.01891],[98.34496,4.01801]],[[98.34316,4.02431],[98.34405,4.02521],[98.34316,4.02521],[98.34316,4.02431]],[[98.34405,4.02521],[98.34495,4.02611],[98.34405,4.02611],[98.34405,4.02521]],[[98.32882,4.0234],[98.33061,4.0225],[98.33061,4.0234],[98.32882,4.0234]],[[98.35122,4.03062],[98.35032,4.02972],[98.35122,4.02972],[98.35122,4.03062]],[[98.34853,4.03512],[98.34584,4.03332],[98.34763,4.03242],[98.34853,4.03512]],[[98.34405,4.03151],[98.34315,4.03061],[98.34405,4.03061],[98.34405,4.03151]],[[98.34315,4.03061],[98.34226,4.02971],[98.34315,4.02971],[98.34315,4.03061]],[[98.34584,4.02792],[98.34495,4.02881],[98.34495,4.02791],[98.34584,4.02792]],[[98.35122,4.02702],[98.35032,4.02792],[98.35033,4.02702],[98.35122,4.02702]],[[98.34764,4.02252],[98.34674,4.02342],[98.34674,4.02252],[98.34764,4.02252]],[[98.35481,4.01982],[98.35392,4.02072],[98.35392,4.01982],[98.35481,4.01982]],[[98.33779,4.01351],[98.33689,4.01441],[98.33689,4.01351],[98.33779,4.01351]],[[98.34675,4.01262],[98.34855,4.01172],[98.34854,4.01262],[98.34675,4.01262]],[[98.35123,4.01172],[98.34586,4.00991],[98.35124,4.00992],[98.35123,4.01172]],[[98.34496,4.01081],[98.34406,4.01171],[98.34406,4.01081],[98.34496,4.01081]],[[98.34496,4.00811],[98.34586,4.00631],[98.34765,4.00632],[98.34676,4.00811],[98.34496,4.00811]],[[98.34496,4.00721],[98.34407,4.00631],[98.34496,4.00631],[98.34496,4.00721]],[[98.34765,4.00722],[98.34855,4.00812],[98.34765,4.00812],[98.34765,4.00722]],[[98.336,4.00361],[98.33421,4.0045],[98.33421,4.0036],[98.336,4.00361]],[[98.34138,4.00181],[98.34049,4.00271],[98.34049,4.00181],[98.34138,4.00181]],[[98.34139,3.99911],[98.34049,4.00001],[98.34049,3.99911],[98.34139,3.99911]],[[98.34497,3.99821],[98.34228,3.99911],[98.34228,3.99821],[98.34497,3.99821]],[[98.33332,3.9964],[98.33242,3.9973],[98.33242,3.9964],[98.33332,3.9964]],[[98.3387,3.99641],[98.3378,3.99731],[98.3378,3.99641],[98.3387,3.99641]],[[98.34856,3.99552],[98.34587,3.99641],[98.34587,3.99551],[98.34856,3.99552]],[[98.34856,3.99282],[98.34587,3.99461],[98.34587,3.99371],[98.34856,3.99282]],[[98.35125,3.99462],[98.35483,3.99192],[98.35573,3.99372],[98.35125,3.99462]],[[98.35035,3.99282],[98.34677,3.99101],[98.34677,3.99011],[98.34946,3.98922],[98.35035,3.99282]],[[98.34677,3.99101],[98.34587,3.99191],[98.34587,3.99101],[98.34677,3.99101]],[[98.35304,3.99012],[98.35215,3.99102],[98.35215,3.99012],[98.35304,3.99012]],[[98.35663,3.99012],[98.35484,3.99102],[98.35484,3.98922],[98.35663,3.99012]],[[98.34319,3.98921],[98.34229,3.99011],[98.34229,3.98921],[98.34319,3.98921]],[[98.34319,3.98831],[98.34408,3.98651],[98.34408,3.98831],[98.34319,3.98831]],[[98.34408,3.98651],[98.34588,3.98561],[98.34588,3.98651],[98.34408,3.98651]],[[98.34767,3.98651],[98.34677,3.98741],[98.34677,3.98651],[98.34767,3.98651]],[[98.35305,3.98472],[98.34946,3.98742],[98.35036,3.98112],[98.35305,3.98472]],[[98.34498,3.98201],[98.34409,3.98291],[98.34409,3.98201],[98.34498,3.98201]],[[98.35126,3.97842],[98.35485,3.97662],[98.35485,3.97752],[98.35126,3.97842]],[[98.35754,3.97662],[98.35664,3.97842],[98.35664,3.97662],[98.35754,3.97662]]],[[[98.32703,4.0162],[98.32345,4.0072],[98.31718,4.00179],[98.3127,4.00629],[98.30911,4.00628],[98.31001,4.00898],[98.3127,4.00809],[98.3127,4.01079],[98.31628,4.00989],[98.31986,4.01259],[98.32344,4.0198],[98.32703,4.0162]],[[98.31449,4.00719],[98.31359,4.00809],[98.31359,4.00719],[98.31449,4.00719]]],[[[98.18453,4.01427],[98.18811,4.01877],[98.18811,4.01517],[98.18453,4.01427]]],[[[98.3109,4.01619],[98.31269,4.01349],[98.31,4.01528],[98.30552,4.01348],[98.30194,4.01708],[98.30462,4.02158],[98.30372,4.02428],[98.30641,4.02428],[98.30641,4.01978],[98.31269,4.01979],[98.3109,4.01619]],[[98.30641,4.01978],[98.30552,4.01888],[98.30642,4.01888],[98.30641,4.01978]]],[[[98.3566,4.02432],[98.35929,4.02253],[98.3566,4.02072],[98.3566,4.02432]]],[[[98.35839,4.02433],[98.36466,4.02973],[98.36736,4.02433],[98.36288,4.02253],[98.35839,4.02433]]],[[[98.18362,4.03047],[98.18003,4.03136],[98.18182,4.03317],[98.18362,4.03047]]],[[[98.37452,4.03964],[98.37272,4.03784],[98.37183,4.03964],[98.37452,4.03964]]],[[[98.35748,4.04233],[98.35928,4.04143],[98.35928,4.03783],[98.35748,4.04233]]],[[[98.19705,4.04218],[98.19526,4.04398],[98.19615,4.04668],[98.19974,4.04398],[98.19705,4.04218]]],[[[98.33596,4.05221],[98.33417,4.05581],[98.33865,4.05401],[98.34135,4.04861],[98.35121,4.04772],[98.353,4.04322],[98.34225,4.04141],[98.34135,4.04321],[98.33956,4.03961],[98.33687,4.03961],[98.33418,4.04141],[98.33596,4.05221]],[[98.33687,4.04141],[98.33777,4.04231],[98.33687,4.04231],[98.33687,4.04141]],[[98.33866,4.04681],[98.33776,4.04591],[98.33866,4.04591],[98.33866,4.04681]],[[98.33866,4.04591],[98.33956,4.04501],[98.33955,4.04591],[98.33866,4.04591]],[[98.33866,4.04501],[98.33776,4.04321],[98.33866,4.04321],[98.33866,4.04501]]],[[[98.34134,4.05401],[98.34403,4.05402],[98.34492,4.05582],[98.34493,4.05312],[98.34134,4.05401]]],[[[98.25618,4.06744],[98.25618,4.06384],[98.25439,4.06384],[98.25439,4.06744],[98.25618,4.06744]]],[[[98.25886,4.07284],[98.26424,4.07735],[98.27231,4.07646],[98.27231,4.07375],[98.26962,4.07465],[98.26872,4.07195],[98.26604,4.07105],[98.26514,4.06835],[98.26156,4.06924],[98.26156,4.06114],[98.25619,4.06204],[98.25977,4.06744],[98.25886,4.07284]],[[98.27141,4.07645],[98.26962,4.07555],[98.27141,4.07555],[98.27141,4.07645]],[[98.26783,4.07195],[98.26693,4.07375],[98.26693,4.07195],[98.26783,4.07195]],[[98.26693,4.07465],[98.26603,4.07555],[98.26603,4.07465],[98.26693,4.07465]],[[98.26514,4.07195],[98.26424,4.07285],[98.26424,4.07195],[98.26514,4.07195]]],[[[98.28754,4.08007],[98.28664,4.08187],[98.28933,4.08277],[98.29202,4.08097],[98.28754,4.08007]]],[[[98.29561,4.08008],[98.29381,4.08187],[98.29561,4.08188],[98.29561,4.08008]]],[[[98.27678,4.08006],[98.27051,4.08005],[98.2714,4.08275],[98.27589,4.08276],[98.27678,4.08006]]],[[[98.29919,4.08278],[98.2983,4.08008],[98.29561,4.08188],[98.2956,4.08278],[98.29919,4.08278]]],[[[98.28485,4.08187],[98.28306,4.08367],[98.28574,4.08367],[98.28485,4.08187]]],[[[98.29202,4.08277],[98.28843,4.08457],[98.29202,4.08457],[98.29202,4.08277]]],[[[98.29919,4.08278],[98.30008,4.08728],[98.30098,4.08728],[98.29919,4.08278]]],[[[98.29022,4.08547],[98.28843,4.08817],[98.29022,4.08817],[98.29022,4.08547]]],[[[98.30008,4.08908],[98.29739,4.08728],[98.29829,4.08458],[98.29381,4.08277],[98.2965,4.08908],[98.29291,4.09087],[98.29291,4.09357],[98.2938,4.09178],[98.29739,4.09268],[98.29739,4.08908],[98.30008,4.08908]]],[[[98.26961,4.08275],[98.26961,4.08455],[98.26872,4.08275],[98.26513,4.08455],[98.26602,4.08635],[98.26064,4.08724],[98.25436,4.09624],[98.25973,4.10344],[98.2678,4.10705],[98.2687,4.10345],[98.27228,4.10616],[98.27587,4.10526],[98.27676,4.10166],[98.27766,4.10526],[98.28393,4.10527],[98.28931,4.10167],[98.28932,4.09447],[98.28394,4.09357],[98.28305,4.08637],[98.28485,4.08457],[98.27947,4.08546],[98.28575,4.07647],[98.28216,4.07826],[98.27948,4.07646],[98.27679,4.07916],[98.27678,4.08006],[98.27768,4.08006],[98.27768,4.08276],[98.27588,4.08366],[98.27768,4.08546],[98.26961,4.08275]],[[98.28662,4.10257],[98.28483,4.10167],[98.28663,4.10077],[98.28662,4.10257]],[[98.27947,4.08546],[98.27857,4.08636],[98.27857,4.08546],[98.27947,4.08546]],[[98.27768,4.08276],[98.27857,4.08366],[98.27768,4.08366],[98.27768,4.08276]],[[98.27318,4.10256],[98.27228,4.10346],[98.27228,4.10256],[98.27318,4.10256]],[[98.26601,4.10165],[98.26511,4.10255],[98.26511,4.10165],[98.26601,4.10165]],[[98.2687,4.09985],[98.26691,4.10075],[98.26691,4.09895],[98.2687,4.09985]],[[98.27497,4.09986],[98.27408,4.10076],[98.27408,4.09986],[98.27497,4.09986]],[[98.27677,4.09896],[98.27587,4.09986],[98.27587,4.09896],[98.27677,4.09896]],[[98.28036,4.09626],[98.28125,4.09536],[98.28125,4.09626],[98.28036,4.09626]],[[98.28125,4.09536],[98.28215,4.09446],[98.28215,4.09536],[98.28125,4.09536]],[[98.28573,4.09627],[98.28663,4.09537],[98.28663,4.09627],[98.28573,4.09627]],[[98.28663,4.09537],[98.28753,4.09447],[98.28753,4.09537],[98.28663,4.09537]],[[98.27767,4.09446],[98.27587,4.09536],[98.27588,4.09446],[98.27767,4.09446]],[[98.27767,4.09176],[98.27588,4.09356],[98.27588,4.09176],[98.27767,4.09176]],[[98.27319,4.09176],[98.27229,4.09266],[98.27229,4.09176],[98.27319,4.09176]],[[98.26602,4.08725],[98.26512,4.08815],[98.26513,4.08725],[98.26602,4.08725]],[[98.28216,4.08726],[98.28126,4.08816],[98.28126,4.08726],[98.28216,4.08726]],[[98.2723,4.08456],[98.27051,4.08545],[98.27051,4.08455],[98.2723,4.08456]],[[98.28216,4.07916],[98.28127,4.08006],[98.28127,4.07916],[98.28216,4.07916]]],[[[98.29559,4.09718],[98.29649,4.09358],[98.2938,4.09358],[98.29201,4.09807],[98.29559,4.09718]],[[98.2938,4.09448],[98.29559,4.09538],[98.2938,4.09538],[98.2938,4.09448]]],[[[98.24449,4.10523],[98.25167,4.10074],[98.2445,4.10163],[98.2436,4.09983],[98.24988,4.09894],[98.24898,4.09713],[98.23912,4.09713],[98.23554,4.09982],[98.24181,4.09983],[98.24449,4.10523]]],[[[98.292,4.10347],[98.2929,4.09897],[98.29111,4.09897],[98.29021,4.10347],[98.292,4.10347]]],[[[98.2552,4.15834],[98.25251,4.16104],[98.2552,4.16194],[98.2552,4.15834]]],[[[98.24798,4.20514],[98.24978,4.20604],[98.25068,4.20334],[98.24798,4.20424],[98.24798,4.20514]]],[[[98.24888,4.20784],[98.24709,4.20514],[98.24708,4.21054],[98.24888,4.20784]]],[[[98.23449,4.25463],[98.24256,4.25283],[98.24256,4.25013],[98.24615,4.24834],[98.24256,4.24743],[98.24615,4.24654],[98.24527,4.23304],[98.24437,4.23484],[98.24168,4.23393],[98.24258,4.23033],[98.24527,4.23214],[98.24527,4.22764],[98.24259,4.22583],[98.24617,4.22584],[98.24618,4.21864],[98.24528,4.22044],[98.24259,4.21953],[98.23989,4.22943],[98.23541,4.22853],[98.23361,4.23302],[98.23541,4.23393],[98.23361,4.23392],[98.23092,4.24022],[98.23181,4.24382],[98.22643,4.24832],[98.22642,4.25102],[98.2318,4.25102],[98.23449,4.25463]],[[98.23989,4.22943],[98.24168,4.23123],[98.24079,4.23123],[98.23989,4.22943]],[[98.239,4.22943],[98.2381,4.23033],[98.2381,4.22943],[98.239,4.22943]],[[98.23271,4.23752],[98.23361,4.23933],[98.23271,4.23932],[98.23271,4.23752]],[[98.2336,4.25103],[98.2327,4.24562],[98.2345,4.24563],[98.2336,4.25103]],[[98.23718,4.24923],[98.23629,4.25103],[98.23629,4.24923],[98.23718,4.24923]],[[98.24167,4.24923],[98.24077,4.25013],[98.24077,4.24923],[98.24167,4.24923]],[[98.23001,4.24742],[98.22912,4.24832],[98.22912,4.24742],[98.23001,4.24742]],[[98.23719,4.24653],[98.23629,4.24743],[98.23629,4.24653],[98.23719,4.24653]],[[98.24257,4.24383],[98.24167,4.24563],[98.24077,4.24383],[98.24257,4.24383]],[[98.2345,4.24293],[98.2336,4.24473],[98.2336,4.24293],[98.2345,4.24293]],[[98.2354,4.24113],[98.2345,4.24203],[98.2345,4.24113],[98.2354,4.24113]],[[98.24078,4.23933],[98.23899,4.24023],[98.23899,4.23933],[98.24078,4.23933]],[[98.2372,4.23663],[98.2363,4.23753],[98.2363,4.23663],[98.2372,4.23663]]],[[[98.47678,1.99109],[98.47678,1.98839],[98.47141,1.99199],[98.46694,1.99109],[98.46694,1.99469],[98.47678,1.99109]]],[[[98.46515,1.99379],[98.46336,1.99559],[98.46336,1.99829],[98.46604,1.99649],[98.46515,1.99379]]],[[[98.4553,1.99918],[98.4553,2.00188],[98.45709,2.00368],[98.45799,2.00008],[98.4553,1.99918]]],[[[98.41951,2.02167],[98.41772,2.01807],[98.4222,2.01267],[98.41504,2.01267],[98.41325,2.01447],[98.41414,2.02077],[98.41683,2.02167],[98.41683,2.02437],[98.41951,2.02167]],[[98.41683,2.01627],[98.41772,2.01717],[98.41683,2.01717],[98.41683,2.01627]],[[98.41683,2.01447],[98.41772,2.01537],[98.41683,2.01537],[98.41683,2.01447]]],[[[98.40251,2.01537],[98.40162,2.02347],[98.40341,2.02347],[98.40699,2.01717],[98.40251,2.01537]]],[[[98.40788,2.02977],[98.40519,2.03067],[98.40698,2.03427],[98.40519,2.03697],[98.41056,2.03697],[98.40967,2.03157],[98.41593,2.03157],[98.41504,2.02527],[98.41683,2.02437],[98.41414,2.02347],[98.41414,2.02077],[98.41146,2.02167],[98.41057,2.01627],[98.41056,2.01987],[98.40609,2.02077],[98.40609,2.02347],[98.40877,2.02257],[98.40877,2.02527],[98.41146,2.02527],[98.41146,2.02797],[98.40609,2.02707],[98.40788,2.02977]],[[98.41146,2.02797],[98.41235,2.02887],[98.41146,2.02887],[98.41146,2.02797]],[[98.41235,2.02797],[98.41325,2.02527],[98.41325,2.02797],[98.41235,2.02797]],[[98.40877,2.03157],[98.40788,2.03337],[98.40698,2.03157],[98.40877,2.03157]],[[98.41056,2.02887],[98.40967,2.02977],[98.40967,2.02887],[98.41056,2.02887]],[[98.41325,2.02437],[98.41235,2.02347],[98.41325,2.02347],[98.41325,2.02437]],[[98.41235,2.02347],[98.41146,2.02257],[98.41235,2.02257],[98.41235,2.02347]],[[98.41056,2.02257],[98.40967,2.02347],[98.40967,2.02257],[98.41056,2.02257]]],[[[98.40251,2.03337],[98.39982,2.03607],[98.39982,2.03787],[98.4034,2.03607],[98.40251,2.03337]]],[[[98.40698,2.03697],[98.40429,2.04147],[98.40966,2.03697],[98.40698,2.03697]]],[[[98.49763,3.48347],[98.49494,3.47987],[98.49404,3.48347],[98.49763,3.48347]]],[[[98.50658,3.49338],[98.49852,3.48527],[98.49673,3.48527],[98.50568,3.49788],[98.50658,3.49338]]],[[[98.47702,3.49426],[98.47433,3.49066],[98.47165,3.49066],[98.47434,3.48706],[98.47075,3.48796],[98.46985,3.49336],[98.47433,3.49246],[98.47254,3.49606],[98.47881,3.49966],[98.47791,3.49606],[98.47433,3.49606],[98.47702,3.49426]]],[[[98.47523,3.49786],[98.47254,3.49966],[98.47523,3.49876],[98.47523,3.49786]]],[[[98.49225,3.49427],[98.48955,3.50507],[98.49224,3.50417],[98.49225,3.49427]]],[[[98.49941,3.50147],[98.49941,3.49877],[98.49672,3.49787],[98.49672,3.49967],[98.49941,3.50147]]],[[[98.47523,3.49876],[98.47522,3.50146],[98.47791,3.50146],[98.47791,3.49966],[98.47523,3.49876]]],[[[98.4806,3.50236],[98.4788,3.50596],[98.48149,3.50686],[98.48329,3.50236],[98.4806,3.50236]]],[[[98.50836,3.50598],[98.50836,3.50958],[98.51015,3.50958],[98.51016,3.50598],[98.50836,3.50598]]],[[[98.48418,3.50597],[98.48418,3.50777],[98.48149,3.50776],[98.48149,3.50956],[98.48687,3.50867],[98.48418,3.50597]]],[[[98.51284,3.51048],[98.51105,3.50778],[98.51015,3.51048],[98.51284,3.51048]]],[[[98.4788,3.50686],[98.47432,3.50866],[98.47522,3.51226],[98.47791,3.51226],[98.4788,3.50686]]],[[[98.48865,3.51497],[98.48507,3.51227],[98.48507,3.51497],[98.48865,3.51497]]],[[[98.41609,3.52483],[98.4125,3.52842],[98.41519,3.52843],[98.41609,3.52483]]],[[[98.50477,3.52578],[98.50119,3.52668],[98.50298,3.52848],[98.50119,3.53118],[98.50477,3.53118],[98.50477,3.52578]]],[[[98.52622,3.6275],[98.5307,3.632],[98.5298,3.6284],[98.52622,3.6275]]],[[[98.49931,3.68509],[98.49483,3.68419],[98.49483,3.68689],[98.49931,3.68779],[98.49931,3.68509]],[[98.49662,3.68509],[98.49573,3.68599],[98.49573,3.68509],[98.49662,3.68509]]],[[[98.52704,3.76071],[98.52794,3.75801],[98.52794,3.75531],[98.52436,3.75981],[98.52704,3.76071]]],[[[98.52167,3.76251],[98.51898,3.75711],[98.5154,3.75891],[98.5145,3.75081],[98.51271,3.75081],[98.51271,3.75441],[98.50913,3.7535],[98.51271,3.75711],[98.51002,3.76251],[98.51719,3.76431],[98.51629,3.76881],[98.52167,3.76251]]],[[[98.5378,3.76072],[98.53153,3.75712],[98.53152,3.76342],[98.5369,3.76432],[98.5378,3.76072]]],[[[98.44819,3.77237],[98.45088,3.77147],[98.44998,3.76877],[98.44729,3.76877],[98.44819,3.77237]]],[[[98.45804,3.77958],[98.45804,3.77778],[98.45266,3.77867],[98.45445,3.78047],[98.45266,3.78137],[98.45804,3.77958]]],[[[98.44549,3.78767],[98.44011,3.79127],[98.44638,3.79127],[98.44549,3.78767]]],[[[98.49477,3.7877],[98.49567,3.7904],[98.49567,3.7877],[98.49477,3.7877]]],[[[98.43474,3.78766],[98.43294,3.79126],[98.43563,3.78946],[98.43653,3.79126],[98.43474,3.78766]]],[[[98.49835,3.7886],[98.49567,3.7904],[98.49567,3.7913],[98.49835,3.7913],[98.49835,3.7886]]],[[[98.52613,3.79222],[98.52792,3.79312],[98.52882,3.78952],[98.52613,3.79132],[98.52613,3.79222]]],[[[98.46609,3.79488],[98.46251,3.79488],[98.46251,3.79668],[98.46609,3.79488]]],[[[98.52613,3.79582],[98.52523,3.79222],[98.52344,3.79672],[98.5324,3.80122],[98.52882,3.79492],[98.52613,3.79582]]],[[[98.52254,3.79672],[98.52075,3.79942],[98.52165,3.79942],[98.52254,3.79672]]],[[[98.49387,3.7985],[98.49566,3.803],[98.49835,3.803],[98.49924,3.7994],[98.49387,3.7985]]],[[[98.45443,3.81738],[98.45892,3.80478],[98.45713,3.80478],[98.45623,3.80928],[98.45354,3.80928],[98.45265,3.80477],[98.45534,3.80298],[98.45355,3.79937],[98.45175,3.79847],[98.44996,3.80477],[98.44817,3.80387],[98.44907,3.79937],[98.44369,3.80117],[98.44459,3.79847],[98.43921,3.79847],[98.43832,3.79216],[98.43473,3.80026],[98.43742,3.79936],[98.44279,3.80387],[98.44279,3.80837],[98.45175,3.81017],[98.44816,3.81287],[98.44906,3.81557],[98.45264,3.81468],[98.45443,3.81738]],[[98.45265,3.80477],[98.45175,3.80387],[98.45265,3.80387],[98.45265,3.80477]],[[98.43742,3.79486],[98.43832,3.79576],[98.43742,3.79576],[98.43742,3.79486]],[[98.45085,3.80927],[98.45175,3.80747],[98.45175,3.80927],[98.45085,3.80927]],[[98.45085,3.80567],[98.44906,3.80657],[98.44906,3.80567],[98.45085,3.80567]],[[98.45085,3.81197],[98.45175,3.81288],[98.45085,3.81287],[98.45085,3.81197]],[[98.45264,3.81468],[98.45443,3.81378],[98.45443,3.81468],[98.45264,3.81468]],[[98.44369,3.80567],[98.44548,3.80657],[98.44368,3.80657],[98.44369,3.80567]],[[98.44369,3.80207],[98.44458,3.80297],[98.44369,3.80297],[98.44369,3.80207]],[[98.43831,3.79666],[98.43831,3.79847],[98.43652,3.79846],[98.43652,3.79756],[98.43831,3.79666]]],[[[98.52523,3.80032],[98.52165,3.80122],[98.51896,3.79851],[98.51985,3.80301],[98.51448,3.80391],[98.51537,3.81021],[98.51985,3.80842],[98.51985,3.81022],[98.52612,3.81112],[98.52702,3.80842],[98.52971,3.80842],[98.52971,3.80302],[98.52523,3.80032]],[[98.52612,3.80842],[98.52433,3.80932],[98.52433,3.80842],[98.52612,3.80842]],[[98.52164,3.80572],[98.52344,3.80482],[98.52343,3.80572],[98.52164,3.80572]],[[98.52344,3.80212],[98.52612,3.80392],[98.52612,3.80482],[98.52344,3.80482],[98.52344,3.80212]],[[98.52792,3.80392],[98.52702,3.80482],[98.52702,3.80392],[98.52792,3.80392]]],[[[98.51268,3.80751],[98.51179,3.80391],[98.5091,3.80391],[98.50999,3.80661],[98.51268,3.80751]]],[[[98.50641,3.81021],[98.5091,3.80841],[98.50551,3.80841],[98.50641,3.81021]]],[[[98.43741,3.80747],[98.43831,3.80927],[98.43472,3.81016],[98.44099,3.81377],[98.4392,3.81197],[98.44099,3.80927],[98.43741,3.80747]]],[[[98.5306,3.81382],[98.53329,3.81472],[98.53508,3.81202],[98.5315,3.81112],[98.5306,3.81382]]],[[[98.51268,3.81651],[98.51178,3.81831],[98.51447,3.81831],[98.51357,3.81561],[98.50999,3.81471],[98.51268,3.81651]]],[[[98.44905,3.81827],[98.45264,3.81828],[98.45353,3.81918],[98.45353,3.81738],[98.44905,3.81827]]],[[[98.45532,3.82278],[98.4616,3.82008],[98.45533,3.81918],[98.45532,3.82278]],[[98.45712,3.82008],[98.45622,3.82098],[98.45622,3.82008],[98.45712,3.82008]]],[[[98.4383,3.82097],[98.43651,3.82367],[98.4374,3.82637],[98.44009,3.82277],[98.44009,3.81737],[98.43651,3.82007],[98.4383,3.82097]],[[98.4392,3.81917],[98.4383,3.82007],[98.4383,3.81917],[98.4392,3.81917]]],[[[98.5288,3.82372],[98.52791,3.82012],[98.52612,3.82012],[98.52611,3.82282],[98.5288,3.82372]]],[[[98.52343,3.82282],[98.52432,3.82822],[98.52522,3.82282],[98.52343,3.82282]]],[[[98.41139,3.85425],[98.41408,3.85155],[98.4105,3.85155],[98.41139,3.85425]]],[[[98.53058,3.85703],[98.53416,3.86063],[98.53506,3.85703],[98.53058,3.85703]]],[[[98.49562,3.87231],[98.49293,3.86961],[98.49114,3.8714],[98.49293,3.86331],[98.48846,3.8615],[98.48218,3.8633],[98.48307,3.8678],[98.48039,3.8678],[98.47859,3.8732],[98.48396,3.8804],[98.48844,3.8822],[98.4983,3.88131],[98.4983,3.88491],[98.50188,3.88581],[98.50098,3.89301],[98.50456,3.89842],[98.50457,3.89572],[98.50905,3.89302],[98.50905,3.89122],[98.50546,3.89122],[98.50726,3.89032],[98.50547,3.88221],[98.50278,3.88221],[98.50547,3.88041],[98.50368,3.87771],[98.50547,3.87501],[98.50279,3.87501],[98.50189,3.87141],[98.49562,3.87231]],[[98.50636,3.89392],[98.50546,3.89302],[98.50636,3.89302],[98.50636,3.89392]],[[98.50547,3.88761],[98.50457,3.88851],[98.50457,3.88761],[98.50547,3.88761]],[[98.50189,3.87411],[98.50099,3.87591],[98.50099,3.87411],[98.50189,3.87411]],[[98.50099,3.87591],[98.4992,3.87681],[98.4992,3.87591],[98.50099,3.87591]],[[98.50457,3.88401],[98.50367,3.88671],[98.50368,3.88401],[98.50457,3.88401]],[[98.50099,3.88041],[98.50009,3.88131],[98.50009,3.88041],[98.50099,3.88041]],[[98.49651,3.87861],[98.49561,3.87951],[98.49561,3.87861],[98.49651,3.87861]],[[98.50368,3.87861],[98.50278,3.87951],[98.50278,3.87861],[98.50368,3.87861]],[[98.48576,3.8741],[98.48666,3.8732],[98.48666,3.8741],[98.48576,3.8741]],[[98.48666,3.8732],[98.48755,3.8723],[98.48755,3.8732],[98.48666,3.8732]],[[98.48486,3.8723],[98.48397,3.8732],[98.48397,3.8723],[98.48486,3.8723]],[[98.48307,3.8705],[98.48218,3.8714],[98.48218,3.8705],[98.48307,3.8705]]],[[[98.51084,3.89662],[98.51263,3.89392],[98.50994,3.89212],[98.50905,3.89572],[98.51084,3.89662]]],[[[98.50546,3.89572],[98.50815,3.89662],[98.50725,3.89482],[98.50546,3.89572]]],[[[98.51263,3.90112],[98.51621,3.90022],[98.51263,3.89752],[98.51263,3.90112]]],[[[98.46064,3.91729],[98.45616,3.91639],[98.45705,3.92089],[98.46153,3.92269],[98.46243,3.91999],[98.45974,3.91999],[98.46064,3.91729]]],[[[98.43823,3.91998],[98.43554,3.92267],[98.43823,3.92358],[98.43823,3.91998]]],[[[98.43823,3.92628],[98.44002,3.92358],[98.43823,3.92358],[98.43823,3.92628]]],[[[98.46332,3.92269],[98.46153,3.92629],[98.45974,3.92539],[98.46064,3.92269],[98.45795,3.92449],[98.46063,3.92809],[98.46243,3.92719],[98.46242,3.93169],[98.46601,3.93259],[98.4678,3.929],[98.46332,3.92269]],[[98.46601,3.92989],[98.46422,3.93079],[98.46422,3.92989],[98.46601,3.92989]],[[98.46422,3.92629],[98.46332,3.92719],[98.46332,3.92629],[98.46422,3.92629]]],[[[98.4687,3.9299],[98.46959,3.9326],[98.47318,3.9326],[98.47139,3.929],[98.4687,3.9299]]],[[[98.466,3.938],[98.46511,3.93529],[98.46242,3.93529],[98.46332,3.93799],[98.466,3.938]]],[[[98.44539,3.93618],[98.44181,3.93438],[98.43732,3.94068],[98.44629,3.93978],[98.44539,3.93618]],[[98.4445,3.93708],[98.4436,3.93798],[98.4436,3.93708],[98.4445,3.93708]]],[[[98.44359,3.94428],[98.4409,3.95058],[98.44449,3.94968],[98.44628,3.95238],[98.44718,3.94698],[98.44359,3.94428]],[[98.44538,3.95058],[98.44628,3.94968],[98.44628,3.95058],[98.44538,3.95058]],[[98.44359,3.94788],[98.44449,3.94878],[98.44359,3.94878],[98.44359,3.94788]]],[[[98.44807,3.94878],[98.44807,3.95418],[98.44986,3.95509],[98.45165,3.95419],[98.45166,3.94789],[98.44807,3.94878]]],[[[98.44269,3.95418],[98.43642,3.95238],[98.43731,3.95418],[98.44269,3.95418]]],[[[98.43642,3.95328],[98.43373,3.95328],[98.43373,3.95508],[98.43552,3.95508],[98.43642,3.95328]]],[[[98.44269,3.95778],[98.44538,3.95778],[98.44538,3.95508],[98.4418,3.95508],[98.44269,3.95778]]],[[[98.57016,3.52851],[98.57375,3.52941],[98.57643,3.53211],[98.57464,3.52761],[98.57016,3.52851]]],[[[98.58359,3.54022],[98.5818,3.54112],[98.58359,3.54202],[98.58359,3.54022]]],[[[98.58538,3.54562],[98.58628,3.54292],[98.58359,3.54202],[98.5827,3.54562],[98.58538,3.54562]]],[[[98.59344,3.56003],[98.58986,3.55282],[98.58717,3.55462],[98.58896,3.56092],[98.59344,3.56003]],[[98.59165,3.55732],[98.59075,3.56002],[98.59075,3.55732],[98.59165,3.55732]]],[[[98.58268,3.57622],[98.58,3.57442],[98.5782,3.57982],[98.58089,3.58342],[98.58358,3.58072],[98.58089,3.57712],[98.58268,3.57622]]],[[[98.54056,3.61851],[98.54056,3.61671],[98.54324,3.61851],[98.54325,3.61581],[98.54593,3.61491],[98.53877,3.61311],[98.53697,3.6167],[98.54056,3.61851]],[[98.53877,3.61401],[98.53966,3.61491],[98.53877,3.61491],[98.53877,3.61401]],[[98.53966,3.61491],[98.54056,3.61581],[98.53966,3.61581],[98.53966,3.61491]]],[[[98.55399,3.62571],[98.54862,3.62661],[98.55041,3.62121],[98.54593,3.61941],[98.54503,3.63111],[98.54682,3.62841],[98.54951,3.63111],[98.55399,3.62931],[98.55399,3.62571]]],[[[98.53876,3.62481],[98.53607,3.62841],[98.53876,3.62931],[98.53876,3.62481]]],[[[98.5504,3.63291],[98.54682,3.63111],[98.54592,3.63291],[98.5504,3.63291]]],[[[98.55309,3.63832],[98.55488,3.64372],[98.55936,3.64372],[98.55847,3.63742],[98.55309,3.63832]],[[98.55488,3.64282],[98.55667,3.64012],[98.55667,3.64282],[98.55488,3.64282]],[[98.55578,3.64012],[98.55488,3.63922],[98.55578,3.63922],[98.55578,3.64012]]],[[[98.55936,3.64462],[98.55846,3.64642],[98.56115,3.64732],[98.56652,3.64552],[98.55936,3.64462]],[[98.56294,3.64552],[98.56204,3.64642],[98.56204,3.64552],[98.56294,3.64552]]],[[[98.54857,3.72112],[98.55126,3.72202],[98.54946,3.72382],[98.55484,3.72383],[98.55663,3.71843],[98.54947,3.71842],[98.54857,3.72112]]],[[[98.5871,3.72204],[98.5853,3.72114],[98.58709,3.72384],[98.5871,3.72204]]],[[[98.55753,3.72563],[98.55394,3.72923],[98.56021,3.72923],[98.55753,3.72563]]],[[[98.56649,3.72653],[98.56738,3.72203],[98.56201,3.72023],[98.56021,3.73193],[98.56379,3.73733],[98.56558,3.73733],[98.56469,3.73373],[98.56648,3.73373],[98.56648,3.72833],[98.56828,3.72743],[98.56649,3.72653]],[[98.5629,3.73013],[98.562,3.73103],[98.562,3.73013],[98.5629,3.73013]]],[[[98.58262,3.72204],[98.57903,3.72024],[98.57993,3.72294],[98.58172,3.72294],[98.57903,3.72744],[98.57992,3.73104],[98.57634,3.72924],[98.57455,3.73464],[98.5835,3.73734],[98.58351,3.73284],[98.58171,3.73284],[98.58351,3.73014],[98.58262,3.72204]],[[98.58171,3.73284],[98.58082,3.73374],[98.58082,3.73284],[98.58171,3.73284]]],[[[98.59247,3.72834],[98.58799,3.72924],[98.59247,3.72474],[98.58978,3.72204],[98.5853,3.72564],[98.58709,3.72834],[98.5844,3.72834],[98.5844,3.73554],[98.58709,3.73914],[98.58709,3.74274],[98.5853,3.73914],[98.57992,3.74094],[98.57992,3.73914],[98.57813,3.74004],[98.57006,3.73913],[98.57634,3.73914],[98.57634,3.73734],[98.57365,3.73554],[98.57186,3.72923],[98.56738,3.72923],[98.56648,3.73733],[98.56379,3.74273],[98.56917,3.74273],[98.56737,3.74813],[98.57185,3.75624],[98.58439,3.75444],[98.5835,3.75174],[98.57543,3.75084],[98.57543,3.75354],[98.57274,3.75444],[98.57364,3.74904],[98.57633,3.74994],[98.57812,3.74454],[98.58081,3.74814],[98.58081,3.74274],[98.5835,3.74814],[98.58798,3.74904],[98.59246,3.74455],[98.58888,3.74094],[98.58978,3.73374],[98.59515,3.73195],[98.59247,3.72834]],[[98.57364,3.74904],[98.57185,3.74724],[98.57454,3.74724],[98.57364,3.74904]],[[98.57902,3.74454],[98.57992,3.74364],[98.57992,3.74454],[98.57902,3.74454]],[[98.58888,3.73824],[98.58798,3.73914],[98.58798,3.73824],[98.58888,3.73824]],[[98.58888,3.73734],[98.58709,3.73644],[98.58888,3.73554],[98.58888,3.73734]],[[98.58529,3.74634],[98.58619,3.74724],[98.58529,3.74724],[98.58529,3.74634]],[[98.58798,3.74274],[98.58888,3.74364],[98.58798,3.74364],[98.58798,3.74274]],[[98.56917,3.74093],[98.57096,3.74274],[98.57006,3.74273],[98.56917,3.74093]],[[98.56648,3.74003],[98.56827,3.74093],[98.56648,3.74093],[98.56648,3.74003]],[[98.56917,3.73823],[98.56827,3.73913],[98.56827,3.73823],[98.56917,3.73823]],[[98.56827,3.73823],[98.56738,3.73733],[98.56827,3.73733],[98.56827,3.73823]],[[98.58619,3.73104],[98.58799,3.73194],[98.58619,3.73194],[98.58619,3.73104]],[[98.59068,3.73014],[98.59157,3.73194],[98.59067,3.73194],[98.59068,3.73014]]],[[[98.54318,3.73732],[98.54497,3.74002],[98.54856,3.74452],[98.54946,3.73642],[98.54856,3.73912],[98.54318,3.73732]]],[[[98.562,3.74273],[98.56289,3.74093],[98.55662,3.73913],[98.55752,3.74273],[98.55483,3.74273],[98.55483,3.74543],[98.55931,3.74183],[98.562,3.74273]]],[[[98.55304,3.74273],[98.54945,3.74362],[98.54766,3.74902],[98.54945,3.75083],[98.55303,3.74903],[98.55304,3.74273]]],[[[98.5611,3.74723],[98.56379,3.74813],[98.56379,3.74543],[98.55931,3.74633],[98.55752,3.74453],[98.55483,3.74633],[98.55841,3.74993],[98.5611,3.74723]],[[98.55931,3.74633],[98.55841,3.74723],[98.55841,3.74633],[98.55931,3.74633]]],[[[98.5602,3.75173],[98.54855,3.75263],[98.54587,3.74992],[98.53959,3.75082],[98.54318,3.75262],[98.54228,3.75532],[98.54407,3.75622],[98.54766,3.75262],[98.54855,3.75533],[98.54945,3.75353],[98.55213,3.75623],[98.55662,3.75443],[98.55841,3.75713],[98.5602,3.75173]],[[98.54497,3.75172],[98.54407,3.75352],[98.54407,3.75172],[98.54497,3.75172]]],[[[98.57812,3.76164],[98.57901,3.75894],[98.57722,3.75804],[98.57184,3.76164],[98.57184,3.76524],[98.57543,3.76434],[98.57543,3.76074],[98.57812,3.76164]]],[[[98.54317,3.76342],[98.54048,3.76702],[98.53959,3.76432],[98.53779,3.76522],[98.53511,3.76432],[98.53421,3.76882],[98.53869,3.76702],[98.53958,3.76972],[98.54227,3.76972],[98.54138,3.76702],[98.54765,3.76703],[98.54586,3.75982],[98.53959,3.76252],[98.54317,3.76342]],[[98.54496,3.76162],[98.54407,3.76252],[98.54407,3.76162],[98.54496,3.76162]]],[[[98.5817,3.77064],[98.58349,3.76344],[98.57812,3.76344],[98.57811,3.77064],[98.57453,3.77244],[98.58438,3.77155],[98.5817,3.77064]]],[[[98.56378,3.76793],[98.56198,3.76973],[98.56378,3.76973],[98.56378,3.76793]]],[[[98.58797,3.77245],[98.58976,3.76795],[98.58528,3.76795],[98.58528,3.77155],[98.58797,3.77245]]],[[[98.57453,3.77064],[98.56288,3.77153],[98.56109,3.76973],[98.56109,3.76793],[98.5584,3.76883],[98.56019,3.77333],[98.56377,3.77244],[98.56198,3.77513],[98.56646,3.77784],[98.56825,3.77424],[98.57363,3.77334],[98.57453,3.77064]],[[98.56467,3.77424],[98.56646,3.77244],[98.56825,3.77334],[98.56825,3.77424],[98.56467,3.77424]]],[[[98.57542,3.77604],[98.57184,3.77424],[98.57184,3.77604],[98.57542,3.77604]]],[[[98.57184,3.77694],[98.57363,3.77964],[98.57542,3.77964],[98.57542,3.77694],[98.57184,3.77694]]],[[[98.57004,3.78234],[98.56736,3.77964],[98.56735,3.78324],[98.57004,3.78234]]],[[[98.56735,3.78684],[98.56914,3.78504],[98.56915,3.78324],[98.56735,3.78414],[98.56735,3.78684]]],[[[98.57183,3.78414],[98.56825,3.78774],[98.56914,3.78954],[98.57183,3.78774],[98.57183,3.78414]]],[[[98.57452,3.78504],[98.57362,3.79044],[98.57721,3.79134],[98.5799,3.78684],[98.57452,3.78504]]],[[[98.56197,3.79404],[98.56466,3.78774],[98.56198,3.78684],[98.56197,3.78954],[98.55929,3.79043],[98.55749,3.78863],[98.56018,3.78863],[98.56467,3.78144],[98.55839,3.77963],[98.55839,3.78413],[98.55481,3.78503],[98.55123,3.78143],[98.55212,3.77603],[98.54944,3.77693],[98.55033,3.78953],[98.55301,3.79043],[98.54943,3.79313],[98.55391,3.79583],[98.55122,3.79673],[98.55301,3.80033],[98.55391,3.79763],[98.55659,3.79763],[98.55838,3.80214],[98.56107,3.80124],[98.56376,3.80394],[98.56197,3.79404]],[[98.56286,3.80034],[98.56197,3.80124],[98.56197,3.80034],[98.56286,3.80034]],[[98.56018,3.79854],[98.55928,3.79944],[98.55928,3.79854],[98.56018,3.79854]],[[98.55839,3.78683],[98.55749,3.78773],[98.55749,3.78683],[98.55839,3.78683]],[[98.55929,3.78503],[98.55839,3.78593],[98.55839,3.78503],[98.55929,3.78503]]],[[[98.53241,3.78142],[98.52882,3.78052],[98.52972,3.78322],[98.52434,3.78232],[98.52434,3.78412],[98.52703,3.78412],[98.52882,3.78952],[98.52972,3.78772],[98.5333,3.78952],[98.5333,3.79312],[98.52971,3.79582],[98.5315,3.79762],[98.53509,3.79762],[98.53329,3.80392],[98.53598,3.80122],[98.53508,3.80482],[98.53688,3.80572],[98.54046,3.80303],[98.54315,3.80663],[98.54584,3.80483],[98.54763,3.80753],[98.55121,3.80663],[98.55032,3.80123],[98.54673,3.80303],[98.54225,3.80123],[98.54226,3.79673],[98.54584,3.79673],[98.54584,3.79403],[98.54226,3.79403],[98.54136,3.79853],[98.53867,3.79942],[98.53419,3.79312],[98.53509,3.78682],[98.53778,3.78862],[98.53957,3.78592],[98.53957,3.78772],[98.54584,3.78953],[98.54405,3.78863],[98.54585,3.78593],[98.54316,3.78503],[98.54495,3.78143],[98.54227,3.78052],[98.54495,3.77873],[98.54316,3.77422],[98.54048,3.77422],[98.53958,3.77782],[98.53779,3.77602],[98.53958,3.77422],[98.53689,3.77332],[98.53151,3.77872],[98.53241,3.78142]],[[98.54405,3.80303],[98.54315,3.80393],[98.54315,3.80303],[98.54405,3.80303]],[[98.54405,3.80393],[98.54494,3.80483],[98.54404,3.80483],[98.54405,3.80393]],[[98.53509,3.79492],[98.53419,3.79582],[98.53419,3.79492],[98.53509,3.79492]],[[98.54316,3.78413],[98.54226,3.78323],[98.54316,3.78323],[98.54316,3.78413]],[[98.54047,3.77782],[98.54137,3.77872],[98.54047,3.77872],[98.54047,3.77782]],[[98.53868,3.77692],[98.53779,3.77782],[98.53779,3.77692],[98.53868,3.77692]],[[98.5351,3.77782],[98.54047,3.77962],[98.54047,3.78232],[98.5342,3.77962],[98.5351,3.77782]],[[98.53778,3.78142],[98.53689,3.78232],[98.53689,3.78142],[98.53778,3.78142]],[[98.536,3.77512],[98.53689,3.77602],[98.536,3.77602],[98.536,3.77512]],[[98.54225,3.80213],[98.54136,3.80303],[98.54136,3.80213],[98.54225,3.80213]],[[98.54136,3.80213],[98.53957,3.80123],[98.54136,3.80123],[98.54136,3.80213]],[[98.5324,3.79492],[98.5333,3.79672],[98.5324,3.79672],[98.5324,3.79492]],[[98.53868,3.78322],[98.53958,3.78412],[98.53868,3.78412],[98.53868,3.78322]]],[[[98.56824,3.79584],[98.56914,3.79044],[98.56466,3.79134],[98.56645,3.79494],[98.56824,3.79584]],[[98.56824,3.79224],[98.56735,3.79314],[98.56735,3.79224],[98.56824,3.79224]]],[[[98.54584,3.80213],[98.54763,3.79943],[98.54494,3.79943],[98.54584,3.80213]]],[[[98.53956,3.80753],[98.53508,3.80482],[98.5315,3.80662],[98.53777,3.81113],[98.54046,3.81023],[98.53956,3.80753]]],[[[98.54225,3.80753],[98.54225,3.81023],[98.54852,3.81023],[98.54673,3.80753],[98.54225,3.80753]]],[[[98.55838,3.80844],[98.56555,3.81024],[98.56644,3.81204],[98.56644,3.80934],[98.55838,3.80844]]],[[[98.54942,3.81653],[98.55121,3.81203],[98.55031,3.81203],[98.54942,3.81653]]],[[[98.56555,3.81564],[98.55838,3.81294],[98.56375,3.81744],[98.57092,3.81834],[98.56913,3.81474],[98.56555,3.81564]],[[98.56734,3.81564],[98.56823,3.81654],[98.56734,3.81654],[98.56734,3.81564]]],[[[98.56554,3.82284],[98.56375,3.82194],[98.56554,3.82464],[98.56554,3.82284]]],[[[98.55658,3.82194],[98.5521,3.82553],[98.55658,3.82554],[98.55658,3.82194]]],[[[98.54762,3.82553],[98.5503,3.82913],[98.5512,3.82463],[98.54762,3.82553]]],[[[98.56016,3.82914],[98.56195,3.83004],[98.56554,3.83004],[98.56464,3.82824],[98.56016,3.82914]]],[[[98.54582,3.83003],[98.54224,3.83273],[98.54045,3.83183],[98.54134,3.83543],[98.54493,3.83363],[98.54582,3.83003]]],[[[98.58077,3.83905],[98.57718,3.83545],[98.57718,3.83905],[98.58077,3.83905]]],[[[98.55388,3.83724],[98.55388,3.84084],[98.55657,3.83994],[98.55388,3.83724]]],[[[98.58077,3.83905],[98.58345,3.84535],[98.58345,3.84085],[98.58614,3.84085],[98.58346,3.83635],[98.58256,3.83815],[98.58166,3.83905],[98.58077,3.83905]],[[98.58256,3.83815],[98.58435,3.83905],[98.58256,3.83905],[98.58256,3.83815]]],[[[98.5727,3.83815],[98.56732,3.84084],[98.57091,3.84355],[98.5736,3.83995],[98.5727,3.83815]]],[[[98.5485,3.84623],[98.55567,3.84804],[98.55926,3.84084],[98.55657,3.84354],[98.55388,3.84174],[98.55298,3.84444],[98.5494,3.84354],[98.5485,3.84623]],[[98.55298,3.84444],[98.55478,3.84534],[98.55298,3.84534],[98.55298,3.84444]]],[[[98.57718,3.84625],[98.57897,3.84445],[98.57897,3.84265],[98.57628,3.84355],[98.57718,3.84625]]],[[[98.56463,3.84534],[98.56553,3.84894],[98.56911,3.84715],[98.56643,3.84714],[98.56463,3.84534]]],[[[98.58435,3.84625],[98.57718,3.84715],[98.57539,3.84535],[98.57539,3.84805],[98.58166,3.84985],[98.58435,3.84625]]],[[[98.54761,3.84713],[98.54671,3.84443],[98.54223,3.84443],[98.54313,3.84713],[98.53865,3.84623],[98.53864,3.85073],[98.54402,3.84803],[98.54402,3.85253],[98.54671,3.85253],[98.5485,3.85074],[98.54581,3.84713],[98.54761,3.84713]],[[98.54581,3.84893],[98.54492,3.84983],[98.54492,3.84893],[98.54581,3.84893]]],[[[98.55388,3.85074],[98.55477,3.85344],[98.55836,3.85254],[98.55657,3.84984],[98.55388,3.85074]]],[[[98.5709,3.84895],[98.56822,3.85165],[98.57359,3.85435],[98.57539,3.84985],[98.5709,3.84895]],[[98.5718,3.85075],[98.5709,3.85165],[98.5709,3.85075],[98.5718,3.85075]]],[[[98.54402,3.85253],[98.54223,3.85433],[98.54402,3.85433],[98.54402,3.85253]]],[[[98.56642,3.85615],[98.56731,3.86065],[98.57,3.86155],[98.5709,3.85975],[98.56642,3.85615]]],[[[98.56373,3.86514],[98.56194,3.85254],[98.55836,3.85254],[98.56015,3.85704],[98.55656,3.86244],[98.56014,3.86424],[98.56014,3.86694],[98.56373,3.86514]]],[[[98.53864,3.86063],[98.53685,3.85793],[98.53595,3.85973],[98.53864,3.86063]]],[[[98.57448,3.86155],[98.5709,3.86065],[98.57,3.86425],[98.56463,3.86154],[98.56373,3.86604],[98.56731,3.86605],[98.57089,3.86965],[98.5709,3.86425],[98.57359,3.86425],[98.57448,3.86155]]],[[[98.73536,1.79672],[98.73715,1.79402],[98.73268,1.79402],[98.73447,1.79672],[98.73536,1.79672]]],[[[98.73178,1.79762],[98.73447,1.79672],[98.73178,1.79582],[98.73178,1.79762]]],[[[98.70936,2.13607],[98.70668,2.13517],[98.70846,2.14057],[98.70936,2.14057],[98.70936,2.13607]]],[[[98.75945,2.23959],[98.76213,2.23959],[98.76213,2.23599],[98.75855,2.23689],[98.75945,2.23959]]],[[[98.75766,2.23959],[98.75855,2.24229],[98.75855,2.23959],[98.75766,2.23959]]],[[[98.7505,2.24769],[98.74871,2.24499],[98.7496,2.24769],[98.7505,2.24769]]],[[[98.72187,2.24949],[98.72008,2.25219],[98.72186,2.25309],[98.72187,2.24949]]],[[[98.71829,2.24949],[98.71829,2.25309],[98.7165,2.25579],[98.72007,2.25399],[98.71829,2.24949]]],[[[98.75318,2.263],[98.75408,2.2657],[98.75765,2.2666],[98.75497,2.2621],[98.75318,2.263]]],[[[98.73439,2.26749],[98.73618,2.26479],[98.7335,2.26299],[98.7326,2.26839],[98.73439,2.26749]],[[98.73528,2.26479],[98.73439,2.26569],[98.73439,2.26479],[98.73528,2.26479]]],[[[98.74781,2.2702],[98.75139,2.2747],[98.75139,2.272],[98.74781,2.2702]]],[[[98.74781,2.2774],[98.75049,2.2783],[98.75139,2.2774],[98.75318,2.2792],[98.75139,2.2801],[98.75407,2.2801],[98.75139,2.2756],[98.74781,2.2774]]],[[[98.69501,2.28549],[98.6968,2.28369],[98.69322,2.28279],[98.69322,2.28459],[98.69501,2.28369],[98.69501,2.28549]]],[[[98.6968,2.28099],[98.6977,2.28639],[98.69949,2.28729],[98.70128,2.28369],[98.6968,2.28099]]],[[[98.75407,2.2837],[98.75497,2.281],[98.74691,2.2819],[98.74691,2.2891],[98.75139,2.2882],[98.75139,2.2837],[98.75407,2.2837]]],[[[98.73348,2.34491],[98.73438,2.3422],[98.73259,2.3422],[98.73169,2.344],[98.73348,2.34491]]],[[[98.73348,2.34761],[98.73616,2.34491],[98.73438,2.34401],[98.73348,2.34761]]],[[[98.72453,2.3503],[98.72542,2.3512],[98.72543,2.3476],[98.72453,2.3503]]],[[[98.72632,2.353],[98.72721,2.3512],[98.72453,2.353],[98.72632,2.353]]],[[[98.72449,2.54653],[98.72539,2.54473],[98.7227,2.54383],[98.72181,2.54563],[98.72449,2.54653]]],[[[98.74663,3.53488],[98.75022,3.53848],[98.74932,3.54118],[98.75111,3.54118],[98.75022,3.53578],[98.74663,3.53488]]],[[[98.75917,3.55288],[98.75738,3.55108],[98.75469,3.55108],[98.75559,3.55378],[98.75917,3.55288]]],[[[98.60061,3.55913],[98.59971,3.55013],[98.59524,3.55013],[98.59255,3.55372],[98.59613,3.55733],[98.59523,3.56003],[98.59792,3.55913],[98.59792,3.55643],[98.60061,3.55913]]],[[[98.75827,3.55828],[98.75469,3.55558],[98.7538,3.55828],[98.75827,3.55828]]],[[[98.60329,3.57713],[98.59791,3.57173],[98.59881,3.56543],[98.59792,3.56903],[98.59433,3.56993],[98.59344,3.56723],[98.59164,3.56813],[98.59254,3.56183],[98.58717,3.56272],[98.58627,3.56542],[98.58985,3.56722],[98.58717,3.56812],[98.58896,3.57262],[98.59254,3.57353],[98.59343,3.57173],[98.59343,3.57353],[98.60329,3.57713]],[[98.58806,3.56542],[98.58896,3.56452],[98.58896,3.56542],[98.58806,3.56542]],[[98.59702,3.57443],[98.59791,3.57353],[98.59791,3.57443],[98.59702,3.57443]],[[98.58985,3.56993],[98.59075,3.57083],[98.58985,3.57083],[98.58985,3.56993]]],[[[98.72153,3.61048],[98.71884,3.61318],[98.72153,3.61318],[98.72153,3.61048]]],[[[98.72599,3.68069],[98.7233,3.67889],[98.7242,3.67619],[98.72061,3.67799],[98.72061,3.68789],[98.72151,3.68519],[98.72598,3.68879],[98.72867,3.68789],[98.72867,3.68609],[98.72509,3.68609],[98.72599,3.68069]],[[98.7224,3.68339],[98.7233,3.68429],[98.7224,3.68429],[98.7224,3.68339]]],[[[98.71971,3.69059],[98.7215,3.68879],[98.71971,3.68879],[98.71971,3.69059]]],[[[98.7224,3.69149],[98.72419,3.68879],[98.7233,3.68879],[98.7224,3.69149]]],[[[98.73763,3.69059],[98.73584,3.69149],[98.73584,3.69419],[98.73673,3.69419],[98.73763,3.69059]]],[[[98.73763,3.6942],[98.73673,3.6969],[98.73942,3.6942],[98.74121,3.6951],[98.74121,3.6933],[98.73763,3.6942]]],[[[98.71164,3.70319],[98.71433,3.70049],[98.71433,3.69869],[98.70985,3.70049],[98.71164,3.70319]]],[[[98.75017,3.7149],[98.75107,3.7068],[98.75376,3.7059],[98.75465,3.7086],[98.75734,3.7086],[98.76451,3.7023],[98.76451,3.6969],[98.75824,3.6942],[98.75824,3.6915],[98.76093,3.6924],[98.75914,3.6861],[98.75555,3.6897],[98.75734,3.6915],[98.75286,3.6915],[98.75376,3.6933],[98.74928,3.6915],[98.74749,3.6933],[98.74928,3.6951],[98.74301,3.6978],[98.7439,3.7059],[98.74211,3.7095],[98.74569,3.7086],[98.7448,3.7059],[98.74659,3.705],[98.74659,3.7104],[98.74838,3.7095],[98.74569,3.7176],[98.75017,3.7149]],[[98.75107,3.7068],[98.75017,3.7059],[98.75107,3.7059],[98.75107,3.7068]],[[98.75914,3.6888],[98.75824,3.6906],[98.75824,3.6888],[98.75914,3.6888]],[[98.74749,3.696],[98.74838,3.6969],[98.74749,3.6969],[98.74749,3.696]],[[98.74838,3.7095],[98.74927,3.7086],[98.74927,3.7095],[98.74838,3.7095]],[[98.75734,3.7041],[98.75555,3.705],[98.75555,3.7041],[98.75734,3.7041]],[[98.76003,3.7032],[98.75913,3.705],[98.75913,3.7032],[98.76003,3.7032]],[[98.74928,3.7041],[98.74659,3.7032],[98.74659,3.7014],[98.74928,3.7041]],[[98.75286,3.7032],[98.75196,3.7041],[98.75196,3.7032],[98.75286,3.7032]],[[98.75376,3.7005],[98.75196,3.7014],[98.75196,3.6996],[98.75376,3.7005]],[[98.75734,3.7005],[98.75555,3.7014],[98.75555,3.7005],[98.75734,3.7005]],[[98.74659,3.7005],[98.7448,3.6996],[98.74659,3.6996],[98.74659,3.7005]],[[98.7448,3.6996],[98.7439,3.6987],[98.7448,3.6987],[98.7448,3.6996]],[[98.75734,3.6987],[98.75555,3.6996],[98.75555,3.6987],[98.75734,3.6987]],[[98.75286,3.6987],[98.75197,3.6969],[98.75286,3.6942],[98.75286,3.6987]],[[98.75913,3.6969],[98.75824,3.6978],[98.75824,3.6969],[98.75913,3.6969]],[[98.75555,3.6933],[98.75465,3.6951],[98.75465,3.6933],[98.75555,3.6933]]],[[[98.70806,3.70499],[98.71254,3.70499],[98.71254,3.70319],[98.70806,3.70499]]],[[[98.74121,3.7122],[98.74121,3.7032],[98.73852,3.7059],[98.73584,3.7041],[98.74211,3.6987],[98.73763,3.6978],[98.73494,3.705],[98.73136,3.70589],[98.73404,3.7077],[98.73225,3.7131],[98.73494,3.7149],[98.73673,3.7068],[98.73942,3.7086],[98.73673,3.7113],[98.74121,3.7122]],[[98.73942,3.7086],[98.74031,3.7095],[98.73942,3.7095],[98.73942,3.7086]]],[[[98.71343,3.70949],[98.71344,3.70679],[98.71254,3.70949],[98.71343,3.70949]]],[[[98.71343,3.71129],[98.70806,3.70769],[98.70627,3.70769],[98.70627,3.71039],[98.70895,3.71039],[98.71075,3.71399],[98.71433,3.71309],[98.71523,3.71039],[98.71343,3.71129]],[[98.70985,3.71129],[98.71075,3.71039],[98.71075,3.71129],[98.70985,3.71129]]],[[[98.74659,3.7131],[98.743,3.714],[98.74658,3.714],[98.74659,3.7131]]],[[[98.70806,3.71399],[98.70985,3.71759],[98.71164,3.71849],[98.71164,3.71579],[98.70806,3.71399]]],[[[98.75285,3.74011],[98.75016,3.7374],[98.75016,3.7401],[98.75285,3.74011]]],[[[98.68027,3.74008],[98.68027,3.74278],[98.68475,3.74188],[98.68296,3.74008],[98.68027,3.74008]]],[[[98.61036,3.78776],[98.61305,3.78866],[98.61215,3.78686],[98.61036,3.78776]]],[[[98.60857,3.79136],[98.61126,3.79046],[98.60946,3.78956],[98.60857,3.79136]]],[[[98.61574,3.79046],[98.61663,3.79586],[98.61753,3.79586],[98.61932,3.79136],[98.61574,3.79046]]],[[[98.62111,3.79136],[98.61932,3.79496],[98.6238,3.79407],[98.6238,3.79857],[98.62559,3.79857],[98.62559,3.79227],[98.62111,3.79136]]],[[[98.6238,3.80217],[98.62469,3.79947],[98.62111,3.79947],[98.622,3.80217],[98.6238,3.80217]],[[98.6238,3.80127],[98.6229,3.80037],[98.6238,3.80037],[98.6238,3.80127]]],[[[98.59871,3.80396],[98.59692,3.79855],[98.59602,3.79855],[98.59691,3.80215],[98.59602,3.80305],[98.59871,3.80396]]],[[[98.59333,3.80395],[98.59602,3.80125],[98.59423,3.80035],[98.59333,3.80395]]],[[[98.62469,3.80217],[98.62469,3.80577],[98.63007,3.80487],[98.62559,3.80127],[98.62469,3.80217]]],[[[98.60498,3.80486],[98.60677,3.80036],[98.6005,3.80126],[98.60229,3.80306],[98.60139,3.80756],[98.60498,3.80486]],[[98.60319,3.80576],[98.60229,3.80486],[98.60319,3.80486],[98.60319,3.80576]],[[98.60319,3.80306],[98.60498,3.80396],[98.60319,3.80396],[98.60319,3.80306]]],[[[98.59781,3.80666],[98.5996,3.80486],[98.59691,3.80485],[98.59781,3.80666]]],[[[98.61035,3.80846],[98.61215,3.80486],[98.61483,3.80576],[98.61304,3.80126],[98.61125,3.80486],[98.61036,3.80126],[98.60767,3.80396],[98.60945,3.81206],[98.61214,3.81206],[98.61035,3.80846]]],[[[98.60498,3.80666],[98.60497,3.81206],[98.60766,3.81026],[98.60766,3.80756],[98.60498,3.80666]]],[[[98.61842,3.81117],[98.61841,3.81567],[98.62021,3.81567],[98.6211,3.81117],[98.61842,3.81117]]],[[[98.5969,3.82286],[98.59422,3.82106],[98.59511,3.82556],[98.59601,3.82556],[98.5969,3.82286]]],[[[98.63992,3.82648],[98.6426,3.82738],[98.6426,3.83008],[98.64439,3.83008],[98.6444,3.82468],[98.63992,3.82648]]],[[[98.63364,3.82467],[98.63185,3.82827],[98.63364,3.83007],[98.63902,3.82828],[98.63454,3.82737],[98.63364,3.82467]],[[98.63275,3.82647],[98.63364,3.82737],[98.63275,3.82737],[98.63275,3.82647]]],[[[98.62558,3.82647],[98.62647,3.82827],[98.62379,3.82827],[98.62468,3.82647],[98.62199,3.82557],[98.62199,3.83007],[98.62468,3.82917],[98.62737,3.83367],[98.62916,3.82467],[98.62558,3.82647]]],[[[98.65425,3.83188],[98.65694,3.83008],[98.65784,3.82828],[98.65425,3.82828],[98.65425,3.83188]]],[[[98.65425,3.83548],[98.65246,3.83368],[98.65246,3.83548],[98.65425,3.83548]]],[[[98.61303,3.83367],[98.61034,3.83546],[98.61482,3.83727],[98.61303,3.83367]]],[[[98.64977,3.84268],[98.65425,3.83908],[98.65425,3.84088],[98.65604,3.84088],[98.65514,3.84358],[98.65693,3.84359],[98.65783,3.83909],[98.66052,3.83999],[98.66142,3.83819],[98.65604,3.83818],[98.65783,3.83728],[98.65694,3.83458],[98.65246,3.83638],[98.64977,3.83188],[98.64708,3.83188],[98.64977,3.83818],[98.64529,3.84088],[98.64977,3.84268]],[[98.64977,3.83818],[98.65156,3.83908],[98.64977,3.83908],[98.64977,3.83818]],[[98.64887,3.83998],[98.65066,3.84088],[98.64887,3.84088],[98.64887,3.83998]],[[98.65604,3.83908],[98.65514,3.83998],[98.65514,3.83908],[98.65604,3.83908]]],[[[98.63543,3.83458],[98.63453,3.84178],[98.63543,3.84178],[98.63543,3.83458]]],[[[98.67307,3.83729],[98.67307,3.83549],[98.66948,3.83459],[98.66948,3.84269],[98.67486,3.84269],[98.67038,3.84179],[98.67038,3.83639],[98.67307,3.83729]]],[[[98.65514,3.84268],[98.65425,3.84088],[98.65246,3.84088],[98.65514,3.84268]]],[[[98.63991,3.84538],[98.63812,3.84268],[98.63812,3.84448],[98.63991,3.84538]]],[[[98.65783,3.84899],[98.65873,3.84359],[98.65693,3.84359],[98.65604,3.84899],[98.65783,3.84899]]],[[[98.66679,3.84089],[98.66321,3.84719],[98.66589,3.85169],[98.66679,3.84089]]],[[[98.6426,3.84718],[98.63632,3.84448],[98.63901,3.84898],[98.6426,3.84718]]],[[[98.64976,3.84898],[98.65245,3.84988],[98.65335,3.85348],[98.65424,3.84808],[98.64976,3.84898]]],[[[98.6641,3.85979],[98.66858,3.86159],[98.66679,3.86069],[98.66858,3.85709],[98.67127,3.85799],[98.66947,3.86159],[98.67216,3.86249],[98.67306,3.85709],[98.67844,3.8598],[98.68112,3.8598],[98.68113,3.8571],[98.665,3.85259],[98.6641,3.85979]],[[98.66948,3.85439],[98.66858,3.85619],[98.66858,3.85439],[98.66948,3.85439]],[[98.67216,3.85619],[98.67127,3.85709],[98.67127,3.85619],[98.67216,3.85619]]],[[[98.65872,3.85799],[98.65962,3.86069],[98.6632,3.86069],[98.66141,3.85799],[98.65872,3.85799]]],[[[98.67575,3.8652],[98.67754,3.8634],[98.67664,3.8616],[98.67485,3.86249],[98.67575,3.8652]]],[[[98.83021,1.46818],[98.83111,1.47088],[98.83379,1.46908],[98.8329,1.46638],[98.83021,1.46818]]],[[[98.83647,1.55909],[98.83736,1.56269],[98.83915,1.56269],[98.83647,1.55909]]],[[[98.84541,1.56179],[98.84362,1.56449],[98.84004,1.56449],[98.84809,1.56629],[98.84899,1.56449],[98.84541,1.56179]]],[[[98.8311,1.6059],[98.83378,1.6077],[98.83557,1.6041],[98.83288,1.6041],[98.8311,1.6059]]],[[[98.85435,1.6086],[98.84988,1.6086],[98.85346,1.6131],[98.85525,1.6122],[98.85435,1.6086]]],[[[98.85703,1.69052],[98.85077,1.68872],[98.84987,1.69232],[98.85614,1.69232],[98.85703,1.69052]]],[[[98.84451,1.69232],[98.8454,1.69862],[98.84629,1.69862],[98.84719,1.69592],[98.84451,1.69232]]],[[[98.8185,2.32242],[98.81492,2.31881],[98.82029,2.32602],[98.82029,2.32152],[98.8185,2.32242]]],[[[98.85146,3.42238],[98.84967,3.42418],[98.85146,3.42418],[98.85146,3.42238]]],[[[98.85236,3.42599],[98.85325,3.42418],[98.85146,3.42418],[98.85236,3.42599]]],[[[98.81204,3.48179],[98.81294,3.48449],[98.81562,3.48539],[98.81562,3.48179],[98.81204,3.48179]]],[[[98.81652,3.48989],[98.81921,3.48899],[98.81562,3.48719],[98.81652,3.48989]]],[[[98.82189,3.49529],[98.82189,3.49259],[98.81831,3.49079],[98.81831,3.49439],[98.82637,3.50069],[98.82458,3.49439],[98.82189,3.49529]]],[[[98.85234,3.5196],[98.85682,3.5133],[98.85145,3.5124],[98.84966,3.5106],[98.84607,3.5133],[98.84787,3.5106],[98.84608,3.5061],[98.84428,3.5133],[98.84787,3.5196],[98.85234,3.5196]]],[[[98.84518,3.5223],[98.84787,3.5205],[98.84249,3.5214],[98.84249,3.525],[98.84518,3.5232],[98.84607,3.525],[98.84428,3.5286],[98.84607,3.5286],[98.84697,3.5241],[98.84518,3.5223]]],[[[98.82726,3.5358],[98.82099,3.53219],[98.82278,3.5358],[98.82726,3.5358]]],[[[98.8407,3.5349],[98.84338,3.5358],[98.84518,3.534],[98.84249,3.5331],[98.8407,3.5349]]],[[[98.8407,3.5394],[98.84249,3.5367],[98.83801,3.5358],[98.83801,3.5376],[98.8407,3.5394]]],[[[98.84965,3.5403],[98.84876,3.5367],[98.84517,3.5367],[98.84965,3.5403]]],[[[98.84607,3.5421],[98.84428,3.5385],[98.84338,3.5421],[98.84607,3.5421]]],[[[98.8398,3.5421],[98.83622,3.5367],[98.83353,3.5367],[98.83353,3.5394],[98.82905,3.543],[98.83174,3.5448],[98.8398,3.5421]]],[[[98.85055,3.543],[98.84965,3.5457],[98.85144,3.5448],[98.85234,3.5475],[98.85324,3.5439],[98.85055,3.543]]],[[[98.85055,3.5484],[98.84786,3.5439],[98.84876,3.5484],[98.85055,3.5484]]],[[[98.76724,3.54928],[98.76455,3.54838],[98.76544,3.55198],[98.76723,3.55198],[98.76724,3.54928]]],[[[98.76186,3.55108],[98.76365,3.55378],[98.76544,3.55198],[98.76186,3.55108]]],[[[98.76634,3.55469],[98.76365,3.55378],[98.76365,3.55468],[98.76634,3.55469]]],[[[98.8165,3.5619],[98.81561,3.5592],[98.81561,3.5619],[98.8165,3.5619]]],[[[98.82009,3.5619],[98.8174,3.5601],[98.8174,3.5619],[98.82009,3.5619]]],[[[98.77171,3.56369],[98.7744,3.56009],[98.76634,3.55739],[98.76544,3.56189],[98.76902,3.56099],[98.77261,3.56729],[98.77171,3.56369]],[[98.76902,3.56099],[98.76992,3.56009],[98.76992,3.56099],[98.76902,3.56099]]],[[[98.76992,3.56729],[98.76902,3.56189],[98.76813,3.56189],[98.76723,3.56639],[98.76992,3.56729]]],[[[98.83531,3.5709],[98.83711,3.5718],[98.83711,3.5655],[98.83263,3.5673],[98.83173,3.5727],[98.83531,3.5727],[98.83531,3.5709]],[[98.83531,3.5709],[98.83442,3.57],[98.83531,3.57],[98.83531,3.5709]],[[98.83352,3.5691],[98.83442,3.5682],[98.83442,3.5691],[98.83352,3.5691]]],[[[98.84248,3.5655],[98.84159,3.5691],[98.84248,3.5727],[98.84427,3.5709],[98.84427,3.5664],[98.84248,3.5655]]],[[[98.82456,3.5691],[98.82367,3.5709],[98.82546,3.5736],[98.82815,3.57],[98.82546,3.5709],[98.82456,3.5691]]],[[[98.82815,3.5754],[98.82546,3.5736],[98.82546,3.5745],[98.82815,3.5754]]],[[[98.81829,3.5763],[98.82008,3.5772],[98.81919,3.5808],[98.82456,3.5835],[98.82277,3.5871],[98.82635,3.5871],[98.82635,3.5817],[98.82815,3.5817],[98.82635,3.579],[98.82815,3.5781],[98.82456,3.5754],[98.82188,3.5754],[98.82009,3.5709],[98.81829,3.5763]],[[98.82456,3.5763],[98.82367,3.5772],[98.82367,3.5763],[98.82456,3.5763]],[[98.82367,3.5781],[98.82188,3.5799],[98.82277,3.5781],[98.82367,3.5781]],[[98.82188,3.5772],[98.82098,3.5781],[98.82098,3.5772],[98.82188,3.5772]]],[[[98.83531,3.5862],[98.838,3.5862],[98.83711,3.5754],[98.83531,3.5754],[98.83711,3.5736],[98.82994,3.5736],[98.82904,3.5763],[98.83263,3.5772],[98.82904,3.579],[98.83442,3.5817],[98.83531,3.5862]]],[[[98.78694,3.58169],[98.78694,3.57989],[98.78246,3.57899],[98.78335,3.58079],[98.78694,3.58169]]],[[[98.82994,3.5871],[98.83083,3.5844],[98.82725,3.5826],[98.82725,3.5862],[98.82994,3.5871]]],[[[98.81201,3.6213],[98.81649,3.62671],[98.81918,3.62581],[98.81918,3.62401],[98.8147,3.62311],[98.8156,3.62131],[98.81201,3.6213]]],[[[98.83889,3.63031],[98.8371,3.63121],[98.8362,3.63661],[98.83978,3.63391],[98.83889,3.63031]]],[[[98.82724,3.63211],[98.82276,3.63301],[98.82814,3.63661],[98.82903,3.63391],[98.82634,3.63481],[98.82724,3.63211]]],[[[98.83262,3.63661],[98.83082,3.63391],[98.82993,3.63661],[98.83262,3.63661]]],[[[98.81738,3.64291],[98.81918,3.64201],[98.81738,3.64021],[98.81738,3.64291]]],[[[98.78334,3.6465],[98.78244,3.6438],[98.77975,3.6438],[98.78065,3.6474],[98.78334,3.6465]]],[[[98.82724,3.65641],[98.82276,3.64291],[98.82545,3.64291],[98.82724,3.63931],[98.82366,3.63841],[98.82545,3.63571],[98.82276,3.63571],[98.82097,3.64021],[98.82366,3.64111],[98.82007,3.64471],[98.82007,3.64831],[98.81738,3.64381],[98.81738,3.64921],[98.81917,3.64921],[98.81917,3.65281],[98.82544,3.65371],[98.82276,3.65461],[98.82365,3.65641],[98.82724,3.65641]],[[98.82545,3.64201],[98.82455,3.64111],[98.82545,3.64111],[98.82545,3.64201]],[[98.82097,3.64741],[98.82186,3.64831],[98.82097,3.64831],[98.82097,3.64741]],[[98.82365,3.65281],[98.82276,3.65191],[98.82365,3.65191],[98.82365,3.65281]]],[[[98.83441,3.64651],[98.83172,3.64741],[98.83441,3.64291],[98.83351,3.64021],[98.82993,3.64021],[98.82724,3.64831],[98.83261,3.64831],[98.83261,3.65011],[98.82992,3.65191],[98.82992,3.65551],[98.83351,3.65461],[98.83441,3.64651]],[[98.82993,3.64291],[98.82903,3.64381],[98.82903,3.64291],[98.82993,3.64291]]],[[[98.77438,3.6447],[98.769,3.6564],[98.77079,3.6519],[98.76452,3.6519],[98.7681,3.6537],[98.76721,3.6564],[98.76542,3.6546],[98.76542,3.6573],[98.769,3.6591],[98.77258,3.6582],[98.77438,3.6555],[98.77706,3.6582],[98.77706,3.6564],[98.78154,3.6555],[98.77796,3.6537],[98.78154,3.6492],[98.77707,3.6483],[98.77438,3.6447]],[[98.77348,3.6564],[98.77258,3.6555],[98.77348,3.6555],[98.77348,3.6564]],[[98.77706,3.6564],[98.77617,3.6555],[98.77706,3.6555],[98.77706,3.6564]],[[98.77796,3.6528],[98.77706,3.6519],[98.77796,3.6519],[98.77796,3.6528]],[[98.77438,3.6483],[98.77527,3.6501],[98.77438,3.6501],[98.77438,3.6483]],[[98.77438,3.6537],[98.77348,3.6528],[98.77438,3.6528],[98.77438,3.6537]],[[98.77438,3.6528],[98.77527,3.6519],[98.77527,3.6528],[98.77438,3.6528]],[[98.77527,3.6519],[98.77617,3.651],[98.77617,3.6519],[98.77527,3.6519]],[[98.77617,3.651],[98.77706,3.6501],[98.77706,3.651],[98.77617,3.651]]],[[[98.78602,3.6492],[98.78423,3.6528],[98.78602,3.6546],[98.78602,3.6492]]],[[[98.83261,3.65911],[98.8353,3.65641],[98.8353,3.65371],[98.83261,3.65551],[98.83261,3.65911]]],[[[98.78423,3.6555],[98.78244,3.6573],[98.78423,3.6573],[98.78423,3.6555]]],[[[98.78781,3.6609],[98.78692,3.6663],[98.79229,3.66721],[98.7896,3.66631],[98.78961,3.6609],[98.78781,3.6609]]],[[[98.77617,3.6636],[98.77079,3.6645],[98.76989,3.6681],[98.77348,3.669],[98.77706,3.6654],[98.77617,3.6636]],[[98.77437,3.6672],[98.77348,3.6663],[98.77437,3.6663],[98.77437,3.6672]]],[[[98.78871,3.66991],[98.79408,3.66991],[98.79408,3.67261],[98.79677,3.67081],[98.79588,3.66811],[98.78871,3.66991]]],[[[98.77796,3.6717],[98.77975,3.6699],[98.77706,3.6699],[98.77796,3.6717]]],[[[98.78243,3.6735],[98.78512,3.67441],[98.78423,3.6708],[98.78243,3.6726],[98.78423,3.67351],[98.78243,3.6735]]],[[[98.78602,3.66991],[98.78602,3.67531],[98.7896,3.67711],[98.7905,3.67441],[98.78602,3.66991]]],[[[98.80394,3.67801],[98.79856,3.67891],[98.80035,3.68161],[98.80483,3.68071],[98.80394,3.67801]],[[98.80035,3.67981],[98.80214,3.67891],[98.80214,3.67981],[98.80035,3.67981]]],[[[98.78691,3.67981],[98.78871,3.67801],[98.78602,3.67801],[98.78691,3.67981]]],[[[98.80841,3.68521],[98.80573,3.68701],[98.80841,3.68701],[98.80841,3.68521]]],[[[98.7681,3.6735],[98.76362,3.6744],[98.76272,3.6726],[98.76093,3.6762],[98.76183,3.678],[98.76541,3.6771],[98.7681,3.6807],[98.77258,3.6789],[98.77258,3.6816],[98.77526,3.6816],[98.77616,3.6843],[98.77168,3.6888],[98.77168,3.6933],[98.77436,3.70051],[98.77795,3.70231],[98.77884,3.70861],[98.78332,3.70501],[98.78243,3.70051],[98.78691,3.70231],[98.79318,3.70051],[98.79408,3.70231],[98.79408,3.69781],[98.79676,3.69961],[98.79945,3.69781],[98.79856,3.70231],[98.80035,3.70231],[98.80035,3.69691],[98.80304,3.70051],[98.80483,3.69961],[98.80483,3.69331],[98.80125,3.69331],[98.79856,3.68791],[98.79587,3.69061],[98.79497,3.68881],[98.79049,3.68971],[98.78422,3.69691],[98.78243,3.69511],[98.78333,3.68521],[98.78422,3.68881],[98.7896,3.68971],[98.79229,3.68881],[98.79139,3.68701],[98.79408,3.68791],[98.79408,3.68521],[98.78691,3.68611],[98.78691,3.68341],[98.78333,3.68251],[98.78602,3.67981],[98.78423,3.67801],[98.77885,3.678],[98.77795,3.6807],[98.77616,3.6807],[98.77706,3.678],[98.77437,3.6798],[98.77706,3.6753],[98.78064,3.6762],[98.78064,3.6744],[98.77706,3.6744],[98.77706,3.6708],[98.76631,3.669],[98.7681,3.6735]],[[98.78691,3.70141],[98.7878,3.70051],[98.7878,3.70141],[98.78691,3.70141]],[[98.79587,3.69781],[98.79408,3.69421],[98.79677,3.69511],[98.79587,3.69781]],[[98.79587,3.69061],[98.79677,3.69241],[98.79587,3.69241],[98.79587,3.69061]],[[98.78422,3.68521],[98.78512,3.68431],[98.78512,3.68521],[98.78422,3.68521]],[[98.78333,3.68071],[98.78243,3.67981],[98.78333,3.67981],[98.78333,3.68071]],[[98.76989,3.6708],[98.7681,3.6717],[98.7681,3.6708],[98.76989,3.6708]],[[98.78064,3.69151],[98.77974,3.69241],[98.77974,3.69151],[98.78064,3.69151]],[[98.77526,3.6879],[98.77437,3.6888],[98.77437,3.6879],[98.77526,3.6879]],[[98.78781,3.68791],[98.78691,3.68881],[98.78691,3.68791],[98.78781,3.68791]],[[98.78154,3.68521],[98.78064,3.68611],[98.78064,3.68521],[98.78154,3.68521]],[[98.77795,3.6834],[98.77706,3.6843],[98.77706,3.6834],[98.77795,3.6834]],[[98.77974,3.68341],[98.77885,3.68431],[98.77885,3.68341],[98.77974,3.68341]],[[98.77706,3.6816],[98.77616,3.6825],[98.77616,3.6816],[98.77706,3.6816]],[[98.77258,3.6753],[98.77079,3.6771],[98.76989,3.6753],[98.77258,3.6753]],[[98.77527,3.6726],[98.77437,3.6735],[98.77437,3.6726],[98.77527,3.6726]],[[98.77168,3.6717],[98.77079,3.6726],[98.77079,3.6717],[98.77168,3.6717]]],[[[98.812,3.69151],[98.80931,3.68791],[98.80931,3.69151],[98.812,3.69151]]],[[[98.80752,3.68791],[98.80304,3.68701],[98.80304,3.68971],[98.80573,3.68971],[98.80393,3.69241],[98.80752,3.69331],[98.80752,3.68791]],[[98.80573,3.68791],[98.80483,3.68881],[98.80483,3.68791],[98.80573,3.68791]]],[[[98.81468,3.69421],[98.81558,3.69241],[98.812,3.69241],[98.812,3.69331],[98.81468,3.69421]]],[[[98.80841,3.69601],[98.81379,3.69601],[98.8111,3.69241],[98.80841,3.69151],[98.80841,3.69601]],[[98.8111,3.69331],[98.81021,3.69421],[98.81021,3.69331],[98.8111,3.69331]]],[[[98.76541,3.6924],[98.76182,3.6951],[98.76809,3.6969],[98.76541,3.6924]]],[[[99.08511,1.17113],[99.08511,1.17383],[99.0878,1.17383],[99.0878,1.17113],[99.08511,1.17113]]],[[[98.92413,1.30795],[98.92592,1.31246],[98.9286,1.31336],[98.92771,1.30976],[98.92413,1.30795]]],[[[98.87941,1.30975],[98.87584,1.30795],[98.87762,1.31605],[98.88031,1.31605],[98.87852,1.31425],[98.87941,1.30975]]],[[[98.88567,1.31065],[98.88478,1.31695],[98.8821,1.31875],[98.88478,1.31785],[98.88657,1.32056],[98.88567,1.31515],[98.88925,1.31425],[98.88746,1.31425],[98.88836,1.31065],[98.88567,1.31065]],[[98.88657,1.31335],[98.88567,1.31425],[98.88567,1.31335],[98.88657,1.31335]]],[[[98.9295,1.31966],[98.92771,1.31606],[98.9286,1.31966],[98.9295,1.31966]]],[[[98.98227,1.34486],[98.97958,1.34306],[98.98048,1.33946],[98.9769,1.33946],[98.97958,1.34486],[98.97869,1.34936],[98.98227,1.35116],[98.98316,1.35476],[98.98227,1.34486]],[[98.98137,1.34756],[98.98048,1.34846],[98.98048,1.34756],[98.98137,1.34756]]],[[[98.96706,1.37817],[98.96974,1.37817],[98.97153,1.37637],[98.96796,1.37547],[98.96706,1.37817]]],[[[98.9921,1.40337],[98.99479,1.40157],[98.99479,1.39977],[98.99031,1.40067],[98.9921,1.40337]]],[[[98.99747,1.45468],[98.99836,1.45018],[98.99658,1.45018],[98.99568,1.45288],[98.99747,1.45468]]],[[[99.03146,1.45288],[99.03235,1.45558],[99.03593,1.45378],[99.03146,1.45288]]],[[[99.03593,1.45558],[99.03861,1.45738],[99.03951,1.45558],[99.03593,1.45558]]],[[[99.03682,1.46278],[99.03235,1.45558],[99.03325,1.45828],[99.02967,1.46098],[99.03682,1.46278]]],[[[99.04219,1.46278],[99.04487,1.46368],[99.0413,1.46098],[99.04219,1.46278]]],[[[98.89461,1.46278],[98.88924,1.46098],[98.89014,1.46548],[98.89729,1.46548],[98.89819,1.46368],[98.89729,1.45918],[98.89461,1.45918],[98.89461,1.46278]]],[[[99.03682,1.46278],[99.0404,1.46368],[99.03951,1.46638],[99.04309,1.46548],[99.04219,1.46278],[99.03682,1.46278]]],[[[98.89998,1.46548],[98.89729,1.46908],[98.90266,1.46998],[98.89998,1.46548]]],[[[99.04219,1.46728],[99.04487,1.47088],[99.05024,1.46998],[99.04666,1.46728],[99.04487,1.46908],[99.04219,1.46728]]],[[[98.92949,1.47178],[98.93307,1.47268],[98.92949,1.46998],[98.92949,1.47178]]],[[[98.90982,1.48078],[98.90982,1.48348],[98.9125,1.48348],[98.9125,1.48078],[98.90982,1.48078]]],[[[99.01357,1.49429],[99.01357,1.48619],[99.01089,1.48619],[99.01268,1.48979],[99.01089,1.49429],[99.01357,1.49429]]],[[[99.00194,1.49969],[98.99836,1.50059],[98.99836,1.50239],[99.0091,1.50059],[99.0091,1.48799],[99.00552,1.48799],[99.0082,1.48619],[99.00731,1.48349],[99.00373,1.48439],[99.00284,1.48799],[99.00015,1.48529],[98.99747,1.48619],[99.00194,1.49249],[99.00194,1.49699],[98.99926,1.49609],[98.99926,1.49789],[99.00194,1.49969]],[[99.00463,1.49879],[99.00373,1.49789],[99.00463,1.49789],[99.00463,1.49879]],[[99.00463,1.49789],[99.00552,1.49609],[99.00552,1.49789],[99.00463,1.49789]],[[99.00731,1.49609],[99.00552,1.49249],[99.00731,1.49249],[99.00731,1.49609]],[[99.00463,1.49429],[99.00373,1.49339],[99.00463,1.49339],[99.00463,1.49429]],[[99.00373,1.49429],[99.00284,1.49519],[99.00284,1.49429],[99.00373,1.49429]],[[99.00194,1.49069],[99.00284,1.49159],[99.00194,1.49159],[99.00194,1.49069]]],[[[98.99747,1.49159],[98.99747,1.49519],[99.00105,1.49519],[98.99836,1.49429],[98.99747,1.49159]]],[[[98.99926,1.51409],[98.99658,1.51409],[98.99479,1.51769],[98.99658,1.51769],[98.99926,1.51409]]],[[[98.99031,1.52309],[98.99031,1.51949],[98.98942,1.52309],[98.99031,1.52309]]],[[[98.92412,1.52489],[98.92055,1.52219],[98.91965,1.52489],[98.92412,1.52489]]],[[[98.99479,1.53029],[98.98763,1.52309],[98.9921,1.53299],[98.99389,1.53299],[98.99479,1.53029]]],[[[98.90445,1.5546],[98.90713,1.5537],[98.90534,1.5528],[98.90445,1.5546]]],[[[98.86151,1.5996],[98.85704,1.5987],[98.85793,1.6023],[98.86151,1.6023],[98.86151,1.5996]]],[[[98.8633,1.6077],[98.86509,1.6095],[98.86598,1.6095],[98.86688,1.6068],[98.86419,1.6059],[98.8633,1.6077]]],[[[98.98673,2.20451],[98.98852,2.20091],[98.98584,2.20091],[98.98673,2.20451]]],[[[99.01,2.31973],[99.01179,2.32153],[99.01358,2.32063],[99.01179,2.31793],[99.01,2.31973]]],[[[99.12365,2.37013],[99.12007,2.37373],[99.12365,2.37283],[99.12365,2.37013]]],[[[99.00642,2.86791],[99.00642,2.86431],[99.00194,2.86431],[99.00552,2.86521],[99.00642,2.86791]]],[[[98.92943,2.91022],[98.93122,2.91292],[98.93569,2.91292],[98.9348,2.91022],[98.92943,2.91022]]],[[[99.09148,3.03894],[99.09148,3.04344],[99.09327,3.04344],[99.09327,3.03894],[99.09148,3.03894]]],[[[99.12107,3.34048],[99.12017,3.33868],[99.12017,3.34048],[99.12107,3.34048]]],[[[99.04852,3.34588],[99.04225,3.33868],[99.03777,3.33868],[99.03956,3.34228],[99.03329,3.33958],[99.03419,3.34498],[99.04852,3.34588]],[[99.04404,3.34408],[99.04225,3.34138],[99.04404,3.34138],[99.04404,3.34408]],[[99.03687,3.34228],[99.03598,3.34318],[99.03598,3.34228],[99.03687,3.34228]],[[99.04135,3.34228],[99.04046,3.34318],[99.04046,3.34228],[99.04135,3.34228]]],[[[99.04941,3.34768],[99.04314,3.34678],[99.04314,3.34858],[99.05031,3.35128],[99.04941,3.34768]]],[[[99.03956,3.35489],[99.04583,3.35849],[99.04494,3.35218],[99.03419,3.34948],[99.02792,3.33868],[99.02792,3.34228],[99.02434,3.34048],[99.02702,3.34858],[99.03419,3.35309],[99.03777,3.35309],[99.03777,3.35579],[99.03956,3.35489]],[[99.03061,3.34408],[99.02792,3.34498],[99.02792,3.34408],[99.03061,3.34408]],[[99.03419,3.35038],[99.03777,3.35128],[99.03777,3.35219],[99.03419,3.35219],[99.03419,3.35038]],[[99.0324,3.34858],[99.0315,3.34948],[99.0315,3.34858],[99.0324,3.34858]]],[[[99.1157,3.37828],[99.11032,3.37558],[99.11122,3.37828],[99.1157,3.37828]]],[[[99.12017,3.37828],[99.11838,3.37738],[99.12017,3.38008],[99.12017,3.37828]]],[[[99.1157,3.38188],[99.11749,3.38098],[99.11838,3.37918],[99.1148,3.37918],[99.1157,3.38188]]],[[[99.10853,3.38368],[99.10674,3.38638],[99.10943,3.38728],[99.11122,3.39629],[99.1148,3.39449],[99.11391,3.39268],[99.11749,3.39268],[99.11749,3.38818],[99.12107,3.38998],[99.11749,3.38548],[99.11301,3.38548],[99.11391,3.38818],[99.11122,3.38818],[99.11211,3.38548],[99.10853,3.38368]],[[99.1148,3.38818],[99.11659,3.38998],[99.1157,3.39178],[99.11391,3.39088],[99.1148,3.38818]],[[99.11122,3.38908],[99.11032,3.38998],[99.11032,3.38908],[99.11122,3.38908]]],[[[98.88102,3.40619],[98.88192,3.40259],[98.87923,3.40079],[98.87744,3.40439],[98.88102,3.40619]]],[[[99.11391,3.41339],[99.11301,3.41789],[99.11391,3.41789],[99.11391,3.41339]]],[[[99.10585,3.42059],[99.11212,3.41879],[99.11122,3.41699],[99.10585,3.41789],[99.10585,3.42059]]],[[[98.89535,3.42329],[98.89356,3.42059],[98.89356,3.42329],[98.89535,3.42329]]],[[[99.11033,3.42419],[99.10943,3.42149],[99.10854,3.42419],[99.11033,3.42419]]],[[[99.08883,3.42599],[99.09152,3.42689],[99.09152,3.42419],[99.08883,3.42599]]],[[[99.10764,3.42869],[99.11033,3.42779],[99.11033,3.42509],[99.10674,3.42689],[99.10764,3.42869]]],[[[99.096,3.44939],[99.09958,3.4539],[99.10316,3.45389],[99.09869,3.44849],[99.096,3.44939]]],[[[99.11391,3.45749],[99.10764,3.45119],[99.10406,3.45209],[99.10406,3.45479],[99.10675,3.45479],[99.10585,3.4611],[99.11391,3.46109],[99.11391,3.45749]],[[99.10764,3.45749],[99.10944,3.45749],[99.11033,3.45929],[99.10854,3.45929],[99.10764,3.45749]]],[[[99.12287,3.45749],[99.12287,3.46019],[99.12198,3.46199],[99.12466,3.46019],[99.12287,3.45749]]],[[[99.12198,3.4782],[99.12735,3.47459],[99.12198,3.4719],[99.12108,3.4764],[99.12198,3.4782]],[[99.12287,3.4737],[99.12198,3.4746],[99.12198,3.4737],[99.12287,3.4737]],[[99.12287,3.4755],[99.12377,3.4764],[99.12287,3.4764],[99.12287,3.4755]]],[[[98.85772,3.4935],[98.86399,3.4953],[98.86399,3.4926],[98.85772,3.48629],[98.85593,3.49079],[98.85952,3.4908],[98.85772,3.4935]],[[98.85951,3.4917],[98.86041,3.4926],[98.85951,3.4926],[98.85951,3.4917]]],[[[98.89535,3.4953],[98.89445,3.4917],[98.89087,3.4935],[98.89087,3.4953],[98.89535,3.4953]]],[[[98.88818,3.498],[98.89176,3.498],[98.89176,3.4962],[98.88818,3.4953],[98.88818,3.498]]],[[[98.90968,3.4962],[98.90789,3.498],[98.90968,3.498],[98.90968,3.4962]]],[[[98.90609,3.4998],[98.90789,3.498],[98.9061,3.4962],[98.90609,3.4998]]],[[[98.88728,3.5007],[98.88818,3.5025],[98.89266,3.5034],[98.88997,3.4989],[98.88728,3.5007]]],[[[98.86937,3.5025],[98.86847,3.5007],[98.86758,3.5025],[98.86937,3.5025]]],[[[98.85951,3.5034],[98.85145,3.5115],[98.85951,3.5115],[98.85862,3.5151],[98.8622,3.5151],[98.8631,3.5061],[98.86489,3.507],[98.86399,3.5034],[98.86668,3.5025],[98.86668,3.4998],[98.85862,3.4998],[98.85951,3.5034]],[[98.8631,3.5007],[98.86399,3.5025],[98.8631,3.5025],[98.8631,3.5007]],[[98.86041,3.5106],[98.8613,3.5097],[98.8613,3.5106],[98.86041,3.5106]],[[98.8613,3.5097],[98.8622,3.507],[98.8622,3.5097],[98.8613,3.5097]],[[98.8613,3.507],[98.86041,3.5061],[98.8613,3.5061],[98.8613,3.507]],[[98.85593,3.5079],[98.85503,3.5097],[98.85503,3.5079],[98.85593,3.5079]],[[98.86041,3.5079],[98.85951,3.5088],[98.85951,3.5079],[98.86041,3.5079]],[[98.8622,3.5016],[98.8613,3.5025],[98.86131,3.5016],[98.8622,3.5016]]],[[[98.95088,3.51241],[98.95178,3.50971],[98.95536,3.50881],[98.95088,3.50881],[98.95088,3.51241]]],[[[98.9688,3.51331],[98.97238,3.51241],[98.9688,3.51241],[98.9688,3.51331]]],[[[98.9688,3.51331],[98.96432,3.51421],[98.9688,3.51421],[98.9688,3.51331]]],[[[98.95895,3.51691],[98.95895,3.51421],[98.94999,3.51331],[98.94999,3.51691],[98.95805,3.51511],[98.95895,3.51691]]],[[[98.95357,3.52051],[98.95715,3.51781],[98.95268,3.51781],[98.95357,3.52051]]],[[[98.84876,3.525],[98.85861,3.525],[98.86489,3.5196],[98.86668,3.5133],[98.8622,3.5169],[98.85503,3.5169],[98.85414,3.5205],[98.84876,3.5205],[98.84876,3.525]],[[98.85861,3.5232],[98.85772,3.5223],[98.85861,3.5223],[98.85861,3.5232]],[[98.8613,3.5214],[98.86041,3.5205],[98.8613,3.5205],[98.8613,3.5214]],[[98.85862,3.5178],[98.86309,3.5196],[98.85862,3.5187],[98.85862,3.5178]],[[98.86309,3.5187],[98.86399,3.5178],[98.86399,3.5187],[98.86309,3.5187]],[[98.85324,3.5223],[98.85145,3.5232],[98.85145,3.5214],[98.85324,3.5223]],[[98.85593,3.5223],[98.85503,3.5232],[98.85503,3.5223],[98.85593,3.5223]],[[98.85682,3.5196],[98.85503,3.5205],[98.85503,3.5196],[98.85682,3.5196]]],[[[99.12557,3.5358],[99.12019,3.5376],[99.12109,3.5412],[99.12557,3.5358]]],[[[98.85592,3.5448],[98.85413,3.5466],[98.85861,3.5484],[98.8604,3.543],[98.85592,3.5448]],[[98.85592,3.5466],[98.85682,3.5457],[98.85682,3.5466],[98.85592,3.5466]],[[98.85682,3.5457],[98.85772,3.5448],[98.85772,3.5457],[98.85682,3.5457]],[[98.85682,3.5466],[98.85771,3.5475],[98.85682,3.5475],[98.85682,3.5466]]],[[[98.96969,3.54751],[98.9679,3.54661],[98.96342,3.54661],[98.96432,3.54931],[98.96611,3.54841],[98.96611,3.55201],[98.96969,3.54751]]],[[[99.1193,3.54751],[99.11751,3.54301],[99.11392,3.54301],[99.11213,3.54661],[99.10945,3.54661],[99.10945,3.55471],[99.11303,3.55561],[99.11482,3.54841],[99.1193,3.54751]]],[[[99.16209,1.97856],[99.16477,1.97676],[99.1603,1.97676],[99.16209,1.97856]]],[[[99.17104,2.00827],[99.17462,2.00917],[99.17462,2.00827],[99.17104,2.00827]]],[[[99.17104,2.01817],[99.17014,2.01367],[99.17014,2.01817],[99.17104,2.01817]]],[[[99.14156,2.49975],[99.14245,2.49705],[99.13977,2.49705],[99.13888,2.49885],[99.14156,2.49975]]],[[[99.14877,2.90301],[99.14519,2.89941],[99.1425,2.90031],[99.14429,2.90571],[99.14608,2.90211],[99.14877,2.90301]]],[[[99.1425,2.90211],[99.14071,2.90391],[99.1434,2.90481],[99.1425,2.90211]]],[[[99.17474,2.97052],[99.17832,2.97231],[99.17743,2.96871],[99.17474,2.97052]]],[[[99.1649,2.99932],[99.164,3.00292],[99.16758,3.00292],[99.16758,3.00022],[99.1649,2.99932]]],[[[99.18196,3.27746],[99.18196,3.28196],[99.18375,3.28196],[99.18464,3.27926],[99.18196,3.27746]]],[[[99.14884,3.38638],[99.14615,3.38008],[99.14346,3.38098],[99.14615,3.38818],[99.14884,3.38638]],[[99.14615,3.38368],[99.14705,3.38458],[99.14615,3.38458],[99.14615,3.38368]]],[[[99.15063,3.38998],[99.15242,3.38908],[99.15242,3.38638],[99.14794,3.38728],[99.15063,3.38998]]],[[[99.14346,3.38728],[99.13809,3.38368],[99.1363,3.38728],[99.13272,3.38638],[99.13182,3.38908],[99.12555,3.38908],[99.12465,3.39178],[99.12824,3.39178],[99.12824,3.39448],[99.13092,3.39358],[99.13093,3.39718],[99.1372,3.39808],[99.1354,3.39178],[99.14346,3.38728]],[[99.14078,3.38818],[99.13988,3.38728],[99.14078,3.38728],[99.14078,3.38818]],[[99.13361,3.38998],[99.13451,3.39088],[99.13361,3.39088],[99.13361,3.38998]]],[[[99.18198,3.39087],[99.18198,3.39357],[99.18377,3.39357],[99.18377,3.39177],[99.18198,3.39087]]],[[[99.15153,3.39268],[99.15242,3.39628],[99.1569,3.39358],[99.15511,3.39088],[99.15153,3.39268]]],[[[99.18646,3.39717],[99.18646,3.39267],[99.18467,3.39087],[99.18467,3.39357],[99.18198,3.39537],[99.18646,3.39717]],[[99.18467,3.39357],[99.18556,3.39447],[99.18467,3.39447],[99.18467,3.39357]]],[[[99.14974,3.41968],[99.15422,3.41878],[99.1578,3.41428],[99.15511,3.41068],[99.1569,3.40798],[99.15332,3.40618],[99.15332,3.40888],[99.14974,3.40888],[99.15153,3.40798],[99.14974,3.40438],[99.15153,3.40348],[99.15153,3.39718],[99.14973,3.39808],[99.14884,3.39448],[99.14436,3.39628],[99.14167,3.39448],[99.13899,3.39718],[99.13899,3.40348],[99.1372,3.40258],[99.1363,3.40528],[99.14167,3.40618],[99.14168,3.40798],[99.1363,3.40888],[99.1363,3.41068],[99.14078,3.40978],[99.14257,3.41338],[99.14526,3.41338],[99.14705,3.40978],[99.14705,3.41518],[99.15063,3.41518],[99.14974,3.41968]],[[99.14973,3.39808],[99.14884,3.40168],[99.14884,3.39808],[99.14973,3.39808]],[[99.14795,3.40978],[99.14526,3.40708],[99.14794,3.40528],[99.14795,3.40978]],[[99.14794,3.40528],[99.14884,3.40258],[99.14884,3.40528],[99.14794,3.40528]],[[99.15242,3.41608],[99.15153,3.41698],[99.15153,3.41608],[99.15242,3.41608]],[[99.15242,3.41338],[99.15153,3.41428],[99.15153,3.41338],[99.15242,3.41338]],[[99.14526,3.40348],[99.14436,3.40438],[99.14436,3.40348],[99.14526,3.40348]],[[99.14347,3.39988],[99.14257,3.40078],[99.14257,3.39988],[99.14347,3.39988]],[[99.14257,3.39808],[99.14167,3.39898],[99.14167,3.39808],[99.14257,3.39808]]],[[[99.17034,3.40888],[99.16944,3.41248],[99.17123,3.41248],[99.17034,3.40888]]],[[[99.15959,3.41518],[99.1569,3.41608],[99.1569,3.41878],[99.1578,3.41878],[99.1578,3.41968],[99.15959,3.41968],[99.15959,3.42148],[99.16138,3.42148],[99.15959,3.41518]]],[[[99.15601,3.42238],[99.1569,3.41878],[99.15511,3.41878],[99.15601,3.42238]]],[[[99.15332,3.41968],[99.15153,3.42238],[99.15332,3.42238],[99.15332,3.41968]]],[[[99.12556,3.44039],[99.12914,3.44039],[99.12645,3.44399],[99.13183,3.44489],[99.13541,3.44939],[99.13452,3.45119],[99.14168,3.44849],[99.13989,3.45029],[99.14258,3.45119],[99.14258,3.45479],[99.14706,3.45749],[99.14616,3.45389],[99.14347,3.45299],[99.14437,3.44849],[99.14168,3.44579],[99.13899,3.44759],[99.13899,3.44219],[99.14168,3.43859],[99.14347,3.44129],[99.14526,3.43589],[99.14795,3.43589],[99.14616,3.42509],[99.15063,3.42418],[99.14795,3.42238],[99.14974,3.41968],[99.14705,3.42058],[99.14616,3.41788],[99.14616,3.42328],[99.14257,3.43499],[99.14526,3.41608],[99.14078,3.41248],[99.13541,3.41248],[99.13272,3.40888],[99.13093,3.41249],[99.13003,3.40708],[99.13182,3.40798],[99.13182,3.40618],[99.12824,3.40348],[99.13272,3.40438],[99.13361,3.40258],[99.13003,3.40258],[99.13003,3.39988],[99.12824,3.40258],[99.12376,3.40078],[99.12466,3.39898],[99.12107,3.39898],[99.12286,3.40169],[99.11839,3.40169],[99.11928,3.39809],[99.12645,3.39538],[99.12376,3.39268],[99.11838,3.39268],[99.11928,3.39718],[99.11391,3.39629],[99.1148,3.39989],[99.11122,3.40529],[99.11391,3.41069],[99.11928,3.41159],[99.11749,3.41339],[99.11839,3.42059],[99.11481,3.42059],[99.11301,3.42689],[99.1157,3.43139],[99.12018,3.42869],[99.11929,3.43229],[99.12556,3.44039]],[[99.14347,3.45029],[99.14258,3.44939],[99.14347,3.44939],[99.14347,3.45029]],[[99.13899,3.44219],[99.1381,3.44039],[99.13899,3.44039],[99.13899,3.44219]],[[99.14616,3.42328],[99.14705,3.42418],[99.14616,3.42419],[99.14616,3.42328]],[[99.14257,3.42959],[99.14078,3.42779],[99.14257,3.42779],[99.14257,3.42959]],[[99.14257,3.41518],[99.14168,3.41698],[99.14168,3.41518],[99.14257,3.41518]],[[99.14168,3.41518],[99.14078,3.41428],[99.14168,3.41428],[99.14168,3.41518]],[[99.13451,3.41158],[99.13361,3.41249],[99.13361,3.41159],[99.13451,3.41158]],[[99.13003,3.41069],[99.12914,3.41159],[99.12914,3.41069],[99.13003,3.41069]],[[99.12914,3.41429],[99.13272,3.41429],[99.13093,3.42059],[99.13541,3.42059],[99.13182,3.42329],[99.13362,3.42509],[99.13183,3.42779],[99.12824,3.42689],[99.13003,3.42599],[99.12824,3.42509],[99.12824,3.41699],[99.12107,3.41609],[99.12734,3.41159],[99.12914,3.41429]],[[99.13541,3.41699],[99.13899,3.41699],[99.13809,3.41969],[99.13541,3.42059],[99.13541,3.41699]],[[99.13899,3.41518],[99.14078,3.41608],[99.14078,3.41698],[99.13899,3.41699],[99.13899,3.41518]],[[99.12107,3.41609],[99.12018,3.41699],[99.12018,3.41609],[99.12107,3.41609]],[[99.12108,3.41699],[99.12197,3.41789],[99.12108,3.41789],[99.12108,3.41699]],[[99.12108,3.41879],[99.12376,3.41969],[99.12108,3.42059],[99.12108,3.41879]],[[99.12108,3.42419],[99.11749,3.42419],[99.12018,3.42239],[99.11928,3.42059],[99.12108,3.42059],[99.12108,3.42419]],[[99.12286,3.39538],[99.12197,3.39448],[99.12286,3.39448],[99.12286,3.39538]],[[99.12018,3.42779],[99.12108,3.42509],[99.12287,3.42509],[99.12287,3.42869],[99.12018,3.42779]],[[99.12108,3.43139],[99.12376,3.43229],[99.12287,3.43499],[99.12197,3.43499],[99.12108,3.43139]],[[99.12287,3.43499],[99.12466,3.43589],[99.12287,3.43589],[99.12287,3.43499]],[[99.1381,3.44579],[99.1372,3.44669],[99.1372,3.44579],[99.1381,3.44579]],[[99.13362,3.43949],[99.13093,3.44129],[99.13093,3.44039],[99.13362,3.43949]],[[99.13451,3.43769],[99.13541,3.43499],[99.13541,3.43769],[99.13451,3.43769]],[[99.1381,3.43679],[99.1372,3.43769],[99.1372,3.43679],[99.1381,3.43679]],[[99.14168,3.43319],[99.14078,3.43679],[99.13989,3.43679],[99.13989,3.43409],[99.14168,3.43319]],[[99.13989,3.43409],[99.13899,3.43319],[99.13989,3.43319],[99.13989,3.43409]],[[99.12466,3.43409],[99.12376,3.42689],[99.12555,3.42689],[99.13183,3.43499],[99.12824,3.43229],[99.12466,3.43409]],[[99.14078,3.43139],[99.13989,3.43229],[99.13989,3.43139],[99.14078,3.43139]],[[99.13899,3.42959],[99.1381,3.43049],[99.1381,3.42959],[99.13899,3.42959]],[[99.13899,3.42509],[99.1372,3.42599],[99.1372,3.42509],[99.13899,3.42509]],[[99.1363,3.42419],[99.13541,3.42509],[99.13541,3.42419],[99.1363,3.42419]],[[99.12466,3.42059],[99.12376,3.42149],[99.12376,3.42059],[99.12466,3.42059]],[[99.11839,3.40889],[99.11749,3.40979],[99.11749,3.40889],[99.11839,3.40889]],[[99.12914,3.40799],[99.12824,3.40889],[99.12824,3.40799],[99.12914,3.40799]],[[99.12107,3.40709],[99.12018,3.40799],[99.12018,3.40709],[99.12107,3.40709]],[[99.11749,3.40619],[99.1166,3.40709],[99.1166,3.40619],[99.11749,3.40619]],[[99.12645,3.40439],[99.12555,3.40529],[99.12555,3.40439],[99.12645,3.40439]],[[99.12376,3.40259],[99.12197,3.40439],[99.12286,3.40259],[99.12376,3.40259]],[[99.1157,3.40079],[99.1148,3.40349],[99.1148,3.40079],[99.1157,3.40079]]],[[[99.1784,3.43858],[99.1802,3.44218],[99.18199,3.44038],[99.1784,3.43858]]],[[[99.14616,3.44309],[99.14347,3.44669],[99.14885,3.44489],[99.14616,3.44309]]],[[[99.18826,3.44128],[99.1802,3.44308],[99.18289,3.45028],[99.18557,3.45028],[99.18468,3.44668],[99.19005,3.44578],[99.18826,3.44128]],[[99.18468,3.44668],[99.18378,3.44578],[99.18468,3.44578],[99.18468,3.44668]]],[[[99.18378,3.45298],[99.17841,3.44938],[99.17841,3.44668],[99.17572,3.45028],[99.17393,3.44578],[99.17034,3.44578],[99.17572,3.45298],[99.18109,3.45118],[99.18109,3.45298],[99.18378,3.45298]]],[[[99.13093,3.45119],[99.13272,3.45389],[99.13541,3.45389],[99.13452,3.45119],[99.13093,3.45119]]],[[[99.1381,3.45029],[99.13631,3.45479],[99.14079,3.45749],[99.13899,3.45569],[99.14079,3.45119],[99.1381,3.45029]]],[[[99.13004,3.45389],[99.13272,3.45749],[99.13272,3.45389],[99.13004,3.45389]]],[[[99.13452,3.45749],[99.13273,3.45839],[99.13541,3.45929],[99.13631,3.45749],[99.139,3.46289],[99.13989,3.45749],[99.13452,3.45749]]],[[[99.13541,3.46289],[99.1372,3.46019],[99.13452,3.46019],[99.13541,3.46289]]],[[[99.14616,3.46109],[99.14706,3.46469],[99.14795,3.46199],[99.14616,3.46109]]],[[[99.18558,3.47188],[99.18558,3.46558],[99.17483,3.46649],[99.17931,3.47189],[99.18558,3.47188]],[[99.18289,3.46648],[99.18379,3.47008],[99.18199,3.47009],[99.18289,3.46648]],[[99.17931,3.47009],[99.1802,3.46919],[99.1802,3.47009],[99.17931,3.47009]]],[[[99.13989,3.46829],[99.139,3.47099],[99.13989,3.47099],[99.13989,3.46829]]],[[[99.17931,3.47189],[99.17752,3.47459],[99.17841,3.47459],[99.17931,3.47189]]],[[[99.17931,3.47909],[99.17931,3.47729],[99.17752,3.47639],[99.17662,3.47819],[99.17931,3.47909]]],[[[99.13094,3.47819],[99.13273,3.47639],[99.12914,3.47549],[99.12467,3.48],[99.13094,3.47819]],[[99.12914,3.47729],[99.13004,3.47819],[99.12914,3.4782],[99.12914,3.47729]]],[[[99.182,3.48629],[99.18468,3.48359],[99.18289,3.48269],[99.182,3.48629]]],[[[99.14885,3.48629],[99.15154,3.48449],[99.14706,3.48359],[99.14885,3.48629]]],[[[99.17931,3.48089],[99.17125,3.48179],[99.17125,3.48449],[99.16766,3.48359],[99.16946,3.48629],[99.16766,3.48539],[99.16766,3.48899],[99.17214,3.48899],[99.17483,3.48359],[99.17841,3.48359],[99.17125,3.48989],[99.17752,3.49079],[99.18021,3.48629],[99.17931,3.48089]],[[99.17662,3.48719],[99.17752,3.48899],[99.17662,3.48899],[99.17662,3.48719]]],[[[99.15064,3.48719],[99.15333,3.48809],[99.15333,3.48539],[99.15064,3.48719]]],[[[99.16139,3.48899],[99.15602,3.48809],[99.15602,3.49079],[99.16229,3.49169],[99.16139,3.48899]]],[[[99.18379,3.49349],[99.17752,3.49529],[99.17752,3.49349],[99.17394,3.49349],[99.17842,3.49979],[99.182,3.49979],[99.18379,3.49709],[99.18379,3.49349]],[[99.182,3.49529],[99.1811,3.49619],[99.1811,3.49529],[99.182,3.49529]]],[[[99.18737,3.50249],[99.18648,3.49619],[99.18469,3.49619],[99.1829,3.50069],[99.18737,3.50249]]],[[[99.15602,3.49619],[99.15692,3.50069],[99.16229,3.50249],[99.16498,3.50789],[99.17304,3.50519],[99.16946,3.50339],[99.17125,3.49619],[99.16677,3.49799],[99.16587,3.49529],[99.16319,3.49619],[99.15871,3.49169],[99.15423,3.49259],[99.15333,3.49709],[99.15602,3.49619]],[[99.15871,3.49349],[99.1605,3.49529],[99.1596,3.49799],[99.15692,3.49529],[99.15871,3.49349]],[[99.1614,3.49709],[99.16677,3.50249],[99.16856,3.50159],[99.16856,3.50429],[99.16498,3.50519],[99.16588,3.50249],[99.1605,3.49889],[99.1614,3.49709]],[[99.16588,3.50069],[99.16767,3.49889],[99.16767,3.50069],[99.16588,3.50069]]],[[[99.15333,3.49799],[99.15154,3.49799],[99.15154,3.50159],[99.15244,3.50159],[99.15333,3.49799]]],[[[99.17215,3.49979],[99.17483,3.50429],[99.17662,3.50069],[99.17215,3.49979]]],[[[99.182,3.50249],[99.17752,3.50249],[99.17931,3.50609],[99.17573,3.50609],[99.17573,3.50789],[99.18111,3.50879],[99.1829,3.50699],[99.182,3.50249]]],[[[99.15334,3.525],[99.15692,3.5187],[99.15602,3.5133],[99.16409,3.50969],[99.16408,3.50609],[99.15961,3.50519],[99.15513,3.49889],[99.15333,3.50339],[99.15781,3.50879],[99.15513,3.50609],[99.15334,3.5079],[99.15065,3.5043],[99.14796,3.5052],[99.15065,3.5115],[99.14527,3.516],[99.15065,3.5196],[99.15065,3.525],[99.15334,3.525]],[[99.15602,3.516],[99.15513,3.5169],[99.15513,3.516],[99.15602,3.516]],[[99.15602,3.5133],[99.15244,3.5124],[99.15602,3.5124],[99.15602,3.5133]],[[99.15244,3.5133],[99.15154,3.5142],[99.15154,3.5133],[99.15244,3.5133]],[[99.15334,3.5142],[99.15334,3.516],[99.15155,3.5169],[99.15154,3.5151],[99.15334,3.5142]],[[99.14975,3.5187],[99.15065,3.5178],[99.15065,3.5187],[99.14975,3.5187]],[[99.15334,3.5187],[99.15244,3.5196],[99.15244,3.5187],[99.15334,3.5187]],[[99.14796,3.516],[99.14707,3.5169],[99.14707,3.516],[99.14796,3.516]],[[99.15781,3.5097],[99.15692,3.5115],[99.15692,3.5097],[99.15781,3.5097]],[[99.15513,3.5097],[99.15423,3.5106],[99.15423,3.5097],[99.15513,3.5097]]],[[[99.14259,3.5133],[99.14527,3.516],[99.14527,3.5124],[99.14259,3.5133]]],[[[99.13721,3.5205],[99.14259,3.5097],[99.1399,3.5106],[99.1399,3.507],[99.13632,3.507],[99.12467,3.516],[99.12467,3.525],[99.1184,3.525],[99.11482,3.5295],[99.12109,3.5295],[99.12109,3.5322],[99.12557,3.5331],[99.12915,3.5304],[99.13005,3.525],[99.13721,3.5205]],[[99.12646,3.5313],[99.12557,3.5304],[99.12646,3.5304],[99.12646,3.5313]],[[99.13005,3.525],[99.12826,3.5232],[99.12915,3.5232],[99.13005,3.525]],[[99.12826,3.525],[99.12736,3.5259],[99.12736,3.525],[99.12826,3.525]],[[99.12736,3.5259],[99.12557,3.5286],[99.12646,3.5259],[99.12736,3.5259]],[[99.12826,3.5232],[99.12646,3.5214],[99.12915,3.5214],[99.12826,3.5232]],[[99.13005,3.5241],[99.13094,3.5232],[99.13094,3.5241],[99.13005,3.5241]],[[99.13363,3.5223],[99.13184,3.5196],[99.13542,3.5187],[99.13363,3.5223]],[[99.12646,3.5187],[99.12736,3.5196],[99.12646,3.5196],[99.12646,3.5187]],[[99.139,3.5151],[99.13811,3.516],[99.13811,3.5151],[99.139,3.5151]],[[99.13811,3.5151],[99.13721,3.5133],[99.13811,3.5133],[99.13811,3.5151]],[[99.13721,3.5133],[99.13632,3.5124],[99.13721,3.5124],[99.13721,3.5133]],[[99.13811,3.5133],[99.139,3.5124],[99.139,3.5133],[99.13811,3.5133]],[[99.139,3.5124],[99.1399,3.5115],[99.1399,3.5124],[99.139,3.5124]],[[99.13632,3.5106],[99.13811,3.5115],[99.13632,3.5115],[99.13632,3.5106]]],[[[99.14348,3.5187],[99.14617,3.5214],[99.14796,3.5187],[99.14348,3.5187]]],[[[99.13901,3.5268],[99.13721,3.5259],[99.139,3.5232],[99.13721,3.5232],[99.13453,3.5322],[99.13901,3.5268]]],[[[99.14796,3.5214],[99.14259,3.5259],[99.1408,3.5223],[99.1399,3.5295],[99.14259,3.5358],[99.14617,3.534],[99.14796,3.5214]],[[99.14349,3.5313],[99.14438,3.5331],[99.14349,3.5331],[99.14349,3.5313]],[[99.14348,3.5268],[99.14259,3.5277],[99.14259,3.5268],[99.14348,3.5268]]],[[[99.14169,3.5358],[99.1399,3.5331],[99.1399,3.5358],[99.14169,3.5358]]],[[[99.12915,3.5394],[99.13274,3.5403],[99.13363,3.5376],[99.13184,3.5367],[99.12915,3.5394]]],[[[99.14797,3.5385],[99.15334,3.5349],[99.15244,3.5331],[99.14707,3.5331],[99.1408,3.5412],[99.13901,3.5394],[99.13811,3.543],[99.13095,3.5475],[99.13005,3.55201],[99.12826,3.55111],[99.11572,3.55921],[99.12557,3.55831],[99.12557,3.55561],[99.12736,3.55651],[99.12647,3.55921],[99.12916,3.55741],[99.13543,3.55741],[99.13991,3.5538],[99.1399,3.5493],[99.14797,3.5484],[99.15244,3.5376],[99.14797,3.5403],[99.14886,3.543],[99.14259,3.543],[99.14349,3.5385],[99.14797,3.5385]],[[99.12916,3.55741],[99.12826,3.55561],[99.12916,3.55561],[99.12916,3.55741]],[[99.14259,3.5448],[99.13543,3.5493],[99.13453,3.552],[99.13811,3.5529],[99.13184,3.55291],[99.13632,3.5448],[99.13901,3.5457],[99.13901,3.5421],[99.1399,3.5439],[99.1417,3.5421],[99.14259,3.5448]],[[99.13184,3.55291],[99.13005,3.55471],[99.13005,3.55291],[99.13184,3.55291]],[[99.13363,3.55561],[99.13274,3.55651],[99.13274,3.55561],[99.13363,3.55561]],[[99.14797,3.5448],[99.14617,3.5457],[99.14617,3.5448],[99.14797,3.5448]],[[99.14796,3.5358],[99.14707,3.5367],[99.14707,3.5358],[99.14796,3.5358]],[[99.14976,3.5349],[99.14886,3.5358],[99.14886,3.5349],[99.14976,3.5349]]],[[[99.13005,3.56011],[99.13184,3.55831],[99.13005,3.55831],[99.13005,3.56011]]],[[[99.2383,2.9336],[99.23293,2.9264],[99.23293,2.9291],[99.2383,2.9336]]],[[[99.23383,2.9345],[99.23383,2.9318],[99.23114,2.9327],[99.23204,2.9363],[99.23383,2.9345]],[[99.23293,2.9345],[99.23204,2.9336],[99.23293,2.9336],[99.23293,2.9345]]],[[[99.24099,2.9336],[99.2383,2.9336],[99.2383,2.9345],[99.24547,2.939],[99.24457,2.9327],[99.24188,2.9309],[99.24099,2.9336]],[[99.24457,2.9354],[99.24278,2.9363],[99.24278,2.9354],[99.24457,2.9354]]],[[[99.22846,2.9453],[99.23025,2.9426],[99.23293,2.9435],[99.22845,2.9318],[99.22487,2.9318],[99.22487,2.9354],[99.2195,2.9327],[99.21861,2.9345],[99.22129,2.9345],[99.22219,2.939],[99.22666,2.9399],[99.22577,2.9372],[99.22756,2.9372],[99.23025,2.9399],[99.22756,2.9426],[99.22846,2.9453]],[[99.22756,2.9372],[99.22845,2.9363],[99.22846,2.9372],[99.22756,2.9372]],[[99.22756,2.9363],[99.22666,2.9354],[99.22756,2.9354],[99.22756,2.9363]]],[[[99.23562,2.9372],[99.23651,2.9408],[99.2401,2.9426],[99.24009,2.9399],[99.23562,2.9372]]],[[[99.24189,2.9399],[99.24457,2.9408],[99.24457,2.9399],[99.24189,2.9399]]],[[[99.24547,2.9408],[99.24368,2.9435],[99.24547,2.9435],[99.24547,2.9408]]],[[[99.2204,2.9417],[99.21503,2.9444],[99.21592,2.9408],[99.21324,2.9408],[99.21413,2.9462],[99.22219,2.9471],[99.2204,2.9417]]],[[[99.23383,2.948],[99.23114,2.9444],[99.23025,2.9471],[99.23383,2.948]]],[[[99.21682,2.95161],[99.22219,2.9507],[99.22219,2.9498],[99.21592,2.9498],[99.21682,2.95161]]],[[[99.23656,3.17033],[99.24194,3.16853],[99.23656,3.16763],[99.23656,3.17033]]],[[[99.24015,3.17213],[99.24283,3.17123],[99.24015,3.17123],[99.24015,3.17213]]],[[[99.24377,3.33325],[99.2375,3.32785],[99.2375,3.33055],[99.24018,3.33055],[99.24019,3.33685],[99.24377,3.33325]]],[[[99.24108,3.33775],[99.24019,3.34135],[99.24287,3.34135],[99.24377,3.33955],[99.24108,3.33775]]],[[[99.20526,3.36927],[99.20795,3.37017],[99.20974,3.36747],[99.20705,3.36747],[99.20526,3.36927]]],[[[99.2178,3.37106],[99.22228,3.37916],[99.22676,3.37826],[99.22766,3.38456],[99.23124,3.38186],[99.23034,3.37826],[99.23303,3.38006],[99.23124,3.37556],[99.22318,3.37736],[99.22586,3.37646],[99.22676,3.37376],[99.22497,3.37286],[99.22318,3.37556],[99.22049,3.37376],[99.22497,3.36386],[99.22228,3.36386],[99.22049,3.36746],[99.2187,3.36386],[99.21601,3.36386],[99.21601,3.36836],[99.21243,3.37017],[99.22138,3.36836],[99.22049,3.37106],[99.2178,3.37106]],[[99.2187,3.36836],[99.2178,3.36746],[99.2187,3.36746],[99.2187,3.36836]]],[[[99.21064,3.38007],[99.2178,3.37827],[99.2178,3.38277],[99.22228,3.38006],[99.2196,3.38006],[99.21959,3.37646],[99.21332,3.37467],[99.21422,3.37197],[99.21064,3.37197],[99.20884,3.36927],[99.20974,3.37287],[99.20795,3.37197],[99.20795,3.37377],[99.20974,3.37467],[99.20705,3.37557],[99.21064,3.37557],[99.21064,3.38007]]],[[[99.18556,3.38187],[99.18825,3.38277],[99.18914,3.38007],[99.18646,3.38007],[99.18556,3.38187]]],[[[99.22497,3.38096],[99.22049,3.38457],[99.22587,3.38546],[99.22497,3.38096]]],[[[99.20706,3.38997],[99.20974,3.39087],[99.20974,3.38727],[99.20706,3.38727],[99.20706,3.38997]]],[[[99.19004,3.39087],[99.18556,3.38727],[99.18646,3.39177],[99.19004,3.39087]]],[[[99.21602,3.39357],[99.21333,3.38997],[99.21154,3.39267],[99.21243,3.39537],[99.21602,3.39357]]],[[[99.21512,3.39807],[99.21691,3.39447],[99.21602,3.39447],[99.21512,3.39807]]],[[[99.21422,3.39717],[99.21154,3.39627],[99.21064,3.39537],[99.21064,3.39717],[99.21422,3.39717]]],[[[99.23751,3.40616],[99.23662,3.40256],[99.23662,3.40616],[99.23751,3.40616]]],[[[99.2402,3.40706],[99.23841,3.40526],[99.23841,3.40706],[99.2402,3.40706]]],[[[99.23752,3.42687],[99.23931,3.43047],[99.242,3.42597],[99.24379,3.42687],[99.24468,3.42056],[99.24648,3.42146],[99.24558,3.41786],[99.24827,3.41786],[99.24737,3.42146],[99.25095,3.42146],[99.25095,3.41966],[99.24737,3.41516],[99.23931,3.41426],[99.23483,3.41067],[99.23752,3.40706],[99.23572,3.40616],[99.23572,3.40256],[99.23304,3.40346],[99.23214,3.39716],[99.22945,3.39897],[99.22945,3.40527],[99.23214,3.40166],[99.23304,3.41067],[99.23035,3.41157],[99.23214,3.40707],[99.22945,3.40617],[99.23125,3.40887],[99.22587,3.41067],[99.22408,3.41697],[99.22767,3.41787],[99.22677,3.42057],[99.22856,3.42147],[99.23304,3.42147],[99.23125,3.42507],[99.23752,3.42687]],[[99.24021,3.42867],[99.23931,3.42777],[99.24021,3.42777],[99.24021,3.42867]],[[99.24379,3.42417],[99.24289,3.42327],[99.24379,3.42326],[99.24379,3.42417]],[[99.24468,3.41606],[99.24379,3.41696],[99.24379,3.41606],[99.24468,3.41606]],[[99.23483,3.41067],[99.23393,3.41247],[99.23393,3.41067],[99.23483,3.41067]],[[99.22587,3.41517],[99.22677,3.41607],[99.22587,3.41607],[99.22587,3.41517]],[[99.23483,3.42597],[99.23573,3.42507],[99.23573,3.42597],[99.23483,3.42597]],[[99.24021,3.42687],[99.23842,3.42687],[99.23931,3.42327],[99.24021,3.42327],[99.24021,3.42687]],[[99.23752,3.42507],[99.23662,3.42417],[99.23752,3.42417],[99.23752,3.42507]],[[99.23662,3.42417],[99.23573,3.42327],[99.23662,3.42327],[99.23662,3.42417]],[[99.242,3.42417],[99.2411,3.42507],[99.2411,3.42417],[99.242,3.42417]],[[99.2411,3.42147],[99.24021,3.42057],[99.2411,3.42057],[99.2411,3.42147]],[[99.23752,3.42057],[99.23662,3.41787],[99.2402,3.41606],[99.24021,3.42057],[99.23752,3.42057]],[[99.23662,3.41877],[99.23483,3.42057],[99.23394,3.41787],[99.23662,3.41877]],[[99.23662,3.41787],[99.23573,3.41697],[99.23662,3.41697],[99.23662,3.41787]],[[99.23214,3.39986],[99.23124,3.40077],[99.23124,3.39986],[99.23214,3.39986]]],[[[99.19273,3.41698],[99.19184,3.41428],[99.19004,3.41338],[99.19094,3.41698],[99.19273,3.41698]]],[[[99.19363,3.41968],[99.19721,3.42328],[99.19363,3.42148],[99.19273,3.42598],[99.2008,3.43588],[99.20617,3.43498],[99.20438,3.43318],[99.20617,3.42957],[99.21244,3.42777],[99.20975,3.42237],[99.20617,3.42237],[99.20796,3.42057],[99.20617,3.41787],[99.20079,3.41967],[99.20079,3.41607],[99.19631,3.41337],[99.19721,3.41157],[99.19094,3.40617],[99.18915,3.40077],[99.1784,3.39538],[99.1775,3.40258],[99.17929,3.40438],[99.17481,3.40078],[99.17213,3.40168],[99.17571,3.40528],[99.17392,3.40798],[99.17661,3.40888],[99.17571,3.41158],[99.18288,3.40618],[99.19363,3.41428],[99.19273,3.41608],[99.19721,3.41697],[99.19363,3.41968]],[[99.20348,3.43408],[99.20169,3.43228],[99.20259,3.43228],[99.20348,3.43408]],[[99.20438,3.42777],[99.20438,3.43138],[99.20259,3.43138],[99.20348,3.42597],[99.20886,3.42687],[99.20438,3.42777]],[[99.21065,3.42417],[99.20886,3.42507],[99.20886,3.42417],[99.21065,3.42417]],[[99.17929,3.40438],[99.18109,3.40528],[99.17929,3.40528],[99.17929,3.40438]],[[99.19542,3.41608],[99.19721,3.41517],[99.19721,3.41607],[99.19542,3.41608]],[[99.19632,3.42418],[99.19542,3.42508],[99.19542,3.42418],[99.19632,3.42418]],[[99.20438,3.42057],[99.20348,3.42147],[99.20348,3.42057],[99.20438,3.42057]],[[99.18198,3.40168],[99.18467,3.39897],[99.18467,3.40168],[99.18198,3.40168]]],[[[99.22319,3.41607],[99.2205,3.41247],[99.21423,3.41517],[99.2196,3.41787],[99.2196,3.42057],[99.2205,3.41787],[99.22319,3.41607]]],[[[99.2214,3.41787],[99.22408,3.41877],[99.22319,3.41697],[99.2214,3.41787]]],[[[99.22229,3.42147],[99.22587,3.42057],[99.22319,3.41967],[99.22229,3.42147]]],[[[99.22946,3.43137],[99.23036,3.43317],[99.23304,3.43497],[99.23304,3.43137],[99.22946,3.43137]]],[[[99.18288,3.43858],[99.19542,3.43678],[99.19363,3.43498],[99.19632,3.43228],[99.19184,3.43228],[99.19274,3.43498],[99.19005,3.43228],[99.18647,3.43768],[99.18288,3.43858]],[[99.18915,3.43498],[99.19094,3.43678],[99.18915,3.43678],[99.18915,3.43498]]],[[[99.20886,3.43948],[99.21065,3.44128],[99.21244,3.43857],[99.20886,3.43948]]],[[[99.19632,3.43948],[99.19274,3.44038],[99.19453,3.44218],[99.19632,3.43948]]],[[[99.20438,3.43948],[99.20349,3.44218],[99.20438,3.44218],[99.20438,3.43948]]],[[[99.21244,3.44127],[99.21065,3.44398],[99.21155,3.44398],[99.21244,3.44127]]],[[[99.20886,3.44578],[99.20976,3.44218],[99.20796,3.44218],[99.20886,3.44578]]],[[[99.19274,3.44308],[99.19005,3.44758],[99.19274,3.44758],[99.19542,3.44308],[99.19274,3.44308]]],[[[99.20797,3.45028],[99.20617,3.44218],[99.2008,3.44308],[99.20528,3.44578],[99.20259,3.45028],[99.20797,3.45028]]],[[[99.19901,3.44758],[99.19901,3.45118],[99.20259,3.45118],[99.2017,3.44848],[99.19901,3.44758]]],[[[99.23573,3.45027],[99.23484,3.45297],[99.24021,3.45387],[99.24021,3.45207],[99.23573,3.45027]]],[[[99.20886,3.45028],[99.21155,3.45388],[99.21245,3.45118],[99.20886,3.45028]]],[[[99.18826,3.45658],[99.19095,3.46108],[99.19274,3.44938],[99.18916,3.44758],[99.18378,3.45388],[99.18468,3.45748],[99.18826,3.45658]],[[99.19095,3.44938],[99.19005,3.45028],[99.19005,3.44938],[99.19095,3.44938]],[[99.18557,3.45298],[99.18647,3.45388],[99.18557,3.45388],[99.18557,3.45298]]],[[[99.23394,3.45207],[99.23036,3.45387],[99.23215,3.45657],[99.23036,3.45747],[99.23305,3.45747],[99.23574,3.45477],[99.23394,3.45207]]],[[[99.21513,3.45748],[99.21513,3.45208],[99.21424,3.45748],[99.21513,3.45748]]],[[[99.19901,3.45388],[99.19991,3.45568],[99.19632,3.45388],[99.19722,3.45838],[99.20259,3.45838],[99.19901,3.45388]]],[[[99.21872,3.45748],[99.21872,3.46018],[99.2232,3.45747],[99.21872,3.45748]]],[[[99.18647,3.45838],[99.18826,3.46018],[99.18826,3.45838],[99.18647,3.45838]]],[[[99.20707,3.46558],[99.20528,3.46558],[99.20618,3.46198],[99.21066,3.46468],[99.21513,3.46198],[99.21155,3.45838],[99.21155,3.45478],[99.20976,3.45478],[99.20976,3.45928],[99.20707,3.45928],[99.20797,3.45568],[99.20438,3.45568],[99.20259,3.45838],[99.20439,3.46288],[99.2017,3.46198],[99.2017,3.46558],[99.20439,3.46648],[99.20707,3.46558]],[[99.20797,3.46198],[99.20886,3.46108],[99.20886,3.46198],[99.20797,3.46198]],[[99.20438,3.45748],[99.20528,3.45838],[99.20439,3.45838],[99.20438,3.45748]],[[99.20439,3.46198],[99.20528,3.46108],[99.20528,3.46198],[99.20439,3.46198]]],[[[99.22768,3.47188],[99.23216,3.46647],[99.23843,3.46467],[99.24469,3.45747],[99.24738,3.45747],[99.24648,3.45297],[99.2438,3.45297],[99.24469,3.45657],[99.2438,3.45477],[99.24021,3.45567],[99.23395,3.46467],[99.22857,3.46647],[99.22768,3.47188]]],[[[99.2241,3.47998],[99.22141,3.48448],[99.22947,3.47818],[99.22947,3.48088],[99.23305,3.48088],[99.23216,3.48358],[99.23664,3.48718],[99.23664,3.47637],[99.24738,3.46827],[99.24649,3.46557],[99.25097,3.47097],[99.25276,3.47007],[99.25007,3.46647],[99.25186,3.46647],[99.25097,3.46467],[99.25455,3.46557],[99.25723,3.45477],[99.25186,3.45387],[99.23484,3.47187],[99.23037,3.47277],[99.23126,3.47728],[99.2232,3.47818],[99.22768,3.47278],[99.22589,3.46648],[99.22857,3.46467],[99.22588,3.46467],[99.22588,3.46287],[99.22947,3.46377],[99.22947,3.46017],[99.23305,3.46107],[99.23036,3.45747],[99.22409,3.45837],[99.2223,3.46288],[99.21872,3.46198],[99.21514,3.46558],[99.21334,3.46468],[99.21334,3.46738],[99.20707,3.46828],[99.20708,3.47278],[99.21155,3.47278],[99.21245,3.47548],[99.21514,3.47458],[99.21514,3.47728],[99.21962,3.47638],[99.21872,3.47818],[99.2241,3.47998]],[[99.23664,3.47637],[99.23574,3.47457],[99.23664,3.47457],[99.23664,3.47637]],[[99.24291,3.47007],[99.24201,3.46917],[99.24291,3.46917],[99.24291,3.47007]],[[99.24201,3.46917],[99.24022,3.46827],[99.24201,3.46827],[99.24201,3.46917]],[[99.23305,3.47277],[99.23395,3.47367],[99.23305,3.47367],[99.23305,3.47277]],[[99.23395,3.47367],[99.23484,3.47457],[99.23395,3.47457],[99.23395,3.47367]],[[99.23216,3.47547],[99.23305,3.47637],[99.23216,3.47637],[99.23216,3.47547]],[[99.22857,3.45837],[99.22947,3.45927],[99.22857,3.45927],[99.22857,3.45837]],[[99.22678,3.45927],[99.22768,3.46017],[99.22678,3.46017],[99.22678,3.45927]],[[99.21424,3.47458],[99.21335,3.47368],[99.21424,3.47368],[99.21424,3.47458]],[[99.23485,3.48087],[99.23305,3.47908],[99.23395,3.47727],[99.23574,3.47817],[99.23485,3.48087]],[[99.22589,3.47818],[99.22499,3.47998],[99.22499,3.47818],[99.22589,3.47818]],[[99.21603,3.47548],[99.21693,3.47458],[99.21693,3.47548],[99.21603,3.47548]],[[99.21693,3.47458],[99.21782,3.47368],[99.21783,3.47458],[99.21693,3.47458]],[[99.21603,3.47368],[99.21603,3.47188],[99.21782,3.47098],[99.21872,3.47278],[99.21603,3.47368]],[[99.21783,3.47458],[99.21872,3.47548],[99.21783,3.47548],[99.21783,3.47458]],[[99.22051,3.47548],[99.2223,3.47458],[99.2223,3.47548],[99.22051,3.47548]],[[99.22051,3.47458],[99.21962,3.47368],[99.22051,3.47368],[99.22051,3.47458]],[[99.2223,3.47278],[99.2241,3.47368],[99.2241,3.47458],[99.2223,3.47458],[99.2223,3.47278]],[[99.21514,3.47278],[99.21424,3.47098],[99.21514,3.47098],[99.21514,3.47278]],[[99.21424,3.47098],[99.21155,3.46918],[99.21424,3.46918],[99.21424,3.47098]],[[99.2223,3.47098],[99.22141,3.47188],[99.22141,3.47098],[99.2223,3.47098]],[[99.22589,3.47098],[99.22499,3.47188],[99.22499,3.47098],[99.22589,3.47098]],[[99.24201,3.47097],[99.24111,3.47187],[99.24111,3.47097],[99.24201,3.47097]],[[99.22409,3.46828],[99.2232,3.47008],[99.2223,3.46828],[99.22409,3.46828]],[[99.22499,3.46648],[99.22409,3.46738],[99.22409,3.46648],[99.22499,3.46648]],[[99.2223,3.46468],[99.22141,3.46558],[99.22141,3.46468],[99.2223,3.46468]],[[99.2232,3.46468],[99.22409,3.46378],[99.22409,3.46468],[99.2232,3.46468]],[[99.22409,3.46378],[99.22499,3.46287],[99.22499,3.46378],[99.22409,3.46378]],[[99.25186,3.46197],[99.25097,3.46287],[99.25097,3.46197],[99.25186,3.46197]],[[99.25455,3.46017],[99.25186,3.45927],[99.25455,3.45837],[99.25455,3.46017]],[[99.25455,3.45837],[99.25544,3.45747],[99.25544,3.45837],[99.25455,3.45837]]],[[[99.20349,3.47008],[99.20439,3.47188],[99.20708,3.47188],[99.20707,3.46918],[99.20349,3.47008]]],[[[99.20708,3.47908],[99.20887,3.47998],[99.21066,3.47818],[99.20797,3.47638],[99.20708,3.47908]]],[[[99.21783,3.48088],[99.21783,3.47908],[99.21872,3.47818],[99.21603,3.47908],[99.21783,3.48088]]],[[[99.19454,3.48088],[99.19364,3.48268],[99.20081,3.48808],[99.20349,3.48268],[99.19454,3.48088]]],[[[99.20798,3.49258],[99.20529,3.48898],[99.21425,3.48808],[99.21335,3.49078],[99.21783,3.48988],[99.21604,3.48718],[99.21872,3.48718],[99.21693,3.48538],[99.22141,3.48088],[99.21604,3.48178],[99.21514,3.48628],[99.21245,3.48448],[99.21514,3.48268],[99.21335,3.47998],[99.20976,3.47998],[99.20887,3.48358],[99.20439,3.48448],[99.20439,3.48718],[99.2017,3.48718],[99.20081,3.48988],[99.20529,3.49078],[99.20439,3.49438],[99.20798,3.49258]],[[99.21425,3.48808],[99.21514,3.48718],[99.21514,3.48808],[99.21425,3.48808]],[[99.21245,3.48448],[99.21156,3.48538],[99.21156,3.48448],[99.21245,3.48448]],[[99.21245,3.48358],[99.21156,3.48268],[99.21245,3.48268],[99.21245,3.48358]],[[99.2017,3.48808],[99.2026,3.48898],[99.2017,3.48898],[99.2017,3.48808]],[[99.20887,3.48628],[99.20977,3.48538],[99.20977,3.48628],[99.20887,3.48628]],[[99.20977,3.48538],[99.21066,3.48358],[99.21066,3.48538],[99.20977,3.48538]]],[[[99.18827,3.48989],[99.18916,3.48719],[99.18468,3.48809],[99.18468,3.49079],[99.18827,3.48989]]],[[[99.21156,3.48988],[99.20977,3.49078],[99.21066,3.49258],[99.21156,3.49258],[99.21156,3.48988]]],[[[99.35253,1.28993],[99.35253,1.28543],[99.35163,1.28543],[99.34985,1.28813],[99.35253,1.28993]]],[[[99.35611,1.29533],[99.3579,1.29353],[99.35521,1.29353],[99.35611,1.29533]]],[[[99.33554,1.31333],[99.33912,1.31423],[99.33912,1.31153],[99.33733,1.31153],[99.33554,1.31333]]],[[[99.32838,1.31243],[99.33107,1.31604],[99.33286,1.31423],[99.32838,1.31243]]],[[[99.33375,1.31153],[99.33196,1.31243],[99.33375,1.31333],[99.33286,1.31784],[99.33554,1.31693],[99.33375,1.31153]]],[[[99.3266,1.31964],[99.32034,1.31874],[99.31944,1.32144],[99.32391,1.32144],[99.32302,1.32324],[99.3266,1.32594],[99.3266,1.31964]],[[99.32391,1.32144],[99.3257,1.32054],[99.3257,1.32144],[99.32391,1.32144]]],[[[99.26158,2.93899],[99.26337,2.93989],[99.26158,2.93629],[99.26158,2.93899]]],[[[99.258,2.93809],[99.25531,2.93719],[99.25442,2.939],[99.25263,2.9354],[99.25263,2.9399],[99.2589,2.94079],[99.25979,2.94349],[99.258,2.93809]]],[[[99.25532,2.9588],[99.26159,2.9606],[99.25979,2.9561],[99.25711,2.9561],[99.25979,2.9507],[99.25353,2.948],[99.25174,2.9516],[99.25263,2.9471],[99.24905,2.9471],[99.24905,2.9525],[99.25263,2.9525],[99.25532,2.9588]],[[99.25442,2.9525],[99.25621,2.9543],[99.25621,2.9561],[99.25442,2.9552],[99.25442,2.9525]],[[99.25442,2.9507],[99.25353,2.9516],[99.25353,2.9507],[99.25442,2.9507]]],[[[99.32607,3.03889],[99.32607,3.03529],[99.32338,3.03529],[99.32607,3.03889]]],[[[99.37898,3.2594],[99.38256,3.2603],[99.38166,3.2558],[99.37898,3.2567],[99.37898,3.2594]]],[[[99.37092,3.2639],[99.37181,3.2594],[99.36823,3.2558],[99.36644,3.26031],[99.36913,3.2621],[99.36734,3.26391],[99.37092,3.2639]]],[[[99.36734,3.26571],[99.36465,3.25941],[99.36644,3.25671],[99.36465,3.25581],[99.36376,3.26301],[99.36734,3.26751],[99.37003,3.26751],[99.37092,3.2648],[99.36734,3.26571]]],[[[99.36107,3.25941],[99.36107,3.26391],[99.36286,3.26391],[99.36107,3.25941]]],[[[99.3754,3.2621],[99.37271,3.2648],[99.3754,3.2648],[99.3754,3.2621]]],[[[99.37809,3.2684],[99.37719,3.2702],[99.37809,3.2711],[99.37451,3.2747],[99.37809,3.2747],[99.37719,3.272],[99.37988,3.2711],[99.37809,3.2684]]],[[[99.38615,3.272],[99.38436,3.2738],[99.38615,3.2738],[99.38615,3.272]]],[[[99.40854,3.27559],[99.40943,3.27199],[99.40764,3.27199],[99.40854,3.27559]]],[[[99.40137,3.27379],[99.40048,3.27829],[99.40406,3.28009],[99.40138,3.28279],[99.40406,3.28099],[99.40944,3.28279],[99.40854,3.27919],[99.40585,3.28099],[99.40227,3.27739],[99.40137,3.27379]]],[[[99.39959,3.2873],[99.39958,3.281],[99.396,3.2792],[99.39869,3.2756],[99.396,3.2738],[99.39242,3.2747],[99.39331,3.2765],[99.38704,3.2747],[99.38884,3.2792],[99.38705,3.2801],[99.38346,3.2729],[99.37988,3.2729],[99.37809,3.2756],[99.37899,3.2792],[99.38257,3.2774],[99.38973,3.2846],[99.39242,3.2828],[99.39511,3.2855],[99.3969,3.2828],[99.3969,3.2873],[99.39959,3.2873]],[[99.396,3.2792],[99.39511,3.2801],[99.39511,3.2792],[99.396,3.2792]],[[99.396,3.2801],[99.3969,3.2819],[99.396,3.2819],[99.396,3.2801]],[[99.38973,3.2792],[99.39242,3.2792],[99.39242,3.2819],[99.39063,3.2819],[99.38973,3.2792]],[[99.38705,3.2801],[99.38794,3.281],[99.38705,3.281],[99.38705,3.2801]],[[99.39511,3.2828],[99.39421,3.281],[99.39511,3.281],[99.39511,3.2828]],[[99.38167,3.2738],[99.38257,3.2747],[99.38167,3.2747],[99.38167,3.2738]]],[[[99.35749,3.28191],[99.35839,3.28281],[99.35839,3.28011],[99.35749,3.28191]]],[[[99.40407,3.28729],[99.40586,3.28729],[99.40765,3.28549],[99.40496,3.28549],[99.40407,3.28729]]],[[[99.39421,3.2891],[99.3969,3.2873],[99.39421,3.2864],[99.39421,3.2891]]],[[[99.34764,3.29092],[99.35033,3.29272],[99.35033,3.29002],[99.34764,3.29092]]],[[[99.38884,3.299],[99.38437,3.2981],[99.38437,3.3008],[99.39064,3.3044],[99.38884,3.299]]],[[[99.39691,3.3143],[99.39512,3.3116],[99.39422,3.3143],[99.39691,3.3143]]],[[[99.38527,3.3116],[99.39064,3.317],[99.38796,3.317],[99.38796,3.3197],[99.39602,3.3206],[99.39154,3.3143],[99.38975,3.3152],[99.39064,3.3098],[99.38527,3.3116]],[[99.38795,3.3116],[99.38885,3.3125],[99.38795,3.3125],[99.38795,3.3116]]],[[[99.40229,3.3188],[99.40408,3.3179],[99.40318,3.3125],[99.40139,3.3125],[99.40229,3.3188]],[[99.40229,3.3161],[99.40318,3.3152],[99.40318,3.3161],[99.40229,3.3161]]],[[[99.39781,3.3134],[99.39691,3.3143],[99.39691,3.317],[99.3987,3.3188],[99.39781,3.3134]]],[[[99.39423,3.326],[99.39244,3.3233],[99.39244,3.3269],[99.39602,3.3287],[99.39692,3.3251],[99.39423,3.326]]],[[[99.38886,3.32691],[99.38706,3.32781],[99.38707,3.33231],[99.38886,3.33231],[99.38796,3.32961],[99.39065,3.33141],[99.38886,3.32691]]],[[[99.38976,3.33861],[99.39155,3.33501],[99.38617,3.33321],[99.38617,3.34041],[99.39065,3.34311],[99.39244,3.34131],[99.38976,3.33861]],[[99.38976,3.34041],[99.38886,3.34131],[99.38886,3.34041],[99.38976,3.34041]]],[[[99.39334,3.34041],[99.39513,3.34941],[99.40051,3.3476],[99.4005,3.3287],[99.39692,3.3305],[99.39871,3.3332],[99.39334,3.3332],[99.39244,3.33861],[99.39692,3.3422],[99.39334,3.34041]],[[99.39871,3.3332],[99.4005,3.335],[99.39871,3.335],[99.39871,3.3332]],[[99.39334,3.3386],[99.39692,3.3377],[99.39692,3.3386],[99.39334,3.3386]],[[99.39603,3.3458],[99.39513,3.34671],[99.39513,3.3458],[99.39603,3.3458]]],[[[99.40409,3.3422],[99.40857,3.3422],[99.40856,3.3395],[99.40498,3.3395],[99.40409,3.3422]]],[[[99.40678,3.3503],[99.4032,3.3503],[99.40499,3.3548],[99.40947,3.3539],[99.40946,3.3512],[99.40678,3.3521],[99.40678,3.3503]]],[[[99.26258,3.35215],[99.25721,3.35305],[99.26258,3.35305],[99.26258,3.35215]]],[[[99.26706,3.35665],[99.26706,3.35485],[99.26885,3.35215],[99.26437,3.35305],[99.26706,3.35665]]],[[[99.27154,3.35665],[99.27154,3.36025],[99.27602,3.35845],[99.27154,3.35665]]],[[[99.27691,3.36205],[99.2796,3.36115],[99.2787,3.35935],[99.27512,3.35935],[99.27691,3.36205]],[[99.27691,3.36115],[99.27781,3.36025],[99.27781,3.36115],[99.27691,3.36115]]],[[[99.27423,3.36295],[99.27333,3.36025],[99.27243,3.36025],[99.27244,3.36385],[99.27423,3.36295]]],[[[99.31096,3.39624],[99.31275,3.39354],[99.30917,3.39354],[99.30737,3.38994],[99.3029,3.39174],[99.30379,3.39534],[99.30738,3.39354],[99.31096,3.39624]],[[99.30469,3.39174],[99.30558,3.39264],[99.30469,3.39264],[99.30469,3.39174]]],[[[99.28946,3.39715],[99.28498,3.39715],[99.28409,3.39445],[99.28946,3.39265],[99.29036,3.38995],[99.29215,3.39175],[99.29215,3.38815],[99.29573,3.38635],[99.29573,3.38094],[99.29304,3.38185],[99.29215,3.38725],[99.29036,3.38725],[99.29125,3.38455],[99.28856,3.38545],[99.28767,3.38365],[99.28588,3.38725],[99.27781,3.38185],[99.27782,3.38635],[99.27334,3.38905],[99.27423,3.39085],[99.27782,3.38995],[99.27692,3.39625],[99.28319,3.39985],[99.2814,3.40165],[99.27692,3.39805],[99.28051,3.40345],[99.28409,3.40165],[99.28947,3.40615],[99.29036,3.40075],[99.29484,3.40255],[99.29394,3.40705],[99.29484,3.40705],[99.29753,3.40435],[99.29663,3.40075],[99.30111,3.39625],[99.29215,3.39355],[99.28946,3.39715]],[[99.29573,3.39625],[99.29573,3.39895],[99.29305,3.39985],[99.29215,3.39535],[99.29573,3.39625]],[[99.28498,3.39805],[99.28767,3.40075],[99.28499,3.40165],[99.28498,3.39805]],[[99.28677,3.39175],[99.28498,3.39265],[99.28498,3.39175],[99.28677,3.39175]],[[99.2805,3.39085],[99.27961,3.39175],[99.27961,3.39085],[99.2805,3.39085]],[[99.2814,3.38815],[99.27961,3.38995],[99.2805,3.38815],[99.2814,3.38815]],[[99.27782,3.38725],[99.27692,3.38815],[99.27692,3.38725],[99.27782,3.38725]]],[[[99.29932,3.40075],[99.30469,3.39624],[99.3029,3.39534],[99.29932,3.40075]]],[[[99.27334,3.40075],[99.27513,3.39985],[99.27424,3.39805],[99.27244,3.39805],[99.27334,3.40075]]],[[[99.24826,3.39806],[99.24378,3.40256],[99.24826,3.40166],[99.24826,3.39806]]],[[[99.27603,3.39985],[99.27513,3.40255],[99.27872,3.40525],[99.27872,3.40075],[99.27603,3.39985]]],[[[99.27155,3.40435],[99.27513,3.40705],[99.27424,3.40255],[99.27155,3.40435]]],[[[99.27155,3.40526],[99.27066,3.40796],[99.27155,3.40796],[99.27155,3.40526]]],[[[99.27872,3.41065],[99.2814,3.40795],[99.27693,3.40795],[99.27872,3.41065]]],[[[99.28767,3.40705],[99.28499,3.41065],[99.28409,3.40705],[99.28409,3.41155],[99.28857,3.41335],[99.28947,3.40795],[99.28767,3.40705]]],[[[99.27066,3.40976],[99.27424,3.40975],[99.27155,3.41426],[99.27335,3.41516],[99.27603,3.40975],[99.27066,3.40976]]],[[[99.28051,3.41155],[99.27782,3.41605],[99.2823,3.41515],[99.28051,3.41155]]],[[[99.29842,3.41425],[99.29484,3.41335],[99.29574,3.41155],[99.29215,3.41245],[99.28947,3.41965],[99.29395,3.41965],[99.29484,3.41695],[99.29843,3.41695],[99.29842,3.41425]],[[99.29574,3.41515],[99.29305,3.41605],[99.29305,3.41515],[99.29574,3.41515]]],[[[99.29932,3.42145],[99.29395,3.42325],[99.29395,3.42595],[99.29843,3.42415],[99.29932,3.42145]]],[[[99.25544,3.43856],[99.26171,3.44216],[99.25902,3.43856],[99.25544,3.43856]]],[[[99.23842,3.44757],[99.24201,3.45207],[99.2438,3.44937],[99.24648,3.45027],[99.24648,3.45297],[99.24828,3.45297],[99.24738,3.45117],[99.25723,3.45207],[99.25723,3.45387],[99.25992,3.45206],[99.25723,3.45027],[99.25813,3.44756],[99.25454,3.44577],[99.25813,3.44306],[99.25633,3.44126],[99.25096,3.44307],[99.25006,3.44127],[99.25365,3.43586],[99.25185,3.43586],[99.25275,3.43226],[99.24916,3.42866],[99.24379,3.43137],[99.24379,3.43497],[99.23931,3.43947],[99.23573,3.44037],[99.23752,3.44487],[99.23573,3.44667],[99.23932,3.44667],[99.23842,3.44307],[99.2429,3.44307],[99.24111,3.44667],[99.23842,3.44757]],[[99.25634,3.45027],[99.25365,3.45027],[99.25544,3.44757],[99.25634,3.44756],[99.25634,3.45027]],[[99.25096,3.44307],[99.25006,3.44397],[99.25006,3.44307],[99.25096,3.44307]],[[99.24827,3.44397],[99.25096,3.44667],[99.24738,3.44667],[99.24827,3.44397]],[[99.24738,3.44847],[99.24559,3.44757],[99.24469,3.44577],[99.24738,3.44667],[99.24738,3.44847]],[[99.24648,3.44847],[99.24559,3.44937],[99.24559,3.44847],[99.24648,3.44847]],[[99.24111,3.44217],[99.24021,3.44127],[99.24111,3.44127],[99.24111,3.44217]],[[99.2429,3.44667],[99.242,3.44757],[99.242,3.44667],[99.2429,3.44667]],[[99.24558,3.43857],[99.24469,3.43947],[99.24469,3.43857],[99.24558,3.43857]],[[99.24648,3.43677],[99.24558,3.43767],[99.24558,3.43677],[99.24648,3.43677]]],[[[99.27604,3.44306],[99.27156,3.44306],[99.27246,3.44576],[99.27783,3.44486],[99.27694,3.44036],[99.27604,3.44306]]],[[[99.27962,3.44306],[99.28052,3.44666],[99.28589,3.44576],[99.2841,3.44306],[99.27962,3.44306]]],[[[99.25902,3.44936],[99.2635,3.45296],[99.26529,3.44486],[99.26171,3.44666],[99.25902,3.44396],[99.25902,3.44936]],[[99.26171,3.44666],[99.26081,3.44756],[99.26081,3.44666],[99.26171,3.44666]],[[99.26171,3.44756],[99.2635,3.44936],[99.26171,3.44936],[99.26171,3.44756]]],[[[99.27604,3.45296],[99.27783,3.45206],[99.27604,3.45026],[99.27604,3.45296]]],[[[99.27246,3.45656],[99.27156,3.45026],[99.26888,3.45116],[99.26888,3.45566],[99.27157,3.45476],[99.27246,3.45656]],[[99.27067,3.45206],[99.26977,3.45296],[99.26977,3.45206],[99.27067,3.45206]]],[[[99.28052,3.45476],[99.27873,3.45296],[99.27784,3.45476],[99.28052,3.45476]]],[[[99.55188,0.81643],[99.5483,0.81463],[99.54741,0.82003],[99.5492,0.82003],[99.5492,0.81733],[99.55188,0.81643]]],[[[99.53044,0.95865],[99.52597,0.95775],[99.52597,0.96045],[99.53044,0.95865]]],[[[99.47858,0.97306],[99.47679,0.97486],[99.47858,0.97486],[99.47858,0.97306]]],[[[99.48573,0.97756],[99.48484,0.97576],[99.48305,0.97576],[99.48573,0.97756]]],[[[99.48573,0.97756],[99.48305,0.97936],[99.48305,0.97756],[99.4759,0.97666],[99.48126,0.98116],[99.48663,0.98026],[99.48752,0.97756],[99.48573,0.97756]]],[[[99.44818,0.98207],[99.44549,0.98387],[99.44818,0.98297],[99.44818,0.98207]]],[[[99.4911,0.98656],[99.4911,0.98116],[99.49289,0.98026],[99.48931,0.98206],[99.4911,0.98656]],[[99.4911,0.98296],[99.4902,0.98386],[99.4902,0.98296],[99.4911,0.98296]]],[[[99.44996,0.98567],[99.44818,0.98297],[99.44818,0.98567],[99.44996,0.98567]]],[[[99.48573,0.98476],[99.48573,0.98656],[99.48842,0.98656],[99.48842,0.98566],[99.48573,0.98476]]],[[[99.47232,0.99287],[99.46964,0.99017],[99.47143,1.00277],[99.47411,1.00097],[99.47411,1.00547],[99.47769,1.00367],[99.4759,1.00727],[99.47769,1.00727],[99.47769,1.00547],[99.47948,1.00457],[99.48037,1.00277],[99.48127,1.00457],[99.48305,1.00277],[99.47769,1.00097],[99.47769,0.99827],[99.4759,0.99917],[99.47322,0.99827],[99.47769,0.99737],[99.47769,0.99557],[99.48484,0.99827],[99.48752,0.99556],[99.48395,0.99647],[99.48305,0.99467],[99.48842,0.99286],[99.48842,0.98836],[99.48484,0.98926],[99.48484,0.98566],[99.48216,0.98656],[99.48037,0.98386],[99.47947,0.98566],[99.47679,0.98296],[99.4759,0.99017],[99.47411,0.98837],[99.47232,0.99287]],[[99.47948,1.00367],[99.47858,1.00277],[99.47948,1.00277],[99.47948,1.00367]],[[99.48305,0.98656],[99.48395,0.98746],[99.48305,0.98746],[99.48305,0.98656]],[[99.47947,0.98566],[99.47769,0.98657],[99.47769,0.98566],[99.47947,0.98566]],[[99.475,0.99017],[99.47411,0.99287],[99.47411,0.99017],[99.475,0.99017]],[[99.47679,1.00097],[99.4759,1.00277],[99.47501,1.00097],[99.47679,1.00097]],[[99.48037,0.99377],[99.48216,0.99197],[99.48216,0.99377],[99.48037,0.99377]],[[99.48216,0.99197],[99.48305,0.99106],[99.48305,0.99197],[99.48216,0.99197]],[[99.48305,0.99106],[99.48395,0.98926],[99.48395,0.99106],[99.48305,0.99106]],[[99.48573,0.99196],[99.48484,0.99286],[99.48484,0.99196],[99.48573,0.99196]]],[[[99.492,0.99646],[99.48842,0.99556],[99.48663,0.99917],[99.4911,0.99916],[99.492,0.99646]],[[99.48752,0.99737],[99.48842,0.99827],[99.48752,0.99827],[99.48752,0.99737]]],[[[99.48931,1.00457],[99.48753,1.00637],[99.49021,1.00637],[99.48931,1.00457]]],[[[99.47858,1.00547],[99.48037,1.00817],[99.48037,1.00547],[99.47858,1.00547]]],[[[99.48753,1.00637],[99.48574,1.00817],[99.48753,1.00817],[99.48753,1.00637]]],[[[99.46964,1.00997],[99.46517,1.00817],[99.46517,1.01087],[99.46964,1.00997]]],[[[99.44103,1.00817],[99.44103,1.01177],[99.44281,1.01177],[99.44103,1.00817]]],[[[99.46964,1.01087],[99.4759,1.00997],[99.46964,1.00997],[99.46964,1.01087]]],[[[99.4464,1.07658],[99.44908,1.07568],[99.44729,1.07208],[99.4464,1.07658]]],[[[99.44282,1.07568],[99.44551,1.07928],[99.44551,1.07478],[99.44282,1.07568]]],[[[99.45355,1.08018],[99.45445,1.07838],[99.45177,1.07748],[99.45177,1.08198],[99.45355,1.08018]],[[99.45355,1.08018],[99.45266,1.07928],[99.45355,1.07928],[99.45355,1.08018]]],[[[99.41242,1.09279],[99.416,1.09099],[99.416,1.08739],[99.41242,1.09279]]],[[[99.4151,1.09729],[99.4151,1.09459],[99.41689,1.09279],[99.41331,1.09369],[99.4151,1.09729]]],[[[99.41332,1.09819],[99.41242,1.10089],[99.41421,1.10089],[99.41332,1.09819]]],[[[99.42494,1.10539],[99.42494,1.09729],[99.42047,1.09909],[99.41689,1.09549],[99.416,1.09999],[99.41779,1.09819],[99.41958,1.10359],[99.42494,1.10539]],[[99.41779,1.09819],[99.41868,1.09729],[99.41868,1.09819],[99.41779,1.09819]],[[99.41868,1.09819],[99.41958,1.09909],[99.41868,1.09909],[99.41868,1.09819]],[[99.42315,1.10449],[99.42405,1.10359],[99.42405,1.10449],[99.42315,1.10449]],[[99.42226,1.10179],[99.42315,1.10269],[99.42226,1.10269],[99.42226,1.10179]],[[99.42136,1.09999],[99.42226,1.10089],[99.42136,1.10089],[99.42136,1.09999]]],[[[99.41958,1.10539],[99.41689,1.10719],[99.41868,1.10809],[99.41779,1.11169],[99.42137,1.11079],[99.42315,1.10809],[99.41958,1.10539]],[[99.42047,1.10899],[99.41958,1.10989],[99.41958,1.10899],[99.42047,1.10899]]],[[[99.42584,1.10899],[99.42405,1.11439],[99.42494,1.11439],[99.42584,1.10899]]],[[[99.41689,1.10989],[99.41511,1.11169],[99.416,1.11619],[99.41779,1.11259],[99.41689,1.10989]]],[[[99.42315,1.11529],[99.42047,1.11169],[99.42226,1.11619],[99.42763,1.11619],[99.42315,1.11529]]],[[[99.42405,1.12339],[99.42673,1.12159],[99.42405,1.12069],[99.42405,1.12339]]],[[[99.5001,1.32321],[99.49921,1.31871],[99.49652,1.31871],[99.49652,1.32141],[99.5001,1.32321]]],[[[99.49831,1.32321],[99.49652,1.32501],[99.49921,1.32501],[99.49831,1.32321]]],[[[99.44465,1.34212],[99.44197,1.34302],[99.44197,1.34482],[99.44466,1.34572],[99.44465,1.34212]]],[[[99.48989,2.97042],[99.48541,2.96592],[99.47736,2.96412],[99.48004,2.96862],[99.48452,2.96952],[99.48721,2.97492],[99.49079,2.97492],[99.48989,2.97042]]],[[[99.57227,2.98658],[99.57585,2.98568],[99.57048,2.98388],[99.57227,2.98658]]],[[[99.52661,3.00011],[99.5293,3.00731],[99.5293,2.9974],[99.52661,3.00011]]],[[[99.52841,3.00821],[99.52841,3.01271],[99.5311,3.01181],[99.5302,3.00731],[99.52841,3.00821]]],[[[99.56067,3.0658],[99.56604,3.06759],[99.56425,3.06939],[99.56604,3.07119],[99.56873,3.06939],[99.56425,3.06489],[99.56067,3.0658]]],[[[99.55709,3.0703],[99.55709,3.073],[99.56067,3.0721],[99.56067,3.0703],[99.55709,3.0703]]],[[[99.56873,3.07029],[99.56605,3.07659],[99.57052,3.07479],[99.56873,3.07029]]],[[[99.53919,3.08471],[99.54098,3.08561],[99.54188,3.08291],[99.54098,3.07841],[99.53919,3.08471]]],[[[99.57591,3.09999],[99.57502,3.10899],[99.58038,3.09369],[99.58307,3.09549],[99.58396,3.08919],[99.58128,3.08919],[99.57948,3.08559],[99.57501,3.08649],[99.57769,3.08919],[99.57411,3.09099],[99.57233,3.09549],[99.57322,3.09909],[99.57591,3.09999]],[[99.5777,3.09369],[99.57859,3.09189],[99.58038,3.09279],[99.58038,3.09369],[99.5777,3.09369]],[[99.5768,3.09099],[99.5777,3.09189],[99.5768,3.09189],[99.5768,3.09099]],[[99.57591,3.09639],[99.57501,3.09729],[99.57501,3.09639],[99.57591,3.09639]],[[99.5777,3.09549],[99.57501,3.09549],[99.57501,3.09369],[99.5768,3.09369],[99.5777,3.09549]],[[99.58038,3.08829],[99.57949,3.08919],[99.57948,3.08829],[99.58038,3.08829]]],[[[99.5607,3.1144],[99.55532,3.1081],[99.55443,3.1144],[99.55711,3.1144],[99.5598,3.1189],[99.5607,3.1144]]],[[[99.57861,3.11889],[99.57681,3.10809],[99.57592,3.11889],[99.57682,3.11979],[99.57861,3.11889]]],[[[99.55891,3.1216],[99.5607,3.1216],[99.5607,3.1189],[99.55891,3.1207],[99.55801,3.1189],[99.55891,3.1216]]],[[[99.53294,3.12612],[99.53384,3.12792],[99.53832,3.12791],[99.53832,3.12611],[99.53294,3.12612]]],[[[99.56698,3.1549],[99.56251,3.1567],[99.56609,3.1594],[99.56698,3.1549]]],[[[99.47565,3.16215],[99.47386,3.15405],[99.47207,3.15585],[99.47386,3.15765],[99.46938,3.15585],[99.47028,3.16305],[99.47565,3.16215]]],[[[99.47927,3.23776],[99.47658,3.23866],[99.47927,3.23956],[99.47927,3.23776]]],[[[99.47748,3.24766],[99.48375,3.24855],[99.48106,3.24406],[99.48106,3.24045],[99.48554,3.23775],[99.48375,3.23505],[99.48285,3.23685],[99.47927,3.23596],[99.47927,3.24136],[99.47569,3.24136],[99.47748,3.24766]]],[[[99.41301,3.26929],[99.4148,3.26659],[99.41391,3.26659],[99.41301,3.26929]]],[[[99.4148,3.27019],[99.4157,3.27109],[99.4157,3.26839],[99.4148,3.27019]]],[[[99.4157,3.27469],[99.41839,3.27649],[99.41928,3.27199],[99.4157,3.27469]]],[[[99.4157,3.27919],[99.4166,3.27649],[99.41481,3.27559],[99.41391,3.27829],[99.4157,3.27919]]],[[[99.47302,3.27826],[99.4775,3.27916],[99.47839,3.27736],[99.47302,3.27826]]],[[[99.4981,3.28005],[99.50078,3.27915],[99.49989,3.27735],[99.4981,3.27735],[99.4981,3.28005]]],[[[99.44884,3.28457],[99.45153,3.28727],[99.45063,3.28187],[99.44884,3.28457]]],[[[99.48825,3.28546],[99.48825,3.28996],[99.49273,3.28995],[99.49273,3.28725],[99.48825,3.28546]]],[[[99.49452,3.28815],[99.49631,3.28995],[99.4981,3.28635],[99.49631,3.28635],[99.49452,3.28815]]],[[[99.48646,3.28816],[99.48377,3.28996],[99.48198,3.29266],[99.48556,3.29086],[99.48736,3.29266],[99.48646,3.28816]]],[[[99.49362,3.28905],[99.49273,3.29175],[99.49094,3.29176],[99.49094,3.29446],[99.49452,3.29265],[99.49541,3.28995],[99.49362,3.28905]]],[[[99.48288,3.29356],[99.48557,3.29626],[99.48556,3.29266],[99.48288,3.29356]]],[[[99.44079,3.30258],[99.44348,3.30348],[99.44258,3.30168],[99.44527,3.30078],[99.44079,3.29988],[99.44079,3.30258]]],[[[99.44527,3.30528],[99.44706,3.30348],[99.44527,3.30258],[99.44527,3.30528]]],[[[99.44885,3.30708],[99.44885,3.30438],[99.44975,3.30348],[99.44706,3.30528],[99.44885,3.30708]]],[[[99.41572,3.32869],[99.41841,3.32959],[99.41931,3.32779],[99.41572,3.32599],[99.41572,3.32869]]],[[[99.41483,3.3314],[99.41214,3.3269],[99.40945,3.3269],[99.41125,3.3314],[99.41483,3.3314]],[[99.41214,3.3278],[99.41125,3.3287],[99.41125,3.3278],[99.41214,3.3278]]],[[[99.42469,3.35299],[99.42648,3.35119],[99.42917,3.35299],[99.42917,3.35029],[99.42559,3.35029],[99.42469,3.35299]]],[[[99.79387,2.3168],[99.79029,2.315],[99.7894,2.31861],[99.79566,2.3195],[99.79387,2.3168]],[[99.79119,2.3159],[99.79298,2.3168],[99.79298,2.3177],[99.79119,2.3177],[99.79119,2.3159]]],[[[99.66513,2.54009],[99.6696,2.54099],[99.6696,2.53919],[99.66513,2.54009]]],[[[99.67319,2.54279],[99.67318,2.54009],[99.6705,2.54009],[99.6714,2.54189],[99.67319,2.54279]]],[[[99.85954,2.84509],[99.86222,2.83609],[99.85954,2.83699],[99.85685,2.83339],[99.85327,2.83699],[99.85238,2.84239],[99.85417,2.84239],[99.85328,2.84509],[99.85954,2.84329],[99.85954,2.84509]],[[99.85417,2.84239],[99.85596,2.84059],[99.85596,2.84239],[99.85417,2.84239]],[[99.85865,2.84149],[99.85686,2.84239],[99.85685,2.84149],[99.85865,2.84149]],[[99.85775,2.84059],[99.85685,2.83969],[99.85775,2.83969],[99.85775,2.84059]],[[99.85685,2.83969],[99.85596,2.83879],[99.85685,2.83879],[99.85685,2.83969]],[[99.85775,2.83699],[99.85685,2.83789],[99.85685,2.83699],[99.85775,2.83699]]],[[[99.85775,2.84689],[99.85597,2.84959],[99.85776,2.84959],[99.85775,2.84689]]],[[[99.85778,2.88109],[99.85689,2.88469],[99.86136,2.88379],[99.86046,2.87929],[99.85778,2.88109]],[[99.85957,2.88109],[99.85868,2.88289],[99.85867,2.88109],[99.85957,2.88109]]],[[[99.60184,3.03967],[99.60363,3.04057],[99.60453,3.03697],[99.60274,3.03697],[99.60184,3.03967]]],[[[99.69406,3.04592],[99.69138,3.04772],[99.69407,3.04862],[99.69406,3.04592]]],[[[99.68511,3.04952],[99.6887,3.05132],[99.68959,3.04772],[99.6869,3.04772],[99.68511,3.04952]]],[[[99.65557,3.05224],[99.65736,3.05044],[99.65467,3.05044],[99.65557,3.05224]]],[[[99.63318,3.04955],[99.63498,3.05315],[99.63587,3.05045],[99.63318,3.04955]]],[[[99.69765,3.05221],[99.69407,3.04862],[99.69496,3.05132],[99.69138,3.05132],[99.69318,3.05672],[99.69497,3.05582],[99.69407,3.05312],[99.69765,3.05221]]],[[[99.67169,3.05853],[99.67258,3.04953],[99.669,3.05133],[99.65825,3.05044],[99.66094,3.05494],[99.66184,3.05314],[99.66632,3.05493],[99.66721,3.05223],[99.66811,3.05583],[99.66542,3.05944],[99.67169,3.05853]]],[[[99.67616,3.05043],[99.67527,3.05403],[99.67796,3.05943],[99.67975,3.05583],[99.68243,3.05582],[99.68332,3.04952],[99.67974,3.05223],[99.67616,3.05043]],[[99.67885,3.05583],[99.67795,3.05313],[99.68153,3.05312],[99.68064,3.05493],[99.67885,3.05583]]],[[[99.65199,3.05404],[99.6502,3.05674],[99.64841,3.05405],[99.64572,3.05585],[99.64841,3.05945],[99.64573,3.06305],[99.6502,3.06124],[99.65021,3.06575],[99.65289,3.06574],[99.65468,3.06124],[99.65289,3.05764],[99.65557,3.05764],[99.65557,3.05404],[99.65199,3.05404]]],[[[99.65557,3.05944],[99.65826,3.06124],[99.65736,3.05944],[99.65557,3.05944]]],[[[99.68602,3.06212],[99.6896,3.06572],[99.69318,3.05672],[99.68691,3.05762],[99.68602,3.06032],[99.6887,3.06122],[99.68602,3.06212]],[[99.69049,3.05942],[99.6896,3.06032],[99.6896,3.05942],[99.69049,3.05942]]],[[[99.64304,3.06845],[99.64393,3.06035],[99.64035,3.05855],[99.64393,3.05855],[99.64393,3.05675],[99.64214,3.05315],[99.63677,3.05315],[99.64035,3.06215],[99.64036,3.06935],[99.64304,3.06845]]],[[[99.63946,3.06395],[99.63587,3.05405],[99.63229,3.05405],[99.63319,3.06216],[99.62692,3.06216],[99.62693,3.06486],[99.62513,3.06216],[99.62334,3.06486],[99.62603,3.06576],[99.62514,3.06846],[99.62872,3.06756],[99.62872,3.07026],[99.63499,3.07025],[99.63588,3.07295],[99.63857,3.07295],[99.63678,3.06755],[99.63946,3.06665],[99.63946,3.06395]],[[99.63588,3.06665],[99.63499,3.06845],[99.63499,3.06665],[99.63588,3.06665]],[[99.62872,3.06396],[99.62782,3.06486],[99.62782,3.06396],[99.62872,3.06396]]],[[[99.62335,3.06846],[99.62514,3.06576],[99.62424,3.06576],[99.62335,3.06846]]],[[[99.66632,3.07024],[99.66991,3.06933],[99.6699,3.06663],[99.66453,3.06934],[99.66005,3.06034],[99.65737,3.06484],[99.65289,3.06574],[99.65558,3.07474],[99.66006,3.08014],[99.66543,3.07654],[99.66274,3.07204],[99.66543,3.07114],[99.66722,3.07384],[99.66632,3.07024]],[[99.66274,3.07294],[99.66185,3.07384],[99.66185,3.07294],[99.66274,3.07294]],[[99.65737,3.06664],[99.66274,3.06754],[99.65916,3.06844],[99.66006,3.07114],[99.65558,3.07204],[99.65468,3.06754],[99.65827,3.06934],[99.65737,3.06664]]],[[[99.61798,3.07206],[99.61887,3.07656],[99.62335,3.07656],[99.61977,3.07206],[99.61798,3.07206]]],[[[99.64932,3.07565],[99.64842,3.07295],[99.64753,3.07565],[99.64932,3.07565]]],[[[99.61439,3.07027],[99.60544,3.06937],[99.60455,3.07117],[99.60544,3.07387],[99.60813,3.07297],[99.60813,3.07927],[99.61082,3.08107],[99.61619,3.08017],[99.61529,3.07747],[99.61798,3.07657],[99.61439,3.07027]],[[99.61529,3.07747],[99.6135,3.07567],[99.6144,3.07567],[99.61529,3.07747]]],[[[99.68961,3.07472],[99.6905,3.07832],[99.6905,3.07472],[99.68961,3.07472]]],[[[99.65021,3.07385],[99.65021,3.07655],[99.65648,3.08104],[99.65738,3.07834],[99.65469,3.07474],[99.65021,3.07385]],[[99.65648,3.07834],[99.65559,3.07924],[99.65559,3.07834],[99.65648,3.07834]]],[[[99.65111,3.08195],[99.64574,3.07925],[99.64484,3.07295],[99.64126,3.07295],[99.64305,3.07655],[99.63768,3.08015],[99.63947,3.08195],[99.64037,3.08015],[99.64574,3.08105],[99.64753,3.08285],[99.64484,3.08465],[99.64932,3.08555],[99.65111,3.08195]]],[[[99.62246,3.08556],[99.61888,3.07837],[99.61619,3.08287],[99.61888,3.08647],[99.62246,3.08556]]],[[[99.64305,3.08375],[99.64395,3.08195],[99.64126,3.08105],[99.64126,3.08195],[99.64305,3.08375]]],[[[99.63321,3.08556],[99.63141,3.07926],[99.62515,3.08196],[99.62246,3.08016],[99.62604,3.08916],[99.62873,3.08556],[99.63321,3.08556]],[[99.62783,3.08646],[99.62694,3.08556],[99.62783,3.08556],[99.62783,3.08646]]],[[[99.65559,3.08284],[99.65738,3.08734],[99.65828,3.08464],[99.65559,3.08284]]],[[[99.63768,3.08735],[99.63679,3.08556],[99.63858,3.08375],[99.63499,3.08016],[99.63589,3.08826],[99.6341,3.08916],[99.63858,3.09095],[99.64126,3.08645],[99.63768,3.08735]]],[[[99.6529,3.08645],[99.64306,3.08645],[99.64485,3.09185],[99.64753,3.08915],[99.64933,3.09185],[99.65649,3.09094],[99.6529,3.08645]],[[99.6529,3.08735],[99.65201,3.08825],[99.65201,3.08735],[99.6529,3.08735]]],[[[99.65828,3.09724],[99.65828,3.09274],[99.65649,3.09274],[99.6556,3.09724],[99.65112,3.09815],[99.65112,3.09995],[99.65739,3.10084],[99.66456,3.10624],[99.66455,3.10354],[99.66276,3.10444],[99.66366,3.09994],[99.66814,3.10264],[99.66903,3.09634],[99.67351,3.09903],[99.67261,3.09453],[99.67529,3.09363],[99.67708,3.08103],[99.66186,3.08284],[99.66365,3.08104],[99.66185,3.08014],[99.66096,3.08374],[99.66275,3.08464],[99.66007,3.08554],[99.65917,3.08374],[99.65738,3.08824],[99.66276,3.09004],[99.66186,3.09544],[99.65828,3.09724]],[[99.66276,3.09004],[99.66365,3.08914],[99.66365,3.09004],[99.66276,3.09004]],[[99.66097,3.09994],[99.66187,3.10084],[99.66097,3.10084],[99.66097,3.09994]],[[99.66545,3.09904],[99.66634,3.09994],[99.66545,3.09994],[99.66545,3.09904]],[[99.6547,3.09815],[99.6556,3.09904],[99.6547,3.09905],[99.6547,3.09815]],[[99.66276,3.09454],[99.66455,3.09634],[99.66276,3.09634],[99.66276,3.09454]],[[99.66902,3.09184],[99.66992,3.09274],[99.66902,3.09274],[99.66902,3.09184]],[[99.66902,3.09094],[99.66813,3.09004],[99.66902,3.09004],[99.66902,3.09094]],[[99.66902,3.09004],[99.66992,3.08913],[99.66992,3.09003],[99.66902,3.09004]],[[99.66992,3.08733],[99.67081,3.08823],[99.66992,3.08823],[99.66992,3.08733]],[[99.66007,3.08644],[99.66186,3.08734],[99.66007,3.08734],[99.66007,3.08644]],[[99.66544,3.08464],[99.66633,3.08554],[99.66544,3.08554],[99.66544,3.08464]],[[99.66902,3.08554],[99.66991,3.08373],[99.6726,3.08463],[99.6726,3.08553],[99.66902,3.08554]],[[99.66902,3.08464],[99.66723,3.08374],[99.66902,3.08374],[99.66902,3.08464]],[[99.6726,3.08463],[99.6735,3.08373],[99.6735,3.08463],[99.6726,3.08463]]],[[[99.60903,3.09187],[99.60814,3.09547],[99.61083,3.09547],[99.60903,3.09187]]],[[[99.65381,3.09545],[99.65112,3.09725],[99.65381,3.09725],[99.65381,3.09545]]],[[[99.61172,3.09547],[99.61172,3.09817],[99.6153,3.09637],[99.6153,3.09547],[99.61172,3.09547]]],[[[99.58218,3.09909],[99.57949,3.09819],[99.57949,3.09999],[99.58218,3.09909]]],[[[99.61083,3.09817],[99.60814,3.09817],[99.60814,3.09997],[99.61083,3.09907],[99.61083,3.09817]]],[[[99.60725,3.09817],[99.60546,3.09727],[99.60277,3.10088],[99.60635,3.10087],[99.60725,3.09817]]],[[[99.5786,3.10809],[99.58129,3.10629],[99.58039,3.10269],[99.57949,3.10269],[99.5786,3.10809]]],[[[99.62068,3.10087],[99.61799,3.09727],[99.6162,3.09907],[99.6162,3.09637],[99.61262,3.09817],[99.61441,3.10087],[99.61083,3.10087],[99.61262,3.10717],[99.60904,3.10987],[99.60905,3.11347],[99.61531,3.11347],[99.61621,3.11707],[99.6189,3.11707],[99.61979,3.11167],[99.62337,3.11077],[99.62337,3.11527],[99.62516,3.11526],[99.62516,3.10716],[99.62158,3.10717],[99.61799,3.10267],[99.62068,3.10087]],[[99.6189,3.11527],[99.618,3.11437],[99.6189,3.11437],[99.6189,3.11527]],[[99.62247,3.10717],[99.62337,3.10807],[99.62247,3.10807],[99.62247,3.10717]],[[99.61352,3.10717],[99.61531,3.11077],[99.61889,3.11167],[99.6189,3.11347],[99.61352,3.11077],[99.61352,3.10717]],[[99.6171,3.11077],[99.618,3.10897],[99.618,3.11077],[99.6171,3.11077]],[[99.62247,3.10897],[99.62158,3.10987],[99.62158,3.10897],[99.62247,3.10897]],[[99.6162,3.10267],[99.61531,3.10447],[99.61531,3.10267],[99.6162,3.10267]]],[[[99.66635,3.11524],[99.66187,3.10624],[99.6565,3.10264],[99.6565,3.10804],[99.65381,3.10895],[99.65829,3.11164],[99.65651,3.12065],[99.66098,3.12154],[99.66188,3.11524],[99.66635,3.11524]],[[99.66009,3.11704],[99.65919,3.11794],[99.65919,3.11704],[99.66009,3.11704]],[[99.66008,3.10984],[99.65829,3.11074],[99.65829,3.10984],[99.66008,3.10984]],[[99.66187,3.10984],[99.66098,3.11074],[99.66098,3.10984],[99.66187,3.10984]]],[[[99.67262,3.11254],[99.66994,3.11794],[99.67262,3.11614],[99.67352,3.11793],[99.67262,3.11254]]],[[[99.65651,3.12155],[99.65292,3.11795],[99.65024,3.12425],[99.65472,3.12335],[99.65651,3.12155]],[[99.65203,3.12065],[99.65293,3.12155],[99.65203,3.12155],[99.65203,3.12065]]],[[[99.66994,3.11794],[99.66815,3.12694],[99.67084,3.12694],[99.67084,3.12424],[99.66905,3.12514],[99.66994,3.11794]]],[[[99.61263,3.11797],[99.61353,3.12337],[99.61174,3.12697],[99.61621,3.12157],[99.61621,3.11797],[99.61263,3.11797]]],[[[99.66098,3.12244],[99.65562,3.12695],[99.65562,3.13235],[99.66457,3.12694],[99.66278,3.12154],[99.66098,3.12244]],[[99.66099,3.12874],[99.6592,3.12694],[99.66099,3.12694],[99.66099,3.12874]],[[99.66009,3.12334],[99.66099,3.12514],[99.66009,3.12514],[99.66009,3.12334]]],[[[99.6001,3.13238],[99.59473,3.12608],[99.59294,3.12608],[99.59652,3.12968],[99.59473,3.13058],[99.59563,3.13328],[99.6001,3.13238]]],[[[99.61085,3.12967],[99.60906,3.13238],[99.61085,3.13237],[99.61085,3.12967]]],[[[99.63323,3.13236],[99.63592,3.13416],[99.63592,3.13146],[99.63323,3.13146],[99.63502,3.12876],[99.63144,3.12876],[99.63323,3.13236]]],[[[99.57951,3.13239],[99.5813,3.13689],[99.58399,3.13599],[99.58488,3.13059],[99.57951,3.13239]],[[99.58309,3.13329],[99.5822,3.13419],[99.5822,3.13329],[99.58309,3.13329]]],[[[99.6001,3.13238],[99.6019,3.13508],[99.60369,3.13508],[99.60189,3.13238],[99.6001,3.13238]]],[[[99.62876,3.13416],[99.62338,3.13147],[99.6207,3.13147],[99.62339,3.13417],[99.6216,3.13777],[99.62876,3.13416]]],[[[99.6198,3.13597],[99.62159,3.13417],[99.6198,3.13417],[99.6198,3.13597]]],[[[99.61801,3.12877],[99.61085,3.12787],[99.61353,3.13147],[99.60995,3.13328],[99.60906,3.13868],[99.61264,3.13867],[99.61085,3.14318],[99.61801,3.13327],[99.61354,3.13597],[99.61175,3.13507],[99.61801,3.12877]],[[99.61175,3.13597],[99.61085,3.13688],[99.61085,3.13598],[99.61175,3.13597]]],[[[99.59294,3.13419],[99.59026,3.13689],[99.59384,3.14049],[99.59473,3.13688],[99.59294,3.13419]]],[[[99.59832,3.14138],[99.59653,3.14408],[99.59832,3.14408],[99.59832,3.14138]]],[[[99.60638,3.14408],[99.60369,3.14228],[99.60548,3.14588],[99.60101,3.14498],[99.60369,3.14048],[99.60011,3.13958],[99.59832,3.14498],[99.60549,3.14858],[99.60638,3.14408]]],[[[99.58757,3.13959],[99.58578,3.14409],[99.58489,3.14139],[99.5822,3.14229],[99.5813,3.14049],[99.58041,3.14319],[99.5822,3.14679],[99.58578,3.14589],[99.58579,3.15039],[99.59116,3.15129],[99.58758,3.14859],[99.58847,3.14589],[99.59116,3.14769],[99.59384,3.14229],[99.59115,3.14229],[99.59115,3.13869],[99.58668,3.13779],[99.58578,3.13959],[99.58757,3.13959]],[[99.59205,3.14319],[99.59116,3.14409],[99.59116,3.14319],[99.59205,3.14319]],[[99.58757,3.14409],[99.58847,3.14499],[99.58757,3.14499],[99.58757,3.14409]]],[[[99.61085,3.14318],[99.60996,3.14588],[99.61175,3.14588],[99.61085,3.14318]]],[[[99.60907,3.14768],[99.60549,3.15128],[99.60817,3.15218],[99.60907,3.14768]]],[[[99.57862,3.14769],[99.57862,3.15039],[99.5831,3.15309],[99.5831,3.14769],[99.57862,3.14769]],[[99.58131,3.14859],[99.58041,3.14949],[99.58041,3.14859],[99.58131,3.14859]]],[[[99.60191,3.15578],[99.6037,3.15758],[99.60638,3.15578],[99.6037,3.15488],[99.60459,3.15038],[99.6028,3.15128],[99.6028,3.14948],[99.59743,3.15398],[99.59833,3.15668],[99.60191,3.15578]],[[99.60191,3.15218],[99.6028,3.15398],[99.60191,3.15398],[99.60191,3.15218]],[[99.59832,3.15398],[99.59922,3.15488],[99.59833,3.15488],[99.59832,3.15398]]],[[[99.60728,3.15218],[99.60638,3.15488],[99.60728,3.15488],[99.60728,3.15218]]],[[[99.57773,3.154],[99.57684,3.1567],[99.58131,3.15579],[99.58131,3.15489],[99.57773,3.154]]],[[[99.6028,3.15668],[99.60012,3.15848],[99.6028,3.15758],[99.6028,3.15668]]],[[[99.88009,1.03329],[99.88098,1.02968],[99.87741,1.02879],[99.87651,1.03239],[99.88009,1.03329]],[[99.88009,1.03148],[99.87919,1.03059],[99.88009,1.03058],[99.88009,1.03148]]],[[[99.87562,1.03509],[99.87741,1.03329],[99.87562,1.03239],[99.87562,1.03509]]],[[[99.99662,1.73797],[99.99483,1.73527],[99.99394,1.73797],[99.99662,1.73797]]],[[[100.04978,2.33553],[100.05246,2.33463],[100.05246,2.33103],[100.05067,2.33103],[100.05157,2.33373],[100.04888,2.33374],[100.04978,2.33553]]],[[[100.04894,2.40124],[100.04715,2.40304],[100.04894,2.40304],[100.04894,2.40124]]],[[[99.99357,2.55068],[99.99804,2.54797],[99.99804,2.54437],[99.99446,2.54528],[99.99357,2.55068]]],[[[99.99983,2.54707],[99.99804,2.54797],[99.99804,2.54977],[99.99983,2.54707]]],[[[100.00162,2.54977],[100.00252,2.54797],[99.99983,2.54977],[100.00162,2.54977]]],[[[100.00073,2.55157],[99.99894,2.55067],[100.00073,2.55607],[100.00073,2.55157]]],[[[99.97658,2.55969],[99.97836,2.55879],[99.97747,2.55609],[99.97658,2.55969]]],[[[100.01596,2.56956],[100.01864,2.56776],[100.01506,2.56686],[100.01596,2.56956]]],[[[100.03564,2.56774],[100.03565,2.57044],[100.03654,2.57044],[100.03833,2.56774],[100.03564,2.56774]]],[[[99.9963,2.60558],[99.99988,2.60557],[99.99809,2.60468],[99.99898,2.60107],[99.9954,2.60108],[99.9963,2.60558]]],[[[99.99361,2.60108],[99.99182,2.60288],[99.99183,2.60828],[99.99451,2.60648],[99.99361,2.60108]]],[[[100.04104,2.60374],[100.03925,2.60554],[100.04105,2.60734],[100.04104,2.60374]]],[[[99.99093,2.60918],[99.99093,2.60378],[99.98735,2.60288],[99.98914,2.60828],[99.99093,2.60918]]],[[[99.99899,2.61097],[100.00078,2.61277],[99.99988,2.60827],[99.9972,2.60828],[99.9963,2.61008],[99.99899,2.61097]]],[[[99.97661,2.61099],[99.97482,2.61099],[99.97483,2.61369],[99.97572,2.61369],[99.97661,2.61099]]],[[[99.97483,2.61459],[99.97214,2.6128],[99.97125,2.6146],[99.97483,2.61459]]],[[[99.9972,2.61098],[99.9972,2.61368],[99.99452,2.61458],[99.99631,2.61728],[99.9981,2.61548],[99.99989,2.61727],[99.9972,2.61098]]],[[[99.99631,2.62178],[99.9981,2.61908],[99.99452,2.61998],[99.99631,2.62178]]],[[[100.00347,2.61907],[100.00168,2.62177],[99.99989,2.62357],[100.00258,2.62267],[100.00347,2.61907]]],[[[100.00795,2.62177],[100.00526,2.62177],[100.00526,2.62537],[100.00795,2.62357],[100.00795,2.62177]],[[100.00705,2.62357],[100.00616,2.62267],[100.00705,2.62267],[100.00705,2.62357]]],[[[100.04734,2.63973],[100.04643,2.63074],[100.04106,2.63074],[100.04375,2.63434],[100.04196,2.63704],[100.04734,2.63973]]],[[[99.97395,2.63529],[99.97216,2.6398],[99.97395,2.64069],[99.97395,2.63529]]],[[[99.97306,2.6425],[99.96858,2.6371],[99.96858,2.6398],[99.97306,2.6425]]],[[[99.96769,2.6425],[99.96142,2.638],[99.96232,2.6434],[99.96769,2.6425]]],[[[100.04644,2.64244],[100.05092,2.64243],[100.05092,2.63973],[100.04734,2.63973],[100.04644,2.64244]]],[[[100.0366,2.64784],[100.03571,2.64424],[100.03481,2.64425],[100.03481,2.64785],[100.0366,2.64784]]],[[[100.02139,2.64516],[100.01871,2.64966],[100.0205,2.65056],[100.02229,2.64786],[100.02139,2.64516]]],[[[100.03124,2.65145],[100.03302,2.64785],[100.02945,2.64875],[100.03124,2.65145]]],[[[99.9346,2.67943],[99.93639,2.68122],[99.93639,2.67852],[99.9346,2.67943]]],[[[99.93371,2.68303],[99.9355,2.68123],[99.93371,2.68033],[99.93371,2.68303]]],[[[99.93551,2.69293],[99.93819,2.69382],[99.9364,2.68932],[99.93461,2.68933],[99.93551,2.69293]]],[[[100.0277,2.69735],[100.02859,2.70005],[100.02949,2.70005],[100.02949,2.69645],[100.0277,2.69735]]],[[[99.9373,2.69742],[99.93372,2.69653],[99.93641,2.69832],[99.93641,2.70192],[99.9391,2.70282],[99.9373,2.69742]]],[[[100.03575,2.70004],[100.03307,2.70185],[100.03486,2.70454],[100.03755,2.70274],[100.03575,2.70004]],[[100.03665,2.70274],[100.03575,2.70184],[100.03665,2.70184],[100.03665,2.70274]]],[[[99.94268,2.70372],[99.94268,2.70192],[99.93999,2.70102],[99.9391,2.70372],[99.94268,2.70372]]],[[[100.04739,2.70633],[100.0465,2.70363],[100.04381,2.70544],[100.04381,2.70634],[100.04739,2.70633]]],[[[100.05097,2.70453],[100.05276,2.70633],[100.05276,2.70363],[100.05097,2.70453]]],[[[99.92388,2.70733],[99.9212,2.70824],[99.9221,2.71184],[99.92567,2.70733],[99.92836,2.70823],[99.92746,2.70463],[99.93015,2.70463],[99.92925,2.70733],[99.93194,2.70643],[99.93194,2.70373],[99.93552,2.70553],[99.93462,2.70193],[99.93283,2.70193],[99.93462,2.69923],[99.92746,2.70013],[99.92388,2.70733]],[[99.93283,2.70373],[99.93373,2.70283],[99.93373,2.70373],[99.93283,2.70373]],[[99.92925,2.70103],[99.92836,2.70193],[99.92836,2.70103],[99.92925,2.70103]],[[99.92925,2.70193],[99.93104,2.70283],[99.92925,2.70283],[99.92925,2.70193]]],[[[100.05008,2.70723],[100.04918,2.70543],[100.04829,2.70723],[100.05008,2.70723]]],[[[100.04381,2.70814],[100.04202,2.70544],[100.04202,2.70814],[100.04381,2.70814]]],[[[100.04919,2.71173],[100.04829,2.70903],[100.04382,2.70994],[100.04382,2.71354],[100.04561,2.71084],[100.0474,2.71083],[100.0465,2.71263],[100.04919,2.71173]]],[[[99.9812,2.75409],[99.97942,2.75679],[99.98121,2.75679],[99.9812,2.75409]]],[[[99.9678,2.7811],[99.97138,2.782],[99.97316,2.7739],[99.9669,2.7748],[99.9678,2.7811]],[[99.97048,2.7766],[99.96959,2.7784],[99.96959,2.7766],[99.97048,2.7766]]],[[[99.95437,2.77571],[99.95348,2.78291],[99.95796,2.78291],[99.95705,2.77571],[99.95437,2.77571]]],[[[99.95885,2.77931],[99.96064,2.78201],[99.95796,2.78471],[99.96333,2.7847],[99.96153,2.77931],[99.95885,2.77931]]],[[[99.97228,2.7847],[99.97407,2.7883],[99.97586,2.78829],[99.97228,2.7847]]],[[[99.97139,2.7883],[99.97407,2.7901],[99.97138,2.7856],[99.97139,2.7883]]],[[[99.95348,2.78651],[99.9508,2.78922],[99.95349,2.78921],[99.95348,2.78651]]],[[[99.97318,2.791],[99.97139,2.7901],[99.97228,2.7928],[99.97586,2.79279],[99.97497,2.7901],[99.97318,2.791]]],[[[99.95528,2.79281],[99.95886,2.79191],[99.95886,2.79011],[99.95528,2.79281]]],[[[99.98213,2.79279],[99.98034,2.79639],[99.98929,2.79638],[99.98929,2.79458],[99.98303,2.79459],[99.98213,2.79279]]],[[[99.97587,2.79459],[99.97408,2.7937],[99.97408,2.7964],[99.97766,2.79729],[99.97587,2.79459]],[[99.97587,2.79459],[99.97497,2.7955],[99.97497,2.7946],[99.97587,2.79459]]],[[[99.9884,2.80088],[99.98661,2.79909],[99.98393,2.80089],[99.9884,2.80088]]],[[[99.97766,2.80179],[99.98035,2.79999],[99.97677,2.79999],[99.97766,2.80179]]],[[[99.97498,2.8036],[99.97766,2.80179],[99.97587,2.80089],[99.97498,2.8036]]],[[[99.87206,2.82978],[99.87206,2.82708],[99.86938,2.82798],[99.87027,2.83158],[99.87206,2.82978]],[[99.87117,2.82978],[99.87027,2.82888],[99.87117,2.82888],[99.87117,2.82978]]],[[[99.86401,2.83698],[99.8667,2.83788],[99.86759,2.83428],[99.86401,2.83428],[99.86401,2.83698]]],[[[99.85955,2.85139],[99.85776,2.85139],[99.85866,2.85499],[99.87208,2.85318],[99.87387,2.85768],[99.87566,2.85768],[99.87566,2.85408],[99.87925,2.85767],[99.88103,2.85317],[99.87924,2.84597],[99.88102,2.84327],[99.87655,2.84328],[99.87655,2.83878],[99.87296,2.83608],[99.87297,2.84058],[99.8667,2.83788],[99.86222,2.83969],[99.86312,2.84419],[99.86133,2.84419],[99.86134,2.84779],[99.85954,2.84599],[99.85955,2.85139]],[[99.87566,2.85408],[99.87298,2.85228],[99.87566,2.85138],[99.87566,2.85408]],[[99.87118,2.84058],[99.87028,2.84238],[99.87028,2.84058],[99.87118,2.84058]],[[99.86312,2.84419],[99.86402,2.84508],[99.86312,2.84509],[99.86312,2.84419]],[[99.86313,2.85139],[99.86402,2.85229],[99.86313,2.85229],[99.86313,2.85139]],[[99.87924,2.85137],[99.88014,2.85227],[99.87924,2.85227],[99.87924,2.85137]],[[99.86492,2.85048],[99.86581,2.85138],[99.86492,2.85138],[99.86492,2.85048]],[[99.8676,2.84958],[99.8685,2.85048],[99.8676,2.85048],[99.8676,2.84958]],[[99.87834,2.84867],[99.87924,2.85047],[99.87834,2.85047],[99.87834,2.84867]],[[99.8685,2.84688],[99.86939,2.84778],[99.8685,2.84778],[99.8685,2.84688]],[[99.8667,2.84418],[99.86581,2.84148],[99.8667,2.84148],[99.8667,2.84418]],[[99.8667,2.84148],[99.86849,2.83968],[99.86849,2.84148],[99.8667,2.84148]]],[[[99.86942,2.88828],[99.86763,2.89008],[99.86763,2.88468],[99.86405,2.88559],[99.86406,2.89459],[99.87032,2.89098],[99.86942,2.88828]]],[[[100.31127,1.4786],[100.31128,1.4822],[100.31485,1.48129],[100.31127,1.4786]]],[[[100.30323,1.493],[100.30145,1.4966],[100.30145,1.4993],[100.30413,1.4975],[100.30323,1.493]]],[[[100.33275,1.50558],[100.33007,1.50828],[100.33365,1.51008],[100.33454,1.50468],[100.33096,1.50378],[100.33275,1.50558]]],[[[100.20147,1.78554],[100.20146,1.78104],[100.19968,1.78104],[100.19968,1.78464],[100.20147,1.78554]]],[[[100.08705,1.88551],[100.08705,1.88911],[100.08973,1.89091],[100.08884,1.88641],[100.08705,1.88551]]],[[[100.09331,1.89091],[100.08973,1.89181],[100.09331,1.89271],[100.09331,1.89091]]],[[[100.09421,1.89721],[100.0951,1.89451],[100.09242,1.89361],[100.09063,1.89721],[100.09421,1.89721]]],[[[100.09961,1.9485],[100.10051,1.9521],[100.10229,1.9476],[100.09961,1.9485]]],[[[100.11124,1.9521],[100.10766,1.953],[100.11124,1.953],[100.11124,1.9521]]],[[[100.11482,1.95119],[100.11213,1.9512],[100.11213,1.953],[100.11482,1.95389],[100.11482,1.95119]]],[[[100.10319,1.953],[100.10409,1.9566],[100.10498,1.9566],[100.10677,1.9521],[100.10319,1.953]]],[[[100.31073,1.98705],[100.31073,1.98525],[100.31162,1.98435],[100.30983,1.98435],[100.31073,1.98705]]],[[[100.31341,1.98525],[100.31162,1.98705],[100.31341,1.98705],[100.31341,1.98525]]],[[[100.10953,2.0691],[100.10685,2.0682],[100.10685,2.07],[100.10774,2.0691],[100.10953,2.0691]]],[[[100.07196,2.07632],[100.07286,2.07812],[100.07644,2.07902],[100.07644,2.07632],[100.07196,2.07632]]],[[[100.07286,2.07992],[100.07107,2.07722],[100.07107,2.07992],[100.07286,2.07992]]],[[[100.0988,2.0808],[100.09165,2.08351],[100.09165,2.08531],[100.09612,2.0844],[100.0988,2.0808]]],[[[100.07465,2.08352],[100.07286,2.08442],[100.07376,2.08622],[100.07555,2.08622],[100.07465,2.08352]]],[[[100.2706,2.13377],[100.27059,2.13107],[100.26791,2.13017],[100.26791,2.13287],[100.2706,2.13377]]],[[[100.27328,2.13197],[100.27149,2.13377],[100.27328,2.13467],[100.27328,2.13197]]],[[[100.27328,2.13557],[100.27597,2.13736],[100.27596,2.13196],[100.27507,2.13196],[100.27328,2.13557]]],[[[100.30906,2.13734],[100.30549,2.13914],[100.31264,2.14003],[100.31264,2.13733],[100.30996,2.13913],[100.30906,2.13734]]],[[[100.05147,2.19603],[100.05147,2.19873],[100.05237,2.19873],[100.05326,2.19693],[100.05147,2.19603]]],[[[100.31807,2.20392],[100.31627,2.20122],[100.31449,2.20212],[100.31538,2.20392],[100.31807,2.20392]]],[[[100.32434,2.21741],[100.32255,2.21832],[100.32434,2.21651],[100.32255,2.21292],[100.32523,2.21201],[100.32612,2.20211],[100.31896,2.20212],[100.31986,2.20392],[100.31538,2.20482],[100.31628,2.20842],[100.31181,2.21383],[100.3136,2.21652],[100.3145,2.21472],[100.31808,2.21652],[100.31897,2.22012],[100.32255,2.22012],[100.32434,2.21741]],[[100.32255,2.21652],[100.32165,2.21562],[100.32255,2.21562],[100.32255,2.21652]],[[100.32344,2.21202],[100.32255,2.21112],[100.32344,2.21112],[100.32344,2.21202]],[[100.31807,2.20572],[100.31896,2.20662],[100.31807,2.20662],[100.31807,2.20572]],[[100.31808,2.21652],[100.31897,2.21382],[100.31987,2.21652],[100.31808,2.21652]],[[100.31807,2.21382],[100.31718,2.21292],[100.31807,2.21292],[100.31807,2.21382]],[[100.31718,2.21292],[100.31539,2.21112],[100.31897,2.21022],[100.31718,2.21292]],[[100.31539,2.21202],[100.3145,2.21292],[100.31449,2.21202],[100.31539,2.21202]],[[100.31987,2.21562],[100.32076,2.21472],[100.32076,2.21562],[100.31987,2.21562]],[[100.31987,2.21652],[100.32076,2.21832],[100.31987,2.21832],[100.31987,2.21652]],[[100.31986,2.21292],[100.32076,2.21202],[100.32076,2.21292],[100.31986,2.21292]],[[100.32076,2.21202],[100.32165,2.21022],[100.32165,2.21202],[100.32076,2.21202]],[[100.32344,2.20932],[100.32254,2.21022],[100.32254,2.20932],[100.32344,2.20932]],[[100.31807,2.20752],[100.31718,2.20842],[100.31717,2.20752],[100.31807,2.20752]],[[100.32165,2.20752],[100.32075,2.20842],[100.32075,2.20752],[100.32165,2.20752]],[[100.32164,2.20302],[100.32075,2.20392],[100.32075,2.20302],[100.32164,2.20302]]],[[[100.30645,2.21743],[100.30734,2.21923],[100.31182,2.21833],[100.31092,2.21563],[100.31181,2.21113],[100.30376,2.21113],[100.30466,2.22013],[100.30645,2.21743]],[[100.30913,2.21833],[100.30824,2.21653],[100.30913,2.21653],[100.30913,2.21833]],[[100.31002,2.21203],[100.30913,2.21293],[100.30913,2.21203],[100.31002,2.21203]],[[100.31002,2.21383],[100.30913,2.21473],[100.30913,2.21383],[100.31002,2.21383]],[[100.30644,2.21293],[100.30555,2.21383],[100.30555,2.21293],[100.30644,2.21293]]],[[[100.21524,2.26071],[100.21345,2.25981],[100.21524,2.26521],[100.21524,2.26071]]],[[[100.14461,2.32106],[100.14372,2.32466],[100.14461,2.32466],[100.14461,2.32106]]],[[[100.14461,2.32556],[100.14193,2.32646],[100.14282,2.32826],[100.14461,2.32826],[100.14461,2.32556]]],[[[100.20456,2.33271],[100.20635,2.33451],[100.20635,2.33271],[100.20456,2.33271]]],[[[100.20814,2.33631],[100.20635,2.33451],[100.20635,2.33631],[100.20814,2.33631]]],[[[100.2162,2.339],[100.21888,2.339],[100.21888,2.3372],[100.2162,2.3363],[100.2162,2.339]]],[[[100.11071,2.45158],[100.10803,2.45339],[100.11072,2.45248],[100.11071,2.45158]]],[[[100.14561,2.45515],[100.1483,2.45695],[100.1474,2.45515],[100.14561,2.45515]]],[[[100.14383,2.45786],[100.14561,2.45605],[100.14382,2.45516],[100.14383,2.45786]]],[[[100.15456,2.45785],[100.15725,2.45964],[100.15725,2.45694],[100.15456,2.45785]]],[[[100.11699,2.46868],[100.11879,2.47228],[100.12057,2.46598],[100.11878,2.46598],[100.11699,2.46868]]],[[[100.1698,2.48843],[100.17249,2.48843],[100.17249,2.48753],[100.1707,2.48663],[100.1698,2.48843]]],[[[100.14029,2.50916],[100.14387,2.51005],[100.14387,2.50735],[100.14029,2.50916]]],[[[100.13045,2.51097],[100.13134,2.50917],[100.12866,2.51097],[100.13045,2.51187],[100.12956,2.51547],[100.13224,2.51546],[100.13313,2.51096],[100.13045,2.51097]],[[100.13045,2.51277],[100.13135,2.51367],[100.13045,2.51367],[100.13045,2.51277]]],[[[100.17072,2.51363],[100.16893,2.51543],[100.16803,2.51363],[100.16983,2.51813],[100.17341,2.51543],[100.17072,2.51363]]],[[[100.16536,2.51903],[100.16625,2.52173],[100.16894,2.51993],[100.16804,2.51723],[100.16536,2.51903]]],[[[100.16446,2.51814],[100.16267,2.52084],[100.16446,2.52174],[100.16446,2.51814]]],[[[100.05002,2.63703],[100.05271,2.63883],[100.05628,2.63793],[100.0527,2.63253],[100.04822,2.63163],[100.05002,2.63703]],[[100.0536,2.63523],[100.05091,2.63613],[100.05091,2.63433],[100.0536,2.63523]]],[[[100.05181,2.64063],[100.05271,2.64243],[100.05629,2.64153],[100.05629,2.63973],[100.05181,2.64063]]],[[[100.13057,2.65046],[100.12789,2.65136],[100.13236,2.65136],[100.13326,2.64686],[100.12968,2.64686],[100.13057,2.65046]]],[[[100.1279,2.65856],[100.13326,2.65676],[100.12789,2.65676],[100.1279,2.65856]]],[[[100.13327,2.66846],[100.13059,2.66666],[100.1297,2.66936],[100.13327,2.66846]]]]}},{"type":"Feature","properties":{"flood_val":1,"fase":"fase4","luas_m2":261290105.57992497,"luas_km2":261.29010557992495},"geometry":{"type":"MultiPolygon","coordinates":[[[[98.4052,2.01537],[98.40162,2.01717],[98.40251,2.02077],[98.40699,2.01807],[98.4052,2.01537]]],[[[98.40519,2.03157],[98.40698,2.03157],[98.40608,2.04057],[98.40787,2.04057],[98.40877,2.03697],[98.41235,2.03517],[98.41235,2.03247],[98.41593,2.03157],[98.41504,2.02527],[98.41862,2.02347],[98.41772,2.01807],[98.4222,2.01447],[98.4222,2.01177],[98.41504,2.01267],[98.41414,2.02077],[98.40878,2.01627],[98.40967,2.02077],[98.4052,2.02167],[98.40609,2.02347],[98.40877,2.02257],[98.40877,2.02617],[98.40609,2.02707],[98.40788,2.03067],[98.40519,2.03157]],[[98.41235,2.03157],[98.41056,2.03427],[98.40788,2.03157],[98.41235,2.03157]],[[98.40967,2.02797],[98.41146,2.02527],[98.41146,2.02797],[98.40967,2.02797]],[[98.40698,2.03607],[98.40787,2.03697],[98.40698,2.03697],[98.40698,2.03607]],[[98.41235,2.02527],[98.41325,2.02707],[98.41235,2.02707],[98.41235,2.02527]],[[98.41235,2.02347],[98.41325,2.02437],[98.41235,2.02437],[98.41235,2.02347]],[[98.40967,2.02257],[98.41056,2.02347],[98.40967,2.02347],[98.40967,2.02257]],[[98.41683,2.02347],[98.41504,2.02077],[98.41593,2.02077],[98.41683,2.02347]],[[98.41683,2.01627],[98.41862,2.01717],[98.41683,2.01717],[98.41683,2.01627]]],[[[98.36851,2.03696],[98.3703,2.03516],[98.36851,2.03426],[98.36851,2.03696]]],[[[98.38461,2.05046],[98.38103,2.04776],[98.38372,2.04506],[98.38014,2.04506],[98.37656,2.03606],[98.37477,2.04056],[98.37656,2.04146],[98.37656,2.04866],[98.38192,2.05316],[98.38461,2.05046]],[[98.37656,2.04236],[98.37745,2.04326],[98.37656,2.04326],[98.37656,2.04236]],[[98.37835,2.04956],[98.37924,2.04866],[98.37924,2.04956],[98.37835,2.04956]],[[98.37924,2.04596],[98.37835,2.04686],[98.37835,2.04596],[98.37924,2.04596]]],[[[98.19629,2.80913],[98.19987,2.81183],[98.19987,2.80823],[98.19629,2.80913]]],[[[98.0761,3.10424],[98.07431,3.10244],[98.07431,3.10424],[98.0761,3.10424]]],[[[98.07879,3.10335],[98.07699,3.10604],[98.08147,3.10695],[98.08326,3.10605],[98.07968,3.10605],[98.07879,3.10335]]],[[[98.07878,3.10785],[98.07341,3.10514],[98.06803,3.11144],[98.07788,3.11235],[98.07699,3.10874],[98.07878,3.10785]],[[98.07251,3.11144],[98.07341,3.11054],[98.07341,3.11144],[98.07251,3.11144]],[[98.0752,3.11054],[98.0743,3.11144],[98.0743,3.11054],[98.0752,3.11054]],[[98.07251,3.10874],[98.07162,3.10964],[98.07162,3.10874],[98.07251,3.10874]]],[[[98.06087,3.11863],[98.06176,3.11593],[98.05997,3.11593],[98.05728,3.12493],[98.06266,3.11953],[98.06087,3.11863]]],[[[98.06086,3.12763],[98.06085,3.13213],[98.06175,3.13213],[98.06354,3.12763],[98.06086,3.12763]]],[[[98.06175,3.13303],[98.05817,3.13483],[98.06175,3.13483],[98.06175,3.13303]]],[[[98.051,3.13842],[98.04652,3.13932],[98.04831,3.14562],[98.05099,3.14742],[98.05099,3.14922],[98.05457,3.14923],[98.05637,3.14473],[98.05189,3.14202],[98.05458,3.14023],[98.06084,3.14203],[98.06174,3.13933],[98.05369,3.13482],[98.051,3.13572],[98.051,3.13842]],[[98.0501,3.14382],[98.0492,3.14472],[98.0492,3.14292],[98.0501,3.14382]],[[98.05279,3.13842],[98.05368,3.13932],[98.05279,3.13932],[98.05279,3.13842]]],[[[98.03667,3.14111],[98.04114,3.14471],[98.04563,3.13932],[98.04115,3.13931],[98.03667,3.14111]]],[[[98.05009,3.14832],[98.04383,3.14742],[98.04293,3.15011],[98.04561,3.15192],[98.04651,3.14922],[98.05009,3.14832]]],[[[98.04203,3.15281],[98.04472,3.15372],[98.04203,3.15101],[98.04203,3.15281]]],[[[98.04382,3.16002],[98.03845,3.15731],[98.04203,3.15551],[98.04024,3.15281],[98.04204,3.14831],[98.04025,3.14741],[98.03307,3.16001],[98.03666,3.15821],[98.03486,3.16271],[98.03934,3.16271],[98.03844,3.16091],[98.04382,3.16002]],[[98.03665,3.16091],[98.03755,3.16181],[98.03665,3.16181],[98.03665,3.16091]],[[98.03666,3.15641],[98.03755,3.15731],[98.03666,3.15731],[98.03666,3.15641]]],[[[98.01063,3.21848],[98.00974,3.21398],[98.00795,3.21578],[98.00526,3.21398],[98.00257,3.21758],[98.00526,3.21668],[98.00436,3.21938],[98.00705,3.22028],[98.00795,3.21668],[98.01063,3.21848]]],[[[97.97839,3.23015],[97.98287,3.22746],[97.98018,3.22745],[97.97839,3.23015]]],[[[97.99002,3.23736],[97.98644,3.24006],[97.9918,3.24367],[97.99002,3.24096],[97.99002,3.23736]]],[[[97.97657,3.25535],[97.97389,3.24995],[97.9712,3.24994],[97.97031,3.25264],[97.97478,3.25355],[97.97478,3.25805],[97.97836,3.25805],[97.97567,3.26075],[97.98194,3.26166],[97.98104,3.25805],[97.97657,3.25535]]],[[[98.31312,3.46445],[98.31222,3.46805],[98.31491,3.46715],[98.31312,3.46445]]],[[[98.4134,3.52933],[98.41609,3.52483],[98.4143,3.52483],[98.4134,3.52933]]],[[[98.38267,3.92444],[98.38088,3.92354],[98.38267,3.92624],[98.38267,3.92444]]],[[[98.32256,4.00089],[98.32435,4.0018],[98.32525,3.9973],[98.32346,3.9982],[98.32256,4.00089]]],[[[98.32704,4.0],[98.32525,4.0018],[98.32704,4.0018],[98.32704,4.0]]],[[[98.37631,4.03874],[98.37452,4.03064],[98.37184,4.02704],[98.36646,4.02883],[98.36645,4.03243],[98.36466,4.03243],[98.36108,4.03153],[98.36108,4.02883],[98.35839,4.02973],[98.35839,4.02703],[98.3557,4.02792],[98.35391,4.02342],[98.35212,4.02522],[98.35212,4.02162],[98.35571,4.02252],[98.35392,4.01982],[98.3584,4.01982],[98.35392,4.01712],[98.35661,4.01622],[98.35751,4.01262],[98.35392,4.00992],[98.35572,4.00722],[98.35214,4.00542],[98.35214,4.00182],[98.34676,4.00181],[98.35214,4.00092],[98.35394,3.99552],[98.35931,3.99552],[98.35484,3.98652],[98.35932,3.98562],[98.36023,3.97482],[98.36291,3.97573],[98.36381,3.96853],[98.36113,3.96762],[98.35843,3.97482],[98.35664,3.97212],[98.35395,3.97212],[98.35306,3.97482],[98.34947,3.97301],[98.34947,3.97571],[98.33781,3.98561],[98.3396,3.99011],[98.33781,3.99011],[98.3378,3.99461],[98.33332,3.9937],[98.33153,3.9955],[98.33422,3.9973],[98.33152,4.0036],[98.33332,4.0036],[98.33421,4.009],[98.32794,4.0063],[98.32704,4.0099],[98.33241,4.0108],[98.3342,4.01621],[98.34137,4.01621],[98.34406,4.01441],[98.34585,4.01711],[98.34137,4.01711],[98.34226,4.02071],[98.34495,4.01981],[98.34226,4.02521],[98.33689,4.02161],[98.33688,4.02611],[98.3333,4.0261],[98.33509,4.02251],[98.32793,4.0162],[98.32703,4.0198],[98.33061,4.0225],[98.32882,4.0234],[98.32881,4.0333],[98.33239,4.0342],[98.33419,4.03151],[98.33508,4.03421],[98.33867,4.03331],[98.34047,4.02701],[98.34494,4.03692],[98.34942,4.03692],[98.35212,4.03062],[98.35749,4.03783],[98.35928,4.03513],[98.36555,4.03873],[98.36556,4.03513],[98.37093,4.03424],[98.37093,4.03874],[98.37362,4.03964],[98.37631,4.03874]],[[98.37362,4.03244],[98.37183,4.03154],[98.37363,4.03154],[98.37362,4.03244]],[[98.37273,4.02974],[98.37094,4.03064],[98.37094,4.02974],[98.37273,4.02974]],[[98.36645,4.03243],[98.36735,4.03333],[98.36645,4.03333],[98.36645,4.03243]],[[98.36735,4.03333],[98.36825,4.03423],[98.36735,4.03423],[98.36735,4.03333]],[[98.35123,4.02162],[98.34675,4.01892],[98.34675,4.01622],[98.35033,4.01532],[98.35034,4.01172],[98.34675,4.01352],[98.34496,4.01081],[98.34586,4.00631],[98.34855,4.00812],[98.34586,4.00901],[98.35213,4.01172],[98.35123,4.02162]],[[98.34943,4.02162],[98.34854,4.02252],[98.34854,4.02162],[98.34943,4.02162]],[[98.34854,4.02252],[98.34764,4.02342],[98.34764,4.02252],[98.34854,4.02252]],[[98.34675,4.01892],[98.34585,4.02071],[98.34585,4.01891],[98.34675,4.01892]],[[98.34496,4.01081],[98.34406,4.01351],[98.34227,4.01081],[98.34496,4.01081]],[[98.34496,4.00721],[98.34317,4.00631],[98.34496,4.00631],[98.34496,4.00721]],[[98.35124,4.00992],[98.35213,4.00812],[98.35213,4.00992],[98.35124,4.00992]],[[98.35214,4.00542],[98.35034,4.00722],[98.34855,4.00542],[98.35214,4.00542]],[[98.35573,3.98922],[98.35483,3.99372],[98.35035,3.99372],[98.35394,3.99102],[98.34587,3.99191],[98.34677,3.98921],[98.35573,3.98922]],[[98.34856,3.99462],[98.34497,3.99461],[98.34498,3.99281],[98.34856,3.99282],[98.34856,3.99462]],[[98.34499,3.98021],[98.34588,3.98111],[98.34498,3.98111],[98.34499,3.98021]],[[98.34498,3.98111],[98.34319,3.98651],[98.34409,3.98111],[98.34498,3.98111]],[[98.33422,3.9973],[98.33511,3.9955],[98.33511,3.9973],[98.33422,3.9973]],[[98.32973,4.0099],[98.32883,4.009],[98.32973,4.009],[98.32973,4.0099]],[[98.34137,4.01531],[98.34048,4.01441],[98.34137,4.01441],[98.34137,4.01531]],[[98.32971,4.027],[98.33061,4.0261],[98.33061,4.027],[98.32971,4.027]],[[98.34315,4.03151],[98.34405,4.03061],[98.34405,4.03151],[98.34315,4.03151]],[[98.34315,4.03061],[98.34226,4.02971],[98.34315,4.02971],[98.34315,4.03061]],[[98.35928,4.03513],[98.36018,4.03153],[98.36287,4.03423],[98.35928,4.03513]],[[98.36556,4.03513],[98.36466,4.03423],[98.36556,4.03423],[98.36556,4.03513]],[[98.36466,4.03513],[98.36376,4.03603],[98.36376,4.03513],[98.36466,4.03513]],[[98.37183,4.03874],[98.37362,4.03694],[98.37272,4.03874],[98.37183,4.03874]],[[98.34673,4.03512],[98.34763,4.03242],[98.34853,4.03512],[98.34673,4.03512]],[[98.34763,4.03242],[98.34853,4.03152],[98.34853,4.03242],[98.34763,4.03242]],[[98.34853,4.03152],[98.34943,4.03062],[98.34943,4.03152],[98.34853,4.03152]],[[98.34853,4.03062],[98.34763,4.02972],[98.34853,4.02972],[98.34853,4.03062]],[[98.3566,4.03242],[98.3557,4.03152],[98.3566,4.03152],[98.3566,4.03242]],[[98.3557,4.03152],[98.35391,4.03062],[98.3557,4.03062],[98.3557,4.03152]],[[98.35032,4.02882],[98.34943,4.02972],[98.34943,4.02882],[98.35032,4.02882]],[[98.3557,4.02882],[98.3548,4.02972],[98.35481,4.02882],[98.3557,4.02882]],[[98.34584,4.02792],[98.34495,4.02881],[98.34495,4.02791],[98.34584,4.02792]],[[98.37094,4.02794],[98.37004,4.02883],[98.37004,4.02793],[98.37094,4.02794]],[[98.35122,4.02702],[98.35032,4.02792],[98.35033,4.02702],[98.35122,4.02702]],[[98.33779,4.01261],[98.33689,4.01441],[98.33689,4.01261],[98.33779,4.01261]],[[98.34138,4.01171],[98.33958,4.01261],[98.33958,4.01171],[98.34138,4.01171]],[[98.33779,4.00991],[98.33689,4.01081],[98.3369,4.00991],[98.33779,4.00991]],[[98.32973,4.0072],[98.32883,4.0081],[98.32883,4.0072],[98.32973,4.0072]],[[98.34228,4.00631],[98.34138,4.00721],[98.34138,4.00631],[98.34228,4.00631]],[[98.336,4.00361],[98.33421,4.0045],[98.33421,4.0036],[98.336,4.00361]],[[98.34138,4.00181],[98.34049,4.00271],[98.34049,4.00181],[98.34138,4.00181]],[[98.33601,4.00091],[98.33511,4.0018],[98.33511,4.0009],[98.33601,4.00091]],[[98.34049,4.00091],[98.34139,3.99911],[98.34138,4.00091],[98.34049,4.00091]],[[98.34139,3.99911],[98.34587,3.99821],[98.34587,3.99911],[98.34139,3.99911]],[[98.34766,3.99911],[98.34676,4.00001],[98.34676,3.99911],[98.34766,3.99911]],[[98.34945,3.99822],[98.34497,3.99551],[98.34856,3.99552],[98.34945,3.99822]],[[98.3378,3.99551],[98.33691,3.99641],[98.33691,3.99551],[98.3378,3.99551]],[[98.34229,3.99371],[98.34139,3.99551],[98.34139,3.99371],[98.34229,3.99371]],[[98.35752,3.99282],[98.35663,3.99372],[98.35663,3.99282],[98.35752,3.99282]],[[98.34318,3.99191],[98.34229,3.99281],[98.34229,3.99191],[98.34318,3.99191]],[[98.34319,3.98831],[98.34229,3.99011],[98.34229,3.98831],[98.34319,3.98831]],[[98.35036,3.98832],[98.34856,3.98741],[98.34946,3.98382],[98.35305,3.98472],[98.35036,3.98562],[98.35036,3.98832]],[[98.34767,3.98651],[98.34677,3.98741],[98.34677,3.98651],[98.34767,3.98651]],[[98.35663,3.98382],[98.35574,3.98472],[98.35574,3.98382],[98.35663,3.98382]],[[98.35305,3.98292],[98.35036,3.98292],[98.35037,3.97572],[98.35395,3.97662],[98.35126,3.97842],[98.35305,3.98292]],[[98.35753,3.98202],[98.35395,3.98292],[98.35395,3.98202],[98.35753,3.98202]],[[98.35754,3.97662],[98.35664,3.98022],[98.35664,3.97662],[98.35754,3.97662]]],[[[98.31718,4.00179],[98.3127,4.00449],[98.3118,4.00809],[98.3127,4.00989],[98.31539,4.00899],[98.31628,4.01169],[98.32076,4.01169],[98.32524,4.0198],[98.32614,4.0144],[98.32345,4.0081],[98.31718,4.00179]],[[98.32345,4.0117],[98.32166,4.01259],[98.32166,4.01079],[98.32345,4.0117]],[[98.32166,4.01079],[98.31987,4.00989],[98.32166,4.00989],[98.32166,4.01079]],[[98.31449,4.00719],[98.31359,4.00809],[98.31359,4.00719],[98.31449,4.00719]],[[98.31808,4.00809],[98.31628,4.00719],[98.31808,4.00719],[98.31808,4.00809]],[[98.31628,4.00719],[98.31539,4.00629],[98.31628,4.00629],[98.31628,4.00719]],[[98.31628,4.00629],[98.31718,4.00539],[98.31718,4.00629],[98.31628,4.00629]],[[98.31987,4.00629],[98.31897,4.00719],[98.31897,4.00629],[98.31987,4.00629]]],[[[98.18811,4.01607],[98.18543,4.01517],[98.18811,4.01877],[98.18811,4.01607]]],[[[98.30283,4.01708],[98.30283,4.02248],[98.30551,4.02428],[98.30641,4.01978],[98.31269,4.01979],[98.3109,4.01709],[98.31269,4.01349],[98.30552,4.01438],[98.30283,4.01708]],[[98.30911,4.01438],[98.31,4.01528],[98.30911,4.01528],[98.30911,4.01438]]],[[[98.36646,4.02433],[98.36288,4.02253],[98.35929,4.02703],[98.36466,4.02973],[98.36646,4.02433]]],[[[98.19885,4.03048],[98.19527,4.02688],[98.19348,4.02958],[98.19437,4.03318],[98.19885,4.03048]],[[98.19706,4.03138],[98.19617,4.03048],[98.19706,4.03048],[98.19706,4.03138]]],[[[98.18093,4.03317],[98.18272,4.03227],[98.18362,4.03047],[98.17914,4.03046],[98.18093,4.03317]]],[[[98.3306,4.0405],[98.33598,4.03871],[98.3306,4.0387],[98.3306,4.0405]]],[[[98.35838,4.04053],[98.35928,4.04143],[98.35928,4.03783],[98.35838,4.04053]]],[[[98.19436,4.04398],[98.19705,4.04668],[98.19974,4.04308],[98.19436,4.04398]]],[[[98.35031,4.04142],[98.34583,4.04322],[98.33687,4.03961],[98.33418,4.04231],[98.33597,4.04501],[98.33506,4.05671],[98.34045,4.05131],[98.33866,4.05041],[98.34045,4.04771],[98.34941,4.04862],[98.3521,4.04682],[98.353,4.04322],[98.35031,4.04142]],[[98.33866,4.05041],[98.33776,4.05131],[98.33776,4.05041],[98.33866,4.05041]],[[98.33776,4.05131],[98.33686,4.05221],[98.33686,4.05131],[98.33776,4.05131]],[[98.34045,4.04591],[98.33776,4.04681],[98.33687,4.04231],[98.34045,4.04591]],[[98.34672,4.04682],[98.34583,4.04772],[98.34583,4.04682],[98.34672,4.04682]],[[98.34224,4.04591],[98.34135,4.04681],[98.34135,4.04591],[98.34224,4.04591]],[[98.34404,4.04501],[98.34314,4.04591],[98.34314,4.04501],[98.34404,4.04501]]],[[[98.34851,4.05312],[98.34582,4.05132],[98.34493,4.05312],[98.34851,4.05312]]],[[[98.34493,4.05312],[98.34134,4.05401],[98.34492,4.05582],[98.34493,4.05312]]],[[[98.3494,4.06212],[98.34671,4.06302],[98.34761,4.06572],[98.3494,4.06572],[98.3494,4.06212]]],[[[98.27051,4.07735],[98.27231,4.07375],[98.27051,4.07465],[98.26873,4.07105],[98.26335,4.06835],[98.26246,4.06385],[98.26425,4.06295],[98.26156,4.06024],[98.25798,4.06204],[98.25439,4.06024],[98.25529,4.05844],[98.25081,4.05753],[98.25707,4.07104],[98.25618,4.06474],[98.25797,4.06564],[98.25886,4.07284],[98.26155,4.07195],[98.26066,4.07464],[98.26513,4.07825],[98.27051,4.07735]]],[[[98.24811,4.07553],[98.2499,4.07373],[98.24811,4.07283],[98.24811,4.07553]]],[[[98.2732,4.07826],[98.27768,4.07556],[98.2732,4.07646],[98.2732,4.07826]]],[[[98.25258,4.08004],[98.25437,4.08184],[98.25706,4.08094],[98.25527,4.07914],[98.25258,4.08004]]],[[[98.25796,4.08274],[98.25437,4.08274],[98.25527,4.08544],[98.25796,4.08454],[98.25796,4.08274]]],[[[98.29559,4.09718],[98.29739,4.09448],[98.29649,4.08998],[98.30098,4.08728],[98.30009,4.08008],[98.2965,4.08008],[98.29919,4.08368],[98.2956,4.08368],[98.29561,4.08008],[98.29292,4.08097],[98.2956,4.08728],[98.29291,4.08817],[98.2947,4.08998],[98.29201,4.09357],[98.2929,4.09897],[98.29559,4.09718]],[[98.2956,4.08368],[98.29471,4.08458],[98.29471,4.08368],[98.2956,4.08368]],[[98.29291,4.09357],[98.2938,4.09448],[98.29291,4.09447],[98.29291,4.09357]],[[98.2938,4.09358],[98.2956,4.09268],[98.2956,4.09358],[98.2938,4.09358]],[[98.2938,4.09538],[98.2947,4.09628],[98.2938,4.09628],[98.2938,4.09538]],[[98.2956,4.08818],[98.2965,4.08908],[98.2956,4.08908],[98.2956,4.08818]],[[98.29829,4.08548],[98.29919,4.08638],[98.29829,4.08638],[98.29829,4.08548]]],[[[98.28574,4.08997],[98.28843,4.08907],[98.28574,4.08907],[98.28574,4.08997]]],[[[98.26513,4.08545],[98.26154,4.08635],[98.25436,4.09624],[98.25794,4.09894],[98.25705,4.10164],[98.266,4.10705],[98.27587,4.10526],[98.27587,4.10166],[98.27945,4.10526],[98.28662,4.10437],[98.29021,4.09897],[98.29022,4.09447],[98.28574,4.09357],[98.28305,4.08907],[98.28574,4.08907],[98.28664,4.08637],[98.29022,4.08727],[98.28843,4.08457],[98.29202,4.08367],[98.29113,4.07827],[98.28127,4.07736],[98.28037,4.07556],[98.27678,4.08006],[98.26872,4.07915],[98.2723,4.08276],[98.26334,4.08365],[98.26513,4.08545]],[[98.28754,4.07827],[98.28664,4.08097],[98.28665,4.07827],[98.28754,4.07827]],[[98.27678,4.08006],[98.27768,4.08096],[98.27678,4.08096],[98.27678,4.08006]],[[98.27678,4.08276],[98.27678,4.08546],[98.2723,4.08366],[98.2723,4.08276],[98.27678,4.08276]],[[98.2687,4.10345],[98.27049,4.10435],[98.2687,4.10435],[98.2687,4.10345]],[[98.26511,4.10165],[98.26601,4.10255],[98.26511,4.10255],[98.26511,4.10165]],[[98.28663,4.10077],[98.28483,4.10257],[98.28483,4.10077],[98.28663,4.10077]],[[98.2678,4.09985],[98.26691,4.10075],[98.26691,4.09895],[98.2678,4.09985]],[[98.28036,4.09626],[98.28125,4.09716],[98.28035,4.09716],[98.28036,4.09626]],[[98.25795,4.09444],[98.25884,4.09624],[98.25795,4.09624],[98.25795,4.09444]],[[98.28573,4.09537],[98.28663,4.09627],[98.28573,4.09627],[98.28573,4.09537]],[[98.28842,4.09537],[98.28932,4.09627],[98.28842,4.09627],[98.28842,4.09537]],[[98.27767,4.09176],[98.27767,4.09536],[98.27587,4.09536],[98.27588,4.09176],[98.27767,4.09176]],[[98.28125,4.09446],[98.28215,4.09536],[98.28125,4.09536],[98.28125,4.09446]],[[98.27229,4.09176],[98.27319,4.09266],[98.27229,4.09266],[98.27229,4.09176]],[[98.28395,4.08637],[98.28484,4.08727],[98.28395,4.08727],[98.28395,4.08637]],[[98.27857,4.08546],[98.27947,4.08636],[98.27857,4.08636],[98.27857,4.08546]],[[98.28126,4.08546],[98.28126,4.08186],[98.28306,4.08367],[98.28843,4.08277],[98.28126,4.08546]],[[98.28306,4.08187],[98.28485,4.08097],[98.28485,4.08187],[98.28306,4.08187]],[[98.28306,4.07826],[98.28575,4.07917],[98.28306,4.07916],[98.28306,4.07826]]],[[[98.2929,4.09897],[98.29111,4.10077],[98.2929,4.10077],[98.2929,4.09897]]],[[[98.24988,4.09804],[98.23912,4.09713],[98.23553,4.10072],[98.2427,4.10073],[98.24091,4.10433],[98.2427,4.10433],[98.2427,4.10253],[98.24629,4.10343],[98.25167,4.10164],[98.2436,4.10073],[98.24988,4.09804]],[[98.24629,4.10253],[98.24539,4.10163],[98.24629,4.10163],[98.24629,4.10253]]],[[[98.292,4.10167],[98.29021,4.10437],[98.2929,4.10437],[98.292,4.10167]]],[[[98.2561,4.15384],[98.257,4.14934],[98.25521,4.14934],[98.25431,4.15294],[98.2561,4.15384]]],[[[98.25251,4.15654],[98.2534,4.16374],[98.25161,4.16554],[98.25429,4.16914],[98.2561,4.15654],[98.25251,4.15654]]],[[[98.24258,4.22763],[98.24617,4.22494],[98.24439,4.21773],[98.24169,4.21953],[98.24169,4.22763],[98.23989,4.22763],[98.24168,4.23123],[98.2372,4.23393],[98.2381,4.23033],[98.23541,4.22853],[98.23361,4.23212],[98.2363,4.23393],[98.23451,4.23483],[98.2354,4.24383],[98.23988,4.24653],[98.23988,4.24293],[98.24257,4.24203],[98.23809,4.23933],[98.24257,4.23753],[98.24078,4.23663],[98.24258,4.23573],[98.24258,4.23123],[98.24527,4.23124],[98.24527,4.22854],[98.24258,4.22763]],[[98.23809,4.23753],[98.23899,4.23843],[98.23809,4.23843],[98.23809,4.23753]],[[98.24078,4.23393],[98.24168,4.23483],[98.24078,4.23483],[98.24078,4.23393]]],[[[98.24437,4.23664],[98.24168,4.23843],[98.24167,4.24023],[98.24437,4.23844],[98.24437,4.23664]]],[[[98.24257,4.24113],[98.24616,4.24114],[98.24347,4.23933],[98.24257,4.24113]]],[[[98.23271,4.23842],[98.23002,4.24562],[98.2327,4.24652],[98.23271,4.23842]]],[[[98.23808,4.24653],[98.23808,4.25103],[98.24077,4.25103],[98.24167,4.24653],[98.23987,4.24743],[98.23808,4.24653]]],[[[98.23539,4.24653],[98.2336,4.24833],[98.23359,4.25193],[98.23629,4.25103],[98.23539,4.24653]]],[[[98.22911,4.25102],[98.23091,4.24922],[98.22732,4.24742],[98.22911,4.25102]]],[[[98.48036,1.98659],[98.47767,1.98839],[98.48036,1.98749],[98.48036,1.98659]]],[[[98.47767,1.98839],[98.47052,1.99109],[98.47051,1.99289],[98.47767,1.99109],[98.47767,1.98839]]],[[[98.46962,1.99019],[98.46604,1.99109],[98.46694,1.99469],[98.46604,1.99559],[98.46783,1.99559],[98.47051,1.99379],[98.46873,1.99289],[98.46962,1.99019]]],[[[98.46604,1.99649],[98.46604,1.99379],[98.46336,1.99378],[98.46246,1.99739],[98.46604,1.99649]]],[[[98.45888,1.99828],[98.4553,2.00188],[98.45709,2.00458],[98.45888,1.99828]]],[[[98.42041,2.01717],[98.42398,2.01807],[98.42488,2.01537],[98.42309,2.01447],[98.42041,2.01717]]],[[[98.49584,3.48437],[98.49673,3.48167],[98.49405,3.48077],[98.49404,3.48347],[98.49584,3.48437]]],[[[98.47971,3.48166],[98.47702,3.48526],[98.4815,3.48886],[98.47882,3.48616],[98.47971,3.48166]]],[[[98.503,3.49067],[98.49852,3.48707],[98.49673,3.48347],[98.49762,3.48887],[98.50568,3.49788],[98.503,3.49067]]],[[[98.46986,3.49156],[98.47254,3.49246],[98.47344,3.49696],[98.47344,3.48706],[98.47075,3.48796],[98.46986,3.49156]]],[[[98.47523,3.49156],[98.47433,3.49516],[98.47702,3.49606],[98.47523,3.49156]]],[[[98.47612,3.49786],[98.47791,3.49606],[98.47702,3.49606],[98.47612,3.49786]]],[[[98.49046,3.49517],[98.49045,3.50237],[98.48776,3.50327],[98.49314,3.50507],[98.49314,3.49517],[98.49046,3.49517]]],[[[98.51016,3.50598],[98.50836,3.50958],[98.51015,3.50958],[98.51016,3.50598]]],[[[98.47881,3.50506],[98.47701,3.50506],[98.47791,3.50776],[98.47522,3.50866],[98.47432,3.51226],[98.47701,3.51136],[98.4779,3.51316],[98.47881,3.50506]]],[[[98.48687,3.50867],[98.48418,3.50597],[98.48239,3.50776],[98.48328,3.50416],[98.4806,3.50326],[98.48059,3.50866],[98.48328,3.50866],[98.48597,3.51317],[98.48417,3.51497],[98.48955,3.51587],[98.48597,3.51227],[98.48507,3.50867],[98.48687,3.50867]]],[[[98.48059,3.51316],[98.48238,3.51497],[98.48417,3.51407],[98.48238,3.51136],[98.48059,3.51316]]],[[[98.4788,3.51316],[98.47611,3.51856],[98.4788,3.51946],[98.4788,3.51316]]],[[[98.50119,3.52848],[98.50387,3.53028],[98.50388,3.52578],[98.50119,3.52848]]],[[[98.54145,3.61671],[98.54145,3.61581],[98.53698,3.614],[98.53787,3.61761],[98.54145,3.61671]],[[98.53966,3.61581],[98.53877,3.61671],[98.53877,3.61581],[98.53966,3.61581]]],[[[98.54861,3.62841],[98.55041,3.62391],[98.54503,3.62211],[98.54414,3.62841],[98.54861,3.62841]],[[98.54682,3.62751],[98.54772,3.62661],[98.54772,3.62751],[98.54682,3.62751]]],[[[98.53607,3.62391],[98.53876,3.63021],[98.53787,3.62211],[98.53607,3.62391]]],[[[98.5298,3.6284],[98.52622,3.6275],[98.52801,3.632],[98.5298,3.632],[98.5298,3.6284]]],[[[98.55578,3.64012],[98.55847,3.63742],[98.55399,3.63742],[98.55578,3.64012]]],[[[98.55484,3.72203],[98.55663,3.71933],[98.54947,3.71842],[98.55126,3.72202],[98.55484,3.72203]]],[[[98.55484,3.72833],[98.55573,3.73013],[98.56021,3.72923],[98.55753,3.72653],[98.55484,3.72833]]],[[[98.54498,3.73732],[98.54408,3.73912],[98.54587,3.74092],[98.54945,3.74182],[98.54946,3.73822],[98.54677,3.74002],[98.54498,3.73732]]],[[[98.54139,3.74992],[98.54317,3.75532],[98.54676,3.75532],[98.54766,3.75172],[98.54139,3.74992]],[[98.54407,3.75352],[98.54497,3.75172],[98.54497,3.75352],[98.54407,3.75352]]],[[[98.52077,3.75981],[98.5154,3.75981],[98.5145,3.75531],[98.51271,3.75531],[98.51271,3.76251],[98.52077,3.76341],[98.52077,3.75981]],[[98.51808,3.76071],[98.51719,3.76161],[98.51719,3.76071],[98.51808,3.76071]]],[[[98.536,3.75982],[98.53332,3.76072],[98.53332,3.75802],[98.53063,3.75802],[98.53242,3.76432],[98.5369,3.76162],[98.536,3.75982]]],[[[98.54407,3.76072],[98.54227,3.76702],[98.54675,3.76613],[98.54407,3.76072]]],[[[98.5369,3.76612],[98.5351,3.76882],[98.53779,3.76792],[98.5369,3.76612]]],[[[98.54227,3.76882],[98.54138,3.76612],[98.54048,3.76612],[98.54048,3.76972],[98.54227,3.76882]]],[[[98.56019,3.76973],[98.5584,3.77153],[98.56198,3.77333],[98.56288,3.77153],[98.56019,3.76973]]],[[[98.56557,3.77064],[98.56198,3.77513],[98.56736,3.77694],[98.56915,3.77334],[98.56467,3.77424],[98.56557,3.77064]]],[[[98.54495,3.78413],[98.53779,3.77692],[98.53958,3.77422],[98.53689,3.77332],[98.53689,3.77692],[98.5342,3.77512],[98.53241,3.78142],[98.52882,3.78142],[98.52703,3.78592],[98.5333,3.78952],[98.53509,3.78682],[98.53778,3.78772],[98.53778,3.78502],[98.54047,3.78772],[98.54495,3.78773],[98.54585,3.78593],[98.54226,3.78413],[98.54226,3.78232],[98.54495,3.78413]],[[98.54226,3.78413],[98.54137,3.78502],[98.54137,3.78412],[98.54226,3.78413]],[[98.53958,3.78322],[98.53868,3.78412],[98.53868,3.78322],[98.53958,3.78322]],[[98.5342,3.77782],[98.54047,3.77962],[98.54047,3.78232],[98.53689,3.78232],[98.5342,3.77782]]],[[[98.55839,3.77963],[98.55839,3.78773],[98.56018,3.78863],[98.56467,3.78144],[98.55839,3.77963]]],[[[98.56197,3.79044],[98.56466,3.78864],[98.56198,3.78684],[98.56197,3.79044]]],[[[98.56376,3.80034],[98.56197,3.79044],[98.5557,3.78863],[98.5566,3.78503],[98.55212,3.78413],[98.55123,3.77693],[98.54944,3.77693],[98.54943,3.78503],[98.55302,3.78503],[98.55033,3.78953],[98.55301,3.79043],[98.55032,3.79313],[98.5548,3.79763],[98.55659,3.79673],[98.55838,3.80124],[98.56376,3.80034]],[[98.56108,3.79494],[98.56018,3.79584],[98.56018,3.79494],[98.56108,3.79494]],[[98.55838,3.80034],[98.56018,3.79854],[98.56018,3.80034],[98.55838,3.80034]],[[98.55928,3.79854],[98.55839,3.79763],[98.55928,3.79764],[98.55928,3.79854]]],[[[98.49656,3.7886],[98.49387,3.7904],[98.49567,3.7904],[98.49656,3.7886]]],[[[98.49925,3.7913],[98.49925,3.7886],[98.49746,3.7886],[98.49656,3.7913],[98.49925,3.7913]]],[[[98.54046,3.79763],[98.54495,3.79583],[98.54495,3.79403],[98.54226,3.79403],[98.54046,3.79763]]],[[[98.52792,3.79942],[98.52613,3.79402],[98.52434,3.79402],[98.52434,3.79762],[98.52792,3.79942]]],[[[98.43742,3.79846],[98.43921,3.79667],[98.43652,3.79486],[98.43562,3.80116],[98.44011,3.79937],[98.441,3.80207],[98.44369,3.80207],[98.44459,3.79847],[98.43742,3.79846]],[[98.441,3.80027],[98.4419,3.79937],[98.4419,3.80027],[98.441,3.80027]]],[[[98.54673,3.80213],[98.54763,3.79943],[98.54494,3.79853],[98.54494,3.80123],[98.54673,3.80213]]],[[[98.49835,3.7985],[98.49387,3.8003],[98.49566,3.803],[98.50014,3.8012],[98.49835,3.7985]]],[[[98.45086,3.80027],[98.45444,3.80298],[98.45355,3.79937],[98.45086,3.80027]]],[[[98.56197,3.80394],[98.56376,3.80214],[98.56197,3.80124],[98.56197,3.80394]]],[[[98.44996,3.80207],[98.44548,3.80027],[98.44189,3.80477],[98.44548,3.80477],[98.44548,3.80837],[98.44906,3.80927],[98.44996,3.80207]],[[98.44817,3.80567],[98.44727,3.80747],[98.44727,3.80567],[98.44817,3.80567]]],[[[98.52075,3.80842],[98.51985,3.80301],[98.51448,3.80391],[98.51716,3.80751],[98.51626,3.81021],[98.51806,3.80841],[98.52254,3.80932],[98.52343,3.80752],[98.52971,3.80842],[98.52702,3.80482],[98.52881,3.80122],[98.52702,3.80212],[98.52433,3.79942],[98.52165,3.80122],[98.52075,3.80842]],[[98.51895,3.80841],[98.51985,3.80662],[98.51985,3.80842],[98.51895,3.80841]],[[98.52433,3.80752],[98.52523,3.80662],[98.52523,3.80752],[98.52433,3.80752]],[[98.52433,3.80662],[98.52343,3.80572],[98.52433,3.80572],[98.52433,3.80662]],[[98.52702,3.80392],[98.52612,3.80302],[98.52702,3.80302],[98.52702,3.80392]],[[98.52433,3.80122],[98.52433,3.80302],[98.52523,3.80482],[98.52344,3.80482],[98.52433,3.80122]],[[98.52702,3.80662],[98.52612,3.80752],[98.52612,3.80662],[98.52702,3.80662]]],[[[98.45085,3.80657],[98.45265,3.80297],[98.45086,3.80297],[98.45085,3.80657]]],[[[98.43831,3.80747],[98.43562,3.81016],[98.43651,3.81197],[98.4383,3.81197],[98.43741,3.81017],[98.44099,3.81107],[98.43831,3.80747]]],[[[98.56465,3.81654],[98.56465,3.81384],[98.56107,3.81384],[98.56196,3.81654],[98.56465,3.81654]]],[[[98.52432,3.82642],[98.52522,3.82282],[98.52343,3.82282],[98.52253,3.82552],[98.52432,3.82642]]],[[[98.55299,3.83634],[98.55209,3.83994],[98.55478,3.83904],[98.55299,3.83634]]],[[[98.55836,3.84444],[98.55926,3.84084],[98.55747,3.84084],[98.55478,3.84444],[98.55836,3.84444]]],[[[98.55388,3.84174],[98.5485,3.84533],[98.55567,3.84804],[98.55478,3.84534],[98.55298,3.84624],[98.55388,3.84174]]],[[[98.56374,3.84534],[98.56642,3.84894],[98.56822,3.84805],[98.56553,3.84444],[98.56374,3.84534]]],[[[98.5485,3.84533],[98.54223,3.84443],[98.54313,3.84713],[98.53865,3.84623],[98.53954,3.85163],[98.54223,3.85073],[98.54133,3.84803],[98.54402,3.84803],[98.54402,3.85253],[98.5485,3.85164],[98.54581,3.84803],[98.5485,3.84533]],[[98.54581,3.84803],[98.54492,3.84983],[98.54492,3.84803],[98.54581,3.84803]]],[[[98.55836,3.85254],[98.55657,3.84984],[98.55477,3.84984],[98.55567,3.85254],[98.55836,3.85254]]],[[[98.54402,3.85433],[98.54223,3.85253],[98.54223,3.85433],[98.54402,3.85433]]],[[[98.53506,3.85703],[98.53147,3.85973],[98.53505,3.85973],[98.53506,3.85703]]],[[[98.56373,3.85884],[98.55656,3.86154],[98.55835,3.86604],[98.56014,3.86334],[98.56014,3.86694],[98.56283,3.86514],[98.56373,3.85884]]],[[[98.50279,3.87141],[98.49114,3.8696],[98.49293,3.86331],[98.48935,3.8615],[98.48218,3.8633],[98.48307,3.8678],[98.47949,3.8687],[98.47949,3.8732],[98.48307,3.8768],[98.48217,3.8795],[98.48755,3.8804],[98.48755,3.8822],[98.4983,3.88131],[98.50188,3.89031],[98.50188,3.89751],[98.51173,3.89752],[98.51263,3.89302],[98.50905,3.89212],[98.50368,3.88131],[98.50547,3.87501],[98.50279,3.87141]],[[98.50815,3.89032],[98.50726,3.89122],[98.50726,3.89032],[98.50815,3.89032]],[[98.50368,3.88131],[98.50278,3.88221],[98.50278,3.88131],[98.50368,3.88131]],[[98.50368,3.87861],[98.50278,3.87951],[98.50278,3.87861],[98.50368,3.87861]]],[[[98.51353,3.89752],[98.51263,3.90112],[98.51442,3.90202],[98.52159,3.90113],[98.51353,3.89752]]],[[[98.43823,3.91998],[98.43644,3.92267],[98.43823,3.92358],[98.43823,3.91998]]],[[[98.73089,1.79582],[98.73178,1.79042],[98.72999,1.79042],[98.7291,1.79222],[98.73089,1.79582]]],[[[98.73178,1.79762],[98.73536,1.79762],[98.73715,1.79402],[98.73357,1.79402],[98.73447,1.79672],[98.73178,1.79762]]],[[[98.72999,1.79942],[98.72731,1.79942],[98.72641,1.79852],[98.72731,1.80122],[98.72999,1.79942]]],[[[98.6423,1.92362],[98.64409,1.92362],[98.64409,1.92002],[98.6423,1.92002],[98.6423,1.92362]]],[[[98.70847,2.13607],[98.70668,2.13787],[98.70846,2.13787],[98.70847,2.13607]]],[[[98.70936,2.13787],[98.70757,2.13877],[98.70846,2.14057],[98.70936,2.14057],[98.70936,2.13787]]],[[[98.71918,2.25219],[98.71918,2.25039],[98.71739,2.24949],[98.71739,2.25129],[98.71918,2.25219]]],[[[98.72187,2.24949],[98.71829,2.25399],[98.7165,2.25399],[98.7165,2.25579],[98.72186,2.25309],[98.72187,2.24949]]],[[[98.7317,2.26929],[98.73349,2.26929],[98.73528,2.26299],[98.73081,2.26479],[98.7326,2.26569],[98.7317,2.26929]]],[[[98.70307,2.26749],[98.70128,2.26839],[98.70218,2.27109],[98.70307,2.27109],[98.70307,2.26749]]],[[[98.70307,2.27379],[98.70396,2.27199],[98.70039,2.27109],[98.70038,2.27289],[98.70307,2.27379]]],[[[98.69859,2.27469],[98.70128,2.27739],[98.70217,2.27469],[98.69859,2.27469]]],[[[98.6968,2.28189],[98.6968,2.28549],[98.70038,2.28639],[98.70038,2.28189],[98.6968,2.28189]]],[[[98.69591,2.28279],[98.69322,2.28279],[98.69322,2.28459],[98.69591,2.28549],[98.69591,2.28279]]],[[[98.72275,2.3116],[98.72364,2.3134],[98.72633,2.3125],[98.72633,2.3107],[98.72275,2.3116]]],[[[98.73438,2.3422],[98.73348,2.34761],[98.73616,2.34761],[98.73438,2.3422]]],[[[98.73974,2.34761],[98.73706,2.34941],[98.73974,2.34851],[98.73974,2.34761]]],[[[98.72632,2.3494],[98.73079,2.34761],[98.72543,2.3467],[98.72274,2.3503],[98.72542,2.353],[98.72811,2.35211],[98.72632,2.3494]]],[[[98.73974,2.35121],[98.74153,2.35031],[98.73974,2.34851],[98.73974,2.35121]]],[[[98.71912,2.53033],[98.71733,2.52763],[98.71554,2.53033],[98.71912,2.53033]]],[[[98.72539,2.54473],[98.72181,2.54653],[98.72539,2.54653],[98.72539,2.54473]]],[[[98.57285,3.53031],[98.57016,3.52851],[98.57106,3.53121],[98.57285,3.53031]]],[[[98.57375,3.52851],[98.57374,3.53301],[98.57912,3.53392],[98.57643,3.52851],[98.57375,3.52851]]],[[[98.58538,3.54382],[98.5827,3.54292],[98.58359,3.54652],[98.58538,3.54652],[98.58538,3.54382]]],[[[98.59344,3.55192],[98.59255,3.55552],[98.59523,3.55553],[98.59523,3.56003],[98.59792,3.55733],[98.60061,3.55913],[98.59971,3.55103],[98.59344,3.55192]],[[98.59971,3.55643],[98.59792,3.55553],[98.59971,3.55553],[98.59971,3.55643]]],[[[98.64271,3.55915],[98.64361,3.56185],[98.64181,3.56545],[98.64629,3.56275],[98.64271,3.55915]]],[[[98.58806,3.56002],[98.59165,3.56182],[98.58627,3.56272],[98.58896,3.57082],[98.58716,3.57352],[98.59075,3.57173],[98.60239,3.57713],[98.60239,3.57443],[98.59881,3.57443],[98.59792,3.56903],[98.59254,3.56903],[98.59344,3.55823],[98.58896,3.55282],[98.58806,3.56002]],[[98.59164,3.56723],[98.59075,3.56903],[98.59075,3.56723],[98.59164,3.56723]],[[98.59165,3.55732],[98.59075,3.55822],[98.59075,3.55732],[98.59165,3.55732]],[[98.58985,3.56993],[98.59075,3.57083],[98.58985,3.57083],[98.58985,3.56993]]],[[[98.59881,3.56543],[98.59792,3.56903],[98.59971,3.56903],[98.59881,3.56543]]],[[[98.58178,3.58342],[98.58179,3.57802],[98.58089,3.57802],[98.5782,3.58072],[98.58089,3.58072],[98.58178,3.58342]]],[[[98.72153,3.61048],[98.71884,3.61048],[98.71884,3.61408],[98.72063,3.61408],[98.72153,3.61048]]],[[[98.72061,3.67889],[98.72599,3.68519],[98.72599,3.67979],[98.7224,3.67619],[98.72061,3.67889]]],[[[98.72061,3.68789],[98.7224,3.68339],[98.71972,3.68249],[98.72061,3.68429],[98.72061,3.68789]]],[[[98.73673,3.705],[98.73225,3.7059],[98.73315,3.7077],[98.73673,3.705]]],[[[98.70985,3.70859],[98.70716,3.71039],[98.71164,3.71039],[98.70985,3.70859]]],[[[98.71164,3.71039],[98.71254,3.71309],[98.71254,3.71039],[98.71164,3.71039]]],[[[98.58978,3.72204],[98.5853,3.72744],[98.59068,3.72654],[98.58978,3.72204]]],[[[98.57096,3.72743],[98.57186,3.72473],[98.56917,3.72383],[98.56917,3.72653],[98.57096,3.72743]]],[[[98.58351,3.72384],[98.57993,3.72564],[98.58082,3.73104],[98.58351,3.73104],[98.58172,3.72744],[98.58351,3.72384]]],[[[98.59247,3.73284],[98.59516,3.72925],[98.5844,3.72834],[98.58619,3.73104],[98.58978,3.73104],[98.58978,3.73374],[98.59068,3.73014],[98.59247,3.73284]]],[[[98.57634,3.73374],[98.58082,3.73554],[98.57634,3.72924],[98.57634,3.73374]]],[[[98.58171,3.73734],[98.5835,3.73644],[98.58351,3.73284],[98.58171,3.73284],[98.58171,3.73734]]],[[[98.56738,3.72383],[98.56201,3.72023],[98.56021,3.72743],[98.5629,3.73013],[98.562,3.73463],[98.56558,3.73913],[98.56469,3.74183],[98.56917,3.74273],[98.56737,3.74813],[98.56916,3.75084],[98.57185,3.75084],[98.57096,3.74544],[98.57812,3.74634],[98.57544,3.74364],[98.57723,3.74184],[98.57812,3.74454],[98.57992,3.74184],[98.58261,3.74274],[98.5826,3.74724],[98.58619,3.74544],[98.58529,3.74814],[98.58977,3.74815],[98.58709,3.74364],[98.58977,3.74184],[98.58978,3.73824],[98.58709,3.73824],[98.58709,3.74184],[98.58619,3.73914],[98.57992,3.74094],[98.57992,3.73914],[98.57185,3.74004],[98.56827,3.73913],[98.57634,3.73914],[98.57723,3.73734],[98.57454,3.73734],[98.57275,3.73284],[98.56917,3.73283],[98.57186,3.73103],[98.57096,3.72923],[98.56738,3.73013],[98.56738,3.73553],[98.56559,3.73463],[98.56738,3.72383]],[[98.57454,3.74544],[98.57544,3.74454],[98.57544,3.74544],[98.57454,3.74544]],[[98.57185,3.74454],[98.56917,3.74183],[98.56917,3.74093],[98.57454,3.74364],[98.57185,3.74454]],[[98.57544,3.74274],[98.57454,3.74094],[98.57544,3.74094],[98.57544,3.74274]],[[98.56827,3.73823],[98.56738,3.73733],[98.56827,3.73733],[98.56827,3.73823]],[[98.57275,3.73374],[98.57186,3.73463],[98.57186,3.73373],[98.57275,3.73374]],[[98.56648,3.73553],[98.56558,3.73733],[98.56558,3.73553],[98.56648,3.73553]],[[98.56827,3.74003],[98.56648,3.74093],[98.56648,3.74003],[98.56827,3.74003]],[[98.57275,3.73644],[98.57186,3.73734],[98.57186,3.73644],[98.57275,3.73644]],[[98.56469,3.73373],[98.56379,3.73463],[98.56379,3.73373],[98.56469,3.73373]]],[[[98.58888,3.73284],[98.5844,3.73554],[98.58709,3.73824],[98.58888,3.73284]]],[[[98.58977,3.74544],[98.59157,3.74275],[98.58888,3.74274],[98.58977,3.74544]]],[[[98.58171,3.75174],[98.58081,3.75444],[98.5835,3.75444],[98.58171,3.75174]]],[[[98.57902,3.75174],[98.57364,3.75534],[98.57991,3.75534],[98.57902,3.75174]]],[[[98.57543,3.76254],[98.57543,3.76074],[98.57901,3.75894],[98.57453,3.75984],[98.57543,3.76254]]],[[[98.57184,3.76344],[98.57543,3.76344],[98.57184,3.76164],[98.57184,3.76344]]],[[[98.5799,3.77154],[98.58349,3.76344],[98.57812,3.76344],[98.5799,3.77154]],[[98.57901,3.76704],[98.57991,3.76614],[98.57991,3.76704],[98.57901,3.76704]],[[98.5808,3.76794],[98.5799,3.76884],[98.57991,3.76794],[98.5808,3.76794]]],[[[98.58887,3.76795],[98.58528,3.77065],[98.58886,3.77335],[98.58707,3.77065],[98.58887,3.76795]]],[[[98.57094,3.77244],[98.57363,3.77064],[98.57005,3.77064],[98.57094,3.77244]]],[[[98.57004,3.78504],[98.57273,3.78774],[98.57183,3.78414],[98.57004,3.78504]]],[[[98.57452,3.79044],[98.57721,3.79044],[98.57631,3.78504],[98.57362,3.78774],[98.57452,3.79044]]],[[[98.57004,3.78684],[98.56914,3.78954],[98.57093,3.78954],[98.57004,3.78864],[98.57004,3.78684]]],[[[98.56645,3.79134],[98.56824,3.79404],[98.56914,3.79044],[98.56645,3.79134]]],[[[98.71699,3.7959],[98.71968,3.795],[98.71878,3.7932],[98.7161,3.7932],[98.71699,3.7959]]],[[[98.60319,3.80306],[98.60677,3.80126],[98.60408,3.80036],[98.60319,3.80306]]],[[[98.61125,3.80396],[98.61394,3.80576],[98.61304,3.80126],[98.61215,3.80126],[98.61125,3.80396]]],[[[98.61125,3.81206],[98.60946,3.80756],[98.61035,3.81206],[98.61125,3.81206]]],[[[98.56554,3.81654],[98.56644,3.81834],[98.57002,3.81744],[98.56913,3.81474],[98.56823,3.81564],[98.56555,3.81564],[98.56554,3.81654]]],[[[98.64171,3.82558],[98.6426,3.82918],[98.64439,3.83008],[98.6444,3.82468],[98.64171,3.82558]]],[[[98.64798,3.83458],[98.64977,3.83188],[98.64798,3.83188],[98.64798,3.83458]]],[[[98.57539,3.83635],[98.57808,3.83815],[98.58077,3.83815],[98.57898,3.83545],[98.57539,3.83635]]],[[[98.65604,3.83818],[98.65067,3.83458],[98.65066,3.84178],[98.65246,3.83728],[98.65604,3.83818]]],[[[98.58704,3.83815],[98.58256,3.83725],[98.58166,3.84265],[98.58345,3.83995],[98.58614,3.84085],[98.58704,3.83815]],[[98.58435,3.83815],[98.58346,3.83905],[98.58346,3.83815],[98.58435,3.83815]]],[[[98.5736,3.84175],[98.57091,3.83815],[98.56732,3.84174],[98.5736,3.84175]]],[[[98.65425,3.83908],[98.65604,3.84448],[98.65694,3.83998],[98.65425,3.83908]]],[[[98.57718,3.84535],[98.57449,3.84805],[98.58076,3.84985],[98.58166,3.84715],[98.57808,3.84625],[98.57718,3.84805],[98.57718,3.84535]]],[[[98.65424,3.84898],[98.65066,3.84808],[98.65245,3.85348],[98.65335,3.85348],[98.65424,3.84898]]],[[[98.5709,3.84985],[98.5727,3.85165],[98.5709,3.85435],[98.57628,3.85075],[98.5709,3.84985]]],[[[98.67306,3.85799],[98.67127,3.85349],[98.66858,3.85619],[98.66679,3.85439],[98.66948,3.85349],[98.6632,3.85349],[98.66589,3.85439],[98.6641,3.85979],[98.66589,3.86159],[98.66858,3.85979],[98.66768,3.85709],[98.67306,3.85799]]],[[[98.67396,3.85799],[98.68023,3.8607],[98.68113,3.8562],[98.67396,3.85619],[98.67396,3.85799]]],[[[98.6632,3.86069],[98.6632,3.85889],[98.65872,3.85709],[98.65962,3.86069],[98.6632,3.86069]]],[[[98.56821,3.86065],[98.57,3.85885],[98.56732,3.85885],[98.56821,3.86065]]],[[[98.67127,3.86159],[98.67216,3.85889],[98.66768,3.86069],[98.66768,3.86159],[98.67127,3.86159]]],[[[98.57269,3.86155],[98.56463,3.86244],[98.56373,3.86695],[98.57,3.86605],[98.57269,3.86155]]],[[[98.5709,3.86605],[98.56821,3.86785],[98.57089,3.86875],[98.5709,3.86605]]],[[[98.84274,1.43667],[98.84274,1.44207],[98.84452,1.44207],[98.84453,1.43847],[98.84274,1.43667]]],[[[98.83199,1.605],[98.83378,1.6077],[98.83378,1.6041],[98.83199,1.605]]],[[[98.82751,1.67881],[98.82572,1.67701],[98.82572,1.67971],[98.82751,1.67881]]],[[[98.82751,1.68151],[98.8293,1.67881],[98.82751,1.67881],[98.82751,1.68151]]],[[[98.75855,2.23689],[98.75855,2.23959],[98.76213,2.23959],[98.76213,2.23509],[98.75855,2.23689]]],[[[98.75766,2.23959],[98.75855,2.24229],[98.75855,2.23959],[98.75766,2.23959]]],[[[98.74871,2.24679],[98.7505,2.24499],[98.74782,2.24409],[98.74871,2.24679]]],[[[98.75587,2.2639],[98.75318,2.263],[98.75587,2.2657],[98.75587,2.2639]]],[[[98.75318,2.2711],[98.75765,2.2711],[98.75765,2.2702],[98.75497,2.2684],[98.75318,2.2711]]],[[[98.74871,2.2711],[98.75049,2.2765],[98.74781,2.2783],[98.75139,2.2774],[98.75139,2.2801],[98.75407,2.2801],[98.75497,2.2774],[98.75139,2.2765],[98.75139,2.272],[98.74871,2.2711]],[[98.75318,2.2783],[98.75228,2.2792],[98.75228,2.2783],[98.75318,2.2783]]],[[[98.75139,2.2837],[98.75407,2.2864],[98.75318,2.2837],[98.75586,2.2819],[98.74691,2.2819],[98.74781,2.2864],[98.74602,2.2873],[98.7496,2.29],[98.75228,2.2873],[98.75139,2.2837]]],[[[98.81581,2.32151],[98.82029,2.32602],[98.82029,2.32152],[98.81581,2.31791],[98.81581,2.32151]]],[[[98.81562,3.48269],[98.81383,3.48539],[98.81562,3.48539],[98.81562,3.48269]]],[[[98.82458,3.49529],[98.82279,3.49889],[98.82637,3.49979],[98.82458,3.49529]]],[[[98.85145,3.5187],[98.84786,3.5214],[98.84876,3.5241],[98.85145,3.5232],[98.85145,3.5187]],[[98.84966,3.5214],[98.85055,3.5223],[98.84966,3.5223],[98.84966,3.5214]]],[[[98.84518,3.5223],[98.84518,3.5277],[98.84697,3.5268],[98.84518,3.5223]]],[[[98.74574,3.53488],[98.75022,3.54028],[98.75111,3.54028],[98.75022,3.53578],[98.74574,3.53488]]],[[[98.83353,3.5376],[98.83532,3.543],[98.8389,3.543],[98.83622,3.5367],[98.83353,3.5376]],[[98.83801,3.5412],[98.83711,3.5421],[98.83711,3.5412],[98.83801,3.5412]]],[[[98.83353,3.5403],[98.83174,3.5439],[98.83353,3.5439],[98.83353,3.5403]]],[[[98.82905,3.5412],[98.82994,3.5448],[98.83174,3.5448],[98.83174,3.5421],[98.82905,3.5412]]],[[[98.84965,3.5412],[98.85144,3.5457],[98.84786,3.5457],[98.84786,3.5475],[98.85055,3.5484],[98.85324,3.5439],[98.84965,3.5412]]],[[[98.76723,3.55559],[98.76455,3.54838],[98.76544,3.55198],[98.76276,3.55198],[98.76275,3.55468],[98.76723,3.55559]],[[98.76455,3.55288],[98.76365,3.55378],[98.76365,3.55288],[98.76455,3.55288]]],[[[98.75559,3.55828],[98.75738,3.55558],[98.75469,3.55558],[98.75559,3.55828]]],[[[98.76992,3.56009],[98.76633,3.56639],[98.7735,3.56729],[98.77171,3.56279],[98.7735,3.55919],[98.76544,3.55829],[98.76723,3.56099],[98.76992,3.56009]],[[98.76992,3.56369],[98.77081,3.56459],[98.76992,3.56459],[98.76992,3.56369]]],[[[98.83711,3.5655],[98.83263,3.5709],[98.83711,3.5709],[98.83711,3.5655]]],[[[98.84159,3.57],[98.84338,3.5727],[98.84427,3.5682],[98.84159,3.57]]],[[[98.82456,3.5727],[98.82725,3.5727],[98.82815,3.5727],[98.82815,3.5709],[98.82456,3.5709],[98.82456,3.5727]]],[[[98.81829,3.5745],[98.82008,3.5772],[98.82188,3.5772],[98.82098,3.5718],[98.81829,3.5745]]],[[[98.82546,3.5763],[98.82456,3.5799],[98.82187,3.5826],[98.82635,3.5817],[98.82546,3.5763]]],[[[98.83531,3.5754],[98.83263,3.5817],[98.83531,3.5808],[98.83531,3.5862],[98.838,3.5862],[98.838,3.5781],[98.83531,3.5754]],[[98.83621,3.5808],[98.8371,3.5817],[98.83621,3.5817],[98.83621,3.5808]]],[[[98.82725,3.5862],[98.82994,3.5844],[98.82725,3.5826],[98.82725,3.5862]]],[[[98.82635,3.5844],[98.82277,3.5871],[98.82635,3.5871],[98.82635,3.5844]]],[[[98.82814,3.63481],[98.82545,3.63211],[98.82366,3.63211],[98.82455,3.63481],[98.82814,3.63481]]],[[[98.83978,3.63031],[98.8362,3.63121],[98.83709,3.63751],[98.83889,3.63571],[98.83978,3.63031]]],[[[98.82366,3.63571],[98.82186,3.64021],[98.82276,3.64201],[98.82634,3.63931],[98.82366,3.63571]]],[[[98.81738,3.64831],[98.81917,3.64471],[98.81738,3.64381],[98.81738,3.64831]]],[[[98.82993,3.64021],[98.82813,3.64921],[98.83082,3.64921],[98.82992,3.65551],[98.8353,3.65731],[98.8353,3.64201],[98.82993,3.64021]],[[98.83441,3.64381],[98.83351,3.64291],[98.83441,3.64291],[98.83441,3.64381]],[[98.8344,3.65281],[98.83351,3.65371],[98.83351,3.65281],[98.8344,3.65281]],[[98.83261,3.64831],[98.83172,3.64921],[98.83172,3.64831],[98.83261,3.64831]]],[[[98.82813,3.65551],[98.82455,3.64471],[98.82097,3.64381],[98.81917,3.65281],[98.82365,3.65191],[98.82813,3.65551]],[[98.82365,3.65191],[98.82455,3.65011],[98.82455,3.65191],[98.82365,3.65191]]],[[[98.78154,3.6492],[98.77348,3.6456],[98.77438,3.6483],[98.77259,3.6492],[98.77527,3.6528],[98.77527,3.6564],[98.77975,3.6573],[98.77796,3.6528],[98.78154,3.6492]],[[98.77796,3.6528],[98.77617,3.6501],[98.77706,3.6501],[98.77796,3.6528]],[[98.77527,3.6492],[98.77438,3.651],[98.77438,3.6492],[98.77527,3.6492]]],[[[98.77438,3.6537],[98.77169,3.6537],[98.7699,3.6564],[98.77169,3.6573],[98.77348,3.6546],[98.77438,3.6564],[98.77438,3.6537]]],[[[98.769,3.6546],[98.769,3.66],[98.77169,3.66],[98.76989,3.6591],[98.769,3.6546]]],[[[98.78781,3.6654],[98.7914,3.66541],[98.78871,3.6645],[98.78871,3.6618],[98.78781,3.6654]]],[[[98.77706,3.6618],[98.77079,3.6645],[98.77079,3.6681],[98.77348,3.669],[98.77706,3.6663],[98.77706,3.6618]]],[[[98.78781,3.66721],[98.78871,3.67081],[98.79139,3.67171],[98.7914,3.66631],[98.78781,3.66721]]],[[[98.78871,3.67171],[98.78602,3.66991],[98.78602,3.67171],[98.78871,3.67171]]],[[[98.77258,3.6708],[98.77437,3.6726],[98.77616,3.6726],[98.77527,3.6699],[98.77168,3.6699],[98.77168,3.6726],[98.77258,3.6708]]],[[[98.78602,3.67351],[98.7896,3.67711],[98.7896,3.67261],[98.78602,3.67351]]],[[[98.77616,3.6735],[98.77437,3.6753],[98.77437,3.6726],[98.77079,3.6735],[98.77079,3.6717],[98.76631,3.6744],[98.76183,3.6726],[98.76183,3.6771],[98.76451,3.6762],[98.76631,3.6789],[98.77527,3.6807],[98.77616,3.6762],[98.77795,3.6762],[98.77616,3.6735]],[[98.77258,3.6744],[98.77258,3.6771],[98.77079,3.6771],[98.77079,3.6753],[98.77258,3.6744]]],[[[98.80394,3.67981],[98.80304,3.67801],[98.80035,3.67801],[98.80394,3.67981]]],[[[98.75645,3.687],[98.75914,3.6888],[98.75914,3.6861],[98.75645,3.687]]],[[[98.7887,3.68971],[98.79139,3.68881],[98.79139,3.68701],[98.7887,3.68971]]],[[[98.79677,3.68791],[98.79766,3.69061],[98.79945,3.68881],[98.79677,3.68791]]],[[[98.80393,3.69151],[98.80752,3.69241],[98.80841,3.68971],[98.80393,3.69151]]],[[[98.75824,3.6942],[98.75824,3.6915],[98.75645,3.6915],[98.75645,3.6942],[98.75824,3.6942]]],[[[98.79766,3.69241],[98.79408,3.68881],[98.79049,3.68971],[98.78601,3.69421],[98.78691,3.69691],[98.78332,3.69781],[98.78243,3.68701],[98.78422,3.68611],[98.78691,3.69061],[98.7896,3.68611],[98.78602,3.68611],[98.78512,3.68251],[98.78333,3.68341],[98.78243,3.67891],[98.78423,3.67981],[98.78423,3.67801],[98.77885,3.678],[98.77616,3.6825],[98.77795,3.6843],[98.77437,3.6861],[98.77526,3.6897],[98.77347,3.6888],[98.77168,3.6915],[98.77436,3.70051],[98.77795,3.70231],[98.77795,3.70771],[98.78332,3.70501],[98.78332,3.69871],[98.78422,3.70141],[98.7878,3.70141],[98.78691,3.69871],[98.7887,3.69781],[98.79139,3.69961],[98.79049,3.69601],[98.79408,3.69331],[98.79677,3.69421],[98.79676,3.69691],[98.80035,3.69511],[98.80393,3.70051],[98.80393,3.69511],[98.80035,3.69061],[98.79766,3.69241]],[[98.78243,3.70321],[98.78153,3.70231],[98.78243,3.70231],[98.78243,3.70321]],[[98.78153,3.70051],[98.78064,3.70411],[98.77974,3.70411],[98.77884,3.70141],[98.78153,3.70051]],[[98.80304,3.69511],[98.80214,3.69601],[98.80214,3.69511],[98.80304,3.69511]],[[98.80125,3.69331],[98.80035,3.69421],[98.80035,3.69331],[98.80125,3.69331]],[[98.77884,3.69871],[98.77974,3.69961],[98.77884,3.69961],[98.77884,3.69871]],[[98.77705,3.69691],[98.77795,3.69871],[98.77705,3.69871],[98.77705,3.69691]],[[98.77616,3.69511],[98.77705,3.69601],[98.77616,3.69601],[98.77616,3.69511]],[[98.7887,3.69421],[98.79049,3.69511],[98.7887,3.69511],[98.7887,3.69421]],[[98.7896,3.69241],[98.79049,3.69331],[98.7896,3.69331],[98.7896,3.69241]],[[98.77705,3.69151],[98.78153,3.69241],[98.77705,3.69241],[98.77705,3.69151]],[[98.79318,3.69151],[98.79408,3.69241],[98.79318,3.69241],[98.79318,3.69151]],[[98.77974,3.68791],[98.78064,3.68881],[98.77974,3.68881],[98.77974,3.68791]],[[98.77706,3.6861],[98.77795,3.68701],[98.77706,3.68701],[98.77706,3.6861]],[[98.77885,3.68611],[98.77974,3.68701],[98.77885,3.68701],[98.77885,3.68611]],[[98.78243,3.68521],[98.78064,3.68701],[98.78064,3.68521],[98.78243,3.68521]],[[98.77885,3.68341],[98.77974,3.68431],[98.77885,3.68431],[98.77885,3.68341]]],[[[98.76272,3.6942],[98.7663,3.6969],[98.76809,3.6969],[98.76541,3.6924],[98.76272,3.6942]]],[[[98.75913,3.7059],[98.76361,3.7032],[98.76361,3.696],[98.75913,3.6969],[98.75913,3.6942],[98.75376,3.6951],[98.74838,3.6915],[98.74838,3.6969],[98.74659,3.696],[98.7448,3.6996],[98.75107,3.6987],[98.75107,3.7005],[98.74749,3.6996],[98.74659,3.7014],[98.75286,3.7014],[98.75286,3.7086],[98.75913,3.7059]],[[98.76003,3.705],[98.75913,3.7032],[98.76003,3.7032],[98.76003,3.705]],[[98.75913,3.6969],[98.75824,3.6978],[98.75824,3.6969],[98.75913,3.6969]],[[98.75376,3.6951],[98.75197,3.696],[98.75197,3.6951],[98.75376,3.6951]],[[98.75286,3.7014],[98.75465,3.7005],[98.75465,3.7014],[98.75286,3.7014]],[[98.75196,3.7005],[98.75197,3.6969],[98.75286,3.6969],[98.75376,3.6987],[98.75196,3.7005]],[[98.75465,3.7059],[98.75375,3.7068],[98.75376,3.7059],[98.75465,3.7059]],[[98.75824,3.7032],[98.75734,3.705],[98.75555,3.705],[98.75824,3.7032]],[[98.75644,3.7032],[98.75465,3.7023],[98.75644,3.7023],[98.75644,3.7032]],[[98.76092,3.7005],[98.75913,3.7023],[98.75913,3.7005],[98.76092,3.7005]],[[98.75555,3.7005],[98.75824,3.7014],[98.75555,3.7014],[98.75555,3.7005]],[[98.75734,3.6996],[98.75555,3.6987],[98.75734,3.6978],[98.75734,3.6996]],[[98.75555,3.6987],[98.75465,3.6978],[98.75555,3.6978],[98.75555,3.6987]],[[98.76093,3.6978],[98.76003,3.6987],[98.76003,3.6978],[98.76093,3.6978]],[[98.76272,3.6978],[98.76182,3.6987],[98.76182,3.6978],[98.76272,3.6978]],[[98.75107,3.6951],[98.74928,3.696],[98.74928,3.6951],[98.75107,3.6951]]],[[[98.7448,3.6996],[98.74211,3.705],[98.7448,3.7041],[98.7448,3.6996]]],[[[98.75107,3.7077],[98.74838,3.7041],[98.7448,3.7041],[98.74659,3.7077],[98.75107,3.7077]]],[[[98.92771,1.31156],[98.92503,1.30885],[98.9286,1.31336],[98.92771,1.31156]]],[[[98.87941,1.30615],[98.87494,1.30705],[98.87494,1.30885],[98.87673,1.31515],[98.8821,1.32056],[98.8821,1.31695],[98.87852,1.31335],[98.87941,1.30615]]],[[[98.88567,1.31515],[98.88925,1.31065],[98.88567,1.30975],[98.8821,1.31875],[98.88657,1.31966],[98.88567,1.31515]]],[[[98.9295,1.31966],[98.92681,1.31516],[98.92771,1.31966],[98.9295,1.31966]]],[[[98.97958,1.34306],[98.98137,1.33946],[98.97869,1.33856],[98.97869,1.35026],[98.98227,1.35116],[98.98316,1.35476],[98.98405,1.34936],[98.98227,1.34396],[98.97958,1.34306]],[[98.98137,1.34756],[98.98048,1.34846],[98.98048,1.34756],[98.98137,1.34756]]],[[[98.99031,1.40247],[98.99479,1.39977],[98.9921,1.39977],[98.99031,1.40247]]],[[[98.99747,1.45468],[98.99836,1.45018],[98.99658,1.45018],[98.99568,1.45288],[98.99747,1.45468]]],[[[99.03504,1.45378],[99.03772,1.45648],[99.03772,1.45378],[99.03504,1.45378]]],[[[99.03414,1.45648],[99.02967,1.46008],[99.03056,1.46188],[99.03235,1.46188],[99.03414,1.45828],[99.03593,1.45828],[99.03414,1.45648]]],[[[99.03325,1.46098],[99.03504,1.46278],[99.03861,1.46368],[99.03504,1.45918],[99.03325,1.46098]]],[[[98.88924,1.46458],[98.89282,1.46548],[98.89729,1.46548],[98.89014,1.46098],[98.88924,1.46458]]],[[[98.90892,1.48078],[98.91071,1.48348],[98.9125,1.48348],[98.9125,1.48078],[98.90892,1.48078]]],[[[98.99568,1.49159],[98.99836,1.48889],[98.99568,1.48799],[98.99568,1.49159]]],[[[99.01536,1.49069],[99.01089,1.48619],[99.01089,1.49429],[99.01357,1.49429],[99.01268,1.49249],[99.01536,1.49069]]],[[[99.00105,1.50059],[99.0091,1.50059],[99.01089,1.49609],[99.0091,1.49519],[99.0091,1.48799],[99.00552,1.48799],[99.0082,1.48619],[99.00641,1.48439],[99.00373,1.48439],[99.00194,1.48799],[98.99658,1.48349],[99.00284,1.49609],[98.99926,1.50149],[99.00105,1.50059]],[[99.00194,1.49339],[99.00373,1.49159],[99.00373,1.49339],[99.00194,1.49339]],[[99.00463,1.49339],[99.00463,1.49519],[99.00284,1.49519],[99.00284,1.49429],[99.00463,1.49339]],[[99.00373,1.49879],[99.00463,1.49789],[99.00463,1.49879],[99.00373,1.49879]],[[99.00552,1.49789],[99.00552,1.49249],[99.00731,1.49249],[99.00731,1.49609],[99.00552,1.49789]]],[[[99.00105,1.49609],[98.99926,1.49519],[99.00105,1.49789],[99.00105,1.49609]]],[[[99.00641,1.50239],[99.00552,1.50059],[99.00463,1.50239],[99.00641,1.50239]]],[[[98.99836,1.50509],[99.00015,1.50239],[98.99926,1.50239],[98.99836,1.50509]]],[[[98.99389,1.51859],[98.99926,1.51499],[98.99836,1.51319],[98.99389,1.51859]]],[[[98.92055,1.52219],[98.92144,1.52579],[98.92412,1.52399],[98.92055,1.52219]]],[[[98.99479,1.53029],[98.98763,1.52219],[98.99121,1.53119],[98.99389,1.53209],[98.99479,1.53029]]],[[[98.90713,1.5537],[98.90445,1.5537],[98.90445,1.5564],[98.90534,1.5564],[98.90713,1.5537]]],[[[98.86598,1.5951],[98.86598,1.5969],[98.8633,1.5996],[98.86777,1.5978],[98.86598,1.5951]]],[[[98.85704,1.5987],[98.85704,1.6023],[98.86061,1.6023],[98.86151,1.5996],[98.85704,1.5987]]],[[[98.86419,1.6059],[98.8633,1.6077],[98.86598,1.6095],[98.86688,1.6068],[98.86419,1.6059]]],[[[98.85167,1.6095],[98.85525,1.6122],[98.85435,1.6086],[98.85167,1.6095]]],[[[98.85345,1.69142],[98.85614,1.69322],[98.85703,1.68962],[98.84987,1.68962],[98.85166,1.69322],[98.85345,1.69142]],[[98.85435,1.68962],[98.85345,1.69052],[98.85345,1.68962],[98.85435,1.68962]]],[[[98.87668,2.12529],[98.87847,2.12349],[98.87757,2.12079],[98.87668,2.12529]]],[[[98.97331,2.1397],[98.97242,2.1424],[98.97421,2.1424],[98.97331,2.1397]]],[[[98.97421,2.1424],[98.97421,2.1442],[98.97778,2.1442],[98.97778,2.1424],[98.97421,2.1424]]],[[[98.88473,2.14509],[98.88562,2.14239],[98.88383,2.14239],[98.88473,2.14509]]],[[[98.97063,2.1514],[98.96794,2.1559],[98.96436,2.155],[98.96526,2.1577],[98.97063,2.155],[98.97063,2.1514]]],[[[98.99031,2.1613],[98.993,2.1586],[98.98942,2.1586],[98.99031,2.1613]]],[[[98.96347,2.1595],[98.96615,2.1631],[98.96436,2.1577],[98.96347,2.1595]]],[[[98.98763,2.20451],[98.98852,2.20091],[98.98673,2.20091],[98.98584,2.20361],[98.98763,2.20451]]],[[[98.9223,2.25311],[98.92409,2.25131],[98.92051,2.25041],[98.92051,2.25131],[98.9223,2.25311]]],[[[98.88114,2.28552],[98.87756,2.28822],[98.88114,2.28822],[98.88114,2.28552]]],[[[99.01268,2.32153],[99.01089,2.31793],[99.01,2.32153],[99.01268,2.32153]]],[[[99.00194,2.32153],[99.00642,2.32063],[99.00642,2.31973],[99.00284,2.31883],[99.00194,2.32153]]],[[[99.00463,2.32513],[99.00194,2.32243],[99.00284,2.32513],[99.00463,2.32513]]],[[[98.90798,2.33773],[98.91067,2.33683],[98.91067,2.33413],[98.90888,2.33503],[98.90798,2.33773]]],[[[98.92943,2.91022],[98.9339,2.91292],[98.93301,2.91562],[98.9348,2.91562],[98.93569,2.91112],[98.92943,2.91022]]],[[[99.02434,3.34048],[99.02613,3.34678],[99.03061,3.35129],[99.03688,3.35038],[99.0315,3.34678],[99.03061,3.34228],[99.02434,3.34048]],[[99.03061,3.34318],[99.02971,3.34498],[99.02971,3.34318],[99.03061,3.34318]],[[99.02881,3.34678],[99.02971,3.34768],[99.02881,3.34768],[99.02881,3.34678]],[[99.02792,3.34408],[99.02881,3.34498],[99.02792,3.34498],[99.02792,3.34408]]],[[[98.85951,3.4917],[98.85772,3.4926],[98.85862,3.4953],[98.86399,3.4944],[98.86399,3.4926],[98.85862,3.48809],[98.85951,3.4917]],[[98.8622,3.4926],[98.86041,3.4935],[98.86041,3.4926],[98.8622,3.4926]],[[98.86131,3.4908],[98.86041,3.4917],[98.86041,3.4908],[98.86131,3.4908]]],[[[98.89266,3.5034],[98.88728,3.4989],[98.88728,3.5025],[98.89266,3.5034]]],[[[98.8846,3.5034],[98.88639,3.5061],[98.88997,3.5061],[98.88997,3.5043],[98.8846,3.5034]]],[[[98.86041,3.507],[98.8613,3.5034],[98.85951,3.5034],[98.85862,3.5061],[98.86041,3.507]]],[[[98.8631,3.5034],[98.8613,3.5061],[98.8622,3.5088],[98.86489,3.507],[98.8631,3.5034]]],[[[98.85145,3.5079],[98.85324,3.5115],[98.85683,3.5061],[98.85414,3.5088],[98.85145,3.5079]]],[[[98.85862,3.5115],[98.8622,3.5115],[98.8622,3.5097],[98.85682,3.5097],[98.85682,3.5124],[98.85862,3.5115]]],[[[98.86041,3.5115],[98.85862,3.5151],[98.8613,3.5151],[98.8631,3.5124],[98.86041,3.5115]]],[[[98.84966,3.5106],[98.84697,3.5187],[98.85145,3.5187],[98.85145,3.516],[98.85593,3.5151],[98.85682,3.5124],[98.85145,3.5124],[98.84966,3.5106]],[[98.85145,3.5124],[98.85055,3.5133],[98.85055,3.5124],[98.85145,3.5124]]],[[[98.86309,3.5151],[98.86489,3.5178],[98.86668,3.5133],[98.86309,3.5151]]],[[[98.85951,3.5169],[98.8613,3.5187],[98.86309,3.5187],[98.86309,3.5169],[98.85951,3.5169]]],[[[98.85414,3.5214],[98.85234,3.5223],[98.85593,3.5259],[98.85772,3.5223],[98.8622,3.5223],[98.86399,3.5187],[98.85861,3.5205],[98.85862,3.5178],[98.85593,3.5169],[98.85324,3.5187],[98.85414,3.5214]],[[98.85682,3.5187],[98.85503,3.5205],[98.85503,3.5187],[98.85682,3.5187]]],[[[98.85771,3.5484],[98.8604,3.543],[98.85503,3.5448],[98.85771,3.5484]],[[98.85682,3.5457],[98.85861,3.5448],[98.85861,3.5457],[98.85682,3.5457]]],[[[98.96522,3.54751],[98.96522,3.54931],[98.96701,3.55021],[98.9679,3.54661],[98.96522,3.54751]],[[98.96701,3.54751],[98.96611,3.54841],[98.96611,3.54751],[98.96701,3.54751]]],[[[99.1012,0.79937],[99.10299,0.80117],[99.10388,0.79846],[99.1012,0.79937]]],[[[99.06007,0.83807],[99.05828,0.83717],[99.05828,0.84077],[99.05917,0.84077],[99.06007,0.83807]]],[[[99.0878,1.17383],[99.08511,1.17113],[99.08511,1.17383],[99.0878,1.17383]]],[[[99.04309,1.46368],[99.04487,1.46098],[99.04219,1.46188],[99.04309,1.46368]]],[[[99.04219,1.46368],[99.03951,1.46278],[99.03951,1.46638],[99.04309,1.46548],[99.04219,1.46368]],[[99.04219,1.46368],[99.0413,1.46458],[99.0413,1.46368],[99.04219,1.46368]]],[[[99.04398,1.46908],[99.04577,1.47178],[99.05024,1.46998],[99.04756,1.46818],[99.04398,1.46908]]],[[[99.12007,2.37373],[99.12544,2.37283],[99.12544,2.37193],[99.11917,2.37193],[99.12007,2.37373]]],[[[99.13977,2.50155],[99.13798,2.49885],[99.13888,2.50155],[99.13977,2.50155]]],[[[99.07178,2.93902],[99.07446,2.93812],[99.07446,2.93632],[99.07178,2.93722],[99.07178,2.93902]]],[[[99.07088,2.94352],[99.06999,2.94712],[99.07178,2.94622],[99.07088,2.94352]]],[[[99.13535,2.99572],[99.13535,3.00023],[99.13714,3.00113],[99.13804,2.99572],[99.13535,2.99572]]],[[[99.13177,3.00113],[99.13446,3.00023],[99.13267,2.99572],[99.13177,2.99573],[99.13177,3.00113]]],[[[99.09059,3.03804],[99.09148,3.04164],[99.09327,3.04344],[99.09238,3.03714],[99.0879,3.03714],[99.09059,3.03804]]],[[[99.06373,3.16316],[99.06194,3.15956],[99.06105,3.16316],[99.06373,3.16316]]],[[[99.12107,3.34048],[99.12017,3.33868],[99.12017,3.34048],[99.12107,3.34048]]],[[[99.04225,3.34858],[99.05031,3.35128],[99.05031,3.34768],[99.04762,3.34678],[99.04941,3.34408],[99.04583,3.34048],[99.04404,3.34138],[99.04135,3.33778],[99.03867,3.34048],[99.03061,3.33958],[99.03329,3.34498],[99.04046,3.34588],[99.04314,3.34318],[99.04494,3.34678],[99.04225,3.34858]],[[99.04314,3.34318],[99.04404,3.34228],[99.04404,3.34318],[99.04314,3.34318]],[[99.03777,3.34138],[99.03956,3.34228],[99.03777,3.34228],[99.03777,3.34138]]],[[[99.04583,3.35308],[99.04135,3.35038],[99.03688,3.35038],[99.03777,3.35579],[99.03956,3.35489],[99.04225,3.35849],[99.04583,3.35849],[99.04583,3.35308]]],[[[99.05568,3.35578],[99.05748,3.35849],[99.06016,3.35939],[99.05568,3.35578]]],[[[99.06464,3.35848],[99.06643,3.36028],[99.06733,3.36028],[99.06733,3.35668],[99.06464,3.35848]]],[[[99.11391,3.38638],[99.11838,3.39088],[99.11749,3.38548],[99.11391,3.38638]]],[[[99.13988,3.38368],[99.13272,3.38728],[99.13182,3.38998],[99.12376,3.39088],[99.12376,3.39268],[99.1354,3.39538],[99.13361,3.38998],[99.13719,3.39178],[99.14257,3.38548],[99.13988,3.38368]],[[99.13988,3.38728],[99.13898,3.38638],[99.13988,3.38638],[99.13988,3.38728]],[[99.13182,3.39088],[99.13092,3.39178],[99.13092,3.39088],[99.13182,3.39088]],[[99.13451,3.38818],[99.13361,3.38908],[99.13361,3.38818],[99.13451,3.38818]]],[[[99.11749,3.39358],[99.11211,3.39088],[99.11211,3.38818],[99.11032,3.38998],[99.11211,3.38548],[99.10674,3.38548],[99.11122,3.39629],[99.11749,3.39358]]],[[[99.10585,3.42059],[99.11212,3.42059],[99.11212,3.41789],[99.10585,3.41789],[99.10585,3.42059]],[[99.10764,3.41969],[99.10674,3.41879],[99.10764,3.41879],[99.10764,3.41969]]],[[[99.13362,3.44669],[99.1372,3.45119],[99.13989,3.44849],[99.13899,3.44219],[99.14258,3.44129],[99.14705,3.43499],[99.14616,3.42599],[99.14437,3.42689],[99.14526,3.41698],[99.14168,3.41608],[99.13988,3.41248],[99.1372,3.41338],[99.1363,3.41158],[99.13541,3.41339],[99.13093,3.41069],[99.12735,3.41699],[99.13182,3.41789],[99.13093,3.42059],[99.13272,3.42059],[99.13003,3.42239],[99.13362,3.42419],[99.13093,3.42509],[99.13093,3.42779],[99.12824,3.42419],[99.12824,3.41789],[99.12466,3.41699],[99.12376,3.41969],[99.12018,3.42059],[99.12107,3.41519],[99.13003,3.41069],[99.12824,3.40709],[99.13093,3.40708],[99.13093,3.40528],[99.12914,3.40618],[99.12824,3.40258],[99.12466,3.40078],[99.12107,3.40169],[99.12018,3.39808],[99.12645,3.39448],[99.12107,3.39358],[99.11928,3.39088],[99.11928,3.39628],[99.1157,3.39809],[99.11391,3.39629],[99.1157,3.39989],[99.11212,3.39899],[99.11212,3.40979],[99.11928,3.41159],[99.1166,3.41519],[99.1166,3.41789],[99.11839,3.42059],[99.11301,3.42329],[99.11301,3.42779],[99.1166,3.43139],[99.12108,3.42509],[99.1166,3.42329],[99.12376,3.42419],[99.12287,3.42689],[99.12555,3.42599],[99.12735,3.43319],[99.12197,3.43499],[99.12108,3.43139],[99.12466,3.43229],[99.12556,3.43049],[99.12287,3.42779],[99.11929,3.43139],[99.12018,3.43589],[99.12376,3.43769],[99.12377,3.44219],[99.12735,3.44129],[99.12824,3.44669],[99.13362,3.44669]],[[99.13899,3.44489],[99.1381,3.44399],[99.13899,3.44399],[99.13899,3.44489]],[[99.14258,3.44039],[99.14168,3.43859],[99.14258,3.43859],[99.14258,3.44039]],[[99.14347,3.42689],[99.14347,3.43589],[99.14257,3.43589],[99.14347,3.42689]],[[99.14078,3.41518],[99.13899,3.41699],[99.13988,3.41518],[99.14078,3.41518]],[[99.12914,3.41609],[99.13272,3.41429],[99.13182,3.41699],[99.12914,3.41609]],[[99.13182,3.41879],[99.13272,3.41969],[99.13182,3.41969],[99.13182,3.41879]],[[99.13272,3.42329],[99.13541,3.41789],[99.13809,3.41699],[99.1372,3.42059],[99.13272,3.42329]],[[99.12197,3.42059],[99.12287,3.42149],[99.12197,3.42149],[99.12197,3.42059]],[[99.12018,3.42059],[99.11928,3.42149],[99.11928,3.42059],[99.12018,3.42059]],[[99.12466,3.41249],[99.12376,3.41159],[99.12466,3.41159],[99.12466,3.41249]],[[99.12824,3.40709],[99.12734,3.40619],[99.12824,3.40619],[99.12824,3.40709]],[[99.11749,3.41789],[99.11839,3.41699],[99.11839,3.41789],[99.11749,3.41789]],[[99.12645,3.44129],[99.12556,3.44039],[99.12645,3.44039],[99.12645,3.44129]],[[99.13093,3.44489],[99.13004,3.44579],[99.13004,3.44489],[99.13093,3.44489]],[[99.13541,3.44489],[99.13451,3.44579],[99.13451,3.44489],[99.13541,3.44489]],[[99.13362,3.43949],[99.13272,3.44039],[99.13272,3.43949],[99.13362,3.43949]],[[99.13541,3.43589],[99.13451,3.43769],[99.13451,3.43589],[99.13541,3.43589]],[[99.1381,3.43679],[99.1372,3.43769],[99.1372,3.43679],[99.1381,3.43679]],[[99.13183,3.43589],[99.13093,3.43499],[99.13183,3.43499],[99.13183,3.43589]],[[99.13003,3.43499],[99.12824,3.43319],[99.12824,3.43139],[99.13183,3.43319],[99.13003,3.43499]],[[99.14168,3.43499],[99.14078,3.43589],[99.14078,3.43499],[99.14168,3.43499]],[[99.13541,3.43049],[99.1363,3.42959],[99.1363,3.43049],[99.13541,3.43049]],[[99.1363,3.42959],[99.1372,3.42869],[99.1372,3.42959],[99.1363,3.42959]],[[99.14168,3.42779],[99.14078,3.42869],[99.14078,3.42779],[99.14168,3.42779]],[[99.13809,3.42509],[99.1372,3.42599],[99.1372,3.42509],[99.13809,3.42509]],[[99.1363,3.42419],[99.13451,3.42509],[99.13451,3.42419],[99.1363,3.42419]],[[99.12466,3.42059],[99.12376,3.42149],[99.12376,3.42059],[99.12466,3.42059]],[[99.12376,3.40529],[99.12197,3.40619],[99.12197,3.40529],[99.12376,3.40529]],[[99.12734,3.40529],[99.12555,3.40439],[99.12734,3.40438],[99.12734,3.40529]],[[99.12376,3.40259],[99.12197,3.40439],[99.12286,3.40259],[99.12376,3.40259]]],[[[99.10764,3.42869],[99.11122,3.42689],[99.10854,3.42509],[99.10764,3.42869]]],[[[99.11929,3.44399],[99.12108,3.44039],[99.11929,3.43949],[99.11929,3.44399]]],[[[99.12377,3.44399],[99.12197,3.44939],[99.12377,3.44939],[99.12377,3.44399]]],[[[99.13004,3.45029],[99.13183,3.44849],[99.13183,3.44759],[99.12914,3.44849],[99.13004,3.45029]]],[[[99.12108,3.45389],[99.12108,3.44759],[99.11929,3.44669],[99.11929,3.45479],[99.12377,3.45659],[99.12466,3.45479],[99.12108,3.45389]]],[[[99.10406,3.45389],[99.10227,3.45119],[99.10048,3.45209],[99.10137,3.4539],[99.10406,3.45389]]],[[[99.13541,3.45389],[99.13452,3.45119],[99.13093,3.45209],[99.13093,3.45299],[99.13541,3.45389]]],[[[99.10764,3.45119],[99.10585,3.45389],[99.10406,3.45389],[99.10406,3.45479],[99.10675,3.45479],[99.10585,3.4575],[99.10764,3.45839],[99.10944,3.45479],[99.10764,3.45119]]],[[[99.13004,3.45389],[99.13273,3.45839],[99.13362,3.45389],[99.13004,3.45389]]],[[[99.12825,3.45749],[99.13093,3.45929],[99.13004,3.45569],[99.12825,3.45749]]],[[[99.13541,3.45569],[99.13362,3.45749],[99.13452,3.46289],[99.1372,3.46019],[99.13989,3.46109],[99.139,3.45749],[99.13541,3.45569]],[[99.1372,3.46019],[99.13631,3.45839],[99.1372,3.45839],[99.1372,3.46019]]],[[[99.12198,3.46199],[99.12466,3.45839],[99.12287,3.45749],[99.12198,3.46199]]],[[[99.12467,3.4917],[99.12377,3.4944],[99.12646,3.4953],[99.12736,3.4935],[99.12467,3.4917]],[[99.12467,3.4926],[99.12556,3.4935],[99.12467,3.4935],[99.12467,3.4926]]],[[[99.12736,3.5313],[99.12736,3.5286],[99.13094,3.5277],[99.13005,3.525],[99.1399,3.5169],[99.14169,3.5178],[99.14079,3.5115],[99.14259,3.5115],[99.14259,3.5097],[99.1399,3.5106],[99.1399,3.507],[99.12646,3.5142],[99.12378,3.5169],[99.12557,3.5223],[99.12378,3.525],[99.12109,3.5268],[99.1184,3.525],[99.11482,3.5286],[99.11571,3.5304],[99.1184,3.5295],[99.11661,3.5322],[99.12019,3.5304],[99.12557,3.5331],[99.12736,3.5313]],[[99.12019,3.5304],[99.12109,3.5295],[99.12109,3.5304],[99.12019,3.5304]],[[99.12646,3.5313],[99.12557,3.5304],[99.12646,3.5304],[99.12646,3.5313]],[[99.12378,3.5304],[99.12467,3.5313],[99.12378,3.5313],[99.12378,3.5304]],[[99.12736,3.5259],[99.12646,3.5277],[99.12557,3.5277],[99.12736,3.5259]],[[99.12736,3.5232],[99.12915,3.525],[99.12826,3.525],[99.12736,3.5232]],[[99.12646,3.5214],[99.12736,3.5223],[99.12646,3.5223],[99.12646,3.5214]],[[99.13542,3.5196],[99.13453,3.5187],[99.13542,3.5187],[99.13542,3.5196]],[[99.13542,3.5187],[99.13632,3.5178],[99.13632,3.5187],[99.13542,3.5187]],[[99.13721,3.5133],[99.139,3.5151],[99.13721,3.5151],[99.13721,3.5133]],[[99.13811,3.5106],[99.13721,3.5115],[99.13721,3.5106],[99.13811,3.5106]],[[99.13721,3.5106],[99.13632,3.5097],[99.13721,3.5097],[99.13721,3.5106]]],[[[99.13721,3.5304],[99.13632,3.5241],[99.13453,3.5322],[99.13721,3.5304]]],[[[99.12378,3.5376],[99.12199,3.5394],[99.12378,3.5394],[99.12378,3.5376]]],[[[99.12019,3.5394],[99.12199,3.5421],[99.12199,3.5394],[99.12019,3.5394]]],[[[99.11661,3.54211],[99.10855,3.54751],[99.11124,3.55561],[99.11393,3.55381],[99.11572,3.54661],[99.11661,3.54841],[99.1193,3.54751],[99.11661,3.54211]]],[[[99.13095,3.5511],[99.1202,3.55471],[99.11572,3.55831],[99.11661,3.56101],[99.12557,3.55741],[99.13363,3.55831],[99.13363,3.5529],[99.13095,3.55201],[99.13453,3.5502],[99.13363,3.5475],[99.13722,3.5475],[99.1399,3.5439],[99.13363,3.5448],[99.13095,3.5511]],[[99.13095,3.55741],[99.13184,3.55651],[99.13184,3.55741],[99.13095,3.55741]],[[99.13095,3.55561],[99.12826,3.55741],[99.12826,3.55471],[99.13095,3.55561]],[[99.13095,3.55291],[99.13005,3.55471],[99.13005,3.55291],[99.13095,3.55291]],[[99.13722,3.5448],[99.13632,3.5457],[99.13632,3.5448],[99.13722,3.5448]],[[99.13632,3.5457],[99.13542,3.5466],[99.13542,3.5457],[99.13632,3.5457]]],[[[99.13543,3.5565],[99.13543,3.5547],[99.13722,3.5538],[99.13453,3.5538],[99.13543,3.5565]]],[[[99.1603,1.97676],[99.16477,1.97766],[99.16477,1.97676],[99.1603,1.97676]]],[[[99.17551,2.00917],[99.17462,2.00467],[99.17372,2.00917],[99.17551,2.00917]]],[[[99.16925,2.00917],[99.17283,2.00827],[99.16925,2.00737],[99.16925,2.00917]]],[[[99.17014,2.01097],[99.16835,2.00917],[99.16746,2.01097],[99.17014,2.01097]]],[[[99.17014,2.01277],[99.16835,2.01277],[99.16656,2.01187],[99.16746,2.01367],[99.17014,2.01277]]],[[[99.16835,2.01457],[99.17104,2.01817],[99.17104,2.01367],[99.16835,2.01457]]],[[[99.15766,2.45744],[99.15498,2.45654],[99.15587,2.45834],[99.15766,2.45744]]],[[[99.15498,2.46194],[99.15767,2.46554],[99.16035,2.46194],[99.15945,2.45924],[99.15498,2.46194]]],[[[99.16303,2.46194],[99.16572,2.46644],[99.16751,2.46644],[99.16482,2.46194],[99.16303,2.46194]]],[[[99.14156,2.49885],[99.13977,2.49615],[99.13888,2.49885],[99.14156,2.49885]]],[[[99.14246,2.50515],[99.14246,2.50155],[99.14245,2.49885],[99.14156,2.49885],[99.14067,2.50335],[99.14246,2.50515]]],[[[99.14067,2.50335],[99.13888,2.50515],[99.14067,2.50605],[99.14067,2.50335]]],[[[99.17921,2.8985],[99.18279,2.9012],[99.181,2.8976],[99.17921,2.8985]]],[[[99.14877,2.90211],[99.14519,2.89941],[99.1425,2.90031],[99.14519,2.90481],[99.14608,2.90211],[99.14877,2.90211]]],[[[99.1425,2.90211],[99.14071,2.90391],[99.1434,2.90481],[99.1425,2.90211]]],[[[99.17743,2.97232],[99.17832,2.97051],[99.17564,2.96961],[99.17564,2.97052],[99.17743,2.97232]]],[[[99.14162,2.99842],[99.13804,2.99932],[99.14162,2.99932],[99.14162,2.99842]]],[[[99.16669,3.00292],[99.16758,3.00022],[99.164,3.00022],[99.164,3.00292],[99.16669,3.00292]]],[[[99.14346,3.38008],[99.14525,3.38728],[99.14884,3.38638],[99.14794,3.38188],[99.14346,3.38008]]],[[[99.14794,3.38818],[99.15153,3.39088],[99.15242,3.38728],[99.14794,3.38818]]],[[[99.15153,3.39178],[99.15153,3.39448],[99.15421,3.39628],[99.15511,3.39088],[99.15153,3.39178]]],[[[99.17661,3.40078],[99.17481,3.39808],[99.17481,3.40078],[99.17661,3.40078]]],[[[99.13899,3.39808],[99.13899,3.40438],[99.1372,3.40528],[99.14078,3.40438],[99.14168,3.40798],[99.1363,3.40798],[99.1372,3.41158],[99.14078,3.40978],[99.14257,3.41338],[99.14526,3.41338],[99.14794,3.40618],[99.14705,3.41428],[99.15063,3.41518],[99.14974,3.41968],[99.15511,3.41878],[99.15511,3.41518],[99.15869,3.41338],[99.15601,3.41158],[99.15511,3.40618],[99.15332,3.40888],[99.14974,3.40888],[99.15242,3.40798],[99.14974,3.40708],[99.15242,3.39988],[99.15063,3.39718],[99.14884,3.40168],[99.14884,3.39358],[99.14615,3.39628],[99.14167,3.39448],[99.14167,3.39808],[99.13899,3.39808]],[[99.15601,3.41158],[99.15511,3.41248],[99.15511,3.41158],[99.15601,3.41158]],[[99.14615,3.39628],[99.14705,3.39718],[99.14615,3.39718],[99.14615,3.39628]],[[99.15242,3.41338],[99.15153,3.41428],[99.15153,3.41338],[99.15242,3.41338]],[[99.14615,3.40708],[99.14526,3.40798],[99.14526,3.40708],[99.14615,3.40708]],[[99.14347,3.40528],[99.14436,3.40438],[99.14436,3.40528],[99.14347,3.40528]],[[99.14436,3.40438],[99.14526,3.40348],[99.14526,3.40438],[99.14436,3.40438]],[[99.14884,3.40348],[99.14794,3.40528],[99.14794,3.40348],[99.14884,3.40348]],[[99.14347,3.39988],[99.14257,3.40168],[99.14257,3.39988],[99.14347,3.39988]]],[[[99.16855,3.41158],[99.17123,3.41248],[99.17034,3.40888],[99.16944,3.40888],[99.16855,3.41158]]],[[[99.16407,3.40888],[99.16317,3.41248],[99.16407,3.41248],[99.16407,3.40888]]],[[[99.1578,3.41878],[99.16049,3.42148],[99.16228,3.42148],[99.16049,3.41518],[99.1578,3.41518],[99.1578,3.41878]],[[99.15959,3.41788],[99.1587,3.41878],[99.1587,3.41788],[99.15959,3.41788]]],[[[99.1569,3.42148],[99.15511,3.41878],[99.15511,3.42148],[99.1569,3.42148]]],[[[99.14884,3.41878],[99.14616,3.41788],[99.14705,3.42418],[99.14526,3.42509],[99.14974,3.42418],[99.14705,3.42238],[99.14884,3.42148],[99.14884,3.41878]],[[99.14705,3.41968],[99.14795,3.42058],[99.14705,3.42058],[99.14705,3.41968]]],[[[99.17841,3.44128],[99.18199,3.44038],[99.1784,3.43858],[99.17841,3.44128]]],[[[99.17482,3.44938],[99.17303,3.44488],[99.17034,3.44578],[99.17482,3.45208],[99.1793,3.45028],[99.17841,3.44668],[99.17482,3.44938]]],[[[99.14437,3.45119],[99.14258,3.44849],[99.14079,3.44939],[99.14168,3.45119],[99.14437,3.45119]]],[[[99.14079,3.45119],[99.13899,3.45029],[99.13631,3.45389],[99.13989,3.45749],[99.14079,3.45119]]],[[[99.14527,3.45569],[99.14616,3.45389],[99.14258,3.45209],[99.14258,3.45479],[99.14527,3.45569]]],[[[99.14616,3.46559],[99.14795,3.46199],[99.14437,3.46199],[99.14616,3.46559]]],[[[99.18647,3.46648],[99.18289,3.46558],[99.18289,3.47099],[99.18468,3.47098],[99.18647,3.46648]]],[[[99.17931,3.47009],[99.17662,3.46739],[99.17751,3.47009],[99.17931,3.47009]]],[[[99.17931,3.46649],[99.17931,3.47009],[99.17931,3.47189],[99.18199,3.47099],[99.18289,3.46648],[99.17931,3.46649]]],[[[99.17841,3.48089],[99.17752,3.48359],[99.17841,3.48539],[99.17483,3.48809],[99.17304,3.48809],[99.17483,3.48269],[99.17125,3.48089],[99.17125,3.48449],[99.16766,3.48539],[99.16856,3.48809],[99.16677,3.48899],[99.17035,3.48989],[99.16946,3.48809],[99.17035,3.48629],[99.17394,3.49079],[99.17752,3.49079],[99.18021,3.48539],[99.17841,3.48089]],[[99.17841,3.48719],[99.17752,3.48629],[99.17841,3.48629],[99.17841,3.48719]],[[99.17662,3.48809],[99.17752,3.48899],[99.17662,3.48899],[99.17662,3.48809]]],[[[99.14796,3.48449],[99.15064,3.48809],[99.14885,3.48989],[99.15333,3.48809],[99.15333,3.48539],[99.14796,3.48449]]],[[[99.16229,3.48899],[99.15602,3.48809],[99.15692,3.49169],[99.16229,3.49079],[99.16229,3.48899]]],[[[99.17573,3.49349],[99.17931,3.49979],[99.18379,3.49709],[99.18021,3.49259],[99.17842,3.49529],[99.17573,3.49349]],[[99.182,3.49529],[99.1811,3.49619],[99.1811,3.49529],[99.182,3.49529]],[[99.18021,3.49619],[99.17842,3.49799],[99.17931,3.49619],[99.18021,3.49619]]],[[[99.16677,3.49709],[99.16587,3.49529],[99.16319,3.49619],[99.1605,3.49169],[99.15692,3.49259],[99.16498,3.50069],[99.16767,3.49889],[99.16946,3.50159],[99.17125,3.49619],[99.16677,3.49709]]],[[[99.15065,3.49889],[99.15333,3.49889],[99.15154,3.49619],[99.14975,3.49619],[99.15065,3.49889]]],[[[99.18558,3.49619],[99.18379,3.49799],[99.18558,3.49979],[99.18558,3.49619]]],[[[99.17125,3.50339],[99.16498,3.50519],[99.16588,3.50249],[99.1605,3.49709],[99.15871,3.49889],[99.15871,3.49529],[99.15423,3.49259],[99.15333,3.49709],[99.15602,3.49619],[99.15692,3.50069],[99.16229,3.50249],[99.16588,3.50789],[99.17215,3.50519],[99.17125,3.50339]]],[[[99.17215,3.50159],[99.17394,3.50339],[99.17663,3.50249],[99.17394,3.49979],[99.17215,3.50159]]],[[[99.17483,3.50429],[99.17483,3.50699],[99.17752,3.50699],[99.17573,3.50609],[99.17483,3.50429]]],[[[99.182,3.50789],[99.1829,3.50249],[99.17931,3.50249],[99.18021,3.50609],[99.17752,3.50699],[99.17752,3.50969],[99.182,3.50789]],[[99.18021,3.50519],[99.1811,3.50429],[99.1811,3.50519],[99.18021,3.50519]]],[[[99.15155,3.5232],[99.15513,3.5223],[99.15692,3.5178],[99.15513,3.5151],[99.16409,3.50969],[99.16408,3.50609],[99.15961,3.50519],[99.15602,3.49979],[99.15333,3.50339],[99.15692,3.50789],[99.15334,3.5079],[99.15154,3.5061],[99.15333,3.5043],[99.14886,3.5061],[99.14975,3.5142],[99.15602,3.5124],[99.15244,3.5178],[99.14975,3.5151],[99.15155,3.5205],[99.14975,3.5241],[99.15334,3.525],[99.15155,3.5232]],[[99.15334,3.5214],[99.15244,3.5205],[99.15334,3.5205],[99.15334,3.5214]],[[99.15155,3.5196],[99.15244,3.5187],[99.15244,3.5196],[99.15155,3.5196]],[[99.15513,3.5115],[99.15334,3.5106],[99.15513,3.5106],[99.15513,3.5115]],[[99.15513,3.5088],[99.15692,3.5097],[99.15692,3.5106],[99.15513,3.5106],[99.15513,3.5088]],[[99.15692,3.5106],[99.15871,3.5115],[99.15692,3.5115],[99.15692,3.5106]]],[[[99.14438,3.5214],[99.14796,3.5187],[99.14438,3.5187],[99.14438,3.5214]]],[[[99.14259,3.5331],[99.14796,3.5277],[99.14796,3.5214],[99.14438,3.5232],[99.14438,3.5277],[99.1408,3.525],[99.14259,3.5331]],[[99.14707,3.5277],[99.14617,3.5268],[99.14707,3.5268],[99.14707,3.5277]]],[[[99.14349,3.534],[99.14349,3.5358],[99.14528,3.5322],[99.14349,3.534]]],[[[99.14259,3.543],[99.14259,3.5403],[99.13811,3.5412],[99.13811,3.543],[99.14259,3.543]]],[[[99.14976,3.5385],[99.14886,3.543],[99.14528,3.5412],[99.13453,3.552],[99.1399,3.5511],[99.14259,3.5475],[99.14707,3.5484],[99.15155,3.5403],[99.14976,3.5385]],[[99.14617,3.5448],[99.14707,3.5457],[99.14617,3.5457],[99.14617,3.5448]]],[[[99.23353,0.57522],[99.23085,0.57702],[99.23353,0.57612],[99.23353,0.57522]]],[[[99.23114,2.9327],[99.23293,2.9372],[99.23472,2.9318],[99.23114,2.9327]]],[[[99.23741,2.9363],[99.23562,2.939],[99.23741,2.939],[99.23741,2.9363]]],[[[99.23025,2.9471],[99.23383,2.9507],[99.23562,2.9498],[99.23293,2.9489],[99.23204,2.9435],[99.23383,2.9426],[99.22845,2.9318],[99.22577,2.9318],[99.22487,2.9345],[99.21861,2.9336],[99.22398,2.9399],[99.22577,2.9372],[99.23025,2.939],[99.22756,2.9453],[99.23114,2.9444],[99.23025,2.9471]],[[99.23025,2.9426],[99.23114,2.9435],[99.23025,2.9435],[99.23025,2.9426]],[[99.22666,2.9345],[99.22756,2.9354],[99.22666,2.9354],[99.22666,2.9345]]],[[[99.2204,2.9417],[99.21771,2.9444],[99.21592,2.9444],[99.21592,2.9408],[99.21234,2.9426],[99.21413,2.9426],[99.21413,2.9462],[99.21861,2.9453],[99.22398,2.948],[99.2204,2.9417]]],[[[99.21771,2.9489],[99.21503,2.95161],[99.22219,2.9498],[99.21771,2.9489]]],[[[99.22847,3.00651],[99.23116,3.00741],[99.23026,3.00291],[99.22847,3.00291],[99.22847,3.00651]]],[[[99.19803,3.04702],[99.19266,3.04522],[99.19445,3.04702],[99.19177,3.04882],[99.19624,3.04882],[99.19803,3.04702]],[[99.19445,3.04702],[99.19535,3.04792],[99.19445,3.04792],[99.19445,3.04702]]],[[[99.19893,3.04972],[99.19714,3.04792],[99.19714,3.04972],[99.19893,3.04972]]],[[[99.22317,3.36386],[99.22138,3.36206],[99.22407,3.36656],[99.22407,3.36206],[99.22317,3.36386]]],[[[99.22138,3.36566],[99.21959,3.36656],[99.2187,3.36206],[99.2169,3.36476],[99.21511,3.36386],[99.21691,3.36926],[99.22138,3.36836],[99.22138,3.36566]]],[[[99.20885,3.37287],[99.21153,3.37557],[99.21153,3.37287],[99.20885,3.37287]]],[[[99.22497,3.37556],[99.2187,3.37196],[99.2187,3.37556],[99.22407,3.37916],[99.22318,3.37646],[99.22497,3.37556]]],[[[99.21064,3.37827],[99.21332,3.37737],[99.21243,3.37557],[99.21064,3.37647],[99.21064,3.37827]]],[[[99.21422,3.37557],[99.21691,3.37737],[99.21959,3.37916],[99.2187,3.37646],[99.21422,3.37557]]],[[[99.23303,3.37826],[99.23124,3.37556],[99.22766,3.37556],[99.22587,3.38186],[99.23034,3.38276],[99.23034,3.37826],[99.23124,3.38006],[99.23303,3.37826]]],[[[99.18825,3.38277],[99.18825,3.38007],[99.18556,3.38277],[99.18825,3.38277]]],[[[99.2187,3.38007],[99.22139,3.38457],[99.22228,3.38276],[99.22407,3.38456],[99.22497,3.38006],[99.22139,3.38186],[99.22228,3.37916],[99.2187,3.38007]],[[99.22318,3.38096],[99.22407,3.38186],[99.22318,3.38186],[99.22318,3.38096]]],[[[99.18646,3.39177],[99.19004,3.39177],[99.19004,3.38997],[99.18467,3.38907],[99.18646,3.39177]]],[[[99.20706,3.39447],[99.20885,3.38817],[99.20706,3.38907],[99.20706,3.39447]]],[[[99.21422,3.38997],[99.21243,3.39447],[99.21602,3.39357],[99.21422,3.38997]]],[[[99.23035,3.39896],[99.22945,3.40527],[99.23214,3.40166],[99.23124,3.40527],[99.23304,3.40617],[99.22945,3.40617],[99.23125,3.40887],[99.22677,3.40977],[99.22587,3.41517],[99.22229,3.41427],[99.22319,3.41697],[99.22139,3.41697],[99.2196,3.41247],[99.21333,3.41697],[99.21781,3.41697],[99.22408,3.42417],[99.22856,3.42147],[99.22677,3.42507],[99.22946,3.42687],[99.22946,3.42237],[99.23214,3.42147],[99.23215,3.42507],[99.23662,3.42777],[99.24827,3.41606],[99.24379,3.41696],[99.23662,3.41247],[99.23572,3.40977],[99.23931,3.40976],[99.23662,3.40796],[99.2411,3.40886],[99.2411,3.40436],[99.23751,3.40166],[99.23304,3.40256],[99.23303,3.39716],[99.23035,3.39896]],[[99.2411,3.42147],[99.23752,3.42057],[99.23841,3.41607],[99.2402,3.41606],[99.2411,3.42147]],[[99.24379,3.41966],[99.24289,3.41876],[99.24379,3.41876],[99.24379,3.41966]],[[99.23572,3.40256],[99.23662,3.40436],[99.23572,3.40436],[99.23572,3.40256]],[[99.23573,3.42327],[99.23662,3.42417],[99.23573,3.42417],[99.23573,3.42327]],[[99.22677,3.41877],[99.22587,3.41967],[99.22587,3.41877],[99.22677,3.41877]],[[99.22587,3.41877],[99.22498,3.41787],[99.22587,3.41787],[99.22587,3.41877]],[[99.22498,3.41787],[99.22408,3.41697],[99.22498,3.41697],[99.22498,3.41787]],[[99.23304,3.41517],[99.23393,3.41607],[99.23304,3.41607],[99.23304,3.41517]],[[99.23214,3.41157],[99.23035,3.41067],[99.23304,3.40887],[99.23214,3.41157]],[[99.23662,3.40616],[99.23752,3.40706],[99.23662,3.40706],[99.23662,3.40616]]],[[[99.20259,3.43498],[99.20975,3.43407],[99.21065,3.43137],[99.20707,3.42867],[99.21065,3.42957],[99.21423,3.42597],[99.21423,3.42417],[99.20975,3.42327],[99.21244,3.41787],[99.21065,3.41697],[99.20975,3.42057],[99.20169,3.41427],[99.20348,3.41787],[99.20169,3.42057],[99.1999,3.41427],[99.19631,3.41427],[99.19721,3.40887],[99.19273,3.40887],[99.18467,3.39627],[99.17929,3.39808],[99.1775,3.40258],[99.18019,3.40438],[99.17392,3.40078],[99.17302,3.40438],[99.17571,3.40528],[99.17482,3.40798],[99.1775,3.41068],[99.18288,3.40618],[99.18467,3.40708],[99.18467,3.41338],[99.19004,3.41248],[99.18915,3.41518],[99.19184,3.41878],[99.19363,3.41608],[99.19631,3.41698],[99.19184,3.42598],[99.19632,3.42868],[99.19453,3.43048],[99.19721,3.43048],[99.19632,3.43678],[99.19901,3.43498],[99.19901,3.43768],[99.2008,3.43858],[99.20259,3.43678],[99.20259,3.43498]],[[99.20975,3.42237],[99.20886,3.42147],[99.20975,3.42147],[99.20975,3.42237]],[[99.20886,3.42147],[99.20796,3.42057],[99.20886,3.42057],[99.20886,3.42147]],[[99.20796,3.42057],[99.20706,3.41967],[99.20796,3.41967],[99.20796,3.42057]],[[99.20348,3.41787],[99.20438,3.41967],[99.20348,3.41967],[99.20348,3.41787]],[[99.18019,3.40438],[99.18109,3.40528],[99.18019,3.40528],[99.18019,3.40438]],[[99.17929,3.40888],[99.1784,3.40798],[99.17929,3.40798],[99.17929,3.40888]],[[99.19094,3.41518],[99.19273,3.41428],[99.19273,3.41518],[99.19094,3.41518]],[[99.19542,3.42148],[99.19721,3.42238],[99.19542,3.42238],[99.19542,3.42148]],[[99.1999,3.43498],[99.19811,3.43318],[99.1999,3.43318],[99.1999,3.43498]],[[99.20169,3.43678],[99.1999,3.43588],[99.20169,3.43588],[99.20169,3.43678]],[[99.20348,3.43138],[99.20617,3.43318],[99.20348,3.43408],[99.20348,3.43138]],[[99.20259,3.43138],[99.2008,3.42868],[99.20169,3.42688],[99.20348,3.42778],[99.20259,3.43138]],[[99.19901,3.43138],[99.19811,3.43228],[99.19811,3.43138],[99.19901,3.43138]],[[99.20796,3.43047],[99.20707,3.43137],[99.20707,3.43047],[99.20796,3.43047]],[[99.20527,3.42597],[99.20438,3.42777],[99.20438,3.42597],[99.20527,3.42597]],[[99.20975,3.42417],[99.20886,3.42507],[99.20886,3.42417],[99.20975,3.42417]],[[99.19721,3.41517],[99.19631,3.41607],[99.19631,3.41517],[99.19721,3.41517]],[[99.18646,3.40888],[99.18557,3.40978],[99.18556,3.40888],[99.18646,3.40888]],[[99.18467,3.39987],[99.18198,3.40168],[99.18198,3.40078],[99.18467,3.39987]]],[[[99.19094,3.43768],[99.19542,3.44128],[99.19542,3.43588],[99.19363,3.43588],[99.19542,3.43318],[99.19273,3.43138],[99.19184,3.43408],[99.19005,3.43318],[99.18647,3.43768],[99.18378,3.43768],[99.18826,3.43858],[99.18826,3.44038],[99.19094,3.43768]],[[99.18915,3.43498],[99.19094,3.43678],[99.18915,3.43678],[99.18915,3.43498]]],[[[99.20796,3.43948],[99.20707,3.43768],[99.20707,3.44038],[99.21244,3.44127],[99.21155,3.44488],[99.21424,3.44397],[99.21244,3.43857],[99.20796,3.43948]]],[[[99.2214,3.44397],[99.22498,3.44667],[99.22319,3.43947],[99.2214,3.44397]]],[[[99.20886,3.44578],[99.21065,3.44218],[99.20796,3.44218],[99.20886,3.44578]]],[[[99.19811,3.44308],[99.19632,3.44398],[99.19722,3.44578],[99.19901,3.44578],[99.19811,3.44308]]],[[[99.19632,3.44308],[99.19274,3.44308],[99.19184,3.44758],[99.19543,3.44668],[99.19632,3.44308]]],[[[99.20528,3.45118],[99.20796,3.44128],[99.20349,3.44398],[99.20528,3.44758],[99.2017,3.44848],[99.2017,3.45118],[99.20528,3.45118]]],[[[99.21424,3.44668],[99.21155,3.44578],[99.21424,3.44848],[99.21513,3.44668],[99.21692,3.44667],[99.21513,3.44397],[99.21424,3.44668]]],[[[99.21065,3.44848],[99.21334,3.44938],[99.21334,3.44848],[99.21065,3.44848]]],[[[99.21692,3.44757],[99.21334,3.45118],[99.21603,3.45118],[99.21692,3.44757]]],[[[99.21872,3.44937],[99.21692,3.45208],[99.21872,3.45207],[99.21872,3.44937]]],[[[99.19185,3.46108],[99.19095,3.44848],[99.18916,3.44848],[99.18915,3.44128],[99.18288,3.44128],[99.18109,3.44668],[99.18288,3.44668],[99.18378,3.45118],[99.18557,3.45028],[99.18378,3.45658],[99.18916,3.45748],[99.18647,3.45928],[99.18916,3.46198],[99.19185,3.46108]],[[99.18736,3.45028],[99.18378,3.44758],[99.18378,3.44578],[99.18826,3.44758],[99.18736,3.45028]],[[99.18737,3.45658],[99.18647,3.45568],[99.18737,3.45568],[99.18737,3.45658]],[[99.18916,3.46108],[99.19005,3.46018],[99.19005,3.46108],[99.18916,3.46108]],[[99.18647,3.45388],[99.18557,3.45478],[99.18557,3.45388],[99.18647,3.45388]]],[[[99.20886,3.45028],[99.20707,3.45478],[99.21245,3.45388],[99.21334,3.45118],[99.20886,3.45028]]],[[[99.21245,3.45478],[99.21603,3.45748],[99.22051,3.45387],[99.21513,3.45208],[99.21245,3.45478]],[[99.21603,3.45658],[99.21513,3.45478],[99.21603,3.45478],[99.21603,3.45658]]],[[[99.22678,3.45297],[99.2223,3.45477],[99.22499,3.45567],[99.21961,3.45748],[99.21961,3.46018],[99.22678,3.45567],[99.22678,3.45297]]],[[[99.23753,3.47817],[99.23305,3.47277],[99.22947,3.47278],[99.22678,3.47728],[99.2241,3.47548],[99.23305,3.46827],[99.23216,3.46647],[99.23663,3.46647],[99.23663,3.46377],[99.23843,3.46467],[99.23932,3.46197],[99.2429,3.46197],[99.2429,3.45927],[99.24738,3.45747],[99.24469,3.44937],[99.24648,3.45207],[99.25544,3.45207],[99.25186,3.44937],[99.25634,3.44756],[99.25365,3.44397],[99.25813,3.44306],[99.25544,3.43946],[99.25454,3.44216],[99.25096,3.44307],[99.25006,3.44037],[99.25454,3.43586],[99.24916,3.42866],[99.24021,3.43947],[99.23484,3.44037],[99.23663,3.44397],[99.23305,3.44307],[99.23305,3.44667],[99.23753,3.44757],[99.2429,3.44307],[99.23753,3.44937],[99.23842,3.45207],[99.23573,3.45027],[99.2223,3.45928],[99.22141,3.46198],[99.20707,3.46738],[99.20887,3.47098],[99.20439,3.46918],[99.20708,3.47188],[99.20708,3.47998],[99.20976,3.47908],[99.20797,3.47728],[99.20976,3.47278],[99.21514,3.47818],[99.2223,3.47728],[99.22231,3.47998],[99.22499,3.48088],[99.22947,3.47818],[99.22947,3.48088],[99.23305,3.48088],[99.23216,3.48358],[99.23664,3.48628],[99.23753,3.47817]],[[99.23305,3.47367],[99.23216,3.47457],[99.23216,3.47367],[99.23305,3.47367]],[[99.24559,3.45477],[99.24111,3.45477],[99.23574,3.46287],[99.23215,3.45927],[99.23574,3.45477],[99.23842,3.45387],[99.23932,3.45567],[99.24201,3.45207],[99.24559,3.45477]],[[99.24201,3.45207],[99.24021,3.45117],[99.242,3.45117],[99.24201,3.45207]],[[99.23484,3.44577],[99.23394,3.44487],[99.23484,3.44487],[99.23484,3.44577]],[[99.23932,3.44487],[99.23842,3.44397],[99.23932,3.44397],[99.23932,3.44487]],[[99.21424,3.47638],[99.21514,3.47458],[99.21514,3.47638],[99.21424,3.47638]],[[99.22589,3.47998],[99.2241,3.47818],[99.22589,3.47818],[99.22589,3.47998]],[[99.23395,3.48358],[99.23485,3.48268],[99.23485,3.48358],[99.23395,3.48358]],[[99.23485,3.48087],[99.23305,3.47998],[99.23395,3.47727],[99.23574,3.47817],[99.23485,3.48087]],[[99.23305,3.47727],[99.23037,3.47548],[99.23305,3.47547],[99.23305,3.47727]],[[99.22141,3.47458],[99.22051,3.47548],[99.22051,3.47458],[99.22141,3.47458]],[[99.21782,3.47368],[99.21603,3.47458],[99.21603,3.47368],[99.21782,3.47368]],[[99.21782,3.47188],[99.21693,3.47278],[99.21693,3.47188],[99.21782,3.47188]],[[99.2223,3.47098],[99.22141,3.47188],[99.22141,3.47098],[99.2223,3.47098]],[[99.22768,3.47098],[99.22678,3.47188],[99.22678,3.47098],[99.22768,3.47098]],[[99.22857,3.47008],[99.22589,3.46738],[99.22857,3.46647],[99.22857,3.47008]],[[99.22857,3.46647],[99.22947,3.46557],[99.22947,3.46647],[99.22857,3.46647]],[[99.23126,3.46557],[99.23036,3.46107],[99.23395,3.46197],[99.23126,3.46557]],[[99.24559,3.45657],[99.24469,3.45747],[99.24469,3.45657],[99.24559,3.45657]],[[99.23394,3.45567],[99.23305,3.45657],[99.23305,3.45567],[99.23394,3.45567]],[[99.2438,3.44757],[99.2429,3.44847],[99.2429,3.44757],[99.2438,3.44757]],[[99.25096,3.44487],[99.24827,3.44757],[99.24469,3.44667],[99.24738,3.44667],[99.24827,3.44397],[99.25096,3.44487]],[[99.24111,3.44127],[99.24021,3.44217],[99.24021,3.44127],[99.24111,3.44127]],[[99.24648,3.43947],[99.24469,3.43857],[99.24648,3.43857],[99.24648,3.43947]],[[99.24827,3.43857],[99.24738,3.44037],[99.24738,3.43857],[99.24827,3.43857]]],[[[99.21603,3.46018],[99.21872,3.45748],[99.21603,3.45748],[99.21603,3.46018]]],[[[99.2017,3.46558],[99.20707,3.46648],[99.20528,3.46558],[99.20707,3.45928],[99.20439,3.45928],[99.20528,3.45658],[99.2017,3.45748],[99.20259,3.45568],[99.19991,3.45478],[99.19901,3.45658],[99.19632,3.45388],[99.19812,3.45928],[99.19901,3.45748],[99.20349,3.45928],[99.2017,3.46558]],[[99.20528,3.46198],[99.20439,3.46108],[99.20528,3.46108],[99.20528,3.46198]]],[[[99.21514,3.46288],[99.20976,3.45658],[99.21066,3.45928],[99.20797,3.45928],[99.20797,3.46378],[99.21155,3.46558],[99.21334,3.46198],[99.21514,3.46288]]],[[[99.19902,3.47998],[99.19722,3.47908],[99.19901,3.47638],[99.19633,3.47638],[99.19633,3.47998],[99.19902,3.47998]]],[[[99.20349,3.48268],[99.19454,3.48088],[99.19454,3.48358],[99.19902,3.48448],[99.19722,3.48628],[99.2026,3.48628],[99.2017,3.48358],[99.20349,3.48268]]],[[[99.20081,3.48898],[99.2035,3.49168],[99.20618,3.49168],[99.20529,3.48898],[99.21066,3.48808],[99.21604,3.48988],[99.21693,3.48538],[99.21872,3.48358],[99.2232,3.48448],[99.2241,3.48178],[99.21872,3.48088],[99.21962,3.47908],[99.21693,3.47818],[99.21693,3.48448],[99.21424,3.48448],[99.21335,3.47998],[99.21066,3.47908],[99.20081,3.48898]],[[99.21425,3.48808],[99.21514,3.48538],[99.21514,3.48808],[99.21425,3.48808]],[[99.22141,3.48358],[99.22231,3.48268],[99.22231,3.48358],[99.22141,3.48358]],[[99.20797,3.48178],[99.20887,3.48448],[99.20797,3.48448],[99.20797,3.48178]],[[99.20797,3.48718],[99.20708,3.48808],[99.20708,3.48718],[99.20797,3.48718]],[[99.21066,3.48358],[99.20977,3.48538],[99.20977,3.48358],[99.21066,3.48358]],[[99.21245,3.48538],[99.21156,3.48268],[99.21335,3.48268],[99.21245,3.48358],[99.21245,3.48538]]],[[[99.21156,3.48898],[99.20887,3.48988],[99.20887,3.49078],[99.21156,3.49078],[99.21156,3.48898]]],[[[99.35253,1.28993],[99.35253,1.28633],[99.35342,1.28543],[99.35074,1.28723],[99.35253,1.28993]]],[[[99.35253,1.29173],[99.35432,1.28903],[99.35342,1.28903],[99.35253,1.28993],[99.35253,1.29173]]],[[[99.33107,1.31513],[99.32928,1.31243],[99.32749,1.31334],[99.32749,1.31514],[99.33107,1.31513]]],[[[99.33465,1.31513],[99.33286,1.31513],[99.33286,1.31784],[99.33375,1.31784],[99.33465,1.31513]]],[[[99.31944,1.32054],[99.32391,1.32144],[99.32481,1.31874],[99.31944,1.32054]]],[[[99.24547,2.9435],[99.24368,2.9399],[99.24636,2.9372],[99.24546,2.9336],[99.24278,2.9309],[99.2383,2.9318],[99.2392,2.9291],[99.23203,2.9264],[99.23293,2.9291],[99.24278,2.9381],[99.24278,2.9435],[99.24547,2.9435]],[[99.2383,2.9336],[99.2392,2.9327],[99.2392,2.9336],[99.2383,2.9336]],[[99.24188,2.9372],[99.24367,2.9354],[99.24278,2.9372],[99.24188,2.9372]]],[[[99.25352,2.9399],[99.25621,2.93989],[99.26069,2.94349],[99.2571,2.93719],[99.25442,2.939],[99.25263,2.9354],[99.25352,2.9399]]],[[[99.23741,2.9399],[99.2383,2.9426],[99.24099,2.9417],[99.2392,2.939],[99.23741,2.9399]]],[[[99.2383,2.9426],[99.23651,2.9444],[99.2383,2.9444],[99.2383,2.9426]]],[[[99.25263,2.948],[99.25173,2.9453],[99.24905,2.9471],[99.24905,2.9534],[99.25263,2.948]]],[[[99.258,2.9489],[99.25263,2.9489],[99.25263,2.9543],[99.25442,2.9516],[99.25711,2.9552],[99.25979,2.9525],[99.258,2.9489]]],[[[99.25353,2.9561],[99.25442,2.9588],[99.26159,2.9606],[99.25979,2.9561],[99.25353,2.9561]]],[[[99.32607,3.03709],[99.32607,3.03439],[99.32338,3.03439],[99.32339,3.03619],[99.32607,3.03709]]],[[[99.3449,3.11899],[99.34759,3.12169],[99.34759,3.11809],[99.3449,3.11899]]],[[[99.23656,3.17033],[99.23925,3.16763],[99.23567,3.16763],[99.23656,3.17033]]],[[[99.37808,3.2594],[99.38256,3.2594],[99.38166,3.2558],[99.37808,3.2558],[99.37808,3.2594]],[[99.37987,3.2567],[99.38077,3.2576],[99.37987,3.2576],[99.37987,3.2567]]],[[[99.36913,3.2585],[99.37002,3.2567],[99.36375,3.25671],[99.36286,3.26211],[99.36555,3.26481],[99.37182,3.2639],[99.37092,3.2585],[99.36913,3.2585]],[[99.36913,3.2603],[99.36823,3.26211],[99.36823,3.2603],[99.36913,3.2603]],[[99.36734,3.26031],[99.36644,3.26121],[99.36644,3.26031],[99.36734,3.26031]]],[[[99.36017,3.26391],[99.36196,3.26031],[99.35928,3.26031],[99.36017,3.26391]]],[[[99.37271,3.263],[99.3754,3.2648],[99.37629,3.2603],[99.37271,3.263]]],[[[99.37003,3.2657],[99.36734,3.26661],[99.36734,3.26841],[99.37003,3.26841],[99.37003,3.2657]]],[[[99.37898,3.272],[99.37988,3.2693],[99.37719,3.2684],[99.37809,3.2711],[99.37451,3.2729],[99.37451,3.2756],[99.37719,3.2756],[99.37719,3.272],[99.37898,3.272]]],[[[99.38615,3.2747],[99.39063,3.2774],[99.39152,3.2747],[99.38615,3.2747]]],[[[99.38525,3.2783],[99.38436,3.2738],[99.38615,3.272],[99.37809,3.2747],[99.37988,3.2792],[99.38257,3.2765],[99.38257,3.2792],[99.38884,3.2846],[99.39242,3.2828],[99.39242,3.2855],[99.39511,3.2855],[99.3969,3.2828],[99.3969,3.2873],[99.39959,3.2873],[99.39958,3.281],[99.396,3.2783],[99.39869,3.2765],[99.39779,3.2747],[99.3951,3.2738],[99.39242,3.2783],[99.39063,3.2774],[99.39063,3.2792],[99.39421,3.2792],[99.39242,3.2819],[99.38525,3.2783]],[[99.396,3.2756],[99.39511,3.2765],[99.3951,3.2756],[99.396,3.2756]],[[99.39421,3.2801],[99.39511,3.2828],[99.39421,3.2828],[99.39421,3.2801]],[[99.39511,3.2801],[99.396,3.2792],[99.396,3.2801],[99.39511,3.2801]],[[99.396,3.2801],[99.3969,3.2819],[99.396,3.2819],[99.396,3.2801]],[[99.38257,3.2738],[99.38167,3.2747],[99.38167,3.2738],[99.38257,3.2738]]],[[[99.35391,3.28101],[99.35481,3.28281],[99.35839,3.28281],[99.35839,3.27921],[99.35391,3.28101]],[[99.3557,3.28191],[99.35749,3.28011],[99.35749,3.28191],[99.3557,3.28191]]],[[[99.35302,3.28821],[99.35123,3.29091],[99.35302,3.29181],[99.35302,3.28821]]],[[[99.35391,3.29361],[99.35481,3.29181],[99.35302,3.29181],[99.35302,3.29451],[99.3566,3.29451],[99.35391,3.29361]]],[[[99.38168,3.2927],[99.38347,3.2981],[99.38526,3.2936],[99.38168,3.2927]]],[[[99.38974,3.2972],[99.38616,3.2999],[99.38616,3.3035],[99.39064,3.3053],[99.38974,3.2972]]],[[[99.3996,3.3098],[99.39422,3.3143],[99.3996,3.3197],[99.3996,3.3098]],[[99.39781,3.3134],[99.39691,3.3143],[99.39691,3.3134],[99.39781,3.3134]]],[[[99.39512,3.3197],[99.39243,3.3143],[99.38975,3.3143],[99.39243,3.3098],[99.38437,3.31161],[99.39064,3.3161],[99.38796,3.317],[99.38796,3.3206],[99.38975,3.3179],[99.39244,3.3206],[99.39512,3.3197]]],[[[99.39244,3.3242],[99.39602,3.3287],[99.39602,3.326],[99.39244,3.3242]]],[[[99.38617,3.32781],[99.38886,3.32961],[99.38707,3.33231],[99.38886,3.33231],[99.39065,3.326],[99.38886,3.3251],[99.38886,3.32781],[99.38617,3.32781]]],[[[99.39244,3.3314],[99.39423,3.3287],[99.39244,3.3287],[99.39244,3.3314]]],[[[99.24287,3.33505],[99.23929,3.32695],[99.2366,3.32785],[99.24108,3.33235],[99.24018,3.33595],[99.24287,3.33505]]],[[[99.38528,3.33321],[99.38528,3.33951],[99.38797,3.34221],[99.39244,3.34311],[99.39065,3.34491],[99.39513,3.34851],[99.40051,3.3476],[99.4014,3.3332],[99.3996,3.3287],[99.39692,3.3287],[99.39692,3.3332],[99.39244,3.3323],[99.39244,3.34131],[99.38976,3.34041],[99.39155,3.33501],[99.38796,3.33591],[99.38528,3.33321]],[[99.38976,3.34041],[99.38886,3.34131],[99.38886,3.34041],[99.38976,3.34041]],[[99.39603,3.3422],[99.39424,3.3413],[99.39334,3.3395],[99.39603,3.3422]],[[99.39602,3.3377],[99.39334,3.3386],[99.39334,3.3377],[99.39602,3.3377]],[[99.39781,3.3341],[99.39692,3.335],[99.39692,3.3341],[99.39781,3.3341]],[[99.39961,3.3341],[99.39871,3.3332],[99.39961,3.3332],[99.39961,3.3341]],[[99.39871,3.3332],[99.39781,3.3323],[99.39871,3.3323],[99.39871,3.3332]]],[[[99.26258,3.35305],[99.2581,3.35215],[99.2581,3.35305],[99.26258,3.35305]]],[[[99.26348,3.35305],[99.26706,3.35665],[99.26885,3.35215],[99.26348,3.35305]]],[[[99.2796,3.35935],[99.27781,3.36025],[99.27512,3.35755],[99.27423,3.36025],[99.27243,3.35755],[99.27154,3.36025],[99.27244,3.36295],[99.27512,3.36385],[99.27333,3.36115],[99.2796,3.36205],[99.2796,3.35935]],[[99.27243,3.36025],[99.27333,3.35935],[99.27333,3.36025],[99.27243,3.36025]]],[[[99.30021,3.38544],[99.29842,3.38364],[99.29842,3.38724],[99.30021,3.38544]]],[[[99.30738,3.39264],[99.30827,3.39624],[99.31006,3.39624],[99.30827,3.39084],[99.30469,3.39084],[99.302,3.39354],[99.30738,3.39264]],[[99.30469,3.39174],[99.30558,3.39264],[99.30469,3.39264],[99.30469,3.39174]]],[[[99.28946,3.39265],[99.29215,3.39175],[99.29304,3.38905],[99.28856,3.38365],[99.28588,3.38725],[99.27871,3.38185],[99.27782,3.38635],[99.27334,3.38815],[99.27423,3.39175],[99.27692,3.38905],[99.27871,3.39265],[99.27782,3.39715],[99.27513,3.39805],[99.27692,3.39805],[99.27872,3.40075],[99.28051,3.40075],[99.27961,3.39805],[99.2823,3.39895],[99.28499,3.40345],[99.28857,3.40345],[99.28857,3.40615],[99.29126,3.40435],[99.28857,3.40255],[99.28946,3.40075],[99.29663,3.40255],[99.29394,3.40525],[99.29663,3.40615],[99.29752,3.39985],[99.30021,3.40075],[99.3029,3.39714],[99.29573,3.39535],[99.29663,3.39805],[99.29305,3.39985],[99.29215,3.39715],[99.28857,3.39805],[99.28319,3.39535],[99.28588,3.39355],[99.28498,3.39175],[99.28946,3.39265]],[[99.30111,3.39715],[99.29842,3.39805],[99.29842,3.39715],[99.30111,3.39715]],[[99.28319,3.39265],[99.2823,3.39625],[99.27871,3.39535],[99.2805,3.39265],[99.28319,3.39265]],[[99.28498,3.39175],[99.28409,3.39085],[99.28498,3.39085],[99.28498,3.39175]],[[99.29484,3.40075],[99.29663,3.40165],[99.29484,3.40165],[99.29484,3.40075]],[[99.28767,3.39985],[99.28678,3.40075],[99.28678,3.39985],[99.28767,3.39985]],[[99.28678,3.39985],[99.28588,3.39805],[99.28678,3.39805],[99.28678,3.39985]],[[99.29125,3.39985],[99.29215,3.40075],[99.29126,3.40075],[99.29125,3.39985]],[[99.2805,3.39175],[99.27961,3.39085],[99.2805,3.39085],[99.2805,3.39175]],[[99.2823,3.39085],[99.27961,3.38815],[99.2814,3.38815],[99.2823,3.39085]],[[99.28856,3.38725],[99.28946,3.38815],[99.28856,3.38815],[99.28856,3.38725]]],[[[99.29573,3.39355],[99.29036,3.39445],[99.29036,3.39715],[99.29304,3.39445],[99.29573,3.39535],[99.29573,3.39355]]],[[[99.24647,3.39896],[99.24468,3.39626],[99.24557,3.39896],[99.24647,3.39896]]],[[[99.24378,3.40166],[99.2411,3.39806],[99.2411,3.40166],[99.24378,3.40166]]],[[[99.24916,3.39896],[99.24647,3.39896],[99.24647,3.39986],[99.24557,3.39986],[99.24557,3.40076],[99.24468,3.40076],[99.24468,3.40166],[99.24378,3.40166],[99.24378,3.40256],[99.24826,3.40166],[99.24916,3.39896]]],[[[99.27872,3.40345],[99.27603,3.39895],[99.27513,3.40165],[99.27872,3.40345]]],[[[99.28319,3.40165],[99.28051,3.40345],[99.28319,3.40255],[99.28319,3.40165]]],[[[99.27245,3.40345],[99.27513,3.40615],[99.27513,3.40165],[99.27245,3.40345]]],[[[99.28499,3.40705],[99.28409,3.41065],[99.28499,3.41065],[99.28499,3.40705]]],[[[99.28678,3.40885],[99.28499,3.41155],[99.28947,3.41335],[99.29036,3.41065],[99.28678,3.40885]],[[99.28768,3.41065],[99.28678,3.41155],[99.28678,3.41065],[99.28768,3.41065]]],[[[99.29037,3.41965],[99.29574,3.41155],[99.29126,3.41425],[99.29037,3.41965]]],[[[99.242,3.42597],[99.23752,3.42867],[99.23752,3.42957],[99.242,3.42597]]],[[[99.25723,3.44126],[99.25902,3.44216],[99.26171,3.44216],[99.25812,3.43946],[99.25723,3.44126]]],[[[99.27425,3.44216],[99.27246,3.44576],[99.27694,3.44486],[99.27425,3.44216]]],[[[99.25813,3.44936],[99.26171,3.45026],[99.26081,3.44756],[99.26171,3.44576],[99.25902,3.44396],[99.25813,3.44756],[99.25992,3.44846],[99.25813,3.44936]]],[[[99.26529,3.44486],[99.26171,3.44486],[99.2635,3.44936],[99.26171,3.45116],[99.26529,3.44936],[99.26529,3.44486]]],[[[99.25634,3.45207],[99.25813,3.45026],[99.25723,3.45027],[99.25634,3.45207]]],[[[99.26888,3.45566],[99.27425,3.45566],[99.27246,3.45116],[99.26888,3.45026],[99.26888,3.45566]]],[[[99.24918,3.46827],[99.25186,3.46467],[99.25455,3.46557],[99.25544,3.45927],[99.25723,3.45927],[99.25634,3.45387],[99.25096,3.45477],[99.24022,3.46557],[99.24201,3.46917],[99.24559,3.46917],[99.24649,3.46557],[99.24918,3.46827]],[[99.25455,3.46197],[99.25365,3.46107],[99.25455,3.46107],[99.25455,3.46197]],[[99.25276,3.46107],[99.25276,3.45837],[99.25544,3.45747],[99.25455,3.46017],[99.25276,3.46107]]],[[[99.23932,3.46737],[99.23395,3.47187],[99.23664,3.47637],[99.24201,3.47187],[99.2438,3.47277],[99.23932,3.46737]],[[99.24201,3.47187],[99.24111,3.47097],[99.24201,3.47097],[99.24201,3.47187]],[[99.24111,3.47097],[99.24022,3.47007],[99.24111,3.47007],[99.24111,3.47097]],[[99.23843,3.47187],[99.23753,3.47277],[99.23753,3.47187],[99.23843,3.47187]]],[[[99.47858,0.97486],[99.47768,0.97216],[99.47679,0.97486],[99.47858,0.97486]]],[[[99.46964,0.97937],[99.475,0.97666],[99.46874,0.97757],[99.46964,0.97937]]],[[[99.48573,0.98026],[99.48752,0.97846],[99.48573,0.97576],[99.4759,0.97666],[99.47679,0.98026],[99.48126,0.97936],[99.48305,0.98116],[99.48484,0.98026],[99.48305,0.97756],[99.48484,0.97756],[99.48573,0.98026]]],[[[99.46159,0.98567],[99.45891,0.98027],[99.45533,0.98297],[99.45533,0.98477],[99.46159,0.98567]],[[99.45891,0.98207],[99.45801,0.98297],[99.45801,0.98207],[99.45891,0.98207]]],[[[99.45533,0.98657],[99.45265,0.98477],[99.45265,0.98657],[99.45533,0.98657]]],[[[99.44996,0.98297],[99.4437,0.98297],[99.44549,0.98387],[99.44371,0.98837],[99.44549,0.99107],[99.44549,0.98567],[99.44996,0.98567],[99.44996,0.98297]],[[99.44639,0.98297],[99.44728,0.98387],[99.44639,0.98387],[99.44639,0.98297]]],[[[99.44997,0.99467],[99.44639,0.99197],[99.44639,0.99377],[99.44997,0.99467]]],[[[99.4759,0.98927],[99.47411,0.98837],[99.47232,0.99197],[99.46874,0.99107],[99.47143,0.99557],[99.47143,1.00637],[99.48037,1.00817],[99.47858,1.00457],[99.48037,1.00367],[99.48127,1.00637],[99.48305,1.00277],[99.48216,1.00097],[99.47769,1.00187],[99.47858,0.99917],[99.4759,0.99737],[99.47858,0.99737],[99.47769,0.99557],[99.48305,0.99647],[99.48395,0.99196],[99.48663,0.99376],[99.48573,0.99106],[99.48663,0.99196],[99.48931,0.99106],[99.48842,0.98836],[99.48484,0.98926],[99.48395,0.98476],[99.48126,0.98566],[99.48037,0.98386],[99.47947,0.98566],[99.47769,0.98296],[99.47679,0.98567],[99.47411,0.98567],[99.47679,0.98657],[99.4759,0.98927]],[[99.47948,1.00367],[99.47858,1.00277],[99.47948,1.00277],[99.47948,1.00367]],[[99.48037,1.00367],[99.48127,1.00277],[99.48127,1.00367],[99.48037,1.00367]],[[99.4759,0.99827],[99.47322,0.99917],[99.47322,0.99827],[99.4759,0.99827]],[[99.47947,0.98566],[99.47858,0.98656],[99.47858,0.98566],[99.47947,0.98566]],[[99.47679,1.00547],[99.4759,1.00637],[99.4759,1.00547],[99.47679,1.00547]],[[99.47232,1.00097],[99.47411,1.00187],[99.47411,1.00547],[99.47232,1.00457],[99.47232,1.00097]],[[99.47679,1.00367],[99.4759,1.00457],[99.4759,1.00367],[99.47679,1.00367]],[[99.47679,1.00097],[99.4759,1.00187],[99.4759,1.00097],[99.47679,1.00097]],[[99.48037,0.99107],[99.48305,0.99106],[99.48216,0.99377],[99.48037,0.99377],[99.48037,0.99107]],[[99.475,0.99197],[99.47411,0.99287],[99.47411,0.99197],[99.475,0.99197]],[[99.475,0.99017],[99.47411,0.99107],[99.47411,0.99017],[99.475,0.99017]],[[99.48126,0.98926],[99.47948,0.99017],[99.47947,0.98927],[99.48126,0.98926]],[[99.48395,0.98656],[99.48305,0.98746],[99.48305,0.98656],[99.48395,0.98656]]],[[[99.48305,0.99647],[99.48484,0.99827],[99.48752,0.99646],[99.48752,0.99917],[99.492,0.99826],[99.48842,0.99556],[99.48305,0.99647]]],[[[99.48663,1.00277],[99.48484,1.00097],[99.48395,1.00277],[99.48663,1.00277]]],[[[99.48216,1.00547],[99.48574,1.00727],[99.48574,1.00547],[99.48216,1.00547]]],[[[99.47054,1.01087],[99.46428,1.00727],[99.46428,1.00997],[99.47054,1.01087]]],[[[99.43924,1.00907],[99.44281,1.01267],[99.44192,1.00817],[99.43924,1.00907]]],[[[99.46428,1.01537],[99.46875,1.01267],[99.46338,1.01357],[99.46428,1.01537]]],[[[99.44281,1.01537],[99.44192,1.01717],[99.4446,1.01807],[99.4455,1.01627],[99.44281,1.01537]]],[[[99.46428,1.01627],[99.46785,1.01897],[99.46607,1.02077],[99.46964,1.01987],[99.46964,1.01717],[99.46428,1.01627]]],[[[99.4464,1.07838],[99.44461,1.07298],[99.44193,1.07118],[99.44103,1.07388],[99.44372,1.07478],[99.44103,1.07478],[99.43925,1.07748],[99.44282,1.07568],[99.44282,1.08018],[99.4464,1.07838]]],[[[99.45177,1.07478],[99.45177,1.07658],[99.45445,1.07748],[99.45534,1.07478],[99.45177,1.07478]]],[[[99.45177,1.08198],[99.45445,1.08018],[99.45355,1.07748],[99.45177,1.07748],[99.45177,1.08198]]],[[[99.42315,1.09999],[99.42405,1.10449],[99.41779,1.11079],[99.42137,1.11079],[99.42405,1.10629],[99.42584,1.10809],[99.42584,1.09999],[99.41779,1.09639],[99.41957,1.09189],[99.41421,1.08829],[99.41242,1.09279],[99.416,1.09999],[99.42047,1.10089],[99.41958,1.10359],[99.42315,1.09999]],[[99.41868,1.09729],[99.41779,1.09819],[99.41779,1.09729],[99.41868,1.09729]],[[99.41868,1.09819],[99.41958,1.09909],[99.41868,1.09909],[99.41868,1.09819]],[[99.42047,1.10899],[99.41958,1.10989],[99.41958,1.10899],[99.42047,1.10899]],[[99.41689,1.09459],[99.4151,1.09639],[99.416,1.09459],[99.41689,1.09459]],[[99.416,1.09189],[99.41421,1.09369],[99.41421,1.09189],[99.416,1.09189]]],[[[99.42494,1.11439],[99.42405,1.11079],[99.42405,1.11439],[99.42494,1.11439]]],[[[99.42494,1.11439],[99.42315,1.11529],[99.42315,1.11619],[99.42584,1.11619],[99.42584,1.11439],[99.42494,1.11439]]],[[[99.42852,1.12069],[99.42584,1.11709],[99.42673,1.12069],[99.42852,1.12069]]],[[[99.49079,2.97132],[99.48541,2.96592],[99.47736,2.96412],[99.48452,2.96952],[99.48452,2.97222],[99.48721,2.97222],[99.48631,2.97402],[99.48989,2.97402],[99.49079,2.97132]]],[[[99.47028,3.16305],[99.47565,3.15945],[99.46938,3.15585],[99.47028,3.16305]],[[99.47207,3.15765],[99.47028,3.15855],[99.47028,3.15765],[99.47207,3.15765]],[[99.47207,3.15855],[99.47297,3.15945],[99.47207,3.15945],[99.47207,3.15855]]],[[[99.48553,3.22875],[99.48643,3.23145],[99.48643,3.22785],[99.48285,3.22695],[99.48374,3.22965],[99.48553,3.22875]]],[[[99.48106,3.24045],[99.48554,3.23505],[99.48733,3.23595],[99.48554,3.23235],[99.48195,3.23325],[99.48285,3.23685],[99.47658,3.23686],[99.47927,3.23776],[99.47927,3.24136],[99.47569,3.24136],[99.47569,3.24496],[99.47927,3.24856],[99.48554,3.24765],[99.48106,3.24406],[99.48106,3.24045]],[[99.48107,3.24676],[99.48017,3.24766],[99.48017,3.24676],[99.48107,3.24676]]],[[[99.48465,3.24585],[99.48465,3.24315],[99.48285,3.24225],[99.48285,3.24405],[99.48465,3.24585]]],[[[99.41301,3.26569],[99.41122,3.26389],[99.41122,3.26569],[99.41301,3.26569]]],[[[99.41301,3.26749],[99.41481,3.27109],[99.4157,3.27109],[99.4157,3.26749],[99.41301,3.26749]]],[[[99.40943,3.27469],[99.41033,3.27289],[99.41033,3.27109],[99.40764,3.27199],[99.40943,3.27469]]],[[[99.41839,3.27649],[99.41839,3.27469],[99.4166,3.27379],[99.4157,3.27559],[99.41839,3.27649]]],[[[99.39958,3.27649],[99.40317,3.27829],[99.40048,3.27289],[99.39958,3.27649]]],[[[99.4166,3.27649],[99.4157,3.27919],[99.4166,3.27919],[99.4166,3.27649]]],[[[99.47212,3.27826],[99.47571,3.28006],[99.47929,3.27736],[99.47212,3.27826]]],[[[99.40764,3.27919],[99.40585,3.28099],[99.40317,3.27829],[99.40317,3.28189],[99.40944,3.28279],[99.40764,3.27919]]],[[[99.42198,3.28639],[99.42287,3.28459],[99.42466,3.28639],[99.42556,3.28368],[99.42198,3.28369],[99.42198,3.28639]]],[[[99.40227,3.28369],[99.40406,3.28549],[99.40317,3.2909],[99.40407,3.29089],[99.40765,3.28549],[99.40227,3.28369]],[[99.40496,3.28729],[99.40407,3.28819],[99.40407,3.28729],[99.40496,3.28729]]],[[[99.48288,3.28996],[99.48646,3.29266],[99.48735,3.28996],[99.48556,3.29086],[99.48288,3.28996]]],[[[99.48557,3.29446],[99.48467,3.29266],[99.48288,3.29536],[99.48377,3.29446],[99.48557,3.29446]]],[[[99.44617,3.30798],[99.45154,3.30528],[99.45154,3.30348],[99.43989,3.30078],[99.44079,3.30528],[99.44527,3.30348],[99.44617,3.30798]],[[99.44348,3.30348],[99.44258,3.30258],[99.44348,3.30258],[99.44348,3.30348]]],[[[99.40139,3.3134],[99.40318,3.3152],[99.40318,3.3125],[99.40139,3.3134]]],[[[99.40408,3.3179],[99.40229,3.3161],[99.40229,3.3179],[99.40408,3.3179]]],[[[99.41662,3.32509],[99.41573,3.32959],[99.41841,3.32959],[99.41841,3.32689],[99.41662,3.32509]]],[[[99.41662,3.33229],[99.41035,3.3269],[99.41214,3.3332],[99.41483,3.3341],[99.41662,3.33229]]],[[[99.40498,3.3395],[99.40588,3.3458],[99.40856,3.3395],[99.40498,3.3395]]],[[[99.45693,3.35028],[99.45424,3.34758],[99.45514,3.35028],[99.45693,3.35028]]],[[[99.42558,3.34759],[99.42559,3.35209],[99.42827,3.35119],[99.42917,3.35299],[99.42917,3.34939],[99.42738,3.35029],[99.42558,3.34759]]],[[[99.40588,3.3521],[99.40678,3.3485],[99.4032,3.3503],[99.4032,3.3539],[99.41036,3.3539],[99.41126,3.3557],[99.41215,3.3512],[99.40588,3.3521]]],[[[99.5492,0.81553],[99.54652,0.81643],[99.54652,0.82003],[99.5492,0.81913],[99.5492,0.81553]]],[[[99.49288,0.92625],[99.49377,0.92355],[99.4893,0.92625],[99.49288,0.92625]]],[[[99.52597,0.95775],[99.52597,0.96045],[99.53044,0.95865],[99.52955,0.95685],[99.52597,0.95775]]],[[[99.4902,0.98296],[99.49289,0.98116],[99.48931,0.97936],[99.49021,0.98566],[99.49199,0.98476],[99.4902,0.98296]]],[[[99.49652,1.32051],[99.49921,1.32321],[99.50189,1.32141],[99.49921,1.32141],[99.49831,1.31871],[99.49652,1.32051]]],[[[99.64323,1.46539],[99.64144,1.46269],[99.64144,1.46719],[99.64323,1.46539]]],[[[99.56958,2.98658],[99.57406,2.98658],[99.57406,2.98478],[99.56958,2.98388],[99.56958,2.98658]]],[[[99.52661,3.00011],[99.52751,3.00731],[99.5311,3.01181],[99.5293,2.9974],[99.52661,3.00011]]],[[[99.64035,3.05945],[99.64393,3.05675],[99.64214,3.05315],[99.63677,3.05225],[99.64125,3.06395],[99.64036,3.06935],[99.64304,3.06935],[99.64393,3.06035],[99.64035,3.05945]]],[[[99.6332,3.07026],[99.63588,3.07295],[99.63678,3.07115],[99.63857,3.07295],[99.63946,3.07025],[99.63587,3.05405],[99.63319,3.05405],[99.63229,3.05676],[99.63319,3.06216],[99.62692,3.06216],[99.62693,3.06486],[99.62603,3.06216],[99.62334,3.06396],[99.62603,3.06846],[99.62872,3.06756],[99.62872,3.07026],[99.6332,3.07026]],[[99.63678,3.07115],[99.63588,3.06935],[99.63678,3.06935],[99.63678,3.07115]],[[99.63319,3.06306],[99.63409,3.06395],[99.63319,3.06396],[99.63319,3.06306]]],[[[99.56067,3.0649],[99.56425,3.06669],[99.56425,3.06489],[99.56067,3.0649]]],[[[99.56515,3.06759],[99.56425,3.06939],[99.56694,3.07119],[99.56873,3.06849],[99.56515,3.06759]]],[[[99.55709,3.073],[99.56067,3.0721],[99.56067,3.0703],[99.55709,3.0703],[99.55709,3.073]]],[[[99.62246,3.07746],[99.61798,3.07206],[99.61887,3.07656],[99.62246,3.07746]]],[[[99.57052,3.07209],[99.56605,3.07659],[99.56873,3.07839],[99.57052,3.07209]]],[[[99.60455,3.07117],[99.60723,3.07297],[99.60992,3.08107],[99.61709,3.08017],[99.61529,3.07837],[99.61708,3.07297],[99.6144,3.07297],[99.6135,3.06937],[99.60455,3.07117]],[[99.61529,3.07747],[99.6135,3.07567],[99.6144,3.07567],[99.61529,3.07747]],[[99.6144,3.07927],[99.6135,3.08017],[99.6135,3.07927],[99.6144,3.07927]]],[[[99.54008,3.07751],[99.53919,3.08381],[99.54098,3.08561],[99.54008,3.07751]]],[[[99.56336,3.0793],[99.56695,3.08379],[99.56695,3.08109],[99.56336,3.0793]]],[[[99.61977,3.07836],[99.6153,3.08377],[99.62157,3.08736],[99.62246,3.08376],[99.61977,3.08196],[99.61977,3.07836]]],[[[99.63321,3.08556],[99.63141,3.07926],[99.62335,3.08106],[99.62604,3.08916],[99.62783,3.08646],[99.63321,3.08556]]],[[[99.63678,3.08195],[99.63499,3.08196],[99.63589,3.08826],[99.6341,3.08916],[99.63948,3.09095],[99.63947,3.08735],[99.64216,3.08915],[99.64216,3.08645],[99.63678,3.08195]],[[99.63679,3.08736],[99.63858,3.08555],[99.63768,3.08735],[99.63679,3.08736]],[[99.63858,3.08555],[99.63947,3.08465],[99.63947,3.08555],[99.63858,3.08555]],[[99.63947,3.08555],[99.64037,3.08645],[99.63947,3.08645],[99.63947,3.08555]]],[[[99.61978,3.08737],[99.61978,3.09097],[99.62067,3.08916],[99.62336,3.09006],[99.61978,3.08737]]],[[[99.57949,3.09189],[99.58307,3.09549],[99.58396,3.08919],[99.58038,3.08739],[99.57949,3.08919],[99.57948,3.08559],[99.57501,3.08649],[99.5768,3.08919],[99.57411,3.09099],[99.57501,3.09369],[99.57949,3.09189]],[[99.5759,3.09009],[99.5768,3.09099],[99.5759,3.09099],[99.5759,3.09009]],[[99.5768,3.09099],[99.5777,3.09189],[99.5768,3.09189],[99.5768,3.09099]]],[[[99.60903,3.09007],[99.60814,3.09547],[99.60993,3.09547],[99.60903,3.09007]]],[[[99.5392,3.09821],[99.54009,3.09461],[99.5374,3.09191],[99.53741,3.09551],[99.5392,3.09821]]],[[[99.60277,3.10088],[99.60814,3.09817],[99.60725,3.09637],[99.60277,3.10088]]],[[[99.61083,3.09817],[99.60814,3.09817],[99.60814,3.09997],[99.61083,3.10087],[99.61083,3.09817]]],[[[99.58128,3.09459],[99.57322,3.09459],[99.57322,3.09909],[99.57591,3.09999],[99.57502,3.10809],[99.57681,3.10809],[99.57859,3.09729],[99.58128,3.09459]],[[99.57501,3.09639],[99.57591,3.09729],[99.57501,3.09729],[99.57501,3.09639]]],[[[99.635,3.09996],[99.63232,3.10086],[99.63411,3.10446],[99.6368,3.10266],[99.63411,3.10176],[99.635,3.09996]]],[[[99.62337,3.11527],[99.62516,3.11436],[99.62427,3.11707],[99.62696,3.11796],[99.62964,3.11166],[99.62427,3.11076],[99.62606,3.10986],[99.62427,3.10806],[99.62695,3.10716],[99.61889,3.10357],[99.62158,3.10267],[99.61889,3.09727],[99.61172,3.09547],[99.61352,3.10267],[99.61083,3.10087],[99.60994,3.10267],[99.6171,3.11077],[99.61531,3.11257],[99.61621,3.11707],[99.6189,3.11707],[99.61979,3.11077],[99.62337,3.11527]],[[99.62427,3.11076],[99.62337,3.11167],[99.62337,3.11077],[99.62427,3.11076]],[[99.61262,3.09817],[99.61441,3.09637],[99.61441,3.09817],[99.61262,3.09817]],[[99.6171,3.11077],[99.618,3.10897],[99.618,3.11077],[99.6171,3.11077]],[[99.6189,3.11527],[99.618,3.11437],[99.6189,3.11437],[99.6189,3.11527]],[[99.62695,3.11256],[99.62785,3.11346],[99.62695,3.11346],[99.62695,3.11256]],[[99.618,3.11167],[99.6189,3.11257],[99.618,3.11257],[99.618,3.11167]],[[99.62247,3.10897],[99.62337,3.10987],[99.62248,3.10987],[99.62247,3.10897]],[[99.61979,3.10717],[99.62068,3.10807],[99.61979,3.10807],[99.61979,3.10717]],[[99.61531,3.10267],[99.6162,3.10357],[99.61531,3.10357],[99.61531,3.10267]]],[[[99.5777,3.10809],[99.57592,3.11259],[99.57771,3.11349],[99.5777,3.10809]]],[[[99.61352,3.10717],[99.60904,3.10987],[99.61084,3.11527],[99.61531,3.11257],[99.61352,3.10717]],[[99.61263,3.11347],[99.61173,3.11257],[99.61263,3.11257],[99.61263,3.11347]]],[[[99.55891,3.118],[99.5598,3.1117],[99.55443,3.1108],[99.55891,3.118]]],[[[99.57771,3.11979],[99.5786,3.11439],[99.57592,3.11349],[99.57592,3.11889],[99.57771,3.11979]]],[[[99.55801,3.1189],[99.5598,3.1225],[99.5607,3.1189],[99.55801,3.1189]]],[[[99.61353,3.11887],[99.61353,3.12427],[99.61174,3.12697],[99.61621,3.12247],[99.61621,3.11797],[99.61353,3.11887]]],[[[99.61801,3.12427],[99.62159,3.12787],[99.6198,3.12427],[99.61801,3.12427]]],[[[99.59473,3.12608],[99.59294,3.12788],[99.59562,3.12788],[99.59473,3.12608]]],[[[99.62965,3.12876],[99.63144,3.13146],[99.63144,3.12696],[99.62965,3.12876]]],[[[99.59652,3.12878],[99.59473,3.13058],[99.59563,3.13328],[99.6001,3.13148],[99.59652,3.12878]]],[[[99.6395,3.12966],[99.63502,3.12876],[99.63234,3.13326],[99.63503,3.13506],[99.63502,3.13056],[99.6395,3.12966]]],[[[99.61801,3.13057],[99.61174,3.12787],[99.61085,3.12967],[99.61353,3.13147],[99.60816,3.13238],[99.60906,3.13688],[99.61801,3.13057]],[[99.61085,3.13417],[99.60995,3.13508],[99.60995,3.13418],[99.61085,3.13417]]],[[[99.6001,3.13238],[99.60279,3.13418],[99.60279,3.13238],[99.6001,3.13238]]],[[[99.58488,3.13059],[99.5813,3.13239],[99.5813,3.13689],[99.58488,3.13509],[99.58488,3.13059]],[[99.58309,3.13329],[99.5822,3.13419],[99.5822,3.13329],[99.58309,3.13329]]],[[[99.6216,3.13687],[99.62786,3.13686],[99.63055,3.13146],[99.62697,3.13327],[99.62517,3.12967],[99.62428,3.13237],[99.62159,3.13147],[99.6216,3.13687]],[[99.62697,3.13327],[99.62607,3.13417],[99.62607,3.13327],[99.62697,3.13327]],[[99.62428,3.13237],[99.62518,3.13327],[99.62428,3.13327],[99.62428,3.13237]]],[[[99.61264,3.14137],[99.61801,3.13327],[99.61622,3.13237],[99.60906,3.13868],[99.61264,3.14137]]],[[[99.60279,3.13958],[99.60458,3.13868],[99.60548,3.13688],[99.60279,3.13598],[99.60279,3.13958]]],[[[99.61175,3.14137],[99.60996,3.14048],[99.61175,3.14318],[99.61175,3.14137]]],[[[99.59384,3.14409],[99.59294,3.13329],[99.59026,3.13599],[99.59295,3.14229],[99.58936,3.13779],[99.58488,3.13869],[99.58578,3.14049],[99.5831,3.14229],[99.58041,3.14049],[99.58131,3.14499],[99.58668,3.14769],[99.58579,3.15039],[99.59206,3.15129],[99.58847,3.14769],[99.59384,3.14409]],[[99.59205,3.14319],[99.59116,3.14409],[99.59116,3.14319],[99.59205,3.14319]],[[99.59026,3.14229],[99.58936,3.14319],[99.58936,3.14229],[99.59026,3.14229]],[[99.58757,3.13959],[99.58668,3.14139],[99.58668,3.13959],[99.58757,3.13959]]],[[[99.6028,3.15218],[99.60907,3.14768],[99.60638,3.14768],[99.60727,3.13958],[99.6028,3.14228],[99.60369,3.14048],[99.59921,3.13958],[99.59921,3.14408],[99.59653,3.14138],[99.59295,3.14679],[99.59563,3.14768],[99.59832,3.14498],[99.59922,3.14768],[99.60459,3.14768],[99.59922,3.15308],[99.6037,3.15668],[99.60549,3.15488],[99.6028,3.15218]],[[99.6028,3.15308],[99.60191,3.15398],[99.60191,3.15308],[99.6028,3.15308]],[[99.60369,3.14408],[99.6028,3.14498],[99.6028,3.14408],[99.60369,3.14408]],[[99.6019,3.14318],[99.60101,3.14408],[99.601,3.14318],[99.6019,3.14318]]],[[[99.5831,3.15129],[99.58489,3.15129],[99.58399,3.14769],[99.58041,3.15039],[99.58041,3.14769],[99.57773,3.14679],[99.57952,3.15129],[99.58489,3.15309],[99.5831,3.15129]]],[[[99.56877,3.1522],[99.57146,3.1549],[99.57056,3.1513],[99.56877,3.1522]]],[[[99.57773,3.1549],[99.57952,3.1585],[99.58131,3.15849],[99.58221,3.15489],[99.57773,3.1549]]],[[[99.59922,3.15488],[99.59654,3.15669],[99.59922,3.15758],[99.59922,3.15488]]],[[[99.59922,3.15758],[99.60191,3.15848],[99.6028,3.15668],[99.60012,3.15578],[99.59922,3.15758]]],[[[99.56609,3.1549],[99.56251,3.1558],[99.5652,3.1612],[99.56788,3.1594],[99.56609,3.1549]]],[[[99.58938,3.16299],[99.58759,3.16479],[99.58938,3.16569],[99.58938,3.16299]]],[[[99.58848,3.16839],[99.58669,3.16479],[99.5858,3.16749],[99.58848,3.16839]]],[[[99.49094,3.28906],[99.48556,3.28816],[99.48556,3.28996],[99.49273,3.28995],[99.49273,3.28635],[99.48914,3.28546],[99.48825,3.28726],[99.49094,3.28906]]],[[[99.49004,3.29356],[99.49721,3.28905],[99.4972,3.28635],[99.49004,3.29356]],[[99.49541,3.28995],[99.49452,3.28905],[99.49541,3.28905],[99.49541,3.28995]]],[[[99.87651,1.03239],[99.88009,1.03329],[99.88098,1.03148],[99.8783,1.02879],[99.87651,1.03239]]],[[[100.0002,1.72626],[99.9993,1.72176],[99.99662,1.72086],[99.99841,1.72896],[100.00378,1.72896],[100.0002,1.72626]]],[[[99.99663,1.73887],[100.0002,1.73976],[100.0011,1.73706],[99.99394,1.73617],[99.99663,1.73887]],[[99.99752,1.73706],[99.99662,1.73797],[99.99662,1.73707],[99.99752,1.73706]]],[[[99.83662,1.94146],[99.8393,1.93785],[99.83661,1.93786],[99.83662,1.94146]]],[[[100.01752,2.26086],[100.0202,2.25996],[100.0193,2.25726],[100.01752,2.25816],[100.01752,2.26086]]],[[[100.01215,2.25906],[100.01036,2.25996],[100.00947,2.26446],[100.01305,2.26356],[100.01126,2.26266],[100.01215,2.25906]]],[[[99.66598,2.45638],[99.66598,2.45998],[99.66956,2.45998],[99.66598,2.45638]]],[[[99.82617,2.46619],[99.82796,2.46349],[99.82438,2.46349],[99.82617,2.46619]]],[[[99.66781,2.54099],[99.66692,2.53919],[99.66603,2.54099],[99.66781,2.54099]]],[[[99.67229,2.54099],[99.6705,2.53919],[99.66871,2.54099],[99.67229,2.54099]]],[[[100.03833,2.56684],[100.03564,2.56774],[100.03565,2.56954],[100.03833,2.56684]]],[[[99.99361,2.60198],[99.99093,2.60198],[99.99272,2.60558],[99.99361,2.60558],[99.99361,2.60198]]],[[[99.96232,2.6416],[99.96321,2.6407],[99.96142,2.6389],[99.96232,2.6416]]],[[[99.96769,2.6425],[99.96411,2.6416],[99.96411,2.6434],[99.96769,2.6425]]],[[[100.02676,2.64785],[100.02765,2.64605],[100.02407,2.64515],[100.02407,2.64695],[100.02676,2.64785]]],[[[100.02139,2.64516],[100.0196,2.65056],[100.02229,2.64876],[100.02139,2.64516]]],[[[100.03663,2.68384],[100.03753,2.68474],[100.03753,2.68204],[100.03663,2.68384]]],[[[100.04111,2.68474],[100.03843,2.68654],[100.04111,2.68744],[100.04111,2.68474]]],[[[100.03843,2.68654],[100.03574,2.68654],[100.03395,2.68475],[100.03485,2.68744],[100.03843,2.68654]]],[[[100.03575,2.69554],[100.03485,2.69284],[100.03307,2.69645],[100.03575,2.69554]]],[[[99.9382,2.70372],[99.94268,2.70372],[99.94268,2.70192],[99.9382,2.70102],[99.9382,2.70372]]],[[[99.93641,2.70552],[99.93462,2.69923],[99.92925,2.70193],[99.92746,2.70013],[99.92567,2.70463],[99.92746,2.70643],[99.92478,2.70553],[99.92478,2.70823],[99.9221,2.70824],[99.9221,2.71184],[99.92389,2.71183],[99.92567,2.70733],[99.93641,2.70552]],[[99.92389,2.71003],[99.92299,2.70914],[99.92389,2.70913],[99.92389,2.71003]],[[99.92925,2.70463],[99.92836,2.70553],[99.92836,2.70463],[99.92925,2.70463]],[[99.93104,2.70463],[99.93015,2.70553],[99.93015,2.70463],[99.93104,2.70463]],[[99.93373,2.70283],[99.93283,2.70373],[99.93283,2.70283],[99.93373,2.70283]]],[[[100.03218,2.70635],[100.03129,2.70995],[100.03218,2.70995],[100.03218,2.71085],[100.03308,2.71085],[100.03576,2.70634],[100.03218,2.70635]]],[[[100.02144,2.71176],[100.01965,2.70906],[100.01876,2.71266],[100.02144,2.71176]]],[[[100.03218,2.71175],[100.03039,2.70995],[100.0295,2.71175],[100.03218,2.71175]]],[[[100.03129,2.71715],[100.03487,2.71624],[100.03129,2.71445],[100.03129,2.71715]]],[[[100.02592,2.71805],[100.02771,2.71535],[100.02503,2.71445],[100.02413,2.71625],[100.02592,2.71805]]],[[[99.94449,2.72712],[99.9418,2.72982],[99.94001,2.73072],[99.94359,2.73072],[99.94449,2.72712]]],[[[99.9812,2.75409],[99.97852,2.75319],[99.97942,2.75679],[99.98121,2.75679],[99.9812,2.75409]],[[99.97941,2.75589],[99.98031,2.75499],[99.98031,2.75589],[99.97941,2.75589]]],[[[99.96332,2.7712],[99.96153,2.77481],[99.96511,2.7721],[99.96332,2.7712]]],[[[99.96869,2.7775],[99.96601,2.7784],[99.9669,2.7802],[99.96959,2.7802],[99.96869,2.7775]]],[[[99.95526,2.77571],[99.95438,2.78291],[99.95796,2.78291],[99.95616,2.78021],[99.95795,2.77571],[99.95526,2.77571]]],[[[99.97228,2.782],[99.97138,2.7793],[99.97048,2.7793],[99.96959,2.7811],[99.97228,2.782]]],[[[99.95796,2.78381],[99.96333,2.7847],[99.96333,2.7829],[99.95885,2.78021],[99.95975,2.78291],[99.95796,2.78381]],[[99.96154,2.78291],[99.96064,2.78381],[99.96064,2.78291],[99.96154,2.78291]]],[[[99.97317,2.7856],[99.97586,2.78829],[99.97496,2.7856],[99.97317,2.7856]]],[[[99.95348,2.78651],[99.9508,2.78652],[99.9508,2.78922],[99.95349,2.78921],[99.95348,2.78651]]],[[[99.97497,2.791],[99.97318,2.7955],[99.97766,2.79729],[99.97676,2.79369],[99.97497,2.7937],[99.97497,2.791]],[[99.97497,2.7955],[99.97587,2.79459],[99.97587,2.79549],[99.97497,2.7955]]],[[[99.98303,2.79459],[99.9875,2.79548],[99.9875,2.79728],[99.99019,2.79728],[99.98929,2.79368],[99.98303,2.79459]]],[[[99.86134,2.85589],[99.86313,2.85769],[99.86045,2.85679],[99.85776,2.85949],[99.86313,2.85949],[99.86224,2.86219],[99.86851,2.86218],[99.87119,2.85858],[99.87119,2.86038],[99.87567,2.85948],[99.87209,2.86218],[99.87656,2.86218],[99.87746,2.86578],[99.88104,2.86577],[99.87835,2.85857],[99.88104,2.85767],[99.88193,2.85137],[99.88013,2.84957],[99.88192,2.84597],[99.88102,2.84327],[99.87655,2.84238],[99.87565,2.83788],[99.87028,2.83878],[99.87028,2.83338],[99.87386,2.83248],[99.87117,2.83248],[99.87206,2.82708],[99.86759,2.83158],[99.86848,2.82708],[99.8658,2.82708],[99.86491,2.83518],[99.86133,2.83429],[99.86043,2.83699],[99.85864,2.83699],[99.86043,2.83429],[99.85595,2.83159],[99.85596,2.83609],[99.85148,2.83609],[99.85327,2.83969],[99.85148,2.84239],[99.85507,2.84509],[99.85417,2.84869],[99.85776,2.84959],[99.85507,2.85049],[99.85508,2.85589],[99.86134,2.85589]],[[99.88103,2.85407],[99.88014,2.85317],[99.88103,2.85317],[99.88103,2.85407]],[[99.85776,2.84959],[99.85865,2.84779],[99.85865,2.84959],[99.85776,2.84959]],[[99.86492,2.85858],[99.86403,2.85949],[99.86403,2.85859],[99.86492,2.85858]],[[99.87119,2.85768],[99.86761,2.85768],[99.86671,2.85858],[99.8685,2.85588],[99.87119,2.85768]],[[99.87119,2.85678],[99.87298,2.85588],[99.87298,2.85678],[99.87119,2.85678]],[[99.88014,2.85587],[99.87924,2.85677],[99.87924,2.85587],[99.88014,2.85587]],[[99.86582,2.85498],[99.86492,2.85588],[99.86492,2.85498],[99.86582,2.85498]],[[99.85776,2.85409],[99.85597,2.85319],[99.85776,2.85319],[99.85776,2.85409]],[[99.86761,2.85408],[99.86671,2.85498],[99.86671,2.85408],[99.86761,2.85408]],[[99.87029,2.85318],[99.8694,2.85408],[99.8694,2.85318],[99.87029,2.85318]],[[99.86134,2.85229],[99.86044,2.85319],[99.86044,2.85229],[99.86134,2.85229]],[[99.86581,2.85048],[99.86492,2.85138],[99.86492,2.85048],[99.86581,2.85048]],[[99.87566,2.84778],[99.87476,2.84868],[99.87476,2.84778],[99.87566,2.84778]],[[99.88013,2.84597],[99.87924,2.84687],[99.87924,2.84597],[99.88013,2.84597]],[[99.86044,2.84509],[99.86133,2.84419],[99.86133,2.84509],[99.86044,2.84509]],[[99.86133,2.84419],[99.86312,2.84329],[99.86312,2.84419],[99.86133,2.84419]],[[99.86133,2.84329],[99.86044,2.84239],[99.86133,2.84239],[99.86133,2.84329]],[[99.85596,2.84149],[99.85507,2.84239],[99.85506,2.84149],[99.85596,2.84149]],[[99.8667,2.84148],[99.86581,2.84238],[99.86581,2.84148],[99.8667,2.84148]],[[99.87118,2.84148],[99.87028,2.84238],[99.87028,2.84148],[99.87118,2.84148]],[[99.86849,2.83968],[99.8676,2.84148],[99.8676,2.83968],[99.86849,2.83968]],[[99.86043,2.84059],[99.86133,2.83969],[99.86133,2.84059],[99.86043,2.84059]],[[99.86133,2.83969],[99.86491,2.83878],[99.86491,2.83968],[99.86133,2.83969]],[[99.86491,2.83878],[99.8667,2.83788],[99.8667,2.83878],[99.86491,2.83878]],[[99.8667,2.83608],[99.86938,2.83698],[99.86938,2.83788],[99.8667,2.83788],[99.8667,2.83608]],[[99.85775,2.83699],[99.85685,2.83789],[99.85685,2.83699],[99.85775,2.83699]],[[99.86849,2.83518],[99.8667,2.83428],[99.86669,2.83248],[99.86848,2.83248],[99.86849,2.83518]]],[[[99.87389,2.87658],[99.87031,2.87838],[99.87031,2.88018],[99.87389,2.87928],[99.87389,2.87658]]],[[[99.86583,2.87838],[99.86315,2.87839],[99.86226,2.88289],[99.86494,2.88199],[99.86583,2.87838]]],[[[99.85688,2.88019],[99.85957,2.88109],[99.85957,2.88289],[99.85689,2.88199],[99.85778,2.88469],[99.86226,2.88379],[99.86046,2.87929],[99.85688,2.88019]]],[[[99.87121,2.89098],[99.86763,2.88738],[99.87032,2.88648],[99.86852,2.88288],[99.86316,2.88739],[99.86495,2.89099],[99.86316,2.89459],[99.87121,2.89098]],[[99.86853,2.88828],[99.86853,2.89008],[99.86674,2.89008],[99.86674,2.88918],[99.86853,2.88828]]],[[[99.67161,2.92262],[99.67519,2.92352],[99.6725,2.92082],[99.67161,2.92262]]],[[[99.6878,3.04772],[99.6878,3.05132],[99.68959,3.05042],[99.6878,3.04772]]],[[[99.66631,3.05223],[99.66273,3.04954],[99.65467,3.05134],[99.66452,3.05494],[99.66631,3.05223]]],[[[99.68333,3.05582],[99.68332,3.05042],[99.67527,3.05223],[99.67796,3.05673],[99.67706,3.05943],[99.68333,3.05582]],[[99.67795,3.05313],[99.67885,3.05493],[99.67795,3.05493],[99.67795,3.05313]],[[99.68064,3.05223],[99.68153,3.05312],[99.68064,3.05313],[99.68064,3.05223]]],[[[99.67168,3.05043],[99.669,3.04953],[99.6681,3.05223],[99.66542,3.04953],[99.66811,3.05583],[99.66453,3.05944],[99.6708,3.06033],[99.6699,3.05853],[99.67258,3.05853],[99.67168,3.05043]]],[[[99.65647,3.05674],[99.65915,3.05764],[99.65915,3.05314],[99.65736,3.05314],[99.65647,3.05674]]],[[[99.68422,3.05492],[99.68422,3.05762],[99.6878,3.05492],[99.68422,3.05492]]],[[[99.69407,3.05852],[99.69317,3.05312],[99.69765,3.05221],[99.69586,3.04862],[99.69049,3.05402],[99.69318,3.05672],[99.68691,3.05762],[99.68512,3.06122],[99.68871,3.06662],[99.69407,3.05852]],[[99.68691,3.06032],[99.68781,3.06122],[99.68691,3.06122],[99.68691,3.06032]],[[99.6896,3.05942],[99.69049,3.06122],[99.6896,3.06122],[99.6896,3.05942]]],[[[99.64841,3.06215],[99.65289,3.06574],[99.65468,3.06124],[99.65289,3.05764],[99.65557,3.05764],[99.65557,3.05404],[99.6502,3.05494],[99.6502,3.05764],[99.6493,3.05494],[99.64572,3.05585],[99.64572,3.05855],[99.64751,3.05675],[99.64841,3.05945],[99.64573,3.06035],[99.64662,3.06395],[99.64394,3.06755],[99.64841,3.06215]]],[[[99.67886,3.06483],[99.68244,3.06482],[99.68244,3.06302],[99.67886,3.06303],[99.67886,3.06483]]],[[[99.67707,3.06753],[99.67797,3.07203],[99.67975,3.06753],[99.67707,3.06753]]],[[[99.65021,3.07025],[99.65289,3.06934],[99.65021,3.06845],[99.65021,3.07025]]],[[[99.68423,3.06752],[99.68513,3.07292],[99.68334,3.07473],[99.68602,3.07382],[99.68602,3.06932],[99.68423,3.06752]]],[[[99.67707,3.07383],[99.67886,3.07563],[99.67886,3.07293],[99.67707,3.07383]]],[[[99.65827,3.08014],[99.6511,3.07205],[99.64663,3.07295],[99.64753,3.07565],[99.65021,3.07385],[99.65021,3.08015],[99.65827,3.08014]]],[[[99.68692,3.07472],[99.68961,3.07922],[99.6914,3.07832],[99.68961,3.07382],[99.68692,3.07472]]],[[[99.65202,3.09905],[99.66456,3.10714],[99.66455,3.10264],[99.66276,3.10084],[99.66814,3.10264],[99.66903,3.09634],[99.6744,3.09903],[99.67261,3.09453],[99.67529,3.09453],[99.67619,3.09003],[99.67708,3.08013],[99.67349,3.08193],[99.6717,3.07833],[99.66902,3.08193],[99.66365,3.08194],[99.66275,3.07924],[99.66722,3.07654],[99.66543,3.07474],[99.66812,3.07473],[99.67169,3.06573],[99.66811,3.06483],[99.66811,3.06843],[99.66453,3.06934],[99.66363,3.06394],[99.66632,3.06304],[99.66363,3.06304],[99.66453,3.06124],[99.66005,3.05854],[99.65916,3.06124],[99.65557,3.05944],[99.65647,3.06484],[99.65289,3.06664],[99.6529,3.07294],[99.65648,3.07384],[99.66275,3.08464],[99.65917,3.08374],[99.66006,3.08104],[99.65559,3.08374],[99.6529,3.08104],[99.64932,3.08195],[99.64574,3.07925],[99.64484,3.07295],[99.64126,3.07295],[99.64305,3.07565],[99.64126,3.07925],[99.63768,3.07925],[99.64037,3.08285],[99.64574,3.08285],[99.64484,3.08465],[99.65649,3.08554],[99.65559,3.08734],[99.64395,3.08555],[99.64306,3.09005],[99.64664,3.09365],[99.65201,3.09455],[99.6547,3.09184],[99.6538,3.09365],[99.65739,3.09454],[99.65828,3.08824],[99.66096,3.08914],[99.66186,3.09544],[99.65828,3.09724],[99.6556,3.09544],[99.6556,3.09724],[99.65381,3.09725],[99.65381,3.09905],[99.65202,3.09905]],[[99.66366,3.10264],[99.66276,3.10354],[99.66276,3.10264],[99.66366,3.10264]],[[99.66365,3.08194],[99.66186,3.08284],[99.66186,3.08194],[99.66365,3.08194]],[[99.6708,3.06753],[99.6699,3.06663],[99.6708,3.06663],[99.6708,3.06753]],[[99.6699,3.06663],[99.66901,3.06573],[99.6699,3.06573],[99.6699,3.06663]],[[99.65468,3.06574],[99.65558,3.06664],[99.65468,3.06664],[99.65468,3.06574]],[[99.65917,3.08374],[99.65828,3.08464],[99.65827,3.08374],[99.65917,3.08374]],[[99.65827,3.08374],[99.65738,3.08284],[99.65827,3.08284],[99.65827,3.08374]],[[99.66634,3.09904],[99.66545,3.09994],[99.66545,3.09904],[99.66634,3.09904]],[[99.65649,3.09814],[99.6547,3.09905],[99.6547,3.09815],[99.65649,3.09814]],[[99.66634,3.09724],[99.66545,3.09814],[99.66545,3.09724],[99.66634,3.09724]],[[99.66455,3.09454],[99.66365,3.09634],[99.66276,3.09454],[99.66455,3.09454]],[[99.66634,3.09544],[99.66545,3.09634],[99.66544,3.09544],[99.66634,3.09544]],[[99.66992,3.09184],[99.66902,3.09274],[99.66902,3.09184],[99.66992,3.09184]],[[99.66992,3.09003],[99.66813,3.08914],[99.66992,3.08913],[99.66992,3.09003]],[[99.65559,3.08824],[99.6547,3.08914],[99.6547,3.08824],[99.65559,3.08824]],[[99.65738,3.08824],[99.65649,3.08914],[99.65649,3.08824],[99.65738,3.08824]],[[99.66186,3.08644],[99.66096,3.08734],[99.66096,3.08644],[99.66186,3.08644]],[[99.6726,3.08463],[99.66992,3.08553],[99.66992,3.08463],[99.6726,3.08463]],[[99.6717,3.08103],[99.67081,3.08193],[99.67081,3.08103],[99.6717,3.08103]],[[99.64126,3.08015],[99.64037,3.08105],[99.64037,3.08015],[99.64126,3.08015]],[[99.64305,3.07835],[99.64216,3.07925],[99.64215,3.07835],[99.64305,3.07835]],[[99.66454,3.07204],[99.66364,3.07294],[99.66364,3.07204],[99.66454,3.07204]],[[99.66274,3.06664],[99.66095,3.06754],[99.66095,3.06664],[99.66274,3.06664]],[[99.66095,3.06214],[99.66005,3.06304],[99.66005,3.06214],[99.66095,3.06214]],[[99.66274,3.06214],[99.66184,3.06304],[99.66184,3.06214],[99.66274,3.06214]]],[[[99.66097,3.09274],[99.65918,3.09544],[99.66007,3.09544],[99.66097,3.09274]]],[[[99.65112,3.09905],[99.65381,3.09725],[99.6547,3.09544],[99.65112,3.09545],[99.65112,3.09905]]],[[[99.6556,3.10895],[99.65381,3.10625],[99.65381,3.10895],[99.6556,3.10895]]],[[[99.67531,3.11343],[99.67262,3.11254],[99.66993,3.11434],[99.66994,3.11794],[99.67352,3.11703],[99.67262,3.11434],[99.67531,3.11343]]],[[[99.6574,3.11885],[99.65472,3.12065],[99.65382,3.11795],[99.64934,3.12155],[99.64935,3.12425],[99.65293,3.12425],[99.65651,3.12155],[99.65562,3.13235],[99.66099,3.13054],[99.6583,3.12695],[99.66099,3.12874],[99.66367,3.12694],[99.66098,3.11884],[99.66277,3.11434],[99.66635,3.11434],[99.66187,3.10624],[99.6565,3.10264],[99.6574,3.11885]],[[99.66277,3.10984],[99.66098,3.11074],[99.66098,3.10984],[99.66277,3.10984]],[[99.65829,3.11344],[99.65919,3.11434],[99.65829,3.11434],[99.65829,3.11344]],[[99.65203,3.12065],[99.65293,3.12155],[99.65203,3.12155],[99.65203,3.12065]],[[99.65829,3.10984],[99.65919,3.11074],[99.65829,3.11074],[99.65829,3.10984]],[[99.65739,3.10804],[99.65829,3.10894],[99.65739,3.10894],[99.65739,3.10804]]],[[[100.25583,1.48133],[100.2603,1.47953],[100.25673,1.47863],[100.25583,1.48133]]],[[[100.20147,1.78554],[100.20146,1.78104],[100.19968,1.78104],[100.19968,1.78464],[100.20147,1.78554]]],[[[100.08705,1.88911],[100.08973,1.89091],[100.08794,1.88551],[100.08705,1.88551],[100.08705,1.88911]]],[[[100.09331,1.88911],[100.09689,1.89271],[100.09778,1.89001],[100.09331,1.88911]]],[[[100.09063,1.89631],[100.09421,1.89721],[100.09421,1.89541],[100.09242,1.89631],[100.09063,1.89631]]],[[[100.08616,1.89901],[100.08526,1.89631],[100.08437,1.89631],[100.08348,1.89812],[100.08616,1.89901]]],[[[100.13627,1.93498],[100.13896,1.93498],[100.13627,1.93228],[100.13627,1.93498]]],[[[100.09961,1.9485],[100.09961,1.9512],[100.10051,1.9512],[100.10229,1.9476],[100.09961,1.9485]]],[[[100.11124,1.9521],[100.10766,1.953],[100.11124,1.953],[100.11124,1.9521]]],[[[100.11482,1.95209],[100.11213,1.9512],[100.11482,1.95479],[100.11482,1.95209]]],[[[100.10319,1.953],[100.10409,1.9566],[100.10498,1.9566],[100.10677,1.9521],[100.10319,1.953]]],[[[100.20249,1.97633],[100.2007,1.97363],[100.19891,1.97453],[100.19981,1.97813],[100.20607,1.97813],[100.20607,1.97633],[100.20249,1.97633]]],[[[100.19892,1.98353],[100.19624,1.98264],[100.19624,1.98534],[100.19982,1.98533],[100.19892,1.98083],[100.19623,1.98084],[100.19892,1.98353]]],[[[100.19535,1.99164],[100.20161,1.99163],[100.19982,1.98713],[100.19714,1.99074],[100.19535,1.98894],[100.19535,1.99164]],[[100.19892,1.98893],[100.19982,1.98983],[100.19892,1.98983],[100.19892,1.98893]]],[[[100.20698,1.99883],[100.20697,1.98893],[100.20161,1.98893],[100.2034,1.99523],[100.19803,1.99613],[100.19804,1.99793],[100.20698,1.99883]]],[[[100.11307,2.01059],[100.11396,2.01149],[100.11754,2.01059],[100.11307,2.01059]]],[[[100.07286,2.07722],[100.07554,2.07902],[100.07644,2.07632],[100.07286,2.07722]]],[[[100.07107,2.07722],[100.07107,2.07902],[100.07286,2.07992],[100.07286,2.07812],[100.07107,2.07722]]],[[[100.07018,2.07992],[100.0657,2.08083],[100.06571,2.08263],[100.07018,2.07992]]],[[[100.09165,2.08441],[100.09612,2.0844],[100.09701,2.0817],[100.09523,2.0835],[100.09165,2.08441]]],[[[100.07644,2.08712],[100.07555,2.08532],[100.07376,2.08532],[100.07644,2.08712]]],[[[100.27238,2.13017],[100.26881,2.13377],[100.27417,2.13377],[100.27238,2.13017]]],[[[100.2706,2.13647],[100.27239,2.13827],[100.27239,2.13647],[100.2706,2.13647]]],[[[100.31717,2.20662],[100.31806,2.20212],[100.31538,2.20302],[100.31449,2.20122],[100.31449,2.20662],[100.31717,2.20662]],[[100.31628,2.20482],[100.31538,2.20392],[100.31628,2.20392],[100.31628,2.20482]]],[[[100.32343,2.20392],[100.32522,2.20571],[100.32522,2.20211],[100.32164,2.20212],[100.32164,2.20392],[100.31985,2.20212],[100.31986,2.20842],[100.32523,2.20841],[100.32343,2.20392]],[[100.32075,2.20482],[100.32165,2.20572],[100.32075,2.20572],[100.32075,2.20482]]],[[[100.31449,2.21202],[100.31628,2.20932],[100.31539,2.20932],[100.31449,2.21202]]],[[[100.32255,2.21382],[100.32523,2.20931],[100.31628,2.20842],[100.31807,2.21202],[100.32165,2.21022],[100.32255,2.21382]],[[100.31807,2.21112],[100.31897,2.21022],[100.31897,2.21112],[100.31807,2.21112]]],[[[100.31271,2.21382],[100.3145,2.21652],[100.31628,2.21292],[100.31271,2.21382]]],[[[100.30824,2.21923],[100.30824,2.21563],[100.30913,2.21833],[100.31182,2.21653],[100.31181,2.21203],[100.30465,2.21113],[100.30287,2.21563],[100.30555,2.21653],[100.30377,2.21833],[100.30645,2.21923],[100.30734,2.21743],[100.30824,2.21923]],[[100.30734,2.21563],[100.30645,2.21383],[100.30734,2.21383],[100.30734,2.21563]],[[100.30734,2.21383],[100.30823,2.21293],[100.30823,2.21383],[100.30734,2.21383]],[[100.31002,2.21473],[100.31092,2.21563],[100.31003,2.21563],[100.31002,2.21473]]],[[[100.31807,2.21292],[100.31897,2.21562],[100.31539,2.21652],[100.31987,2.21652],[100.32076,2.21472],[100.32076,2.21922],[100.32255,2.22012],[100.32165,2.21382],[100.31807,2.21292]]],[[[100.21437,2.2931],[100.21436,2.2859],[100.21347,2.28591],[100.21348,2.294],[100.21527,2.2994],[100.21616,2.2922],[100.21437,2.2931]]],[[[100.2153,2.339],[100.21888,2.339],[100.21888,2.3381],[100.2162,2.3363],[100.2153,2.339]]],[[[100.04894,2.40304],[100.04715,2.40124],[100.04715,2.40304],[100.04894,2.40304]]],[[[100.14561,2.45515],[100.1483,2.45695],[100.1483,2.45515],[100.14561,2.45515]]],[[[100.15725,2.45604],[100.15546,2.45965],[100.15725,2.45964],[100.15725,2.45604]]],[[[100.17341,2.51543],[100.16803,2.51363],[100.16983,2.51813],[100.17341,2.51543]]],[[[100.16446,2.51814],[100.16267,2.51904],[100.16357,2.52174],[100.16446,2.52174],[100.16446,2.51814]]],[[[100.16804,2.52173],[100.16804,2.51993],[100.16893,2.51903],[100.16714,2.51903],[100.16804,2.52173]]],[[[100.13147,2.64956],[100.13236,2.64686],[100.12968,2.64686],[100.12968,2.64866],[100.13147,2.64956]]],[[[100.13236,2.65046],[100.12789,2.65136],[100.13236,2.65136],[100.13236,2.65046]]],[[[100.06526,2.66582],[100.06615,2.66762],[100.06615,2.66402],[100.06257,2.66402],[100.06257,2.66672],[100.06526,2.66582]]],[[[100.04381,2.70634],[100.04739,2.70633],[100.04739,2.70453],[100.04471,2.70454],[100.04381,2.70634]]],[[[100.04829,2.71263],[100.04919,2.70993],[100.04561,2.70994],[100.0465,2.71173],[100.04829,2.71263]]],[[[100.03757,2.73064],[100.04294,2.72884],[100.03667,2.72884],[100.03757,2.73064]]]]}}]}