{"type":"FeatureCollection","features":[{"type":"Feature","properties":{"flood_val":1,"fase":"fase1","luas_m2":27409402.03601659,"luas_km2":27.40940203601659},"geometry":{"type":"MultiPolygon","coordinates":[[[[100.02716,-2.84935],[100.02894,-2.84665],[100.02895,-2.85025],[100.02716,-2.84935]]],[[[100.02535,-2.83765],[100.02446,-2.84395],[100.02984,-2.84395],[100.02984,-2.84665],[100.0173,-2.84576],[100.0173,-2.84306],[100.02267,-2.84305],[100.02088,-2.83765],[100.02535,-2.83765]]],[[[100.03521,-2.84214],[100.03342,-2.84034],[100.03341,-2.83854],[100.037,-2.84034],[100.03521,-2.84214]]],[[[100.07908,-2.8322],[100.07639,-2.8304],[100.07729,-2.8277],[100.07908,-2.8286],[100.07908,-2.8322]],[[100.07729,-2.8304],[100.07818,-2.8295],[100.07729,-2.8295],[100.07729,-2.8304]]],[[[100.13866,-0.62157],[100.13955,-0.61707],[100.14045,-0.62157],[100.13866,-0.62157]]],[[[100.12792,-0.60807],[100.12703,-0.60446],[100.12971,-0.60536],[100.12792,-0.60807]]],[[[100.11719,-0.59276],[100.12076,-0.59276],[100.12166,-0.59186],[100.12166,-0.59366],[100.11719,-0.59276]]],[[[100.12434,-0.59006],[100.12255,-0.59276],[100.12345,-0.59006],[100.12434,-0.59006]]],[[[100.10913,-0.57475],[100.10466,-0.57566],[100.10555,-0.57115],[100.10913,-0.57205],[100.10913,-0.57475]]],[[[99.97135,-0.33525],[99.96509,-0.33525],[99.96509,-0.33435],[99.97045,-0.33345],[99.97135,-0.33525]]],[[[99.95793,-0.33435],[99.95614,-0.33165],[99.96061,-0.32805],[99.96061,-0.33345],[99.95793,-0.33435]]],[[[99.94988,-0.31724],[99.94988,-0.31364],[99.95256,-0.31364],[99.95167,-0.31724],[99.94988,-0.31724]]],[[[99.89263,-0.30554],[99.89353,-0.30734],[99.89442,-0.30554],[99.89531,-0.30734],[99.89979,-0.30644],[99.89979,-0.30824],[99.88995,-0.31094],[99.88458,-0.30734],[99.88816,-0.30554],[99.89084,-0.30914],[99.89263,-0.30554]]],[[[99.90694,-0.30284],[99.90158,-0.30374],[99.90158,-0.30104],[99.90605,-0.29923],[99.90694,-0.30284]]],[[[99.88547,-0.27762],[99.88547,-0.27312],[99.88905,-0.27222],[99.88905,-0.27672],[99.88547,-0.27762]],[[99.88637,-0.27492],[99.88816,-0.27402],[99.88637,-0.27402],[99.88637,-0.27492]]],[[[100.01874,-0.15515],[100.01516,-0.15425],[100.01516,-0.15155],[100.01964,-0.15245],[100.01874,-0.15515]]],[[[99.78886,-0.14525],[99.79244,-0.14165],[99.79244,-0.14795],[99.79154,-0.14525],[99.78886,-0.14525]]],[[[99.8962,-0.10472],[99.89799,-0.10652],[99.8962,-0.10652],[99.8962,-0.10472]]],[[[99.91409,-0.09842],[99.91409,-0.10382],[99.90962,-0.10472],[99.89799,-0.10472],[99.89799,-0.10112],[99.90335,-0.09302],[99.90693,-0.09392],[99.90693,-0.09752],[99.91051,-0.09662],[99.9123,-0.10022],[99.91409,-0.09842]],[[99.90693,-0.09752],[99.90604,-0.09842],[99.90693,-0.09842],[99.90693,-0.09752]],[[99.90604,-0.09662],[99.90335,-0.09572],[99.90335,-0.09752],[99.90514,-0.09842],[99.90604,-0.09662]],[[99.9114,-0.09932],[99.91051,-0.10022],[99.9114,-0.10022],[99.9114,-0.09932]],[[99.90783,-0.09932],[99.90872,-0.09842],[99.90783,-0.09842],[99.90783,-0.09932]],[[99.90783,-0.09932],[99.90693,-0.10022],[99.90783,-0.10022],[99.90783,-0.09932]],[[99.90425,-0.10022],[99.90246,-0.09932],[99.90246,-0.10022],[99.90425,-0.10022]],[[99.90425,-0.10022],[99.90604,-0.10112],[99.90604,-0.10022],[99.90425,-0.10022]],[[99.89978,-0.10112],[99.90067,-0.10202],[99.90067,-0.10112],[99.89978,-0.10112]],[[99.91051,-0.10112],[99.9123,-0.10292],[99.9123,-0.10112],[99.91051,-0.10112]],[[99.90335,-0.10202],[99.90425,-0.10292],[99.90425,-0.10202],[99.90335,-0.10202]],[[99.90693,-0.10202],[99.90783,-0.10292],[99.90783,-0.10202],[99.90693,-0.10202]]],[[[100.13949,0.17532],[100.14128,0.17802],[100.14218,0.17622],[100.13949,0.17532]]],[[[99.49277,0.18616],[99.49277,0.18976],[99.49635,0.19246],[99.49635,0.18706],[99.49277,0.18616]]],[[[99.55986,0.24559],[99.56255,0.24469],[99.55986,0.24289],[99.55986,0.24559]]],[[[100.10194,0.29418],[100.09836,0.29779],[100.10104,0.29779],[100.10194,0.29418]]],[[[100.08226,0.3113],[100.07958,0.3122],[100.08047,0.314],[100.08226,0.3131],[100.08226,0.3113]]],[[[100.07958,0.3122],[100.07689,0.3113],[100.07779,0.3167],[100.08137,0.3167],[100.07779,0.3131],[100.07958,0.3122]]],[[[100.10999,0.36892],[100.1091,0.37162],[100.11268,0.37252],[100.11357,0.37072],[100.10999,0.36892]]],[[[99.3729,0.37349],[99.37469,0.37169],[99.3729,0.37078],[99.3729,0.37349]]],[[[99.37111,0.38609],[99.36932,0.38249],[99.37111,0.38249],[99.37558,0.387],[99.37469,0.37979],[99.37648,0.37889],[99.37201,0.37619],[99.37201,0.37078],[99.36753,0.36988],[99.37022,0.37439],[99.36485,0.37709],[99.36664,0.38159],[99.36395,0.37889],[99.36395,0.38249],[99.37111,0.38609]],[[99.36932,0.37259],[99.37022,0.37169],[99.37022,0.37259],[99.36932,0.37259]],[[99.36932,0.37619],[99.37022,0.37709],[99.36932,0.37709],[99.36932,0.37619]],[[99.37022,0.37619],[99.37111,0.37529],[99.37111,0.37619],[99.37022,0.37619]],[[99.36843,0.38339],[99.36753,0.38249],[99.36843,0.38159],[99.36843,0.38339]],[[99.3729,0.38069],[99.37201,0.37979],[99.3729,0.37979],[99.3729,0.38069]],[[99.36843,0.37979],[99.36753,0.37889],[99.36843,0.37889],[99.36843,0.37979]]],[[[99.37648,0.38519],[99.37827,0.38429],[99.37827,0.38249],[99.37558,0.38249],[99.37648,0.38519]]],[[[99.38095,0.3915],[99.38006,0.3933],[99.38364,0.396],[99.38453,0.3942],[99.38095,0.3915]]],[[[100.03934,0.41215],[100.03934,0.40765],[100.03486,0.40855],[100.03665,0.41305],[100.03934,0.41215]],[[100.03755,0.40855],[100.03844,0.40945],[100.03755,0.40945],[100.03755,0.40855]],[[100.03755,0.41125],[100.03844,0.41035],[100.03844,0.41125],[100.03755,0.41125]]],[[[99.44268,0.41131],[99.44626,0.41221],[99.44626,0.40951],[99.44447,0.40861],[99.44268,0.41131]]],[[[100.04381,0.41305],[100.03934,0.41395],[100.03934,0.41575],[100.04381,0.41305]]],[[[100.10195,0.41575],[100.10016,0.41755],[100.10285,0.41935],[100.10195,0.41755],[100.10195,0.41575]]],[[[100.24066,-0.744],[100.23708,-0.7404],[100.23976,-0.7395],[100.24066,-0.744]]],[[[100.2344,-0.7404],[100.23619,-0.7422],[100.2344,-0.7422],[100.2344,-0.7404]]],[[[100.22902,-0.70529],[100.22813,-0.70799],[100.22544,-0.70709],[100.22544,-0.70529],[100.22902,-0.70529]]],[[[100.19771,-0.69449],[100.19771,-0.69719],[100.19682,-0.69719],[100.19592,-0.69539],[100.19771,-0.69449]]],[[[100.19234,-0.68009],[100.19055,-0.68549],[100.19234,-0.68549],[100.19234,-0.69089],[100.18876,-0.68459],[100.18876,-0.68189],[100.19234,-0.68009]]],[[[100.26837,-0.68637],[100.27105,-0.68367],[100.27284,-0.68547],[100.26837,-0.68637]]],[[[100.19234,-0.67378],[100.19502,-0.67558],[100.19234,-0.67558],[100.19234,-0.67378]]],[[[100.263,-0.67647],[100.26211,-0.67197],[100.26568,-0.67196],[100.26568,-0.67557],[100.263,-0.67647]]],[[[100.17892,-0.67199],[100.17892,-0.66658],[100.1816,-0.66748],[100.17892,-0.67199]],[[100.18071,-0.66748],[100.17982,-0.66838],[100.18071,-0.66838],[100.18071,-0.66748]]],[[[100.26658,-0.66926],[100.26389,-0.66836],[100.26479,-0.66656],[100.26658,-0.66656],[100.26658,-0.66926]]],[[[100.27105,-0.66386],[100.26747,-0.66746],[100.26658,-0.66566],[100.27105,-0.66386]]],[[[100.27999,-0.66296],[100.28178,-0.66566],[100.27999,-0.66656],[100.27999,-0.66296]]],[[[100.27105,-0.66386],[100.27284,-0.66206],[100.27284,-0.66386],[100.27105,-0.66386]]],[[[100.2952,-0.66295],[100.29162,-0.66115],[100.29341,-0.66025],[100.2952,-0.66295]]],[[[100.27552,-0.65936],[100.27373,-0.66206],[100.27284,-0.66206],[100.27284,-0.65936],[100.27552,-0.65936]]],[[[100.17087,-0.65848],[100.16818,-0.65758],[100.16729,-0.66028],[100.16729,-0.65668],[100.17087,-0.65668],[100.17087,-0.65848]]],[[[100.15119,-0.65218],[100.1494,-0.65398],[100.14851,-0.65218],[100.15119,-0.65218]]],[[[100.20307,-0.65037],[100.20038,-0.65307],[100.20307,-0.64857],[100.20307,-0.65037]]],[[[100.28446,-0.64675],[100.28178,-0.64495],[100.28446,-0.64585],[100.28446,-0.64675]]],[[[100.28535,-0.64585],[100.28446,-0.64225],[100.28625,-0.64225],[100.28535,-0.64585]]],[[[100.25763,-0.64225],[100.2621,-0.64045],[100.2621,-0.64315],[100.2612,-0.64135],[100.25763,-0.64225]]],[[[100.29161,-0.63414],[100.29251,-0.63684],[100.29161,-0.63684],[100.29161,-0.63414]]],[[[100.14671,-0.61256],[100.1476,-0.61617],[100.14403,-0.61797],[100.14402,-0.61527],[100.14671,-0.61256]]],[[[100.27908,-0.59002],[100.27729,-0.58732],[100.27908,-0.58552],[100.27908,-0.59002]]],[[[100.15917,0.15371],[100.15738,0.15641],[100.16185,0.15371],[100.15917,0.15371]]],[[[100.56292,-1.31288],[100.56381,-1.31018],[100.56739,-1.30838],[100.56471,-1.31288],[100.56292,-1.31288]]],[[[100.55755,-1.30568],[100.55307,-1.30298],[100.55844,-1.30298],[100.55755,-1.30568]]],[[[100.55665,-1.29938],[100.55844,-1.30208],[100.55576,-1.30118],[100.55665,-1.29938]]],[[[100.57095,-1.27956],[100.56737,-1.28227],[100.56737,-1.27867],[100.56827,-1.28047],[100.57095,-1.27956]]],[[[100.55395,-1.26607],[100.54769,-1.26878],[100.54947,-1.26427],[100.55395,-1.26607]]],[[[100.53247,-1.25258],[100.53515,-1.25078],[100.53694,-1.25348],[100.53426,-1.25438],[100.53247,-1.25258]]],[[[100.53515,-1.24988],[100.53962,-1.25077],[100.53963,-1.25167],[100.53694,-1.25258],[100.53515,-1.24988]]],[[[100.54231,-1.24987],[100.53962,-1.25077],[100.54052,-1.24717],[100.5432,-1.24627],[100.54231,-1.24987]]],[[[100.54945,-1.22106],[100.54676,-1.22286],[100.54497,-1.22106],[100.54945,-1.22106]]],[[[100.55571,-1.21835],[100.55302,-1.21656],[100.5566,-1.21565],[100.55571,-1.21835]]],[[[100.42502,-1.02125],[100.42591,-1.02395],[100.42323,-1.02576],[100.42323,-1.02215],[100.42502,-1.02125]]],[[[100.38651,-0.90873],[100.38561,-0.90692],[100.37756,-0.90693],[100.37935,-0.90243],[100.38293,-0.90513],[100.38382,-0.90332],[100.38919,-0.90512],[100.38651,-0.90873]],[[100.38561,-0.90422],[100.38472,-0.90512],[100.38561,-0.90512],[100.38561,-0.90422]]],[[[100.38024,-0.89162],[100.38382,-0.88892],[100.38382,-0.89252],[100.38024,-0.89162]]],[[[100.41423,-0.88531],[100.40886,-0.88621],[100.40886,-0.88531],[100.41423,-0.88531]]],[[[100.35698,-0.86462],[100.35876,-0.86192],[100.36055,-0.86192],[100.35876,-0.86552],[100.35698,-0.86462]]],[[[100.35429,-0.86552],[100.35161,-0.86552],[100.35161,-0.86282],[100.35608,-0.86012],[100.35429,-0.86552]]],[[[100.34445,-0.84842],[100.33819,-0.85112],[100.34266,-0.84572],[100.34445,-0.84842]]],[[[100.3364,-0.84662],[100.3355,-0.84842],[100.33729,-0.84842],[100.33729,-0.84482],[100.34087,-0.84572],[100.34087,-0.84752],[100.33819,-0.84932],[100.33282,-0.84842],[100.3364,-0.84662]],[[100.33997,-0.84752],[100.33908,-0.84662],[100.33908,-0.84752],[100.33997,-0.84752]]],[[[100.33908,-0.84392],[100.33729,-0.84122],[100.33997,-0.84212],[100.33908,-0.84392]]],[[[100.33191,-0.7917],[100.33727,-0.79079],[100.33727,-0.7944],[100.3328,-0.7944],[100.33191,-0.7917]],[[100.33638,-0.7926],[100.33548,-0.7935],[100.33638,-0.7935],[100.33638,-0.7926]]],[[[100.30682,-0.65305],[100.30682,-0.65034],[100.30951,-0.65124],[100.30951,-0.65304],[100.30682,-0.65305]]],[[[100.30771,-0.64494],[100.3104,-0.63954],[100.3095,-0.64494],[100.30771,-0.64494]]],[[[100.33544,-0.62873],[100.33454,-0.62693],[100.33812,-0.62332],[100.33901,-0.62693],[100.33544,-0.62873]]],[[[100.53485,-0.50803],[100.53843,-0.50803],[100.53843,-0.50983],[100.53574,-0.51073],[100.53485,-0.50803]]],[[[100.52143,-0.49093],[100.52054,-0.49363],[100.51785,-0.49363],[100.51785,-0.49183],[100.52143,-0.49093]]],[[[100.51785,-0.48013],[100.51964,-0.48373],[100.51696,-0.48463],[100.51785,-0.48193],[100.51427,-0.48103],[100.51785,-0.48013]]],[[[100.41676,-0.26857],[100.41765,-0.26407],[100.42123,-0.26497],[100.42123,-0.26677],[100.41676,-0.26857]]],[[[100.41228,-0.26317],[100.41228,-0.26137],[100.41407,-0.26046],[100.41318,-0.26407],[100.4105,-0.26407],[100.4105,-0.26227],[100.41228,-0.26317]]],[[[100.39708,-0.26407],[100.3944,-0.26227],[100.39798,-0.25867],[100.39887,-0.26047],[100.39708,-0.26407]]],[[[100.42122,-0.23255],[100.42212,-0.22985],[100.4248,-0.22895],[100.42122,-0.23255]]],[[[100.43553,-0.21995],[100.43017,-0.22535],[100.43017,-0.22265],[100.43553,-0.21995]]],[[[100.40691,-0.20644],[100.40244,-0.20735],[100.40244,-0.20554],[100.40691,-0.20644]]],[[[100.41764,-0.20014],[100.41228,-0.19924],[100.41228,-0.19834],[100.41407,-0.19654],[100.41854,-0.19744],[100.41764,-0.20014]]],[[[100.65617,-1.6171],[100.65527,-1.6198],[100.65259,-1.6198],[100.65438,-1.6171],[100.65617,-1.6171]]],[[[100.65706,-1.6171],[100.65706,-1.6153],[100.65974,-1.6162],[100.65975,-1.618],[100.65706,-1.618],[100.65706,-1.6171]]],[[[100.64901,-1.61351],[100.65259,-1.6144],[100.64901,-1.61621],[100.64901,-1.61351]]],[[[100.65793,-1.58919],[100.65793,-1.58559],[100.6633,-1.58739],[100.6633,-1.58559],[100.66956,-1.58558],[100.67045,-1.58378],[100.66867,-1.59098],[100.6633,-1.58829],[100.66152,-1.59369],[100.65526,-1.5973],[100.65257,-1.5955],[100.65256,-1.58649],[100.65793,-1.58919]],[[100.66151,-1.59099],[100.66062,-1.58919],[100.66062,-1.59099],[100.66151,-1.59099]],[[100.65346,-1.5901],[100.65436,-1.5928],[100.65525,-1.59009],[100.65346,-1.5901]],[[100.66688,-1.58558],[100.66598,-1.58648],[100.66688,-1.58648],[100.66688,-1.58558]],[[100.65793,-1.59009],[100.65615,-1.59099],[100.65794,-1.59099],[100.65793,-1.59009]],[[100.65794,-1.59189],[100.65704,-1.59279],[100.65794,-1.59279],[100.65794,-1.59189]],[[100.66062,-1.59189],[100.65973,-1.59279],[100.66062,-1.59279],[100.66062,-1.59189]]],[[[100.67404,-1.58918],[100.67672,-1.58558],[100.67672,-1.58918],[100.67404,-1.58918]]],[[[100.67314,-1.58198],[100.67493,-1.58558],[100.67314,-1.58558],[100.67314,-1.58198]]],[[[100.67135,-1.58378],[100.66956,-1.58108],[100.67045,-1.57838],[100.67224,-1.58108],[100.67135,-1.58378]]],[[[100.67224,-1.57748],[100.67402,-1.57387],[100.67581,-1.57387],[100.67403,-1.57838],[100.67224,-1.57748]]],[[[100.64181,-1.5568],[100.63822,-1.5523],[100.64359,-1.55229],[100.64091,-1.5541],[100.64181,-1.5568]]],[[[100.64538,-1.55229],[100.64448,-1.54959],[100.64627,-1.54959],[100.64538,-1.55229]]],[[[100.64896,-1.55139],[100.64627,-1.54869],[100.64896,-1.54869],[100.64896,-1.55139]]],[[[100.64359,-1.54689],[100.63822,-1.5514],[100.63554,-1.5469],[100.63912,-1.5478],[100.6418,-1.54509],[100.64091,-1.54779],[100.64359,-1.54689]]],[[[100.63733,-1.5469],[100.63911,-1.54509],[100.63912,-1.54689],[100.63733,-1.5469]]],[[[100.6015,-1.48391],[100.59881,-1.48121],[100.6015,-1.4812],[100.6015,-1.48391]]],[[[100.59433,-1.4632],[100.59164,-1.46321],[100.59254,-1.4605],[100.59432,-1.4605],[100.59433,-1.4632]]],[[[100.59164,-1.4542],[100.58717,-1.45601],[100.58448,-1.45241],[100.59074,-1.4515],[100.59164,-1.4542]]],[[[100.63368,-1.45057],[100.63636,-1.45057],[100.63636,-1.45327],[100.63457,-1.45237],[100.63368,-1.45057]]],[[[100.6301,-1.45238],[100.62652,-1.44788],[100.63367,-1.44787],[100.63368,-1.45057],[100.6301,-1.45238]]],[[[100.59879,-1.4461],[100.59789,-1.4488],[100.59521,-1.4497],[100.59789,-1.4425],[100.59879,-1.4461]]],[[[100.59342,-1.4398],[100.5961,-1.4416],[100.59431,-1.4416],[100.59342,-1.4398]]],[[[100.60057,-1.43889],[100.5961,-1.4407],[100.59699,-1.43529],[100.60057,-1.43889]]],[[[100.64082,-1.42896],[100.63992,-1.42626],[100.64171,-1.42716],[100.64082,-1.42896]]],[[[100.63724,-1.42626],[100.63724,-1.43076],[100.63456,-1.42987],[100.63366,-1.42627],[100.63545,-1.42716],[100.63813,-1.42446],[100.63723,-1.42176],[100.63992,-1.42176],[100.64081,-1.42446],[100.63724,-1.42626]],[[100.63992,-1.42266],[100.63902,-1.42356],[100.63992,-1.42356],[100.63992,-1.42266]]],[[[100.57544,-1.31827],[100.57097,-1.31738],[100.57008,-1.31918],[100.5656,-1.31558],[100.56739,-1.31198],[100.57186,-1.31467],[100.56828,-1.31108],[100.57007,-1.30837],[100.57186,-1.30837],[100.57186,-1.31197],[100.57544,-1.31107],[100.57544,-1.31827]],[[100.57276,-1.31377],[100.57365,-1.31557],[100.57365,-1.31377],[100.57276,-1.31377]]],[[[100.58526,-1.28046],[100.58615,-1.27685],[100.58794,-1.27595],[100.58884,-1.28045],[100.58526,-1.28046]]],[[[100.5781,-1.26966],[100.57541,-1.26696],[100.5781,-1.26786],[100.5781,-1.26966]]],[[[100.56557,-1.26786],[100.57004,-1.26246],[100.56826,-1.26516],[100.57362,-1.26606],[100.57542,-1.27056],[100.57273,-1.26876],[100.57005,-1.27056],[100.56915,-1.26786],[100.56557,-1.26786]],[[100.57005,-1.26876],[100.57094,-1.26696],[100.57005,-1.26696],[100.57005,-1.26876]]],[[[100.64676,-0.8636],[100.64497,-0.8609],[100.64675,-0.8609],[100.64676,-0.8636]]],[[[100.7977,-1.82402],[100.80038,-1.82402],[100.79949,-1.82672],[100.7977,-1.82672],[100.7977,-1.82402]]],[[[100.79053,-1.81412],[100.78695,-1.81413],[100.78337,-1.81053],[100.78695,-1.80873],[100.79053,-1.81412]]],[[[100.78426,-1.80423],[100.78695,-1.80693],[100.78516,-1.80693],[100.78426,-1.80423]]],[[[100.78426,-1.80423],[100.78247,-1.80153],[100.78426,-1.80153],[100.78426,-1.80423]]],[[[100.79051,-1.78982],[100.79319,-1.78622],[100.79409,-1.79072],[100.79051,-1.78982]]],[[[100.78155,-1.77362],[100.78423,-1.76822],[100.79049,-1.76731],[100.78334,-1.77452],[100.78155,-1.77362]],[[100.78423,-1.77272],[100.78333,-1.77182],[100.78333,-1.77272],[100.78423,-1.77272]]],[[[100.75649,-1.76105],[100.7538,-1.75925],[100.7538,-1.75655],[100.75648,-1.75745],[100.75649,-1.76105]]],[[[100.8021,-1.7547],[100.80479,-1.7556],[100.80479,-1.7565],[100.80211,-1.7565],[100.8021,-1.7547]]],[[[100.80747,-1.7556],[100.80479,-1.7556],[100.80478,-1.752],[100.80836,-1.75019],[100.80747,-1.7556]]],[[[100.75647,-1.74304],[100.75647,-1.74484],[100.75468,-1.74574],[100.75379,-1.74394],[100.75647,-1.74304]]],[[[100.75198,-1.73044],[100.75109,-1.72774],[100.75556,-1.72864],[100.75556,-1.73044],[100.75198,-1.73044]]],[[[100.74125,-1.72595],[100.74482,-1.72685],[100.74125,-1.72685],[100.74125,-1.72595]]],[[[100.75735,-1.72324],[100.75466,-1.72054],[100.75645,-1.71964],[100.75735,-1.72324]]],[[[100.75644,-1.70974],[100.75644,-1.70613],[100.76001,-1.70613],[100.75733,-1.70883],[100.76002,-1.70973],[100.75644,-1.70974]]],[[[100.75017,-1.70614],[100.75286,-1.70794],[100.75107,-1.70884],[100.75017,-1.70614]]],[[[100.78327,-1.70791],[100.78596,-1.70611],[100.78596,-1.70791],[100.78327,-1.70791]]],[[[100.73765,-1.70795],[100.74033,-1.70525],[100.73944,-1.70795],[100.73765,-1.70795]]],[[[100.78685,-1.70341],[100.78685,-1.70611],[100.78417,-1.70521],[100.78417,-1.70431],[100.78685,-1.70341]]],[[[100.75464,-1.70163],[100.75554,-1.69983],[100.76001,-1.70073],[100.75733,-1.70343],[100.75464,-1.70163]]],[[[100.73138,-1.70076],[100.7287,-1.70076],[100.72869,-1.69626],[100.73048,-1.69626],[100.73138,-1.70076]]],[[[100.74927,-1.69354],[100.75285,-1.69444],[100.75285,-1.69624],[100.74837,-1.69534],[100.74927,-1.69354]]],[[[100.73406,-1.69175],[100.73585,-1.69265],[100.73496,-1.69535],[100.72958,-1.69086],[100.73495,-1.68635],[100.73406,-1.69175]]],[[[100.743,-1.69084],[100.73764,-1.69445],[100.73674,-1.69265],[100.74032,-1.68905],[100.73674,-1.68635],[100.7421,-1.68544],[100.743,-1.69084]]],[[[100.73763,-1.68455],[100.73584,-1.68185],[100.73852,-1.68185],[100.73763,-1.68455]]],[[[100.717,-1.62065],[100.71342,-1.62155],[100.71342,-1.61615],[100.7161,-1.61615],[100.717,-1.61885],[100.71521,-1.61975],[100.717,-1.62065]]],[[[100.68837,-1.61257],[100.6839,-1.61798],[100.683,-1.61258],[100.68837,-1.61257]]],[[[100.70804,-1.60805],[100.70626,-1.60806],[100.70537,-1.61526],[100.70268,-1.61526],[100.70269,-1.61796],[100.69821,-1.61617],[100.7,-1.61526],[100.69821,-1.61076],[100.70089,-1.60986],[100.70089,-1.61346],[100.70447,-1.61256],[100.70268,-1.61076],[100.70446,-1.60536],[100.70715,-1.60535],[100.70804,-1.60805]]],[[[100.67492,-1.57747],[100.67761,-1.57927],[100.67761,-1.58197],[100.67492,-1.57747]]],[[[100.68565,-1.57206],[100.68565,-1.56846],[100.68833,-1.56666],[100.68833,-1.57206],[100.68655,-1.57476],[100.68386,-1.57387],[100.6785,-1.57927],[100.67671,-1.57837],[100.67671,-1.57387],[100.68565,-1.57206]],[[100.6785,-1.57477],[100.6776,-1.57747],[100.6785,-1.57747],[100.6785,-1.57477]],[[100.68654,-1.57026],[100.68744,-1.57116],[100.68744,-1.57026],[100.68654,-1.57026]]],[[[100.92715,-2.34594],[100.92895,-2.35224],[100.92447,-2.35135],[100.92358,-2.34865],[100.91821,-2.34955],[100.92715,-2.34594]],[[100.92626,-2.34774],[100.92537,-2.34864],[100.92626,-2.34864],[100.92626,-2.34774]]],[[[100.91192,-2.33156],[100.91193,-2.33606],[100.91461,-2.33336],[100.9164,-2.33425],[100.91551,-2.34146],[100.91193,-2.33696],[100.91014,-2.33876],[100.90924,-2.33516],[100.90656,-2.33517],[100.90655,-2.32887],[100.91192,-2.33156]],[[100.90834,-2.33337],[100.90924,-2.33246],[100.90834,-2.33247],[100.90834,-2.33337]],[[100.90834,-2.33337],[100.90745,-2.33427],[100.90834,-2.33427],[100.90834,-2.33337]]],[[[100.87743,-1.93465],[100.8819,-1.93195],[100.88102,-1.93915],[100.88012,-1.93555],[100.87743,-1.93465]]],[[[100.85593,-1.89957],[100.85413,-1.89597],[100.85592,-1.89597],[100.85593,-1.89957]]],[[[100.84248,-1.87258],[100.8398,-1.87438],[100.8389,-1.87078],[100.84248,-1.87258]]],[[[100.84516,-1.86988],[100.84247,-1.86718],[100.84426,-1.86718],[100.84516,-1.86988]]],[[[100.83621,-1.86809],[100.83979,-1.86808],[100.83979,-1.86628],[100.84158,-1.86538],[100.84069,-1.86898],[100.83621,-1.86809]]],[[[100.85768,-1.86716],[100.86036,-1.86536],[100.86126,-1.86446],[100.86036,-1.86716],[100.85768,-1.86716]]],[[[100.838,-1.86358],[100.83979,-1.86628],[100.838,-1.86628],[100.838,-1.86358]]],[[[100.83173,-1.86359],[100.83442,-1.86179],[100.83532,-1.86719],[100.83352,-1.86359],[100.83173,-1.86359]]],[[[100.84067,-1.85548],[100.84336,-1.85728],[100.84067,-1.85728],[100.84067,-1.85548]]],[[[100.82725,-1.85099],[100.82188,-1.8465],[100.82724,-1.84739],[100.82725,-1.85099]]],[[[100.81202,-1.83391],[100.8147,-1.8321],[100.81471,-1.8339],[100.81202,-1.83391]]],[[[100.81918,-1.8339],[100.81649,-1.833],[100.8156,-1.8303],[100.81918,-1.8312],[100.81918,-1.8339]]],[[[100.82991,-1.83029],[100.8317,-1.82938],[100.82991,-1.82669],[100.83528,-1.82848],[100.82991,-1.83029]]],[[[100.82633,-1.83029],[100.82543,-1.82759],[100.82007,-1.8267],[100.81917,-1.824],[100.82275,-1.82309],[100.82812,-1.82849],[100.82633,-1.83029]],[[100.82454,-1.82579],[100.82364,-1.82669],[100.82454,-1.82669],[100.82454,-1.82579]]],[[[100.83796,-1.82578],[100.84064,-1.82307],[100.84154,-1.82667],[100.83796,-1.82578]]],[[[100.8308,-1.82128],[100.82811,-1.82309],[100.82632,-1.81589],[100.83258,-1.81858],[100.829,-1.81949],[100.8308,-1.82128]]]]}},{"type":"Feature","properties":{"flood_val":1,"fase":"fase2","luas_m2":99262465.72479413,"luas_km2":99.26246572479414},"geometry":{"type":"MultiPolygon","coordinates":[[[[99.53839,0.1069],[99.53392,0.10871],[99.53302,0.11231],[99.53481,0.11231],[99.53839,0.1069]]],[[[99.54733,0.11681],[99.54644,0.11231],[99.54465,0.11411],[99.54286,0.10961],[99.54286,0.11771],[99.54733,0.11681]]],[[[99.55538,0.11411],[99.55807,0.11501],[99.55717,0.11321],[99.55538,0.11411]]],[[[99.54912,0.11681],[99.54912,0.11861],[99.54823,0.11951],[99.55002,0.11951],[99.54912,0.11681]]],[[[99.54733,0.11951],[99.54376,0.11861],[99.54376,0.11951],[99.54733,0.11951]]],[[[99.53392,0.13662],[99.53481,0.14023],[99.53302,0.13933],[99.53302,0.14203],[99.5366,0.14113],[99.53571,0.13662],[99.53392,0.13662]]],[[[99.56075,0.14743],[99.56165,0.14383],[99.55896,0.14383],[99.55896,0.14653],[99.56075,0.14743]]],[[[99.46772,0.17355],[99.46235,0.16815],[99.45788,0.16815],[99.45788,0.17175],[99.46772,0.17355]]],[[[99.4874,0.17355],[99.49008,0.17175],[99.48919,0.16905],[99.46861,0.16815],[99.46861,0.17175],[99.47219,0.17175],[99.47219,0.17355],[99.46861,0.17265],[99.46861,0.17445],[99.47219,0.17625],[99.48293,0.17535],[99.48472,0.17895],[99.48472,0.17535],[99.48919,0.17535],[99.4874,0.17355]]],[[[99.42567,0.17355],[99.42299,0.17445],[99.42299,0.17535],[99.42567,0.17535],[99.42567,0.17355]]],[[[99.42746,0.17535],[99.42657,0.18076],[99.43015,0.17986],[99.42925,0.17535],[99.42746,0.17535]]],[[[99.43104,0.18076],[99.43462,0.18076],[99.43462,0.17535],[99.43104,0.17535],[99.43104,0.18076]]],[[[99.42567,0.17805],[99.42299,0.17805],[99.42299,0.17986],[99.42478,0.17986],[99.42567,0.17805]]],[[[99.4713,0.17985],[99.47577,0.18436],[99.47935,0.17895],[99.47488,0.18075],[99.47398,0.17805],[99.46861,0.17535],[99.4704,0.18256],[99.4713,0.17985]],[[99.4704,0.17805],[99.4713,0.17895],[99.4704,0.17895],[99.4704,0.17805]]],[[[99.41673,0.17895],[99.42031,0.18076],[99.42031,0.17895],[99.41673,0.17895]]],[[[99.41494,0.17986],[99.41405,0.18256],[99.41852,0.18256],[99.41852,0.18076],[99.41494,0.17986]]],[[[99.43373,0.18166],[99.43373,0.18616],[99.43641,0.18526],[99.43641,0.18256],[99.43373,0.18166]]],[[[99.40242,0.18526],[99.39615,0.18256],[99.39705,0.18616],[99.40242,0.18526]]],[[[99.41494,0.18436],[99.41673,0.18616],[99.42031,0.18346],[99.41494,0.18436]]],[[[99.46951,0.18526],[99.46772,0.18616],[99.47219,0.18616],[99.46951,0.18526]]],[[[99.48293,0.18436],[99.47935,0.18526],[99.47935,0.18886],[99.48203,0.18976],[99.48293,0.18436]]],[[[99.50082,0.18976],[99.49724,0.18706],[99.49187,0.18616],[99.49098,0.19156],[99.49366,0.19246],[99.49098,0.19336],[99.50082,0.19426],[99.50082,0.18976]],[[99.49814,0.19246],[99.49635,0.19066],[99.49813,0.19066],[99.49814,0.19246]]],[[[99.47935,0.19066],[99.47488,0.18976],[99.47488,0.19066],[99.47935,0.19066]]],[[[99.40868,0.19427],[99.4051,0.18976],[99.4051,0.19427],[99.40868,0.19427]]],[[[99.46772,0.19516],[99.46683,0.19156],[99.46146,0.19156],[99.46235,0.19336],[99.46504,0.19246],[99.46593,0.19606],[99.46772,0.19516]]],[[[99.45698,0.19246],[99.45072,0.19426],[99.45609,0.19516],[99.45698,0.19246]]],[[[99.47488,0.19246],[99.46772,0.19156],[99.46772,0.19426],[99.47398,0.19606],[99.47488,0.19246]],[[99.47219,0.19516],[99.47309,0.19426],[99.47309,0.19516],[99.47219,0.19516]]],[[[99.39526,0.19336],[99.39884,0.19607],[99.39884,0.19427],[99.39526,0.19336]]],[[[99.4382,0.19607],[99.43552,0.19787],[99.4382,0.19787],[99.4382,0.19607]]],[[[99.49366,0.19787],[99.49724,0.19877],[99.49903,0.19606],[99.49456,0.19516],[99.49366,0.19787]]],[[[99.48203,0.19877],[99.48561,0.19787],[99.48561,0.19516],[99.48293,0.19606],[99.48203,0.19877]]],[[[99.48203,0.19697],[99.47845,0.19697],[99.47845,0.19967],[99.47935,0.19787],[99.48203,0.19697]]],[[[99.47935,0.23569],[99.47935,0.23299],[99.48293,0.23119],[99.47756,0.23209],[99.47577,0.23479],[99.47935,0.23569]],[[99.47756,0.23389],[99.47846,0.23479],[99.47756,0.23479],[99.47756,0.23389]]],[[[99.4883,0.23479],[99.48025,0.23479],[99.48025,0.23659],[99.4874,0.23749],[99.4883,0.23479]]],[[[99.34695,0.2492],[99.35053,0.2492],[99.34695,0.2465],[99.34695,0.2492]]],[[[99.3559,0.36538],[99.35501,0.36628],[99.35769,0.36628],[99.3559,0.36538]]],[[[99.36306,0.36988],[99.36306,0.36448],[99.35769,0.36448],[99.36306,0.36988]]],[[[99.37558,0.37439],[99.38006,0.37619],[99.37916,0.37259],[99.37558,0.37439]]],[[[99.3738,0.38609],[99.3738,0.37078],[99.37201,0.36898],[99.36753,0.36898],[99.36664,0.37349],[99.36932,0.37439],[99.36485,0.37529],[99.36306,0.38159],[99.36574,0.38339],[99.37022,0.38069],[99.3738,0.38609]],[[99.36932,0.36988],[99.37111,0.37078],[99.36932,0.37078],[99.36932,0.36988]],[[99.37022,0.38069],[99.37111,0.37979],[99.37111,0.38069],[99.37022,0.38069]],[[99.37022,0.37979],[99.36932,0.37889],[99.37022,0.37889],[99.37022,0.37979]],[[99.37201,0.38159],[99.3729,0.38249],[99.37201,0.38249],[99.37201,0.38159]],[[99.37201,0.37979],[99.3729,0.38069],[99.37201,0.38069],[99.37201,0.37979]]],[[[99.36753,0.38339],[99.37022,0.38519],[99.37022,0.38339],[99.36753,0.38339]]],[[[99.70298,0.00964],[99.7003,0.01414],[99.70209,0.01414],[99.70298,0.00964]]],[[[99.70209,0.01865],[99.7003,0.01595],[99.7003,0.01865],[99.70209,0.01865]]],[[[99.69225,0.03035],[99.68957,0.03035],[99.68957,0.03486],[99.69225,0.03306],[99.69225,0.03035]],[[99.69046,0.03035],[99.69135,0.03126],[99.69046,0.03126],[99.69046,0.03035]]],[[[99.70119,0.03486],[99.70298,0.03306],[99.70119,0.03306],[99.70119,0.03486]]],[[[99.7003,0.03396],[99.69493,0.03486],[99.69493,0.03666],[99.69851,0.03666],[99.69583,0.03756],[99.69583,0.04116],[99.70119,0.04116],[99.7003,0.03396]],[[99.69762,0.03936],[99.69851,0.03846],[99.69851,0.03936],[99.69762,0.03936]]],[[[99.68688,0.04747],[99.6842,0.04476],[99.68509,0.04927],[99.68241,0.05107],[99.68599,0.05107],[99.68688,0.04747]]],[[[99.68867,0.04837],[99.68599,0.05467],[99.69135,0.05557],[99.68867,0.04837]]],[[[99.70209,0.05827],[99.7003,0.05557],[99.70119,0.05827],[99.70209,0.05827]]],[[[99.69314,0.05377],[99.69135,0.05737],[99.68867,0.05737],[99.68867,0.06368],[99.68957,0.06097],[99.69135,0.06097],[99.69046,0.06277],[99.69493,0.06187],[99.69493,0.06007],[99.69225,0.06097],[99.69493,0.05827],[99.69314,0.05377]]],[[[99.69851,0.06277],[99.69941,0.05917],[99.69851,0.05917],[99.69851,0.06277]]],[[[99.59474,0.08619],[99.59743,0.08709],[99.59296,0.08529],[99.58848,0.08979],[99.59206,0.08709],[99.59474,0.08799],[99.59474,0.08619]]],[[[99.5849,0.0934],[99.58669,0.0952],[99.58759,0.09159],[99.5849,0.0934]]],[[[99.57685,0.1006],[99.57238,0.1024],[99.57149,0.1042],[99.57596,0.1033],[99.57685,0.1006]]],[[[99.56433,0.1069],[99.5697,0.1069],[99.5697,0.1051],[99.56254,0.1042],[99.56433,0.1069]]],[[[99.64663,0.1078],[99.64842,0.1078],[99.64663,0.11051],[99.652,0.11141],[99.64931,0.106],[99.64663,0.1078]]],[[[99.652,0.1087],[99.65378,0.11141],[99.65378,0.1069],[99.652,0.1087]]],[[[99.64305,0.11141],[99.64484,0.1078],[99.63947,0.11231],[99.63589,0.11231],[99.63411,0.11591],[99.64305,0.11141]]],[[[99.66631,0.12131],[99.66899,0.12221],[99.66899,0.12041],[99.66631,0.12131]]],[[[99.65379,0.12131],[99.65736,0.12311],[99.65736,0.12131],[99.65379,0.12131]]],[[[99.65826,0.12221],[99.66094,0.12401],[99.66094,0.12221],[99.65826,0.12221]]],[[[99.66094,0.12671],[99.65289,0.12401],[99.65289,0.11951],[99.65557,0.11951],[99.65557,0.11681],[99.6511,0.11591],[99.652,0.12762],[99.65557,0.12581],[99.66005,0.13212],[99.66094,0.12671]],[[99.65826,0.12852],[99.66005,0.12762],[99.66005,0.12852],[99.65826,0.12852]]],[[[99.66631,0.12401],[99.66184,0.12491],[99.66184,0.12852],[99.66273,0.12852],[99.66631,0.12401]]],[[[99.56791,0.13392],[99.56612,0.13122],[99.56701,0.13392],[99.56791,0.13392]]],[[[99.65468,0.13212],[99.65647,0.13482],[99.65826,0.13212],[99.65468,0.13212]]],[[[99.66363,0.13302],[99.66005,0.13482],[99.66273,0.13392],[99.66363,0.13572],[99.66363,0.13302]]],[[[99.67168,0.14292],[99.66452,0.13482],[99.66541,0.14022],[99.66273,0.14022],[99.66273,0.14202],[99.6672,0.14112],[99.67078,0.14563],[99.67168,0.14292]]],[[[99.65647,0.13752],[99.65647,0.14293],[99.66005,0.14202],[99.66005,0.13932],[99.65647,0.13752]]],[[[99.67257,0.16004],[99.67704,0.15913],[99.67257,0.15643],[99.67257,0.15373],[99.68152,0.15373],[99.68152,0.15193],[99.67615,0.14923],[99.67257,0.15013],[99.67078,0.14563],[99.66452,0.15373],[99.66452,0.16004],[99.6681,0.16544],[99.67257,0.16454],[99.67257,0.16004]],[[99.67257,0.15013],[99.67168,0.15103],[99.67168,0.15013],[99.67257,0.15013]],[[99.66899,0.15013],[99.66989,0.15103],[99.66899,0.15103],[99.66899,0.15013]],[[99.66631,0.15283],[99.6672,0.15373],[99.66631,0.15373],[99.66631,0.15283]],[[99.6672,0.15283],[99.6681,0.15193],[99.6681,0.15283],[99.6672,0.15283]],[[99.6672,0.16004],[99.66631,0.15823],[99.6672,0.15823],[99.6672,0.16004]]],[[[99.65647,0.15733],[99.65468,0.16004],[99.65647,0.16004],[99.65647,0.15733]]],[[[99.66363,0.16544],[99.66363,0.16904],[99.66631,0.16904],[99.66363,0.16544]]],[[[99.66094,0.17084],[99.66094,0.16454],[99.65915,0.16454],[99.65826,0.17084],[99.65647,0.16904],[99.65647,0.17625],[99.65736,0.17264],[99.66094,0.17084]]],[[[99.6672,0.17084],[99.67257,0.17354],[99.67257,0.16814],[99.6681,0.16814],[99.6672,0.17084]],[[99.66899,0.16994],[99.66989,0.17084],[99.66899,0.17084],[99.66899,0.16994]]],[[[99.66363,0.17264],[99.66273,0.16904],[99.66273,0.17264],[99.66363,0.17264]]],[[[99.5858,0.17175],[99.57686,0.17085],[99.57686,0.17535],[99.5858,0.17625],[99.5858,0.17445],[99.58222,0.17445],[99.5858,0.17175]]],[[[99.66184,0.17535],[99.66005,0.17354],[99.66005,0.17535],[99.66184,0.17535]]],[[[99.68599,0.18255],[99.68331,0.18255],[99.68331,0.18525],[99.6851,0.18525],[99.68599,0.18255]]],[[[99.68778,0.18705],[99.68867,0.18525],[99.68599,0.18435],[99.6851,0.18615],[99.68778,0.18705]]],[[[99.59296,0.20056],[99.59296,0.17805],[99.59117,0.17805],[99.59117,0.18615],[99.58401,0.18615],[99.58401,0.19156],[99.5867,0.19336],[99.58491,0.20417],[99.59296,0.20056]],[[99.59117,0.19786],[99.59117,0.19966],[99.58938,0.19966],[99.58938,0.19876],[99.59117,0.19786]]],[[[99.79423,-0.18938],[99.79691,-0.19028],[99.79691,-0.19298],[99.79512,-0.19208],[99.79423,-0.18938]]],[[[99.79333,-0.19028],[99.78976,-0.19028],[99.78797,-0.18758],[99.79244,-0.18848],[99.79333,-0.19028]]],[[[99.79602,-0.18668],[99.79154,-0.18397],[99.79602,-0.18487],[99.79602,-0.18668]]],[[[99.78618,-0.18397],[99.78349,-0.18127],[99.78707,-0.18037],[99.78618,-0.17677],[99.78975,-0.17767],[99.78797,-0.17947],[99.78976,-0.17947],[99.79065,-0.18487],[99.78618,-0.18397]],[[99.78886,-0.18217],[99.78797,-0.18307],[99.78886,-0.18307],[99.78886,-0.18217]]],[[[99.78528,-0.17767],[99.7826,-0.17497],[99.7826,-0.17317],[99.78618,-0.17497],[99.78528,-0.17767]]],[[[99.77544,-0.16416],[99.77723,-0.16416],[99.77991,-0.16236],[99.77813,-0.16596],[99.77544,-0.16416]]],[[[99.78618,-0.14885],[99.78349,-0.15155],[99.78349,-0.14885],[99.78618,-0.14885]]],[[[99.78975,-0.15246],[99.79154,-0.15065],[99.78975,-0.14975],[99.78975,-0.14705],[99.79065,-0.14885],[99.79512,-0.14885],[99.79244,-0.14975],[99.79333,-0.15246],[99.78975,-0.15246]]],[[[99.77276,-0.14525],[99.77365,-0.14255],[99.77544,-0.14255],[99.77544,-0.14795],[99.77276,-0.14525]]],[[[99.77902,-0.14435],[99.77812,-0.14075],[99.78081,-0.14165],[99.77902,-0.14435]]],[[[99.78707,-0.14075],[99.78528,-0.14345],[99.78439,-0.14075],[99.78707,-0.14075]]],[[[99.77365,-0.13895],[99.77186,-0.14255],[99.76829,-0.13715],[99.77365,-0.13895]]],[[[99.76202,-0.13535],[99.75845,-0.13805],[99.75666,-0.13535],[99.76202,-0.13535]]],[[[99.76471,-0.13535],[99.76381,-0.13715],[99.76202,-0.13354],[99.76381,-0.13445],[99.77186,-0.13354],[99.77007,-0.13715],[99.76471,-0.13535]]],[[[99.78528,-0.11914],[99.79065,-0.12184],[99.78707,-0.12274],[99.79065,-0.12454],[99.78975,-0.12814],[99.79333,-0.12724],[99.79333,-0.13264],[99.79065,-0.13625],[99.79333,-0.13715],[99.79333,-0.14795],[99.78975,-0.14525],[99.78886,-0.13715],[99.78618,-0.13625],[99.78886,-0.13535],[99.78796,-0.12994],[99.78528,-0.13264],[99.78439,-0.12724],[99.78796,-0.12544],[99.78349,-0.12454],[99.78528,-0.11914]],[[99.78975,-0.12814],[99.78707,-0.12904],[99.78975,-0.12904],[99.78975,-0.12814]],[[99.78796,-0.12544],[99.78886,-0.12454],[99.78796,-0.12454],[99.78796,-0.12544]],[[99.78528,-0.12364],[99.78617,-0.12274],[99.78528,-0.12274],[99.78528,-0.12364]],[[99.78886,-0.13084],[99.78975,-0.12994],[99.78886,-0.12994],[99.78886,-0.13084]]],[[[99.76829,-0.13354],[99.7665,-0.13174],[99.76828,-0.13174],[99.76829,-0.13354]]],[[[99.7978,-0.12724],[99.79601,-0.12634],[99.7978,-0.13354],[99.79333,-0.13354],[99.79601,-0.12364],[99.7978,-0.12724]],[[99.79512,-0.13084],[99.79601,-0.12994],[99.79512,-0.12994],[99.79512,-0.13084]]],[[[99.77544,-0.12274],[99.77097,-0.12994],[99.7656,-0.12994],[99.76292,-0.12724],[99.76023,-0.13174],[99.75845,-0.13084],[99.76113,-0.12544],[99.77186,-0.12634],[99.77186,-0.12004],[99.77365,-0.12004],[99.77365,-0.12364],[99.77544,-0.12274]]],[[[99.7665,-0.12184],[99.77007,-0.12364],[99.7656,-0.12454],[99.7665,-0.12184]]],[[[99.78528,-0.11914],[99.7826,-0.11733],[99.78528,-0.11733],[99.78528,-0.11914]]],[[[99.75934,-0.11824],[99.76023,-0.11643],[99.76381,-0.11734],[99.76202,-0.12004],[99.75934,-0.11824]]],[[[99.78975,-0.11373],[99.79154,-0.11103],[99.79333,-0.11103],[99.79333,-0.11463],[99.78975,-0.11373]]],[[[99.77186,-0.11103],[99.77365,-0.10923],[99.77455,-0.11103],[99.77186,-0.11103]]],[[[99.78975,-0.09122],[99.78975,-0.09482],[99.78886,-0.09482],[99.78796,-0.09122],[99.78975,-0.09122]]],[[[99.72892,-0.01107],[99.7325,-0.01287],[99.7325,-0.01828],[99.72892,-0.01828],[99.72982,-0.01557],[99.72714,-0.01377],[99.72892,-0.01107]]],[[[99.72266,-0.01287],[99.72356,-0.01467],[99.72087,-0.01287],[99.72266,-0.01287]]],[[[99.74324,-0.01197],[99.74145,-0.01197],[99.74234,-0.01017],[99.74413,-0.01377],[99.74234,-0.01467],[99.74324,-0.01197]]],[[[99.71819,-0.01197],[99.71461,-0.00747],[99.71819,-0.00747],[99.72087,-0.01107],[99.71819,-0.01197]]],[[[99.72445,-0.00747],[99.72535,-0.00567],[99.72803,-0.00657],[99.72803,-0.00837],[99.72445,-0.00747]]],[[[99.72982,-0.00567],[99.72803,-0.00297],[99.73161,-0.00567],[99.72982,-0.00567]]],[[[99.74592,-0.00297],[99.74681,-0.00026],[99.74771,-0.00207],[99.74592,-0.00297]]],[[[99.74324,-0.00387],[99.74055,-0.00116],[99.74234,0.00244],[99.74413,0.00154],[99.74324,-0.00387]]],[[[99.71282,0.00154],[99.71461,-0.00026],[99.71014,0.00154],[99.71282,0.00154]]],[[[99.72177,0.00154],[99.72356,0.00334],[99.72445,-0.00026],[99.72177,0.00154]]],[[[99.70298,0.01865],[99.70656,0.01685],[99.70388,0.01685],[99.70298,0.01865]]],[[[99.71819,0.02945],[99.71103,0.04116],[99.72356,0.04566],[99.72445,0.04116],[99.72892,0.03936],[99.72892,0.03576],[99.73161,0.03396],[99.73071,0.03035],[99.73697,0.02405],[99.73876,0.01595],[99.7325,0.01595],[99.72803,0.02045],[99.73429,0.01865],[99.72892,0.02585],[99.72535,0.02225],[99.72177,0.02225],[99.72356,0.02405],[99.72087,0.02585],[99.72445,0.02585],[99.72445,0.02855],[99.71819,0.02945]],[[99.72445,0.02945],[99.72445,0.03125],[99.72266,0.03125],[99.72266,0.03035],[99.72445,0.02945]],[[99.72266,0.03125],[99.72087,0.03306],[99.72087,0.03125],[99.72266,0.03125]],[[99.72087,0.03306],[99.71908,0.03486],[99.71998,0.03306],[99.72087,0.03306]],[[99.72177,0.04026],[99.72266,0.04116],[99.72177,0.04116],[99.72177,0.04026]],[[99.72445,0.03846],[99.72535,0.03936],[99.72445,0.03936],[99.72445,0.03846]],[[99.7173,0.03666],[99.71819,0.03756],[99.7173,0.03756],[99.7173,0.03666]],[[99.72177,0.03666],[99.72087,0.03756],[99.72087,0.03666],[99.72177,0.03666]],[[99.72087,0.03666],[99.71908,0.03576],[99.72087,0.03576],[99.72087,0.03666]],[[99.72803,0.03216],[99.72892,0.03306],[99.72803,0.03306],[99.72803,0.03216]]],[[[99.70298,0.05377],[99.70567,0.05557],[99.70567,0.05377],[99.70298,0.05377]]],[[[99.72803,0.06638],[99.73071,0.06908],[99.73071,0.06638],[99.72803,0.06638]]],[[[99.71998,0.07358],[99.72087,0.07718],[99.72266,0.07718],[99.72356,0.07358],[99.71998,0.07358]]],[[[99.74592,0.08979],[99.74324,0.08709],[99.74324,0.08889],[99.74592,0.08979]]],[[[99.7495,0.1078],[99.75218,0.1105],[99.75308,0.1069],[99.7495,0.1078]]],[[[99.75487,0.12941],[99.75666,0.12851],[99.75666,0.12581],[99.75308,0.12671],[99.75487,0.12941]]],[[[99.75129,0.12941],[99.75308,0.13212],[99.75218,0.12941],[99.75129,0.12941]]],[[[99.75934,0.13392],[99.76023,0.13031],[99.75845,0.13212],[99.75666,0.13031],[99.75666,0.13392],[99.75934,0.13392]],[[99.75845,0.13212],[99.75755,0.13302],[99.75755,0.13212],[99.75845,0.13212]]],[[[99.77902,0.14562],[99.77276,0.14652],[99.77186,0.14832],[99.77544,0.14923],[99.77902,0.14562]]],[[[99.78081,0.14923],[99.77544,0.14923],[99.77544,0.15283],[99.78349,0.15193],[99.78081,0.14923]]],[[[99.86132,-0.32265],[99.86401,-0.32535],[99.86222,-0.32535],[99.86132,-0.32265]]],[[[99.85596,-0.31815],[99.86132,-0.32085],[99.86043,-0.32355],[99.85059,-0.31725],[99.85059,-0.31365],[99.85417,-0.31365],[99.85596,-0.31815]]],[[[99.84612,-0.31275],[99.84075,-0.31275],[99.83896,-0.30914],[99.84254,-0.30824],[99.84612,-0.31275]],[[99.84075,-0.31095],[99.84164,-0.31005],[99.84075,-0.31005],[99.84075,-0.31095]]],[[[99.83449,-0.30194],[99.83807,-0.30194],[99.83896,-0.30374],[99.83538,-0.30284],[99.83628,-0.30464],[99.83449,-0.30464],[99.83449,-0.30194]]],[[[99.85864,-0.30464],[99.85506,-0.30284],[99.85506,-0.30104],[99.85864,-0.30464]]],[[[99.83896,-0.30194],[99.83807,-0.29834],[99.84343,-0.30284],[99.84343,-0.30644],[99.83896,-0.30194]],[[99.84254,-0.30284],[99.84164,-0.30374],[99.84254,-0.30374],[99.84254,-0.30284]]],[[[99.83359,-0.29834],[99.83449,-0.29564],[99.83628,-0.29564],[99.83628,-0.29834],[99.83359,-0.29834]]],[[[99.8318,-0.30014],[99.82823,-0.29834],[99.82733,-0.29384],[99.8318,-0.29654],[99.8318,-0.30014]]],[[[99.82107,-0.29204],[99.82286,-0.29384],[99.81928,-0.29384],[99.82107,-0.29204]]],[[[99.8327,-0.29113],[99.8318,-0.29384],[99.82912,-0.29384],[99.83001,-0.29114],[99.8327,-0.29113]]],[[[99.83628,-0.29023],[99.83449,-0.29294],[99.83538,-0.29023],[99.83628,-0.29023]]],[[[99.86043,-0.28843],[99.86401,-0.28753],[99.8649,-0.28933],[99.86132,-0.29023],[99.86043,-0.28843]]],[[[99.85238,-0.28663],[99.85059,-0.28483],[99.85148,-0.28303],[99.85774,-0.28663],[99.85238,-0.28663]]],[[[99.82554,-0.28933],[99.82554,-0.28573],[99.82375,-0.28843],[99.82196,-0.28573],[99.82912,-0.28033],[99.82554,-0.28933]]],[[[99.84612,-0.28663],[99.84254,-0.28483],[99.84254,-0.28123],[99.84343,-0.28303],[99.84612,-0.28213],[99.84612,-0.28663]]],[[[99.83538,-0.28753],[99.8327,-0.28663],[99.8318,-0.28303],[99.83359,-0.27943],[99.83717,-0.28213],[99.83538,-0.28753]]],[[[99.8488,-0.28123],[99.85417,-0.28033],[99.85417,-0.28213],[99.8479,-0.28303],[99.83985,-0.27583],[99.84343,-0.27583],[99.8488,-0.28123]]],[[[99.83806,-0.27493],[99.83806,-0.28123],[99.83806,-0.27853],[99.8327,-0.27583],[99.8327,-0.27402],[99.83806,-0.27493]]],[[[99.82733,-0.27673],[99.83091,-0.27853],[99.82733,-0.27853],[99.82733,-0.27673]]],[[[99.85238,-0.27492],[99.85417,-0.27582],[99.85417,-0.27763],[99.85238,-0.27492]]],[[[99.84701,-0.27582],[99.84343,-0.27492],[99.84254,-0.27312],[99.84701,-0.27582]]],[[[99.83717,-0.27222],[99.83896,-0.27222],[99.84075,-0.27402],[99.83806,-0.27493],[99.83717,-0.27222]]],[[[99.8488,-0.27492],[99.84969,-0.27222],[99.85059,-0.27402],[99.8488,-0.27492]]],[[[99.82196,-0.27042],[99.82375,-0.26862],[99.82912,-0.27132],[99.82465,-0.27312],[99.82465,-0.27583],[99.82286,-0.27403],[99.82196,-0.27763],[99.81749,-0.27853],[99.81391,-0.27223],[99.81391,-0.27042],[99.81749,-0.27222],[99.81928,-0.26862],[99.8166,-0.26772],[99.8166,-0.26502],[99.82017,-0.26682],[99.82017,-0.27042],[99.82196,-0.26772],[99.82196,-0.27042]]],[[[99.83091,-0.26862],[99.82912,-0.27042],[99.82912,-0.26862],[99.83091,-0.26862]]],[[[99.81123,-0.26682],[99.81302,-0.26772],[99.81302,-0.26952],[99.81123,-0.26682]]],[[[99.81481,-0.26412],[99.81212,-0.26682],[99.81123,-0.26412],[99.81481,-0.26412]]],[[[99.83091,-0.26592],[99.8327,-0.26322],[99.8327,-0.26682],[99.83091,-0.26592]]],[[[99.80854,-0.26412],[99.81123,-0.26592],[99.80944,-0.26592],[99.80854,-0.26412]]],[[[99.83896,-0.26052],[99.83717,-0.25601],[99.84075,-0.25331],[99.84075,-0.25691],[99.83896,-0.26052]]],[[[99.84432,-0.25511],[99.84075,-0.24971],[99.84074,-0.2362],[99.8488,-0.2335],[99.84969,-0.25511],[99.84432,-0.25511]]],[[[99.81123,-0.21549],[99.81301,-0.21549],[99.81212,-0.21999],[99.81123,-0.21999],[99.81123,-0.21549]]],[[[99.81212,-0.21459],[99.81033,-0.21189],[99.81212,-0.21189],[99.81212,-0.21459]]],[[[99.81122,-0.20829],[99.81301,-0.21099],[99.81122,-0.21099],[99.81122,-0.20829]]],[[[99.81749,-0.20649],[99.81838,-0.20919],[99.81659,-0.21009],[99.81659,-0.20829],[99.81749,-0.20649]]],[[[99.81391,-0.20649],[99.81122,-0.20739],[99.81122,-0.20649],[99.81391,-0.20649]]],[[[99.81749,-0.20378],[99.8157,-0.20649],[99.8157,-0.20378],[99.81749,-0.20378]]],[[[99.80854,-0.20469],[99.80854,-0.20018],[99.81033,-0.19928],[99.81033,-0.20469],[99.80854,-0.20469]]],[[[99.80138,-0.14615],[99.80585,-0.14615],[99.80586,-0.14795],[99.80138,-0.14885],[99.80138,-0.14615]]],[[[99.80764,-0.14075],[99.81033,-0.14165],[99.81033,-0.14525],[99.80764,-0.14525],[99.80764,-0.14075]],[[99.80854,-0.14345],[99.80943,-0.14255],[99.80854,-0.14255],[99.80854,-0.14345]]],[[[99.87115,-0.14075],[99.88547,-0.14255],[99.87115,-0.14345],[99.87026,-0.13804],[99.87115,-0.14075]]],[[[99.80407,-0.12724],[99.80675,-0.12634],[99.80585,-0.12994],[99.80407,-0.12994],[99.80407,-0.12724]]],[[[99.80585,-0.11733],[99.80943,-0.11373],[99.80943,-0.11823],[99.80585,-0.11733]]],[[[99.87205,-0.11643],[99.87115,-0.11373],[99.87831,-0.11283],[99.87562,-0.11643],[99.87205,-0.11643]]],[[[99.85863,-0.11283],[99.85237,-0.11463],[99.85237,-0.11193],[99.85863,-0.11283]]],[[[99.84521,-0.11463],[99.85058,-0.11193],[99.85147,-0.11373],[99.84521,-0.11463]]],[[[99.85684,-0.10923],[99.85416,-0.10833],[99.85416,-0.10563],[99.85863,-0.10833],[99.85863,-0.11103],[99.85326,-0.11103],[99.85684,-0.10923]]],[[[99.80406,-0.08852],[99.80496,-0.08491],[99.80764,-0.08582],[99.80764,-0.08852],[99.80406,-0.08852]]],[[[99.80854,-0.07051],[99.80943,-0.0669],[99.81033,-0.0669],[99.81211,-0.07051],[99.80854,-0.07051]]],[[[99.95972,-0.33435],[99.95614,-0.33165],[99.95972,-0.32805],[99.95972,-0.33435]]],[[[99.89442,-0.30914],[99.88905,-0.31094],[99.88458,-0.30644],[99.89084,-0.30374],[99.89442,-0.30734],[99.89442,-0.30374],[99.8971,-0.30374],[99.90158,-0.31094],[99.89442,-0.30914]],[[99.88995,-0.30824],[99.89174,-0.30554],[99.88995,-0.30554],[99.88995,-0.30824]]],[[[99.94004,-0.29743],[99.93467,-0.29743],[99.93378,-0.29293],[99.94004,-0.29563],[99.94004,-0.29743]]],[[[99.93378,-0.29383],[99.93199,-0.29563],[99.93109,-0.29383],[99.93378,-0.29383]]],[[[99.85059,-0.27042],[99.85238,-0.26862],[99.87116,-0.26772],[99.87384,-0.26862],[99.87206,-0.27402],[99.87921,-0.27492],[99.88189,-0.27942],[99.88726,-0.28123],[99.89352,-0.27492],[99.89352,-0.26682],[99.89799,-0.26141],[99.90157,-0.26141],[99.9132,-0.29293],[99.90605,-0.29563],[99.90784,-0.30374],[99.90605,-0.30644],[99.90158,-0.30734],[99.90068,-0.30013],[99.8971,-0.30194],[99.8971,-0.29923],[99.89263,-0.29923],[99.89084,-0.30284],[99.88637,-0.30194],[99.88458,-0.29834],[99.89084,-0.29833],[99.89084,-0.29653],[99.88458,-0.29743],[99.88369,-0.29563],[99.89174,-0.29383],[99.88279,-0.29383],[99.88011,-0.29743],[99.88369,-0.29743],[99.88369,-0.29924],[99.87832,-0.29834],[99.87563,-0.29563],[99.87653,-0.29023],[99.87474,-0.29023],[99.87653,-0.28933],[99.87653,-0.27942],[99.8649,-0.27943],[99.86579,-0.28303],[99.85774,-0.28303],[99.85417,-0.27943],[99.85417,-0.27763],[99.85774,-0.27763],[99.85506,-0.27672],[99.85416,-0.27042],[99.85238,-0.27222],[99.85059,-0.27042]],[[99.90158,-0.30554],[99.90247,-0.30464],[99.90158,-0.30464],[99.90158,-0.30554]],[[99.89084,-0.29833],[99.89174,-0.29923],[99.89174,-0.29833],[99.89084,-0.29833]],[[99.85685,-0.27402],[99.85595,-0.27222],[99.85506,-0.27222],[99.85506,-0.27402],[99.85685,-0.27402]],[[99.86669,-0.27132],[99.86758,-0.27222],[99.86758,-0.27132],[99.86669,-0.27132]],[[99.90336,-0.27222],[99.90515,-0.27762],[99.90426,-0.27222],[99.90336,-0.27222]],[[99.90068,-0.27312],[99.90157,-0.27402],[99.90157,-0.27312],[99.90068,-0.27312]],[[99.85864,-0.27582],[99.85953,-0.27672],[99.85953,-0.27582],[99.85864,-0.27582]],[[99.90336,-0.27942],[99.90426,-0.28032],[99.90426,-0.27942],[99.90336,-0.27942]],[[99.89352,-0.28933],[99.89174,-0.29113],[99.89442,-0.29113],[99.89352,-0.28933]],[[99.89442,-0.29023],[99.89621,-0.28933],[99.89442,-0.28933],[99.89442,-0.29023]],[[99.90605,-0.30013],[99.90694,-0.30103],[99.90694,-0.30013],[99.90605,-0.30013]]],[[[99.88547,-0.27582],[99.88637,-0.27312],[99.88905,-0.27222],[99.88816,-0.27762],[99.88547,-0.27582]]],[[[99.8971,-0.25691],[99.89442,-0.25331],[99.89889,-0.25241],[99.8971,-0.25691]]],[[[99.8971,-0.247],[99.8971,-0.2443],[99.89889,-0.2434],[99.89889,-0.247],[99.8971,-0.247]]],[[[99.8971,-0.2416],[99.8971,-0.2443],[99.89263,-0.2425],[99.89263,-0.2416],[99.8971,-0.2416]]],[[[99.90336,-0.19748],[99.90515,-0.19658],[99.90515,-0.19838],[99.90067,-0.19838],[99.90067,-0.18937],[99.90604,-0.18937],[99.90336,-0.19748]],[[99.90157,-0.19568],[99.90246,-0.19477],[99.90157,-0.19477],[99.90157,-0.19568]]],[[[99.92482,-0.18847],[99.93019,-0.18577],[99.93288,-0.19027],[99.92661,-0.19117],[99.92482,-0.18937],[99.92304,-0.19117],[99.91946,-0.18937],[99.91946,-0.18487],[99.92482,-0.18847]]],[[[100.00891,-0.18937],[100.0089,-0.18486],[100.01606,-0.18576],[100.01606,-0.18846],[100.01427,-0.18847],[100.01248,-0.18666],[100.00891,-0.18937]],[[100.01427,-0.18756],[100.01517,-0.18666],[100.01427,-0.18666],[100.01427,-0.18756]]],[[[99.93735,-0.17316],[99.9293,-0.17496],[99.9293,-0.17226],[99.92393,-0.17226],[99.91946,-0.17947],[99.91767,-0.17947],[99.91856,-0.17316],[99.91677,-0.17226],[99.93735,-0.17046],[99.93735,-0.17316]]],[[[99.99101,-0.17136],[99.98923,-0.16866],[99.9937,-0.16685],[99.99459,-0.16866],[99.99101,-0.17136]]],[[[99.88815,-0.15785],[99.88368,-0.15966],[99.87563,-0.15966],[99.87563,-0.15786],[99.8801,-0.15695],[99.88815,-0.15785]]],[[[100.01606,-0.15875],[100.01338,-0.15515],[100.01516,-0.15515],[100.01516,-0.15155],[100.01874,-0.15245],[100.01516,-0.14974],[100.01695,-0.14794],[100.02143,-0.15245],[100.02143,-0.15605],[100.01606,-0.15515],[100.01964,-0.15785],[100.01964,-0.16325],[100.01695,-0.16325],[100.01606,-0.16055],[100.01338,-0.16145],[100.01606,-0.15875]],[[100.01695,-0.16235],[100.01874,-0.16145],[100.01695,-0.16145],[100.01695,-0.16235]]],[[[99.90962,-0.15245],[99.90425,-0.15515],[99.90425,-0.14705],[99.91051,-0.14705],[99.90962,-0.15245]]],[[[99.92214,-0.14795],[99.92124,-0.14254],[99.92303,-0.14164],[99.92482,-0.14705],[99.92214,-0.14795]]],[[[100.01964,-0.13444],[100.01785,-0.13534],[100.02142,-0.13714],[100.01964,-0.14074],[100.02321,-0.13984],[100.02321,-0.14254],[100.01874,-0.14254],[100.02143,-0.14434],[100.01964,-0.14524],[100.02053,-0.14974],[100.01338,-0.14614],[100.01785,-0.13714],[100.01248,-0.13624],[100.01427,-0.13173],[100.01606,-0.13173],[100.01606,-0.13624],[100.01785,-0.13264],[100.01964,-0.13444]]],[[[100.0089,-0.12093],[100.00711,-0.12183],[100.00622,-0.12093],[100.00532,-0.12363],[100.00353,-0.11913],[100.00622,-0.11733],[100.0089,-0.12093]]],[[[99.88636,-0.11463],[99.88904,-0.11103],[99.89083,-0.11103],[99.88636,-0.11463]]],[[[100.01337,-0.11282],[100.01158,-0.11192],[100.01248,-0.10742],[100.01337,-0.10742],[100.01337,-0.11282]]],[[[99.8962,-0.10472],[99.90335,-0.09752],[99.90246,-0.10022],[99.90693,-0.10112],[99.90872,-0.09752],[99.9114,-0.09752],[99.9114,-0.10022],[99.90783,-0.10382],[99.90246,-0.10292],[99.89888,-0.10833],[99.8962,-0.10472]],[[99.91051,-0.10022],[99.90961,-0.09932],[99.90961,-0.10022],[99.91051,-0.10022]],[[99.90335,-0.10292],[99.90425,-0.10202],[99.90335,-0.10202],[99.90335,-0.10292]],[[99.89799,-0.10652],[99.89888,-0.10562],[99.89799,-0.10562],[99.89799,-0.10652]],[[99.90067,-0.10202],[99.90246,-0.10112],[99.90067,-0.10112],[99.90067,-0.10202]]],[[[99.9114,-0.10292],[99.9123,-0.10112],[99.91498,-0.09932],[99.91409,-0.10382],[99.9114,-0.10292]]],[[[99.90604,-0.10022],[99.90335,-0.09932],[99.90335,-0.09842],[99.90604,-0.09752],[99.90604,-0.10022]]],[[[99.90693,-0.09752],[99.90156,-0.09572],[99.90335,-0.09392],[99.90693,-0.09482],[99.90693,-0.09752]]],[[[100.02142,-0.09481],[100.02411,-0.09211],[100.0259,-0.09481],[100.02142,-0.09481]]],[[[100.07958,0.314],[100.0751,0.3131],[100.07689,0.3149],[100.07958,0.314]]],[[[100.06885,0.38513],[100.06617,0.38423],[100.06617,0.38964],[100.06885,0.38964],[100.06885,0.38513]]],[[[100.07422,0.39144],[100.07064,0.38423],[100.07154,0.39234],[100.07422,0.39144]]],[[[100.08853,0.39324],[100.08585,0.39594],[100.08406,0.39324],[100.08227,0.39684],[100.09032,0.39954],[100.08853,0.39324]]],[[[100.08317,0.40494],[100.08048,0.39864],[100.07422,0.39864],[100.07511,0.40134],[100.0769,0.39954],[100.07869,0.40584],[100.08317,0.40494]]],[[[100.07601,0.41125],[100.07512,0.40584],[100.0769,0.40404],[100.07333,0.40134],[100.07243,0.41575],[100.07512,0.41485],[100.07422,0.41215],[100.07601,0.41125]]],[[[100.03844,0.40945],[100.04113,0.41035],[100.04113,0.40675],[100.03844,0.40945]]],[[[100.03665,0.41395],[100.03755,0.40945],[100.03934,0.40765],[100.03486,0.40945],[100.03665,0.41395]],[[100.03576,0.40945],[100.03665,0.41035],[100.03576,0.41035],[100.03576,0.40945]]],[[[100.09301,0.41305],[100.09211,0.41125],[100.09479,0.40944],[100.09122,0.40674],[100.08764,0.41935],[100.09301,0.41305]]],[[[100.07601,0.42205],[100.07333,0.42025],[100.07512,0.41665],[100.07243,0.41665],[100.07243,0.42115],[100.07422,0.42385],[100.07601,0.42205]]],[[[100.08943,0.42115],[100.08675,0.42115],[100.08406,0.42836],[100.08764,0.42655],[100.08943,0.42115]]],[[[100.07512,0.42565],[100.07691,0.43196],[100.0778,0.42565],[100.07512,0.42565]]],[[[100.08317,0.43556],[100.08496,0.43826],[100.08764,0.43646],[100.08496,0.43466],[100.08317,0.43556]]],[[[100.07691,0.44096],[100.07691,0.43556],[100.07244,0.43556],[100.07333,0.43826],[100.07601,0.43826],[100.07691,0.44096]]],[[[100.07691,0.45987],[100.07423,0.46347],[100.07602,0.46437],[100.07691,0.45987]]],[[[100.06619,0.5058],[100.06887,0.5022],[100.06708,0.5022],[100.06619,0.5058]]],[[[100.06797,0.5058],[100.06708,0.5103],[100.06976,0.5139],[100.07066,0.5067],[100.06797,0.5058]],[[100.06887,0.5103],[100.06976,0.5094],[100.06976,0.5103],[100.06887,0.5103]]],[[[100.24603,-0.7494],[100.24782,-0.7485],[100.24871,-0.7512],[100.24782,-0.7512],[100.24603,-0.7494]]],[[[100.24155,-0.7467],[100.23976,-0.74671],[100.23618,-0.7386],[100.24066,-0.7404],[100.24155,-0.7467]]],[[[100.23619,-0.7404],[100.23529,-0.7431],[100.2344,-0.7404],[100.23619,-0.7404]]],[[[100.24244,-0.7341],[100.24513,-0.7332],[100.24513,-0.7359],[100.24155,-0.7386],[100.24244,-0.7341]]],[[[100.20219,-0.7107],[100.1995,-0.7107],[100.1995,-0.708],[100.20219,-0.708],[100.20219,-0.7107]]],[[[100.22634,-0.70439],[100.22902,-0.70529],[100.22902,-0.70709],[100.22544,-0.70799],[100.22634,-0.70439]]],[[[100.22544,-0.70349],[100.22186,-0.70259],[100.22455,-0.70169],[100.22544,-0.70349]]],[[[100.20129,-0.7062],[100.19592,-0.7017],[100.19503,-0.69629],[100.20039,-0.69269],[100.19771,-0.69539],[100.20129,-0.7062]],[[100.19771,-0.69809],[100.19682,-0.69719],[100.19682,-0.69809],[100.19771,-0.69809]]],[[[100.23617,-0.69628],[100.2326,-0.69899],[100.2326,-0.69628],[100.23617,-0.69628]]],[[[100.20576,-0.69989],[100.20129,-0.70169],[100.20308,-0.69269],[100.20397,-0.69809],[100.20576,-0.69989]]],[[[100.22276,-0.69719],[100.22544,-0.69539],[100.22544,-0.69899],[100.22276,-0.69719]]],[[[100.19324,-0.69179],[100.18966,-0.68909],[100.19055,-0.68729],[100.19592,-0.68819],[100.19324,-0.69179]]],[[[100.18519,-0.68729],[100.1834,-0.68639],[100.1825,-0.68459],[100.18519,-0.68459],[100.18519,-0.68729]]],[[[100.19413,-0.68099],[100.19055,-0.68279],[100.19145,-0.68459],[100.18876,-0.68459],[100.18966,-0.68009],[100.19413,-0.68099]]],[[[100.18161,-0.68099],[100.18161,-0.68369],[100.18071,-0.68369],[100.17892,-0.68099],[100.18161,-0.68099]]],[[[100.18966,-0.67468],[100.19234,-0.67558],[100.19234,-0.67829],[100.19145,-0.67829],[100.18966,-0.67468]]],[[[100.17803,-0.66658],[100.1816,-0.66748],[100.17892,-0.67199],[100.17803,-0.67199],[100.17803,-0.66658]]],[[[100.15298,-0.66029],[100.14761,-0.66119],[100.14672,-0.65849],[100.15298,-0.66029]]],[[[100.16818,-0.65668],[100.17087,-0.65848],[100.16819,-0.65848],[100.16818,-0.65668]]],[[[100.1503,-0.65669],[100.14672,-0.65579],[100.14761,-0.65398],[100.1503,-0.65669]]],[[[100.15029,-0.65398],[100.1494,-0.65128],[100.15298,-0.65128],[100.15298,-0.65398],[100.15029,-0.65398]]],[[[100.20307,-0.65127],[100.20038,-0.65217],[100.20217,-0.65127],[100.20128,-0.64767],[100.20307,-0.64767],[100.20307,-0.65127]]],[[[100.20396,-0.64767],[100.20664,-0.64857],[100.20575,-0.65037],[100.20486,-0.65037],[100.20396,-0.64767]]],[[[100.15387,-0.64948],[100.15477,-0.64588],[100.15655,-0.64498],[100.15745,-0.64858],[100.15387,-0.64948]]],[[[100.16013,-0.64498],[100.15387,-0.64408],[100.15476,-0.64138],[100.16013,-0.64498]]],[[[100.14582,-0.64228],[100.14671,-0.64048],[100.1485,-0.64318],[100.14582,-0.64228]]],[[[100.15387,-0.63327],[100.15655,-0.63327],[100.15745,-0.63507],[100.15297,-0.63688],[100.15387,-0.63327]]],[[[100.23347,-0.62245],[100.23526,-0.62245],[100.23526,-0.62605],[100.23437,-0.62605],[100.23347,-0.62245]]],[[[100.14313,-0.61527],[100.14671,-0.61347],[100.1476,-0.61617],[100.14313,-0.61527]]],[[[100.12256,-0.61257],[100.12166,-0.60987],[100.12792,-0.60897],[100.12524,-0.61257],[100.12256,-0.61257]],[[100.12345,-0.61167],[100.12435,-0.61077],[100.12345,-0.61077],[100.12345,-0.61167]]],[[[100.11719,-0.59186],[100.11987,-0.59456],[100.11808,-0.59546],[100.11719,-0.59186]]],[[[100.212,-0.58554],[100.20931,-0.59004],[100.20931,-0.58374],[100.212,-0.58554]]],[[[100.10555,-0.57656],[100.10645,-0.57295],[100.11003,-0.57385],[100.10555,-0.57656]]],[[[100.15917,0.11499],[100.16185,0.11949],[100.16274,0.11949],[100.16185,0.11229],[100.15917,0.11499]]],[[[100.15917,0.15371],[100.15649,0.15731],[100.16185,0.15371],[100.15917,0.15371]]],[[[100.09836,0.29779],[100.10194,0.29689],[100.10194,0.29418],[100.09925,0.29418],[100.09836,0.29779]]],[[[100.10283,0.29959],[100.10373,0.29689],[100.10015,0.29959],[100.10283,0.29959]]],[[[100.10195,0.37613],[100.09926,0.37703],[100.09837,0.37883],[100.10195,0.37883],[100.10195,0.37613]]],[[[100.09748,0.41485],[100.09479,0.41305],[100.09479,0.41485],[100.09748,0.41485]]],[[[100.09837,0.41305],[100.10106,0.41575],[100.10016,0.41305],[100.09837,0.41305]]],[[[100.10285,0.41845],[100.10106,0.41575],[100.10106,0.41845],[100.10285,0.41845]]],[[[100.50833,-1.2652],[100.50654,-1.267],[100.50654,-1.2652],[100.50833,-1.2652]]],[[[100.51011,-1.2652],[100.50832,-1.2625],[100.51011,-1.2625],[100.51011,-1.2652]]],[[[100.51011,-1.26069],[100.5119,-1.25979],[100.51011,-1.2625],[100.51011,-1.26069]]],[[[100.51726,-1.24719],[100.51547,-1.24449],[100.52084,-1.24448],[100.51726,-1.24719]]],[[[100.38216,-1.19234],[100.38395,-1.19504],[100.38216,-1.19594],[100.38216,-1.19234]]],[[[100.42234,-1.03026],[100.41697,-1.03026],[100.41697,-1.02936],[100.42412,-1.02756],[100.42234,-1.03026]]],[[[100.42323,-1.02576],[100.42502,-1.02215],[100.42591,-1.02755],[100.42323,-1.02576]]],[[[100.37935,-0.91503],[100.37846,-0.91413],[100.37935,-0.91323],[100.37935,-0.91503]]],[[[100.3883,-0.90692],[100.38204,-0.90693],[100.38382,-0.90963],[100.38025,-0.90963],[100.38203,-0.90422],[100.3874,-0.90422],[100.3883,-0.90692]]],[[[100.38114,-0.90423],[100.37846,-0.90603],[100.37935,-0.90333],[100.38114,-0.90423]]],[[[100.3874,-0.90422],[100.3874,-0.90062],[100.38919,-0.90422],[100.3874,-0.90422]]],[[[100.41065,-0.88621],[100.41154,-0.88441],[100.41423,-0.88531],[100.41333,-0.88801],[100.41065,-0.88621]]],[[[100.35161,-0.86192],[100.35519,-0.86192],[100.35429,-0.86642],[100.3525,-0.86642],[100.35161,-0.86192]]],[[[100.34266,-0.84662],[100.34355,-0.85022],[100.33908,-0.84932],[100.33908,-0.84842],[100.34266,-0.84662]]],[[[100.33729,-0.84842],[100.3364,-0.84572],[100.33997,-0.84392],[100.33997,-0.84752],[100.33729,-0.84842]]],[[[100.34892,-0.83851],[100.35339,-0.84121],[100.34892,-0.84121],[100.34892,-0.83851]]],[[[100.33727,-0.79079],[100.33638,-0.7944],[100.3328,-0.7944],[100.33369,-0.7908],[100.33727,-0.79079]]],[[[100.24959,-0.69448],[100.25406,-0.69718],[100.25138,-0.69808],[100.24959,-0.69448]]],[[[100.29431,-0.68816],[100.29341,-0.68456],[100.29699,-0.68366],[100.29699,-0.68546],[100.29431,-0.68816]]],[[[100.30146,-0.68096],[100.30146,-0.68366],[100.29968,-0.68456],[100.29967,-0.68186],[100.30146,-0.68096]]],[[[100.30057,-0.67826],[100.30146,-0.67466],[100.30325,-0.67466],[100.30057,-0.67826]]],[[[100.26658,-0.67467],[100.263,-0.67737],[100.25942,-0.67467],[100.26568,-0.67196],[100.26658,-0.67467]]],[[[100.26658,-0.66836],[100.263,-0.66656],[100.27284,-0.66206],[100.27284,-0.66476],[100.26658,-0.66836]]],[[[100.28178,-0.66656],[100.2791,-0.66386],[100.27999,-0.66206],[100.28178,-0.66206],[100.28178,-0.66656]]],[[[100.28893,-0.63954],[100.28625,-0.63954],[100.28804,-0.63594],[100.28893,-0.63594],[100.28893,-0.63954]]],[[[100.33633,-0.63143],[100.33723,-0.63503],[100.33544,-0.63503],[100.33633,-0.63143]]],[[[100.33901,-0.62873],[100.3417,-0.62873],[100.33902,-0.63233],[100.33901,-0.62873]]],[[[100.35154,-0.62872],[100.34975,-0.63052],[100.34706,-0.62872],[100.35154,-0.62872]]],[[[100.3417,-0.62693],[100.34438,-0.62782],[100.34259,-0.62873],[100.3417,-0.62693]]],[[[100.33454,-0.62963],[100.33365,-0.62783],[100.33812,-0.62422],[100.33901,-0.62603],[100.33633,-0.62603],[100.33454,-0.62963]]],[[[100.28802,-0.55401],[100.28623,-0.55581],[100.28444,-0.55491],[100.28444,-0.55401],[100.28802,-0.55401]]],[[[100.52143,-0.49183],[100.52233,-0.49453],[100.51785,-0.49273],[100.51785,-0.49093],[100.52143,-0.49183]],[[100.52143,-0.49183],[100.52054,-0.49273],[100.52143,-0.49273],[100.52143,-0.49183]]],[[[100.51875,-0.48283],[100.51606,-0.48283],[100.51427,-0.48103],[100.51785,-0.48013],[100.51875,-0.48283]]],[[[100.41855,-0.26497],[100.42212,-0.26497],[100.42212,-0.26677],[100.41765,-0.26767],[100.41855,-0.26497]]],[[[100.40334,-0.22625],[100.40423,-0.22985],[100.40244,-0.22985],[100.40155,-0.22805],[100.40334,-0.22625]]],[[[100.43106,-0.22085],[100.43643,-0.22175],[100.43106,-0.22265],[100.43106,-0.22085]]],[[[100.38992,-0.21095],[100.3935,-0.21095],[100.3935,-0.20645],[100.39529,-0.20645],[100.39529,-0.21185],[100.38992,-0.21095]]],[[[100.39797,-0.20825],[100.40155,-0.20915],[100.39797,-0.20915],[100.39797,-0.20825]]],[[[100.39618,-0.20645],[100.39797,-0.20825],[100.39618,-0.20915],[100.39618,-0.20645]]],[[[100.40244,-0.20735],[100.40512,-0.20554],[100.40691,-0.20644],[100.40512,-0.20825],[100.40244,-0.20735]]],[[[100.43195,-0.20374],[100.42391,-0.20374],[100.42301,-0.20104],[100.43195,-0.20104],[100.43195,-0.20374]]],[[[100.41228,-0.19654],[100.41854,-0.19744],[100.41854,-0.20014],[100.41228,-0.19924],[100.41228,-0.19654]]],[[[100.7179,-1.62155],[100.71163,-1.61975],[100.71342,-1.61615],[100.717,-1.61705],[100.7179,-1.62155]]],[[[100.71073,-1.61525],[100.71163,-1.61345],[100.71431,-1.61435],[100.71342,-1.61615],[100.71073,-1.61525]]],[[[100.70358,-1.61436],[100.70269,-1.61796],[100.70179,-1.61616],[100.69911,-1.61706],[100.69821,-1.60986],[100.70089,-1.60986],[100.70089,-1.61346],[100.70358,-1.61436]]],[[[100.68748,-1.61617],[100.683,-1.61438],[100.68389,-1.61078],[100.68837,-1.61347],[100.68748,-1.61617]]],[[[100.70357,-1.60896],[100.70625,-1.60626],[100.70537,-1.61436],[100.70358,-1.61436],[100.70357,-1.60896]]],[[[100.67403,-1.57928],[100.67582,-1.57747],[100.67761,-1.58017],[100.67493,-1.58378],[100.67583,-1.58918],[100.67225,-1.59008],[100.66956,-1.58828],[100.66956,-1.59008],[100.6633,-1.58919],[100.66152,-1.59459],[100.65794,-1.59369],[100.65436,-1.5973],[100.65525,-1.59009],[100.65794,-1.59099],[100.65793,-1.58559],[100.66241,-1.58739],[100.6624,-1.58469],[100.66867,-1.58468],[100.66956,-1.58198],[100.67224,-1.58648],[100.67135,-1.58198],[100.67582,-1.58198],[100.67403,-1.57928]],[[100.67493,-1.58378],[100.67403,-1.58288],[100.67403,-1.58378],[100.67493,-1.58378]],[[100.67404,-1.58918],[100.67314,-1.58828],[100.67314,-1.58918],[100.67404,-1.58918]],[[100.65794,-1.59099],[100.65883,-1.59189],[100.65883,-1.59099],[100.65794,-1.59099]],[[100.65794,-1.59189],[100.65704,-1.59279],[100.65794,-1.59279],[100.65794,-1.59189]],[[100.67314,-1.58558],[100.67403,-1.58648],[100.67403,-1.58558],[100.67314,-1.58558]],[[100.67135,-1.58828],[100.67225,-1.58738],[100.67135,-1.58738],[100.67135,-1.58828]]],[[[100.66956,-1.58198],[100.67134,-1.57928],[100.67135,-1.58198],[100.66956,-1.58198]]],[[[100.68386,-1.57477],[100.6785,-1.57747],[100.67939,-1.57297],[100.68386,-1.57477]]],[[[100.68655,-1.57386],[100.68386,-1.57297],[100.68654,-1.56756],[100.68833,-1.56756],[100.68655,-1.57386]]],[[[100.68833,-1.56756],[100.69101,-1.56576],[100.69012,-1.56846],[100.68833,-1.56756]]],[[[100.64359,-1.55409],[100.64001,-1.5523],[100.64449,-1.55229],[100.64359,-1.55409]]],[[[100.63912,-1.54689],[100.64001,-1.54509],[100.6418,-1.54689],[100.64627,-1.54599],[100.64091,-1.55139],[100.63643,-1.5496],[100.63822,-1.5451],[100.63912,-1.54689]],[[100.6418,-1.54689],[100.64091,-1.54779],[100.6418,-1.54779],[100.6418,-1.54689]],[[100.63733,-1.5496],[100.63912,-1.5487],[100.63733,-1.5487],[100.63733,-1.5496]]],[[[100.58895,-1.45691],[100.58627,-1.45421],[100.58806,-1.45151],[100.59164,-1.4533],[100.58895,-1.45691]]],[[[100.63368,-1.45057],[100.6301,-1.45238],[100.6292,-1.44968],[100.62652,-1.45148],[100.62563,-1.44968],[100.62831,-1.44698],[100.63368,-1.45057]]],[[[100.59789,-1.4416],[100.5979,-1.4497],[100.59432,-1.4497],[100.5961,-1.447],[100.59431,-1.4434],[100.59789,-1.4416]],[[100.5961,-1.4443],[100.597,-1.4434],[100.5961,-1.4434],[100.5961,-1.4443]]],[[[100.59699,-1.438],[100.59878,-1.44069],[100.5961,-1.4407],[100.59699,-1.438]]],[[[100.63992,-1.42806],[100.64082,-1.43166],[100.63456,-1.42987],[100.63545,-1.42716],[100.63634,-1.42896],[100.63992,-1.42806]]],[[[100.57365,-1.30927],[100.57634,-1.31737],[100.57276,-1.31287],[100.57276,-1.31737],[100.56829,-1.31828],[100.5665,-1.31648],[100.56918,-1.30927],[100.57365,-1.30927]],[[100.57187,-1.31648],[100.56918,-1.31468],[100.56918,-1.31648],[100.57187,-1.31648]],[[100.56829,-1.31288],[100.56918,-1.31378],[100.56918,-1.31288],[100.56829,-1.31288]],[[100.56918,-1.31288],[100.57007,-1.31197],[100.56918,-1.31198],[100.56918,-1.31288]],[[100.57007,-1.31288],[100.57097,-1.31377],[100.57097,-1.31287],[100.57007,-1.31288]]],[[[100.56292,-1.31198],[100.56381,-1.31018],[100.5656,-1.31018],[100.5656,-1.31288],[100.56292,-1.31198]]],[[[100.55576,-1.30568],[100.55486,-1.30298],[100.55486,-1.30208],[100.55844,-1.30298],[100.55755,-1.30568],[100.55576,-1.30568]]],[[[100.58526,-1.28046],[100.58436,-1.27686],[100.58794,-1.27685],[100.58884,-1.27955],[100.58526,-1.28046]]],[[[100.57452,-1.26876],[100.57631,-1.27146],[100.57452,-1.27146],[100.57452,-1.26876]]],[[[100.5298,-1.26969],[100.53158,-1.26698],[100.53337,-1.26698],[100.53159,-1.27239],[100.5298,-1.26969]]],[[[100.56736,-1.26426],[100.57452,-1.26876],[100.57184,-1.27056],[100.56557,-1.26786],[100.56736,-1.26426]],[[100.57005,-1.26876],[100.57094,-1.26786],[100.57005,-1.26786],[100.57005,-1.26876]]],[[[100.55305,-1.26697],[100.55037,-1.26877],[100.54769,-1.26878],[100.54858,-1.26607],[100.55305,-1.26697]]],[[[100.55484,-1.26697],[100.55752,-1.26247],[100.55752,-1.26517],[100.55484,-1.26697]]],[[[100.53962,-1.25077],[100.53694,-1.25258],[100.53694,-1.25078],[100.53962,-1.25077]]],[[[100.5432,-1.24717],[100.54231,-1.24987],[100.54052,-1.24987],[100.54052,-1.24717],[100.5432,-1.24717]]],[[[100.69237,-0.87349],[100.69058,-0.87079],[100.69326,-0.87078],[100.69237,-0.87349]]],[[[100.70042,-0.86538],[100.69505,-0.86358],[100.69773,-0.86178],[100.70042,-0.86538]]],[[[100.70041,-0.85368],[100.70578,-0.85367],[100.70309,-0.85458],[100.70488,-0.85818],[100.70131,-0.85908],[100.70041,-0.85368]],[[100.70131,-0.85728],[100.7022,-0.85638],[100.70131,-0.85638],[100.70131,-0.85728]]],[[[100.68967,-0.84288],[100.68788,-0.84108],[100.68967,-0.83658],[100.69235,-0.83658],[100.68967,-0.84288]]],[[[100.59304,-0.72408],[100.59125,-0.72138],[100.59394,-0.72048],[100.59304,-0.72408]]],[[[100.59572,-0.71058],[100.5984,-0.71238],[100.59572,-0.71418],[100.59572,-0.71058]]],[[[100.59572,-0.70878],[100.59393,-0.70698],[100.59572,-0.70698],[100.59572,-0.70878]]],[[[100.5975,-0.69527],[100.59572,-0.70698],[100.59393,-0.69888],[100.58677,-0.69978],[100.58677,-0.69798],[100.5975,-0.69527]]],[[[100.5832,-0.69888],[100.58498,-0.69888],[100.58767,-0.70248],[100.58409,-0.70248],[100.5832,-0.69888]]],[[[100.5832,-0.69798],[100.58051,-0.69888],[100.58051,-0.69708],[100.5832,-0.69798]]],[[[100.53847,-0.66018],[100.54026,-0.66018],[100.54115,-0.65658],[100.54115,-0.66288],[100.53847,-0.66018]]],[[[100.53485,-0.50893],[100.53753,-0.50983],[100.53574,-0.51073],[100.53485,-0.50893]]],[[[100.54021,-0.50533],[100.54111,-0.50893],[100.53753,-0.50803],[100.53753,-0.50713],[100.54021,-0.50533]]],[[[100.63411,-0.4963],[100.6359,-0.4963],[100.63769,-0.4981],[100.63501,-0.49901],[100.63411,-0.4963]]],[[[100.66004,-0.4963],[100.66273,-0.4936],[100.66362,-0.4954],[100.66004,-0.4963]]],[[[100.58581,-0.4297],[100.58759,-0.4279],[100.58938,-0.4315],[100.58581,-0.4297]]],[[[100.64837,-0.21002],[100.65195,-0.20732],[100.65105,-0.21092],[100.64837,-0.21002]]],[[[100.65195,-0.20192],[100.65105,-0.20642],[100.65105,-0.20192],[100.65195,-0.20192]]],[[[100.65821,-0.20732],[100.65463,-0.20552],[100.65373,-0.20282],[100.6591,-0.20102],[100.65821,-0.20732]]],[[[100.92716,-2.34864],[100.92895,-2.35224],[100.92089,-2.34955],[100.92,-2.34775],[100.92716,-2.34864]]],[[[100.91461,-2.33876],[100.91372,-2.33696],[100.91461,-2.33516],[100.91461,-2.33876]]],[[[100.91014,-2.33876],[100.90924,-2.33516],[100.91102,-2.33066],[100.91282,-2.33696],[100.91014,-2.33876]]],[[[100.9368,-2.20011],[100.93948,-2.20011],[100.93769,-2.19741],[100.94038,-2.19831],[100.94038,-2.20101],[100.93859,-2.20191],[100.9368,-2.20011]]],[[[100.93589,-2.19021],[100.92874,-2.19202],[100.92605,-2.19113],[100.92783,-2.18572],[100.92962,-2.18572],[100.92873,-2.18842],[100.93589,-2.18841],[100.93589,-2.19021]]],[[[100.93141,-2.18662],[100.9332,-2.18482],[100.9341,-2.18662],[100.93141,-2.18662]]],[[[100.92513,-2.16862],[100.92781,-2.16952],[100.92782,-2.17312],[100.9305,-2.17312],[100.9314,-2.17672],[100.92693,-2.17672],[100.92515,-2.18303],[100.92246,-2.18303],[100.92155,-2.17043],[100.92513,-2.17132],[100.92513,-2.16862]],[[100.92246,-2.18033],[100.92335,-2.17943],[100.92246,-2.17943],[100.92246,-2.18033]],[[100.92514,-2.17493],[100.92692,-2.17312],[100.92513,-2.17313],[100.92514,-2.17493]]],[[[100.95819,-2.13168],[100.95282,-2.13259],[100.9546,-2.12898],[100.95818,-2.12898],[100.95819,-2.13168]],[[100.9555,-2.13078],[100.95639,-2.12988],[100.9555,-2.12988],[100.9555,-2.13078]]],[[[100.92856,-2.04621],[100.93303,-2.0471],[100.93303,-2.0489],[100.92945,-2.04891],[100.92856,-2.04621]]],[[[100.96702,-2.03986],[100.96345,-2.04526],[100.96255,-2.04256],[100.96702,-2.03986]]],[[[100.90791,-1.98502],[100.90969,-1.98232],[100.91238,-1.98142],[100.91149,-1.98682],[100.90791,-1.98502]],[[100.9097,-1.98322],[100.91149,-1.98412],[100.91148,-1.98322],[100.9097,-1.98322]]],[[[100.89354,-1.93283],[100.89175,-1.93734],[100.88728,-1.93734],[100.88907,-1.93554],[100.88727,-1.93284],[100.89354,-1.93283]]],[[[100.87922,-1.93285],[100.88548,-1.93284],[100.88817,-1.93554],[100.88012,-1.93555],[100.87922,-1.93285]]],[[[100.88727,-1.93284],[100.88459,-1.93194],[100.88548,-1.93014],[100.88727,-1.93014],[100.88727,-1.93284]]],[[[100.88544,-1.88874],[100.88364,-1.88604],[100.88633,-1.88514],[100.88544,-1.88874]]],[[[100.87828,-1.88514],[100.88364,-1.88514],[100.88275,-1.88784],[100.88007,-1.88874],[100.87828,-1.88514]]],[[[100.87559,-1.88785],[100.87291,-1.88695],[100.87291,-1.88335],[100.87559,-1.88425],[100.87559,-1.88785]]],[[[100.88722,-1.88063],[100.88274,-1.88064],[100.88006,-1.88064],[100.88274,-1.87794],[100.88721,-1.87883],[100.88722,-1.88063]]],[[[100.84247,-1.86718],[100.84426,-1.86808],[100.84426,-1.86988],[100.84247,-1.86718]]],[[[100.84158,-1.86808],[100.8389,-1.86898],[100.8371,-1.86268],[100.84068,-1.86358],[100.84158,-1.86808]]],[[[100.83887,-1.83928],[100.84155,-1.83658],[100.84066,-1.84018],[100.83887,-1.83928]]],[[[100.81739,-1.833],[100.82007,-1.833],[100.82008,-1.8357],[100.81828,-1.8348],[100.81739,-1.833]]],[[[100.83438,-1.83208],[100.83796,-1.83118],[100.83707,-1.83568],[100.83528,-1.83478],[100.83438,-1.83208]]],[[[100.83528,-1.82848],[100.8317,-1.82938],[100.8308,-1.82669],[100.83528,-1.82848]]],[[[100.83706,-1.82668],[100.83796,-1.82938],[100.83617,-1.82938],[100.83706,-1.82668]]],[[[100.81738,-1.8213],[100.82096,-1.82129],[100.82723,-1.82939],[100.82186,-1.82849],[100.81738,-1.8213]],[[100.82186,-1.82759],[100.82275,-1.82669],[100.82186,-1.82669],[100.82186,-1.82759]]],[[[100.83079,-1.81858],[100.8299,-1.82399],[100.82542,-1.81589],[100.83079,-1.81858]]],[[[100.78695,-1.81143],[100.78427,-1.81143],[100.78426,-1.80873],[100.78784,-1.80782],[100.78785,-1.81413],[100.78695,-1.81143]]],[[[100.77886,-1.77273],[100.77707,-1.77003],[100.78065,-1.77092],[100.77886,-1.77273]]],[[[100.78959,-1.76912],[100.78065,-1.77453],[100.78423,-1.76822],[100.78959,-1.76642],[100.78959,-1.76912]]],[[[100.79496,-1.76371],[100.79227,-1.76191],[100.79495,-1.76191],[100.79496,-1.76371]]],[[[100.79674,-1.76191],[100.79406,-1.76011],[100.79674,-1.75831],[100.79674,-1.76191]]],[[[100.80836,-1.75199],[100.80747,-1.7547],[100.80479,-1.7547],[100.80568,-1.7511],[100.80836,-1.75199]]],[[[100.75468,-1.74574],[100.75557,-1.74304],[100.75647,-1.74484],[100.75468,-1.74574]]],[[[100.75468,-1.74034],[100.75379,-1.74304],[100.75289,-1.74034],[100.75468,-1.74034]]],[[[100.75198,-1.73044],[100.75109,-1.72774],[100.75556,-1.72864],[100.75556,-1.73044],[100.75198,-1.73044]]],[[[100.78327,-1.70701],[100.78685,-1.70341],[100.78685,-1.70971],[100.78327,-1.70701]]],[[[100.75017,-1.70614],[100.75375,-1.70434],[100.75018,-1.70884],[100.75017,-1.70614]]],[[[100.73586,-1.70795],[100.73765,-1.70705],[100.73944,-1.70435],[100.73765,-1.70885],[100.73586,-1.70795]]],[[[100.73138,-1.70076],[100.7287,-1.69986],[100.72959,-1.69536],[100.72959,-1.69806],[100.73228,-1.69895],[100.73138,-1.70076]]],[[[100.76,-1.69623],[100.75732,-1.69713],[100.75732,-1.69443],[100.76,-1.69623]]],[[[100.72958,-1.69086],[100.73316,-1.68815],[100.73495,-1.69265],[100.73227,-1.69265],[100.72958,-1.69086]]],[[[100.7439,-1.68904],[100.74032,-1.69175],[100.73763,-1.68725],[100.7439,-1.68904]]],[[[100.72242,-1.67646],[100.71794,-1.67466],[100.72062,-1.67286],[100.72242,-1.67646]]],[[[100.72331,-1.67646],[100.72241,-1.67466],[100.72152,-1.67196],[100.7242,-1.67196],[100.72599,-1.67556],[100.72331,-1.67646]]],[[[100.72778,-1.67015],[100.73046,-1.66925],[100.72957,-1.67285],[100.72778,-1.67285],[100.72778,-1.67015]]],[[[100.74208,-1.65844],[100.74297,-1.65484],[100.74744,-1.65483],[100.74387,-1.65934],[100.74208,-1.65844]],[[100.74297,-1.65574],[100.74387,-1.65663],[100.74387,-1.65573],[100.74297,-1.65574]]],[[[101.12828,-2.20975],[101.12112,-2.21066],[101.11933,-2.20706],[101.12827,-2.20435],[101.12828,-2.20975]],[[101.1238,-2.20886],[101.1247,-2.20796],[101.1238,-2.20796],[101.1238,-2.20886]]],[[[101.09423,-2.1711],[101.09333,-2.1666],[101.09601,-2.1657],[101.0978,-2.17019],[101.09423,-2.1711]]],[[[101.0808,-2.16842],[101.07812,-2.16842],[101.0799,-2.16572],[101.0808,-2.16572],[101.0808,-2.16842]]],[[[101.06559,-2.16664],[101.06291,-2.16664],[101.06201,-2.16754],[101.0638,-2.16394],[101.06559,-2.16664]]],[[[101.05842,-2.15945],[101.05485,-2.15945],[101.05305,-2.15676],[101.06289,-2.15314],[101.06468,-2.15584],[101.05842,-2.15765],[101.05842,-2.15945]]],[[[101.09955,-2.13599],[101.10134,-2.13959],[101.10581,-2.13688],[101.1085,-2.13958],[101.10403,-2.14229],[101.10493,-2.14588],[101.10313,-2.14319],[101.09687,-2.14499],[101.09599,-2.1558],[101.09242,-2.1585],[101.09331,-2.1531],[101.09062,-2.1495],[101.09776,-2.13959],[101.09686,-2.13689],[101.09955,-2.13599]],[[101.10045,-2.13959],[101.09866,-2.14049],[101.10045,-2.14049],[101.10045,-2.13959]],[[101.10313,-2.13869],[101.10402,-2.13959],[101.10402,-2.13869],[101.10313,-2.13869]],[[101.09331,-2.1531],[101.0942,-2.1522],[101.09331,-2.1522],[101.09331,-2.1531]],[[101.09598,-2.1423],[101.09687,-2.14319],[101.09687,-2.14229],[101.09598,-2.1423]]],[[[100.98766,-2.08934],[100.98587,-2.09204],[100.98676,-2.08934],[100.98766,-2.08934]]],[[[100.97513,-2.09115],[100.97245,-2.08756],[100.97244,-2.08576],[100.97692,-2.08845],[100.97513,-2.09115]]],[[[100.99571,-2.08753],[100.99123,-2.08933],[100.98766,-2.08934],[100.99033,-2.08483],[100.99571,-2.08753]],[[100.99123,-2.08663],[100.99034,-2.08753],[100.99123,-2.08753],[100.99123,-2.08663]]],[[[101.02342,-2.07129],[101.0261,-2.07219],[101.02342,-2.07399],[101.02342,-2.07129]]],[[[101.01984,-2.0722],[101.01984,-2.06769],[101.02073,-2.06769],[101.02252,-2.07129],[101.01984,-2.0722]]],[[[101.01715,-2.0641],[101.01714,-2.0605],[101.01893,-2.0605],[101.01894,-2.0641],[101.02431,-2.06499],[101.02162,-2.06769],[101.02073,-2.06499],[101.01715,-2.065],[101.01447,-2.0686],[101.01357,-2.0632],[101.01715,-2.0641]]],[[[101.02609,-2.06139],[101.0252,-2.06409],[101.0243,-2.06409],[101.0243,-2.06139],[101.02609,-2.06139]]],[[[101.02162,-2.06229],[101.0243,-2.06049],[101.02341,-2.06319],[101.02162,-2.06229]]],[[[101.01893,-2.0551],[101.01624,-2.0569],[101.01624,-2.056],[101.01893,-2.0551]]],[[[101.01086,-2.04791],[101.01355,-2.0488],[101.01266,-2.0515],[101.00997,-2.05151],[101.01086,-2.04791]]],[[[101.62877,-1.2625],[101.62787,-1.2598],[101.63055,-1.2598],[101.63145,-1.2616],[101.62877,-1.2625]]],[[[101.59388,-1.23374],[101.59388,-1.23554],[101.59031,-1.23825],[101.5912,-1.23375],[101.59388,-1.23374]],[[101.59299,-1.23554],[101.59209,-1.23465],[101.59209,-1.23555],[101.59299,-1.23554]]],[[[101.58493,-1.22296],[101.58403,-1.22026],[101.58582,-1.22116],[101.58493,-1.22296]]],[[[101.58672,-1.22026],[101.58314,-1.22026],[101.58224,-1.21666],[101.58671,-1.21486],[101.58672,-1.22026]],[[101.58403,-1.21846],[101.58671,-1.21756],[101.58403,-1.21756],[101.58403,-1.21846]]],[[[101.58671,-1.21396],[101.58581,-1.21306],[101.58671,-1.21126],[101.58671,-1.21396]]],[[[101.58045,-1.20947],[101.58402,-1.20946],[101.58313,-1.21306],[101.58045,-1.21126],[101.58045,-1.20947]]],[[[101.81632,-1.12287],[101.81722,-1.12107],[101.82168,-1.12107],[101.82169,-1.12287],[101.81632,-1.12287]]],[[[101.81721,-1.12018],[101.81543,-1.12198],[101.81453,-1.12018],[101.81721,-1.12018]]],[[[101.86189,-1.11653],[101.85475,-1.11834],[101.85474,-1.11474],[101.85653,-1.11654],[101.85832,-1.11294],[101.86278,-1.11383],[101.86189,-1.11653]],[[101.8601,-1.11474],[101.85921,-1.11564],[101.86011,-1.11564],[101.8601,-1.11474]]],[[[101.726,-1.06179],[101.72243,-1.06269],[101.72243,-1.06179],[101.726,-1.06179]]],[[[101.72958,-1.06179],[101.726,-1.06179],[101.726,-1.05999],[101.72958,-1.05999],[101.72958,-1.06179]]],[[[101.53651,-1.05115],[101.53472,-1.04846],[101.53293,-1.04846],[101.53293,-1.04576],[101.53651,-1.05115]]],[[[101.53561,-1.04666],[101.53293,-1.04306],[101.53739,-1.04036],[101.53651,-1.04666],[101.53561,-1.04666]],[[101.53472,-1.04486],[101.53561,-1.04396],[101.53472,-1.04396],[101.53472,-1.04486]]],[[[101.63035,-1.03758],[101.63214,-1.04118],[101.63035,-1.04118],[101.63035,-1.03758]]],[[[101.53829,-1.03946],[101.53739,-1.03496],[101.54007,-1.03586],[101.54008,-1.03945],[101.53918,-1.03676],[101.53829,-1.03946]]],[[[101.67145,-1.02225],[101.66877,-1.02315],[101.66877,-1.02135],[101.67145,-1.02225]]],[[[101.67235,-1.02225],[101.67145,-1.01955],[101.67324,-1.01955],[101.67234,-1.02045],[101.67235,-1.02225]]],[[[101.70273,-1.02223],[101.70094,-1.01863],[101.69826,-1.01863],[101.69826,-1.01683],[101.70273,-1.01863],[101.70273,-1.02223]]],[[[101.69826,-1.01593],[101.69468,-1.01504],[101.69468,-1.01414],[101.69915,-1.01413],[101.69826,-1.01593]]],[[[101.69289,-1.01234],[101.69468,-1.01414],[101.69289,-1.01414],[101.69289,-1.01234]]],[[[101.63301,-1.01059],[101.6348,-1.01419],[101.63212,-1.01329],[101.63301,-1.01059]]],[[[101.63033,-1.00969],[101.63301,-1.01059],[101.63033,-1.01149],[101.63033,-1.00969]]],[[[101.4748,-1.00801],[101.47748,-1.00981],[101.47659,-1.01161],[101.4748,-1.01161],[101.4748,-1.00801]]],[[[101.6187,-0.99441],[101.62138,-0.9962],[101.61959,-0.9998],[101.6187,-0.9998],[101.6187,-0.99441]]],[[[101.33265,-0.98472],[101.33443,-0.98652],[101.33175,-0.98832],[101.33175,-0.98652],[101.33265,-0.98472]]],[[[101.34248,-0.98472],[101.3398,-0.98202],[101.34516,-0.98202],[101.34695,-0.98381],[101.34695,-0.98561],[101.34248,-0.98472]],[[101.34605,-0.98381],[101.34516,-0.98471],[101.34606,-0.98471],[101.34605,-0.98381]],[[101.34337,-0.98382],[101.34427,-0.98292],[101.34337,-0.98292],[101.34337,-0.98382]]],[[[101.33801,-0.98202],[101.3398,-0.98472],[101.33801,-0.98472],[101.33801,-0.98202]]],[[[101.33532,-0.97662],[101.338,-0.97392],[101.338,-0.97662],[101.33532,-0.97662]]],[[[101.35408,-0.95771],[101.35676,-0.95771],[101.35587,-0.96041],[101.35408,-0.96041],[101.35408,-0.95771]]],[[[101.35408,-0.95681],[101.35051,-0.95772],[101.35051,-0.95682],[101.35408,-0.95681]]]]}},{"type":"Feature","properties":{"flood_val":1,"fase":"fase3","luas_m2":36783694.99555136,"luas_km2":36.783694995551365},"geometry":{"type":"MultiPolygon","coordinates":[[[[100.01998,-2.83405],[100.02267,-2.83765],[100.02535,-2.83495],[100.02536,-2.84395],[100.03163,-2.84215],[100.02895,-2.84935],[100.02536,-2.84575],[100.0182,-2.84576],[100.01909,-2.84216],[100.02267,-2.84125],[100.01998,-2.83405]],[[100.02446,-2.83765],[100.02356,-2.83855],[100.02446,-2.83855],[100.02446,-2.83765]],[[100.02267,-2.84215],[100.02178,-2.84306],[100.02267,-2.84305],[100.02267,-2.84215]]],[[[100.037,-2.84034],[100.03342,-2.84124],[100.03341,-2.83854],[100.037,-2.84034]]],[[[100.02266,-2.83225],[100.02446,-2.83405],[100.02266,-2.83405],[100.02266,-2.83225]]],[[[100.07819,-2.8322],[100.07639,-2.8304],[100.07639,-2.8277],[100.08087,-2.82859],[100.07819,-2.8322]],[[100.07729,-2.8304],[100.07818,-2.8295],[100.07729,-2.8295],[100.07729,-2.8304]]],[[[98.939,-1.20169],[98.93721,-1.20079],[98.93721,-1.19899],[98.94079,-1.19899],[98.939,-1.20169]]],[[[100.15745,-0.64588],[100.15566,-0.64408],[100.15566,-0.64048],[100.15924,-0.64318],[100.15745,-0.64588]]],[[[100.15745,-0.63327],[100.15387,-0.63597],[100.15387,-0.63327],[100.15745,-0.63327]]],[[[100.13687,-0.62697],[100.13777,-0.62337],[100.13955,-0.62337],[100.13956,-0.62787],[100.13687,-0.62697]]],[[[100.14492,-0.61347],[100.1485,-0.61346],[100.1485,-0.61707],[100.14492,-0.61617],[100.14403,-0.61797],[100.14492,-0.61347]]],[[[100.10913,-0.57565],[100.10377,-0.57475],[100.10824,-0.57205],[100.10734,-0.57475],[100.10913,-0.57565]]],[[[99.97224,-0.33525],[99.96777,-0.33615],[99.97045,-0.33255],[99.97224,-0.33525]]],[[[99.96151,-0.33255],[99.95614,-0.33165],[99.95972,-0.32805],[99.96151,-0.33255]]],[[[99.89531,-0.30734],[99.89442,-0.31004],[99.89084,-0.30914],[99.89174,-0.30644],[99.89531,-0.30734]]],[[[99.88726,-0.30464],[99.88995,-0.30644],[99.89084,-0.31004],[99.88637,-0.31004],[99.88458,-0.30734],[99.88726,-0.30464]]],[[[99.90158,-0.30374],[99.90068,-0.30104],[99.90426,-0.30013],[99.90515,-0.30194],[99.90158,-0.30374]]],[[[99.89531,-0.27942],[99.90873,-0.28302],[99.91052,-0.28753],[99.90784,-0.28843],[99.90873,-0.29473],[99.90336,-0.29923],[99.89084,-0.29833],[99.89174,-0.29473],[99.89442,-0.29473],[99.89352,-0.29113],[99.90157,-0.29113],[99.89979,-0.28843],[99.89084,-0.28843],[99.89174,-0.29383],[99.881,-0.29383],[99.88011,-0.29834],[99.87653,-0.29473],[99.87653,-0.29023],[99.87295,-0.29023],[99.87653,-0.28933],[99.87653,-0.28483],[99.87832,-0.28753],[99.88011,-0.28663],[99.88011,-0.28123],[99.8819,-0.28483],[99.88458,-0.28303],[99.88816,-0.28573],[99.89084,-0.28573],[99.89084,-0.28303],[99.89621,-0.28573],[99.89531,-0.27942]],[[99.89979,-0.28303],[99.90068,-0.28483],[99.90068,-0.28303],[99.89979,-0.28303]],[[99.90247,-0.28573],[99.90336,-0.28663],[99.90336,-0.28573],[99.90247,-0.28573]],[[99.90336,-0.28843],[99.90426,-0.28933],[99.90426,-0.28843],[99.90336,-0.28843]],[[99.87832,-0.29383],[99.87921,-0.29473],[99.87921,-0.29383],[99.87832,-0.29383]]],[[[99.88637,-0.27672],[99.88637,-0.27312],[99.88905,-0.27222],[99.88905,-0.27672],[99.88637,-0.27672]]],[[[99.84611,-0.24791],[99.8488,-0.25421],[99.84164,-0.25241],[99.84253,-0.24701],[99.84611,-0.24791]]],[[[100.01695,-0.15245],[100.01874,-0.15425],[100.01606,-0.15425],[100.01606,-0.15695],[100.01874,-0.15785],[100.01606,-0.15965],[100.01427,-0.15515],[100.01695,-0.15245]],[[100.01606,-0.15875],[100.01695,-0.15785],[100.01606,-0.15785],[100.01606,-0.15875]]],[[[100.00532,-0.12003],[100.00622,-0.12363],[100.00532,-0.12363],[100.00532,-0.12003]]],[[[100.00532,-0.11913],[100.00532,-0.11643],[100.00622,-0.11643],[100.00801,-0.11913],[100.00532,-0.11913]]],[[[99.90067,-0.10743],[99.89888,-0.10562],[99.90067,-0.10562],[99.90067,-0.10743]]],[[[99.89799,-0.10202],[99.90246,-0.10202],[99.90246,-0.10022],[99.90783,-0.10022],[99.90604,-0.10382],[99.90246,-0.10292],[99.90156,-0.10472],[99.89888,-0.10472],[99.89709,-0.10652],[99.89799,-0.10202]],[[99.90335,-0.10292],[99.90425,-0.10202],[99.90335,-0.10202],[99.90335,-0.10292]],[[99.90156,-0.10382],[99.89978,-0.10292],[99.89978,-0.10382],[99.90156,-0.10382]]],[[[99.90067,-0.09842],[99.90246,-0.10022],[99.90067,-0.10022],[99.90067,-0.09842]]],[[[99.90872,-0.09752],[99.9114,-0.09932],[99.90872,-0.09932],[99.90872,-0.09752]]],[[[99.90783,-0.09662],[99.90246,-0.09572],[99.90246,-0.09482],[99.90514,-0.09392],[99.90783,-0.09662]]],[[[99.72892,0.02675],[99.73071,0.02945],[99.73161,0.02675],[99.72892,0.02675]]],[[[99.69941,0.03846],[99.69672,0.04116],[99.69941,0.04116],[99.69941,0.03846]]],[[[100.16185,0.15461],[100.15738,0.15461],[100.15827,0.15641],[100.16185,0.15461]]],[[[100.15738,0.15731],[100.15917,0.15911],[100.15917,0.15731],[100.15738,0.15731]]],[[[99.86132,0.17534],[99.85953,0.17804],[99.85953,0.17984],[99.8631,0.17624],[99.86132,0.17534]]],[[[99.49277,0.18976],[99.49545,0.19066],[99.49724,0.18796],[99.49366,0.18796],[99.49277,0.18976]]],[[[99.80318,0.22847],[99.79781,0.22937],[99.79781,0.23117],[99.80049,0.23207],[99.80318,0.22847]]],[[[99.79781,0.23838],[99.79781,0.23117],[99.79423,0.23297],[99.79513,0.23928],[99.79781,0.23838]]],[[[99.4874,0.23749],[99.4874,0.23479],[99.48472,0.23389],[99.48472,0.23659],[99.4874,0.23749]]],[[[99.74951,0.278],[99.74951,0.2708],[99.74861,0.2708],[99.74682,0.278],[99.74951,0.278]]],[[[100.09836,0.29869],[100.09836,0.30049],[100.10194,0.29959],[100.10194,0.29869],[100.09836,0.29869]]],[[[100.07332,0.314],[100.0751,0.3149],[100.07689,0.3131],[100.07779,0.3149],[100.07868,0.3131],[100.0751,0.3122],[100.07332,0.314]]],[[[100.07065,0.44727],[100.07154,0.45087],[100.07423,0.44997],[100.07333,0.44817],[100.07065,0.44727]]],[[[100.5119,-1.25979],[100.51012,-1.2661],[100.50654,-1.267],[100.50832,-1.2625],[100.5119,-1.25979]],[[100.50833,-1.2643],[100.50922,-1.2652],[100.50922,-1.2643],[100.50833,-1.2643]]],[[[100.51547,-1.24449],[100.51815,-1.24629],[100.51547,-1.24629],[100.51547,-1.24449]]],[[[100.45733,-1.24362],[100.46001,-1.24542],[100.45822,-1.24632],[100.45733,-1.24362]]],[[[100.54229,-1.22736],[100.54587,-1.22826],[100.5423,-1.22827],[100.54229,-1.22736]]],[[[100.54945,-1.22646],[100.54856,-1.22826],[100.54587,-1.22736],[100.54587,-1.22646],[100.54945,-1.22646]]],[[[100.42412,-1.02846],[100.41697,-1.03026],[100.42323,-1.02395],[100.42233,-1.02756],[100.42412,-1.02846]]],[[[100.42502,-1.02755],[100.42323,-1.02576],[100.42323,-1.02215],[100.42502,-1.02215],[100.42502,-1.02755]]],[[[100.38293,-0.91503],[100.37936,-0.91593],[100.37935,-0.91503],[100.38293,-0.91503]]],[[[100.37935,-0.91503],[100.37667,-0.91323],[100.37846,-0.91233],[100.37935,-0.91503]]],[[[100.38472,-0.90693],[100.38561,-0.90422],[100.3883,-0.90512],[100.38651,-0.90782],[100.38472,-0.90693]]],[[[100.34176,-0.84572],[100.34355,-0.84662],[100.34355,-0.84932],[100.34087,-0.84932],[100.34176,-0.84572]]],[[[100.33459,-0.7944],[100.33638,-0.79079],[100.33638,-0.7944],[100.33459,-0.7944]]],[[[100.29341,-0.68546],[100.29699,-0.68456],[100.29342,-0.68816],[100.29341,-0.68546]]],[[[100.29789,-0.68456],[100.30146,-0.68096],[100.30057,-0.68456],[100.29789,-0.68456]]],[[[100.26658,-0.66746],[100.26747,-0.66476],[100.27284,-0.66206],[100.27284,-0.66476],[100.26658,-0.66746]]],[[[100.3408,-0.62783],[100.33991,-0.63233],[100.33544,-0.63503],[100.3408,-0.62783]]],[[[100.33544,-0.62783],[100.33544,-0.62513],[100.33812,-0.62332],[100.33901,-0.62603],[100.33544,-0.62783]]],[[[100.53843,-0.50803],[100.53574,-0.51073],[100.53574,-0.50803],[100.5429,-0.50533],[100.54111,-0.50623],[100.542,-0.50893],[100.53843,-0.50803]]],[[[100.52233,-0.49363],[100.51875,-0.49093],[100.52232,-0.49183],[100.52233,-0.49363]]],[[[100.41944,-0.26767],[100.41765,-0.26497],[100.42212,-0.26497],[100.41944,-0.26767]]],[[[100.39619,-0.26227],[100.39619,-0.26497],[100.3944,-0.26497],[100.3935,-0.26317],[100.39619,-0.26227]]],[[[100.41229,-0.26407],[100.41497,-0.26046],[100.41407,-0.26407],[100.41229,-0.26407]]],[[[100.39708,-0.26137],[100.39798,-0.25777],[100.39798,-0.26137],[100.39708,-0.26137]]],[[[100.38813,-0.23256],[100.38635,-0.23076],[100.38903,-0.23076],[100.38813,-0.23256]]],[[[100.43553,-0.21995],[100.43106,-0.22265],[100.43106,-0.21995],[100.43553,-0.21995]]],[[[100.38366,-0.21545],[100.38008,-0.21635],[100.38008,-0.21365],[100.38098,-0.21545],[100.38366,-0.21545]]],[[[100.38187,-0.21365],[100.38098,-0.21005],[100.38187,-0.21005],[100.38187,-0.21365]]],[[[100.43195,-0.20284],[100.42391,-0.20374],[100.42301,-0.20104],[100.43195,-0.20104],[100.43195,-0.20284]]],[[[100.41764,-0.19834],[100.41675,-0.20014],[100.41138,-0.19924],[100.41228,-0.19654],[100.41854,-0.19744],[100.41854,-0.19564],[100.42212,-0.19924],[100.41764,-0.19834]]],[[[100.16185,0.11499],[100.16096,0.11319],[100.15917,0.11679],[100.16364,0.11679],[100.16543,0.11409],[100.16185,0.11499]]],[[[100.68658,-1.61167],[100.68658,-1.61437],[100.6839,-1.61438],[100.683,-1.61168],[100.68658,-1.61167]]],[[[100.6633,-1.58829],[100.66152,-1.59369],[100.65704,-1.59369],[100.65883,-1.58739],[100.6633,-1.58829]],[[100.65794,-1.59099],[100.65883,-1.59189],[100.65883,-1.59099],[100.65794,-1.59099]],[[100.66062,-1.58919],[100.65972,-1.59009],[100.66062,-1.59009],[100.66062,-1.58919]],[[100.66151,-1.59099],[100.66062,-1.59189],[100.66151,-1.59189],[100.66151,-1.59099]]],[[[100.66867,-1.58648],[100.67135,-1.58828],[100.66867,-1.58828],[100.66867,-1.58648]]],[[[100.66688,-1.58558],[100.66777,-1.59008],[100.6642,-1.58919],[100.6633,-1.58469],[100.66688,-1.58468],[100.66866,-1.58108],[100.66777,-1.58468],[100.66956,-1.58558],[100.66688,-1.58558]],[[100.66509,-1.58558],[100.66598,-1.58648],[100.66598,-1.58558],[100.66509,-1.58558]]],[[[100.67761,-1.58017],[100.67493,-1.58468],[100.67492,-1.57747],[100.67761,-1.58017]]],[[[100.68297,-1.57387],[100.67939,-1.57657],[100.67939,-1.57297],[100.68297,-1.57387]]],[[[100.68923,-1.56666],[100.68923,-1.56846],[100.68654,-1.57026],[100.68654,-1.56756],[100.68923,-1.56666]]],[[[100.64985,-1.54779],[100.64717,-1.55049],[100.64627,-1.54779],[100.64985,-1.54779]]],[[[100.64001,-1.5505],[100.63822,-1.5487],[100.64001,-1.54599],[100.63732,-1.5451],[100.64627,-1.54599],[100.64448,-1.54959],[100.64001,-1.5505]],[[100.6418,-1.54689],[100.64091,-1.54779],[100.6418,-1.54779],[100.6418,-1.54689]]],[[[100.59164,-1.4533],[100.58806,-1.45601],[100.58627,-1.45241],[100.59164,-1.4533]]],[[[100.63189,-1.44787],[100.63368,-1.45057],[100.6301,-1.45238],[100.62563,-1.45058],[100.62562,-1.44698],[100.6301,-1.44787],[100.6301,-1.44967],[100.63189,-1.44787]]],[[[100.59611,-1.4506],[100.59432,-1.4497],[100.59521,-1.4416],[100.59878,-1.44159],[100.59611,-1.4506]],[[100.59789,-1.4434],[100.597,-1.4425],[100.597,-1.4434],[100.59789,-1.4434]]],[[[100.63635,-1.43077],[100.63366,-1.42807],[100.63724,-1.42806],[100.63813,-1.42446],[100.63903,-1.42716],[100.63635,-1.43077]]],[[[100.56918,-1.31828],[100.5665,-1.31378],[100.57186,-1.31377],[100.56918,-1.31468],[100.57097,-1.31738],[100.56918,-1.31828]]],[[[100.57365,-1.31377],[100.57634,-1.31467],[100.57365,-1.31557],[100.57365,-1.31377]]],[[[100.57097,-1.30837],[100.57097,-1.31017],[100.57544,-1.31107],[100.57455,-1.31287],[100.56918,-1.31108],[100.57097,-1.30837]]],[[[100.57452,-1.27056],[100.57631,-1.26966],[100.57631,-1.27146],[100.57452,-1.27056]]],[[[100.56736,-1.26426],[100.57452,-1.26876],[100.56557,-1.26786],[100.56736,-1.26426]]],[[[100.55037,-1.26517],[100.55037,-1.26877],[100.54769,-1.26878],[100.54858,-1.26517],[100.55037,-1.26517]],[[100.55037,-1.26697],[100.54947,-1.26607],[100.54947,-1.26697],[100.55037,-1.26697]]],[[[100.56825,-1.26156],[100.57004,-1.26336],[100.56826,-1.26426],[100.56825,-1.26156]]],[[[100.67985,-0.87349],[100.68253,-0.87079],[100.68253,-0.87349],[100.67985,-0.87349]]],[[[100.66196,-0.8636],[100.66464,-0.86269],[100.66464,-0.8654],[100.66196,-0.8636]]],[[[100.66375,-0.86089],[100.66643,-0.86269],[100.66464,-0.86269],[100.66375,-0.86089]]],[[[100.67981,-0.79067],[100.67713,-0.78707],[100.6816,-0.78797],[100.67981,-0.79067]]],[[[100.59661,-0.70068],[100.59125,-0.69978],[100.59124,-0.69708],[100.59482,-0.69527],[100.59661,-0.70068]]],[[[100.6359,-0.49901],[100.63769,-0.50081],[100.6359,-0.50081],[100.6359,-0.49901]]],[[[100.63501,-0.4954],[100.6359,-0.49901],[100.63411,-0.49811],[100.63501,-0.4954]]],[[[100.66004,-0.4963],[100.66273,-0.4927],[100.66362,-0.4954],[100.66004,-0.4963]]],[[[100.60907,-0.4693],[100.60907,-0.472],[100.60817,-0.472],[100.60728,-0.4702],[100.60907,-0.4693]]],[[[100.59028,-0.4315],[100.5867,-0.4306],[100.58581,-0.4279],[100.59028,-0.4297],[100.59028,-0.4315]]],[[[100.58579,-0.36938],[100.58669,-0.36758],[100.58937,-0.36758],[100.58579,-0.36938]]],[[[100.64926,-0.21092],[100.64837,-0.20822],[100.65016,-0.20912],[100.65105,-0.20642],[100.65195,-0.21002],[100.64926,-0.21092]]],[[[100.65642,-0.20732],[100.65463,-0.20462],[100.6591,-0.20102],[100.6591,-0.20642],[100.65642,-0.20732]]],[[[100.66983,-0.19742],[100.67072,-0.19472],[100.67341,-0.19652],[100.67341,-0.19742],[100.66983,-0.19742]]],[[[100.66983,-0.19562],[100.66804,-0.19382],[100.66983,-0.19382],[100.66983,-0.19562]]],[[[100.67698,-0.16861],[100.67966,-0.16591],[100.67877,-0.16951],[100.67698,-0.16861]]],[[[100.92537,-2.35134],[100.92805,-2.34774],[100.92895,-2.35224],[100.92537,-2.35134]]],[[[100.92178,-2.34685],[100.92089,-2.34955],[100.91821,-2.34955],[100.91821,-2.34865],[100.92178,-2.34685]]],[[[100.91103,-2.33516],[100.91461,-2.33876],[100.90924,-2.33787],[100.91013,-2.33156],[100.90745,-2.33247],[100.90566,-2.33157],[100.91102,-2.33066],[100.91103,-2.33516]]],[[[100.92677,-2.04891],[100.92408,-2.04531],[100.92677,-2.04621],[100.92677,-2.04891]]],[[[100.9097,-1.98592],[100.91238,-1.98412],[100.91149,-1.98682],[100.9097,-1.98592]]],[[[100.89086,-1.93644],[100.88817,-1.93284],[100.89354,-1.93283],[100.89086,-1.93644]]],[[[100.8828,-1.93195],[100.8837,-1.93555],[100.8828,-1.93555],[100.8828,-1.93195]]],[[[100.88096,-1.88154],[100.88095,-1.87884],[100.88364,-1.87974],[100.88364,-1.88154],[100.88096,-1.88154]]],[[[100.84068,-1.86718],[100.8371,-1.86448],[100.8371,-1.86268],[100.83978,-1.86268],[100.84068,-1.86718]]],[[[100.83976,-1.83658],[100.83707,-1.83478],[100.83976,-1.83478],[100.83976,-1.83658]]],[[[100.83528,-1.83208],[100.83796,-1.83118],[100.83618,-1.83478],[100.83528,-1.83208]]],[[[100.83617,-1.82938],[100.83885,-1.82668],[100.83975,-1.82848],[100.83617,-1.82938]]],[[[100.84243,-1.82937],[100.83885,-1.82488],[100.84153,-1.82487],[100.84243,-1.82937]]],[[[100.81827,-1.8195],[100.82723,-1.82939],[100.82365,-1.82939],[100.81827,-1.8231],[100.81827,-1.8195]]],[[[100.82721,-1.81589],[100.8299,-1.81678],[100.8299,-1.82219],[100.82543,-1.81859],[100.82721,-1.81589]]],[[[100.79587,-1.78351],[100.79229,-1.78172],[100.79497,-1.78081],[100.79587,-1.78351]]],[[[100.78065,-1.77543],[100.77886,-1.77543],[100.77797,-1.77363],[100.77976,-1.77363],[100.78065,-1.77543]]],[[[100.78155,-1.77272],[100.78333,-1.77272],[100.78423,-1.76822],[100.78691,-1.76822],[100.78423,-1.77362],[100.78155,-1.77272]]],[[[100.75109,-1.72954],[100.75467,-1.72774],[100.75556,-1.73044],[100.75109,-1.72954]]],[[[100.78327,-1.70701],[100.78685,-1.70341],[100.78685,-1.70881],[100.78327,-1.70701]]],[[[100.72331,-1.67646],[100.7242,-1.67286],[100.72599,-1.67556],[100.72331,-1.67646]]],[[[100.7546,-1.65032],[100.75191,-1.64763],[100.75638,-1.64852],[100.7546,-1.65032]]],[[[100.71163,-1.61975],[100.71431,-1.61615],[100.717,-1.61795],[100.717,-1.62245],[100.71163,-1.61975]],[[100.71521,-1.61885],[100.7161,-1.61975],[100.7161,-1.61885],[100.71521,-1.61885]]],[[[100.70089,-1.61526],[100.69911,-1.61706],[100.6991,-1.61436],[100.70358,-1.61436],[100.70268,-1.61706],[100.70089,-1.61526]]],[[[100.70446,-1.60086],[100.70446,-1.60266],[100.70088,-1.60266],[100.70088,-1.60086],[100.70446,-1.60086]]],[[[100.70042,-0.86538],[100.69684,-0.86448],[100.69684,-0.86178],[100.69952,-0.86268],[100.70042,-0.86538]]],[[[100.70488,-0.85638],[100.70488,-0.86088],[100.70399,-0.85908],[100.70131,-0.85998],[100.70041,-0.85458],[100.70309,-0.85548],[100.70309,-0.85818],[100.70488,-0.85638]],[[100.70131,-0.85728],[100.7022,-0.85638],[100.70131,-0.85638],[100.70131,-0.85728]]],[[[100.68967,-0.84018],[100.69057,-0.84288],[100.68788,-0.84198],[100.68788,-0.83748],[100.69235,-0.83658],[100.69325,-0.83838],[100.68967,-0.84018]],[[100.69057,-0.83748],[100.69146,-0.83838],[100.69146,-0.83748],[100.69057,-0.83748]]],[[[100.70577,-0.83657],[100.70487,-0.83477],[100.70934,-0.83297],[100.70934,-0.83477],[100.70756,-0.83387],[100.70577,-0.83657]]],[[[100.75483,-0.47827],[100.75751,-0.47737],[100.75841,-0.47917],[100.75483,-0.47827]]],[[[100.99948,-2.23963],[100.9968,-2.24144],[100.9968,-2.23784],[101.00037,-2.23243],[100.99948,-2.23963]]],[[[101.09512,-2.1711],[101.09332,-2.1657],[101.0969,-2.16569],[101.09691,-2.1693],[101.09512,-2.1711]]],[[[101.0647,-2.16754],[101.06112,-2.16664],[101.06559,-2.16484],[101.0647,-2.16754]]],[[[101.07543,-2.16482],[101.07364,-2.16663],[101.07364,-2.16483],[101.07543,-2.16482]]],[[[101.08258,-2.15761],[101.08348,-2.16211],[101.08079,-2.16212],[101.0817,-2.16752],[101.07722,-2.16842],[101.0799,-2.16572],[101.07722,-2.16392],[101.0799,-2.16392],[101.08079,-2.16122],[101.079,-2.15852],[101.08258,-2.15761]],[[101.08079,-2.16032],[101.08169,-2.15942],[101.08079,-2.15942],[101.08079,-2.16032]]],[[[101.0969,-2.16389],[101.09421,-2.1621],[101.08974,-2.1612],[101.0969,-2.16119],[101.0969,-2.16389]]],[[[101.05932,-2.15765],[101.05217,-2.16216],[101.04859,-2.16126],[101.05395,-2.15945],[101.05484,-2.15495],[101.06468,-2.15314],[101.06468,-2.15584],[101.062,-2.15854],[101.05932,-2.15765]],[[101.06379,-2.15584],[101.06289,-2.15494],[101.06289,-2.15584],[101.06379,-2.15584]],[[101.06021,-2.15585],[101.05932,-2.15675],[101.06021,-2.15675],[101.06021,-2.15585]]],[[[101.079,-2.15582],[101.07899,-2.15222],[101.08078,-2.15222],[101.08168,-2.15582],[101.079,-2.15582]]],[[[101.06825,-2.14953],[101.06646,-2.14594],[101.06825,-2.14683],[101.06824,-2.14413],[101.07003,-2.14413],[101.06825,-2.14953]]],[[[101.08971,-2.1423],[101.08972,-2.1441],[101.08614,-2.14411],[101.08614,-2.14321],[101.08971,-2.1423]]],[[[101.06198,-2.14324],[101.06287,-2.13964],[101.06466,-2.13964],[101.06198,-2.14324]]],[[[100.99665,-2.12533],[100.99397,-2.12713],[100.99396,-2.12533],[100.99665,-2.12533]]],[[[100.99039,-2.12714],[100.99039,-2.12534],[100.99307,-2.12263],[100.99307,-2.12623],[100.99039,-2.12714]]],[[[101.01447,-2.0659],[101.01626,-2.0686],[101.01447,-2.0695],[101.01447,-2.0659]]],[[[101.03057,-2.06858],[101.03504,-2.06588],[101.03504,-2.06768],[101.03057,-2.06858]]],[[[101.01357,-2.065],[101.01625,-2.0632],[101.01715,-2.0668],[101.01536,-2.065],[101.01357,-2.065]]],[[[101.02609,-2.06409],[101.02431,-2.06589],[101.0243,-2.06319],[101.02162,-2.06319],[101.02251,-2.06049],[101.02609,-2.06409]]],[[[100.94468,-2.06419],[100.94379,-2.06329],[100.94557,-2.06149],[100.94468,-2.06419]]],[[[100.94557,-2.05969],[100.94288,-2.05699],[100.94646,-2.05789],[100.94557,-2.05969]]],[[[100.93662,-2.0552],[100.94199,-2.05699],[100.94199,-2.06059],[100.93841,-2.0588],[100.93662,-2.0552]],[[100.93931,-2.0588],[100.9402,-2.05789],[100.93931,-2.05789],[100.93931,-2.0588]]],[[[100.94557,-2.05699],[100.94735,-2.05428],[100.94914,-2.05428],[100.94915,-2.05788],[100.94825,-2.05608],[100.94557,-2.05699]]],[[[100.95004,-2.05428],[100.94825,-2.05158],[100.95182,-2.05158],[100.95004,-2.05428]]],[[[100.93035,-2.0462],[100.92946,-2.05251],[100.92767,-2.05251],[100.92766,-2.04801],[100.93035,-2.0462]]],[[[100.96702,-2.04346],[100.96434,-2.04616],[100.96255,-2.04527],[100.96435,-2.04976],[100.95987,-2.05067],[100.96256,-2.04887],[100.96075,-2.03807],[100.96165,-2.03987],[100.96433,-2.03986],[100.96433,-2.03536],[100.96702,-2.03806],[100.96702,-2.04346]],[[100.96344,-2.04076],[100.96434,-2.04256],[100.96434,-2.04076],[100.96344,-2.04076]]],[[[100.96165,-2.03807],[100.96344,-2.03626],[100.96344,-2.03896],[100.96165,-2.03807]]],[[[101.07199,-1.50961],[101.07467,-1.50781],[101.07557,-1.51051],[101.07199,-1.50961]]],[[[101.05855,-1.48532],[101.05945,-1.48352],[101.06481,-1.48262],[101.06481,-1.48442],[101.05855,-1.48532]]],[[[101.03529,-1.47005],[101.03886,-1.46914],[101.03887,-1.47094],[101.03529,-1.47005]]],[[[101.13909,-2.26103],[101.1373,-2.26284],[101.1364,-2.26104],[101.13909,-2.26103]]],[[[101.12201,-2.20976],[101.12022,-2.20706],[101.12916,-2.20435],[101.12828,-2.20975],[101.12201,-2.20976]]],[[[101.11209,-2.15307],[101.10941,-2.15038],[101.11298,-2.15037],[101.11209,-2.15307]]],[[[101.09598,-2.145],[101.09688,-2.15039],[101.09509,-2.1513],[101.09688,-2.15219],[101.0951,-2.1531],[101.09689,-2.15489],[101.09242,-2.1594],[101.0942,-2.1549],[101.08972,-2.1495],[101.09241,-2.1495],[101.09419,-2.1432],[101.09687,-2.14319],[101.09597,-2.1396],[101.10134,-2.14139],[101.10045,-2.13959],[101.10849,-2.13778],[101.10403,-2.14229],[101.10492,-2.14408],[101.09866,-2.14409],[101.09776,-2.14139],[101.09777,-2.14499],[101.09598,-2.145]],[[101.09419,-2.1468],[101.09598,-2.1477],[101.09598,-2.1468],[101.09419,-2.1468]]],[[[101.09865,-2.13869],[101.09597,-2.136],[101.09955,-2.13599],[101.09865,-2.13869]]],[[[101.11116,-2.12788],[101.11206,-2.13057],[101.11027,-2.13058],[101.11116,-2.12788]]],[[[101.57994,-1.56395],[101.58173,-1.56574],[101.57994,-1.56575],[101.57994,-1.56395]]],[[[101.41415,-1.17453],[101.40967,-1.17363],[101.40967,-1.17093],[101.41235,-1.17003],[101.41415,-1.17453]]],[[[101.58034,-1.0907],[101.58213,-1.0943],[101.58034,-1.0943],[101.58034,-1.0907]]],[[[101.53561,-1.04756],[101.53651,-1.05025],[101.53383,-1.05026],[101.53293,-1.04756],[101.53561,-1.04756]]],[[[101.5365,-1.04216],[101.53829,-1.04575],[101.53561,-1.04756],[101.53382,-1.04306],[101.53829,-1.04036],[101.5365,-1.04216]]],[[[101.53918,-1.03676],[101.53739,-1.03676],[101.53829,-1.03946],[101.5365,-1.03946],[101.5365,-1.03586],[101.53918,-1.03676]]],[[[101.54007,-1.03316],[101.54097,-1.03586],[101.53918,-1.03586],[101.54007,-1.03496],[101.54007,-1.03316]]],[[[101.61425,-1.0241],[101.61514,-1.0205],[101.61693,-1.0205],[101.61604,-1.0232],[101.61425,-1.0241]]],[[[101.61425,-1.0223],[101.61246,-1.0205],[101.61425,-1.0196],[101.61425,-1.0223]]],[[[101.63569,-1.01239],[101.63123,-1.01419],[101.63212,-1.01149],[101.62943,-1.00789],[101.6339,-1.00879],[101.63569,-1.01239]]],[[[101.4748,-1.00801],[101.47659,-1.01071],[101.4748,-1.01161],[101.4748,-1.00801]]],[[[101.62049,-0.9989],[101.6187,-0.99621],[101.62227,-0.9971],[101.62049,-0.9989]]],[[[101.34248,-0.98292],[101.34605,-0.98201],[101.34695,-0.98561],[101.34337,-0.98562],[101.34248,-0.98292]],[[101.34605,-0.98381],[101.34427,-0.98472],[101.34606,-0.98471],[101.34605,-0.98381]]],[[[101.34248,-0.98022],[101.33801,-0.97932],[101.33979,-0.97662],[101.34248,-0.98022]]],[[[101.33532,-0.97212],[101.33443,-0.97392],[101.33264,-0.97393],[101.33353,-0.97212],[101.33532,-0.97212]]],[[[101.34783,-0.97211],[101.35052,-0.97031],[101.34784,-0.97301],[101.34783,-0.97211]]],[[[101.51231,-0.9639],[101.52125,-0.96479],[101.51231,-0.9648],[101.51231,-0.9639]]],[[[101.53912,-0.96028],[101.53644,-0.95758],[101.54001,-0.95758],[101.53912,-0.96028]]],[[[101.55073,-0.95127],[101.5561,-0.95307],[101.55074,-0.95307],[101.55073,-0.95127]]],[[[101.38174,-0.86771],[101.38352,-0.86951],[101.38174,-0.86951],[101.38174,-0.86771]]],[[[101.38531,-0.86861],[101.38352,-0.86501],[101.38531,-0.86411],[101.38531,-0.86861]]],[[[101.29139,-0.76428],[101.28781,-0.76788],[101.28781,-0.76338],[101.29139,-0.76428]]],[[[101.74582,-1.22639],[101.74403,-1.2219],[101.74582,-1.2219],[101.74582,-1.22639]]],[[[101.73956,-1.2237],[101.73867,-1.221],[101.74045,-1.221],[101.73867,-1.2264],[101.73778,-1.2237],[101.73956,-1.2237]]],[[[101.74313,-1.2183],[101.74492,-1.2165],[101.74581,-1.2147],[101.74581,-1.2174],[101.74313,-1.2183]]],[[[101.68406,-1.1329],[101.67959,-1.1311],[101.68406,-1.1311],[101.68406,-1.1329]]],[[[101.72159,-1.12746],[101.71891,-1.12657],[101.71891,-1.12387],[101.72159,-1.12566],[101.72427,-1.12296],[101.72159,-1.12746]]],[[[101.81543,-1.12018],[101.81811,-1.12107],[101.82079,-1.12017],[101.82079,-1.12197],[101.81632,-1.12287],[101.81543,-1.12018]]],[[[101.86279,-1.11743],[101.86547,-1.11743],[101.86547,-1.12103],[101.86368,-1.12013],[101.86279,-1.11743]]],[[[101.85385,-1.11924],[101.85832,-1.11294],[101.8601,-1.11384],[101.85653,-1.11924],[101.85385,-1.11924]]],[[[101.72332,-1.06269],[101.72422,-1.06089],[101.72958,-1.05999],[101.72869,-1.06269],[101.72332,-1.06269]]],[[[101.67324,-1.02405],[101.67413,-1.02045],[101.67681,-1.02135],[101.67413,-1.02225],[101.67592,-1.02405],[101.67324,-1.02405]]],[[[101.63838,-1.01958],[101.64195,-1.01688],[101.64195,-1.01958],[101.63838,-1.01958]]],[[[101.69915,-1.01773],[101.69468,-1.01414],[101.69915,-1.01413],[101.69915,-1.01773]]],[[[101.66519,-1.01596],[101.66519,-1.01416],[101.67055,-1.01416],[101.66966,-1.01596],[101.66519,-1.01596]]],[[[101.80279,-0.97806],[101.801,-0.97537],[101.80457,-0.97266],[101.80636,-0.97536],[101.80368,-0.97536],[101.80279,-0.97806]]],[[[101.69013,-0.90529],[101.68923,-0.90169],[101.69102,-0.90259],[101.69013,-0.90529]]],[[[101.69547,-0.8729],[101.691,-0.8711],[101.69189,-0.8675],[101.69547,-0.8702],[101.69547,-0.8729]]],[[[101.70082,-0.8639],[101.69993,-0.8657],[101.69546,-0.8657],[101.69546,-0.8648],[101.70082,-0.8639]]],[[[101.67491,-0.86751],[101.67133,-0.86482],[101.67222,-0.86032],[101.67312,-0.86302],[101.67669,-0.86391],[101.67491,-0.86751]]],[[[101.69457,-0.8648],[101.69457,-0.8621],[101.69814,-0.8621],[101.69814,-0.8639],[101.69457,-0.8648]]],[[[101.68206,-0.86841],[101.67938,-0.86931],[101.67937,-0.86391],[101.67759,-0.86391],[101.67759,-0.86211],[101.68116,-0.86301],[101.67848,-0.86121],[101.68027,-0.86031],[101.68026,-0.85401],[101.6892,-0.8612],[101.69546,-0.8603],[101.69099,-0.8621],[101.69278,-0.863],[101.69189,-0.8675],[101.68742,-0.8666],[101.68831,-0.8693],[101.68563,-0.8684],[101.68742,-0.872],[101.68474,-0.8729],[101.68206,-0.86841]],[[101.68384,-0.85761],[101.68295,-0.85851],[101.68384,-0.85851],[101.68384,-0.85761]],[[101.68563,-0.8684],[101.68474,-0.86751],[101.68474,-0.86841],[101.68563,-0.8684]],[[101.68116,-0.85761],[101.68205,-0.85851],[101.68205,-0.85761],[101.68116,-0.85761]],[[101.68473,-0.85941],[101.68652,-0.86031],[101.68652,-0.85941],[101.68473,-0.85941]],[[101.68295,-0.86121],[101.68205,-0.86031],[101.68205,-0.86121],[101.68295,-0.86121]],[[101.68295,-0.86121],[101.68295,-0.86391],[101.68563,-0.86301],[101.68384,-0.86121],[101.68295,-0.86121]],[[101.68563,-0.86391],[101.68652,-0.86481],[101.68652,-0.86391],[101.68563,-0.86391]],[[101.6901,-0.8648],[101.69099,-0.8666],[101.69099,-0.8648],[101.6901,-0.8648]],[[101.68295,-0.86751],[101.68116,-0.86571],[101.68116,-0.86751],[101.68295,-0.86751]],[[101.68295,-0.86751],[101.68385,-0.86931],[101.68385,-0.86751],[101.68295,-0.86751]]],[[[101.69724,-0.854],[101.69992,-0.8549],[101.69992,-0.8576],[101.70886,-0.85759],[101.70439,-0.85939],[101.70886,-0.86029],[101.7044,-0.86119],[101.7044,-0.86299],[101.69903,-0.8621],[101.70171,-0.8585],[101.69635,-0.8576],[101.69724,-0.854]],[[101.70261,-0.8594],[101.7035,-0.86119],[101.7035,-0.8594],[101.70261,-0.8594]]],[[[101.67848,-0.85761],[101.67579,-0.85762],[101.67669,-0.85492],[101.67847,-0.85492],[101.67848,-0.85761]]],[[[101.6892,-0.85131],[101.6883,-0.85401],[101.69099,-0.85671],[101.68562,-0.85491],[101.68562,-0.85131],[101.68652,-0.85311],[101.6892,-0.85131]]]]}},{"type":"Feature","properties":{"flood_val":1,"fase":"fase4","luas_m2":28103060.07742036,"luas_km2":28.103060077420363},"geometry":{"type":"MultiPolygon","coordinates":[[[[99.01953,-1.21881],[99.01685,-1.2152],[99.02132,-1.2161],[99.01953,-1.21881]]],[[[98.94079,-1.19899],[98.93811,-1.20169],[98.93632,-1.19809],[98.94079,-1.19899]]],[[[99.96061,-0.33165],[99.95614,-0.33165],[99.95972,-0.32805],[99.96061,-0.33165]]],[[[99.90068,-0.31094],[99.8971,-0.30644],[99.89979,-0.30644],[99.90068,-0.31094]]],[[[99.88995,-0.30914],[99.89353,-0.30554],[99.89621,-0.30914],[99.88905,-0.31094],[99.88458,-0.30644],[99.88995,-0.30464],[99.88995,-0.30914]]],[[[99.90068,-0.30104],[99.90515,-0.30013],[99.90426,-0.30464],[99.90068,-0.30284],[99.90068,-0.30104]]],[[[99.8819,-0.29924],[99.87832,-0.29744],[99.87832,-0.29563],[99.88279,-0.29743],[99.8819,-0.29924]]],[[[99.90247,-0.28302],[99.90784,-0.28302],[99.91052,-0.28753],[99.90873,-0.29113],[99.91052,-0.29383],[99.90784,-0.29473],[99.90694,-0.29293],[99.90426,-0.29833],[99.89084,-0.29833],[99.89174,-0.29473],[99.89442,-0.29383],[99.89352,-0.29113],[99.90068,-0.29203],[99.90068,-0.28843],[99.89084,-0.28843],[99.89263,-0.29293],[99.881,-0.29383],[99.88011,-0.29563],[99.87832,-0.29383],[99.87742,-0.29563],[99.87653,-0.29023],[99.87295,-0.29023],[99.87653,-0.28933],[99.87653,-0.28483],[99.87921,-0.28573],[99.88011,-0.28123],[99.8819,-0.28483],[99.88458,-0.28303],[99.88816,-0.28573],[99.89084,-0.28303],[99.89531,-0.28573],[99.8971,-0.28393],[99.89621,-0.27942],[99.90247,-0.28032],[99.90247,-0.28302]],[[99.89531,-0.28573],[99.89621,-0.28663],[99.89621,-0.28573],[99.89531,-0.28573]],[[99.8971,-0.28212],[99.898,-0.28122],[99.8971,-0.28122],[99.8971,-0.28212]],[[99.90068,-0.28212],[99.90157,-0.28302],[99.90157,-0.28212],[99.90068,-0.28212]],[[99.89889,-0.28303],[99.89979,-0.28573],[99.90068,-0.28573],[99.90068,-0.28303],[99.89889,-0.28303]],[[99.90694,-0.28393],[99.90605,-0.28483],[99.90694,-0.28483],[99.90694,-0.28393]],[[99.90426,-0.28933],[99.90336,-0.28663],[99.90426,-0.28573],[99.90247,-0.28573],[99.90157,-0.28843],[99.90426,-0.28933]],[[99.90694,-0.28753],[99.90605,-0.28843],[99.90694,-0.28843],[99.90694,-0.28753]],[[99.89621,-0.29383],[99.89531,-0.29473],[99.89621,-0.29473],[99.89621,-0.29383]]],[[[99.88637,-0.27312],[99.88905,-0.27222],[99.88816,-0.27762],[99.88637,-0.27672],[99.88637,-0.27312]]],[[[99.8488,-0.25421],[99.84164,-0.25241],[99.84164,-0.25061],[99.8488,-0.25061],[99.8488,-0.25421]]],[[[100.01516,-0.15695],[100.01785,-0.15965],[100.01516,-0.15965],[100.01516,-0.15695]]],[[[100.01516,-0.15515],[100.01874,-0.15245],[100.01964,-0.15425],[100.01516,-0.15515]]],[[[100.01695,-0.14704],[100.01516,-0.14524],[100.01516,-0.14344],[100.01785,-0.14344],[100.01695,-0.14704]]],[[[99.89888,-0.10382],[99.89799,-0.10652],[99.89709,-0.10562],[99.89799,-0.10202],[99.90246,-0.10202],[99.90246,-0.10382],[99.89888,-0.10382]]],[[[100.02053,-0.09572],[100.02321,-0.09121],[100.02679,-0.09121],[100.025,-0.09481],[100.02053,-0.09572]],[[100.025,-0.09301],[100.02411,-0.09211],[100.02411,-0.09301],[100.025,-0.09301]]],[[[99.73161,0.02495],[99.72982,0.02495],[99.72714,0.02855],[99.73161,0.02855],[99.73161,0.02495]]],[[[99.69941,0.03846],[99.69583,0.03936],[99.69672,0.04206],[99.7003,0.04206],[99.69941,0.03846]]],[[[99.8631,0.17534],[99.86042,0.17624],[99.85863,0.17984],[99.86042,0.17984],[99.8631,0.17534]]],[[[99.49098,0.18976],[99.49635,0.19156],[99.49724,0.18796],[99.49366,0.18796],[99.49098,0.18976]]],[[[99.45072,0.19516],[99.45341,0.19336],[99.45072,0.19336],[99.45072,0.19516]]],[[[99.80407,0.22757],[99.80049,0.22757],[99.79423,0.23297],[99.79513,0.23928],[99.79781,0.23838],[99.80049,0.23027],[99.80407,0.22757]],[[99.7996,0.23207],[99.7987,0.23117],[99.7996,0.23117],[99.7996,0.23207]]],[[[99.5536,0.27621],[99.55628,0.27621],[99.55718,0.27441],[99.5536,0.27351],[99.5536,0.27621]]],[[[99.74951,0.2708],[99.74682,0.278],[99.7504,0.27981],[99.7513,0.278],[99.74951,0.2771],[99.74951,0.2708]]],[[[99.55271,0.27892],[99.55002,0.27711],[99.55002,0.27892],[99.55271,0.27892]]],[[[99.74951,0.27981],[99.74682,0.28071],[99.74951,0.28071],[99.74951,0.27981]]],[[[99.36843,0.37078],[99.3738,0.37259],[99.3738,0.37078],[99.36843,0.37078]]],[[[100.07423,0.44907],[100.06975,0.44907],[100.07065,0.45267],[100.07423,0.45267],[100.07154,0.45177],[100.07423,0.44907]]],[[[100.06528,0.45087],[100.05902,0.45267],[100.0626,0.45267],[100.06439,0.45537],[100.06528,0.45087]]],[[[100.37949,-1.21755],[100.3777,-1.21755],[100.37859,-1.21395],[100.37949,-1.21395],[100.37949,-1.21755]]],[[[100.33207,-1.20317],[100.33297,-1.20497],[100.33118,-1.20497],[100.33207,-1.20317]]],[[[100.37667,-0.91323],[100.37935,-0.91503],[100.37667,-0.91503],[100.37667,-0.91323]]],[[[100.37488,-0.91053],[100.37667,-0.91053],[100.37756,-0.91233],[100.37578,-0.91233],[100.37488,-0.91053]]],[[[100.35161,-0.86282],[100.35429,-0.86102],[100.3534,-0.86552],[100.3525,-0.86552],[100.35161,-0.86282]]],[[[100.36055,-0.86012],[100.35966,-0.86462],[100.35608,-0.86372],[100.35787,-0.86012],[100.36055,-0.86012]],[[100.35876,-0.86192],[100.35787,-0.86282],[100.35876,-0.86282],[100.35876,-0.86192]]],[[[100.35608,-0.86192],[100.35518,-0.85832],[100.35876,-0.85832],[100.35608,-0.85922],[100.35608,-0.86192]]],[[[100.33818,-0.84482],[100.3355,-0.83942],[100.33908,-0.83941],[100.33818,-0.83761],[100.34266,-0.84121],[100.33908,-0.84302],[100.3516,-0.84391],[100.34802,-0.84751],[100.34355,-0.84662],[100.34176,-0.85022],[100.33461,-0.84932],[100.33818,-0.84482]],[[100.34355,-0.84662],[100.34176,-0.84482],[100.34266,-0.84662],[100.34355,-0.84662]],[[100.34355,-0.84481],[100.34623,-0.84391],[100.34355,-0.84391],[100.34355,-0.84481]],[[100.34802,-0.84481],[100.34713,-0.84571],[100.34802,-0.84571],[100.34802,-0.84481]],[[100.33997,-0.84662],[100.34087,-0.84752],[100.34176,-0.84662],[100.33997,-0.84662]]],[[[100.34981,-0.83851],[100.35339,-0.84121],[100.34623,-0.84211],[100.34623,-0.83941],[100.34981,-0.84031],[100.34981,-0.83851]]],[[[100.3328,-0.7953],[100.3328,-0.7917],[100.33638,-0.79079],[100.33548,-0.7935],[100.3328,-0.7953]]],[[[100.27015,-0.66656],[100.26658,-0.66566],[100.27284,-0.66206],[100.27015,-0.66656]]],[[[100.15029,-0.65398],[100.14851,-0.65128],[100.15208,-0.65038],[100.15029,-0.65398]]],[[[100.15477,-0.64948],[100.15477,-0.64678],[100.15745,-0.64588],[100.15745,-0.64858],[100.15477,-0.64948]]],[[[100.15566,-0.64048],[100.16013,-0.64228],[100.15924,-0.64588],[100.15566,-0.64498],[100.15566,-0.64048]]],[[[100.16102,-0.63777],[100.15566,-0.63868],[100.15745,-0.63597],[100.15476,-0.63597],[100.15387,-0.63327],[100.15745,-0.63327],[100.16102,-0.63777]]],[[[100.33723,-0.63503],[100.33544,-0.63503],[100.33633,-0.63143],[100.33902,-0.63143],[100.33901,-0.62873],[100.3408,-0.62783],[100.33723,-0.63503]]],[[[100.33544,-0.62963],[100.33365,-0.62783],[100.33812,-0.62422],[100.33901,-0.62603],[100.33633,-0.62603],[100.33544,-0.62963]]],[[[100.13777,-0.62787],[100.13955,-0.62337],[100.14134,-0.62787],[100.13777,-0.62787]]],[[[100.14492,-0.61797],[100.14402,-0.61437],[100.1485,-0.61346],[100.1485,-0.61527],[100.14492,-0.61797]]],[[[100.10466,-0.57385],[100.10645,-0.57565],[100.10377,-0.57566],[100.10466,-0.57385]]],[[[100.12792,-0.57565],[100.12523,-0.57295],[100.12881,-0.57385],[100.12792,-0.57565]]],[[[100.16453,0.11409],[100.15917,0.11499],[100.15917,0.11679],[100.16274,0.11679],[100.16453,0.11409]]],[[[100.15738,0.15551],[100.15559,0.15911],[100.16006,0.15821],[100.15738,0.15551]]],[[[100.08853,0.39594],[100.08585,0.39774],[100.08406,0.39324],[100.08495,0.39864],[100.08943,0.39954],[100.08853,0.39594]]],[[[100.57634,-1.31737],[100.57455,-1.31287],[100.57634,-1.31287],[100.57634,-1.31737]]],[[[100.56918,-1.30927],[100.57455,-1.31287],[100.56918,-1.31108],[100.56918,-1.30927]]],[[[100.57005,-1.26696],[100.57362,-1.26606],[100.57452,-1.26876],[100.57094,-1.26876],[100.57005,-1.26696]]],[[[100.55573,-1.26697],[100.55484,-1.26517],[100.55752,-1.26337],[100.55842,-1.26517],[100.55573,-1.26697]]],[[[100.51547,-1.24449],[100.51815,-1.24629],[100.51547,-1.24629],[100.51547,-1.24449]]],[[[100.3947,-1.22475],[100.39649,-1.22204],[100.39559,-1.22474],[100.3947,-1.22475]]],[[[100.39202,-1.22385],[100.3938,-1.22114],[100.39559,-1.22114],[100.3938,-1.22295],[100.39381,-1.22475],[100.39202,-1.22385]]],[[[100.38933,-1.21394],[100.39111,-1.21034],[100.39201,-1.21304],[100.38933,-1.21394]]],[[[100.38753,-1.19594],[100.38485,-1.19774],[100.38306,-1.20584],[100.38484,-1.19414],[100.38753,-1.19594]]],[[[100.38127,-1.19234],[100.38305,-1.19144],[100.38306,-1.19594],[100.38127,-1.19234]]],[[[100.42591,-1.02755],[100.42323,-1.03026],[100.41697,-1.03026],[100.42144,-1.02396],[100.42502,-1.02395],[100.42591,-1.02755]]],[[[100.42591,-1.01585],[100.42054,-1.01945],[100.42144,-1.01675],[100.42591,-1.01585]]],[[[100.38382,-0.90603],[100.37935,-0.90783],[100.37935,-0.90333],[100.38114,-0.90332],[100.38025,-0.90603],[100.38382,-0.90603]]],[[[100.38561,-0.90692],[100.38651,-0.90422],[100.3883,-0.90692],[100.38561,-0.90692]]],[[[100.38919,-0.90152],[100.38561,-0.90332],[100.3865,-0.89972],[100.38919,-0.90152]]],[[[100.41333,-0.88801],[100.40975,-0.88531],[100.41423,-0.88531],[100.41333,-0.88801]]],[[[100.53843,-0.50803],[100.53843,-0.51073],[100.53574,-0.51073],[100.53753,-0.50713],[100.542,-0.50533],[100.542,-0.50893],[100.53843,-0.50803]]],[[[100.39082,-0.27847],[100.39261,-0.27667],[100.39261,-0.28028],[100.39082,-0.27847]]],[[[100.41497,-0.26137],[100.41318,-0.26407],[100.41139,-0.26317],[100.41228,-0.26046],[100.41586,-0.25956],[100.41586,-0.26317],[100.41497,-0.26137]]],[[[100.41318,-0.24426],[100.41675,-0.24426],[100.41765,-0.24786],[100.41497,-0.24786],[100.41318,-0.24426]]],[[[100.38635,-0.23256],[100.38813,-0.23076],[100.38813,-0.23256],[100.38635,-0.23256]]],[[[100.43553,-0.21995],[100.43464,-0.22175],[100.43106,-0.22175],[100.43196,-0.21995],[100.43553,-0.21995]]],[[[100.38008,-0.21365],[100.38366,-0.21635],[100.38098,-0.21635],[100.38008,-0.21365]]],[[[100.42391,-0.20104],[100.43195,-0.20104],[100.43195,-0.20374],[100.42391,-0.20284],[100.42391,-0.20104]]],[[[100.41228,-0.19654],[100.41496,-0.19834],[100.42033,-0.19564],[100.42212,-0.19924],[100.41317,-0.19924],[100.41228,-0.19654]]],[[[100.40781,-0.19654],[100.40423,-0.19384],[100.40602,-0.19294],[100.40781,-0.19654]]],[[[100.66599,-1.59009],[100.6633,-1.58829],[100.66241,-1.59279],[100.65883,-1.59459],[100.65794,-1.59279],[100.65883,-1.58739],[100.6633,-1.58739],[100.66419,-1.58378],[100.66688,-1.58648],[100.66599,-1.59009]],[[100.66509,-1.58648],[100.66419,-1.58739],[100.66509,-1.58739],[100.66509,-1.58648]]],[[[100.67314,-1.59008],[100.67225,-1.58738],[100.67403,-1.58738],[100.67314,-1.59008]]],[[[100.66867,-1.58648],[100.67046,-1.58738],[100.66867,-1.58828],[100.66867,-1.58648]]],[[[100.66688,-1.58468],[100.66687,-1.58108],[100.66866,-1.58108],[100.66956,-1.58468],[100.66688,-1.58468]]],[[[100.67671,-1.58287],[100.67314,-1.58288],[100.67582,-1.58107],[100.67492,-1.57747],[100.67761,-1.58017],[100.67671,-1.58287]]],[[[100.64806,-1.55139],[100.64627,-1.54869],[100.64985,-1.54689],[100.64806,-1.55139]]],[[[100.64448,-1.54959],[100.64001,-1.5505],[100.63643,-1.5478],[100.6418,-1.54779],[100.64537,-1.54329],[100.64448,-1.54959]]],[[[100.6418,-1.54689],[100.63732,-1.5451],[100.64269,-1.54329],[100.6418,-1.54689]]],[[[100.59164,-1.4542],[100.58806,-1.45601],[100.58627,-1.45241],[100.58985,-1.4524],[100.59164,-1.4542]]],[[[100.6301,-1.45058],[100.62652,-1.45148],[100.62562,-1.44698],[100.6301,-1.44787],[100.6301,-1.45058]]],[[[100.59968,-1.44249],[100.597,-1.4461],[100.5979,-1.4506],[100.59432,-1.4497],[100.5961,-1.447],[100.59431,-1.4434],[100.59699,-1.4389],[100.59968,-1.44249]]],[[[100.63456,-1.42897],[100.63813,-1.42716],[100.63903,-1.42986],[100.63635,-1.43077],[100.63456,-1.42897]]],[[[100.63992,-1.42716],[100.63724,-1.42536],[100.63992,-1.42356],[100.63992,-1.42716]]],[[[100.67985,-0.87349],[100.68253,-0.87079],[100.68343,-0.87529],[100.67985,-0.87349]]],[[[100.69326,-0.87078],[100.69058,-0.87439],[100.69058,-0.86718],[100.69326,-0.87078]]],[[[100.67981,-0.78977],[100.67803,-0.79067],[100.67624,-0.78707],[100.67892,-0.78617],[100.67981,-0.78977]]],[[[100.62612,-0.69166],[100.62791,-0.69796],[100.62612,-0.69976],[100.62612,-0.69166]]],[[[100.6368,-0.50171],[100.6359,-0.49901],[100.63948,-0.5017],[100.6368,-0.50171]]],[[[100.66631,-0.5008],[100.66273,-0.4972],[100.66809,-0.4972],[100.66452,-0.4981],[100.66631,-0.5008]]],[[[100.6359,-0.49901],[100.63411,-0.4963],[100.63679,-0.4972],[100.6359,-0.49901]]],[[[100.66452,-0.4945],[100.66094,-0.4954],[100.66004,-0.4963],[100.66094,-0.4936],[100.66452,-0.4945]]],[[[100.58938,-0.4306],[100.58581,-0.4279],[100.58938,-0.4288],[100.58938,-0.4306]]],[[[100.57415,-0.22173],[100.57683,-0.22173],[100.57594,-0.22443],[100.57415,-0.22443],[100.57415,-0.22173]]],[[[100.64837,-0.21092],[100.64837,-0.20732],[100.65105,-0.20732],[100.65105,-0.21092],[100.64837,-0.21092]]],[[[100.6582,-0.20102],[100.65821,-0.20732],[100.65642,-0.20732],[100.65552,-0.20102],[100.65642,-0.20372],[100.6582,-0.20102]]],[[[100.66983,-0.19742],[100.66715,-0.19472],[100.66715,-0.19382],[100.67251,-0.19562],[100.66983,-0.19742]]],[[[100.68056,-0.16861],[100.67698,-0.16771],[100.67966,-0.16591],[100.68056,-0.16861]]],[[[100.60008,-0.15781],[100.5965,-0.15601],[100.59829,-0.15331],[100.60186,-0.15511],[100.60008,-0.15781]]],[[[100.59382,-0.15331],[100.59382,-0.15061],[100.5956,-0.15331],[100.59739,-0.15241],[100.59739,-0.15421],[100.59382,-0.15331]]],[[[100.88459,-1.93554],[100.88638,-1.93284],[100.88817,-1.93554],[100.88459,-1.93554]]],[[[100.88365,-1.88964],[100.88364,-1.88694],[100.88007,-1.88874],[100.87828,-1.88604],[100.88364,-1.88514],[100.88544,-1.88874],[100.88365,-1.88964]]],[[[100.87559,-1.88425],[100.87559,-1.88785],[100.87381,-1.88785],[100.87291,-1.88515],[100.87559,-1.88425]]],[[[100.88185,-1.88244],[100.88006,-1.87974],[100.88364,-1.87794],[100.88185,-1.88244]]],[[[100.84069,-1.86898],[100.8371,-1.86448],[100.8371,-1.86268],[100.84158,-1.86538],[100.84069,-1.86898]]],[[[100.83707,-1.83658],[100.83707,-1.83478],[100.83528,-1.83208],[100.84065,-1.83568],[100.83707,-1.83658]]],[[[100.83706,-1.82668],[100.83975,-1.82848],[100.83617,-1.82938],[100.83706,-1.82668]]],[[[100.84154,-1.82937],[100.84154,-1.82757],[100.83885,-1.82488],[100.84153,-1.82487],[100.84154,-1.82937]]],[[[100.82275,-1.82399],[100.82633,-1.82849],[100.82902,-1.83029],[100.82365,-1.82939],[100.82007,-1.8267],[100.81738,-1.8204],[100.82275,-1.82399]],[[100.82543,-1.82759],[100.82454,-1.82849],[100.82544,-1.82849],[100.82543,-1.82759]]],[[[100.8299,-1.82129],[100.82632,-1.82219],[100.82542,-1.81679],[100.829,-1.81679],[100.8299,-1.82129]]],[[[100.78959,-1.76822],[100.78423,-1.77002],[100.78423,-1.77362],[100.78155,-1.77362],[100.78244,-1.76912],[100.7887,-1.76552],[100.78959,-1.76822]]],[[[100.75556,-1.73044],[100.75109,-1.73044],[100.75198,-1.72774],[100.75556,-1.72864],[100.75556,-1.73044]]],[[[100.78596,-1.71061],[100.78506,-1.70431],[100.78685,-1.70431],[100.78775,-1.70611],[100.78596,-1.71061]]],[[[100.74928,-1.70704],[100.75286,-1.70614],[100.75018,-1.70884],[100.74928,-1.70704]]],[[[100.73854,-1.70435],[100.74212,-1.70615],[100.73854,-1.70615],[100.73854,-1.70435]]],[[[100.75375,-1.70164],[100.75553,-1.69893],[100.75822,-1.69893],[100.75822,-1.70253],[100.75375,-1.70164]]],[[[100.72959,-1.69986],[100.72869,-1.69626],[100.73048,-1.69626],[100.73228,-1.69985],[100.72959,-1.69986]]],[[[100.74118,-1.65754],[100.74208,-1.65574],[100.74476,-1.65663],[100.74387,-1.65934],[100.74118,-1.65754]]],[[[100.75102,-1.65303],[100.74923,-1.65123],[100.75191,-1.64943],[100.75102,-1.65123],[100.75102,-1.65303]]],[[[100.75638,-1.64942],[100.75191,-1.64943],[100.75191,-1.64763],[100.75549,-1.64672],[100.75638,-1.64942]]],[[[100.717,-1.62245],[100.71521,-1.61795],[100.71432,-1.62065],[100.71163,-1.62065],[100.71252,-1.61705],[100.717,-1.61705],[100.717,-1.62245]]],[[[100.70268,-1.61706],[100.6991,-1.61526],[100.70358,-1.61436],[100.70268,-1.61706]]],[[[100.71114,-0.85907],[100.70488,-0.85998],[100.70399,-0.85638],[100.70667,-0.85547],[100.70757,-0.85907],[100.71114,-0.85907]]],[[[100.7004,-0.84017],[100.69951,-0.83747],[100.69593,-0.83747],[100.69682,-0.83567],[100.70308,-0.83567],[100.7004,-0.84017]]],[[[100.68878,-0.84018],[100.68878,-0.83568],[100.69414,-0.83657],[100.69325,-0.83477],[100.69593,-0.83477],[100.69504,-0.83747],[100.68878,-0.84018]]],[[[100.70934,-0.83477],[100.70487,-0.83567],[100.70398,-0.83297],[100.70845,-0.83297],[100.70934,-0.83477]]],[[[100.69325,-0.83117],[100.69414,-0.82757],[100.69593,-0.83117],[100.69325,-0.83117]]],[[[100.75483,-0.47827],[100.75662,-0.47557],[100.75841,-0.47917],[100.75483,-0.47827]]],[[[100.75035,-0.46387],[100.74588,-0.46117],[100.74856,-0.45937],[100.75035,-0.46387]]],[[[101.12828,-2.20975],[101.12022,-2.20976],[101.12291,-2.20886],[101.12022,-2.20706],[101.12916,-2.20525],[101.12828,-2.20975]]],[[[101.09691,-2.1684],[101.09422,-2.1702],[101.09333,-2.1666],[101.09691,-2.1684]]],[[[101.06112,-2.16574],[101.0638,-2.16574],[101.06559,-2.16484],[101.06291,-2.16754],[101.06112,-2.16574]]],[[[101.05216,-2.15946],[101.05306,-2.16126],[101.04859,-2.16126],[101.04858,-2.16036],[101.05216,-2.15946]]],[[[101.05663,-2.15405],[101.06468,-2.15494],[101.06379,-2.15764],[101.05306,-2.15946],[101.05663,-2.15405]]],[[[101.09687,-2.14319],[101.09689,-2.15399],[101.09421,-2.1585],[101.09152,-2.1585],[101.09331,-2.1531],[101.09062,-2.1495],[101.09687,-2.14319]]],[[[101.09777,-2.14319],[101.09597,-2.1396],[101.09776,-2.13959],[101.09777,-2.14319]]],[[[101.1085,-2.13868],[101.10403,-2.14139],[101.10403,-2.14409],[101.10224,-2.14319],[101.10402,-2.13779],[101.1085,-2.13868]]],[[[101.01805,-2.0704],[101.01984,-2.06859],[101.02342,-2.06949],[101.02074,-2.07219],[101.01805,-2.0704]]],[[[101.02341,-2.06589],[101.02521,-2.06949],[101.02163,-2.06859],[101.02341,-2.06589]]],[[[101.02162,-2.06589],[101.01715,-2.065],[101.01447,-2.0695],[101.01804,-2.0605],[101.01804,-2.0632],[101.02072,-2.05959],[101.0252,-2.06139],[101.02162,-2.06589]],[[101.0243,-2.06139],[101.02341,-2.06229],[101.0243,-2.06229],[101.0243,-2.06139]]],[[[101.07915,-1.51951],[101.07647,-1.51771],[101.07915,-1.51681],[101.07915,-1.51951]]],[[[101.06395,-1.51502],[101.06663,-1.51592],[101.06395,-1.51682],[101.06395,-1.51502]]],[[[101.85653,-1.11654],[101.85921,-1.11294],[101.86011,-1.11564],[101.85653,-1.11654]]],[[[101.72869,-1.06269],[101.726,-1.05999],[101.72958,-1.05999],[101.72869,-1.06269]]],[[[101.53829,-1.04485],[101.53561,-1.04576],[101.53293,-1.04306],[101.53829,-1.04036],[101.5365,-1.04306],[101.53829,-1.04485]]],[[[101.66877,-1.02495],[101.67235,-1.02495],[101.67414,-1.02675],[101.67056,-1.02675],[101.66877,-1.02495]]],[[[101.66608,-1.01596],[101.66698,-1.01416],[101.66876,-1.01596],[101.66608,-1.01596]]],[[[101.66876,-1.01326],[101.67055,-1.01416],[101.67055,-1.01596],[101.66876,-1.01506],[101.66876,-1.01326]]],[[[101.6348,-1.00969],[101.6339,-1.01239],[101.63212,-1.01239],[101.63301,-1.00969],[101.6348,-1.00969]]],[[[101.6187,-0.9989],[101.6187,-0.99441],[101.61959,-0.99441],[101.62227,-0.998],[101.6187,-0.9989]]]]}}]}