{"type":"FeatureCollection","features":[{"type":"Feature","properties":{"id_kab":"1118","KDPKAB":"1118","kodekab_kemendagri":"1118","nmkab":"Pidie Jaya","provinsi":"Aceh","status_crs":"Sedang","indeks_crs":0.2059,"norm_crs":0.1234,"indeks_hazard":0.2632,"status_hazard":"Sedang","indeks_exposure":0.3536,"status_exposure":"Sedang","indeks_kerentanan":0.4287,"status_vulnerability":"Sedang","skor_banjir":21.5891,"skor_longsor":21.4799},"geometry":{"type":"Polygon","coordinates":[[[96.26288,5.26476],[96.2615,5.26171],[96.26206,5.26125],[96.28113,5.25044],[96.30274,5.24134],[96.32253,5.23173],[96.34225,5.22679],[96.33949,5.2174],[96.34117,5.21155],[96.34308,5.209],[96.33741,5.19798],[96.33521,5.19139],[96.33604,5.18631],[96.33428,5.17598],[96.33597,5.16941],[96.33536,5.16453],[96.33772,5.15498],[96.34242,5.14316],[96.3416,5.13393],[96.3478,5.12686],[96.34753,5.11217],[96.34968,5.10098],[96.35446,5.09617],[96.35499,5.09302],[96.3523,5.08238],[96.34839,5.08094],[96.34837,5.07842],[96.35062,5.07501],[96.35129,5.0708],[96.35044,5.06899],[96.35296,5.06583],[96.35888,5.06189],[96.36345,5.05001],[96.36624,5.04586],[96.36446,5.03422],[96.36244,5.03257],[96.35818,5.02595],[96.34653,5.0152],[96.34861,4.99837],[96.3476,4.99151],[96.34045,4.9824],[96.34064,4.97974],[96.33699,4.97442],[96.32544,4.96242],[96.32652,4.95823],[96.33271,4.94933],[96.33694,4.94572],[96.3442,4.94314],[96.3347,4.9291],[96.32389,4.91606],[96.3148,4.91438],[96.30874,4.9165],[96.30551,4.91633],[96.29709,4.91099],[96.27998,4.90943],[96.26469,4.91343],[96.26121,4.91492],[96.25223,4.92389],[96.25023,4.93345],[96.24566,4.93766],[96.23039,4.94625],[96.2259,4.94781],[96.21145,4.95875],[96.20802,4.96388],[96.19947,4.98312],[96.18978,4.9957],[96.18954,4.99955],[96.19999,5.01329],[96.20619,5.03888],[96.20603,5.04099],[96.20181,5.04876],[96.19556,5.05584],[96.19569,5.06172],[96.19297,5.06542],[96.19406,5.07224],[96.1927,5.07674],[96.19151,5.07712],[96.18923,5.07592],[96.18715,5.07114],[96.1837,5.06821],[96.17846,5.069],[96.16692,5.0684],[96.15438,5.07755],[96.14841,5.07929],[96.14608,5.07934],[96.14092,5.07565],[96.13659,5.07465],[96.12602,5.07804],[96.1177,5.08309],[96.11183,5.09017],[96.10815,5.09072],[96.10131,5.08912],[96.08554,5.09144],[96.0812,5.09355],[96.08014,5.09692],[96.07672,5.10135],[96.06692,5.10541],[96.06044,5.10516],[96.04951,5.11415],[96.04445,5.11698],[96.04369,5.12525],[96.04074,5.13073],[96.03469,5.13726],[96.0277,5.14056],[96.02371,5.14468],[96.02291,5.15056],[96.0244,5.15237],[96.02453,5.15928],[96.02711,5.16353],[96.02915,5.16237],[96.03076,5.16413],[96.03487,5.17416],[96.03611,5.17467],[96.03828,5.17313],[96.04311,5.17248],[96.05157,5.18181],[96.05119,5.18679],[96.04929,5.18908],[96.04912,5.19089],[96.05017,5.19331],[96.05324,5.19578],[96.05537,5.20012],[96.0389,5.23058],[96.04062,5.23348],[96.03707,5.23769],[96.03991,5.24585],[96.0462,5.24394],[96.05203,5.25321],[96.05515,5.25393],[96.05498,5.25771],[96.05397,5.25787],[96.04533,5.26782],[96.04657,5.2728],[96.0486,5.27327],[96.05259,5.28182],[96.05333,5.28488],[96.05159,5.2878],[96.05227,5.29062],[96.05882,5.29629],[96.06053,5.29892],[96.08681,5.28687],[96.10446,5.28257],[96.10753,5.28564],[96.12267,5.28069],[96.14212,5.2781],[96.169,5.26534],[96.19139,5.25954],[96.20126,5.25854],[96.21398,5.25915],[96.23209,5.26162],[96.24087,5.26383],[96.24209,5.26287],[96.25196,5.26297],[96.26272,5.26515],[96.26288,5.26476]]]}},{"type":"Feature","properties":{"id_kab":"1174","KDPKAB":"1174","kodekab_kemendagri":"1173","nmkab":"Kota Langsa","provinsi":"Aceh","status_crs":"Sedang","indeks_crs":0.2555,"norm_crs":0.1531,"indeks_hazard":0.413,"status_hazard":"Tinggi","indeks_exposure":0.4085,"status_exposure":"Sedang","indeks_kerentanan":0.21,"status_vulnerability":"Rendah","skor_banjir":27.268,"skor_longsor":19.7282},"geometry":{"type":"MultiPolygon","coordinates":[[[[97.97425,4.42109],[97.96926,4.42414],[97.96908,4.42659],[97.97166,4.43681],[97.96673,4.44204],[97.96353,4.44208],[97.94085,4.43673],[97.93526,4.43163],[97.92677,4.4332],[97.9248,4.42597],[97.92292,4.42296],[97.91974,4.4222],[97.9178,4.42278],[97.91612,4.42362],[97.91815,4.45028],[97.91731,4.45134],[97.91194,4.45113],[97.91278,4.44875],[97.91119,4.44793],[97.90711,4.44849],[97.90605,4.44995],[97.90633,4.45144],[97.90809,4.45016],[97.90862,4.45095],[97.9072,4.45209],[97.90332,4.44939],[97.90399,4.44749],[97.88497,4.44785],[97.87801,4.45552],[97.87736,4.4574],[97.88994,4.49186],[97.89612,4.50555],[97.90774,4.51833],[97.916,4.53097],[97.92114,4.53402],[97.93051,4.53587],[97.93658,4.53452],[97.93534,4.53004],[97.94459,4.52895],[97.95097,4.53278],[97.95051,4.53458],[97.95133,4.53618],[97.95442,4.53678],[97.95742,4.53551],[97.96287,4.52871],[97.96901,4.53215],[97.97073,4.53502],[97.97855,4.5407],[97.98025,4.5441],[97.98051,4.54561],[97.97606,4.55381],[97.97556,4.55773],[97.97715,4.55671],[97.98452,4.54565],[97.9858,4.53939],[97.98255,4.53625],[97.98965,4.53175],[97.99744,4.53197],[98.00147,4.53069],[98.01486,4.53614],[98.0265,4.53903],[98.02972,4.5428],[98.03345,4.54291],[98.03799,4.54682],[98.03897,4.54654],[98.03966,4.54107],[98.0396,4.53145],[98.03858,4.5294],[98.03956,4.52842],[98.04812,4.53204],[98.05553,4.53652],[98.06192,4.54483],[98.07173,4.54739],[98.08197,4.53952],[98.08574,4.53323],[98.08459,4.52972],[98.0802,4.52376],[98.07569,4.52343],[98.07947,4.51781],[98.07861,4.51249],[98.07956,4.51],[98.07013,4.51143],[98.06217,4.50989],[98.06142,4.50535],[98.06687,4.49385],[98.06299,4.48513],[98.06371,4.48338],[98.06161,4.4784],[98.05964,4.47809],[98.05496,4.48111],[98.04787,4.48247],[98.03686,4.47958],[98.03568,4.47671],[98.03652,4.4719],[98.03955,4.4672],[98.04566,4.47036],[98.04855,4.46825],[98.04665,4.46311],[98.0458,4.45533],[98.04345,4.44782],[98.03931,4.42056],[98.03051,4.41562],[98.02741,4.41057],[98.02599,4.41091],[98.02547,4.41595],[98.01496,4.41546],[98.01118,4.41007],[98.00053,4.40944],[97.98935,4.40994],[97.98542,4.41268],[97.98021,4.4235],[97.97856,4.42274],[97.97425,4.42109]]],[[[98.06571,4.54614],[98.06474,4.5464],[98.0653,4.54907],[98.06372,4.55179],[98.06494,4.55343],[98.07032,4.5487],[98.06693,4.54613],[98.06571,4.54614]]],[[[98.05747,4.56195],[98.06185,4.56017],[98.06359,4.5582],[98.06377,4.55705],[98.06051,4.55511],[98.05908,4.55522],[98.05587,4.55846],[98.05532,4.56143],[98.05604,4.56223],[98.05745,4.56196],[98.05747,4.56195]]],[[[98.04934,4.54249],[98.05048,4.53835],[98.0415,4.53652],[98.03996,4.54089],[98.04318,4.54525],[98.04602,4.54618],[98.04866,4.54394],[98.04934,4.54249]]]]}},{"type":"Feature","properties":{"id_kab":"1172","KDPKAB":"1172","kodekab_kemendagri":"1172","nmkab":"Kota Sabang","provinsi":"Aceh","status_crs":"Sedang","indeks_crs":0.2367,"norm_crs":0.1419,"indeks_hazard":0.5367,"status_hazard":"Tinggi","indeks_exposure":0.1934,"status_exposure":"Sedang","indeks_kerentanan":0.2477,"status_vulnerability":"Sedang","skor_banjir":19.7709,"skor_longsor":30.4662},"geometry":{"type":"MultiPolygon","coordinates":[[[[95.32781,5.90041],[95.33683,5.89585],[95.34253,5.88963],[95.34893,5.88511],[95.35186,5.88101],[95.35305,5.8774],[95.35207,5.87347],[95.35271,5.86886],[95.35765,5.86013],[95.36361,5.85365],[95.36861,5.85223],[95.37244,5.84841],[95.37283,5.84285],[95.37716,5.82887],[95.37643,5.81354],[95.37499,5.80504],[95.37145,5.80387],[95.37027,5.80472],[95.3654,5.81244],[95.3521,5.82801],[95.34594,5.82712],[95.34439,5.82567],[95.34389,5.81799],[95.34703,5.80354],[95.345,5.79853],[95.34539,5.79297],[95.34329,5.79197],[95.34153,5.78577],[95.33776,5.77977],[95.33032,5.77276],[95.32642,5.77201],[95.30332,5.77992],[95.2925,5.78105],[95.28488,5.78045],[95.2781,5.78722],[95.26846,5.80298],[95.26346,5.81472],[95.2637,5.81827],[95.25825,5.82526],[95.25766,5.82714],[95.26004,5.83153],[95.26026,5.83578],[95.25791,5.8422],[95.25332,5.84799],[95.24782,5.85119],[95.24422,5.85146],[95.24182,5.85026],[95.23934,5.85103],[95.23682,5.8591],[95.23165,5.863],[95.22887,5.8668],[95.22849,5.86924],[95.22016,5.87474],[95.21969,5.87994],[95.21583,5.89057],[95.21734,5.89852],[95.21622,5.90675],[95.22304,5.90601],[95.23459,5.89754],[95.23994,5.89173],[95.24001,5.88604],[95.24381,5.88279],[95.24656,5.88176],[95.24754,5.87732],[95.25025,5.87617],[95.2497,5.88301],[95.25186,5.88196],[95.25583,5.8752],[95.26009,5.87228],[95.26487,5.87212],[95.26727,5.8704],[95.269,5.86714],[95.26761,5.86471],[95.26358,5.86778],[95.25878,5.86857],[95.25899,5.86756],[95.26266,5.86569],[95.26384,5.85813],[95.26946,5.85593],[95.27896,5.84751],[95.28437,5.84795],[95.28597,5.84233],[95.29165,5.83894],[95.29952,5.83877],[95.30426,5.84073],[95.30465,5.84475],[95.3014,5.86292],[95.30219,5.873],[95.30351,5.87406],[95.30579,5.87373],[95.30682,5.86817],[95.30974,5.86875],[95.31509,5.86716],[95.32124,5.87902],[95.32404,5.88227],[95.32444,5.88569],[95.32156,5.88991],[95.31957,5.88986],[95.31601,5.8879],[95.31463,5.88516],[95.31013,5.89044],[95.31081,5.8945],[95.32163,5.90026],[95.32609,5.90103],[95.32781,5.90041]]],[[[95.31146,5.87707],[95.31377,5.87503],[95.31331,5.87332],[95.31071,5.87481],[95.30789,5.87491],[95.30838,5.87734],[95.31126,5.87714],[95.31146,5.87707]]],[[[95.25983,5.88196],[95.25874,5.87492],[95.25417,5.88741],[95.25481,5.88797],[95.25925,5.88311],[95.25983,5.88196]]],[[[95.25411,5.8962],[95.2545,5.89347],[95.25353,5.89341],[95.25289,5.89631],[95.25403,5.89639],[95.25411,5.8962]]],[[[95.11501,6.07129],[95.11347,6.07271],[95.11272,6.07529],[95.11742,6.07681],[95.12099,6.07406],[95.11787,6.07123],[95.11601,6.07113],[95.11501,6.07129]]]]}},{"type":"Feature","properties":{"id_kab":"1175","KDPKAB":"1175","kodekab_kemendagri":"1175","nmkab":"Kota Subulussalam","provinsi":"Aceh","status_crs":"Tinggi","indeks_crs":0.4674,"norm_crs":0.2801,"indeks_hazard":0.5706,"status_hazard":"Tinggi","indeks_exposure":0.3332,"status_exposure":"Sedang","indeks_kerentanan":0.4859,"status_vulnerability":"Tinggi","skor_banjir":21.5396,"skor_longsor":29.5864},"geometry":{"type":"Polygon","coordinates":[[[98.07478,2.72671],[98.0846,2.70751],[98.10063,2.68928],[98.10361,2.68276],[98.10487,2.66374],[98.10317,2.65473],[98.1058,2.63952],[98.10459,2.62863],[98.10853,2.62437],[98.11261,2.61338],[98.10961,2.60406],[98.10044,2.60153],[98.09144,2.60122],[98.08498,2.60275],[98.08345,2.59214],[98.07923,2.5831],[98.06525,2.58567],[98.05579,2.58529],[98.05575,2.58273],[98.05964,2.57266],[98.05187,2.56157],[98.04659,2.56147],[98.0441,2.56387],[98.04285,2.56663],[98.04071,2.56633],[98.03478,2.55975],[98.03328,2.55955],[98.03214,2.55985],[98.03094,2.56446],[98.03153,2.56862],[98.02665,2.57188],[98.0255,2.57844],[98.02275,2.58461],[98.0196,2.58536],[98.01336,2.58978],[98.0105,2.59394],[98.00635,2.59775],[97.98829,2.60975],[97.96667,2.59008],[97.9568,2.57987],[97.94791,2.5781],[97.94536,2.5795],[97.94151,2.57934],[97.94033,2.57872],[97.93993,2.57631],[97.93775,2.5739],[97.93353,2.57343],[97.9306,2.57593],[97.91989,2.57294],[97.91605,2.5701],[97.9158,2.56787],[97.91783,2.56555],[97.92015,2.56482],[97.91115,2.55561],[97.90717,2.55496],[97.90594,2.55047],[97.90408,2.55056],[97.89574,2.55771],[97.88979,2.55884],[97.88579,2.55018],[97.88273,2.54813],[97.87573,2.54748],[97.87352,2.54948],[97.87098,2.55602],[97.8635,2.56059],[97.85369,2.56382],[97.85018,2.55906],[97.84289,2.55694],[97.84353,2.54703],[97.84279,2.53886],[97.84747,2.5315],[97.84994,2.53168],[97.85125,2.52785],[97.8466,2.51882],[97.84229,2.51739],[97.84002,2.51399],[97.84061,2.50405],[97.84203,2.49962],[97.83885,2.5006],[97.83788,2.50279],[97.79174,2.50735],[97.7955,2.54718],[97.82487,2.63512],[97.82471,2.63723],[97.81387,2.65282],[97.8174,2.6671],[97.817,2.66853],[97.77979,2.7587],[97.76646,2.78719],[97.848,2.8335],[97.85255,2.83738],[97.86024,2.84658],[97.86,2.85908],[97.8573,2.86857],[97.85703,2.87397],[97.85819,2.88172],[97.86158,2.88416],[97.87518,2.88893],[97.8849,2.89346],[97.89025,2.89742],[97.90174,2.9072],[97.9043,2.91051],[97.90788,2.92399],[97.90811,2.93391],[97.90645,2.95472],[97.89963,2.96577],[97.89016,2.96552],[97.87171,2.96735],[97.8145,2.98243],[97.82898,3.0],[97.83985,3.00321],[97.85148,3.00098],[97.86002,3.00336],[97.87117,3.00976],[97.88183,3.00688],[97.88803,3.00923],[97.89684,3.00851],[97.9016,3.00785],[97.90644,3.00168],[97.92685,2.99348],[97.93016,2.99086],[97.93513,2.98952],[97.93784,2.9866],[97.94514,2.98639],[97.9531,2.98471],[97.95413,2.98178],[97.95405,2.96981],[97.95515,2.95893],[97.95245,2.94958],[97.95208,2.94155],[97.95069,2.93541],[97.94993,2.93411],[97.94471,2.93114],[97.94383,2.92735],[97.94434,2.92348],[97.94721,2.91813],[97.94525,2.91252],[97.95177,2.90915],[97.94869,2.89533],[97.95842,2.89211],[97.97052,2.88989],[97.98853,2.88279],[97.9924,2.8822],[97.99641,2.87613],[98.004,2.87362],[98.01194,2.86802],[98.02776,2.85589],[98.03228,2.85046],[98.03503,2.84867],[98.03991,2.84882],[98.04555,2.83027],[98.05074,2.82311],[98.05684,2.81931],[98.06401,2.81763],[98.09928,2.82264],[98.09869,2.81649],[98.10506,2.79033],[98.11692,2.78498],[98.10846,2.77609],[98.09447,2.77421],[98.08058,2.76959],[98.07042,2.76423],[98.07597,2.75005],[98.07165,2.74265],[98.07165,2.73279],[98.0747,2.72692],[98.07478,2.72671]]]}},{"type":"Feature","properties":{"id_kab":"1173","KDPKAB":"1173","kodekab_kemendagri":"1174","nmkab":"Kota Lhokseumawe","provinsi":"Aceh","status_crs":"Sedang","indeks_crs":0.1273,"norm_crs":0.0763,"indeks_hazard":0.1953,"status_hazard":"Sedang","indeks_exposure":0.437,"status_exposure":"Tinggi","indeks_kerentanan":0.2149,"status_vulnerability":"Rendah","skor_banjir":28.4553,"skor_longsor":12.8349},"geometry":{"type":"Polygon","coordinates":[[[97.14848,5.15313],[97.16071,5.1466],[97.17621,5.14223],[97.17639,5.13854],[97.17505,5.13415],[97.17645,5.13087],[97.17642,5.11725],[97.17559,5.10943],[97.17354,5.10493],[97.17327,5.10148],[97.17684,5.097],[97.17684,5.09205],[97.17937,5.0837],[97.17513,5.08269],[97.15634,5.0837],[97.14601,5.09002],[97.13553,5.09169],[97.132,5.09101],[97.13219,5.09001],[97.13129,5.08963],[97.12954,5.09087],[97.12752,5.09666],[97.12479,5.09945],[97.12195,5.10513],[97.11707,5.10635],[97.1056,5.10635],[97.10175,5.10954],[97.10097,5.11371],[97.10791,5.12558],[97.10861,5.12886],[97.1034,5.13365],[97.10143,5.13181],[97.09789,5.13071],[97.09427,5.13204],[97.09393,5.13684],[97.08476,5.14704],[97.0842,5.15078],[97.08567,5.1587],[97.08989,5.16805],[97.08806,5.16895],[97.06692,5.16517],[97.06659,5.1631],[97.06475,5.16103],[97.06057,5.1649],[97.05685,5.17058],[97.0609,5.17726],[97.06075,5.17831],[97.05742,5.18269],[97.05169,5.194],[97.04535,5.19846],[97.02882,5.19605],[97.02658,5.1972],[97.02714,5.19921],[97.03077,5.20224],[97.03106,5.20471],[97.02598,5.20876],[97.02732,5.21052],[97.03682,5.21331],[97.0383,5.2157],[97.03537,5.22069],[97.03637,5.22783],[97.04556,5.24085],[97.04645,5.24139],[97.065,5.23501],[97.07938,5.23213],[97.10314,5.22526],[97.10452,5.22398],[97.10373,5.22108],[97.0994,5.22282],[97.0975,5.22259],[97.09615,5.22008],[97.09645,5.21855],[97.10005,5.21531],[97.10994,5.21074],[97.11106,5.2131],[97.1074,5.21494],[97.10868,5.22084],[97.11732,5.21705],[97.11639,5.21564],[97.11661,5.21384],[97.1204,5.2112],[97.14202,5.20037],[97.14814,5.19372],[97.1517,5.18722],[97.15398,5.18043],[97.15391,5.17384],[97.15051,5.16715],[97.14356,5.16405],[97.13636,5.1734],[97.1334,5.17576],[97.14041,5.16433],[97.1426,5.15746],[97.14822,5.15108],[97.14805,5.15263],[97.14848,5.15313]]]}},{"type":"Feature","properties":{"id_kab":"1171","KDPKAB":"1171","kodekab_kemendagri":"1171","nmkab":"Kota Banda Aceh","provinsi":"Aceh","status_crs":"Sedang","indeks_crs":0.1763,"norm_crs":0.1057,"indeks_hazard":0.2667,"status_hazard":"Sedang","indeks_exposure":0.5414,"status_exposure":"Tinggi","indeks_kerentanan":0.1198,"status_vulnerability":"Rendah","skor_banjir":30.4833,"skor_longsor":12.6772},"geometry":{"type":"Polygon","coordinates":[[[95.32555,5.52269],[95.32259,5.51849],[95.32062,5.51722],[95.31316,5.51721],[95.30092,5.52148],[95.29609,5.52771],[95.29278,5.52446],[95.29034,5.52508],[95.28989,5.52556],[95.29304,5.52629],[95.29095,5.5304],[95.28429,5.53187],[95.28024,5.53602],[95.28039,5.53802],[95.28401,5.54261],[95.28256,5.55043],[95.2832,5.55395],[95.28244,5.55817],[95.29419,5.56629],[95.29775,5.56653],[95.29758,5.56954],[95.30486,5.57454],[95.31173,5.58111],[95.32182,5.58715],[95.32302,5.58967],[95.32781,5.59334],[95.33945,5.60116],[95.34984,5.60589],[95.36084,5.60646],[95.36696,5.60828],[95.36323,5.60514],[95.35827,5.60315],[95.35437,5.59425],[95.35541,5.58569],[95.3521,5.58377],[95.36518,5.58493],[95.36734,5.5876],[95.37202,5.57871],[95.36994,5.57675],[95.3721,5.5714],[95.3762,5.57054],[95.37768,5.56909],[95.37626,5.56555],[95.37112,5.56409],[95.36682,5.56595],[95.36554,5.56532],[95.36657,5.56384],[95.3597,5.57239],[95.35756,5.57113],[95.35794,5.56929],[95.35321,5.55824],[95.35734,5.55769],[95.36067,5.54904],[95.3606,5.54472],[95.35836,5.54473],[95.3553,5.54106],[95.35272,5.53366],[95.35079,5.5353],[95.34449,5.53489],[95.34342,5.52799],[95.33831,5.52883],[95.33025,5.52792],[95.33022,5.52896],[95.32908,5.52761],[95.32555,5.52269]]]}},{"type":"Feature","properties":{"id_kab":"1115","KDPKAB":"1115","kodekab_kemendagri":"1115","nmkab":"Nagan Raya","provinsi":"Aceh","status_crs":"Tinggi","indeks_crs":0.4052,"norm_crs":0.2428,"indeks_hazard":0.4655,"status_hazard":"Tinggi","indeks_exposure":0.4404,"status_exposure":"Tinggi","indeks_kerentanan":0.4301,"status_vulnerability":"Sedang","skor_banjir":20.0512,"skor_longsor":28.3199},"geometry":{"type":"Polygon","coordinates":[[[96.2966,3.98349],[96.2955,3.98239],[96.28397,3.99881],[96.27383,4.01128],[96.24553,4.04253],[96.2272,4.06751],[96.18934,4.10688],[96.20124,4.11678],[96.2113,4.12199],[96.22865,4.12349],[96.2544,4.13249],[96.26326,4.13832],[96.26876,4.14741],[96.27549,4.15287],[96.27249,4.15829],[96.27125,4.16874],[96.2777,4.1798],[96.27733,4.18395],[96.27239,4.19662],[96.27238,4.19905],[96.27573,4.2052],[96.27687,4.21049],[96.27507,4.21427],[96.27044,4.21548],[96.26789,4.22044],[96.26724,4.2271],[96.26908,4.23767],[96.27182,4.24461],[96.26815,4.26098],[96.27209,4.262],[96.27395,4.2661],[96.27411,4.27088],[96.28458,4.27249],[96.28683,4.27083],[96.28343,4.27935],[96.28286,4.2858],[96.28695,4.28921],[96.29152,4.32404],[96.29763,4.35039],[96.29796,4.35754],[96.29673,4.36832],[96.30159,4.37019],[96.31118,4.36788],[96.31501,4.36604],[96.31971,4.36616],[96.32047,4.36768],[96.32362,4.36804],[96.32915,4.36717],[96.33861,4.37419],[96.34226,4.37988],[96.351,4.38179],[96.35878,4.38169],[96.35958,4.3829],[96.35932,4.38667],[96.37161,4.39276],[96.3732,4.39654],[96.3715,4.40218],[96.37355,4.41047],[96.37078,4.41289],[96.37166,4.41694],[96.38425,4.41999],[96.42251,4.4213],[96.43411,4.42299],[96.44224,4.42567],[96.45405,4.43312],[96.47345,4.45247],[96.47977,4.45708],[96.48034,4.46081],[96.47833,4.46445],[96.47515,4.46855],[96.45353,4.48944],[96.44661,4.49885],[96.44118,4.5099],[96.44211,4.5129],[96.44518,4.51688],[96.45168,4.52222],[96.45948,4.53267],[96.46165,4.53817],[96.46236,4.54366],[96.46382,4.54531],[96.47365,4.54863],[96.48823,4.55106],[96.49096,4.55235],[96.49278,4.5551],[96.49404,4.56096],[96.4944,4.573],[96.49232,4.59475],[96.49496,4.59854],[96.4952,4.60311],[96.49324,4.61871],[96.491,4.62442],[96.49342,4.62521],[96.5003,4.63178],[96.50347,4.63189],[96.50586,4.63084],[96.52136,4.61935],[96.52502,4.61533],[96.52814,4.61466],[96.54134,4.60144],[96.55171,4.59507],[96.55876,4.5921],[96.57178,4.57785],[96.57719,4.57496],[96.60498,4.56633],[96.61182,4.52363],[96.60832,4.50068],[96.63449,4.50877],[96.63759,4.50787],[96.64096,4.4866],[96.64678,4.47435],[96.64678,4.47106],[96.64136,4.46365],[96.63703,4.45342],[96.6326,4.43177],[96.6236,4.4132],[96.62339,4.40971],[96.62442,4.40755],[96.62752,4.4059],[96.63006,4.39901],[96.63266,4.39768],[96.63463,4.3953],[96.63481,4.39065],[96.64101,4.3859],[96.64471,4.38466],[96.64728,4.38498],[96.64765,4.37728],[96.6492,4.37372],[96.6533,4.36976],[96.65957,4.36625],[96.66471,4.35761],[96.66786,4.35509],[96.67239,4.35506],[96.67684,4.35651],[96.68044,4.35374],[96.69096,4.35283],[96.70631,4.3478],[96.71409,4.33874],[96.71477,4.33104],[96.71765,4.32727],[96.742,4.31337],[96.74778,4.30839],[96.75,4.30361],[96.75849,4.29532],[96.77274,4.28931],[96.78744,4.28483],[96.79429,4.28056],[96.79746,4.26752],[96.79706,4.25229],[96.79491,4.24432],[96.79524,4.24127],[96.80081,4.23485],[96.80289,4.22678],[96.80052,4.22045],[96.79088,4.20854],[96.78601,4.20089],[96.77731,4.19282],[96.76267,4.18253],[96.75389,4.17443],[96.746,4.16067],[96.73463,4.13438],[96.7329,4.12947],[96.73034,4.11517],[96.72559,4.10141],[96.72392,4.09103],[96.72494,4.07963],[96.7289,4.0695],[96.72945,4.06307],[96.72617,4.04248],[96.72819,4.03988],[96.72192,4.02751],[96.71523,4.02317],[96.7149,4.01954],[96.71712,4.01684],[96.71818,4.01231],[96.71753,4.01038],[96.71685,4.0093],[96.70827,4.00512],[96.70644,4.00109],[96.70605,3.99646],[96.69906,3.99146],[96.69957,3.98906],[96.69871,3.98766],[96.69668,3.98711],[96.6903,3.99016],[96.68458,3.98917],[96.68651,3.98519],[96.68604,3.98346],[96.67747,3.98616],[96.67412,3.98117],[96.67191,3.98025],[96.66866,3.98118],[96.66608,3.98051],[96.65677,3.97162],[96.6494,3.96902],[96.63778,3.96248],[96.63688,3.96016],[96.62728,3.95066],[96.62769,3.94361],[96.62574,3.94277],[96.62475,3.94385],[96.62047,3.93712],[96.62026,3.93144],[96.61772,3.93],[96.61704,3.9253],[96.61892,3.9236],[96.62093,3.91795],[96.62272,3.91685],[96.62073,3.91253],[96.61741,3.91185],[96.61737,3.90837],[96.6154,3.90717],[96.60925,3.91011],[96.60572,3.90929],[96.60373,3.90768],[96.60551,3.90537],[96.60536,3.90163],[96.60354,3.8964],[96.60003,3.89345],[96.60188,3.89229],[96.60112,3.89013],[96.59676,3.88698],[96.59685,3.88356],[96.59752,3.88172],[96.59898,3.88097],[96.59911,3.8786],[96.59605,3.87697],[96.59338,3.87031],[96.59584,3.86717],[96.59495,3.86231],[96.59378,3.86074],[96.59213,3.86051],[96.59089,3.85842],[96.59003,3.85099],[96.58849,3.84727],[96.58564,3.84378],[96.58513,3.84198],[96.58673,3.83942],[96.5849,3.83673],[96.58507,3.83322],[96.58699,3.83157],[96.58818,3.83285],[96.59196,3.83211],[96.59921,3.82447],[96.60335,3.82255],[96.60514,3.81792],[96.60707,3.81711],[96.609,3.81008],[96.61058,3.80939],[96.61282,3.81055],[96.61388,3.80039],[96.61625,3.79462],[96.61862,3.79307],[96.6194,3.78911],[96.61454,3.78101],[96.61229,3.7791],[96.60912,3.77813],[96.60632,3.77271],[96.60744,3.77068],[96.60876,3.77065],[96.61126,3.76858],[96.61984,3.75934],[96.61968,3.75307],[96.61852,3.75204],[96.61711,3.75357],[96.61502,3.75191],[96.61776,3.74985],[96.61912,3.74995],[96.62366,3.74471],[96.62458,3.74175],[96.62317,3.73894],[96.61559,3.73462],[96.59639,3.73309],[96.57947,3.73316],[96.55505,3.72966],[96.5414,3.7293],[96.53021,3.73127],[96.51922,3.73546],[96.50768,3.74196],[96.49673,3.74951],[96.44956,3.78828],[96.38982,3.84615],[96.38985,3.85004],[96.39209,3.85319],[96.39073,3.85629],[96.38719,3.85793],[96.38644,3.85723],[96.38739,3.84971],[96.38649,3.84871],[96.3853,3.84927],[96.35865,3.88797],[96.29593,3.98275],[96.30632,3.99062],[96.29671,3.98334],[96.2966,3.98349]]]}},{"type":"Feature","properties":{"id_kab":"1116","KDPKAB":"1116","kodekab_kemendagri":"1114","nmkab":"Aceh Tamiang","provinsi":"Aceh","status_crs":"Sangat Tinggi","indeks_crs":0.5897,"norm_crs":0.3534,"indeks_hazard":0.6616,"status_hazard":"Sangat Tinggi","indeks_exposure":0.4687,"status_exposure":"Tinggi","indeks_kerentanan":0.4227,"status_vulnerability":"Sedang","skor_banjir":24.5093,"skor_longsor":29.0},"geometry":{"type":"MultiPolygon","coordinates":[[[[98.04423,4.0635],[98.04383,4.05528],[98.04164,4.05167],[98.0412,4.04886],[98.04233,4.04482],[98.03988,4.03872],[98.04095,4.03593],[98.04755,4.03369],[98.04811,4.0323],[98.04738,4.02889],[98.0462,4.02407],[98.04442,4.02212],[98.04035,4.0212],[98.03227,4.02243],[98.02754,4.01956],[98.02596,4.01615],[98.02581,4.01378],[98.03097,4.00201],[98.02931,3.99193],[98.03138,3.98593],[98.02859,3.97929],[98.02445,3.97658],[98.02345,3.97286],[98.02386,3.96856],[98.01895,3.96798],[98.01605,3.96632],[98.01597,3.96373],[98.01454,3.96265],[98.00953,3.96411],[98.00389,3.96388],[98.00115,3.95569],[97.99523,3.94509],[97.98998,3.9418],[97.98009,3.94123],[97.96177,3.93269],[97.95761,3.92892],[97.95529,3.92433],[97.95524,3.91596],[97.95728,3.90201],[97.95198,3.88969],[97.94951,3.88975],[97.9449,3.89638],[97.94315,3.89716],[97.93765,3.89677],[97.93536,3.89517],[97.9338,3.89565],[97.92938,3.90237],[97.91546,3.91346],[97.91342,3.914],[97.90689,3.91238],[97.90848,3.91417],[97.90727,3.91925],[97.90328,3.92965],[97.89857,3.93533],[97.89652,3.93466],[97.88857,3.93514],[97.88218,3.93658],[97.87526,3.93311],[97.87062,3.92882],[97.86713,3.92397],[97.86111,3.92251],[97.84953,3.93387],[97.83068,3.96631],[97.82489,3.97199],[97.82343,3.98288],[97.82198,3.9856],[97.80376,4.00252],[97.79881,4.00868],[97.78963,4.02331],[97.79011,4.02537],[97.79384,4.02937],[97.7928,4.04204],[97.79495,4.05124],[97.79216,4.06322],[97.79334,4.0671],[97.78828,4.08382],[97.78259,4.095],[97.77775,4.10843],[97.76732,4.11522],[97.76514,4.11957],[97.73812,4.13696],[97.72955,4.14538],[97.727,4.15627],[97.72168,4.1674],[97.72094,4.17599],[97.71852,4.18298],[97.71597,4.19549],[97.71816,4.22574],[97.71929,4.22977],[97.72217,4.2345],[97.72422,4.23611],[97.72361,4.23816],[97.71854,4.24491],[97.71744,4.25013],[97.71876,4.25631],[97.72632,4.27423],[97.72723,4.27532],[97.72952,4.2755],[97.73156,4.27775],[97.73186,4.28271],[97.7333,4.2867],[97.74054,4.29814],[97.74499,4.30432],[97.74836,4.30529],[97.75234,4.30826],[97.76076,4.31694],[97.76214,4.32221],[97.76097,4.33215],[97.76171,4.33594],[97.76324,4.33887],[97.76615,4.34125],[97.77153,4.34035],[97.78204,4.34971],[97.78458,4.35084],[97.78853,4.34981],[97.79597,4.34444],[97.8,4.34823],[97.80509,4.34635],[97.82,4.34545],[97.8554,4.34605],[97.86617,4.34469],[97.87232,4.34623],[97.88339,4.34651],[97.89005,4.34817],[97.92257,4.35109],[97.92433,4.35704],[97.9384,4.37192],[97.94664,4.38754],[97.95388,4.39154],[97.95921,4.39325],[97.97507,4.38072],[97.97765,4.38628],[97.97816,4.39097],[97.98076,4.39302],[97.9841,4.3941],[97.98675,4.39227],[97.99275,4.39521],[98.01749,4.41532],[98.02547,4.41595],[98.02599,4.41091],[98.02741,4.41057],[98.03051,4.41562],[98.03931,4.42056],[98.04345,4.44782],[98.0458,4.45533],[98.04665,4.46311],[98.04855,4.46825],[98.04566,4.47036],[98.03955,4.4672],[98.03652,4.4719],[98.03568,4.47671],[98.03686,4.47958],[98.04787,4.48247],[98.05496,4.48111],[98.05964,4.47809],[98.06161,4.4784],[98.06371,4.48338],[98.06299,4.48513],[98.06687,4.49385],[98.06142,4.50535],[98.06217,4.50989],[98.0687,4.51142],[98.07306,4.5113],[98.07956,4.51],[98.08296,4.50656],[98.08965,4.5112],[98.08719,4.51707],[98.08737,4.52215],[98.10275,4.52314],[98.1103,4.52129],[98.11482,4.52306],[98.11835,4.52329],[98.12381,4.52198],[98.13754,4.51583],[98.14432,4.51224],[98.14673,4.50928],[98.15121,4.50914],[98.14973,4.50993],[98.15172,4.51105],[98.1627,4.5063],[98.16882,4.50293],[98.17444,4.49815],[98.17766,4.49475],[98.17906,4.48871],[98.18666,4.48362],[98.18883,4.47923],[98.1904,4.479],[98.19505,4.48116],[98.20088,4.4806],[98.20975,4.47727],[98.2249,4.46777],[98.23387,4.46412],[98.23645,4.45753],[98.23517,4.45311],[98.233,4.45082],[98.23335,4.44994],[98.23544,4.45171],[98.23679,4.45109],[98.23561,4.44711],[98.23397,4.44505],[98.23587,4.44302],[98.24138,4.44243],[98.24238,4.44071],[98.24187,4.43914],[98.24789,4.44265],[98.24837,4.44419],[98.25104,4.44477],[98.25308,4.44399],[98.25625,4.44133],[98.26281,4.43225],[98.27634,4.4235],[98.27781,4.42124],[98.28772,4.41808],[98.28727,4.41541],[98.28618,4.41392],[98.28727,4.41672],[98.28645,4.41694],[98.28446,4.41202],[98.28474,4.40601],[98.28402,4.40441],[98.28273,4.40766],[98.28403,4.41224],[98.2818,4.4079],[98.28096,4.39862],[98.27454,4.39654],[98.27409,4.39284],[98.27734,4.38985],[98.27879,4.38513],[98.27773,4.38404],[98.2775,4.38035],[98.28142,4.3631],[98.28205,4.34855],[98.27808,4.34632],[98.27759,4.34026],[98.27979,4.32996],[98.27495,4.32368],[98.27078,4.32245],[98.26553,4.31028],[98.25469,4.29009],[98.2523,4.2892],[98.24873,4.29353],[98.24499,4.29437],[98.23933,4.28965],[98.23837,4.28335],[98.23065,4.28455],[98.22968,4.28552],[98.23076,4.29073],[98.2298,4.2923],[98.22377,4.28866],[98.21991,4.28999],[98.21618,4.28769],[98.21377,4.28841],[98.21087,4.29434],[98.21243,4.29845],[98.20942,4.29881],[98.2058,4.29772],[98.20122,4.30014],[98.19893,4.30001],[98.19761,4.29481],[98.19449,4.29536],[98.19061,4.29342],[98.1893,4.28863],[98.18107,4.28793],[98.17482,4.28959],[98.1675,4.28985],[98.16217,4.28581],[98.15208,4.28709],[98.14763,4.2856],[98.14782,4.28213],[98.14622,4.2784],[98.15031,4.27013],[98.14761,4.2622],[98.14194,4.25928],[98.1346,4.25848],[98.12397,4.25539],[98.12134,4.25405],[98.121,4.25128],[98.11265,4.25077],[98.11124,4.25242],[98.1065,4.25123],[98.10222,4.25138],[98.09584,4.255],[98.09288,4.25841],[98.08621,4.25974],[98.08396,4.25944],[98.08173,4.25761],[98.07184,4.25617],[98.06916,4.24474],[98.07155,4.23707],[98.07445,4.23435],[98.08819,4.2295],[98.08948,4.22731],[98.09163,4.21338],[98.09446,4.20901],[98.08921,4.20214],[98.08903,4.19762],[98.09212,4.19251],[98.08393,4.18836],[98.07698,4.19123],[98.06792,4.18692],[98.06269,4.18666],[98.06111,4.18572],[98.07228,4.16059],[98.0727,4.15738],[98.07162,4.15531],[98.07165,4.15224],[98.07569,4.14648],[98.07406,4.14419],[98.0665,4.13917],[98.06152,4.13744],[98.05656,4.13432],[98.05341,4.11764],[98.05329,4.11299],[98.0546,4.10669],[98.04768,4.09733],[98.04963,4.09507],[98.05009,4.09166],[98.04728,4.09014],[98.04668,4.08876],[98.04668,4.08582],[98.04813,4.08533],[98.04552,4.07938],[98.04474,4.07287],[98.04423,4.0635]]],[[[98.28727,4.39152],[98.28665,4.38915],[98.28201,4.39051],[98.28504,4.39133],[98.2839,4.39858],[98.28463,4.40242],[98.2872,4.39189],[98.28727,4.39152]]]]}},{"type":"Feature","properties":{"id_kab":"1117","KDPKAB":"1117","kodekab_kemendagri":"1117","nmkab":"Bener Meriah","provinsi":"Aceh","status_crs":"Sangat Tinggi","indeks_crs":0.6322,"norm_crs":0.3789,"indeks_hazard":0.5509,"status_hazard":"Tinggi","indeks_exposure":0.3647,"status_exposure":"Sedang","indeks_kerentanan":0.7827,"status_vulnerability":"Sangat Tinggi","skor_banjir":13.5398,"skor_longsor":37.0707},"geometry":{"type":"Polygon","coordinates":[[[96.82596,4.67234],[96.82236,4.67308],[96.82052,4.67621],[96.82082,4.68418],[96.81843,4.68482],[96.81679,4.68479],[96.81224,4.68077],[96.8113,4.67881],[96.81171,4.67661],[96.80948,4.67309],[96.80634,4.67348],[96.80532,4.67694],[96.8077,4.68307],[96.7991,4.68975],[96.79616,4.69479],[96.79234,4.70587],[96.78286,4.71421],[96.77896,4.71575],[96.77216,4.71591],[96.7685,4.71408],[96.76569,4.71417],[96.76344,4.71633],[96.75987,4.71595],[96.75689,4.7139],[96.74861,4.71264],[96.74059,4.71843],[96.73832,4.72318],[96.73399,4.72343],[96.72987,4.72643],[96.72773,4.73021],[96.71576,4.74354],[96.71689,4.74484],[96.71612,4.74656],[96.71129,4.7515],[96.70572,4.74658],[96.70171,4.74461],[96.69889,4.74561],[96.69402,4.75152],[96.68384,4.75604],[96.68711,4.76834],[96.69449,4.77094],[96.70032,4.77598],[96.70151,4.77889],[96.69983,4.79144],[96.70063,4.80018],[96.70559,4.80987],[96.70822,4.81939],[96.70651,4.82432],[96.69399,4.83225],[96.69166,4.83877],[96.69315,4.84382],[96.68971,4.85145],[96.68651,4.86373],[96.68791,4.86987],[96.68698,4.87585],[96.69065,4.88736],[96.69102,4.89865],[96.68527,4.91284],[96.68259,4.92593],[96.67743,4.92954],[96.67332,4.93881],[96.67308,4.94425],[96.6759,4.948],[96.67591,4.9495],[96.67402,4.95142],[96.66519,4.95135],[96.65949,4.95309],[96.65842,4.95427],[96.65647,4.95401],[96.66017,4.97133],[96.66387,4.98303],[96.66907,4.98355],[96.68609,4.98074],[96.6858,4.97378],[96.68989,4.97368],[96.6898,4.9695],[96.69329,4.96967],[96.69402,4.97341],[96.71496,4.9726],[96.72817,4.97086],[96.74286,4.96661],[96.76409,4.95775],[96.77705,4.94797],[96.78126,4.94346],[96.78598,4.94206],[96.80104,4.93456],[96.80389,4.93172],[96.80874,4.92162],[96.81933,4.91373],[96.82643,4.91039],[96.8441,4.88787],[96.84963,4.88287],[96.85449,4.88025],[96.87077,4.87555],[96.87123,4.87991],[96.87253,4.88182],[96.8772,4.88486],[96.87864,4.89251],[96.88072,4.89616],[96.88397,4.89981],[96.88639,4.89992],[96.88765,4.89807],[96.88745,4.89309],[96.89021,4.87735],[96.89322,4.87593],[96.91147,4.87576],[96.94439,4.8649],[96.95769,4.86256],[96.98034,4.86216],[96.98813,4.86287],[96.99599,4.86458],[96.99942,4.86658],[97.00315,4.8718],[97.00552,4.88089],[97.00863,4.88656],[97.00966,4.90146],[97.01074,4.9053],[97.0122,4.90768],[97.02148,4.91429],[97.02586,4.91467],[97.04521,4.90833],[97.04832,4.90816],[97.0556,4.91238],[97.07141,4.91011],[97.08126,4.91069],[97.08363,4.90923],[97.084,4.9074],[97.08693,4.90558],[97.09221,4.90724],[97.09769,4.90561],[97.09989,4.90361],[97.10445,4.90326],[97.1112,4.90419],[97.11538,4.90768],[97.11611,4.90969],[97.12084,4.91171],[97.13124,4.9132],[97.14365,4.91279],[97.15479,4.90822],[97.17009,4.8996],[97.22323,4.8827],[97.22843,4.88134],[97.23203,4.88169],[97.24028,4.87479],[97.25155,4.87211],[97.25782,4.86745],[97.26848,4.85086],[97.27167,4.83465],[97.28026,4.8267],[97.28153,4.82418],[97.28185,4.82024],[97.28108,4.81543],[97.27607,4.80422],[97.27333,4.79548],[97.26895,4.78829],[97.25742,4.77485],[97.25449,4.76817],[97.25286,4.7597],[97.24702,4.76112],[97.24848,4.7531],[97.25364,4.74327],[97.25321,4.73971],[97.25404,4.73903],[97.25592,4.73948],[97.25752,4.74199],[97.26096,4.74136],[97.26188,4.73988],[97.25985,4.73754],[97.2509,4.73484],[97.24985,4.7339],[97.25016,4.73005],[97.25452,4.72971],[97.25643,4.72688],[97.25555,4.72532],[97.2562,4.72423],[97.25991,4.72187],[97.26219,4.7223],[97.26327,4.72398],[97.26156,4.72877],[97.2657,4.72902],[97.27271,4.72204],[97.27829,4.72757],[97.27721,4.73059],[97.27003,4.73127],[97.26974,4.73264],[97.27225,4.73532],[97.27396,4.73544],[97.27898,4.7319],[97.28291,4.7307],[97.29716,4.73105],[97.30531,4.72951],[97.30942,4.73061],[97.31591,4.73053],[97.31979,4.73156],[97.31983,4.74015],[97.32413,4.73452],[97.3276,4.71584],[97.3277,4.7108],[97.32721,4.70627],[97.32363,4.69762],[97.31762,4.69123],[97.31195,4.68198],[97.31243,4.67003],[97.30943,4.66448],[97.30567,4.66229],[97.29405,4.65983],[97.28217,4.65896],[97.2748,4.65928],[97.26132,4.66369],[97.25656,4.66326],[97.25497,4.66183],[97.25455,4.64909],[97.25652,4.64382],[97.25933,4.62461],[97.26051,4.6221],[97.26575,4.62135],[97.26998,4.62765],[97.27484,4.63181],[97.28038,4.63019],[97.29906,4.62943],[97.30131,4.62819],[97.3065,4.62052],[97.31254,4.60461],[97.25157,4.59839],[97.23514,4.60224],[97.17593,4.5789],[97.17056,4.57597],[97.15055,4.577],[97.1066,4.58399],[97.09257,4.58713],[97.07531,4.59598],[97.06054,4.59876],[97.05218,4.60161],[97.0418,4.60891],[97.03582,4.6165],[97.02585,4.63297],[97.02286,4.64057],[97.01068,4.64284],[96.98267,4.64574],[96.97424,4.64768],[96.92171,4.65202],[96.90435,4.6562],[96.89803,4.65647],[96.8856,4.6643],[96.87678,4.66564],[96.86848,4.67117],[96.85123,4.67211],[96.83359,4.67115],[96.82713,4.67207],[96.82596,4.67234]]]}},{"type":"Feature","properties":{"id_kab":"1114","KDPKAB":"1114","kodekab_kemendagri":"1116","nmkab":"Aceh Jaya","provinsi":"Aceh","status_crs":"Sangat Tinggi","indeks_crs":0.6246,"norm_crs":0.3743,"indeks_hazard":0.6028,"status_hazard":"Sangat Tinggi","indeks_exposure":0.381,"status_exposure":"Sedang","indeks_kerentanan":0.6552,"status_vulnerability":"Tinggi","skor_banjir":19.466,"skor_longsor":32.5024},"geometry":{"type":"MultiPolygon","coordinates":[[[[95.45156,4.80114],[95.44483,4.8084],[95.44135,4.80923],[95.43684,4.8074],[95.42845,4.80906],[95.42682,4.81009],[95.42629,4.8145],[95.42357,4.81766],[95.42009,4.8193],[95.41314,4.82055],[95.41253,4.82361],[95.41315,4.82545],[95.41724,4.82421],[95.42483,4.82706],[95.42649,4.83155],[95.4263,4.83625],[95.42282,4.84563],[95.42035,4.84911],[95.40389,4.86656],[95.39757,4.87071],[95.39574,4.87737],[95.3974,4.8781],[95.39951,4.88231],[95.40175,4.89274],[95.40078,4.89576],[95.39564,4.90238],[95.39201,4.90448],[95.38852,4.91748],[95.38441,4.92038],[95.38003,4.92006],[95.37832,4.9208],[95.37677,4.93538],[95.36697,4.94666],[95.36732,4.94926],[95.37478,4.94874],[95.37799,4.95871],[95.38074,4.96169],[95.38159,4.96885],[95.38017,4.97192],[95.3767,4.97336],[95.37405,4.97582],[95.3747,4.98298],[95.37093,4.988],[95.36835,4.99731],[95.36454,5.00023],[95.36216,4.99757],[95.35931,4.99756],[95.35798,4.99843],[95.3562,5.00292],[95.35604,5.0099],[95.35795,5.01265],[95.36206,5.01135],[95.3672,5.01364],[95.36854,5.02216],[95.36657,5.03224],[95.36237,5.03882],[95.35455,5.04113],[95.35337,5.04345],[95.34799,5.04812],[95.34062,5.05021],[95.33549,5.04909],[95.33339,5.05021],[95.3325,5.05581],[95.33023,5.06049],[95.32803,5.06219],[95.32472,5.06843],[95.32226,5.06878],[95.31849,5.0776],[95.31633,5.07904],[95.31381,5.07796],[95.31107,5.07853],[95.30684,5.08087],[95.30662,5.08164],[95.31213,5.08159],[95.31683,5.08021],[95.31953,5.08451],[95.32062,5.0908],[95.31948,5.09343],[95.31766,5.0929],[95.3148,5.09435],[95.31199,5.09799],[95.31168,5.10283],[95.3084,5.10657],[95.30612,5.10739],[95.30389,5.10967],[95.30307,5.11224],[95.30387,5.11344],[95.30634,5.11381],[95.30851,5.11615],[95.31085,5.12439],[95.31071,5.12914],[95.30972,5.13145],[95.30512,5.13456],[95.30344,5.13724],[95.3034,5.13949],[95.30525,5.14196],[95.30634,5.14603],[95.30836,5.16101],[95.30679,5.16733],[95.30727,5.16633],[95.30843,5.16642],[95.31952,5.17269],[95.32236,5.17767],[95.32394,5.17872],[95.33275,5.18106],[95.33281,5.1829],[95.32878,5.18699],[95.32945,5.18911],[95.33414,5.19259],[95.33085,5.19862],[95.33161,5.20766],[95.32864,5.21274],[95.32706,5.21769],[95.32208,5.22501],[95.32547,5.23124],[95.33124,5.23396],[95.33764,5.23391],[95.34332,5.23692],[95.34995,5.24522],[95.36306,5.25324],[95.36653,5.25425],[95.36958,5.25385],[95.37492,5.2503],[95.37724,5.24693],[95.37811,5.24172],[95.3818,5.23723],[95.38684,5.23394],[95.38698,5.23087],[95.39231,5.22692],[95.39124,5.21963],[95.39524,5.21678],[95.39822,5.21826],[95.39985,5.21691],[95.4016,5.21472],[95.4019,5.21037],[95.411,5.21601],[95.41754,5.22161],[95.42241,5.22189],[95.42704,5.22083],[95.43612,5.22392],[95.43907,5.21914],[95.45081,5.2188],[95.46129,5.2137],[95.46694,5.21174],[95.47189,5.21165],[95.4732,5.21022],[95.47526,5.20992],[95.4861,5.21151],[95.49296,5.21789],[95.49968,5.22025],[95.50561,5.21799],[95.51599,5.21601],[95.53747,5.2156],[95.54383,5.20917],[95.54821,5.20615],[95.56325,5.20723],[95.57442,5.20933],[95.58187,5.20923],[95.59003,5.20491],[95.59387,5.19625],[95.59711,5.19246],[95.60049,5.19136],[95.60933,5.19119],[95.61643,5.18826],[95.6196,5.18212],[95.62392,5.1674],[95.62875,5.16045],[95.63954,5.14841],[95.64415,5.14096],[95.64371,5.13907],[95.63686,5.13379],[95.63525,5.13148],[95.62968,5.11008],[95.63032,5.09166],[95.63445,5.08072],[95.63947,5.07366],[95.64382,5.06995],[95.65205,5.06613],[95.67299,5.06108],[95.68817,5.06052],[95.69607,5.05895],[95.69967,5.05754],[95.70539,5.05259],[95.70795,5.05263],[95.71448,5.05501],[95.72051,5.05552],[95.72831,5.05369],[95.73355,5.05351],[95.73656,5.05487],[95.74317,5.06111],[95.75875,5.05764],[95.76237,5.05571],[95.76639,5.03797],[95.77062,5.03184],[95.77244,5.02736],[95.77846,5.02227],[95.78391,5.00899],[95.78893,5.00516],[95.79634,5.00172],[95.80297,4.98841],[95.82277,4.97423],[95.83255,4.96417],[95.84785,4.95124],[95.85171,4.94468],[95.85392,4.93179],[95.85514,4.92953],[95.86085,4.92522],[95.87372,4.91905],[95.87903,4.91494],[95.88229,4.909],[95.88592,4.89385],[95.8971,4.87316],[95.90179,4.8664],[95.91588,4.85552],[95.92241,4.84855],[95.94939,4.83538],[95.95573,4.83127],[95.95777,4.82881],[95.96122,4.82001],[95.97164,4.80996],[95.97876,4.79644],[95.98726,4.79034],[95.99113,4.7866],[95.99313,4.78271],[95.99539,4.76749],[95.99484,4.75642],[95.99702,4.75197],[96.00475,4.7465],[96.00817,4.74131],[96.02804,4.69402],[96.03144,4.68365],[96.03275,4.66892],[96.04357,4.65698],[96.03723,4.64753],[96.03419,4.64124],[96.03335,4.63199],[96.03443,4.63004],[96.03011,4.61758],[96.0298,4.61414],[96.03133,4.61041],[96.03791,4.60161],[96.04733,4.59711],[96.05133,4.59248],[96.05244,4.58327],[96.04894,4.58304],[96.04761,4.58028],[96.04838,4.57235],[96.04778,4.5666],[96.03841,4.56265],[96.03202,4.56204],[96.02446,4.55895],[96.01185,4.55047],[96.00184,4.54103],[95.99726,4.53842],[95.988,4.53528],[95.96646,4.51958],[95.95371,4.50326],[95.94649,4.48653],[95.94135,4.47835],[95.93517,4.46569],[95.92748,4.44418],[95.92029,4.43345],[95.91995,4.42822],[95.91765,4.4273],[95.91149,4.421],[95.909,4.41477],[95.86555,4.37869],[95.86143,4.38425],[95.85404,4.39143],[95.818,4.42373],[95.81096,4.42909],[95.80136,4.43909],[95.78566,4.45989],[95.77509,4.47196],[95.7411,4.50619],[95.71744,4.52714],[95.71085,4.53405],[95.69097,4.55089],[95.64363,4.58779],[95.62541,4.60564],[95.61008,4.6191],[95.59991,4.62617],[95.5875,4.63204],[95.58299,4.63233],[95.57929,4.63035],[95.5787,4.62827],[95.58092,4.62477],[95.58103,4.62324],[95.58026,4.62297],[95.57692,4.62417],[95.57404,4.62679],[95.56911,4.62603],[95.56725,4.62658],[95.56464,4.63239],[95.5676,4.63327],[95.56933,4.63151],[95.5721,4.63178],[95.57521,4.63455],[95.57259,4.63733],[95.57193,4.64064],[95.57651,4.64245],[95.58173,4.64121],[95.58413,4.6443],[95.58592,4.65044],[95.58354,4.6566],[95.56769,4.66599],[95.56236,4.66765],[95.56034,4.6672],[95.55639,4.66371],[95.55591,4.65464],[95.54572,4.6546],[95.54037,4.65664],[95.54028,4.6595],[95.54184,4.66384],[95.54155,4.67051],[95.53965,4.67214],[95.53547,4.67266],[95.53377,4.68127],[95.53197,4.68545],[95.52449,4.69437],[95.51408,4.7015],[95.50801,4.70753],[95.50788,4.70822],[95.51026,4.70779],[95.51278,4.70961],[95.51399,4.71195],[95.51319,4.71902],[95.51223,4.72072],[95.50237,4.73316],[95.4975,4.73735],[95.49612,4.74525],[95.48723,4.75657],[95.47294,4.77031],[95.45463,4.78338],[95.45575,4.78682],[95.45548,4.78941],[95.45156,4.80113],[95.45156,4.80114]]],[[[95.58161,4.6103],[95.5809,4.61135],[95.58169,4.61319],[95.58475,4.61138],[95.58242,4.61001],[95.58161,4.6103]]],[[[95.57209,4.61521],[95.57196,4.61906],[95.57576,4.61751],[95.57555,4.61476],[95.57426,4.61389],[95.57209,4.61521]]],[[[95.56313,4.64381],[95.5648,4.64445],[95.56577,4.6419],[95.56417,4.64046],[95.56292,4.64289],[95.56313,4.64381]]],[[[95.55667,4.64227],[95.55525,4.64363],[95.55517,4.64783],[95.55837,4.64849],[95.5595,4.64274],[95.55824,4.64172],[95.55667,4.64227]]],[[[95.53986,4.65449],[95.53934,4.65275],[95.53894,4.65391],[95.53986,4.65449]]],[[[95.50585,4.68669],[95.50522,4.6879],[95.50941,4.68889],[95.51088,4.68805],[95.51083,4.68685],[95.50768,4.68632],[95.50585,4.68669]]],[[[95.50123,4.72317],[95.50273,4.72445],[95.50399,4.72367],[95.50399,4.72042],[95.50144,4.72272],[95.50123,4.72317]]],[[[95.48303,4.72188],[95.4835,4.72304],[95.48859,4.72456],[95.48891,4.72241],[95.48765,4.72126],[95.48303,4.72188]]],[[[95.45188,4.77052],[95.4518,4.7695],[95.45007,4.76987],[95.44362,4.77349],[95.44419,4.77519],[95.44905,4.77506],[95.45114,4.77393],[95.45188,4.77052]]],[[[95.38146,4.87569],[95.38881,4.87626],[95.3898,4.87228],[95.38739,4.86651],[95.38183,4.86016],[95.37433,4.86126],[95.37113,4.8631],[95.36515,4.87432],[95.36578,4.87563],[95.37076,4.87778],[95.37155,4.87658],[95.37428,4.87558],[95.379,4.87537],[95.38146,4.87569]]],[[[95.28931,5.10949],[95.28338,5.10807],[95.28286,5.10922],[95.28553,5.11358],[95.28281,5.1162],[95.28632,5.11971],[95.28926,5.12092],[95.29209,5.12061],[95.29644,5.11845],[95.29623,5.11468],[95.29151,5.11053],[95.28931,5.10949]]],[[[95.2891,5.12632],[95.28705,5.12863],[95.28842,5.13015],[95.28983,5.12999],[95.29366,5.12774],[95.29288,5.12611],[95.2901,5.12617],[95.2891,5.12632]]]]}},{"type":"Feature","properties":{"id_kab":"1108","KDPKAB":"1108","kodekab_kemendagri":"1111","nmkab":"Aceh Utara","provinsi":"Aceh","status_crs":"Sedang","indeks_crs":0.1088,"norm_crs":0.0652,"indeks_hazard":0.1507,"status_hazard":"Rendah","indeks_exposure":0.3661,"status_exposure":"Sedang","indeks_kerentanan":0.3557,"status_vulnerability":"Sedang","skor_banjir":25.9621,"skor_longsor":14.158},"geometry":{"type":"Polygon","coordinates":[[[97.13853,4.91304],[97.13124,4.9132],[97.12084,4.91171],[97.11611,4.90969],[97.11538,4.90768],[97.1112,4.90419],[97.10445,4.90326],[97.09989,4.90361],[97.09769,4.90561],[97.09221,4.90724],[97.08693,4.90558],[97.084,4.9074],[97.08363,4.90923],[97.08126,4.91069],[97.07141,4.91011],[97.0556,4.91238],[97.04832,4.90816],[97.04521,4.90833],[97.02586,4.91467],[97.02148,4.91429],[97.0122,4.90768],[97.01074,4.9053],[97.00966,4.90146],[97.00863,4.88656],[97.00552,4.88089],[97.00315,4.8718],[96.99942,4.86658],[96.99599,4.86458],[96.98813,4.86287],[96.98034,4.86216],[96.95769,4.86256],[96.94439,4.8649],[96.91147,4.87576],[96.89322,4.87593],[96.89021,4.87735],[96.88745,4.89309],[96.88765,4.89807],[96.88639,4.89992],[96.88397,4.89981],[96.88072,4.89616],[96.87864,4.89251],[96.8772,4.88486],[96.87253,4.88182],[96.87123,4.87991],[96.87077,4.87555],[96.85449,4.88025],[96.84963,4.88287],[96.8441,4.88787],[96.82643,4.91039],[96.81933,4.91373],[96.80874,4.92162],[96.80389,4.93172],[96.80104,4.93456],[96.78598,4.94206],[96.79939,4.95642],[96.80835,4.96909],[96.81459,4.98249],[96.81659,4.98954],[96.81876,5.00546],[96.81771,5.00932],[96.81863,5.03843],[96.8239,5.04949],[96.8272,5.05373],[96.82589,5.0614],[96.8213,5.07179],[96.82768,5.07435],[96.83733,5.08048],[96.84489,5.08394],[96.85945,5.0951],[96.86242,5.09921],[96.86045,5.10265],[96.86713,5.11164],[96.8686,5.11916],[96.87366,5.12038],[96.87783,5.13199],[96.88504,5.14633],[96.88835,5.14778],[96.8906,5.15068],[96.88987,5.16537],[96.89174,5.17151],[96.89121,5.1806],[96.8966,5.17962],[96.90027,5.18482],[96.90742,5.18842],[96.9105,5.19499],[96.91463,5.19789],[96.91783,5.20212],[96.91757,5.20706],[96.92255,5.20837],[96.92528,5.21102],[96.9244,5.21318],[96.92002,5.21086],[96.91624,5.21309],[96.91605,5.21505],[96.9125,5.21435],[96.91099,5.21505],[96.91148,5.21707],[96.91623,5.21826],[96.91717,5.22214],[96.91636,5.22286],[96.90928,5.22176],[96.91113,5.2244],[96.91292,5.22299],[96.91397,5.2236],[96.91464,5.226],[96.913,5.23157],[96.90965,5.23529],[96.90928,5.24046],[96.90607,5.24382],[96.90733,5.24599],[96.91061,5.24577],[96.91206,5.24852],[96.90781,5.25034],[96.91501,5.25076],[96.95764,5.26101],[96.98104,5.26231],[96.9962,5.26014],[97.02664,5.25183],[97.03199,5.25111],[97.03308,5.25056],[97.03207,5.247],[97.02983,5.24775],[97.0289,5.2448],[97.03288,5.23991],[97.03942,5.23776],[97.04096,5.24023],[97.04006,5.24324],[97.03541,5.24589],[97.0387,5.24554],[97.04683,5.24188],[97.03694,5.22959],[97.03537,5.22069],[97.0383,5.2157],[97.03682,5.21331],[97.02732,5.21052],[97.02598,5.20876],[97.03106,5.20471],[97.03077,5.20224],[97.02714,5.19921],[97.02658,5.1972],[97.02882,5.19605],[97.04535,5.19846],[97.05169,5.194],[97.05742,5.18269],[97.06075,5.17831],[97.0609,5.17726],[97.05685,5.17058],[97.06057,5.1649],[97.06475,5.16103],[97.06659,5.1631],[97.06692,5.16517],[97.08806,5.16895],[97.08989,5.16805],[97.08567,5.1587],[97.0842,5.15078],[97.08476,5.14704],[97.09393,5.13684],[97.09427,5.13204],[97.09789,5.13071],[97.10143,5.13181],[97.1034,5.13365],[97.10861,5.12886],[97.10791,5.12558],[97.10097,5.11371],[97.10129,5.11004],[97.1056,5.10635],[97.11707,5.10635],[97.12195,5.10513],[97.12479,5.09945],[97.12752,5.09666],[97.12954,5.09087],[97.13129,5.08963],[97.13219,5.09001],[97.132,5.09101],[97.13553,5.09169],[97.14601,5.09002],[97.15634,5.0837],[97.1711,5.08269],[97.17937,5.0837],[97.17684,5.09205],[97.17684,5.097],[97.17327,5.10148],[97.17354,5.10493],[97.17559,5.10943],[97.17642,5.11725],[97.17645,5.13087],[97.17505,5.13415],[97.17639,5.13854],[97.17621,5.14223],[97.19088,5.14129],[97.20371,5.14269],[97.21885,5.1482],[97.22844,5.15416],[97.22775,5.15302],[97.22958,5.15272],[97.24023,5.15371],[97.25087,5.15829],[97.26791,5.16872],[97.26897,5.16855],[97.27143,5.16415],[97.2706,5.16677],[97.27608,5.1692],[97.28042,5.16907],[97.28669,5.17129],[97.3106,5.18416],[97.32584,5.18885],[97.32913,5.18463],[97.3306,5.18517],[97.3283,5.18552],[97.32794,5.18752],[97.36088,5.19803],[97.40344,5.21532],[97.44111,5.22741],[97.48099,5.24296],[97.48381,5.24116],[97.48825,5.22978],[97.48861,5.22439],[97.49272,5.21949],[97.49579,5.21852],[97.49998,5.21302],[97.49553,5.21155],[97.49184,5.21456],[97.48989,5.21392],[97.48972,5.21188],[97.4935,5.21034],[97.49475,5.20726],[97.4938,5.20541],[97.49235,5.20731],[97.49003,5.20711],[97.49122,5.20277],[97.4877,5.20018],[97.48877,5.19876],[97.49299,5.19771],[97.49436,5.20208],[97.49686,5.20275],[97.49977,5.19643],[97.5003,5.18777],[97.49495,5.18595],[97.49186,5.18856],[97.48836,5.18818],[97.48863,5.18504],[97.48754,5.18501],[97.48587,5.18306],[97.4864,5.18016],[97.48929,5.17483],[97.49182,5.17345],[97.4993,5.17217],[97.49883,5.16779],[97.49644,5.15915],[97.49221,5.15775],[97.48938,5.16109],[97.48715,5.16086],[97.48862,5.15403],[97.48715,5.15056],[97.48222,5.15153],[97.48001,5.14999],[97.47621,5.14968],[97.4683,5.15419],[97.46601,5.15362],[97.46873,5.14796],[97.46943,5.14159],[97.46829,5.13344],[97.46893,5.13135],[97.46983,5.13067],[97.4735,5.13168],[97.47822,5.12882],[97.47833,5.1265],[97.4766,5.1242],[97.4703,5.12451],[97.47038,5.12111],[97.46714,5.11759],[97.46481,5.11874],[97.46327,5.1178],[97.45976,5.11192],[97.47005,5.10472],[97.47136,5.1005],[97.46789,5.09674],[97.46739,5.09485],[97.46829,5.09322],[97.46944,5.09286],[97.47595,5.09655],[97.47834,5.09659],[97.47849,5.09811],[97.4813,5.09784],[97.47819,5.09482],[97.47574,5.09403],[97.4779,5.08767],[97.47978,5.08703],[97.48343,5.07927],[97.4848,5.07825],[97.48851,5.07876],[97.48782,5.08154],[97.49058,5.08608],[97.49224,5.08705],[97.49537,5.08625],[97.49739,5.08174],[97.49507,5.07767],[97.49125,5.07496],[97.49176,5.07148],[97.4926,5.07107],[97.49632,5.07341],[97.49819,5.07603],[97.50086,5.07528],[97.49854,5.06846],[97.50609,5.06784],[97.51214,5.07541],[97.51306,5.072],[97.51588,5.07048],[97.51701,5.06104],[97.51647,5.05805],[97.51484,5.05694],[97.51355,5.05777],[97.51324,5.05916],[97.51465,5.06281],[97.51448,5.06458],[97.51301,5.06587],[97.50993,5.06541],[97.50675,5.06208],[97.50734,5.05915],[97.51156,5.05655],[97.51387,5.05233],[97.51195,5.0502],[97.50872,5.0538],[97.5056,5.05487],[97.498,5.05113],[97.49785,5.04975],[97.50372,5.04871],[97.50535,5.04728],[97.50531,5.0457],[97.50019,5.04329],[97.49922,5.03997],[97.4999,5.03861],[97.50118,5.03768],[97.50325,5.038],[97.50632,5.04421],[97.50757,5.0442],[97.50904,5.04337],[97.51459,5.03087],[97.5135,5.02917],[97.50707,5.02913],[97.50604,5.02625],[97.50654,5.02249],[97.50288,5.01732],[97.50111,5.01641],[97.49551,5.01643],[97.49336,5.01408],[97.49351,5.01236],[97.49546,5.01068],[97.49731,5.01071],[97.50111,5.01281],[97.50301,5.01255],[97.50512,5.00928],[97.50547,5.00571],[97.50407,5.00372],[97.49841,5.00637],[97.49302,5.00475],[97.49132,5.00287],[97.492,4.99362],[97.4939,4.9919],[97.49649,4.9912],[97.49819,4.98443],[97.4972,4.98251],[97.49222,4.98066],[97.4911,4.97781],[97.49316,4.97589],[97.49702,4.97759],[97.49932,4.97671],[97.49953,4.97354],[97.5018,4.96768],[97.50045,4.96481],[97.49832,4.96408],[97.49673,4.96521],[97.49607,4.96741],[97.49419,4.96771],[97.49246,4.96372],[97.49132,4.96297],[97.48836,4.96345],[97.48512,4.96107],[97.48544,4.95966],[97.48666,4.95911],[97.49014,4.95992],[97.49675,4.95702],[97.50281,4.96091],[97.50491,4.95951],[97.50443,4.9579],[97.50058,4.95679],[97.49888,4.9551],[97.49714,4.94755],[97.49204,4.94742],[97.48913,4.94307],[97.48547,4.94381],[97.48125,4.94322],[97.47963,4.94133],[97.47754,4.94096],[97.47655,4.94201],[97.47538,4.9478],[97.47314,4.94824],[97.47193,4.94751],[97.47352,4.94162],[97.46859,4.9281],[97.47171,4.92671],[97.47336,4.92339],[97.46691,4.91901],[97.46571,4.91535],[97.46729,4.91339],[97.47196,4.91989],[97.47839,4.92075],[97.47936,4.91842],[97.47359,4.91814],[97.47325,4.91511],[97.47474,4.91302],[97.48515,4.9112],[97.48774,4.90977],[97.48763,4.90854],[97.48346,4.90505],[97.48366,4.90228],[97.48501,4.90225],[97.48806,4.90598],[97.49055,4.90658],[97.49194,4.90106],[97.49304,4.90025],[97.49607,4.90036],[97.49912,4.89792],[97.49872,4.89481],[97.49277,4.88853],[97.49325,4.88629],[97.49601,4.88678],[97.50214,4.89246],[97.50436,4.89237],[97.50623,4.89093],[97.50653,4.88747],[97.50082,4.88672],[97.49544,4.88125],[97.4971,4.87492],[97.49798,4.87472],[97.50327,4.87939],[97.50638,4.88516],[97.50984,4.88485],[97.51166,4.88231],[97.50348,4.87616],[97.50152,4.87237],[97.49594,4.86835],[97.4906,4.86785],[97.48863,4.86681],[97.48789,4.86492],[97.48955,4.85654],[97.48859,4.85289],[97.48544,4.84725],[97.47694,4.83872],[97.47517,4.83887],[97.47434,4.84203],[97.47109,4.83732],[97.46864,4.83716],[97.46762,4.83837],[97.47001,4.84035],[97.46967,4.84279],[97.4672,4.84277],[97.46512,4.83975],[97.46357,4.83972],[97.46183,4.84125],[97.46178,4.84478],[97.45908,4.84609],[97.45732,4.84414],[97.45563,4.83934],[97.4523,4.83548],[97.44474,4.83368],[97.4425,4.83178],[97.44139,4.8289],[97.45019,4.82774],[97.45644,4.82289],[97.45663,4.82081],[97.45549,4.81922],[97.45307,4.81867],[97.4368,4.82166],[97.43537,4.81997],[97.43778,4.81189],[97.4353,4.8083],[97.42943,4.80777],[97.42838,4.80578],[97.43305,4.7975],[97.43597,4.79539],[97.4365,4.78856],[97.43425,4.7863],[97.42679,4.78578],[97.4205,4.78199],[97.41079,4.78019],[97.4074,4.78281],[97.40736,4.78462],[97.41042,4.78721],[97.41843,4.78741],[97.4188,4.78983],[97.41607,4.79346],[97.41234,4.79596],[97.40763,4.79585],[97.40606,4.79464],[97.40352,4.78949],[97.39993,4.76678],[97.40321,4.76329],[97.40929,4.76254],[97.41047,4.76272],[97.41475,4.76853],[97.41711,4.76865],[97.42238,4.76468],[97.42419,4.75902],[97.42442,4.75494],[97.42235,4.75502],[97.41506,4.75945],[97.41111,4.75937],[97.40711,4.75591],[97.40404,4.75537],[97.40197,4.75633],[97.39923,4.75961],[97.39437,4.75886],[97.38798,4.76005],[97.38698,4.76172],[97.38789,4.76743],[97.38619,4.76887],[97.37193,4.76816],[97.36544,4.76673],[97.36135,4.76715],[97.36076,4.76913],[97.3648,4.77511],[97.36607,4.7793],[97.36485,4.78265],[97.36221,4.78349],[97.3561,4.77744],[97.3567,4.77316],[97.35484,4.771],[97.35306,4.772],[97.35116,4.77734],[97.34972,4.77857],[97.34081,4.77934],[97.33746,4.77749],[97.33527,4.77172],[97.33644,4.76683],[97.3272,4.75929],[97.32364,4.74405],[97.32419,4.74329],[97.32169,4.74413],[97.31907,4.74098],[97.31983,4.74015],[97.31928,4.73105],[97.30942,4.73061],[97.30531,4.72951],[97.29716,4.73105],[97.28291,4.7307],[97.27898,4.7319],[97.27396,4.73544],[97.27225,4.73532],[97.26974,4.73264],[97.27003,4.73127],[97.27721,4.73059],[97.27829,4.72757],[97.27271,4.72204],[97.2657,4.72902],[97.26156,4.72877],[97.26339,4.72495],[97.26219,4.7223],[97.25991,4.72187],[97.25697,4.72335],[97.25555,4.72532],[97.25643,4.72688],[97.25452,4.72971],[97.25016,4.73005],[97.24985,4.7339],[97.25985,4.73754],[97.26159,4.73888],[97.26168,4.74088],[97.25752,4.74199],[97.25592,4.73948],[97.25404,4.73903],[97.25321,4.73971],[97.25364,4.74327],[97.24848,4.7531],[97.24702,4.76112],[97.25286,4.7597],[97.25449,4.76817],[97.25742,4.77485],[97.26895,4.78829],[97.27333,4.79548],[97.27607,4.80422],[97.28108,4.81543],[97.28185,4.82024],[97.28153,4.82418],[97.28026,4.8267],[97.27167,4.83465],[97.26848,4.85086],[97.25782,4.86745],[97.25529,4.86997],[97.24788,4.87332],[97.24028,4.87479],[97.23203,4.88169],[97.22843,4.88134],[97.22323,4.8827],[97.18092,4.89586],[97.17009,4.8996],[97.14867,4.91088],[97.14365,4.91279],[97.13949,4.91293],[97.13853,4.91304]]]}},{"type":"Feature","properties":{"id_kab":"1111","KDPKAB":"1111","kodekab_kemendagri":"1110","nmkab":"Bireuen","provinsi":"Aceh","status_crs":"Tinggi","indeks_crs":0.41,"norm_crs":0.2457,"indeks_hazard":0.5709,"status_hazard":"Tinggi","indeks_exposure":0.367,"status_exposure":"Sedang","indeks_kerentanan":0.3512,"status_vulnerability":"Sedang","skor_banjir":21.8446,"skor_longsor":29.2881},"geometry":{"type":"Polygon","coordinates":[[[96.47712,4.89134],[96.47285,4.89202],[96.46678,4.89483],[96.46312,4.91065],[96.45938,4.91645],[96.44306,4.93102],[96.42914,4.93896],[96.42069,4.94143],[96.39921,4.94214],[96.37906,4.93219],[96.37233,4.93115],[96.36971,4.93292],[96.36837,4.93762],[96.36333,4.94185],[96.35349,4.94481],[96.34032,4.94404],[96.33694,4.94572],[96.33271,4.94933],[96.32652,4.95823],[96.32547,4.96249],[96.33699,4.97442],[96.34064,4.97974],[96.34045,4.9824],[96.3476,4.99151],[96.34861,4.99837],[96.34653,5.0152],[96.35818,5.02595],[96.36244,5.03257],[96.36446,5.03422],[96.36624,5.04586],[96.36345,5.05001],[96.35888,5.06189],[96.35296,5.06583],[96.35044,5.06899],[96.35129,5.0708],[96.35062,5.07501],[96.34837,5.07842],[96.34839,5.08094],[96.3523,5.08238],[96.35499,5.09302],[96.35446,5.09617],[96.34968,5.10098],[96.34753,5.11217],[96.3478,5.12686],[96.3416,5.13393],[96.34242,5.14316],[96.33772,5.15498],[96.33536,5.16453],[96.33597,5.16941],[96.33428,5.17598],[96.33604,5.18631],[96.33521,5.19139],[96.33741,5.19798],[96.34308,5.209],[96.34117,5.21155],[96.33949,5.2174],[96.34225,5.22679],[96.36049,5.21946],[96.38821,5.21094],[96.39748,5.20952],[96.40552,5.21106],[96.42875,5.21842],[96.44091,5.22425],[96.45934,5.23492],[96.46542,5.23692],[96.46847,5.23566],[96.47724,5.22554],[96.48044,5.213],[96.48794,5.20777],[96.50822,5.20009],[96.53188,5.19835],[96.5555,5.20212],[96.57024,5.20647],[96.57867,5.21001],[96.6154,5.21044],[96.63955,5.21382],[96.66702,5.22228],[96.68248,5.22951],[96.72637,5.24756],[96.73239,5.25147],[96.73342,5.25107],[96.7331,5.24909],[96.73458,5.24863],[96.74435,5.25037],[96.78607,5.26064],[96.80242,5.26863],[96.81463,5.2725],[96.82674,5.27487],[96.84427,5.27542],[96.85047,5.27692],[96.85983,5.27525],[96.86499,5.27225],[96.87066,5.26182],[96.87466,5.25162],[96.87682,5.2503],[96.88843,5.24745],[96.89498,5.24787],[96.90617,5.25093],[96.91206,5.24852],[96.91061,5.24577],[96.90733,5.24599],[96.90611,5.24423],[96.90928,5.24046],[96.90965,5.23529],[96.913,5.23157],[96.91464,5.226],[96.91397,5.2236],[96.91292,5.22299],[96.91113,5.2244],[96.90928,5.22176],[96.91636,5.22286],[96.91717,5.22214],[96.91623,5.21826],[96.91148,5.21707],[96.91099,5.21505],[96.9125,5.21435],[96.91605,5.21505],[96.91624,5.21309],[96.92002,5.21086],[96.9244,5.21318],[96.92528,5.21102],[96.92255,5.20837],[96.91757,5.20706],[96.91783,5.20212],[96.91463,5.19789],[96.9105,5.19499],[96.90742,5.18842],[96.90027,5.18482],[96.8966,5.17962],[96.89121,5.1806],[96.89174,5.17151],[96.88987,5.16537],[96.8906,5.15068],[96.88835,5.14778],[96.88504,5.14633],[96.87783,5.13199],[96.87366,5.12038],[96.8686,5.11916],[96.86713,5.11164],[96.86045,5.10265],[96.86242,5.09921],[96.85945,5.0951],[96.84489,5.08394],[96.83733,5.08048],[96.82768,5.07435],[96.8213,5.07179],[96.82589,5.0614],[96.8272,5.05373],[96.8239,5.04949],[96.81863,5.03843],[96.81771,5.00932],[96.81876,5.00546],[96.81659,4.98954],[96.81459,4.98249],[96.80835,4.96909],[96.79438,4.95037],[96.79018,4.94708],[96.78598,4.94206],[96.78126,4.94346],[96.77705,4.94797],[96.76409,4.95775],[96.74286,4.96661],[96.72817,4.97086],[96.70836,4.97306],[96.69402,4.97341],[96.69329,4.96967],[96.6898,4.9695],[96.68989,4.97368],[96.6858,4.97378],[96.68609,4.98074],[96.66907,4.98355],[96.66387,4.98303],[96.66017,4.97133],[96.65647,4.95401],[96.64503,4.95418],[96.64358,4.9553],[96.62572,4.95343],[96.61948,4.95419],[96.61081,4.95299],[96.60936,4.94815],[96.60429,4.94718],[96.60207,4.94442],[96.60149,4.94091],[96.5981,4.93913],[96.59244,4.93934],[96.58326,4.94135],[96.57548,4.9471],[96.55018,4.93842],[96.53918,4.934],[96.53656,4.93151],[96.52476,4.91763],[96.51614,4.90183],[96.51179,4.89929],[96.50634,4.89192],[96.49966,4.88902],[96.49422,4.89091],[96.48099,4.89094],[96.47712,4.89134]]]}},{"type":"Feature","properties":{"id_kab":"1113","KDPKAB":"1113","kodekab_kemendagri":"1113","nmkab":"Gayo Lues","provinsi":"Aceh","status_crs":"Tinggi","indeks_crs":0.4939,"norm_crs":0.296,"indeks_hazard":0.6369,"status_hazard":"Sangat Tinggi","indeks_exposure":0.2575,"status_exposure":"Sedang","indeks_kerentanan":0.518,"status_vulnerability":"Tinggi","skor_banjir":6.8626,"skor_longsor":45.9995},"geometry":{"type":"Polygon","coordinates":[[[97.18399,3.71992],[97.17337,3.73011],[97.15797,3.74168],[97.15187,3.74809],[97.13576,3.78521],[97.12922,3.7981],[97.11931,3.81444],[97.10669,3.84117],[97.10528,3.84715],[97.10678,3.85712],[97.11249,3.86207],[97.11358,3.86599],[97.10924,3.87515],[97.10786,3.8922],[97.11573,3.91164],[97.11754,3.91904],[97.11772,3.9252],[97.11698,3.92856],[97.11398,3.934],[97.10238,3.9465],[97.09836,3.94888],[97.08321,3.95076],[97.07687,3.95258],[97.06681,3.95898],[97.04283,3.961],[97.02211,3.95996],[97.01433,3.95867],[97.00308,3.9532],[96.99992,3.95014],[96.99392,3.94675],[96.98516,3.94312],[96.98041,3.94237],[96.9625,3.94502],[96.90899,3.94806],[96.88561,3.95076],[96.83599,3.95939],[96.82586,3.96725],[96.80911,3.98314],[96.80471,3.99015],[96.80297,3.99762],[96.80299,4.01648],[96.80058,4.03204],[96.79161,4.05108],[96.78284,4.06056],[96.77812,4.07077],[96.77477,4.07299],[96.7628,4.07552],[96.7605,4.07928],[96.75596,4.0833],[96.74729,4.08863],[96.74708,4.09429],[96.74496,4.09448],[96.73913,4.09154],[96.73399,4.09597],[96.72483,4.09689],[96.73034,4.11517],[96.7329,4.12947],[96.73463,4.13438],[96.75032,4.16897],[96.75389,4.17443],[96.75834,4.17892],[96.77731,4.19282],[96.78601,4.20089],[96.80214,4.2234],[96.80289,4.22678],[96.80223,4.23147],[96.80081,4.23485],[96.79524,4.24127],[96.79491,4.24432],[96.79706,4.25229],[96.79746,4.26752],[96.79429,4.28056],[96.80437,4.28252],[96.8366,4.28159],[96.83934,4.27898],[96.85542,4.25653],[96.85867,4.24955],[96.86331,4.24616],[96.87267,4.24211],[96.87719,4.23856],[96.88794,4.22089],[96.89353,4.22029],[96.89677,4.21828],[96.90953,4.21459],[96.92874,4.19989],[96.94796,4.19636],[96.95553,4.19708],[96.9688,4.20099],[96.97252,4.19995],[96.97468,4.19881],[96.99266,4.17807],[96.99756,4.17595],[96.99943,4.1757],[97.00532,4.18196],[97.00681,4.19048],[97.00819,4.19289],[97.00665,4.19864],[97.01318,4.20365],[97.02363,4.20841],[97.02982,4.20824],[97.04984,4.21558],[97.06402,4.219],[97.07294,4.2232],[97.08023,4.22877],[97.08849,4.23173],[97.10082,4.23357],[97.11038,4.2368],[97.11391,4.23941],[97.12391,4.25011],[97.13674,4.261],[97.13936,4.26297],[97.14954,4.26596],[97.15447,4.2722],[97.16288,4.27835],[97.16742,4.27574],[97.17269,4.26725],[97.17779,4.26284],[97.1814,4.2637],[97.18482,4.26331],[97.19449,4.25739],[97.20397,4.24839],[97.20761,4.24182],[97.21103,4.24088],[97.21642,4.23507],[97.22306,4.22486],[97.22511,4.2142],[97.23305,4.20279],[97.23436,4.19957],[97.2356,4.19346],[97.23523,4.18088],[97.2369,4.17643],[97.27421,4.17871],[97.27427,4.1825],[97.2982,4.19215],[97.35623,4.21336],[97.35701,4.20872],[97.36028,4.20426],[97.36882,4.20342],[97.37579,4.20012],[97.3923,4.19003],[97.39947,4.18326],[97.40375,4.18098],[97.40847,4.18222],[97.41968,4.17635],[97.44314,4.16831],[97.45493,4.16216],[97.46565,4.15909],[97.5,4.15583],[97.50453,4.15792],[97.50543,4.16643],[97.51289,4.17809],[97.51516,4.18631],[97.53078,4.19353],[97.5349,4.1942],[97.54741,4.19277],[97.5629,4.18521],[97.56932,4.18734],[97.57337,4.18602],[97.57667,4.18287],[97.57797,4.1875],[97.57731,4.18869],[97.57445,4.18958],[97.57362,4.19143],[97.5748,4.19508],[97.57626,4.21082],[97.58137,4.2174],[97.5854,4.22827],[97.58909,4.23292],[97.59259,4.23961],[97.59453,4.24988],[97.60185,4.25372],[97.60637,4.25391],[97.61987,4.24693],[97.62205,4.24511],[97.62876,4.2287],[97.63686,4.22573],[97.64307,4.22027],[97.65498,4.22619],[97.66535,4.23919],[97.66894,4.24223],[97.68076,4.24085],[97.68375,4.24404],[97.68498,4.247],[97.70473,4.24641],[97.71786,4.24719],[97.71975,4.24251],[97.72204,4.24046],[97.72422,4.23611],[97.72217,4.2345],[97.71929,4.22977],[97.71816,4.22574],[97.71606,4.20208],[97.71658,4.19114],[97.72094,4.17599],[97.72168,4.1674],[97.727,4.15627],[97.72955,4.14538],[97.73812,4.13696],[97.76514,4.11957],[97.76732,4.11522],[97.77775,4.10843],[97.77848,4.10698],[97.78259,4.095],[97.78828,4.08382],[97.79334,4.0671],[97.79216,4.06322],[97.79495,4.05124],[97.7928,4.04204],[97.79384,4.02937],[97.79011,4.02537],[97.78963,4.02331],[97.79881,4.00868],[97.80376,4.00252],[97.82198,3.9856],[97.82343,3.98288],[97.82489,3.97199],[97.83068,3.96631],[97.84953,3.93387],[97.86111,3.92251],[97.86713,3.92397],[97.87062,3.92882],[97.87526,3.93311],[97.88218,3.93658],[97.88857,3.93514],[97.89652,3.93466],[97.89857,3.93533],[97.904,3.9282],[97.90848,3.91417],[97.90689,3.91238],[97.90042,3.91061],[97.90222,3.89362],[97.90186,3.88812],[97.90385,3.88408],[97.90959,3.87884],[97.90982,3.86935],[97.9149,3.86244],[97.91559,3.85184],[97.91815,3.84791],[97.92191,3.84687],[97.92244,3.84535],[97.90967,3.82443],[97.90866,3.81798],[97.90161,3.81776],[97.90019,3.8166],[97.89632,3.80793],[97.88464,3.79968],[97.88244,3.79627],[97.87974,3.79412],[97.87517,3.79268],[97.87284,3.78939],[97.86945,3.78718],[97.86098,3.78431],[97.85616,3.77528],[97.84895,3.77426],[97.83989,3.7678],[97.83697,3.76302],[97.82461,3.74953],[97.80927,3.74847],[97.78123,3.74922],[97.74886,3.74434],[97.73477,3.7399],[97.70892,3.73556],[97.66218,3.73192],[97.64226,3.73165],[97.63818,3.73275],[97.63472,3.7324],[97.63147,3.731],[97.62739,3.72727],[97.6261,3.7241],[97.62391,3.72178],[97.55615,3.7107],[97.55266,3.71426],[97.5496,3.71419],[97.53487,3.7067],[97.52842,3.70596],[97.5115,3.70009],[97.49794,3.70067],[97.49375,3.70295],[97.47732,3.70167],[97.46033,3.69767],[97.41658,3.69192],[97.37743,3.68544],[97.30854,3.67648],[97.30136,3.67757],[97.28487,3.68232],[97.26423,3.68508],[97.25836,3.69375],[97.2555,3.69536],[97.20616,3.6939],[97.1918,3.71132],[97.18399,3.71992]]]}},{"type":"Feature","properties":{"id_kab":"1112","KDPKAB":"1112","kodekab_kemendagri":"1112","nmkab":"Aceh Barat Daya","provinsi":"Aceh","status_crs":"Tinggi","indeks_crs":0.5308,"norm_crs":0.3181,"indeks_hazard":0.7675,"status_hazard":"Sangat Tinggi","indeks_exposure":0.3023,"status_exposure":"Sedang","indeks_kerentanan":0.3893,"status_vulnerability":"Sedang","skor_banjir":13.9329,"skor_longsor":42.3543},"geometry":{"type":"MultiPolygon","coordinates":[[[[96.89621,3.63658],[96.89064,3.65395],[96.87835,3.67849],[96.86565,3.6931],[96.85662,3.69957],[96.85439,3.70375],[96.85306,3.70124],[96.84701,3.70398],[96.832,3.70819],[96.82197,3.71506],[96.81056,3.71968],[96.80979,3.72157],[96.80721,3.72347],[96.79917,3.72367],[96.79476,3.72505],[96.78013,3.73618],[96.77513,3.73841],[96.76774,3.73951],[96.75726,3.73942],[96.7498,3.7407],[96.74244,3.74327],[96.73437,3.74376],[96.72271,3.74615],[96.71623,3.7453],[96.71093,3.74155],[96.70904,3.7414],[96.70161,3.74405],[96.69779,3.7431],[96.67945,3.74648],[96.66892,3.74731],[96.64417,3.74543],[96.63492,3.7437],[96.62317,3.73894],[96.62458,3.74175],[96.62366,3.74471],[96.61912,3.74995],[96.61776,3.74985],[96.61502,3.75191],[96.61711,3.75357],[96.61852,3.75204],[96.61968,3.75307],[96.61984,3.75934],[96.61126,3.76858],[96.60876,3.77065],[96.60744,3.77068],[96.60632,3.77271],[96.60912,3.77813],[96.61229,3.7791],[96.61454,3.78101],[96.6194,3.78911],[96.61862,3.79307],[96.61625,3.79462],[96.61388,3.80039],[96.61282,3.81055],[96.61058,3.80939],[96.609,3.81008],[96.60707,3.81711],[96.60514,3.81792],[96.60335,3.82255],[96.59921,3.82447],[96.59196,3.83211],[96.58818,3.83285],[96.58699,3.83157],[96.58507,3.83322],[96.5849,3.83673],[96.58673,3.83942],[96.58513,3.84198],[96.58564,3.84378],[96.58849,3.84727],[96.59003,3.85099],[96.59089,3.85842],[96.59213,3.86051],[96.59378,3.86074],[96.59495,3.86231],[96.59584,3.86717],[96.59338,3.87031],[96.59605,3.87697],[96.59911,3.8786],[96.59898,3.88097],[96.59752,3.88172],[96.59685,3.88356],[96.59676,3.88698],[96.60112,3.89013],[96.60188,3.89229],[96.60003,3.89345],[96.60354,3.8964],[96.60536,3.90163],[96.60551,3.90537],[96.60373,3.90768],[96.60572,3.90929],[96.60925,3.91011],[96.61578,3.90729],[96.61737,3.90837],[96.61741,3.91185],[96.62073,3.91253],[96.62165,3.91415],[96.62258,3.91732],[96.62093,3.91795],[96.61892,3.9236],[96.61704,3.9253],[96.61711,3.92816],[96.61772,3.93],[96.62026,3.93144],[96.62047,3.93712],[96.62291,3.94125],[96.62475,3.94385],[96.62574,3.94277],[96.62769,3.94361],[96.62728,3.95066],[96.63688,3.96016],[96.63778,3.96248],[96.6494,3.96902],[96.65677,3.97162],[96.66608,3.98051],[96.66866,3.98118],[96.67191,3.98025],[96.67382,3.98101],[96.67786,3.98627],[96.68604,3.98346],[96.68651,3.98519],[96.68416,3.98886],[96.68752,3.99001],[96.6903,3.99016],[96.69668,3.98711],[96.69902,3.98785],[96.69906,3.99146],[96.70605,3.99646],[96.70644,4.00109],[96.70827,4.00512],[96.71685,4.0093],[96.71753,4.01038],[96.71818,4.01231],[96.71712,4.01684],[96.7149,4.01954],[96.71523,4.02317],[96.72192,4.02751],[96.72819,4.03988],[96.72617,4.04248],[96.72945,4.06307],[96.7289,4.0695],[96.72494,4.07963],[96.72394,4.08564],[96.72488,4.09687],[96.73399,4.09597],[96.73913,4.09154],[96.74496,4.09448],[96.74708,4.09429],[96.74729,4.08863],[96.75596,4.0833],[96.7605,4.07928],[96.7628,4.07552],[96.77477,4.07299],[96.77812,4.07077],[96.78284,4.06056],[96.79161,4.05108],[96.80058,4.03204],[96.80299,4.01648],[96.80297,3.99762],[96.80471,3.99015],[96.80911,3.98314],[96.82586,3.96725],[96.83599,3.95939],[96.88561,3.95076],[96.90899,3.94806],[96.9625,3.94502],[96.98041,3.94237],[96.98516,3.94312],[96.99392,3.94675],[96.99992,3.95014],[97.00308,3.9532],[97.01433,3.95867],[97.03625,3.96086],[97.06681,3.95898],[97.07462,3.95361],[97.08029,3.95143],[97.09409,3.94978],[97.10025,3.94809],[97.10818,3.94107],[97.11398,3.934],[97.11698,3.92856],[97.11772,3.9252],[97.11754,3.91904],[97.11573,3.91164],[97.10786,3.8922],[97.10924,3.87515],[97.11278,3.86849],[97.11352,3.86416],[97.11116,3.86067],[97.10678,3.85712],[97.10559,3.84477],[97.11399,3.82482],[97.13576,3.78521],[97.14496,3.76299],[97.15358,3.74559],[97.15105,3.73963],[97.14205,3.73411],[97.1381,3.71782],[97.13564,3.69813],[97.13359,3.69216],[97.1283,3.68737],[97.11757,3.68212],[97.1073,3.67413],[97.09282,3.66068],[97.06391,3.63114],[97.05293,3.62361],[97.04719,3.62262],[97.04705,3.61793],[97.04439,3.61208],[97.03592,3.60072],[97.02891,3.60021],[97.02389,3.60377],[97.0191,3.60484],[96.99859,3.61627],[96.99089,3.61878],[96.98598,3.61716],[96.97622,3.61929],[96.97072,3.61841],[96.96374,3.61376],[96.95953,3.60439],[96.95485,3.59967],[96.94722,3.58718],[96.94233,3.57416],[96.93431,3.57822],[96.91425,3.59345],[96.91095,3.59635],[96.91118,3.59979],[96.90779,3.60042],[96.90262,3.60488],[96.8951,3.62034],[96.89697,3.62718],[96.89686,3.63192],[96.89621,3.63658]]],[[[96.82531,3.70046],[96.82663,3.70128],[96.82803,3.70069],[96.82783,3.69732],[96.82589,3.69382],[96.82457,3.69359],[96.82294,3.69479],[96.82395,3.69902],[96.82531,3.70046]]]]}},{"type":"Feature","properties":{"id_kab":"1106","KDPKAB":"1106","kodekab_kemendagri":"1108","nmkab":"Aceh Besar","provinsi":"Aceh","status_crs":"Sedang","indeks_crs":0.3246,"norm_crs":0.1945,"indeks_hazard":0.3849,"status_hazard":"Tinggi","indeks_exposure":0.4596,"status_exposure":"Tinggi","indeks_kerentanan":0.3837,"status_vulnerability":"Sedang","skor_banjir":20.3845,"skor_longsor":25.8737},"geometry":{"type":"MultiPolygon","coordinates":[[[[95.36761,5.25418],[95.36306,5.25324],[95.34995,5.24522],[95.34332,5.23692],[95.33764,5.23391],[95.33124,5.23396],[95.32547,5.23124],[95.32212,5.22407],[95.32706,5.21769],[95.32864,5.21274],[95.33161,5.20766],[95.33085,5.19862],[95.33414,5.19259],[95.32945,5.18911],[95.32878,5.18634],[95.33281,5.1829],[95.33275,5.18106],[95.3234,5.17843],[95.31952,5.17269],[95.30843,5.16642],[95.3072,5.16643],[95.30641,5.16973],[95.29953,5.17944],[95.29117,5.19006],[95.28604,5.19504],[95.27636,5.19964],[95.27282,5.19937],[95.26722,5.20116],[95.26088,5.21402],[95.25408,5.22126],[95.24697,5.22308],[95.24208,5.22247],[95.24196,5.22579],[95.25021,5.22588],[95.25236,5.22705],[95.25349,5.23113],[95.25264,5.24024],[95.24966,5.2475],[95.24607,5.25322],[95.2425,5.256],[95.2381,5.2572],[95.23603,5.25554],[95.23627,5.25438],[95.23513,5.25342],[95.23268,5.25819],[95.23523,5.26122],[95.24035,5.26223],[95.24694,5.2651],[95.24758,5.26794],[95.24565,5.27554],[95.23884,5.28299],[95.22923,5.28811],[95.22768,5.28178],[95.2232,5.27791],[95.22297,5.27413],[95.22112,5.2718],[95.2195,5.27084],[95.21348,5.2768],[95.21821,5.28441],[95.21923,5.29343],[95.2187,5.29776],[95.21391,5.30415],[95.21624,5.31044],[95.22128,5.31047],[95.22373,5.31234],[95.22162,5.31867],[95.21759,5.3208],[95.21751,5.32227],[95.2185,5.32368],[95.21993,5.32308],[95.22432,5.32006],[95.22568,5.31759],[95.23168,5.31528],[95.23546,5.31783],[95.23884,5.3251],[95.23584,5.33041],[95.23059,5.33292],[95.22759,5.33971],[95.22171,5.34473],[95.22642,5.34574],[95.22881,5.35727],[95.22821,5.35845],[95.22951,5.35952],[95.22984,5.36165],[95.23229,5.35597],[95.23406,5.34457],[95.23579,5.34204],[95.24054,5.33869],[95.24201,5.33936],[95.23991,5.34946],[95.24477,5.36596],[95.2464,5.36754],[95.24756,5.3662],[95.24959,5.36649],[95.25122,5.36872],[95.25255,5.37525],[95.2528,5.38603],[95.25037,5.4022],[95.24775,5.4114],[95.24073,5.42695],[95.23907,5.42869],[95.2366,5.42904],[95.23476,5.42786],[95.23451,5.42542],[95.23297,5.42696],[95.23144,5.431],[95.2318,5.43311],[95.23535,5.43681],[95.23803,5.43727],[95.23889,5.44099],[95.24205,5.4452],[95.24226,5.44821],[95.24125,5.45014],[95.24377,5.45347],[95.24377,5.45877],[95.24017,5.46909],[95.23577,5.47318],[95.23468,5.47776],[95.23064,5.48228],[95.22588,5.48505],[95.2294,5.4902],[95.22958,5.49378],[95.22867,5.49618],[95.226,5.49929],[95.21794,5.49817],[95.21094,5.50208],[95.20961,5.50372],[95.20926,5.5084],[95.20089,5.51862],[95.1972,5.52075],[95.19359,5.52671],[95.2025,5.53676],[95.20894,5.54061],[95.2106,5.54637],[95.21645,5.55783],[95.21645,5.55906],[95.21556,5.55889],[95.21397,5.56101],[95.21697,5.56632],[95.22034,5.5695],[95.22282,5.56933],[95.22636,5.57057],[95.22562,5.57397],[95.22439,5.57513],[95.2249,5.57569],[95.23166,5.57415],[95.23968,5.56987],[95.2395,5.56787],[95.23609,5.56419],[95.23585,5.5576],[95.23716,5.54955],[95.23929,5.54795],[95.24356,5.54686],[95.2551,5.54871],[95.2589,5.54802],[95.26874,5.54859],[95.27428,5.54969],[95.28251,5.55352],[95.28401,5.54261],[95.28039,5.53802],[95.28024,5.53602],[95.28429,5.53187],[95.29095,5.5304],[95.29304,5.52629],[95.28989,5.52556],[95.29064,5.52488],[95.29278,5.52446],[95.29609,5.52771],[95.30092,5.52148],[95.31316,5.51721],[95.32062,5.51722],[95.32259,5.51849],[95.33022,5.52896],[95.33025,5.52792],[95.33831,5.52883],[95.34342,5.52799],[95.34449,5.53489],[95.35079,5.5353],[95.35272,5.53366],[95.3553,5.54106],[95.35836,5.54473],[95.3606,5.54472],[95.36067,5.54904],[95.35734,5.55769],[95.35321,5.55824],[95.35794,5.56929],[95.35756,5.57113],[95.3597,5.57239],[95.36657,5.56384],[95.36554,5.56532],[95.36682,5.56595],[95.37112,5.56409],[95.37626,5.56555],[95.37768,5.56908],[95.3762,5.57054],[95.3721,5.5714],[95.36994,5.57675],[95.37202,5.57871],[95.36734,5.5876],[95.36518,5.58493],[95.35231,5.58339],[95.35236,5.58446],[95.35541,5.58569],[95.35437,5.59425],[95.35827,5.60315],[95.36323,5.60514],[95.3669,5.60746],[95.36697,5.60836],[95.38095,5.61472],[95.3953,5.62779],[95.41,5.64432],[95.41581,5.64938],[95.42185,5.65121],[95.43175,5.65673],[95.43973,5.65643],[95.45551,5.65187],[95.46448,5.64528],[95.49199,5.60906],[95.50335,5.60039],[95.51679,5.59602],[95.52215,5.59542],[95.53052,5.59968],[95.53124,5.60209],[95.52975,5.60509],[95.52895,5.61206],[95.53072,5.61408],[95.53172,5.61414],[95.53486,5.61093],[95.53904,5.6101],[95.54159,5.61157],[95.54442,5.61583],[95.54473,5.61421],[95.54903,5.61354],[95.56064,5.61427],[95.57693,5.61796],[95.58398,5.6172],[95.59069,5.62208],[95.59642,5.62476],[95.61015,5.628],[95.61541,5.62658],[95.61571,5.62316],[95.62121,5.61846],[95.6315,5.61639],[95.64879,5.6035],[95.66578,5.59399],[95.68901,5.58352],[95.70939,5.57871],[95.7275,5.57607],[95.74571,5.56894],[95.74271,5.55909],[95.73022,5.55156],[95.72787,5.54808],[95.72397,5.53228],[95.72454,5.52494],[95.72817,5.52061],[95.73664,5.51571],[95.73735,5.51332],[95.73556,5.5082],[95.73101,5.50356],[95.72484,5.49937],[95.72499,5.49718],[95.73286,5.48792],[95.74284,5.48087],[95.74579,5.47983],[95.74984,5.47995],[95.75454,5.47802],[95.75582,5.47119],[95.75326,5.46445],[95.75347,5.46051],[95.75957,5.45437],[95.76098,5.44439],[95.76581,5.44279],[95.77011,5.44653],[95.78078,5.44158],[95.77996,5.43517],[95.77477,5.43044],[95.77212,5.42886],[95.76844,5.42955],[95.761,5.42588],[95.75588,5.42243],[95.75343,5.41911],[95.75322,5.41578],[95.75451,5.4113],[95.7586,5.40721],[95.76375,5.4051],[95.76521,5.40128],[95.76387,5.3947],[95.75792,5.39036],[95.75613,5.38008],[95.75695,5.37513],[95.75993,5.36857],[95.75997,5.36467],[95.75724,5.3604],[95.7533,5.35814],[95.75018,5.35352],[95.75187,5.34603],[95.74734,5.33757],[95.74715,5.32827],[95.74832,5.31803],[95.74958,5.31613],[95.75327,5.31438],[95.76252,5.31441],[95.76725,5.31022],[95.76826,5.3071],[95.76765,5.30606],[95.76593,5.30502],[95.76019,5.30495],[95.75804,5.30244],[95.75933,5.29714],[95.76389,5.29047],[95.77361,5.28556],[95.78705,5.28294],[95.79121,5.28051],[95.79146,5.2738],[95.78863,5.27061],[95.78691,5.26137],[95.78433,5.2581],[95.77759,5.25818],[95.77497,5.25696],[95.77433,5.25466],[95.77505,5.25201],[95.77919,5.24908],[95.78375,5.24276],[95.78764,5.22295],[95.79294,5.21226],[95.80592,5.19951],[95.80862,5.19475],[95.82353,5.17878],[95.8306,5.16901],[95.83305,5.16412],[95.83607,5.15232],[95.84035,5.1424],[95.84111,5.13501],[95.83997,5.13131],[95.83172,5.11631],[95.82559,5.09516],[95.82283,5.08758],[95.82111,5.08525],[95.81039,5.0834],[95.80201,5.07994],[95.79555,5.08148],[95.79324,5.08118],[95.78754,5.07884],[95.78403,5.076],[95.77195,5.07188],[95.76554,5.07348],[95.75439,5.07065],[95.73656,5.05487],[95.73355,5.05351],[95.72831,5.05369],[95.72051,5.05552],[95.71448,5.05501],[95.70795,5.05263],[95.70539,5.05259],[95.69967,5.05754],[95.69607,5.05895],[95.68817,5.06052],[95.67618,5.06058],[95.65888,5.06406],[95.64909,5.06719],[95.64249,5.07086],[95.63445,5.08072],[95.63131,5.08872],[95.62953,5.09879],[95.63053,5.11379],[95.63525,5.13148],[95.63686,5.13379],[95.64371,5.13907],[95.64415,5.14096],[95.63954,5.14841],[95.62875,5.16045],[95.62392,5.1674],[95.6196,5.18212],[95.61606,5.18864],[95.60933,5.19119],[95.60049,5.19136],[95.59711,5.19246],[95.59387,5.19625],[95.59003,5.20491],[95.58187,5.20923],[95.57442,5.20933],[95.56325,5.20723],[95.54821,5.20615],[95.54383,5.20917],[95.53747,5.2156],[95.51599,5.21601],[95.50561,5.21799],[95.49968,5.22025],[95.49296,5.21789],[95.4861,5.21151],[95.47526,5.20992],[95.4732,5.21022],[95.47189,5.21165],[95.46694,5.21174],[95.46129,5.2137],[95.45081,5.2188],[95.43907,5.21914],[95.43716,5.22273],[95.4352,5.22392],[95.42704,5.22083],[95.42241,5.22189],[95.41754,5.22161],[95.411,5.21601],[95.4019,5.21037],[95.4016,5.21472],[95.39985,5.21691],[95.39822,5.21826],[95.39524,5.21678],[95.39124,5.21963],[95.39231,5.22692],[95.38698,5.23087],[95.38684,5.23394],[95.3818,5.23723],[95.37811,5.24172],[95.37724,5.24693],[95.37492,5.2503],[95.36872,5.25399],[95.36761,5.25418]]],[[[95.22098,5.57674],[95.21683,5.57783],[95.21521,5.58047],[95.21988,5.5797],[95.22124,5.57847],[95.22114,5.57702],[95.22098,5.57674]]],[[[95.21506,5.57948],[95.21585,5.57882],[95.21529,5.57845],[95.21502,5.57942],[95.21506,5.57948]]],[[[95.21492,5.57962],[95.21459,5.57892],[95.2064,5.57862],[95.18466,5.57383],[95.1827,5.57412],[95.18303,5.57538],[95.18711,5.57785],[95.20197,5.583],[95.21469,5.58028],[95.21492,5.57962]]],[[[95.20626,5.27437],[95.20211,5.27636],[95.20195,5.27882],[95.20315,5.28026],[95.20523,5.28101],[95.20642,5.28],[95.20752,5.27843],[95.20734,5.27531],[95.20626,5.27437]]],[[[95.20725,5.30866],[95.20679,5.30768],[95.20554,5.30989],[95.20724,5.30873],[95.20725,5.30866]]],[[[95.20336,5.31279],[95.20343,5.31289],[95.20353,5.31301],[95.2036,5.31304],[95.20363,5.31304],[95.20364,5.31304],[95.20366,5.31304],[95.20368,5.313],[95.20369,5.31295],[95.20369,5.31291],[95.2035,5.31265],[95.20345,5.31264],[95.20343,5.31264],[95.20335,5.31264],[95.20331,5.31264],[95.20331,5.31265],[95.20331,5.31267],[95.20332,5.31271],[95.20333,5.31273],[95.20336,5.31279]]],[[[95.15888,5.65308],[95.16184,5.65203],[95.16421,5.65256],[95.16589,5.65152],[95.1663,5.64966],[95.15808,5.64726],[95.15734,5.64289],[95.15844,5.64046],[95.16144,5.63758],[95.1639,5.63919],[95.16584,5.63835],[95.16669,5.63384],[95.16885,5.63179],[95.17087,5.62784],[95.17019,5.62723],[95.17109,5.62484],[95.17439,5.62157],[95.17914,5.62104],[95.183,5.61789],[95.1918,5.60894],[95.19315,5.60544],[95.19057,5.60513],[95.19003,5.60667],[95.18588,5.60848],[95.17134,5.60735],[95.16693,5.60487],[95.16679,5.60245],[95.16481,5.60055],[95.15763,5.59591],[95.15045,5.5953],[95.14886,5.59132],[95.14474,5.59454],[95.14447,5.59709],[95.14594,5.60255],[95.14392,5.60597],[95.13971,5.60668],[95.13632,5.60604],[95.1335,5.5983],[95.12954,5.59381],[95.12654,5.59548],[95.1261,5.60015],[95.12494,5.60199],[95.12174,5.60256],[95.12087,5.60162],[95.1187,5.60323],[95.12081,5.60658],[95.12114,5.60906],[95.12101,5.61164],[95.11933,5.61512],[95.12511,5.6225],[95.13857,5.62992],[95.14494,5.63465],[95.14523,5.63923],[95.14392,5.64808],[95.14007,5.65506],[95.13702,5.65606],[95.13796,5.65767],[95.13984,5.65982],[95.14629,5.66157],[95.15479,5.66024],[95.15678,5.65889],[95.15888,5.65308]]],[[[95.1806,5.5745],[95.18155,5.57439],[95.18087,5.57328],[95.17905,5.5731],[95.1796,5.5741],[95.1806,5.5745]]],[[[95.17191,5.55094],[95.16716,5.5492],[95.15052,5.55285],[95.16374,5.55903],[95.16671,5.56268],[95.17306,5.56189],[95.17907,5.55991],[95.17907,5.55866],[95.17338,5.55213],[95.17191,5.55094]]],[[[95.1693,5.64171],[95.16804,5.64171],[95.16841,5.64262],[95.16937,5.64269],[95.16938,5.64174],[95.1693,5.64171]]],[[[95.15823,5.65814],[95.15874,5.65782],[95.15808,5.65785],[95.15823,5.65814]]],[[[95.15788,5.64513],[95.15801,5.64597],[95.15794,5.64516],[95.15788,5.64513]]],[[[95.15758,5.6443],[95.15757,5.6443],[95.15754,5.64455],[95.15758,5.64464],[95.15759,5.64465],[95.15762,5.64467],[95.15767,5.64469],[95.15771,5.64467],[95.15778,5.64464],[95.15782,5.6446],[95.15783,5.64453],[95.15789,5.64406],[95.15789,5.64403],[95.15789,5.644],[95.15784,5.644],[95.15781,5.644],[95.1577,5.64409],[95.1576,5.64419],[95.15758,5.6443]]],[[[95.14662,5.59259],[95.14664,5.59258],[95.14668,5.59256],[95.14668,5.59252],[95.14666,5.5925],[95.14662,5.59247],[95.14653,5.59249],[95.14652,5.59251],[95.14652,5.59255],[95.14656,5.59258],[95.14662,5.59259]]],[[[95.05986,5.7479],[95.06297,5.74659],[95.06774,5.74709],[95.07135,5.74467],[95.0658,5.74257],[95.06376,5.74039],[95.06356,5.73803],[95.06448,5.73406],[95.0727,5.73014],[95.07308,5.72826],[95.07138,5.72701],[95.07299,5.72268],[95.07965,5.72012],[95.08304,5.72015],[95.08484,5.72105],[95.08517,5.72376],[95.08629,5.72462],[95.0901,5.72442],[95.09696,5.71409],[95.10554,5.71149],[95.11163,5.7043],[95.11144,5.70064],[95.10517,5.69705],[95.10733,5.69543],[95.1138,5.69331],[95.11817,5.6902],[95.12418,5.69012],[95.12762,5.68889],[95.13284,5.68474],[95.13819,5.67592],[95.13639,5.67437],[95.13249,5.67456],[95.12973,5.67311],[95.13001,5.6703],[95.13778,5.67409],[95.14033,5.67162],[95.14298,5.66647],[95.13882,5.66283],[95.13549,5.66749],[95.11793,5.67217],[95.11583,5.67171],[95.1112,5.66774],[95.09029,5.66856],[95.0839,5.66306],[95.07986,5.66749],[95.07595,5.66934],[95.07283,5.6678],[95.07215,5.66649],[95.07739,5.66655],[95.07838,5.65799],[95.07771,5.65666],[95.0604,5.64884],[95.05497,5.64833],[95.0532,5.65175],[95.05569,5.65205],[95.06437,5.65771],[95.06981,5.6638],[95.06947,5.66707],[95.06626,5.67176],[95.05109,5.67133],[95.05336,5.6704],[95.04473,5.67098],[95.0451,5.67301],[95.06019,5.6799],[95.05851,5.68845],[95.05049,5.6964],[95.04547,5.69685],[95.04035,5.69289],[95.0413,5.69711],[95.04316,5.70013],[95.0425,5.70241],[95.0409,5.70312],[95.0389,5.70643],[95.04055,5.70816],[95.04569,5.70973],[95.05881,5.71201],[95.0609,5.71379],[95.05958,5.71981],[95.04712,5.72234],[95.0466,5.7243],[95.04938,5.72849],[95.04922,5.7301],[95.04754,5.73572],[95.04567,5.73676],[95.0326,5.72673],[95.02691,5.72526],[95.01857,5.72006],[95.01633,5.71939],[95.01219,5.72304],[95.01421,5.73007],[95.01612,5.73292],[95.03031,5.74281],[95.03076,5.7443],[95.02979,5.74662],[95.02566,5.74782],[95.02636,5.74952],[95.0298,5.75085],[95.03537,5.75025],[95.04053,5.74726],[95.04666,5.74978],[95.05491,5.75014],[95.05684,5.75274],[95.05837,5.75175],[95.0595,5.74826],[95.05986,5.7479]]],[[[95.12661,5.59228],[95.1267,5.59232],[95.12674,5.59233],[95.12684,5.59234],[95.1269,5.59233],[95.12697,5.59232],[95.12704,5.59223],[95.127,5.59213],[95.12687,5.59196],[95.1268,5.59196],[95.12669,5.59196],[95.12667,5.59198],[95.12661,5.59202],[95.12653,5.59217],[95.12654,5.59218],[95.12661,5.59228]]],[[[95.08554,5.64227],[95.08626,5.64055],[95.08581,5.63836],[95.08112,5.63426],[95.07313,5.63143],[95.05606,5.62101],[95.05124,5.62291],[95.05346,5.63082],[95.05946,5.63892],[95.06099,5.63673],[95.06584,5.63765],[95.07755,5.64428],[95.0852,5.64273],[95.08554,5.64227]]],[[[95.06135,5.60919],[95.0604,5.60994],[95.06053,5.6121],[95.06238,5.61168],[95.06257,5.61008],[95.06135,5.60919]]],[[[95.06116,5.61411],[95.0618,5.61475],[95.06216,5.61404],[95.06116,5.61398],[95.06116,5.61411]]],[[[95.05873,5.6091],[95.05923,5.61115],[95.06013,5.60971],[95.05873,5.60905],[95.05873,5.6091]]],[[[95.0578,5.60893],[95.05834,5.60814],[95.05753,5.60799],[95.05778,5.60889],[95.0578,5.60893]]],[[[95.05098,5.62505],[95.05111,5.62511],[95.05126,5.62511],[95.05129,5.62508],[95.05134,5.62503],[95.05138,5.62493],[95.05138,5.62483],[95.05131,5.62475],[95.05126,5.62469],[95.05115,5.62467],[95.05111,5.62466],[95.05106,5.62466],[95.05103,5.62473],[95.05101,5.62479],[95.05094,5.62498],[95.05095,5.62501],[95.05098,5.62505]]],[[[95.05044,5.62358],[95.05044,5.62361],[95.05044,5.62371],[95.05061,5.62382],[95.05086,5.62375],[95.05097,5.6237],[95.05099,5.62341],[95.05087,5.62339],[95.05057,5.62341],[95.05046,5.62354],[95.05044,5.62358]]],[[[95.03844,5.66999],[95.03685,5.66984],[95.03481,5.67118],[95.03948,5.67204],[95.03912,5.67045],[95.03844,5.66999]]],[[[95.01423,5.71395],[95.01695,5.7168],[95.0173,5.71516],[95.01372,5.7127],[95.01423,5.71395]]],[[[95.01072,5.75578],[95.01321,5.75554],[95.0132,5.75486],[95.01083,5.75419],[95.00971,5.7551],[95.01072,5.75578]]]]}},{"type":"Feature","properties":{"id_kab":"1105","KDPKAB":"1105","kodekab_kemendagri":"1107","nmkab":"Aceh Barat","provinsi":"Aceh","status_crs":"Sangat Tinggi","indeks_crs":0.7856,"norm_crs":0.4708,"indeks_hazard":0.6101,"status_hazard":"Sangat Tinggi","indeks_exposure":0.3549,"status_exposure":"Sedang","indeks_kerentanan":0.9326,"status_vulnerability":"Sangat Tinggi","skor_banjir":23.2155,"skor_longsor":28.946},"geometry":{"type":"Polygon","coordinates":[[[96.075,4.18769],[96.05963,4.20167],[96.05173,4.20619],[96.04406,4.20806],[96.03974,4.2078],[96.03684,4.20633],[96.03355,4.20254],[96.03317,4.19967],[96.02675,4.19423],[96.02455,4.19355],[96.02207,4.1975],[96.02176,4.20643],[96.0188,4.21143],[96.00173,4.23098],[95.96581,4.26817],[95.96547,4.27034],[95.96728,4.27225],[95.96347,4.27193],[95.95326,4.28198],[95.90933,4.33462],[95.8892,4.35646],[95.86555,4.37869],[95.909,4.41477],[95.91149,4.421],[95.91765,4.4273],[95.91995,4.42822],[95.92029,4.43345],[95.92748,4.44418],[95.93517,4.46569],[95.94135,4.47835],[95.94649,4.48653],[95.95371,4.50326],[95.96646,4.51958],[95.988,4.53528],[95.99726,4.53842],[96.00184,4.54103],[96.01185,4.55047],[96.02446,4.55895],[96.03202,4.56204],[96.03841,4.56265],[96.04778,4.5666],[96.04838,4.57235],[96.04761,4.58028],[96.04894,4.58304],[96.05244,4.58327],[96.05133,4.59248],[96.04733,4.59711],[96.03791,4.60161],[96.03133,4.61041],[96.0298,4.61414],[96.03011,4.61758],[96.03443,4.63004],[96.03335,4.63199],[96.03419,4.64124],[96.0432,4.65743],[96.06639,4.67085],[96.07563,4.67766],[96.08763,4.69019],[96.09224,4.69632],[96.10057,4.70997],[96.1028,4.71556],[96.10514,4.72592],[96.10711,4.72938],[96.11014,4.73338],[96.11766,4.73952],[96.11908,4.74776],[96.11853,4.75214],[96.11532,4.76049],[96.11623,4.76515],[96.11785,4.76728],[96.12048,4.76803],[96.13436,4.75754],[96.14386,4.75437],[96.15127,4.75507],[96.16211,4.76016],[96.16885,4.76457],[96.18036,4.76741],[96.1863,4.76741],[96.19943,4.76196],[96.20455,4.76104],[96.21712,4.76348],[96.2199,4.76323],[96.22665,4.76511],[96.23653,4.77737],[96.24221,4.78111],[96.2557,4.78714],[96.26723,4.79522],[96.27099,4.79665],[96.27531,4.7968],[96.27707,4.79488],[96.2783,4.7881],[96.28149,4.77887],[96.27849,4.77411],[96.27431,4.76272],[96.27297,4.75309],[96.27359,4.74668],[96.26179,4.73476],[96.26092,4.72829],[96.26169,4.72422],[96.25698,4.70723],[96.26145,4.70268],[96.27039,4.6976],[96.28947,4.69492],[96.30182,4.69104],[96.3139,4.68951],[96.33253,4.68372],[96.34674,4.6784],[96.36116,4.67007],[96.37962,4.67565],[96.38289,4.67565],[96.39288,4.67154],[96.40508,4.67048],[96.40907,4.66806],[96.41647,4.65857],[96.42325,4.65332],[96.42944,4.64604],[96.43982,4.63011],[96.44376,4.62547],[96.44828,4.62264],[96.4634,4.62264],[96.46973,4.62368],[96.47824,4.62995],[96.48536,4.63039],[96.48674,4.62751],[96.49171,4.62302],[96.49324,4.61871],[96.4952,4.60311],[96.49496,4.59854],[96.49232,4.59475],[96.4944,4.573],[96.49404,4.56096],[96.49278,4.5551],[96.49096,4.55235],[96.48823,4.55106],[96.47365,4.54863],[96.46382,4.54531],[96.46236,4.54366],[96.46165,4.53817],[96.45948,4.53267],[96.45168,4.52222],[96.44518,4.51688],[96.44211,4.5129],[96.44118,4.5099],[96.44859,4.49567],[96.45353,4.48944],[96.47515,4.46855],[96.48034,4.46081],[96.48047,4.45814],[96.47345,4.45247],[96.45405,4.43312],[96.44224,4.42567],[96.43411,4.42299],[96.42251,4.4213],[96.38425,4.41999],[96.37166,4.41694],[96.37078,4.41289],[96.37355,4.41047],[96.3715,4.40218],[96.3732,4.39654],[96.37161,4.39276],[96.35932,4.38667],[96.35958,4.3829],[96.35878,4.38169],[96.351,4.38179],[96.34226,4.37988],[96.33861,4.37419],[96.32915,4.36717],[96.32362,4.36804],[96.32047,4.36768],[96.31971,4.36616],[96.31501,4.36604],[96.31118,4.36788],[96.30159,4.37019],[96.29673,4.36832],[96.29796,4.35754],[96.29763,4.35039],[96.29152,4.32404],[96.28695,4.28921],[96.28286,4.2858],[96.28343,4.27935],[96.28683,4.27083],[96.28458,4.27249],[96.27411,4.27088],[96.27395,4.2661],[96.27209,4.262],[96.26815,4.26098],[96.27182,4.24461],[96.26908,4.23767],[96.26724,4.22446],[96.26896,4.21717],[96.2716,4.21475],[96.27507,4.21427],[96.27687,4.21049],[96.27573,4.2052],[96.27238,4.19905],[96.27239,4.19662],[96.27733,4.18395],[96.2777,4.1798],[96.27125,4.16874],[96.27249,4.15829],[96.27558,4.15312],[96.26876,4.14741],[96.26326,4.13832],[96.2544,4.13249],[96.24299,4.12794],[96.22865,4.12349],[96.2113,4.12199],[96.20124,4.11678],[96.18867,4.1067],[96.17323,4.12115],[96.1532,4.13636],[96.14989,4.14081],[96.14871,4.13963],[96.14073,4.14225],[96.13539,4.14099],[96.13136,4.13645],[96.13131,4.13461],[96.13239,4.13406],[96.13193,4.13099],[96.13065,4.12697],[96.12821,4.12366],[96.12739,4.12373],[96.1266,4.12766],[96.12753,4.1319],[96.12367,4.13836],[96.09603,4.16741],[96.07501,4.1877],[96.07593,4.18917],[96.075,4.18769]]]}},{"type":"Feature","properties":{"id_kab":"1107","KDPKAB":"1107","kodekab_kemendagri":"1109","nmkab":"Pidie","provinsi":"Aceh","status_crs":"Sedang","indeks_crs":0.2541,"norm_crs":0.1523,"indeks_hazard":0.3426,"status_hazard":"Sedang","indeks_exposure":0.369,"status_exposure":"Sedang","indeks_kerentanan":0.3728,"status_vulnerability":"Sedang","skor_banjir":15.1217,"skor_longsor":30.0279},"geometry":{"type":"Polygon","coordinates":[[[95.97651,4.80161],[95.97164,4.80996],[95.96122,4.82001],[95.95777,4.82881],[95.95573,4.83127],[95.94939,4.83538],[95.92241,4.84855],[95.91588,4.85552],[95.90179,4.8664],[95.8971,4.87316],[95.88592,4.89385],[95.88229,4.909],[95.87903,4.91494],[95.87372,4.91905],[95.86085,4.92522],[95.85514,4.92953],[95.85392,4.93179],[95.85171,4.94468],[95.84785,4.95124],[95.83255,4.96417],[95.82277,4.97423],[95.80297,4.98841],[95.79634,5.00172],[95.78893,5.00516],[95.78391,5.00899],[95.77846,5.02227],[95.77244,5.02736],[95.77062,5.03184],[95.76639,5.03797],[95.76237,5.05571],[95.75875,5.05764],[95.74317,5.06111],[95.75314,5.0699],[95.75995,5.07243],[95.76554,5.07348],[95.77195,5.07188],[95.78403,5.076],[95.78754,5.07884],[95.79324,5.08118],[95.79555,5.08148],[95.80201,5.07994],[95.81039,5.0834],[95.82124,5.08535],[95.82559,5.09516],[95.83172,5.11631],[95.83997,5.13131],[95.84115,5.13791],[95.83305,5.16412],[95.8306,5.16901],[95.82353,5.17878],[95.80862,5.19475],[95.80592,5.19951],[95.79294,5.21226],[95.78764,5.22295],[95.78375,5.24276],[95.77919,5.24908],[95.77505,5.25201],[95.77433,5.25466],[95.77497,5.25696],[95.77759,5.25818],[95.78433,5.2581],[95.78691,5.26137],[95.78863,5.27061],[95.79146,5.2738],[95.79121,5.28051],[95.78705,5.28294],[95.77361,5.28556],[95.76389,5.29047],[95.75933,5.29714],[95.75804,5.30244],[95.76019,5.30495],[95.76593,5.30502],[95.76765,5.30606],[95.76826,5.3071],[95.76725,5.31022],[95.76252,5.31441],[95.75327,5.31438],[95.74958,5.31613],[95.74832,5.31803],[95.74715,5.32827],[95.74734,5.33757],[95.75187,5.34603],[95.75018,5.35352],[95.7533,5.35814],[95.75724,5.3604],[95.75997,5.36467],[95.75993,5.36857],[95.75695,5.37513],[95.75613,5.38008],[95.75792,5.39036],[95.76387,5.3947],[95.76521,5.40128],[95.76375,5.4051],[95.7586,5.40721],[95.75451,5.4113],[95.75322,5.41578],[95.75343,5.41911],[95.75588,5.42243],[95.761,5.42588],[95.76844,5.42955],[95.77212,5.42886],[95.77477,5.43044],[95.77996,5.43517],[95.78078,5.44158],[95.77011,5.44653],[95.76581,5.44279],[95.76098,5.44439],[95.75957,5.45437],[95.75347,5.46051],[95.75326,5.46445],[95.75582,5.47119],[95.75454,5.47802],[95.74984,5.47995],[95.74579,5.47983],[95.74284,5.48087],[95.73286,5.48792],[95.72499,5.49718],[95.72484,5.49937],[95.73101,5.50356],[95.73556,5.5082],[95.73735,5.51332],[95.73664,5.51571],[95.72817,5.52061],[95.72454,5.52494],[95.72397,5.53228],[95.72787,5.54808],[95.73022,5.55156],[95.74271,5.55909],[95.74572,5.569],[95.76691,5.55898],[95.77655,5.55227],[95.78682,5.54737],[95.81802,5.53575],[95.82868,5.53511],[95.84795,5.52254],[95.85542,5.51891],[95.87308,5.51295],[95.88695,5.50394],[95.88839,5.50243],[95.89358,5.48254],[95.89073,5.46163],[95.90207,5.44357],[95.91193,5.4316],[95.91076,5.43273],[95.90409,5.43091],[95.90526,5.43028],[95.90983,5.43146],[95.91168,5.43087],[95.93001,5.41316],[95.93311,5.40967],[95.93466,5.40509],[95.93734,5.40861],[95.95,5.39701],[95.96492,5.38904],[95.97847,5.37516],[95.99041,5.36616],[96.02589,5.34188],[96.0341,5.33524],[96.0513,5.3247],[96.06536,5.30455],[96.07366,5.29666],[96.08262,5.29177],[96.10116,5.28809],[96.10482,5.28584],[96.10446,5.28257],[96.08681,5.28687],[96.06053,5.29892],[96.05882,5.29629],[96.05227,5.29062],[96.05159,5.2878],[96.05333,5.28488],[96.05259,5.28182],[96.0486,5.27327],[96.04657,5.2728],[96.04533,5.26782],[96.05397,5.25787],[96.05498,5.25771],[96.05515,5.25393],[96.05203,5.25321],[96.0462,5.24394],[96.03991,5.24585],[96.03707,5.23769],[96.04062,5.23348],[96.0389,5.23058],[96.05421,5.20318],[96.05555,5.19928],[96.05324,5.19578],[96.05017,5.19331],[96.04912,5.19089],[96.04929,5.18908],[96.05119,5.18679],[96.05171,5.18297],[96.04868,5.17785],[96.04311,5.17248],[96.03828,5.17313],[96.03611,5.17467],[96.03487,5.17416],[96.02961,5.1625],[96.02711,5.16353],[96.025,5.16048],[96.0244,5.15237],[96.02291,5.15056],[96.02371,5.14468],[96.0277,5.14056],[96.03469,5.13726],[96.04074,5.13073],[96.04369,5.12525],[96.04445,5.11698],[96.04951,5.11415],[96.06044,5.10516],[96.06692,5.10541],[96.07672,5.10135],[96.08014,5.09692],[96.0812,5.09355],[96.08554,5.09144],[96.10131,5.08912],[96.10815,5.09072],[96.11183,5.09017],[96.1177,5.08309],[96.12602,5.07804],[96.13659,5.07465],[96.14092,5.07565],[96.14608,5.07934],[96.14841,5.07929],[96.15438,5.07755],[96.16692,5.0684],[96.17846,5.069],[96.1837,5.06821],[96.18715,5.07114],[96.18923,5.07592],[96.19151,5.07712],[96.1927,5.07674],[96.19406,5.07224],[96.19297,5.06542],[96.19569,5.06172],[96.19556,5.05584],[96.20181,5.04876],[96.20603,5.04099],[96.20619,5.03888],[96.19999,5.01329],[96.18954,4.99955],[96.18978,4.9957],[96.19947,4.98312],[96.20802,4.96388],[96.21145,4.95875],[96.22533,4.94817],[96.2408,4.94069],[96.24821,4.93544],[96.25023,4.93345],[96.25223,4.92389],[96.26121,4.91492],[96.27618,4.90994],[96.29459,4.91036],[96.30017,4.91223],[96.30551,4.91633],[96.30874,4.9165],[96.3148,4.91438],[96.32389,4.91606],[96.3347,4.9291],[96.3442,4.94314],[96.34169,4.94409],[96.35052,4.94493],[96.3585,4.9438],[96.3643,4.94135],[96.36837,4.93762],[96.36971,4.93292],[96.3735,4.93105],[96.37906,4.93219],[96.39921,4.94214],[96.4234,4.94095],[96.434,4.93662],[96.44306,4.93102],[96.45938,4.91645],[96.46312,4.91065],[96.46678,4.89483],[96.46924,4.89334],[96.46885,4.88975],[96.47618,4.87151],[96.47821,4.85445],[96.47294,4.8143],[96.47732,4.80055],[96.47513,4.78466],[96.47599,4.77528],[96.47177,4.76283],[96.4685,4.7613],[96.44672,4.7648],[96.43913,4.76461],[96.42039,4.76145],[96.39954,4.75973],[96.3736,4.76375],[96.35727,4.76433],[96.35227,4.76624],[96.34362,4.76682],[96.33966,4.76855],[96.33754,4.77464],[96.33547,4.77593],[96.3288,4.77583],[96.31838,4.77885],[96.31358,4.77933],[96.31157,4.7789],[96.30739,4.77521],[96.30053,4.77454],[96.28214,4.77976],[96.28149,4.77887],[96.2783,4.7881],[96.27707,4.79488],[96.27617,4.79637],[96.27381,4.79692],[96.26723,4.79522],[96.2557,4.78714],[96.24221,4.78111],[96.23653,4.77737],[96.22665,4.76511],[96.2199,4.76323],[96.21712,4.76348],[96.20455,4.76104],[96.19943,4.76196],[96.1863,4.76741],[96.18036,4.76741],[96.16885,4.76457],[96.16211,4.76016],[96.15127,4.75507],[96.14386,4.75437],[96.13436,4.75754],[96.12333,4.76612],[96.12048,4.76803],[96.11944,4.76782],[96.11785,4.76728],[96.11623,4.76515],[96.11532,4.76049],[96.11853,4.75214],[96.11908,4.74776],[96.11766,4.73952],[96.11014,4.73338],[96.10711,4.72938],[96.10514,4.72592],[96.1028,4.71556],[96.10057,4.70997],[96.09224,4.69632],[96.08763,4.69019],[96.07563,4.67766],[96.06639,4.67085],[96.0432,4.65743],[96.03275,4.66892],[96.03144,4.68365],[96.02804,4.69402],[96.00817,4.74131],[96.00475,4.7465],[95.99702,4.75197],[95.99484,4.75642],[95.99539,4.76749],[95.99313,4.78271],[95.99113,4.7866],[95.98726,4.79034],[95.97876,4.79644],[95.97651,4.80161]]]}},{"type":"Feature","properties":{"id_kab":"1102","KDPKAB":"1102","kodekab_kemendagri":"1104","nmkab":"Aceh Tenggara","provinsi":"Aceh","status_crs":"Tinggi","indeks_crs":0.384,"norm_crs":0.2301,"indeks_hazard":0.6616,"status_hazard":"Sangat Tinggi","indeks_exposure":0.3204,"status_exposure":"Sedang","indeks_kerentanan":0.26,"status_vulnerability":"Sedang","skor_banjir":9.2696,"skor_longsor":44.2405},"geometry":{"type":"Polygon","coordinates":[[[97.9303,3.05425],[97.94236,3.04797],[97.94363,3.04692],[97.94435,3.04423],[97.93912,3.037],[97.93853,3.0282],[97.93974,3.02318],[97.9461,3.01045],[97.94694,3.00572],[97.94043,2.99511],[97.93513,2.98952],[97.93016,2.99086],[97.92451,2.99455],[97.90803,3.00081],[97.90392,3.00405],[97.9016,3.00785],[97.89684,3.00851],[97.88803,3.00923],[97.88183,3.00688],[97.87117,3.00976],[97.86002,3.00336],[97.85148,3.00098],[97.84097,3.00321],[97.83347,3.00186],[97.82743,2.99875],[97.8145,2.98243],[97.81573,2.97545],[97.81363,2.96636],[97.8064,2.96044],[97.80497,2.96058],[97.80333,2.96316],[97.80083,2.97276],[97.79926,2.97487],[97.79657,2.97525],[97.78813,2.97216],[97.7775,2.96618],[97.77383,2.96286],[97.7695,2.95709],[97.76845,2.94846],[97.76389,2.93646],[97.75473,2.92726],[97.74998,2.92656],[97.74311,2.92783],[97.73223,2.93163],[97.71614,2.93529],[97.69514,2.94166],[97.65452,2.94753],[97.64519,2.95118],[97.64054,2.9543],[97.63433,2.96651],[97.63315,2.97346],[97.63363,3.007],[97.63447,3.01453],[97.64185,3.02374],[97.64302,3.03054],[97.63333,3.04923],[97.61541,3.09274],[97.61024,3.10139],[97.60321,3.1094],[97.5969,3.11473],[97.57665,3.12739],[97.55117,3.14958],[97.5344,3.16011],[97.52665,3.16336],[97.51986,3.16759],[97.5114,3.17705],[97.5,3.19213],[97.4887,3.20315],[97.47993,3.21391],[97.47605,3.22022],[97.4701,3.24392],[97.47141,3.26318],[97.46824,3.26878],[97.46701,3.27324],[97.46862,3.30127],[97.4735,3.33159],[97.46826,3.33843],[97.45647,3.36186],[97.43842,3.40166],[97.42438,3.42177],[97.41227,3.43432],[97.39807,3.45283],[97.39831,3.45515],[97.4141,3.48202],[97.44122,3.52174],[97.45209,3.53998],[97.45586,3.54219],[97.46262,3.54214],[97.47912,3.54498],[97.48151,3.5465],[97.48387,3.5517],[97.48435,3.55825],[97.48294,3.56228],[97.47246,3.56923],[97.46904,3.57553],[97.46803,3.58995],[97.46283,3.6018],[97.46257,3.61593],[97.45804,3.6266],[97.45504,3.63051],[97.45005,3.63423],[97.44267,3.63703],[97.43165,3.63848],[97.41949,3.62378],[97.41007,3.61961],[97.40429,3.6188],[97.40057,3.62069],[97.39213,3.62996],[97.38032,3.64003],[97.37782,3.64107],[97.37203,3.64112],[97.36705,3.63823],[97.35827,3.62573],[97.35553,3.6245],[97.34409,3.62277],[97.33637,3.61646],[97.33041,3.6129],[97.30202,3.60096],[97.29533,3.59924],[97.29334,3.61248],[97.28741,3.62794],[97.28459,3.6396],[97.27985,3.64826],[97.27583,3.65075],[97.26352,3.65232],[97.22422,3.67876],[97.20609,3.69391],[97.2555,3.69536],[97.25836,3.69375],[97.26423,3.68508],[97.28487,3.68232],[97.3048,3.67684],[97.31594,3.67693],[97.46033,3.69767],[97.47732,3.70167],[97.49375,3.70295],[97.49794,3.70067],[97.5115,3.70009],[97.52842,3.70596],[97.53487,3.7067],[97.5496,3.71419],[97.55266,3.71426],[97.55615,3.7107],[97.62391,3.72178],[97.6261,3.7241],[97.62739,3.72727],[97.63147,3.731],[97.63472,3.7324],[97.63818,3.73275],[97.64226,3.73165],[97.66218,3.73192],[97.70892,3.73556],[97.73477,3.7399],[97.74886,3.74434],[97.78123,3.74922],[97.80927,3.74847],[97.82461,3.74953],[97.81774,3.7425],[97.81521,3.73674],[97.80027,3.72267],[97.80383,3.71677],[97.80464,3.71037],[97.81913,3.6906],[97.82252,3.68129],[97.82601,3.67593],[97.82931,3.67218],[97.8384,3.66852],[97.8444,3.6612],[97.8466,3.6532],[97.85395,3.63996],[97.85282,3.63015],[97.85355,3.62692],[97.85859,3.62235],[97.86912,3.61553],[97.87194,3.61207],[97.87054,3.60698],[97.86426,3.60079],[97.86368,3.59887],[97.86364,3.59463],[97.86704,3.58484],[97.86691,3.57659],[97.86826,3.57103],[97.87559,3.56516],[97.88477,3.56108],[97.89242,3.55909],[97.89783,3.56031],[97.90441,3.55694],[97.9097,3.55015],[97.91235,3.54366],[97.91253,3.53391],[97.92073,3.5196],[97.92382,3.5122],[97.92291,3.50526],[97.9205,3.5],[97.92157,3.49813],[97.93139,3.49213],[97.94605,3.48941],[97.95104,3.48463],[97.95819,3.48306],[97.95908,3.48162],[97.94977,3.47282],[97.94516,3.46221],[97.94145,3.45583],[97.93631,3.45036],[97.93374,3.44446],[97.93384,3.43861],[97.93497,3.43569],[97.94888,3.41692],[97.95166,3.40969],[97.95166,3.4073],[97.94806,3.39759],[97.94757,3.3921],[97.94823,3.39067],[97.97067,3.37802],[97.97656,3.37246],[97.98848,3.37089],[97.99312,3.3717],[97.99563,3.37313],[98.00214,3.36958],[98.00654,3.36566],[98.01066,3.35924],[98.01553,3.34758],[98.02027,3.34457],[98.02889,3.33101],[98.0226,3.3221],[98.02018,3.31599],[98.01971,3.31245],[98.02074,3.30857],[98.02075,3.30264],[98.01698,3.30254],[98.01138,3.29471],[98.00773,3.29256],[98.0027,3.29132],[97.99947,3.28874],[97.99563,3.28316],[97.993,3.28169],[97.98822,3.28082],[97.9859,3.28209],[97.98273,3.28661],[97.98153,3.2863],[97.97947,3.28531],[97.97633,3.27639],[97.96433,3.27674],[97.96393,3.2739],[97.96263,3.27308],[97.94613,3.27177],[97.94664,3.27099],[97.94536,3.26769],[97.94201,3.26431],[97.9403,3.26441],[97.93546,3.26097],[97.92853,3.25912],[97.92758,3.25972],[97.92054,3.25614],[97.91747,3.25661],[97.91985,3.25217],[97.92052,3.24767],[97.919,3.24446],[97.92072,3.23857],[97.91925,3.22994],[97.92832,3.21892],[97.93248,3.20979],[97.93724,3.20534],[97.94127,3.2055],[97.94478,3.20696],[97.95149,3.18403],[97.95378,3.18078],[97.95713,3.17898],[97.95583,3.17611],[97.94413,3.16698],[97.9404,3.16225],[97.94307,3.16093],[97.94584,3.16216],[97.9509,3.15502],[97.96431,3.14473],[97.97652,3.12888],[97.98091,3.11886],[97.98173,3.11346],[97.97936,3.09718],[97.98261,3.08614],[97.97899,3.07975],[97.97529,3.07656],[97.97377,3.07298],[97.97101,3.07022],[97.96457,3.06791],[97.96133,3.06564],[97.94957,3.06557],[97.94817,3.06851],[97.95032,3.07393],[97.94915,3.07514],[97.94334,3.07419],[97.9403,3.07522],[97.93733,3.07463],[97.93202,3.06942],[97.9313,3.06751],[97.93009,3.05504],[97.9303,3.05425]]]}},{"type":"Feature","properties":{"id_kab":"1101","KDPKAB":"1101","kodekab_kemendagri":"1103","nmkab":"Aceh Selatan","provinsi":"Aceh","status_crs":"Sangat Tinggi","indeks_crs":1.6686,"norm_crs":1.0,"indeks_hazard":1.0,"status_hazard":"Sangat Tinggi","indeks_exposure":0.909,"status_exposure":"Sangat Tinggi","indeks_kerentanan":0.7597,"status_vulnerability":"Sangat Tinggi","skor_banjir":16.4128,"skor_longsor":45.9666},"geometry":{"type":"MultiPolygon","coordinates":[[[[97.40578,2.9514],[97.39296,2.96308],[97.36968,2.98861],[97.33664,3.03263],[97.31935,3.05078],[97.31601,3.05649],[97.31319,3.06937],[97.28714,3.14454],[97.27996,3.17378],[97.26546,3.20738],[97.25757,3.22063],[97.25121,3.22857],[97.24242,3.23549],[97.23829,3.23558],[97.23622,3.23463],[97.23458,3.23233],[97.23057,3.23099],[97.22361,3.23216],[97.22231,3.2382],[97.22366,3.24261],[97.21713,3.24507],[97.21542,3.2488],[97.21092,3.25179],[97.2095,3.2519],[97.2041,3.24838],[97.20067,3.24933],[97.19605,3.25256],[97.19667,3.2582],[97.19345,3.26073],[97.19189,3.2606],[97.18574,3.25626],[97.1818,3.25607],[97.18083,3.25085],[97.17796,3.25071],[97.17014,3.25654],[97.16768,3.26231],[97.16792,3.26584],[97.1651,3.27006],[97.16178,3.27167],[97.15869,3.27095],[97.15786,3.27385],[97.16007,3.27416],[97.16112,3.27762],[97.15953,3.28266],[97.15801,3.28528],[97.15327,3.2878],[97.1514,3.29099],[97.14902,3.3003],[97.1453,3.3067],[97.1376,3.31527],[97.13359,3.31733],[97.12788,3.31829],[97.12736,3.32161],[97.12879,3.32461],[97.12292,3.332],[97.12312,3.33875],[97.12592,3.34571],[97.12366,3.35104],[97.12006,3.35559],[97.11087,3.35947],[97.10741,3.36302],[97.10283,3.37407],[97.08701,3.39317],[97.08357,3.40301],[97.07743,3.41066],[97.07182,3.41528],[97.07278,3.41753],[97.07072,3.42132],[97.0723,3.42458],[97.07191,3.42745],[97.06646,3.42775],[97.06236,3.43063],[97.06177,3.43462],[97.06248,3.43661],[97.06522,3.43712],[97.06549,3.43798],[97.06356,3.44243],[97.0587,3.44625],[97.06004,3.45417],[97.05948,3.45527],[97.05579,3.45739],[97.05388,3.45684],[97.05228,3.45443],[97.04975,3.45485],[97.04937,3.45722],[97.05174,3.45738],[97.05269,3.45833],[97.05174,3.46387],[97.03999,3.48318],[97.03216,3.4907],[97.03141,3.49269],[97.02209,3.50334],[97.0197,3.50754],[97.02021,3.51759],[97.01786,3.52072],[97.01542,3.52172],[97.00603,3.53046],[97.00411,3.53597],[97.00383,3.54254],[96.9985,3.54712],[96.99699,3.5465],[96.99468,3.54784],[96.99303,3.55217],[96.98465,3.55671],[96.94234,3.57418],[96.94722,3.58718],[96.95485,3.59967],[96.95953,3.60439],[96.96374,3.61376],[96.97072,3.61841],[96.97622,3.61929],[96.98598,3.61716],[96.99089,3.61878],[96.99859,3.61627],[97.0191,3.60484],[97.02389,3.60377],[97.02891,3.60021],[97.03592,3.60072],[97.04439,3.61208],[97.04705,3.61793],[97.04719,3.62262],[97.05293,3.62361],[97.06391,3.63114],[97.09282,3.66068],[97.1073,3.67413],[97.11757,3.68212],[97.1283,3.68737],[97.13359,3.69216],[97.13564,3.69813],[97.1381,3.71782],[97.14205,3.73411],[97.15105,3.73963],[97.15358,3.74559],[97.17667,3.72725],[97.1918,3.71132],[97.20312,3.69694],[97.2191,3.6826],[97.26352,3.65232],[97.27583,3.65075],[97.27985,3.64826],[97.28459,3.6396],[97.28741,3.62794],[97.29334,3.61248],[97.29533,3.59924],[97.30202,3.60096],[97.33041,3.6129],[97.33637,3.61646],[97.34409,3.62277],[97.35553,3.6245],[97.35827,3.62573],[97.36705,3.63823],[97.37203,3.64112],[97.37782,3.64107],[97.38032,3.64003],[97.39213,3.62996],[97.40057,3.62069],[97.40429,3.6188],[97.41007,3.61961],[97.41949,3.62378],[97.43165,3.63848],[97.44267,3.63703],[97.4523,3.63295],[97.45804,3.6266],[97.46177,3.61917],[97.46288,3.61251],[97.46283,3.6018],[97.46803,3.58995],[97.46904,3.57553],[97.47246,3.56923],[97.48294,3.56228],[97.48435,3.55825],[97.48387,3.5517],[97.48151,3.5465],[97.47912,3.54498],[97.46262,3.54214],[97.45586,3.54219],[97.45209,3.53998],[97.44122,3.52174],[97.4141,3.48202],[97.39831,3.45515],[97.39807,3.45283],[97.41227,3.43432],[97.42438,3.42177],[97.43842,3.40166],[97.45647,3.36186],[97.46826,3.33843],[97.4735,3.33159],[97.46862,3.30127],[97.46701,3.27324],[97.46824,3.26878],[97.47141,3.26318],[97.4701,3.24392],[97.47605,3.22022],[97.47993,3.21391],[97.4887,3.20315],[97.5,3.19213],[97.5114,3.17705],[97.51986,3.16759],[97.52665,3.16336],[97.5344,3.16011],[97.55117,3.14958],[97.57665,3.12739],[97.5969,3.11473],[97.60321,3.1094],[97.61024,3.10139],[97.61541,3.09274],[97.63333,3.04923],[97.64302,3.03054],[97.64185,3.02374],[97.63513,3.01566],[97.63397,3.01236],[97.63315,2.97346],[97.63433,2.96651],[97.63789,2.95822],[97.64314,2.95224],[97.65271,2.94803],[97.69514,2.94166],[97.71614,2.93529],[97.73223,2.93163],[97.74311,2.92783],[97.75094,2.92653],[97.75473,2.92726],[97.76272,2.93464],[97.76845,2.94846],[97.7695,2.95709],[97.77669,2.96553],[97.79296,2.97434],[97.79657,2.97525],[97.79926,2.97487],[97.80083,2.97276],[97.80333,2.96316],[97.80497,2.96058],[97.8064,2.96044],[97.81363,2.96636],[97.81573,2.97545],[97.8145,2.97953],[97.815,2.98221],[97.87171,2.96735],[97.89016,2.96552],[97.89963,2.96577],[97.90645,2.95472],[97.90802,2.92585],[97.90487,2.91169],[97.90174,2.9072],[97.88643,2.89429],[97.87518,2.88893],[97.86158,2.88416],[97.85819,2.88172],[97.85703,2.87397],[97.8573,2.86857],[97.86,2.85908],[97.86024,2.84658],[97.85255,2.83738],[97.848,2.8335],[97.76646,2.78719],[97.77979,2.7587],[97.817,2.66853],[97.8174,2.6671],[97.81387,2.65282],[97.82471,2.63723],[97.82487,2.63512],[97.7955,2.54718],[97.79094,2.4998],[97.77278,2.47582],[97.74961,2.44287],[97.73215,2.42266],[97.71663,2.41255],[97.70798,2.40821],[97.68374,2.40132],[97.66391,2.39443],[97.66081,2.41811],[97.65902,2.45024],[97.65807,2.4525],[97.65724,2.46393],[97.65878,2.52439],[97.6576,2.53519],[97.65575,2.59488],[97.65396,2.6097],[97.65456,2.61047],[97.65194,2.6507],[97.64908,2.68176],[97.64788,2.68385],[97.64682,2.69586],[97.64063,2.72824],[97.63397,2.75775],[97.63052,2.76952],[97.62911,2.76953],[97.62094,2.79884],[97.61603,2.82638],[97.61344,2.83615],[97.61053,2.84491],[97.60149,2.86527],[97.59292,2.88007],[97.5922,2.87922],[97.58749,2.8821],[97.58511,2.88568],[97.57951,2.89079],[97.57451,2.89163],[97.57011,2.89115],[97.56745,2.88863],[97.56356,2.88913],[97.55868,2.89258],[97.55428,2.89317],[97.54196,2.88841],[97.54101,2.88663],[97.5419,2.88425],[97.54101,2.88341],[97.53321,2.88914],[97.5239,2.8913],[97.52095,2.89317],[97.515,2.90323],[97.51218,2.90499],[97.50608,2.90659],[97.49856,2.91293],[97.48666,2.92024],[97.48209,2.92154],[97.4632,2.92305],[97.44732,2.92316],[97.42513,2.93429],[97.41119,2.9466],[97.40578,2.9514]]],[[[97.59328,2.80955],[97.59461,2.80896],[97.59461,2.80777],[97.59269,2.80799],[97.59269,2.80888],[97.59328,2.80955]]],[[[97.51847,2.8844],[97.51979,2.88393],[97.51962,2.88073],[97.51807,2.88097],[97.51753,2.88323],[97.51847,2.8844]]],[[[97.51429,2.88941],[97.51608,2.88925],[97.51662,2.88815],[97.51592,2.88714],[97.51452,2.88684],[97.51359,2.88856],[97.51429,2.88941]]]]}},{"type":"Feature","properties":{"id_kab":"1104","KDPKAB":"1104","kodekab_kemendagri":"1106","nmkab":"Aceh Tengah","provinsi":"Aceh","status_crs":"Tinggi","indeks_crs":0.4623,"norm_crs":0.2771,"indeks_hazard":0.6851,"status_hazard":"Sangat Tinggi","indeks_exposure":0.3529,"status_exposure":"Sedang","indeks_kerentanan":0.3219,"status_vulnerability":"Sedang","skor_banjir":9.9461,"skor_longsor":44.1815},"geometry":{"type":"Polygon","coordinates":[[[96.83103,4.2818],[96.80437,4.28252],[96.79429,4.28056],[96.78744,4.28483],[96.77274,4.28931],[96.75849,4.29532],[96.75,4.30361],[96.74778,4.30839],[96.742,4.31337],[96.71765,4.32727],[96.71477,4.33104],[96.71409,4.33874],[96.70631,4.3478],[96.69096,4.35283],[96.68044,4.35374],[96.67684,4.35651],[96.67239,4.35506],[96.66786,4.35509],[96.66471,4.35761],[96.65957,4.36625],[96.6533,4.36976],[96.6492,4.37372],[96.64765,4.37728],[96.64728,4.38498],[96.64471,4.38466],[96.64101,4.3859],[96.63481,4.39065],[96.63463,4.3953],[96.63266,4.39768],[96.63006,4.39901],[96.62752,4.4059],[96.62442,4.40755],[96.62339,4.40971],[96.6236,4.4132],[96.6326,4.43177],[96.63703,4.45342],[96.64136,4.46365],[96.64678,4.47106],[96.64678,4.47435],[96.64096,4.4866],[96.63759,4.50787],[96.63449,4.50877],[96.60832,4.50068],[96.61182,4.52363],[96.60498,4.56633],[96.57719,4.57496],[96.57178,4.57785],[96.55876,4.5921],[96.55171,4.59507],[96.54134,4.60144],[96.52814,4.61466],[96.52502,4.61533],[96.52136,4.61935],[96.50347,4.63189],[96.5003,4.63178],[96.49342,4.62521],[96.49087,4.6244],[96.48919,4.62507],[96.48674,4.62751],[96.4864,4.62938],[96.48398,4.63083],[96.47824,4.62995],[96.46973,4.62368],[96.4634,4.62264],[96.44828,4.62264],[96.44376,4.62547],[96.43982,4.63011],[96.42944,4.64604],[96.42325,4.65332],[96.41647,4.65857],[96.40907,4.66806],[96.40508,4.67048],[96.39288,4.67154],[96.38289,4.67565],[96.37962,4.67565],[96.36116,4.67007],[96.34674,4.6784],[96.31774,4.68841],[96.30182,4.69104],[96.28947,4.69492],[96.27039,4.6976],[96.26145,4.70268],[96.25698,4.70723],[96.26169,4.72422],[96.26092,4.72829],[96.26179,4.73476],[96.27359,4.74668],[96.27297,4.75309],[96.27431,4.76272],[96.27849,4.77411],[96.28214,4.77976],[96.30053,4.77454],[96.30739,4.77521],[96.31157,4.7789],[96.31838,4.77885],[96.3288,4.77583],[96.33547,4.77593],[96.33754,4.77464],[96.33966,4.76855],[96.34362,4.76682],[96.35227,4.76624],[96.35727,4.76433],[96.3736,4.76375],[96.39954,4.75973],[96.42039,4.76145],[96.43913,4.76461],[96.44672,4.7648],[96.4685,4.7613],[96.47177,4.76283],[96.47599,4.77528],[96.47513,4.78466],[96.47732,4.80055],[96.47294,4.8143],[96.47821,4.85445],[96.47618,4.87151],[96.46885,4.88975],[96.46924,4.89334],[96.48099,4.89094],[96.49422,4.89091],[96.49966,4.88902],[96.50378,4.89046],[96.50712,4.89254],[96.51179,4.89929],[96.51614,4.90183],[96.52476,4.91763],[96.53656,4.93151],[96.53918,4.934],[96.55018,4.93842],[96.57548,4.9471],[96.58326,4.94135],[96.59244,4.93934],[96.5981,4.93913],[96.60149,4.94091],[96.60207,4.94442],[96.60429,4.94718],[96.60936,4.94815],[96.61081,4.95299],[96.61948,4.95419],[96.62572,4.95343],[96.64358,4.9553],[96.64503,4.95418],[96.65827,4.9543],[96.66186,4.95217],[96.66519,4.95135],[96.67402,4.95142],[96.67575,4.94986],[96.6759,4.948],[96.67308,4.94425],[96.67332,4.93881],[96.67743,4.92954],[96.68259,4.92593],[96.68527,4.91284],[96.69102,4.89865],[96.69065,4.88736],[96.68698,4.87585],[96.68791,4.86987],[96.68651,4.86373],[96.68971,4.85145],[96.69315,4.84382],[96.69166,4.83877],[96.69399,4.83225],[96.70651,4.82432],[96.70822,4.81939],[96.70559,4.80987],[96.70063,4.80018],[96.69983,4.79144],[96.70151,4.77889],[96.70032,4.77598],[96.69449,4.77094],[96.68711,4.76834],[96.68384,4.75604],[96.69402,4.75152],[96.69889,4.74561],[96.70171,4.74461],[96.70572,4.74658],[96.71129,4.7515],[96.71612,4.74656],[96.71689,4.74484],[96.71576,4.74354],[96.72773,4.73021],[96.72987,4.72643],[96.73399,4.72343],[96.73832,4.72318],[96.74059,4.71843],[96.74861,4.71264],[96.75689,4.7139],[96.75987,4.71595],[96.76344,4.71633],[96.76569,4.71417],[96.7685,4.71408],[96.77216,4.71591],[96.77896,4.71575],[96.78286,4.71421],[96.79234,4.70587],[96.79616,4.69479],[96.7991,4.68975],[96.8077,4.68307],[96.80532,4.67694],[96.80669,4.67323],[96.80948,4.67309],[96.81171,4.67661],[96.8113,4.67881],[96.81224,4.68077],[96.81679,4.68479],[96.81843,4.68482],[96.82082,4.68418],[96.82052,4.67621],[96.82236,4.67308],[96.83359,4.67115],[96.85123,4.67211],[96.86848,4.67117],[96.87678,4.66564],[96.8856,4.6643],[96.89803,4.65647],[96.90435,4.6562],[96.92171,4.65202],[96.97424,4.64768],[96.98267,4.64574],[97.01068,4.64284],[97.02286,4.64057],[97.02585,4.63297],[97.03582,4.6165],[97.0418,4.60891],[97.05218,4.60161],[97.06054,4.59876],[97.07531,4.59598],[97.09257,4.58713],[97.1066,4.58399],[97.15055,4.577],[97.17056,4.57597],[97.17593,4.5789],[97.23514,4.60224],[97.25157,4.59839],[97.31254,4.60461],[97.31435,4.59741],[97.31476,4.57376],[97.31734,4.54846],[97.31466,4.54497],[97.30281,4.53415],[97.29726,4.52691],[97.28133,4.52547],[97.27813,4.52243],[97.27778,4.51805],[97.27933,4.51338],[97.28341,4.50922],[97.28491,4.50511],[97.28962,4.50081],[97.29574,4.50146],[97.29927,4.50472],[97.30529,4.5072],[97.31183,4.50851],[97.31706,4.50811],[97.32255,4.50525],[97.34087,4.50133],[97.34322,4.49964],[97.34427,4.49025],[97.34374,4.47245],[97.34565,4.44236],[97.34761,4.43414],[97.36039,4.41484],[97.36275,4.40845],[97.3685,4.37989],[97.36759,4.36358],[97.3618,4.35713],[97.35831,4.34264],[97.356,4.30173],[97.35561,4.28311],[97.35679,4.27505],[97.35604,4.26696],[97.35477,4.26038],[97.34941,4.24994],[97.35084,4.24026],[97.3549,4.22457],[97.35909,4.21461],[97.3508,4.21081],[97.2982,4.19215],[97.27427,4.1825],[97.27421,4.17871],[97.2369,4.17643],[97.23523,4.18088],[97.2356,4.19346],[97.23436,4.19957],[97.23305,4.20279],[97.22511,4.2142],[97.22306,4.22486],[97.21642,4.23507],[97.21103,4.24088],[97.20761,4.24182],[97.20397,4.24839],[97.19449,4.25739],[97.18482,4.26331],[97.1814,4.2637],[97.17779,4.26284],[97.17269,4.26725],[97.16742,4.27574],[97.16288,4.27835],[97.15447,4.2722],[97.14954,4.26596],[97.13936,4.26297],[97.13674,4.261],[97.12391,4.25011],[97.11391,4.23941],[97.11038,4.2368],[97.10082,4.23357],[97.08849,4.23173],[97.08023,4.22877],[97.07294,4.2232],[97.06402,4.219],[97.04984,4.21558],[97.02982,4.20824],[97.02363,4.20841],[97.01318,4.20365],[97.00665,4.19864],[97.00819,4.19289],[97.00681,4.19048],[97.00532,4.18196],[96.99943,4.1757],[96.99756,4.17595],[96.99266,4.17807],[96.97468,4.19881],[96.97252,4.19995],[96.9688,4.20099],[96.95553,4.19708],[96.94796,4.19636],[96.92874,4.19989],[96.90953,4.21459],[96.89677,4.21828],[96.89353,4.22029],[96.88794,4.22089],[96.87719,4.23856],[96.87267,4.24211],[96.86331,4.24616],[96.85867,4.24955],[96.85542,4.25653],[96.83934,4.27898],[96.8366,4.28159],[96.83103,4.2818]]]}},{"type":"Feature","properties":{"id_kab":"1103","KDPKAB":"1103","kodekab_kemendagri":"1105","nmkab":"Aceh Timur","provinsi":"Aceh","status_crs":"Sangat Tinggi","indeks_crs":0.5914,"norm_crs":0.3544,"indeks_hazard":0.5584,"status_hazard":"Tinggi","indeks_exposure":0.4483,"status_exposure":"Tinggi","indeks_kerentanan":0.6109,"status_vulnerability":"Tinggi","skor_banjir":22.2374,"skor_longsor":28.5672},"geometry":{"type":"MultiPolygon","coordinates":[[[[98.01847,4.59447],[98.01645,4.59962],[98.01726,4.60017],[98.01801,4.59936],[98.01958,4.59412],[98.01892,4.58953],[98.01736,4.58751],[98.01816,4.59361],[98.01847,4.59447]]],[[[97.77391,4.34263],[97.77153,4.34035],[97.76615,4.34125],[97.76324,4.33887],[97.76097,4.33215],[97.76214,4.32221],[97.76076,4.31694],[97.75234,4.30826],[97.74836,4.30529],[97.74499,4.30432],[97.7333,4.2867],[97.73186,4.28271],[97.73156,4.27775],[97.72952,4.2755],[97.72723,4.27532],[97.72632,4.27423],[97.71912,4.25727],[97.71744,4.25013],[97.71786,4.24719],[97.70473,4.24641],[97.68498,4.247],[97.68375,4.24404],[97.68076,4.24085],[97.66894,4.24223],[97.66535,4.23919],[97.65498,4.22619],[97.64307,4.22027],[97.63686,4.22573],[97.62876,4.2287],[97.62205,4.24511],[97.61987,4.24693],[97.60637,4.25391],[97.60185,4.25372],[97.59453,4.24988],[97.59259,4.23961],[97.58909,4.23292],[97.5854,4.22827],[97.58137,4.2174],[97.57626,4.21082],[97.5748,4.19508],[97.57362,4.19143],[97.57445,4.18958],[97.57731,4.18869],[97.57797,4.1875],[97.57667,4.18287],[97.57337,4.18602],[97.56932,4.18734],[97.5629,4.18521],[97.54741,4.19277],[97.5349,4.1942],[97.53078,4.19353],[97.51516,4.18631],[97.51289,4.17809],[97.50543,4.16643],[97.50453,4.15792],[97.5,4.15583],[97.46565,4.15909],[97.45493,4.16216],[97.44314,4.16831],[97.41968,4.17635],[97.40847,4.18222],[97.40375,4.18098],[97.39947,4.18326],[97.3923,4.19003],[97.37579,4.20012],[97.36882,4.20342],[97.36033,4.20423],[97.35655,4.20982],[97.35623,4.21336],[97.35909,4.21461],[97.3549,4.22457],[97.35084,4.24026],[97.34941,4.24994],[97.35477,4.26038],[97.35604,4.26696],[97.35679,4.27505],[97.35561,4.28311],[97.356,4.30173],[97.35831,4.34264],[97.3618,4.35713],[97.36759,4.36358],[97.3685,4.37989],[97.36275,4.40845],[97.36039,4.41484],[97.34761,4.43414],[97.34565,4.44236],[97.34374,4.47245],[97.34427,4.49025],[97.34322,4.49964],[97.34087,4.50133],[97.32255,4.50525],[97.31706,4.50811],[97.31183,4.50851],[97.30529,4.5072],[97.29927,4.50472],[97.29574,4.50146],[97.29142,4.50042],[97.28962,4.50081],[97.28491,4.50511],[97.28341,4.50922],[97.27933,4.51338],[97.27746,4.52089],[97.27958,4.52398],[97.28288,4.52598],[97.29726,4.52691],[97.30281,4.53415],[97.31466,4.54497],[97.31734,4.54846],[97.31476,4.57376],[97.31414,4.59875],[97.3116,4.60809],[97.3065,4.62052],[97.30131,4.62819],[97.29906,4.62943],[97.28038,4.63019],[97.27484,4.63181],[97.26998,4.62765],[97.26575,4.62135],[97.26051,4.6221],[97.25933,4.62461],[97.25652,4.64382],[97.25455,4.64909],[97.25431,4.65696],[97.25497,4.66183],[97.25856,4.66377],[97.26576,4.66261],[97.2748,4.65928],[97.28844,4.65923],[97.30567,4.66229],[97.31127,4.66667],[97.31267,4.67347],[97.31195,4.68198],[97.31762,4.69123],[97.32363,4.69762],[97.32721,4.70627],[97.3277,4.7108],[97.3276,4.71584],[97.32413,4.73452],[97.31907,4.74098],[97.32169,4.74413],[97.32419,4.74329],[97.32364,4.74405],[97.32699,4.75881],[97.33,4.76216],[97.33458,4.7647],[97.33644,4.76683],[97.33527,4.77172],[97.33746,4.77749],[97.33931,4.77892],[97.34972,4.77857],[97.35116,4.77734],[97.35306,4.772],[97.35484,4.771],[97.3567,4.77316],[97.3561,4.77744],[97.3605,4.78262],[97.36327,4.78347],[97.36556,4.78181],[97.36599,4.77831],[97.36076,4.76913],[97.36135,4.76715],[97.36544,4.76673],[97.37193,4.76816],[97.38619,4.76887],[97.38789,4.76743],[97.38698,4.76172],[97.38798,4.76005],[97.39437,4.75886],[97.39923,4.75961],[97.40197,4.75633],[97.40404,4.75537],[97.40711,4.75591],[97.41111,4.75937],[97.41506,4.75945],[97.42235,4.75502],[97.42442,4.75494],[97.42419,4.75902],[97.42238,4.76468],[97.41711,4.76865],[97.41475,4.76853],[97.41047,4.76272],[97.40929,4.76254],[97.40321,4.76329],[97.39993,4.76678],[97.40352,4.78949],[97.40606,4.79464],[97.40763,4.79585],[97.41234,4.79596],[97.41607,4.79346],[97.4188,4.78983],[97.41843,4.78741],[97.41042,4.78721],[97.40736,4.78462],[97.4074,4.78281],[97.41079,4.78019],[97.4205,4.78199],[97.42679,4.78578],[97.43425,4.7863],[97.4365,4.78856],[97.43597,4.79539],[97.43305,4.7975],[97.42838,4.80578],[97.42943,4.80777],[97.4353,4.8083],[97.43778,4.81189],[97.43537,4.81997],[97.4368,4.82166],[97.45307,4.81867],[97.45549,4.81922],[97.45663,4.82081],[97.45644,4.82289],[97.45019,4.82774],[97.44139,4.8289],[97.4425,4.83178],[97.44474,4.83368],[97.4523,4.83548],[97.45563,4.83934],[97.45732,4.84414],[97.45908,4.84609],[97.46178,4.84478],[97.46183,4.84125],[97.46357,4.83972],[97.46512,4.83975],[97.4672,4.84277],[97.46967,4.84279],[97.47001,4.84035],[97.46762,4.83837],[97.46864,4.83716],[97.47109,4.83732],[97.47434,4.84203],[97.47517,4.83887],[97.47694,4.83872],[97.48544,4.84725],[97.48859,4.85289],[97.48955,4.85654],[97.48789,4.86492],[97.48863,4.86681],[97.4906,4.86785],[97.49594,4.86835],[97.50152,4.87237],[97.50348,4.87616],[97.51166,4.88231],[97.50984,4.88485],[97.50638,4.88516],[97.50327,4.87939],[97.49798,4.87472],[97.4971,4.87492],[97.49544,4.88125],[97.50082,4.88672],[97.50653,4.88747],[97.50623,4.89093],[97.50436,4.89237],[97.50214,4.89246],[97.49601,4.88678],[97.49325,4.88629],[97.49277,4.88853],[97.49872,4.89481],[97.49912,4.89792],[97.49607,4.90036],[97.49304,4.90025],[97.49194,4.90106],[97.49055,4.90658],[97.48806,4.90598],[97.48501,4.90225],[97.48366,4.90228],[97.48346,4.90505],[97.48763,4.90854],[97.48774,4.90977],[97.48515,4.9112],[97.47474,4.91302],[97.47325,4.91511],[97.47359,4.91814],[97.47936,4.91842],[97.47839,4.92075],[97.47196,4.91989],[97.46729,4.91339],[97.46571,4.91535],[97.46691,4.91901],[97.47336,4.92339],[97.47171,4.92671],[97.46859,4.9281],[97.47352,4.94162],[97.47193,4.94751],[97.47314,4.94824],[97.47538,4.9478],[97.47655,4.94201],[97.47754,4.94096],[97.47963,4.94133],[97.48125,4.94322],[97.48547,4.94381],[97.48913,4.94307],[97.49204,4.94742],[97.49714,4.94755],[97.49888,4.9551],[97.50058,4.95679],[97.50443,4.9579],[97.50491,4.95951],[97.50281,4.96091],[97.49675,4.95702],[97.49014,4.95992],[97.48666,4.95911],[97.48544,4.95966],[97.48512,4.96107],[97.48836,4.96345],[97.49132,4.96297],[97.49246,4.96372],[97.49419,4.96771],[97.49607,4.96741],[97.49673,4.96521],[97.49832,4.96408],[97.50045,4.96481],[97.5018,4.96768],[97.49953,4.97354],[97.49932,4.97671],[97.49702,4.97759],[97.49316,4.97589],[97.4911,4.97781],[97.49222,4.98066],[97.4972,4.98251],[97.49819,4.98443],[97.49649,4.9912],[97.4939,4.9919],[97.492,4.99362],[97.49132,5.00287],[97.49302,5.00475],[97.49841,5.00637],[97.50407,5.00372],[97.50547,5.00571],[97.50512,5.00928],[97.50301,5.01255],[97.50111,5.01281],[97.49731,5.01071],[97.49546,5.01068],[97.49351,5.01236],[97.49336,5.01408],[97.49551,5.01643],[97.50111,5.01641],[97.50288,5.01732],[97.50654,5.02249],[97.50604,5.02625],[97.50707,5.02913],[97.5135,5.02917],[97.51459,5.03087],[97.50904,5.04337],[97.50757,5.0442],[97.50632,5.04421],[97.50325,5.038],[97.50118,5.03768],[97.4999,5.03861],[97.49922,5.03997],[97.50019,5.04329],[97.50531,5.0457],[97.50535,5.04728],[97.50372,5.04871],[97.49785,5.04975],[97.498,5.05113],[97.5056,5.05487],[97.50872,5.0538],[97.51195,5.0502],[97.51387,5.05233],[97.51156,5.05655],[97.50734,5.05915],[97.50675,5.06208],[97.50993,5.06541],[97.51301,5.06587],[97.51448,5.06458],[97.51465,5.06281],[97.51324,5.05916],[97.51355,5.05777],[97.51484,5.05694],[97.51647,5.05805],[97.51701,5.06104],[97.51588,5.07048],[97.51306,5.072],[97.51214,5.07541],[97.50609,5.06784],[97.49854,5.06846],[97.50086,5.07528],[97.49819,5.07603],[97.49632,5.07341],[97.4926,5.07107],[97.49176,5.07148],[97.49125,5.07496],[97.49507,5.07767],[97.49739,5.08174],[97.49537,5.08625],[97.49224,5.08705],[97.49058,5.08608],[97.48782,5.08154],[97.48851,5.07876],[97.4848,5.07825],[97.48343,5.07927],[97.47978,5.08703],[97.4779,5.08767],[97.47574,5.09403],[97.47819,5.09482],[97.4813,5.09784],[97.47849,5.09811],[97.47834,5.09659],[97.47595,5.09655],[97.46944,5.09286],[97.46829,5.09322],[97.46739,5.09485],[97.46789,5.09674],[97.47136,5.1005],[97.47005,5.10472],[97.45976,5.11192],[97.46327,5.1178],[97.46481,5.11874],[97.46714,5.11759],[97.47038,5.12111],[97.4703,5.12451],[97.4766,5.1242],[97.47833,5.1265],[97.47822,5.12882],[97.4735,5.13168],[97.46983,5.13067],[97.46893,5.13135],[97.46829,5.13344],[97.46943,5.14159],[97.46873,5.14796],[97.46601,5.15362],[97.4683,5.15419],[97.47621,5.14968],[97.48001,5.14999],[97.48222,5.15153],[97.48715,5.15056],[97.48862,5.15403],[97.48715,5.16086],[97.48938,5.16109],[97.49221,5.15775],[97.49644,5.15915],[97.49883,5.16779],[97.4993,5.17217],[97.49182,5.17345],[97.48929,5.17483],[97.48586,5.18169],[97.48587,5.18306],[97.48754,5.18501],[97.48863,5.18504],[97.48836,5.18818],[97.49186,5.18856],[97.49495,5.18595],[97.5003,5.18777],[97.49977,5.19643],[97.49686,5.20275],[97.49436,5.20208],[97.49299,5.19771],[97.48877,5.19876],[97.4877,5.20018],[97.49122,5.20277],[97.49003,5.20711],[97.49235,5.20731],[97.4938,5.20541],[97.49475,5.20726],[97.4935,5.21034],[97.48972,5.21188],[97.48989,5.21392],[97.49184,5.21456],[97.49553,5.21155],[97.49998,5.21302],[97.49579,5.21852],[97.49272,5.21949],[97.48861,5.22439],[97.48825,5.22978],[97.48381,5.24116],[97.48411,5.24605],[97.495,5.25],[97.50049,5.24908],[97.51358,5.24236],[97.54183,5.2216],[97.55397,5.214],[97.55631,5.21064],[97.55138,5.2103],[97.54274,5.2078],[97.53163,5.20994],[97.5382,5.20644],[97.54861,5.20285],[97.56531,5.18883],[97.56963,5.18267],[97.57019,5.17654],[97.57483,5.16607],[97.57931,5.16821],[97.5812,5.16753],[97.58269,5.1651],[97.58336,5.15971],[97.59114,5.15043],[97.5949,5.14244],[97.61365,5.13183],[97.62741,5.12925],[97.63667,5.12871],[97.65242,5.11837],[97.6516,5.11518],[97.65308,5.1152],[97.6538,5.11308],[97.65372,5.10683],[97.6569,5.08365],[97.65651,5.0811],[97.65209,5.08299],[97.64929,5.08171],[97.64672,5.07945],[97.64486,5.07351],[97.64662,5.07591],[97.64862,5.07647],[97.65526,5.06845],[97.66855,5.05818],[97.68841,5.03963],[97.77584,4.96465],[97.78051,4.95781],[97.79233,4.94718],[97.79284,4.94519],[97.79335,4.94727],[97.79984,4.94048],[97.81134,4.93119],[97.84696,4.90472],[97.86071,4.89683],[97.88024,4.88998],[97.89404,4.88869],[97.89324,4.887],[97.89405,4.88869],[97.90227,4.88981],[97.90594,4.88921],[97.90655,4.88329],[97.90866,4.87654],[97.91924,4.85003],[97.93068,4.81555],[97.93554,4.80672],[97.93612,4.80338],[97.94619,4.77815],[97.94613,4.76921],[97.94868,4.76286],[97.95346,4.75687],[97.9571,4.74642],[97.9572,4.74418],[97.95396,4.74348],[97.95393,4.74045],[97.95555,4.73578],[97.96056,4.72737],[97.96208,4.71733],[97.9612,4.71392],[97.96289,4.71016],[97.96424,4.70165],[97.97639,4.67214],[97.97514,4.67028],[97.97433,4.67071],[97.96942,4.68012],[97.96669,4.68105],[97.96454,4.67972],[97.96182,4.67588],[97.96369,4.66541],[97.97027,4.66238],[97.97233,4.66035],[97.97402,4.6535],[97.9778,4.65273],[97.9867,4.64203],[97.99191,4.64211],[97.99559,4.63942],[97.99643,4.63703],[97.99562,4.63383],[97.99301,4.63202],[97.99235,4.62972],[97.99513,4.62107],[97.99835,4.62162],[97.99873,4.62549],[98.00373,4.6246],[98.01035,4.62052],[98.0137,4.61711],[98.01815,4.60939],[98.01819,4.60473],[98.01699,4.60296],[98.01321,4.60359],[98.01191,4.60494],[98.00892,4.60365],[98.00191,4.59625],[97.99849,4.59147],[97.99823,4.58908],[97.99094,4.58366],[97.98574,4.57481],[97.98398,4.56811],[97.97554,4.56405],[97.97244,4.56161],[97.97232,4.55886],[97.97288,4.55794],[97.97556,4.55773],[97.97606,4.55381],[97.98051,4.54561],[97.97855,4.5407],[97.97073,4.53502],[97.96901,4.53215],[97.96287,4.52871],[97.95742,4.53551],[97.95442,4.53678],[97.95133,4.53618],[97.95051,4.53458],[97.95097,4.53278],[97.94459,4.52895],[97.93534,4.53004],[97.93658,4.53452],[97.93051,4.53587],[97.92114,4.53402],[97.916,4.53097],[97.90774,4.51833],[97.89612,4.50555],[97.88994,4.49186],[97.87736,4.4574],[97.87801,4.45552],[97.88497,4.44785],[97.90399,4.44749],[97.90332,4.44939],[97.9072,4.45209],[97.90862,4.45095],[97.90809,4.45016],[97.90633,4.45144],[97.90605,4.44995],[97.90711,4.44849],[97.91119,4.44793],[97.91278,4.44875],[97.91194,4.45113],[97.91731,4.45134],[97.91815,4.45028],[97.91612,4.42362],[97.91974,4.4222],[97.92292,4.42296],[97.9248,4.42597],[97.92677,4.4332],[97.93526,4.43163],[97.94085,4.43673],[97.96353,4.44208],[97.96673,4.44204],[97.97166,4.43681],[97.96908,4.42659],[97.96926,4.42414],[97.97425,4.42109],[97.98021,4.4235],[97.98542,4.41268],[97.98935,4.40994],[98.01118,4.41007],[98.01496,4.41546],[98.01749,4.41532],[97.99427,4.39614],[97.98675,4.39227],[97.98281,4.39407],[97.97897,4.3917],[97.97507,4.38072],[97.95921,4.39325],[97.95388,4.39154],[97.94664,4.38754],[97.9384,4.37192],[97.92433,4.35704],[97.92257,4.35109],[97.89005,4.34817],[97.88339,4.34651],[97.87232,4.34623],[97.86617,4.34469],[97.8554,4.34605],[97.82,4.34545],[97.80509,4.34635],[97.8,4.34823],[97.79597,4.34444],[97.78853,4.34981],[97.78458,4.35084],[97.78204,4.34971],[97.77432,4.34303],[97.77391,4.34263]]]]}},{"type":"Feature","properties":{"id_kab":"1110","KDPKAB":"1110","kodekab_kemendagri":"1102","nmkab":"Aceh Singkil","provinsi":"Aceh","status_crs":"Tinggi","indeks_crs":0.5355,"norm_crs":0.3209,"indeks_hazard":0.3538,"status_hazard":"Sedang","indeks_exposure":0.9843,"status_exposure":"Sangat Tinggi","indeks_kerentanan":0.5293,"status_vulnerability":"Tinggi","skor_banjir":26.9613,"skor_longsor":18.4824},"geometry":{"type":"MultiPolygon","coordinates":[[[[98.1564,2.40005],[98.18485,2.32916],[98.19707,2.3117],[98.18801,2.29576],[98.18134,2.2591],[98.17855,2.25409],[98.17414,2.2495],[98.17856,2.24247],[98.17877,2.23995],[98.15754,2.20638],[98.13005,2.16546],[98.13084,2.16381],[98.11159,2.18314],[98.1038,2.18861],[98.09836,2.19097],[98.08458,2.20076],[98.05541,2.21527],[98.03126,2.22864],[98.01288,2.23652],[97.97977,2.2571],[97.94894,2.26989],[97.93895,2.26794],[97.92393,2.27172],[97.91688,2.27156],[97.91357,2.27034],[97.90128,2.26014],[97.90032,2.25592],[97.89708,2.25062],[97.88747,2.24379],[97.88256,2.24165],[97.86513,2.24498],[97.86096,2.24902],[97.84194,2.25709],[97.82904,2.26471],[97.81384,2.2679],[97.80298,2.26789],[97.79995,2.26584],[97.79567,2.25691],[97.79505,2.25004],[97.79627,2.24807],[97.7964,2.24126],[97.79492,2.23909],[97.78583,2.23343],[97.78473,2.23088],[97.7828,2.23071],[97.77541,2.2368],[97.77316,2.24952],[97.77127,2.25462],[97.76595,2.26157],[97.75658,2.27016],[97.74976,2.27973],[97.74056,2.29683],[97.73892,2.30139],[97.73828,2.30747],[97.73654,2.31145],[97.72408,2.32633],[97.72397,2.32849],[97.72204,2.33084],[97.71921,2.33741],[97.73737,2.31981],[97.73766,2.32247],[97.73242,2.32532],[97.72532,2.33182],[97.71483,2.34398],[97.71506,2.34488],[97.71979,2.33966],[97.72659,2.33513],[97.71808,2.34176],[97.71059,2.35211],[97.71217,2.3559],[97.71547,2.35593],[97.71188,2.356],[97.70979,2.35157],[97.71814,2.33486],[97.72396,2.32723],[97.72253,2.32593],[97.71849,2.33114],[97.71411,2.34009],[97.7054,2.35208],[97.69616,2.36282],[97.6749,2.38355],[97.66525,2.3948],[97.68374,2.40132],[97.70798,2.40821],[97.71663,2.41255],[97.73215,2.42266],[97.74961,2.44287],[97.77278,2.47582],[97.79094,2.4998],[97.79174,2.50735],[97.83788,2.50279],[97.83885,2.5006],[97.84203,2.49962],[97.84061,2.50405],[97.84002,2.51399],[97.84229,2.51739],[97.8466,2.51882],[97.85125,2.52785],[97.84994,2.53168],[97.84747,2.5315],[97.84279,2.53886],[97.84353,2.54703],[97.84289,2.55694],[97.85018,2.55906],[97.85369,2.56382],[97.8635,2.56059],[97.87098,2.55602],[97.87352,2.54948],[97.87573,2.54748],[97.88273,2.54813],[97.88579,2.55018],[97.88979,2.55884],[97.89574,2.55771],[97.90408,2.55056],[97.90594,2.55047],[97.90717,2.55496],[97.91115,2.55561],[97.92015,2.56482],[97.91783,2.56555],[97.9158,2.56787],[97.91605,2.5701],[97.91989,2.57294],[97.9306,2.57593],[97.93353,2.57343],[97.93775,2.5739],[97.93993,2.57631],[97.94033,2.57872],[97.94151,2.57934],[97.94536,2.5795],[97.94791,2.5781],[97.9568,2.57987],[97.96667,2.59008],[97.98829,2.60975],[98.00635,2.59775],[98.0105,2.59394],[98.01336,2.58978],[98.0196,2.58536],[98.02275,2.58461],[98.0255,2.57844],[98.02665,2.57188],[98.03153,2.56862],[98.03094,2.56446],[98.03214,2.55985],[98.03478,2.55975],[98.04071,2.56633],[98.04285,2.56663],[98.0441,2.56387],[98.04659,2.56147],[98.05187,2.56157],[98.05964,2.57266],[98.05575,2.58273],[98.05579,2.58529],[98.06525,2.58567],[98.07923,2.5831],[98.07846,2.57517],[98.08313,2.56034],[98.08336,2.55213],[98.08484,2.54677],[98.08348,2.53901],[98.08394,2.53045],[98.08111,2.5226],[98.08125,2.5195],[98.08326,2.51038],[98.0875,2.49911],[98.09453,2.48491],[98.10573,2.46967],[98.13678,2.43093],[98.1474,2.42365],[98.15307,2.40919],[98.1564,2.40005]]],[[[98.1444,2.14269],[98.14912,2.14047],[98.1468,2.13632],[98.14178,2.13676],[98.14093,2.13828],[98.14259,2.14218],[98.1444,2.14269]]],[[[98.1259,2.14983],[98.12702,2.14887],[98.12602,2.14577],[98.12375,2.14653],[98.12375,2.14786],[98.12557,2.1498],[98.1259,2.14983]]],[[[98.03707,2.19119],[98.03887,2.19115],[98.03963,2.1885],[98.03858,2.1861],[98.03601,2.18595],[98.03415,2.18763],[98.03511,2.19026],[98.03626,2.1909],[98.03707,2.19119]]],[[[98.00036,2.2151],[98.00193,2.21566],[98.00356,2.21448],[98.00241,2.21197],[97.99956,2.21168],[97.99933,2.21415],[98.00036,2.2151]]],[[[97.71525,2.34266],[97.71614,2.34155],[97.7151,2.34259],[97.71525,2.34266]]],[[[97.71391,2.34418],[97.71483,2.34333],[97.71395,2.34383],[97.71391,2.34418]]],[[[97.53296,2.35194],[97.53412,2.35277],[97.53495,2.35174],[97.5328,2.35145],[97.53296,2.35194]]],[[[97.46381,2.17592],[97.46187,2.17596],[97.46141,2.18206],[97.4626,2.18321],[97.46425,2.17968],[97.46407,2.17621],[97.46381,2.17592]]],[[[97.43942,2.18288],[97.43792,2.17951],[97.43965,2.17398],[97.43861,2.16568],[97.44,2.16124],[97.44192,2.15903],[97.43608,2.16071],[97.43059,2.16485],[97.43163,2.17099],[97.42929,2.18107],[97.43316,2.18294],[97.44121,2.19098],[97.44329,2.18996],[97.44317,2.18548],[97.43955,2.18297],[97.43942,2.18288]]],[[[97.4366,2.24392],[97.43605,2.24273],[97.43309,2.24292],[97.43413,2.24438],[97.43657,2.24394],[97.4366,2.24392]]],[[[97.42758,2.24585],[97.42845,2.23959],[97.42483,2.23925],[97.4229,2.24467],[97.42404,2.24783],[97.42572,2.24954],[97.43125,2.24719],[97.42799,2.24627],[97.42758,2.24585]]],[[[97.4253,2.28493],[97.42303,2.28561],[97.4249,2.28593],[97.42535,2.2899],[97.4235,2.29409],[97.41999,2.29686],[97.42015,2.30213],[97.42186,2.30115],[97.42605,2.29263],[97.42547,2.28502],[97.4253,2.28493]]],[[[97.40122,2.34881],[97.40782,2.34501],[97.41171,2.33832],[97.41883,2.31754],[97.42076,2.30802],[97.41998,2.30299],[97.41259,2.31242],[97.40706,2.32556],[97.40377,2.33107],[97.39048,2.34473],[97.38683,2.34563],[97.38614,2.34173],[97.3897,2.33444],[97.38792,2.33255],[97.38349,2.33443],[97.38048,2.33881],[97.37955,2.34268],[97.37876,2.36131],[97.38088,2.36269],[97.38911,2.36029],[97.39771,2.35263],[97.40122,2.34881]]],[[[97.41765,2.26318],[97.40827,2.27773],[97.40641,2.28318],[97.4076,2.28621],[97.41207,2.27383],[97.41842,2.26388],[97.41771,2.26314],[97.41765,2.26318]]],[[[97.40835,2.3076],[97.41082,2.30129],[97.41265,2.29913],[97.41291,2.29633],[97.41171,2.29477],[97.40703,2.29477],[97.40788,2.29731],[97.40691,2.3006],[97.40237,2.30969],[97.40318,2.31272],[97.40456,2.31404],[97.40787,2.30955],[97.40835,2.3076]]],[[[97.40361,2.29015],[97.4008,2.29207],[97.40048,2.29579],[97.4012,2.2972],[97.40639,2.29098],[97.4037,2.29012],[97.40361,2.29015]]],[[[97.38673,2.03687],[97.38337,2.04018],[97.38349,2.04236],[97.38522,2.04395],[97.38851,2.04423],[97.39254,2.04178],[97.39392,2.03802],[97.39213,2.03555],[97.38883,2.03626],[97.38673,2.03687]]],[[[97.1751,2.23412],[97.18008,2.23274],[97.17959,2.22386],[97.17796,2.21836],[97.17868,2.21635],[97.18381,2.22176],[97.18567,2.22765],[97.18737,2.22843],[97.19002,2.22501],[97.19083,2.21885],[97.19038,2.21337],[97.19311,2.20658],[97.19522,2.20561],[97.20066,2.21151],[97.20206,2.21182],[97.20514,2.21066],[97.2076,2.20709],[97.20763,2.20453],[97.2105,2.2045],[97.21428,2.20901],[97.21701,2.20683],[97.2179,2.20449],[97.21958,2.20385],[97.22611,2.20868],[97.22983,2.21353],[97.23038,2.21593],[97.22971,2.21883],[97.22586,2.21969],[97.22347,2.22248],[97.22578,2.22627],[97.2308,2.23141],[97.23608,2.23487],[97.2473,2.23346],[97.25321,2.23363],[97.25621,2.23481],[97.26142,2.23215],[97.27085,2.23201],[97.27384,2.23004],[97.27547,2.22433],[97.28802,2.22508],[97.29538,2.23046],[97.29981,2.2299],[97.30211,2.21696],[97.30113,2.21382],[97.30267,2.20999],[97.30438,2.20967],[97.30321,2.20572],[97.29379,2.20481],[97.29256,2.20048],[97.30496,2.18765],[97.30409,2.18237],[97.30925,2.17671],[97.31172,2.17559],[97.31298,2.17792],[97.31759,2.17349],[97.31887,2.17724],[97.32336,2.17713],[97.33067,2.17169],[97.3298,2.16794],[97.32281,2.16252],[97.32327,2.16154],[97.32705,2.1617],[97.3323,2.16372],[97.33326,2.16292],[97.33392,2.15773],[97.33238,2.15447],[97.33268,2.15267],[97.33715,2.15261],[97.33808,2.15576],[97.33675,2.16333],[97.33884,2.16417],[97.34096,2.15801],[97.34153,2.14056],[97.34339,2.13993],[97.34416,2.13737],[97.34311,2.13605],[97.33854,2.13517],[97.33625,2.13108],[97.33648,2.12991],[97.34103,2.13228],[97.34248,2.13162],[97.3442,2.12936],[97.34475,2.12567],[97.34204,2.12363],[97.3399,2.12449],[97.33777,2.12382],[97.33543,2.12093],[97.33607,2.11585],[97.33841,2.11067],[97.34261,2.11256],[97.34807,2.11307],[97.35064,2.10893],[97.34935,2.10756],[97.34673,2.10706],[97.346,2.10617],[97.34665,2.10435],[97.35172,2.10479],[97.35566,2.1029],[97.35876,2.09746],[97.35752,2.09475],[97.351,2.09317],[97.35423,2.09113],[97.35927,2.09162],[97.3582,2.08987],[97.35739,2.08275],[97.35237,2.08167],[97.34984,2.08274],[97.34815,2.08587],[97.34934,2.08739],[97.34777,2.08795],[97.34395,2.08805],[97.34234,2.08662],[97.34175,2.08431],[97.3426,2.08362],[97.34384,2.08469],[97.34403,2.08665],[97.3451,2.08754],[97.34598,2.087],[97.34789,2.07741],[97.34741,2.07485],[97.34534,2.07218],[97.34258,2.07773],[97.34085,2.07708],[97.3408,2.0747],[97.34364,2.07052],[97.34491,2.06612],[97.34823,2.06844],[97.35041,2.06537],[97.34823,2.05981],[97.34399,2.05467],[97.34653,2.04445],[97.34594,2.03948],[97.34158,2.03512],[97.338,2.03362],[97.32951,2.03763],[97.32803,2.04035],[97.33191,2.04433],[97.33857,2.04745],[97.34126,2.05277],[97.34109,2.05588],[97.33165,2.0611],[97.32972,2.05959],[97.3298,2.05478],[97.32588,2.05447],[97.32264,2.05618],[97.31722,2.05636],[97.31226,2.05833],[97.31144,2.06113],[97.31219,2.06323],[97.30659,2.06288],[97.30479,2.068],[97.30526,2.07502],[97.30328,2.07735],[97.29632,2.08168],[97.28757,2.09584],[97.27494,2.10569],[97.2721,2.10643],[97.26832,2.10496],[97.26532,2.10706],[97.2597,2.12178],[97.26051,2.12856],[97.26228,2.12949],[97.26262,2.13173],[97.26145,2.13488],[97.25621,2.13848],[97.25429,2.13877],[97.25244,2.14149],[97.24862,2.14328],[97.24686,2.14279],[97.24309,2.14366],[97.23289,2.14778],[97.23149,2.14972],[97.23152,2.15646],[97.23469,2.16519],[97.23376,2.1679],[97.23124,2.16833],[97.22941,2.16756],[97.22922,2.16352],[97.22454,2.1571],[97.21876,2.15749],[97.21436,2.16991],[97.21552,2.17273],[97.21462,2.17634],[97.21359,2.17867],[97.20886,2.18206],[97.19828,2.18435],[97.19447,2.18391],[97.18328,2.17835],[97.17588,2.17871],[97.17435,2.178],[97.17289,2.17964],[97.16991,2.18779],[97.16061,2.19162],[97.15103,2.19962],[97.14468,2.20215],[97.13613,2.20191],[97.12804,2.19783],[97.12379,2.20039],[97.11792,2.20671],[97.11317,2.21542],[97.11415,2.21894],[97.12089,2.22611],[97.12507,2.22712],[97.14551,2.22197],[97.14966,2.22241],[97.15194,2.22465],[97.15407,2.22505],[97.16135,2.2234],[97.16275,2.22477],[97.16304,2.23048],[97.16513,2.23413],[97.16839,2.23587],[97.17127,2.23407],[97.17416,2.23417],[97.1751,2.23412]]],[[[97.35704,2.06358],[97.35445,2.06332],[97.35448,2.06463],[97.35231,2.06633],[97.35079,2.0697],[97.35001,2.07239],[97.35189,2.07526],[97.35276,2.07586],[97.35728,2.0732],[97.35869,2.06977],[97.35916,2.06588],[97.35835,2.06468],[97.35704,2.06358]]],[[[97.34917,2.13022],[97.34937,2.13366],[97.35038,2.13408],[97.35198,2.13328],[97.3531,2.1312],[97.35263,2.12823],[97.34969,2.12923],[97.34917,2.13022]]],[[[97.34151,2.11402],[97.34109,2.11513],[97.34205,2.11651],[97.34579,2.11703],[97.34695,2.11586],[97.34567,2.11484],[97.34151,2.11402]]],[[[97.33269,2.19651],[97.33151,2.19352],[97.32943,2.19315],[97.32488,2.19609],[97.31836,2.19865],[97.31697,2.20233],[97.31606,2.20735],[97.31708,2.20858],[97.3221,2.20645],[97.32269,2.20436],[97.32526,2.20367],[97.32713,2.20442],[97.32943,2.20292],[97.33226,2.19833],[97.33269,2.19651]]],[[[97.32585,2.26803],[97.32617,2.26903],[97.32733,2.26907],[97.33007,2.26304],[97.32907,2.26132],[97.32594,2.26778],[97.32585,2.26803]]],[[[97.32578,2.18699],[97.32204,2.19086],[97.32741,2.18913],[97.32894,2.18495],[97.32622,2.18552],[97.32578,2.18699]]],[[[97.3224,2.18308],[97.32338,2.18325],[97.32366,2.18205],[97.32226,2.1829],[97.3224,2.18308]]],[[[97.32114,2.18396],[97.32244,2.18382],[97.3211,2.18375],[97.32114,2.18396]]],[[[97.31716,2.18573],[97.31834,2.18718],[97.32083,2.18745],[97.32068,2.18613],[97.31895,2.18502],[97.31729,2.18524],[97.31716,2.18573]]],[[[97.31531,2.23894],[97.31006,2.24025],[97.30959,2.24231],[97.31166,2.24295],[97.31486,2.24069],[97.31558,2.23893],[97.31531,2.23894]]],[[[97.30832,2.29619],[97.30656,2.3001],[97.30859,2.30884],[97.3114,2.31014],[97.31512,2.3082],[97.31568,2.30587],[97.31447,2.29952],[97.31559,2.2939],[97.31422,2.29153],[97.31018,2.29407],[97.30832,2.29619]]],[[[97.30052,2.25319],[97.29718,2.25711],[97.29842,2.2576],[97.30066,2.25385],[97.30052,2.25319]]],[[[97.2915,2.26091],[97.28913,2.26364],[97.29005,2.26473],[97.29207,2.26319],[97.29334,2.25894],[97.29204,2.25954],[97.2915,2.26091]]],[[[97.28294,2.27427],[97.27811,2.27282],[97.2763,2.27326],[97.2628,2.28155],[97.2591,2.28253],[97.25991,2.28504],[97.26279,2.28565],[97.26971,2.28417],[97.28079,2.2782],[97.28297,2.2746],[97.28294,2.27427]]],[[[97.27408,2.24458],[97.27707,2.24363],[97.27562,2.24274],[97.27408,2.24417],[97.27408,2.24458]]],[[[97.25769,2.28013],[97.25803,2.28129],[97.25912,2.28168],[97.2593,2.28097],[97.25734,2.27879],[97.25549,2.27804],[97.25108,2.28283],[97.24703,2.29003],[97.24707,2.29361],[97.24952,2.29319],[97.25818,2.28524],[97.25854,2.28341],[97.25537,2.28096],[97.25574,2.27924],[97.25745,2.27979],[97.25769,2.28013]]],[[[97.25742,2.25045],[97.25784,2.25126],[97.25788,2.25128],[97.25803,2.25131],[97.25814,2.2512],[97.25816,2.25106],[97.25789,2.25032],[97.25769,2.25007],[97.25748,2.25005],[97.25734,2.25023],[97.25742,2.25045]]],[[[97.24977,2.25449],[97.24819,2.25025],[97.24505,2.25162],[97.24345,2.25379],[97.24592,2.26085],[97.24552,2.26484],[97.24855,2.26035],[97.24989,2.25535],[97.24977,2.25449]]],[[[97.24851,2.30333],[97.2468,2.30046],[97.24489,2.29997],[97.24218,2.30061],[97.24213,2.30294],[97.2435,2.30579],[97.2472,2.30593],[97.24857,2.3039],[97.24851,2.30333]]],[[[97.22942,2.27777],[97.23071,2.27962],[97.2329,2.27874],[97.23118,2.27667],[97.22951,2.27755],[97.22942,2.27777]]],[[[97.2194,2.3195],[97.2208,2.32143],[97.22653,2.32516],[97.22845,2.32124],[97.22829,2.31908],[97.22372,2.31731],[97.21982,2.31909],[97.2194,2.3195]]],[[[97.22418,2.22465],[97.22255,2.22317],[97.21983,2.22413],[97.21693,2.22937],[97.21659,2.23228],[97.21308,2.23272],[97.21213,2.23472],[97.21298,2.24044],[97.21659,2.24308],[97.22058,2.24115],[97.22382,2.23714],[97.22617,2.22869],[97.22418,2.22465]]],[[[97.21155,2.21079],[97.21268,2.20964],[97.2113,2.20947],[97.2113,2.21054],[97.21155,2.21079]]],[[[97.20941,2.24289],[97.20814,2.24314],[97.209,2.24462],[97.21212,2.24453],[97.21064,2.24289],[97.20941,2.24289]]],[[[97.2112,2.21338],[97.20855,2.21253],[97.20604,2.21693],[97.20732,2.21714],[97.21081,2.21529],[97.21145,2.21376],[97.2112,2.21338]]],[[[97.2081,2.25188],[97.2081,2.25439],[97.20423,2.25894],[97.20247,2.2644],[97.20398,2.26532],[97.2058,2.26433],[97.21051,2.2558],[97.21062,2.24889],[97.20855,2.24844],[97.20797,2.25079],[97.2081,2.25188]]],[[[97.18457,2.25614],[97.18613,2.25579],[97.18609,2.2547],[97.18481,2.25592],[97.18457,2.25614]]],[[[97.12936,2.10785],[97.13164,2.10508],[97.1499,2.09177],[97.15359,2.08623],[97.15423,2.08196],[97.15741,2.07678],[97.16061,2.07435],[97.16271,2.07116],[97.16091,2.06856],[97.1564,2.06652],[97.15366,2.06373],[97.15292,2.05987],[97.15362,2.05506],[97.15209,2.05378],[97.14517,2.05096],[97.14069,2.04725],[97.13645,2.04519],[97.12842,2.04713],[97.12539,2.04567],[97.12053,2.04035],[97.11878,2.0373],[97.11848,2.03467],[97.12068,2.02819],[97.12731,2.01522],[97.12823,2.01084],[97.12641,2.00762],[97.12364,2.00592],[97.11379,2.00476],[97.11256,2.00775],[97.11304,2.00946],[97.11129,2.01736],[97.10855,2.01916],[97.1045,2.025],[97.09823,2.0315],[97.0965,2.04231],[97.0937,2.04455],[97.09231,2.04711],[97.09013,2.05559],[97.08783,2.05877],[97.08381,2.06115],[97.08142,2.06508],[97.07757,2.07592],[97.07726,2.07935],[97.07819,2.08013],[97.07869,2.08623],[97.08164,2.08908],[97.08746,2.08928],[97.09412,2.0876],[97.09751,2.08915],[97.09874,2.09292],[97.09398,2.10179],[97.09347,2.10511],[97.09514,2.10911],[97.09897,2.11327],[97.10011,2.1121],[97.10426,2.11097],[97.10957,2.113],[97.11521,2.11363],[97.12817,2.10838],[97.12936,2.10785]]]]}},{"type":"Feature","properties":{"id_kab":"1109","KDPKAB":"1109","kodekab_kemendagri":"1101","nmkab":"Simeulue","provinsi":"Aceh","status_crs":"Sedang","indeks_crs":0.2037,"norm_crs":0.1221,"indeks_hazard":0.5891,"status_hazard":"Sangat Tinggi","indeks_exposure":0.0,"status_exposure":"Rendah","indeks_kerentanan":0.3457,"status_vulnerability":"Sedang","skor_banjir":24.69,"skor_longsor":26.9217},"geometry":{"type":"MultiPolygon","coordinates":[[[[96.67993,2.10407],[96.68297,2.09602],[96.68716,2.09049],[96.68686,2.08575],[96.68495,2.08258],[96.67559,2.07279],[96.67285,2.07138],[96.66933,2.07209],[96.6659,2.06782],[96.66314,2.06625],[96.65966,2.06695],[96.64842,2.05634],[96.64405,2.05599],[96.6382,2.05953],[96.63571,2.05835],[96.62276,2.06625],[96.61529,2.07464],[96.61194,2.08257],[96.61232,2.08846],[96.61434,2.09011],[96.61508,2.09287],[96.6107,2.09674],[96.61053,2.10374],[96.61145,2.10779],[96.61458,2.11275],[96.62429,2.11972],[96.62777,2.121],[96.63125,2.121],[96.64167,2.11913],[96.64515,2.12207],[96.64845,2.12298],[96.66144,2.12148],[96.66509,2.12018],[96.67806,2.11021],[96.67993,2.10407]]],[[[96.66156,2.16402],[96.65789,2.15576],[96.65161,2.14934],[96.64325,2.14864],[96.63611,2.14939],[96.63322,2.15085],[96.62456,2.15842],[96.61674,2.1686],[96.60957,2.17476],[96.60785,2.17978],[96.60835,2.18197],[96.61225,2.18473],[96.62508,2.18786],[96.63185,2.18712],[96.63463,2.18639],[96.63902,2.1818],[96.64235,2.17711],[96.64344,2.17323],[96.64601,2.17043],[96.65146,2.16825],[96.65741,2.16911],[96.66196,2.16658],[96.66156,2.16402]]],[[[96.50271,2.43378],[96.51376,2.42897],[96.51704,2.42591],[96.51542,2.42127],[96.50971,2.41508],[96.48739,2.41985],[96.48797,2.42368],[96.48639,2.42555],[96.48141,2.42394],[96.47952,2.42482],[96.48187,2.42752],[96.48683,2.428],[96.48964,2.42954],[96.49115,2.43226],[96.48924,2.43246],[96.48824,2.43374],[96.48927,2.43771],[96.49222,2.43736],[96.49688,2.43397],[96.50054,2.43349],[96.50271,2.43378]]],[[[96.50198,2.4118],[96.50033,2.41207],[96.49914,2.41325],[96.4996,2.41414],[96.50208,2.41385],[96.50282,2.41313],[96.50214,2.41181],[96.50198,2.4118]]],[[[95.95694,2.57553],[95.95671,2.5714],[95.95423,2.57001],[95.94164,2.57331],[95.93394,2.57781],[95.9315,2.57989],[95.93086,2.58695],[95.92859,2.58665],[95.92759,2.5848],[95.92336,2.58558],[95.91866,2.58931],[95.9177,2.59884],[95.91228,2.60012],[95.91001,2.59868],[95.90204,2.60109],[95.89761,2.59844],[95.89489,2.59818],[95.88648,2.60273],[95.88424,2.61054],[95.88998,2.61597],[95.88881,2.61959],[95.88616,2.62237],[95.87293,2.62809],[95.86574,2.63433],[95.86088,2.63659],[95.85078,2.6385],[95.84507,2.63724],[95.842,2.63485],[95.84052,2.62409],[95.83939,2.6226],[95.83817,2.62275],[95.82969,2.62972],[95.82827,2.63454],[95.8288,2.63862],[95.82661,2.64424],[95.82111,2.64639],[95.81881,2.64631],[95.81084,2.64321],[95.80975,2.64196],[95.81094,2.63965],[95.80923,2.63811],[95.80544,2.64042],[95.80399,2.6401],[95.80321,2.6366],[95.80477,2.63359],[95.80352,2.62943],[95.80152,2.62885],[95.79572,2.63041],[95.7882,2.63992],[95.78801,2.64877],[95.78875,2.64995],[95.79283,2.65132],[95.79383,2.65538],[95.7928,2.66658],[95.78762,2.67645],[95.77447,2.68817],[95.7657,2.68951],[95.76241,2.69148],[95.75847,2.69468],[95.75457,2.69987],[95.75634,2.70339],[95.76315,2.70725],[95.76627,2.7106],[95.76418,2.71007],[95.76233,2.71522],[95.75211,2.71785],[95.74922,2.72213],[95.75074,2.72795],[95.74948,2.7307],[95.74502,2.73348],[95.73273,2.73806],[95.72443,2.73874],[95.72174,2.74139],[95.72219,2.7453],[95.72418,2.74727],[95.72853,2.74821],[95.73408,2.75247],[95.73351,2.7568],[95.73115,2.7587],[95.72612,2.76016],[95.72086,2.75937],[95.71486,2.75097],[95.71051,2.74816],[95.70365,2.74726],[95.70124,2.74911],[95.69793,2.75609],[95.69991,2.76015],[95.6999,2.76332],[95.69214,2.77262],[95.69347,2.77751],[95.69517,2.77994],[95.69813,2.78169],[95.70634,2.78988],[95.70754,2.79992],[95.71026,2.80487],[95.71571,2.8087],[95.71715,2.8109],[95.71848,2.81509],[95.71706,2.82394],[95.71854,2.82539],[95.73298,2.83177],[95.74307,2.82953],[95.75348,2.82907],[95.75586,2.8278],[95.75802,2.82401],[95.76055,2.82308],[95.7629,2.82314],[95.76632,2.82627],[95.77396,2.82639],[95.77849,2.81959],[95.78014,2.82104],[95.77778,2.82188],[95.77763,2.82546],[95.78053,2.83074],[95.78169,2.832],[95.78559,2.82908],[95.78934,2.83067],[95.79242,2.83827],[95.79644,2.84225],[95.79509,2.8442],[95.79384,2.84424],[95.79142,2.84152],[95.7862,2.84138],[95.7825,2.83875],[95.78089,2.83615],[95.77783,2.83604],[95.77369,2.84069],[95.77484,2.84169],[95.77754,2.84],[95.77931,2.84102],[95.7797,2.84277],[95.7783,2.84463],[95.76472,2.84675],[95.76344,2.84956],[95.76244,2.85753],[95.76242,2.86075],[95.76372,2.86309],[95.76466,2.86346],[95.76472,2.86197],[95.7658,2.86177],[95.76755,2.86243],[95.76318,2.86755],[95.76386,2.87034],[95.76543,2.87068],[95.76548,2.87378],[95.76274,2.87932],[95.76611,2.88457],[95.76907,2.88634],[95.76844,2.89515],[95.77056,2.90685],[95.77276,2.90798],[95.77478,2.90466],[95.77944,2.9069],[95.78192,2.91452],[95.78292,2.92264],[95.78402,2.92558],[95.78638,2.92763],[95.78994,2.93002],[95.7924,2.92928],[95.79668,2.92972],[95.80142,2.93157],[95.80514,2.92983],[95.80562,2.92229],[95.80165,2.92073],[95.80134,2.91751],[95.80247,2.91583],[95.80044,2.91288],[95.80201,2.90708],[95.80294,2.90722],[95.80667,2.91423],[95.81668,2.91421],[95.81412,2.9124],[95.81586,2.9136],[95.81922,2.91287],[95.81994,2.9111],[95.81901,2.90816],[95.82378,2.90808],[95.82452,2.90678],[95.82289,2.89973],[95.82345,2.89839],[95.82538,2.89905],[95.82564,2.90316],[95.82854,2.90301],[95.83711,2.89164],[95.83647,2.88839],[95.83394,2.88737],[95.83985,2.88403],[95.84069,2.88428],[95.83986,2.88859],[95.83532,2.89711],[95.83614,2.90003],[95.83417,2.90311],[95.83498,2.91517],[95.83575,2.915],[95.83582,2.91252],[95.83828,2.91133],[95.85374,2.91313],[95.86249,2.90878],[95.87013,2.91281],[95.87251,2.9132],[95.8756,2.91092],[95.87821,2.90562],[95.8816,2.9033],[95.8898,2.90192],[95.89513,2.89873],[95.90179,2.89649],[95.90468,2.89407],[95.9087,2.88375],[95.91811,2.868],[95.9177,2.86709],[95.91576,2.86735],[95.91485,2.86625],[95.91312,2.85726],[95.91132,2.8539],[95.91306,2.84908],[95.91232,2.84736],[95.91116,2.8471],[95.9088,2.84813],[95.9061,2.85489],[95.90277,2.85707],[95.89577,2.85866],[95.89158,2.86488],[95.88325,2.8724],[95.88208,2.87257],[95.87793,2.86954],[95.8788,2.87072],[95.87691,2.87228],[95.87411,2.87097],[95.87332,2.8694],[95.87376,2.8665],[95.88271,2.8618],[95.88314,2.85917],[95.87218,2.86449],[95.87014,2.85852],[95.86715,2.85934],[95.86583,2.85826],[95.87026,2.85379],[95.86845,2.84985],[95.86581,2.85006],[95.86521,2.84915],[95.87006,2.84652],[95.87281,2.84662],[95.8738,2.85249],[95.87548,2.85191],[95.87673,2.84976],[95.87522,2.84895],[95.87471,2.84652],[95.88538,2.84417],[95.88512,2.8368],[95.886,2.83611],[95.88592,2.83322],[95.88324,2.82972],[95.88172,2.83142],[95.87976,2.83059],[95.87898,2.82709],[95.88065,2.82589],[95.88167,2.82552],[95.88636,2.82825],[95.89011,2.82782],[95.89506,2.82873],[95.89864,2.82725],[95.89936,2.82339],[95.90083,2.82286],[95.90343,2.82374],[95.90458,2.82523],[95.90479,2.82866],[95.90243,2.82975],[95.90301,2.83058],[95.90481,2.83043],[95.90983,2.82814],[95.91239,2.83484],[95.91083,2.8378],[95.91341,2.84346],[95.9163,2.84493],[95.92069,2.84025],[95.9276,2.82984],[95.93033,2.82808],[95.9323,2.82374],[95.93494,2.82291],[95.939,2.82449],[95.95215,2.81642],[95.95551,2.81927],[95.95669,2.81926],[95.95869,2.81366],[95.96082,2.8118],[95.96487,2.81125],[95.9745,2.81284],[95.9776,2.80761],[95.97739,2.79732],[95.98194,2.78978],[95.99117,2.78526],[95.99844,2.78604],[96.00248,2.78402],[96.00522,2.78082],[96.00853,2.77359],[96.00683,2.77024],[96.00813,2.7677],[96.02578,2.75734],[96.03019,2.75711],[96.03883,2.76035],[96.06058,2.76057],[96.0649,2.75998],[96.07979,2.75513],[96.0834,2.75656],[96.0884,2.75704],[96.09964,2.75464],[96.10294,2.75288],[96.10296,2.75077],[96.09331,2.75443],[96.08552,2.75256],[96.08319,2.74755],[96.08028,2.74454],[96.07819,2.73921],[96.0822,2.73138],[96.08388,2.73093],[96.0855,2.73228],[96.08793,2.73177],[96.09071,2.73862],[96.08988,2.74216],[96.08803,2.74325],[96.09032,2.75006],[96.09228,2.74997],[96.09847,2.74663],[96.10389,2.74261],[96.11944,2.7361],[96.12008,2.73442],[96.12278,2.73409],[96.12295,2.72871],[96.13042,2.73144],[96.1319,2.73108],[96.13229,2.72827],[96.12713,2.72763],[96.13001,2.72697],[96.1325,2.72126],[96.13208,2.71986],[96.13028,2.72286],[96.12805,2.72422],[96.12272,2.72523],[96.11236,2.7301],[96.11096,2.72518],[96.11422,2.71408],[96.11562,2.7123],[96.12223,2.70866],[96.12872,2.70101],[96.13476,2.7037],[96.13833,2.70698],[96.13971,2.71095],[96.1458,2.7121],[96.14708,2.70322],[96.14575,2.70225],[96.14294,2.70251],[96.14265,2.70131],[96.14495,2.69915],[96.14709,2.69985],[96.14737,2.69873],[96.14561,2.69501],[96.14291,2.69583],[96.14191,2.69529],[96.14394,2.69147],[96.14816,2.69395],[96.15165,2.68894],[96.15022,2.68794],[96.14075,2.68886],[96.13724,2.68713],[96.13463,2.68338],[96.12951,2.68248],[96.11934,2.68648],[96.11524,2.68592],[96.11247,2.68694],[96.11977,2.69021],[96.12096,2.6925],[96.11907,2.69386],[96.11102,2.69061],[96.10863,2.68892],[96.10025,2.67816],[96.09219,2.67491],[96.09364,2.67259],[96.10184,2.67216],[96.10406,2.66152],[96.10396,2.6598],[96.10156,2.65933],[96.10259,2.65581],[96.10574,2.65334],[96.10553,2.65167],[96.10058,2.65179],[96.09821,2.65422],[96.09744,2.65234],[96.09931,2.64896],[96.10305,2.64886],[96.10328,2.64492],[96.10585,2.64309],[96.1067,2.64025],[96.10565,2.63666],[96.1082,2.63599],[96.10941,2.63814],[96.11479,2.641],[96.11457,2.63977],[96.1109,2.63674],[96.11119,2.63446],[96.11681,2.63699],[96.12105,2.63466],[96.12411,2.63523],[96.12591,2.64098],[96.12544,2.64479],[96.12636,2.6472],[96.12957,2.6479],[96.13129,2.64311],[96.13262,2.64338],[96.13405,2.64624],[96.13278,2.65189],[96.13693,2.65451],[96.13765,2.65369],[96.13653,2.64912],[96.1385,2.64684],[96.14165,2.64848],[96.14212,2.65191],[96.14291,2.64873],[96.14471,2.64735],[96.1461,2.64961],[96.14821,2.64689],[96.14439,2.63933],[96.14295,2.63821],[96.14384,2.63632],[96.14622,2.63713],[96.15345,2.648],[96.15432,2.64763],[96.15391,2.6429],[96.16227,2.63864],[96.16265,2.63719],[96.16017,2.63723],[96.16055,2.63409],[96.16162,2.63333],[96.1637,2.63369],[96.16553,2.63662],[96.1711,2.63576],[96.17235,2.63111],[96.17496,2.63027],[96.1798,2.61555],[96.18379,2.61707],[96.18682,2.62027],[96.19183,2.61725],[96.19291,2.62024],[96.19164,2.62284],[96.18873,2.62568],[96.18273,2.63545],[96.18316,2.64896],[96.18118,2.65601],[96.17765,2.65913],[96.17383,2.65994],[96.17072,2.6643],[96.17407,2.66108],[96.17454,2.66228],[96.16699,2.66964],[96.16272,2.66854],[96.16119,2.66725],[96.16192,2.6661],[96.15759,2.66282],[96.15436,2.66497],[96.15199,2.66808],[96.15304,2.66901],[96.15484,2.66828],[96.16391,2.67028],[96.16268,2.67369],[96.15882,2.67684],[96.16307,2.67932],[96.16538,2.67637],[96.16588,2.67102],[96.17138,2.66814],[96.17264,2.66912],[96.17266,2.67119],[96.16884,2.67455],[96.17234,2.67455],[96.17489,2.67365],[96.1755,2.66708],[96.1774,2.66799],[96.18097,2.66744],[96.18817,2.65553],[96.18761,2.65365],[96.18656,2.6556],[96.18502,2.6558],[96.18493,2.65308],[96.1901,2.65026],[96.19817,2.64821],[96.20409,2.64268],[96.20579,2.6372],[96.2085,2.63562],[96.21279,2.63597],[96.21871,2.63391],[96.21979,2.63021],[96.21766,2.63027],[96.2175,2.63221],[96.21692,2.63143],[96.21972,2.62769],[96.22611,2.62691],[96.22602,2.62494],[96.22177,2.62411],[96.2212,2.62242],[96.22293,2.62021],[96.23164,2.62175],[96.23978,2.61939],[96.24112,2.61542],[96.24064,2.60679],[96.24555,2.60044],[96.25165,2.58765],[96.25941,2.58302],[96.27016,2.5737],[96.27313,2.57304],[96.2804,2.57384],[96.29408,2.56315],[96.30566,2.55937],[96.31072,2.56021],[96.31297,2.56175],[96.31893,2.56066],[96.32481,2.55702],[96.32738,2.55301],[96.33299,2.55022],[96.33758,2.55065],[96.3435,2.55446],[96.34434,2.55413],[96.34449,2.55285],[96.34037,2.55066],[96.34275,2.54713],[96.34558,2.54629],[96.34973,2.54742],[96.35244,2.54529],[96.34781,2.54371],[96.34425,2.53968],[96.34299,2.53222],[96.33957,2.53026],[96.34013,2.52855],[96.34477,2.52679],[96.34538,2.52528],[96.34461,2.52365],[96.3427,2.5224],[96.34054,2.52477],[96.33944,2.52417],[96.34114,2.52157],[96.34599,2.51926],[96.34981,2.52283],[96.3544,2.52338],[96.35549,2.52244],[96.35108,2.51978],[96.35651,2.51583],[96.36044,2.5147],[96.36273,2.516],[96.36238,2.51791],[96.36128,2.51786],[96.36153,2.51666],[96.36037,2.5171],[96.35788,2.51976],[96.36196,2.5206],[96.36774,2.51357],[96.36768,2.51272],[96.36556,2.51239],[96.36389,2.51001],[96.3654,2.4984],[96.36629,2.497],[96.37325,2.49542],[96.37123,2.48933],[96.37693,2.48338],[96.37986,2.48347],[96.38279,2.4814],[96.38433,2.47538],[96.38286,2.47412],[96.38236,2.47133],[96.38665,2.47063],[96.39035,2.47284],[96.39048,2.47171],[96.38741,2.4676],[96.38411,2.46692],[96.38561,2.46259],[96.38424,2.45898],[96.38496,2.45601],[96.38691,2.4554],[96.38801,2.45677],[96.38732,2.4593],[96.38889,2.46186],[96.39106,2.46196],[96.39422,2.46055],[96.40194,2.46525],[96.40257,2.46427],[96.39828,2.46056],[96.39674,2.45729],[96.40099,2.45499],[96.40598,2.45828],[96.4072,2.46062],[96.40831,2.46838],[96.40781,2.47021],[96.40272,2.47419],[96.40049,2.47421],[96.39967,2.47552],[96.40193,2.47914],[96.40217,2.48327],[96.40008,2.48481],[96.39927,2.48737],[96.40126,2.48883],[96.40407,2.49489],[96.40727,2.5051],[96.40687,2.50623],[96.40515,2.50674],[96.4039,2.50424],[96.40184,2.5068],[96.40213,2.51109],[96.40422,2.51261],[96.40904,2.51117],[96.41125,2.50469],[96.41147,2.49492],[96.41291,2.49578],[96.41643,2.4876],[96.4222,2.4827],[96.42507,2.4781],[96.42857,2.47804],[96.43002,2.47947],[96.42952,2.48239],[96.42596,2.48637],[96.42574,2.48798],[96.42691,2.49168],[96.42766,2.49177],[96.43494,2.48866],[96.44626,2.47779],[96.45087,2.47608],[96.45376,2.47613],[96.45723,2.47112],[96.45566,2.46931],[96.45548,2.46737],[96.46036,2.46363],[96.46548,2.4621],[96.46733,2.46038],[96.47128,2.44922],[96.47073,2.44611],[96.46627,2.43777],[96.47132,2.43624],[96.47211,2.43549],[96.47189,2.43325],[96.47044,2.43146],[96.46821,2.4317],[96.46615,2.42827],[96.46666,2.42701],[96.46864,2.4265],[96.4733,2.43008],[96.47567,2.43027],[96.4787,2.4263],[96.47896,2.42458],[96.47695,2.42233],[96.48303,2.41768],[96.48692,2.41045],[96.48286,2.40387],[96.47751,2.40126],[96.47691,2.39852],[96.47849,2.39629],[96.49028,2.38906],[96.49165,2.38704],[96.49126,2.37889],[96.49328,2.37568],[96.49675,2.37398],[96.49904,2.36759],[96.49906,2.36301],[96.48784,2.35494],[96.48414,2.34998],[96.4819,2.34504],[96.46998,2.34002],[96.46534,2.34178],[96.45957,2.33928],[96.45366,2.33308],[96.4489,2.33125],[96.44646,2.33152],[96.44116,2.32802],[96.43634,2.32777],[96.42533,2.33012],[96.41587,2.32987],[96.40706,2.33208],[96.40274,2.33565],[96.39506,2.33969],[96.39162,2.34276],[96.39066,2.34569],[96.38734,2.34898],[96.37715,2.34859],[96.37406,2.34748],[96.37304,2.34638],[96.37275,2.34006],[96.36735,2.33681],[96.36432,2.33722],[96.35979,2.3411],[96.35541,2.33989],[96.34465,2.34124],[96.3404,2.34629],[96.3356,2.34901],[96.32639,2.3496],[96.3216,2.35164],[96.31809,2.35421],[96.31405,2.35949],[96.31514,2.36196],[96.32364,2.36413],[96.33396,2.37191],[96.33529,2.37891],[96.33408,2.38041],[96.3339,2.38269],[96.33602,2.38862],[96.33554,2.39017],[96.33329,2.39126],[96.31966,2.38326],[96.31342,2.38554],[96.31367,2.40074],[96.31569,2.4037],[96.31941,2.40508],[96.31662,2.41411],[96.31281,2.4197],[96.30937,2.42224],[96.29725,2.42586],[96.28636,2.42757],[96.28125,2.42935],[96.27252,2.42913],[96.25796,2.43282],[96.25062,2.43509],[96.24084,2.44116],[96.22821,2.44181],[96.22562,2.44526],[96.22561,2.45068],[96.21735,2.46428],[96.21019,2.46859],[96.20376,2.46973],[96.20086,2.47122],[96.19532,2.48127],[96.18883,2.48839],[96.1866,2.48847],[96.184,2.4871],[96.18304,2.485],[96.18136,2.48461],[96.17817,2.48637],[96.17736,2.48943],[96.17306,2.49138],[96.1708,2.48975],[96.16992,2.49036],[96.1651,2.49806],[96.16372,2.50855],[96.16055,2.51192],[96.15156,2.51779],[96.14995,2.51835],[96.14687,2.51765],[96.14467,2.51372],[96.14181,2.51309],[96.13883,2.5139],[96.1284,2.52019],[96.12638,2.52294],[96.12672,2.52653],[96.12468,2.53123],[96.11936,2.53817],[96.12011,2.54074],[96.11677,2.54044],[96.09502,2.55168],[96.08667,2.55417],[96.0833,2.55829],[96.08595,2.56243],[96.08109,2.56601],[96.0735,2.56979],[96.06679,2.57025],[96.06258,2.56927],[96.06143,2.56843],[96.06184,2.56697],[96.0608,2.56436],[96.05748,2.56369],[96.05519,2.56542],[96.04942,2.5764],[96.03589,2.58128],[96.01975,2.58479],[96.01542,2.58957],[96.01241,2.59056],[96.00891,2.59044],[96.005,2.58846],[95.99632,2.56584],[95.9937,2.56643],[95.99229,2.57068],[95.99361,2.57995],[95.99243,2.582],[95.99037,2.58395],[95.98679,2.5841],[95.97987,2.58779],[95.97383,2.5873],[95.96495,2.58385],[95.96302,2.58145],[95.9658,2.57795],[95.96533,2.57665],[95.96249,2.57616],[95.96012,2.57709],[95.95725,2.57576],[95.95694,2.57553]]],[[[96.4851,2.43547],[96.48405,2.43409],[96.48137,2.43308],[96.47613,2.43584],[96.47601,2.43875],[96.47741,2.44019],[96.48299,2.43852],[96.48519,2.43576],[96.4851,2.43547]]],[[[96.36598,2.6624],[96.36603,2.65921],[96.36968,2.6565],[96.37493,2.65501],[96.38718,2.65461],[96.39529,2.6483],[96.39709,2.64531],[96.38845,2.64623],[96.38231,2.64418],[96.37473,2.64677],[96.36549,2.65257],[96.35401,2.65444],[96.35247,2.65589],[96.35259,2.65763],[96.36286,2.66314],[96.36515,2.66351],[96.36615,2.66256],[96.36598,2.6624]]],[[[96.38604,2.51818],[96.38743,2.51818],[96.39182,2.51391],[96.39048,2.51039],[96.38968,2.51047],[96.38841,2.51361],[96.3849,2.51661],[96.38402,2.51534],[96.38571,2.51373],[96.38171,2.51317],[96.37471,2.51481],[96.37307,2.51379],[96.36927,2.51548],[96.36303,2.52021],[96.3642,2.5247],[96.36693,2.52611],[96.37238,2.52214],[96.37651,2.52193],[96.37667,2.52545],[96.37801,2.52736],[96.37999,2.52698],[96.38177,2.52292],[96.37773,2.51956],[96.37943,2.51545],[96.38309,2.51572],[96.38393,2.51695],[96.38604,2.51818]]],[[[96.35703,2.53917],[96.35966,2.53965],[96.35674,2.53735],[96.35593,2.53932],[96.35703,2.53917]]],[[[96.35214,2.54064],[96.35298,2.53944],[96.34819,2.53864],[96.34686,2.5416],[96.34878,2.54014],[96.35197,2.54049],[96.35214,2.54064]]],[[[96.34602,2.53369],[96.34975,2.53384],[96.3493,2.53],[96.34492,2.53178],[96.34482,2.53277],[96.34602,2.53369]]],[[[96.3494,2.5424],[96.34918,2.54164],[96.34894,2.54247],[96.3494,2.5424]]],[[[96.34861,2.52546],[96.34585,2.52706],[96.34651,2.52836],[96.34748,2.52822],[96.34975,2.52609],[96.34945,2.52525],[96.34861,2.52546]]],[[[96.34594,2.54098],[96.34707,2.54008],[96.34663,2.53896],[96.345,2.53927],[96.34538,2.54076],[96.34594,2.54098]]],[[[96.34465,2.53487],[96.34582,2.53534],[96.34549,2.53365],[96.34447,2.53458],[96.34465,2.53487]]],[[[96.3266,2.63827],[96.32637,2.63766],[96.32628,2.63789],[96.32608,2.639],[96.32621,2.63975],[96.3266,2.63929],[96.3266,2.63827]]],[[[96.3059,2.62989],[96.30541,2.62928],[96.30455,2.63027],[96.3059,2.62989]]],[[[96.2564,2.35303],[96.255,2.34934],[96.249,2.34549],[96.23535,2.34452],[96.22539,2.3503],[96.22071,2.35665],[96.21759,2.35891],[96.22236,2.36059],[96.22557,2.36089],[96.23065,2.35949],[96.24136,2.36157],[96.25011,2.36646],[96.25554,2.37409],[96.25831,2.37273],[96.25675,2.36959],[96.25801,2.36629],[96.26176,2.3623],[96.25709,2.35821],[96.25632,2.35446],[96.2564,2.35303]]],[[[96.22936,2.41478],[96.23117,2.41609],[96.23208,2.41455],[96.23089,2.413],[96.22933,2.41414],[96.22936,2.41478]]],[[[96.21204,2.65111],[96.20972,2.65412],[96.21282,2.65564],[96.21973,2.6532],[96.219,2.65043],[96.21537,2.64955],[96.21234,2.65083],[96.21204,2.65111]]],[[[96.20625,2.35552],[96.19715,2.34828],[96.19425,2.34796],[96.19132,2.35139],[96.19189,2.35573],[96.19441,2.35897],[96.2046,2.35864],[96.20616,2.35638],[96.20625,2.35552]]],[[[96.14337,2.67685],[96.14425,2.6782],[96.1456,2.67773],[96.14761,2.67381],[96.14575,2.67247],[96.14333,2.67607],[96.14337,2.67685]]],[[[96.13908,2.72113],[96.1388,2.71991],[96.13709,2.71966],[96.13457,2.7258],[96.13302,2.72655],[96.13613,2.72567],[96.13893,2.72196],[96.13908,2.72113]]],[[[96.12743,2.74006],[96.12941,2.73791],[96.12824,2.73528],[96.12302,2.73985],[96.12007,2.74022],[96.11432,2.74422],[96.10926,2.74491],[96.10666,2.74275],[96.10404,2.74489],[96.10643,2.74592],[96.10866,2.75154],[96.11136,2.7521],[96.1136,2.75079],[96.11394,2.74796],[96.11585,2.74623],[96.12599,2.74091],[96.12743,2.74006]]],[[[96.10087,2.74733],[96.0992,2.74967],[96.10164,2.74818],[96.10339,2.75001],[96.10483,2.74963],[96.10568,2.74612],[96.10479,2.74553],[96.10087,2.74733]]],[[[96.00984,2.78378],[96.01342,2.78487],[96.01466,2.78244],[96.01103,2.7808],[96.00957,2.7832],[96.00984,2.78378]]],[[[95.96537,2.82824],[95.96667,2.82569],[95.96513,2.8239],[95.96201,2.82736],[95.96466,2.82846],[95.96537,2.82824]]],[[[95.96333,2.84736],[95.9645,2.84513],[95.96404,2.84307],[95.96126,2.84237],[95.96088,2.84684],[95.96241,2.84754],[95.96333,2.84736]]],[[[95.94628,2.54125],[95.94796,2.54077],[95.95566,2.53256],[95.96391,2.5277],[95.96376,2.52631],[95.95962,2.52245],[95.92472,2.52701],[95.91963,2.52921],[95.91834,2.53074],[95.9201,2.53929],[95.92153,2.54152],[95.92758,2.54288],[95.93235,2.54739],[95.93414,2.5479],[95.93851,2.54673],[95.94007,2.54286],[95.94267,2.54022],[95.94492,2.54077],[95.94628,2.54125]]],[[[95.93977,2.85522],[95.9418,2.85518],[95.94223,2.85266],[95.94149,2.85117],[95.9394,2.85228],[95.93935,2.85485],[95.93977,2.85522]]],[[[95.93068,2.86474],[95.93171,2.8611],[95.93009,2.86073],[95.92771,2.86384],[95.92864,2.86543],[95.92998,2.86515],[95.93068,2.86474]]],[[[95.86913,2.61307],[95.87248,2.614],[95.87273,2.6121],[95.86993,2.61056],[95.86708,2.60528],[95.86519,2.60436],[95.8647,2.60626],[95.86488,2.60871],[95.867,2.61184],[95.86913,2.61307]]],[[[95.78854,2.83407],[95.78776,2.83332],[95.78683,2.83402],[95.78724,2.83546],[95.7883,2.83649],[95.78914,2.83607],[95.78854,2.83407]]],[[[95.78622,2.83714],[95.78432,2.83625],[95.78399,2.83718],[95.78519,2.83849],[95.78649,2.83826],[95.78622,2.83714]]],[[[95.76353,2.82887],[95.76305,2.8354],[95.76458,2.83601],[95.7687,2.83481],[95.772,2.83141],[95.7677,2.828],[95.76552,2.82823],[95.76353,2.82887]]],[[[95.7638,2.89077],[95.75946,2.88992],[95.75835,2.8917],[95.75859,2.89433],[95.76114,2.89511],[95.76293,2.89419],[95.76424,2.89193],[95.7638,2.89077]]],[[[95.75873,2.92557],[95.75752,2.92714],[95.75789,2.92794],[95.75868,2.92934],[95.76057,2.92925],[95.76151,2.92684],[95.76091,2.92515],[95.75873,2.92557]]],[[[95.75448,2.90444],[95.75654,2.9052],[95.75793,2.90369],[95.75569,2.90275],[95.75456,2.90379],[95.75448,2.90444]]],[[[95.74403,2.7052],[95.7382,2.7028],[95.73121,2.70176],[95.72416,2.70305],[95.72101,2.70434],[95.71339,2.71159],[95.71463,2.71318],[95.72181,2.71497],[95.72538,2.71274],[95.73285,2.7123],[95.7378,2.71391],[95.74047,2.71968],[95.74325,2.71997],[95.74562,2.71811],[95.74618,2.71489],[95.74402,2.70962],[95.74468,2.70604],[95.74403,2.7052]]],[[[95.40259,3.01722],[95.4071,3.0174],[95.40918,3.01554],[95.40889,3.01418],[95.40039,3.0105],[95.39956,3.01374],[95.40094,3.01614],[95.40259,3.01722]]],[[[95.39258,2.97126],[95.38984,2.97782],[95.38562,2.98337],[95.38739,2.98609],[95.39329,2.98426],[95.39866,2.97439],[95.40297,2.97262],[95.40216,2.97],[95.39698,2.96238],[95.39386,2.96433],[95.39313,2.9683],[95.39258,2.97126]]]]}},{"type":"Feature","properties":{"id_kab":"1275","KDPKAB":"1275","kodekab_kemendagri":"1276","nmkab":"Kota Binjai","provinsi":"Sumatera Utara","status_crs":"Sedang","indeks_crs":0.1351,"norm_crs":0.081,"indeks_hazard":0.1162,"status_hazard":"Rendah","indeks_exposure":0.7612,"status_exposure":"Sangat Tinggi","indeks_kerentanan":0.4013,"status_vulnerability":"Sedang","skor_banjir":32.0003,"skor_longsor":7.2166},"geometry":{"type":"Polygon","coordinates":[[[98.50009,3.57151],[98.4967,3.56837],[98.49624,3.5664],[98.4976,3.56475],[98.49773,3.55904],[98.49403,3.55505],[98.47569,3.55643],[98.47482,3.55338],[98.47504,3.54514],[98.4773,3.53816],[98.47786,3.52826],[98.47186,3.52779],[98.47187,3.52887],[98.45305,3.52949],[98.45169,3.53289],[98.44641,3.53908],[98.44541,3.55575],[98.44686,3.56681],[98.4492,3.56885],[98.45329,3.57905],[98.4581,3.58429],[98.45917,3.58864],[98.45722,3.59233],[98.46278,3.59918],[98.46092,3.60053],[98.45932,3.59937],[98.45852,3.59753],[98.45952,3.59677],[98.45848,3.59453],[98.44506,3.59836],[98.44472,3.60652],[98.44195,3.60984],[98.44274,3.61277],[98.47355,3.61685],[98.47483,3.63538],[98.46904,3.64466],[98.46262,3.64799],[98.4625,3.65222],[98.45805,3.65178],[98.44643,3.65399],[98.44629,3.65606],[98.44721,3.6572],[98.45165,3.65723],[98.45921,3.65554],[98.46821,3.64987],[98.47111,3.64964],[98.47247,3.64753],[98.48805,3.66697],[98.48953,3.66765],[98.50071,3.67011],[98.50149,3.67249],[98.50945,3.67257],[98.51078,3.66701],[98.51809,3.66699],[98.51848,3.66388],[98.51209,3.66391],[98.51115,3.66223],[98.51124,3.65539],[98.51455,3.65542],[98.51659,3.65224],[98.51183,3.65209],[98.51013,3.65002],[98.51145,3.64602],[98.51613,3.64588],[98.51654,3.64169],[98.51159,3.64167],[98.51223,3.63177],[98.52725,3.63184],[98.52731,3.627],[98.52561,3.62654],[98.52368,3.62097],[98.53334,3.62096],[98.53327,3.61333],[98.53571,3.61058],[98.53612,3.60651],[98.53404,3.59787],[98.53872,3.58483],[98.53944,3.57435],[98.53833,3.57266],[98.50043,3.57202],[98.50009,3.57151]]]}},{"type":"Feature","properties":{"id_kab":"1271","KDPKAB":"1271","kodekab_kemendagri":"1275","nmkab":"Kota Medan","provinsi":"Sumatera Utara","status_crs":"Tinggi","indeks_crs":0.4577,"norm_crs":0.2743,"indeks_hazard":0.2801,"status_hazard":"Sedang","indeks_exposure":1.0,"status_exposure":"Sangat Tinggi","indeks_kerentanan":0.6343,"status_vulnerability":"Tinggi","skor_banjir":32.7043,"skor_longsor":10.8068},"geometry":{"type":"Polygon","coordinates":[[[98.68699,3.51861],[98.67962,3.51878],[98.67804,3.51805],[98.67585,3.51631],[98.67662,3.5136],[98.67253,3.51454],[98.66172,3.51479],[98.66224,3.52231],[98.65767,3.52245],[98.6556,3.51831],[98.65531,3.51509],[98.65594,3.51057],[98.65738,3.50941],[98.65869,3.50984],[98.65958,3.50839],[98.65832,3.50402],[98.65507,3.49638],[98.65117,3.49627],[98.64799,3.49776],[98.64486,3.4903],[98.64658,3.48523],[98.64647,3.48287],[98.64174,3.48146],[98.64044,3.48771],[98.63794,3.48872],[98.63803,3.49239],[98.64327,3.50858],[98.63553,3.50729],[98.63552,3.50564],[98.63184,3.50579],[98.62789,3.51276],[98.62785,3.51819],[98.62569,3.51884],[98.62358,3.51606],[98.62237,3.50996],[98.61929,3.50491],[98.6159,3.5003],[98.61167,3.4972],[98.60521,3.49452],[98.60052,3.49122],[98.59284,3.49524],[98.5929,3.49914],[98.59692,3.50363],[98.59745,3.50638],[98.60176,3.5127],[98.60221,3.51629],[98.60006,3.51951],[98.5977,3.52724],[98.60254,3.53382],[98.60092,3.53816],[98.59624,3.53898],[98.59347,3.54026],[98.59332,3.54133],[98.60575,3.55],[98.60619,3.55319],[98.61154,3.55372],[98.6119,3.55679],[98.6103,3.55978],[98.61193,3.56325],[98.60753,3.5657],[98.6073,3.56752],[98.61139,3.58319],[98.61055,3.58404],[98.60848,3.5823],[98.60668,3.58316],[98.60302,3.58794],[98.6055,3.59407],[98.60674,3.60431],[98.60458,3.61072],[98.60107,3.61454],[98.59966,3.61849],[98.6007,3.6202],[98.60565,3.61864],[98.60559,3.61281],[98.61003,3.6129],[98.61039,3.61843],[98.61309,3.61819],[98.61306,3.61359],[98.61514,3.61196],[98.62752,3.61149],[98.62853,3.6146],[98.63044,3.61573],[98.65263,3.6152],[98.66428,3.62416],[98.66437,3.63172],[98.66654,3.63525],[98.66005,3.63848],[98.6576,3.64524],[98.65814,3.65635],[98.65699,3.65874],[98.65778,3.67528],[98.65154,3.67552],[98.64859,3.68354],[98.63341,3.68419],[98.63175,3.69962],[98.62607,3.69967],[98.62623,3.69798],[98.61469,3.69735],[98.61461,3.70076],[98.62321,3.70142],[98.62313,3.70311],[98.62242,3.7051],[98.62104,3.70595],[98.61417,3.70555],[98.61397,3.70838],[98.61553,3.70847],[98.62326,3.71481],[98.63122,3.71521],[98.63319,3.71664],[98.63361,3.71948],[98.63509,3.72073],[98.64451,3.72165],[98.64462,3.72767],[98.64615,3.73041],[98.64742,3.73085],[98.65052,3.72972],[98.6522,3.73184],[98.65305,3.73877],[98.65097,3.73728],[98.6416,3.73948],[98.63592,3.74418],[98.6308,3.75438],[98.6253,3.7596],[98.62864,3.76872],[98.63567,3.76776],[98.63639,3.77077],[98.63291,3.77234],[98.63215,3.77514],[98.63693,3.77576],[98.64454,3.77454],[98.64846,3.78012],[98.65123,3.78173],[98.65373,3.78186],[98.6634,3.78094],[98.66898,3.7759],[98.6732,3.77398],[98.67604,3.77402],[98.67897,3.7758],[98.67982,3.77763],[98.68041,3.7807],[98.67976,3.78581],[98.68144,3.7885],[98.68463,3.78953],[98.71021,3.79024],[98.71246,3.79115],[98.71841,3.79686],[98.72009,3.79444],[98.71978,3.79186],[98.71438,3.78156],[98.70787,3.77411],[98.70414,3.76667],[98.70363,3.75871],[98.70191,3.75116],[98.70299,3.75019],[98.70472,3.74077],[98.71398,3.74015],[98.71809,3.73864],[98.7215,3.73477],[98.72716,3.7332],[98.72666,3.72772],[98.72979,3.72447],[98.73141,3.72107],[98.7306,3.71996],[98.72419,3.72099],[98.71957,3.72558],[98.71496,3.72395],[98.71488,3.72141],[98.71006,3.71878],[98.7069,3.71368],[98.70479,3.71501],[98.70462,3.71138],[98.70623,3.70313],[98.71094,3.69382],[98.71082,3.68838],[98.71013,3.68739],[98.70937,3.68776],[98.70949,3.6851],[98.7125,3.67859],[98.71063,3.67425],[98.7034,3.66721],[98.70223,3.66726],[98.70249,3.67202],[98.69489,3.6729],[98.69655,3.67818],[98.68056,3.67879],[98.68022,3.67542],[98.66938,3.67561],[98.66938,3.67361],[98.66983,3.67172],[98.68051,3.67179],[98.68138,3.66805],[98.69085,3.66471],[98.69046,3.65887],[98.69302,3.65728],[98.69617,3.65711],[98.70249,3.65335],[98.70168,3.64511],[98.69813,3.64521],[98.69266,3.64371],[98.69338,3.62655],[98.70444,3.62601],[98.70426,3.62815],[98.70669,3.6285],[98.70782,3.62847],[98.70945,3.62661],[98.70957,3.61985],[98.70916,3.61834],[98.70732,3.61816],[98.70653,3.59962],[98.70534,3.59938],[98.70552,3.59691],[98.70716,3.59573],[98.71059,3.59722],[98.7118,3.59998],[98.73619,3.59911],[98.74072,3.59695],[98.7399,3.59397],[98.74096,3.59201],[98.7189,3.58964],[98.71864,3.58268],[98.72853,3.58238],[98.73233,3.58664],[98.73893,3.58678],[98.73324,3.58501],[98.73326,3.58142],[98.73766,3.58139],[98.73697,3.57559],[98.73277,3.57222],[98.72877,3.57106],[98.72712,3.56706],[98.72676,3.55267],[98.72023,3.55234],[98.72023,3.55085],[98.72191,3.54883],[98.72153,3.54487],[98.72295,3.5433],[98.72286,3.54177],[98.7289,3.538],[98.73018,3.5402],[98.73498,3.54105],[98.73514,3.53836],[98.73961,3.53682],[98.7444,3.53676],[98.74547,3.53569],[98.74476,3.53289],[98.74554,3.53099],[98.74396,3.52762],[98.74216,3.52769],[98.7424,3.52939],[98.69831,3.53149],[98.69797,3.52004],[98.6968,3.51843],[98.69244,3.51852],[98.68699,3.51861]]]}},{"type":"Feature","properties":{"id_kab":"1278","KDPKAB":"1278","kodekab_kemendagri":"1278","nmkab":"Kota Gunungsitoli","provinsi":"Sumatera Utara","status_crs":"Sedang","indeks_crs":0.2604,"norm_crs":0.1561,"indeks_hazard":0.247,"status_hazard":"Sedang","indeks_exposure":0.0545,"status_exposure":"Rendah","indeks_kerentanan":1.0,"status_vulnerability":"Sangat Tinggi","skor_banjir":22.8765,"skor_longsor":19.7671},"geometry":{"type":"Polygon","coordinates":[[[97.6797,1.20061],[97.68075,1.19352],[97.68253,1.18925],[97.68847,1.17967],[97.69461,1.17555],[97.70197,1.17337],[97.71274,1.17418],[97.73238,1.16629],[97.7381,1.16626],[97.75009,1.16889],[97.75989,1.15938],[97.75302,1.15092],[97.74663,1.15289],[97.74524,1.15214],[97.74393,1.14944],[97.73021,1.14637],[97.72865,1.15297],[97.72523,1.15237],[97.72251,1.15789],[97.71728,1.15751],[97.71137,1.16204],[97.70212,1.15623],[97.69605,1.15345],[97.69226,1.15326],[97.68325,1.13968],[97.68076,1.13234],[97.67898,1.13036],[97.67735,1.13014],[97.67369,1.12604],[97.66538,1.12473],[97.66059,1.12098],[97.66087,1.11783],[97.65552,1.10963],[97.65428,1.10345],[97.65139,1.10615],[97.64854,1.1114],[97.64926,1.11488],[97.64866,1.12165],[97.64526,1.13153],[97.64669,1.13517],[97.64944,1.13589],[97.65564,1.133],[97.65717,1.13328],[97.65846,1.13987],[97.65343,1.14001],[97.65059,1.14519],[97.64767,1.1471],[97.63089,1.15256],[97.62827,1.15464],[97.62768,1.15865],[97.62512,1.16072],[97.62177,1.15891],[97.62232,1.15763],[97.62046,1.15645],[97.6153,1.15571],[97.61217,1.16178],[97.61102,1.16669],[97.6108,1.16953],[97.61299,1.1704],[97.61412,1.17242],[97.61189,1.17807],[97.60907,1.1817],[97.60374,1.17834],[97.6014,1.17803],[97.5997,1.17903],[97.59782,1.18425],[97.60251,1.18832],[97.60675,1.18742],[97.60847,1.19392],[97.60785,1.20041],[97.59375,1.20902],[97.58546,1.21118],[97.58295,1.21381],[97.57403,1.21376],[97.57235,1.21155],[97.56845,1.21276],[97.56691,1.2147],[97.56366,1.21469],[97.56412,1.2079],[97.5603,1.20742],[97.5587,1.20901],[97.55865,1.21093],[97.55669,1.21348],[97.56633,1.22],[97.56214,1.22468],[97.56829,1.2296],[97.56884,1.23215],[97.56573,1.23882],[97.56651,1.25188],[97.56968,1.25444],[97.58175,1.25962],[97.58628,1.25918],[97.58751,1.26003],[97.5761,1.27405],[97.57338,1.27394],[97.56871,1.27761],[97.56565,1.27444],[97.56391,1.27627],[97.563,1.27843],[97.56403,1.28061],[97.57044,1.2841],[97.57215,1.2861],[97.56808,1.28656],[97.561,1.28549],[97.55653,1.28143],[97.55315,1.28006],[97.54868,1.28027],[97.54558,1.28161],[97.54331,1.28484],[97.54119,1.28487],[97.52062,1.27581],[97.51865,1.27344],[97.5149,1.27174],[97.51162,1.27126],[97.50853,1.27249],[97.50724,1.27366],[97.51002,1.2761],[97.51134,1.28046],[97.50931,1.28231],[97.50351,1.28651],[97.50017,1.28754],[97.49264,1.2853],[97.48929,1.28665],[97.48866,1.28869],[97.48994,1.29027],[97.50005,1.29039],[97.51621,1.29673],[97.52594,1.29734],[97.51955,1.3079],[97.51561,1.3099],[97.50452,1.3117],[97.49239,1.30948],[97.4875,1.30997],[97.487,1.31212],[97.49004,1.31695],[97.4926,1.31305],[97.49345,1.3174],[97.49201,1.32184],[97.49227,1.32663],[97.49101,1.32846],[97.495,1.33549],[97.49405,1.33724],[97.48628,1.34094],[97.48413,1.34379],[97.48432,1.3455],[97.48699,1.34732],[97.4953,1.34605],[97.49932,1.3392],[97.50571,1.34961],[97.50614,1.35241],[97.50521,1.3569],[97.5061,1.35905],[97.50695,1.35998],[97.51341,1.3609],[97.51278,1.36353],[97.50848,1.36593],[97.50632,1.36898],[97.50489,1.37344],[97.50517,1.37696],[97.50027,1.38282],[97.50295,1.38759],[97.51233,1.39881],[97.51652,1.40217],[97.52474,1.40458],[97.52978,1.41003],[97.52891,1.41182],[97.53443,1.41561],[97.53467,1.41767],[97.54013,1.42022],[97.54182,1.40935],[97.54206,1.39959],[97.54114,1.39431],[97.54227,1.38975],[97.55249,1.37805],[97.55893,1.37595],[97.56148,1.37223],[97.56326,1.36497],[97.56985,1.35949],[97.57882,1.34577],[97.58373,1.3433],[97.59381,1.33491],[97.59936,1.32854],[97.60392,1.31763],[97.60919,1.31215],[97.61113,1.30818],[97.60913,1.30407],[97.60893,1.30076],[97.61068,1.29395],[97.61321,1.29171],[97.623,1.28877],[97.62567,1.28589],[97.63668,1.26896],[97.64013,1.26076],[97.64275,1.25119],[97.64618,1.24877],[97.64961,1.2443],[97.65455,1.23525],[97.67203,1.22357],[97.67495,1.22054],[97.67818,1.2147],[97.67964,1.20987],[97.67969,1.20077],[97.6797,1.20061]]]}},{"type":"Feature","properties":{"id_kab":"1277","KDPKAB":"1277","kodekab_kemendagri":"1277","nmkab":"Kota Padang Sidempuan","provinsi":"Sumatera Utara","status_crs":"Sangat Tinggi","indeks_crs":0.6202,"norm_crs":0.3717,"indeks_hazard":0.6408,"status_hazard":"Sangat Tinggi","indeks_exposure":0.396,"status_exposure":"Sedang","indeks_kerentanan":0.5718,"status_vulnerability":"Tinggi","skor_banjir":20.7569,"skor_longsor":32.209},"geometry":{"type":"Polygon","coordinates":[[[99.34075,1.35005],[99.35065,1.31598],[99.34901,1.3116],[99.33267,1.31141],[99.32494,1.30969],[99.31796,1.30436],[99.31241,1.30346],[99.31045,1.30396],[99.26912,1.34981],[99.24387,1.36342],[99.24564,1.36781],[99.22036,1.4102],[99.22482,1.41488],[99.22631,1.42555],[99.22248,1.4377],[99.22569,1.44475],[99.2462,1.474],[99.2472,1.47725],[99.25302,1.47273],[99.25944,1.47242],[99.26308,1.46902],[99.26981,1.46933],[99.27314,1.46769],[99.30407,1.44093],[99.32763,1.41645],[99.33688,1.39088],[99.3399,1.37482],[99.34,1.36948],[99.34075,1.35005]]]}},{"type":"Feature","properties":{"id_kab":"1274","KDPKAB":"1274","kodekab_kemendagri":"1272","nmkab":"Kota Tanjung Balai","provinsi":"Sumatera Utara","status_crs":"Sedang","indeks_crs":0.1138,"norm_crs":0.0682,"indeks_hazard":0.1651,"status_hazard":"Rendah","indeks_exposure":0.2708,"status_exposure":"Sedang","indeks_kerentanan":0.4185,"status_vulnerability":"Sedang","skor_banjir":31.3684,"skor_longsor":9.1288},"geometry":{"type":"Polygon","coordinates":[[[99.82511,2.96002],[99.83141,2.95818],[99.83605,2.95416],[99.83755,2.94834],[99.83762,2.93773],[99.82978,2.93197],[99.82108,2.92852],[99.81709,2.92411],[99.8105,2.92748],[99.80354,2.9288],[99.79667,2.92699],[99.7902,2.92377],[99.77479,2.92162],[99.75387,2.94136],[99.75266,2.94418],[99.75269,2.94592],[99.75477,2.9483],[99.75637,2.95304],[99.75564,2.95959],[99.75729,2.96517],[99.75945,2.96609],[99.76271,2.96593],[99.76286,2.96894],[99.7764,2.96894],[99.78203,2.97],[99.78037,2.97603],[99.76608,3.00882],[99.79858,3.00948],[99.79826,3.01532],[99.8051,3.01731],[99.81154,3.02135],[99.81691,3.02347],[99.81824,3.00785],[99.8198,3.00471],[99.81865,2.99417],[99.81794,2.99303],[99.81222,2.99258],[99.80996,2.99134],[99.80841,2.98934],[99.8081,2.98648],[99.8093,2.97523],[99.81146,2.96874],[99.81944,2.96241],[99.82511,2.96002]]]}},{"type":"Feature","properties":{"id_kab":"1273","KDPKAB":"1273","kodekab_kemendagri":"1271","nmkab":"Kota Sibolga","provinsi":"Sumatera Utara","status_crs":"Sedang","indeks_crs":0.1783,"norm_crs":0.1068,"indeks_hazard":0.3613,"status_hazard":"Sedang","indeks_exposure":0.0858,"status_exposure":"Rendah","indeks_kerentanan":0.4075,"status_vulnerability":"Sedang","skor_banjir":22.0877,"skor_longsor":23.5535},"geometry":{"type":"MultiPolygon","coordinates":[[[[98.80499,1.73829],[98.80769,1.7311],[98.80681,1.72927],[98.8046,1.72672],[98.79676,1.72153],[98.79594,1.72205],[98.79617,1.72512],[98.78812,1.7297],[98.78635,1.72956],[98.7861,1.72822],[98.78199,1.73038],[98.78045,1.73224],[98.78156,1.73381],[98.78115,1.73475],[98.77748,1.73474],[98.77348,1.74267],[98.77002,1.74378],[98.76842,1.74539],[98.76891,1.75639],[98.78847,1.75653],[98.79675,1.75854],[98.79481,1.7564],[98.79291,1.75128],[98.8023,1.7403],[98.80475,1.73941],[98.80499,1.73829]]],[[[98.78142,1.72763],[98.77935,1.72667],[98.77857,1.72773],[98.77952,1.72964],[98.78123,1.72823],[98.78142,1.72763]]],[[[98.76865,1.71522],[98.76798,1.70739],[98.76622,1.70565],[98.76171,1.70584],[98.76002,1.70829],[98.75956,1.71295],[98.76287,1.7137],[98.76468,1.71573],[98.76827,1.71561],[98.76865,1.71522]]]]}},{"type":"Feature","properties":{"id_kab":"1276","KDPKAB":"1276","kodekab_kemendagri":"1274","nmkab":"Kota Tebing Tinggi","provinsi":"Sumatera Utara","status_crs":"Rendah","indeks_crs":0.0,"norm_crs":0.0,"indeks_hazard":0.0,"status_hazard":"Rendah","indeks_exposure":0.3076,"status_exposure":"Sedang","indeks_kerentanan":0.5691,"status_vulnerability":"Tinggi","skor_banjir":30.1588,"skor_longsor":6.0123},"geometry":{"type":"Polygon","coordinates":[[[99.15743,3.30933],[99.15392,3.30922],[99.15327,3.30853],[99.1544,3.30668],[99.1504,3.3059],[99.14272,3.31093],[99.13901,3.30938],[99.13729,3.30476],[99.13888,3.30057],[99.14272,3.29503],[99.14368,3.29161],[99.13688,3.28293],[99.13658,3.28142],[99.13938,3.27375],[99.12956,3.28605],[99.1235,3.29191],[99.11862,3.29963],[99.12538,3.30568],[99.13245,3.30737],[99.13313,3.30937],[99.13199,3.31522],[99.12807,3.31997],[99.12822,3.32309],[99.12931,3.32426],[99.12832,3.32857],[99.1253,3.32907],[99.12495,3.33564],[99.11675,3.33557],[99.11627,3.33868],[99.12547,3.34583],[99.12891,3.34985],[99.13542,3.34979],[99.13997,3.34492],[99.14511,3.34999],[99.15436,3.34158],[99.1595,3.34666],[99.15861,3.34788],[99.16458,3.35438],[99.16556,3.35661],[99.15471,3.36692],[99.16617,3.37318],[99.16862,3.37814],[99.17661,3.37093],[99.17681,3.368],[99.17613,3.36694],[99.17116,3.3649],[99.16975,3.36319],[99.16839,3.35977],[99.17188,3.35522],[99.16755,3.35156],[99.16763,3.35002],[99.17451,3.34934],[99.17732,3.35317],[99.18577,3.35646],[99.18647,3.354],[99.18844,3.35185],[99.19276,3.35236],[99.19103,3.34214],[99.18852,3.33973],[99.18455,3.33828],[99.18321,3.33627],[99.18334,3.33165],[99.1875,3.31765],[99.19115,3.3182],[99.19258,3.31665],[99.19265,3.31088],[99.18951,3.30903],[99.18042,3.30649],[99.1727,3.30656],[99.1716,3.30915],[99.15767,3.30932],[99.15743,3.30933]]]}},{"type":"Feature","properties":{"id_kab":"1272","KDPKAB":"1272","kodekab_kemendagri":"1273","nmkab":"Kota Pematangsiantar","provinsi":"Sumatera Utara","status_crs":"Sedang","indeks_crs":0.1201,"norm_crs":0.072,"indeks_hazard":0.1207,"status_hazard":"Rendah","indeks_exposure":0.7891,"status_exposure":"Sangat Tinggi","indeks_kerentanan":0.2056,"status_vulnerability":"Rendah","skor_banjir":29.3002,"skor_longsor":10.035},"geometry":{"type":"Polygon","coordinates":[[[99.08508,2.9562],[99.09417,2.96177],[99.0984,2.9626],[99.10117,2.95895],[99.09291,2.95381],[99.09669,2.94164],[99.10674,2.94122],[99.10801,2.94006],[99.10735,2.93908],[99.09811,2.93323],[99.09581,2.93291],[99.09378,2.93443],[99.08291,2.93125],[99.08174,2.92952],[99.07109,2.92213],[99.06364,2.91788],[99.05312,2.91369],[99.04801,2.90809],[99.03949,2.90867],[99.03603,2.90526],[99.02767,2.89193],[99.01729,2.89219],[99.01517,2.89843],[99.01684,2.90043],[99.02452,2.90413],[99.02405,2.90576],[99.02507,2.90771],[99.02775,2.90996],[99.03262,2.9116],[99.03772,2.91475],[99.03378,2.91899],[99.03351,2.92138],[99.03816,2.92236],[99.04155,2.92476],[99.041,2.92827],[99.03824,2.9303],[99.03259,2.93162],[99.03104,2.93623],[99.02235,2.9434],[99.02034,2.9486],[99.02155,2.95146],[99.02343,2.95231],[99.02223,2.95653],[99.02121,2.9563],[99.0213,2.9581],[99.0263,2.96691],[99.02644,2.97229],[99.0232,2.97298],[99.02198,2.97626],[99.02197,2.98337],[99.02936,2.99389],[99.03334,2.99675],[99.03698,2.99788],[99.03648,3.0024],[99.03706,3.00669],[99.03792,3.00742],[99.0555,3.00706],[99.05754,3.00625],[99.06179,3.00874],[99.06423,3.01198],[99.06884,3.01526],[99.07631,3.01404],[99.08469,3.01477],[99.08824,3.01303],[99.09254,3.01275],[99.09485,3.01666],[99.09852,3.01853],[99.10765,3.02009],[99.10972,3.01904],[99.11099,3.01754],[99.10281,3.00825],[99.09541,3.00572],[99.09427,3.00376],[99.09398,2.99603],[99.09223,2.9939],[99.09255,2.9827],[99.08946,2.98266],[99.0817,2.97831],[99.08167,2.97508],[99.08844,2.97303],[99.08915,2.97056],[99.0875,2.964],[99.08256,2.95673],[99.08419,2.95568],[99.08508,2.9562]]]}},{"type":"Feature","properties":{"id_kab":"1214","KDPKAB":"1214","kodekab_kemendagri":"1214","nmkab":"Nias Selatan","provinsi":"Sumatera Utara","status_crs":"Tinggi","indeks_crs":0.4495,"norm_crs":0.2694,"indeks_hazard":0.4471,"status_hazard":"Tinggi","indeks_exposure":0.3648,"status_exposure":"Sedang","indeks_kerentanan":0.6406,"status_vulnerability":"Tinggi","skor_banjir":22.5426,"skor_longsor":25.3457},"geometry":{"type":"MultiPolygon","coordinates":[[[[98.92886,0.05463],[98.93194,0.04813],[98.93174,0.04609],[98.92847,0.04803],[98.9278,0.05443],[98.92886,0.05463]]],[[[98.89813,0.08847],[98.89485,0.0876],[98.89398,0.0909],[98.89678,0.09187],[98.89813,0.09032],[98.89813,0.08847]]],[[[98.85911,0.11551],[98.85791,0.11449],[98.8564,0.11703],[98.8591,0.11554],[98.85911,0.11551]]],[[[98.61727,0.17649],[98.62131,0.17386],[98.63498,0.17625],[98.65816,0.17565],[98.66173,0.17482],[98.66458,0.17159],[98.66791,0.16991],[98.67326,0.17183],[98.67564,0.17003],[98.68194,0.16847],[98.68301,0.17159],[98.68468,0.1729],[98.69228,0.17314],[98.70132,0.17482],[98.70364,0.17556],[98.70477,0.17757],[98.70881,0.17829],[98.71226,0.17721],[98.71404,0.16069],[98.72272,0.15722],[98.7245,0.15722],[98.72545,0.1595],[98.72819,0.16046],[98.73057,0.16081],[98.73164,0.1595],[98.73972,0.16524],[98.74222,0.165],[98.75006,0.1589],[98.75458,0.15782],[98.75755,0.16093],[98.76088,0.16177],[98.7692,0.17087],[98.77432,0.17386],[98.77955,0.16991],[98.78887,0.16631],[98.79203,0.16871],[98.79251,0.17219],[98.79786,0.17147],[98.80035,0.17027],[98.80618,0.16381],[98.82068,0.15316],[98.83233,0.14011],[98.83792,0.13772],[98.84232,0.1346],[98.84553,0.12838],[98.85458,0.11649],[98.85235,0.10676],[98.85378,0.09766],[98.85164,0.09455],[98.84974,0.09431],[98.84617,0.0912],[98.84609,0.08911],[98.84812,0.08413],[98.85178,0.08286],[98.85402,0.08067],[98.83713,0.08043],[98.83095,0.07923],[98.81564,0.09218],[98.81191,0.09177],[98.81072,0.08986],[98.80868,0.08948],[98.8049,0.09046],[98.79536,0.0902],[98.7887,0.09618],[98.78181,0.09618],[98.7723,0.09152],[98.76873,0.08852],[98.77004,0.08338],[98.76873,0.07955],[98.76718,0.08039],[98.76172,0.07943],[98.74899,0.07105],[98.74899,0.07308],[98.74757,0.0756],[98.744,0.07632],[98.73925,0.07548],[98.73152,0.07213],[98.72641,0.07596],[98.7056,0.07991],[98.69894,0.0762],[98.69347,0.07584],[98.68427,0.07755],[98.67897,0.07632],[98.67457,0.07979],[98.6716,0.07979],[98.66791,0.07715],[98.6653,0.07368],[98.65555,0.07296],[98.654,0.0732],[98.64984,0.07835],[98.64426,0.08098],[98.63415,0.07955],[98.62761,0.08433],[98.61632,0.08385],[98.61263,0.08745],[98.60241,0.09331],[98.60003,0.09343],[98.59658,0.08995],[98.59398,0.0888],[98.58969,0.08972],[98.58787,0.09219],[98.57114,0.09546],[98.5696,0.09666],[98.56508,0.09666],[98.56377,0.0963],[98.5617,0.09322],[98.55367,0.09163],[98.54939,0.09463],[98.54689,0.09929],[98.53607,0.10195],[98.53244,0.10767],[98.53042,0.12617],[98.52632,0.1334],[98.52537,0.13735],[98.52525,0.14082],[98.52632,0.14322],[98.52787,0.14453],[98.53643,0.14741],[98.54225,0.15148],[98.55248,0.16153],[98.55783,0.16476],[98.5602,0.16823],[98.5646,0.17182],[98.57114,0.17517],[98.57601,0.17589],[98.57851,0.17446],[98.58362,0.17374],[98.59118,0.17507],[98.60214,0.17964],[98.60823,0.17984],[98.61037,0.18128],[98.61537,0.1808],[98.61679,0.17924],[98.61679,0.17781],[98.61727,0.17649]]],[[[98.78894,0.17338],[98.78965,0.16967],[98.78656,0.17243],[98.78656,0.17374],[98.78799,0.17506],[98.78894,0.17338]]],[[[98.63299,0.07199],[98.63647,0.07383],[98.63879,0.07338],[98.6399,0.07203],[98.63915,0.06911],[98.62942,0.06524],[98.62755,0.06321],[98.63053,0.06935],[98.63299,0.07199]]],[[[98.57067,-0.33395],[98.57083,-0.33044],[98.57606,-0.32916],[98.57685,-0.3282],[98.57543,-0.32645],[98.57638,-0.32565],[98.5786,-0.3274],[98.57955,-0.33235],[98.5778,-0.33506],[98.57622,-0.33554],[98.57178,-0.33459],[98.57067,-0.33395]]],[[[98.4903,-0.18187],[98.49387,-0.18726],[98.49517,-0.19564],[98.4966,-0.19696],[98.49672,-0.19983],[98.49522,-0.20197],[98.49279,-0.2033],[98.49315,-0.20892],[98.50421,-0.21491],[98.50801,-0.21503],[98.50896,-0.21599],[98.50932,-0.22365],[98.51051,-0.22412],[98.51776,-0.22161],[98.51966,-0.22185],[98.51895,-0.22448],[98.51384,-0.22532],[98.51095,-0.22686],[98.51098,-0.22783],[98.5211,-0.22841],[98.52032,-0.22931],[98.52087,-0.23138],[98.52644,-0.23166],[98.54296,-0.24471],[98.54665,-0.24567],[98.55402,-0.25464],[98.55901,-0.25871],[98.56279,-0.26966],[98.57099,-0.27851],[98.57325,-0.27983],[98.57337,-0.28486],[98.57111,-0.29335],[98.57242,-0.2924],[98.57337,-0.29288],[98.57337,-0.29706],[98.57123,-0.3064],[98.5717,-0.31155],[98.57016,-0.3119],[98.56897,-0.31011],[98.56647,-0.31454],[98.56814,-0.31741],[98.56968,-0.32423],[98.56968,-0.3271],[98.56849,-0.32974],[98.56623,-0.33171],[98.55813,-0.33132],[98.54819,-0.33493],[98.54583,-0.33489],[98.54335,-0.33241],[98.54095,-0.33205],[98.54513,-0.34465],[98.54391,-0.347],[98.54157,-0.34834],[98.54555,-0.35478],[98.54462,-0.36045],[98.5452,-0.3666],[98.55724,-0.37832],[98.55864,-0.38252],[98.55906,-0.38885],[98.55744,-0.39087],[98.55214,-0.39275],[98.54902,-0.39071],[98.54339,-0.37213],[98.54058,-0.36554],[98.538,-0.36355],[98.53513,-0.35193],[98.52756,-0.34529],[98.52558,-0.34141],[98.52533,-0.3367],[98.52721,-0.33246],[98.51655,-0.31905],[98.51506,-0.31777],[98.50996,-0.31737],[98.50973,-0.31335],[98.50346,-0.30825],[98.50711,-0.29788],[98.49681,-0.28878],[98.47674,-0.26483],[98.47353,-0.26016],[98.47327,-0.25664],[98.46911,-0.24951],[98.46188,-0.2404],[98.45757,-0.23725],[98.45404,-0.23293],[98.44976,-0.22556],[98.44952,-0.22257],[98.44798,-0.22077],[98.44141,-0.21822],[98.43514,-0.20988],[98.43205,-0.20425],[98.43062,-0.19935],[98.43074,-0.19731],[98.43537,-0.19324],[98.43478,-0.18925],[98.4319,-0.18457],[98.43036,-0.18409],[98.42774,-0.18514],[98.4236,-0.1844],[98.4236,-0.17907],[98.42539,-0.1768],[98.42289,-0.1707],[98.41992,-0.168],[98.41385,-0.16752],[98.41302,-0.16561],[98.41417,-0.16095],[98.41306,-0.15896],[98.41042,-0.15608],[98.40459,-0.1534],[98.40161,-0.15065],[98.4009,-0.14658],[98.39811,-0.14215],[98.38878,-0.13743],[98.38748,-0.12506],[98.38521,-0.12109],[98.38402,-0.12044],[98.38328,-0.12118],[98.37535,-0.11594],[98.36743,-0.10793],[98.36749,-0.10385],[98.36928,-0.1029],[98.37062,-0.10267],[98.37967,-0.1067],[98.38059,-0.10633],[98.38091,-0.10377],[98.37688,-0.0999],[98.36951,-0.08606],[98.36066,-0.05878],[98.35045,-0.04635],[98.34703,-0.03945],[98.34443,-0.03946],[98.34241,-0.03611],[98.33837,-0.03504],[98.331,-0.03647],[98.32702,-0.03545],[98.32627,-0.03118],[98.31962,-0.03285],[98.31726,-0.0319],[98.31132,-0.02573],[98.29764,-0.02389],[98.29455,-0.02184],[98.29384,-0.02008],[98.29632,-0.01778],[98.3026,-0.01491],[98.32045,-0.01473],[98.32386,-0.01098],[98.32914,-0.00857],[98.3321,-0.00408],[98.34228,0.0026],[98.35347,0.00613],[98.35537,0.00589],[98.35893,0.00197],[98.36512,0.00171],[98.36883,-9e-05],[98.36925,-0.00573],[98.36887,-0.00039],[98.37072,-0.00052],[98.37548,0.00242],[98.37865,0.00673],[98.38142,0.00777],[98.39095,0.00511],[98.39196,0.00447],[98.39172,-0.00271],[98.39591,-0.01433],[98.40072,-0.00838],[98.41152,0.00114],[98.41461,0.00202],[98.41802,-0.00476],[98.4178,-0.01011],[98.41535,-0.01804],[98.416,-0.02246],[98.41862,-0.02712],[98.41778,-0.03191],[98.41873,-0.03726],[98.4198,-0.03694],[98.42147,-0.03239],[98.42373,-0.03406],[98.4242,-0.03646],[98.43657,-0.04891],[98.43764,-0.05082],[98.43744,-0.05413],[98.44013,-0.05728],[98.44227,-0.05764],[98.44299,-0.05872],[98.44631,-0.07332],[98.45416,-0.07811],[98.45927,-0.08565],[98.46664,-0.08912],[98.47033,-0.09259],[98.47057,-0.09637],[98.46863,-0.10282],[98.46926,-0.10938],[98.47227,-0.11289],[98.47711,-0.11545],[98.47864,-0.11781],[98.47799,-0.11952],[98.47947,-0.12235],[98.48413,-0.12427],[98.48436,-0.12969],[98.48067,-0.13424],[98.48721,-0.13544],[98.48792,-0.13747],[98.47996,-0.14226],[98.47627,-0.14812],[98.47865,-0.15758],[98.48115,-0.15758],[98.48507,-0.16069],[98.48483,-0.16296],[98.48269,-0.16596],[98.48269,-0.16943],[98.48554,-0.17338],[98.48661,-0.18005],[98.48911,-0.18092],[98.4903,-0.18187]]],[[[98.53405,-0.04855],[98.53488,-0.05357],[98.53771,-0.06046],[98.54393,-0.06208],[98.54594,-0.0701],[98.5452,-0.07108],[98.54207,-0.07046],[98.52737,-0.05627],[98.52656,-0.04591],[98.52773,-0.04166],[98.52466,-0.03167],[98.52692,-0.03131],[98.53013,-0.03395],[98.53227,-0.03778],[98.53347,-0.04495],[98.53405,-0.04855]]],[[[98.52977,-0.22329],[98.53214,-0.22341],[98.53571,-0.22975],[98.53512,-0.23059],[98.5325,-0.23059],[98.53036,-0.22771],[98.52953,-0.22424],[98.52977,-0.22329]]],[[[98.52792,-0.14346],[98.52756,-0.14771],[98.52622,-0.14843],[98.5229,-0.14674],[98.51644,-0.14058],[98.51467,-0.13699],[98.51578,-0.13645],[98.5202,-0.14026],[98.52762,-0.1429],[98.52792,-0.14346]]],[[[98.51772,-0.49622],[98.5228,-0.49339],[98.52502,-0.49568],[98.52456,-0.49842],[98.52119,-0.50164],[98.51796,-0.50258],[98.51646,-0.50014],[98.51755,-0.49666],[98.51772,-0.49622]]],[[[98.32525,-0.52078],[98.32834,-0.52246],[98.33654,-0.5227],[98.34118,-0.52102],[98.34652,-0.51744],[98.34927,-0.51399],[98.34499,-0.50989],[98.34499,-0.50738],[98.3476,-0.50032],[98.3437,-0.49929],[98.34458,-0.4978],[98.34902,-0.49752],[98.35202,-0.49608],[98.35218,-0.4896],[98.35426,-0.4878],[98.35242,-0.48239],[98.35467,-0.47339],[98.3541,-0.47166],[98.35659,-0.46917],[98.36259,-0.46687],[98.36715,-0.46678],[98.3704,-0.46854],[98.3716,-0.46798],[98.37524,-0.4605],[98.37807,-0.4432],[98.37805,-0.40797],[98.37757,-0.40426],[98.37436,-0.39768],[98.37436,-0.38906],[98.3727,-0.38595],[98.37242,-0.38154],[98.37327,-0.37955],[98.38005,-0.374],[98.38246,-0.36959],[98.38246,-0.36063],[98.38147,-0.35537],[98.38401,-0.34399],[98.38816,-0.33982],[98.39163,-0.33878],[98.3918,-0.34044],[98.39318,-0.33962],[98.3954,-0.33499],[98.39563,-0.33033],[98.39837,-0.3247],[98.3998,-0.32315],[98.40277,-0.32255],[98.40576,-0.32058],[98.40729,-0.31561],[98.40906,-0.31365],[98.41282,-0.31275],[98.4162,-0.3174],[98.42359,-0.31683],[98.42583,-0.31465],[98.42999,-0.31274],[98.44011,-0.30307],[98.4416,-0.29009],[98.4401,-0.28389],[98.43511,-0.28258],[98.43023,-0.27803],[98.4289,-0.26853],[98.42618,-0.26778],[98.42316,-0.26386],[98.42508,-0.2618],[98.42544,-0.25869],[98.41632,-0.25086],[98.41323,-0.24476],[98.41335,-0.24284],[98.4168,-0.24069],[98.42191,-0.24212],[98.42964,-0.25026],[98.44117,-0.24575],[98.44735,-0.24895],[98.45116,-0.25397],[98.45044,-0.25732],[98.44795,-0.2572],[98.45092,-0.26175],[98.45472,-0.26427],[98.45817,-0.26439],[98.45936,-0.26546],[98.46447,-0.27252],[98.46709,-0.27863],[98.47164,-0.28099],[98.47652,-0.28993],[98.48587,-0.29624],[98.49063,-0.30138],[98.49265,-0.30868],[98.492,-0.31409],[98.49363,-0.31703],[98.49934,-0.32261],[98.50109,-0.33071],[98.50132,-0.33693],[98.50608,-0.34208],[98.50727,-0.34507],[98.51571,-0.34986],[98.52237,-0.35991],[98.5215,-0.37072],[98.51747,-0.37283],[98.51435,-0.373],[98.5135,-0.37401],[98.51601,-0.37834],[98.51502,-0.3802],[98.51273,-0.38012],[98.51249,-0.38208],[98.51255,-0.38335],[98.51485,-0.38369],[98.51833,-0.3781],[98.52169,-0.37926],[98.52191,-0.38059],[98.51666,-0.38599],[98.51322,-0.39362],[98.50881,-0.3946],[98.50738,-0.39724],[98.50584,-0.39664],[98.50417,-0.38947],[98.50215,-0.38971],[98.49915,-0.39527],[98.50008,-0.39801],[98.51276,-0.4083],[98.51419,-0.41425],[98.50928,-0.4255],[98.50616,-0.4272],[98.50488,-0.43003],[98.50774,-0.43362],[98.50857,-0.43901],[98.50453,-0.44523],[98.5027,-0.45139],[98.50429,-0.46211],[98.50703,-0.46767],[98.50885,-0.47482],[98.50828,-0.47892],[98.5053,-0.48328],[98.50642,-0.48915],[98.50559,-0.49394],[98.49656,-0.50352],[98.49069,-0.50706],[98.4851,-0.508],[98.4829,-0.50986],[98.48134,-0.5156],[98.48324,-0.51943],[98.49132,-0.52637],[98.50131,-0.5387],[98.50583,-0.5417],[98.50666,-0.54325],[98.50725,-0.55211],[98.49613,-0.57079],[98.49287,-0.5728],[98.48986,-0.57288],[98.48765,-0.57029],[98.48685,-0.5664],[98.49227,-0.55366],[98.49132,-0.55139],[98.48847,-0.55055],[98.48538,-0.55235],[98.48463,-0.55906],[98.47858,-0.56749],[98.46962,-0.57451],[98.46666,-0.57529],[98.47325,-0.55199],[98.4786,-0.54516],[98.47931,-0.54253],[98.47943,-0.5382],[98.47699,-0.53558],[98.47258,-0.5331],[98.47026,-0.53216],[98.4683,-0.53299],[98.46426,-0.53623],[98.46125,-0.54154],[98.45222,-0.54509],[98.44972,-0.54497],[98.44627,-0.53934],[98.4423,-0.53757],[98.43736,-0.53803],[98.42363,-0.54432],[98.41703,-0.5543],[98.4156,-0.56531],[98.41631,-0.5677],[98.42368,-0.56998],[98.42558,-0.57644],[98.4263,-0.58901],[98.4257,-0.59176],[98.42106,-0.59667],[98.41762,-0.59798],[98.41452,-0.59595],[98.41534,-0.58654],[98.40054,-0.56875],[98.39454,-0.56393],[98.37927,-0.55803],[98.36201,-0.5473],[98.35914,-0.54645],[98.35243,-0.54652],[98.34634,-0.54175],[98.33797,-0.5417],[98.33459,-0.54075],[98.32769,-0.53409],[98.32266,-0.53185],[98.31349,-0.53006],[98.30146,-0.5322],[98.29272,-0.52935],[98.28786,-0.52592],[98.28644,-0.52421],[98.28644,-0.52264],[98.28785,-0.52116],[98.28958,-0.51982],[98.29268,-0.52006],[98.30112,-0.51455],[98.31614,-0.51251],[98.31729,-0.51097],[98.31699,-0.50955],[98.32244,-0.50773],[98.32391,-0.50783],[98.3243,-0.50881],[98.32368,-0.51244],[98.32525,-0.52078]]],[[[98.51117,-0.59986],[98.51367,-0.60489],[98.51379,-0.61039],[98.52092,-0.62021],[98.52092,-0.63553],[98.51806,-0.6384],[98.51604,-0.63852],[98.51236,-0.63792],[98.50344,-0.63313],[98.48977,-0.61937],[98.48858,-0.61482],[98.48858,-0.60967],[98.49488,-0.60046],[98.49952,-0.59579],[98.50142,-0.59483],[98.50451,-0.59531],[98.50867,-0.59783],[98.51117,-0.59986]]],[[[98.51298,-0.32007],[98.51388,-0.31903],[98.51546,-0.31955],[98.52035,-0.32584],[98.52088,-0.32733],[98.52007,-0.32997],[98.51477,-0.32897],[98.51168,-0.32562],[98.51174,-0.32263],[98.51298,-0.32007]]],[[[98.51747,-0.47804],[98.51772,-0.4765],[98.51895,-0.47645],[98.51822,-0.47934],[98.51753,-0.47826],[98.51747,-0.47804]]],[[[98.51527,-0.45525],[98.51703,-0.45551],[98.5163,-0.4575],[98.51516,-0.45757],[98.51409,-0.45608],[98.51527,-0.45525]]],[[[98.51102,-0.11095],[98.51173,-0.10968],[98.51391,-0.10904],[98.51515,-0.11206],[98.51429,-0.11618],[98.51101,-0.11105],[98.51102,-0.11095]]],[[[98.51022,-0.33493],[98.51248,-0.33463],[98.5144,-0.33693],[98.51277,-0.34044],[98.50987,-0.34062],[98.50853,-0.33709],[98.50918,-0.33592],[98.51022,-0.33493]]],[[[98.50929,-0.33463],[98.50609,-0.3355],[98.50738,-0.33133],[98.50976,-0.3321],[98.51026,-0.33345],[98.50929,-0.33463]]],[[[98.50533,-0.0523],[98.50271,-0.05706],[98.50336,-0.06796],[98.50133,-0.07051],[98.49975,-0.07098],[98.49626,-0.06864],[98.49285,-0.0644],[98.49117,-0.06083],[98.48515,-0.03546],[98.48565,-0.03387],[98.49154,-0.0281],[98.49414,-0.0279],[98.49969,-0.03174],[98.5004,-0.03517],[98.50181,-0.03635],[98.50405,-0.04189],[98.50606,-0.04956],[98.50583,-0.05216],[98.50533,-0.0523]]],[[[98.49979,-0.53269],[98.49964,-0.53087],[98.50173,-0.53025],[98.50549,-0.53225],[98.50545,-0.53353],[98.50382,-0.53457],[98.50167,-0.53455],[98.5001,-0.53338],[98.49979,-0.53269]]],[[[98.49253,-0.10683],[98.49548,-0.112],[98.4977,-0.11398],[98.49831,-0.11518],[98.4976,-0.11529],[98.49313,-0.11487],[98.48703,-0.10699],[98.48596,-0.10239],[98.48723,-0.09892],[98.49005,-0.10047],[98.49253,-0.10683]]],[[[98.49765,-0.31289],[98.49694,-0.31492],[98.49491,-0.31492],[98.49384,-0.31373],[98.49551,-0.31097],[98.4967,-0.31157],[98.49765,-0.31289]]],[[[98.49348,-0.29108],[98.49134,-0.29],[98.48611,-0.28342],[98.48765,-0.28318],[98.49158,-0.28581],[98.49348,-0.29108]]],[[[98.48648,-0.11671],[98.48506,-0.12211],[98.48258,-0.12255],[98.47949,-0.12126],[98.47896,-0.11518],[98.47309,-0.11199],[98.46975,-0.10739],[98.47149,-0.1005],[98.47596,-0.09931],[98.4853,-0.1107],[98.48657,-0.11347],[98.48648,-0.11671]]],[[[98.46971,-0.27782],[98.46757,-0.2777],[98.46769,-0.27591],[98.46912,-0.27638],[98.46971,-0.27782]]],[[[98.45842,0.03777],[98.46033,0.03442],[98.46033,0.02796],[98.45842,0.02843],[98.45581,0.0337],[98.45533,0.03801],[98.45652,0.03921],[98.45842,0.03777]]],[[[98.45071,-0.02279],[98.44942,-0.01887],[98.45162,-0.01971],[98.45241,-0.02289],[98.45078,-0.0229],[98.45071,-0.02279]]],[[[98.40845,-0.1707],[98.41201,-0.16982],[98.41062,-0.17236],[98.40861,-0.17262],[98.40799,-0.17118],[98.40845,-0.1707]]],[[[98.40779,-0.30749],[98.41064,-0.30847],[98.41145,-0.31071],[98.41041,-0.31205],[98.40793,-0.31273],[98.40751,-0.30849],[98.40779,-0.30749]]],[[[98.40848,-0.23231],[98.40931,-0.23279],[98.40931,-0.23446],[98.40527,-0.23566],[98.39992,-0.23267],[98.40123,-0.23183],[98.40622,-0.23231],[98.40848,-0.23231]]],[[[98.3833,-0.27296],[98.38135,-0.26909],[98.38083,-0.26243],[98.38342,-0.26061],[98.38938,-0.26415],[98.38848,-0.26913],[98.39026,-0.27642],[98.38956,-0.27752],[98.3866,-0.27606],[98.3833,-0.27296]]],[[[98.38768,-0.21188],[98.38941,-0.21349],[98.38875,-0.21523],[98.38675,-0.21617],[98.38423,-0.21603],[98.38316,-0.21483],[98.38542,-0.21188],[98.38768,-0.21188]]],[[[98.37337,-0.19793],[98.37146,-0.19769],[98.37106,-0.19569],[98.37306,-0.19569],[98.37412,-0.19689],[98.37337,-0.19793]]],[[[98.36106,-0.0724],[98.36189,-0.07707],[98.35797,-0.07611],[98.35785,-0.07336],[98.35963,-0.07264],[98.36106,-0.0724]]],[[[98.36055,-0.09339],[98.36064,-0.09502],[98.35886,-0.09412],[98.35908,-0.09312],[98.36044,-0.09324],[98.36055,-0.09339]]],[[[98.3267,-0.05457],[98.32516,-0.0572],[98.32421,-0.06211],[98.32504,-0.06294],[98.33158,-0.06175],[98.33122,-0.06988],[98.33288,-0.07156],[98.33681,-0.06833],[98.34228,-0.06629],[98.34358,-0.06701],[98.34431,-0.06892],[98.34347,-0.07312],[98.34632,-0.07216],[98.34679,-0.07383],[98.34596,-0.07982],[98.34965,-0.08377],[98.35262,-0.08401],[98.35722,-0.08833],[98.35724,-0.08967],[98.35165,-0.09363],[98.34857,-0.09746],[98.34385,-0.09711],[98.33739,-0.09424],[98.33445,-0.09179],[98.32575,-0.09023],[98.32326,-0.08891],[98.31398,-0.08042],[98.30828,-0.07814],[98.30412,-0.07252],[98.30162,-0.07168],[98.29782,-0.07264],[98.29633,-0.07198],[98.29553,-0.06971],[98.29699,-0.0588],[98.29924,-0.05875],[98.30978,-0.06271],[98.31398,-0.06689],[98.31791,-0.0645],[98.31898,-0.06163],[98.31696,-0.0578],[98.31196,-0.05301],[98.31149,-0.04643],[98.3191,-0.05026],[98.32385,-0.05097],[98.32754,-0.05337],[98.3267,-0.05457]]],[[[98.34858,-0.07946],[98.34965,-0.08101],[98.34881,-0.08161],[98.34763,-0.08066],[98.3484,-0.07953],[98.34858,-0.07946]]],[[[98.33621,-0.12326],[98.33586,-0.12685],[98.33693,-0.13015],[98.34192,-0.13212],[98.34654,-0.14304],[98.34408,-0.14238],[98.33872,-0.13812],[98.33344,-0.13626],[98.3249,-0.13147],[98.32135,-0.12637],[98.31921,-0.11979],[98.31939,-0.11725],[98.32162,-0.11547],[98.32236,-0.11324],[98.31826,-0.10348],[98.32113,-0.09884],[98.32326,-0.09885],[98.32353,-0.0941],[98.32611,-0.09179],[98.32908,-0.09131],[98.333,-0.09262],[98.33966,-0.10112],[98.33553,-0.10259],[98.33384,-0.10603],[98.33613,-0.11765],[98.33621,-0.12326]]],[[[98.31434,-0.09538],[98.31735,-0.09847],[98.31802,-0.10707],[98.32158,-0.11306],[98.31951,-0.11603],[98.31072,-0.1173],[98.30847,-0.11674],[98.30423,-0.11187],[98.304,-0.10734],[98.3015,-0.10059],[98.30245,-0.09813],[98.30633,-0.09511],[98.3141,-0.09538],[98.31434,-0.09538]]],[[[98.31232,-0.09131],[98.3122,-0.09358],[98.31018,-0.09454],[98.3034,-0.09454],[98.30415,-0.09017],[98.30583,-0.08867],[98.30804,-0.08879],[98.31196,-0.09086],[98.31232,-0.09131]]],[[[98.29287,0.05067],[98.29866,0.05318],[98.30178,0.05255],[98.30233,0.05075],[98.30169,0.04842],[98.29879,0.04707],[98.29277,0.05001],[98.29287,0.05067]]],[[[98.28049,-0.04237],[98.28414,-0.04858],[98.28421,-0.05562],[98.29077,-0.07996],[98.2894,-0.08576],[98.28581,-0.09319],[98.28188,-0.09396],[98.28239,-0.08821],[98.2759,-0.07712],[98.2669,-0.06908],[98.26306,-0.05844],[98.26492,-0.0493],[98.26517,-0.0424],[98.26679,-0.03725],[98.26989,-0.0334],[98.27321,-0.03279],[98.27436,-0.03349],[98.27846,-0.0407],[98.28016,-0.04203],[98.28049,-0.04237]]],[[[98.28662,-0.10915],[98.28478,-0.11004],[98.28095,-0.10632],[98.27991,-0.10215],[98.2804,-0.10018],[98.28945,-0.09753],[98.2872,-0.10803],[98.28662,-0.10915]]],[[[98.26114,0.00666],[98.25693,0.00545],[98.24846,-0.00125],[98.24592,-0.001],[98.24509,0.00128],[98.24509,0.00214],[98.25642,0.01244],[98.26101,0.01421],[98.2637,0.01403],[98.26553,0.01136],[98.26543,0.01005],[98.26242,0.00713],[98.26114,0.00666]]],[[[98.25894,-0.09952],[98.25984,-0.09362],[98.26356,-0.09181],[98.26425,-0.09322],[98.26379,-0.10045],[98.2598,-0.10121],[98.25906,-0.09993],[98.25894,-0.09952]]],[[[98.25887,-0.03995],[98.25611,-0.04287],[98.25532,-0.04266],[98.25415,-0.04053],[98.25481,-0.03707],[98.25657,-0.03607],[98.25877,-0.03626],[98.2602,-0.03728],[98.25965,-0.03912],[98.25887,-0.03995]]],[[[98.25535,-0.02807],[98.25537,-0.026],[98.257,-0.02442],[98.25938,-0.02795],[98.25826,-0.02883],[98.25561,-0.02821],[98.25535,-0.02807]]],[[[98.2336,0.05124],[98.23016,0.05423],[98.22657,0.06112],[98.22778,0.06381],[98.23767,0.06088],[98.2399,0.05878],[98.2407,0.05589],[98.23996,0.05385],[98.23574,0.05124],[98.2336,0.05124]]],[[[98.22943,-0.00057],[98.22145,-0.00923],[98.2183,-0.00937],[98.2168,-0.00847],[98.216,-0.00489],[98.21691,0.00091],[98.22145,0.00682],[98.22888,0.0086],[98.23227,0.00833],[98.23448,0.0065],[98.23443,0.00401],[98.23161,0.0011],[98.22943,-0.00057]]],[[[98.2229,-0.11057],[98.21942,-0.10436],[98.22044,-0.102],[98.22309,-0.10086],[98.22517,-0.10114],[98.22847,-0.10403],[98.22888,-0.10912],[98.22703,-0.11065],[98.22365,-0.11103],[98.2229,-0.11057]]],[[[98.21169,0.02121],[98.21194,0.02333],[98.21312,0.02384],[98.2184,0.02176],[98.21623,0.01833],[98.21228,0.02008],[98.21169,0.02121]]],[[[98.21237,0.05459],[98.21431,0.05552],[98.21586,0.05459],[98.21584,0.05249],[98.21415,0.05006],[98.21237,0.04925],[98.21115,0.05015],[98.21204,0.05436],[98.21237,0.05459]]],[[[98.20746,-0.11718],[98.20781,-0.12204],[98.20545,-0.12951],[98.20253,-0.13318],[98.19649,-0.13591],[98.18835,-0.14364],[98.18681,-0.1433],[98.18543,-0.14152],[98.18245,-0.12849],[98.18165,-0.12102],[98.18337,-0.11698],[98.19812,-0.10777],[98.19993,-0.10761],[98.20517,-0.11142],[98.20743,-0.11702],[98.20746,-0.11718]]],[[[97.87764,0.60093],[97.872,0.59984],[97.85949,0.5943],[97.8538,0.5892],[97.84539,0.57412],[97.83669,0.57023],[97.83814,0.56241],[97.83776,0.55961],[97.83669,0.55844],[97.83294,0.55854],[97.82905,0.56009],[97.83065,0.56392],[97.82858,0.56593],[97.8245,0.56686],[97.82057,0.56566],[97.82069,0.56015],[97.81841,0.55897],[97.81841,0.55765],[97.82797,0.54561],[97.82714,0.54433],[97.82162,0.54324],[97.81633,0.54484],[97.80906,0.54918],[97.80664,0.5525],[97.80505,0.55839],[97.80379,0.55958],[97.8011,0.55948],[97.79918,0.55826],[97.79798,0.55577],[97.79967,0.55377],[97.79979,0.55158],[97.79659,0.55031],[97.79454,0.55168],[97.79364,0.55493],[97.79467,0.55749],[97.79406,0.5606],[97.79067,0.56091],[97.78779,0.55771],[97.78852,0.55709],[97.78822,0.5552],[97.78344,0.55112],[97.7808,0.55438],[97.77884,0.56378],[97.78129,0.56817],[97.78491,0.56466],[97.78722,0.56549],[97.7855,0.5766],[97.78056,0.58009],[97.77783,0.57999],[97.7755,0.5782],[97.77151,0.56814],[97.77185,0.56566],[97.76736,0.55847],[97.75472,0.55394],[97.74768,0.5555],[97.74405,0.55371],[97.74188,0.55598],[97.74088,0.55954],[97.74449,0.56304],[97.74735,0.56435],[97.74504,0.57639],[97.74197,0.5801],[97.73715,0.58135],[97.73337,0.57988],[97.73146,0.56967],[97.72888,0.56708],[97.72222,0.56691],[97.71048,0.56126],[97.70113,0.56516],[97.69563,0.57529],[97.68359,0.58512],[97.68288,0.59074],[97.68405,0.59852],[97.68479,0.59953],[97.68753,0.59971],[97.69051,0.59812],[97.69422,0.60207],[97.69567,0.60759],[97.69562,0.61724],[97.69276,0.62492],[97.68429,0.63772],[97.68042,0.64126],[97.67549,0.65192],[97.66988,0.65936],[97.66722,0.66494],[97.66634,0.67001],[97.66133,0.67723],[97.66267,0.68307],[97.667,0.68526],[97.6681,0.6869],[97.66785,0.69338],[97.66583,0.70117],[97.65856,0.71317],[97.65549,0.71428],[97.65219,0.71408],[97.6523,0.71751],[97.65329,0.7201],[97.65576,0.72251],[97.6559,0.72518],[97.65317,0.72985],[97.65025,0.73133],[97.64964,0.733],[97.65526,0.73824],[97.65579,0.74007],[97.65475,0.74383],[97.64908,0.75074],[97.64604,0.75854],[97.63679,0.75856],[97.63594,0.76045],[97.63574,0.76135],[97.63969,0.76519],[97.64073,0.7679],[97.63861,0.78021],[97.63091,0.78679],[97.62937,0.78959],[97.63021,0.79141],[97.63314,0.79211],[97.63384,0.79364],[97.63314,0.79714],[97.62825,0.80442],[97.61998,0.81129],[97.6107,0.81635],[97.60835,0.8167],[97.60689,0.81506],[97.6057,0.81534],[97.60329,0.82376],[97.60239,0.83762],[97.60078,0.83991],[97.57699,0.85677],[97.55784,0.86701],[97.55629,0.87014],[97.55654,0.87514],[97.55779,0.87868],[97.55634,0.88098],[97.55073,0.88682],[97.54747,0.88801],[97.54488,0.88728],[97.5436,0.89053],[97.54409,0.89139],[97.55201,0.89286],[97.5479,0.89732],[97.54742,0.90288],[97.53619,0.9164],[97.52692,0.94479],[97.52705,0.95257],[97.53305,0.95621],[97.53871,0.97316],[97.53803,0.9884],[97.55534,0.99274],[97.5582,0.99565],[97.57288,1.00288],[97.57541,1.00687],[97.58652,1.01141],[97.59455,1.01989],[97.61425,1.02869],[97.62117,1.03033],[97.62287,1.02051],[97.62381,1.0193],[97.62813,1.01408],[97.63395,1.01285],[97.6409,1.00652],[97.64789,1.0029],[97.65265,0.99596],[97.65261,0.99047],[97.65573,0.98833],[97.66193,0.98916],[97.66201,0.99425],[97.66502,0.99869],[97.66937,0.9999],[97.67198,1.0017],[97.68334,1.00449],[97.68985,1.00181],[97.69087,0.99472],[97.68327,0.98647],[97.68552,0.98287],[97.68425,0.97779],[97.68219,0.97434],[97.68356,0.96766],[97.68733,0.96608],[97.68793,0.96137],[97.6902,0.9596],[97.69224,0.95998],[97.69354,0.95634],[97.69047,0.95356],[97.68712,0.94603],[97.68705,0.94332],[97.68974,0.93441],[97.70735,0.93708],[97.7134,0.92394],[97.71675,0.92328],[97.72649,0.92424],[97.7327,0.92762],[97.73597,0.93426],[97.73555,0.93631],[97.73839,0.93843],[97.74101,0.93972],[97.74821,0.93918],[97.75769,0.94257],[97.75786,0.94979],[97.76939,0.95135],[97.7692,0.95536],[97.77325,0.95709],[97.77996,0.95747],[97.78189,0.95586],[97.78282,0.95154],[97.78085,0.94375],[97.78059,0.93763],[97.78354,0.92039],[97.78885,0.91804],[97.79429,0.92153],[97.79665,0.91751],[97.79694,0.9139],[97.79805,0.91234],[97.8048,0.91372],[97.81651,0.91804],[97.82188,0.92162],[97.82994,0.91862],[97.83919,0.91801],[97.84459,0.91526],[97.84584,0.91216],[97.84972,0.91399],[97.85089,0.91632],[97.85381,0.9179],[97.8602,0.91919],[97.86404,0.91639],[97.86434,0.91277],[97.85968,0.90671],[97.85281,0.90887],[97.85001,0.91083],[97.84661,0.90967],[97.84942,0.90288],[97.8582,0.89806],[97.86682,0.89748],[97.86738,0.89649],[97.8655,0.89334],[97.86319,0.89146],[97.86444,0.88829],[97.86782,0.88795],[97.86812,0.88999],[97.87505,0.88771],[97.8787,0.88955],[97.88538,0.89047],[97.88953,0.88833],[97.89257,0.88507],[97.89733,0.88374],[97.90167,0.8847],[97.90253,0.88348],[97.90399,0.87872],[97.90304,0.87308],[97.89614,0.85712],[97.8974,0.84814],[97.89556,0.84199],[97.8959,0.83981],[97.90022,0.83781],[97.89996,0.83668],[97.89787,0.83617],[97.89485,0.82647],[97.89714,0.82173],[97.90627,0.81774],[97.90995,0.81465],[97.9076,0.80469],[97.90829,0.80293],[97.91146,0.80257],[97.91191,0.7986],[97.89641,0.77686],[97.89083,0.76685],[97.89035,0.7619],[97.89314,0.75761],[97.88777,0.74651],[97.88698,0.74275],[97.88841,0.73906],[97.89287,0.73858],[97.8942,0.73662],[97.89388,0.7325],[97.89138,0.72731],[97.89143,0.72507],[97.89362,0.71987],[97.89766,0.71396],[97.89731,0.71114],[97.89308,0.70441],[97.89357,0.70149],[97.89686,0.69622],[97.89794,0.69207],[97.89734,0.68653],[97.89368,0.67593],[97.89598,0.66865],[97.89296,0.65633],[97.89583,0.64359],[97.89518,0.63851],[97.89743,0.63328],[97.9002,0.62995],[97.90064,0.62617],[97.89866,0.62339],[97.89391,0.62211],[97.89086,0.61989],[97.88696,0.61012],[97.885,0.60713],[97.87864,0.6012],[97.87764,0.60093]]],[[[97.89056,-0.06339],[97.89044,-0.06925],[97.89274,-0.0821],[97.89556,-0.08869],[97.89864,-0.09316],[97.89919,-0.09672],[97.89876,-0.1006],[97.89771,-0.10203],[97.88854,-0.10623],[97.8834,-0.10455],[97.87938,-0.10192],[97.87772,-0.10048],[97.87617,-0.09605],[97.86976,-0.09294],[97.86702,-0.09187],[97.86033,-0.09304],[97.85637,-0.09139],[97.85357,-0.08851],[97.85264,-0.08532],[97.85262,-0.08427],[97.85534,-0.08442],[97.85629,-0.08336],[97.85564,-0.08065],[97.84635,-0.07916],[97.8371,-0.06928],[97.83659,-0.06698],[97.83725,-0.06583],[97.84116,-0.0635],[97.84984,-0.0626],[97.85633,-0.06302],[97.86213,-0.06157],[97.87058,-0.06275],[97.87796,-0.06135],[97.88117,-0.06135],[97.88276,-0.06273],[97.88784,-0.06155],[97.88978,-0.06203],[97.89056,-0.06339]]]]}},{"type":"Feature","properties":{"id_kab":"1205","KDPKAB":"1205","kodekab_kemendagri":"1213","nmkab":"Langkat","provinsi":"Sumatera Utara","status_crs":"Tinggi","indeks_crs":0.4653,"norm_crs":0.2789,"indeks_hazard":0.5208,"status_hazard":"Tinggi","indeks_exposure":0.4618,"status_exposure":"Tinggi","indeks_kerentanan":0.4317,"status_vulnerability":"Sedang","skor_banjir":23.5287,"skor_longsor":26.2913},"geometry":{"type":"MultiPolygon","coordinates":[[[[98.24441,3.25828],[98.23266,3.26369],[98.22325,3.27065],[98.22007,3.28073],[98.21765,3.2843],[98.20788,3.28225],[98.20242,3.27842],[98.19861,3.27765],[98.18238,3.28057],[98.17371,3.27778],[98.16787,3.28032],[98.15934,3.27694],[98.14239,3.26651],[98.13639,3.2655],[98.12415,3.26543],[98.12079,3.26632],[98.11792,3.26992],[98.1077,3.29122],[98.10846,3.29956],[98.09926,3.31393],[98.09519,3.3157],[98.08931,3.31641],[98.08277,3.31948],[98.07853,3.31983],[98.07159,3.31527],[98.06428,3.31887],[98.05802,3.31559],[98.05581,3.31584],[98.04202,3.32447],[98.02924,3.33055],[98.02027,3.34457],[98.01619,3.34701],[98.0143,3.34938],[98.01066,3.35924],[98.00654,3.36566],[98.00175,3.36986],[97.99563,3.37313],[97.99312,3.3717],[97.98848,3.37089],[97.97656,3.37246],[97.97067,3.37802],[97.94823,3.39067],[97.94757,3.3921],[97.94806,3.39759],[97.95166,3.4073],[97.95166,3.40969],[97.94888,3.41692],[97.93497,3.43569],[97.93384,3.43861],[97.93374,3.44446],[97.93631,3.45036],[97.94145,3.45583],[97.94516,3.46221],[97.94977,3.47282],[97.95908,3.48162],[97.95819,3.48306],[97.95104,3.48463],[97.94605,3.48941],[97.93139,3.49213],[97.92157,3.49813],[97.9205,3.5],[97.92291,3.50526],[97.92382,3.5122],[97.92073,3.5196],[97.91253,3.53391],[97.91235,3.54366],[97.9097,3.55015],[97.90441,3.55694],[97.89783,3.56031],[97.89242,3.55909],[97.88477,3.56108],[97.87559,3.56516],[97.86826,3.57103],[97.86691,3.57659],[97.86704,3.58484],[97.86364,3.59463],[97.86368,3.59887],[97.86426,3.60079],[97.87054,3.60698],[97.87194,3.61207],[97.86912,3.61553],[97.85859,3.62235],[97.85355,3.62692],[97.85282,3.63015],[97.85395,3.63996],[97.8466,3.6532],[97.8444,3.6612],[97.8384,3.66852],[97.82931,3.67218],[97.82601,3.67593],[97.82252,3.68129],[97.81913,3.6906],[97.80464,3.71037],[97.80383,3.71677],[97.80027,3.72267],[97.81521,3.73674],[97.81904,3.74418],[97.83697,3.76302],[97.83989,3.7678],[97.84895,3.77426],[97.85616,3.77528],[97.86098,3.78431],[97.86945,3.78718],[97.87284,3.78939],[97.87517,3.79268],[97.87974,3.79412],[97.88244,3.79627],[97.88464,3.79968],[97.89632,3.80793],[97.90019,3.8166],[97.90161,3.81776],[97.9077,3.81762],[97.90925,3.81881],[97.90967,3.82443],[97.92244,3.84535],[97.92191,3.84687],[97.91815,3.84791],[97.91559,3.85184],[97.9149,3.86244],[97.90982,3.86935],[97.90959,3.87884],[97.90254,3.8857],[97.90042,3.91061],[97.91342,3.914],[97.91546,3.91346],[97.92938,3.90237],[97.9338,3.89565],[97.93536,3.89517],[97.93765,3.89677],[97.94315,3.89716],[97.9449,3.89638],[97.94951,3.88975],[97.95198,3.88969],[97.95728,3.90201],[97.95524,3.91596],[97.95529,3.92433],[97.95761,3.92892],[97.96177,3.93269],[97.98009,3.94123],[97.98998,3.9418],[97.99523,3.94509],[98.00115,3.95569],[98.00389,3.96388],[98.00953,3.96411],[98.01454,3.96265],[98.01597,3.96373],[98.01605,3.96632],[98.01895,3.96798],[98.02386,3.96856],[98.02345,3.97286],[98.02445,3.97658],[98.02859,3.97929],[98.03138,3.98593],[98.02931,3.99193],[98.03097,4.00201],[98.02581,4.01378],[98.02596,4.01615],[98.02754,4.01956],[98.03227,4.02243],[98.04035,4.0212],[98.04442,4.02212],[98.0462,4.02407],[98.04811,4.0323],[98.04662,4.03454],[98.04095,4.03593],[98.03988,4.03872],[98.04233,4.04482],[98.0412,4.04886],[98.04164,4.05167],[98.04414,4.05704],[98.04493,4.0769],[98.04813,4.08533],[98.04668,4.08582],[98.04668,4.08876],[98.04728,4.09014],[98.05009,4.09166],[98.04963,4.09507],[98.04768,4.09733],[98.0546,4.10669],[98.05329,4.11299],[98.05341,4.11764],[98.05656,4.13432],[98.06152,4.13744],[98.0665,4.13917],[98.07406,4.14419],[98.07569,4.14648],[98.07165,4.15224],[98.07162,4.15531],[98.0727,4.15738],[98.07228,4.16059],[98.06111,4.18572],[98.06269,4.18666],[98.06792,4.18692],[98.07698,4.19123],[98.08393,4.18836],[98.09212,4.19251],[98.08903,4.19762],[98.08921,4.20214],[98.09446,4.20901],[98.09163,4.21338],[98.08948,4.22731],[98.08819,4.2295],[98.07445,4.23435],[98.07155,4.23707],[98.06916,4.24474],[98.07184,4.25617],[98.08173,4.25761],[98.08396,4.25944],[98.08621,4.25974],[98.09288,4.25841],[98.09584,4.255],[98.10222,4.25138],[98.1065,4.25123],[98.11124,4.25242],[98.11265,4.25077],[98.121,4.25128],[98.12134,4.25405],[98.12397,4.25539],[98.1346,4.25848],[98.14194,4.25928],[98.14761,4.2622],[98.15031,4.27013],[98.14622,4.2784],[98.14782,4.28213],[98.14763,4.2856],[98.15208,4.28709],[98.16217,4.28581],[98.1675,4.28985],[98.17482,4.28959],[98.18107,4.28793],[98.1893,4.28863],[98.19061,4.29342],[98.19449,4.29536],[98.19761,4.29481],[98.19893,4.30001],[98.20122,4.30014],[98.2058,4.29772],[98.20942,4.29881],[98.21243,4.29845],[98.21111,4.29325],[98.21377,4.28841],[98.21618,4.28769],[98.21991,4.28999],[98.22377,4.28866],[98.2298,4.2923],[98.23076,4.29073],[98.22968,4.28552],[98.23487,4.28371],[98.23897,4.28396],[98.23933,4.28965],[98.2433,4.29364],[98.24499,4.29437],[98.24873,4.29353],[98.25173,4.28845],[98.25279,4.28184],[98.25143,4.27938],[98.24651,4.27552],[98.24247,4.26895],[98.24364,4.26872],[98.24906,4.25456],[98.24891,4.2459],[98.24665,4.23836],[98.24727,4.22302],[98.25077,4.2066],[98.25191,4.20449],[98.25435,4.20317],[98.25401,4.20089],[98.24588,4.18718],[98.23836,4.18996],[98.23511,4.18649],[98.22267,4.18184],[98.215,4.18179],[98.20825,4.18038],[98.20236,4.1752],[98.19586,4.17266],[98.1906,4.17227],[98.18767,4.17323],[98.18474,4.17209],[98.1836,4.16704],[98.1691,4.16166],[98.17057,4.15784],[98.15901,4.15383],[98.17445,4.14825],[98.17832,4.14567],[98.17274,4.13014],[98.17484,4.12278],[98.17305,4.11134],[98.16763,4.09777],[98.16444,4.09367],[98.16166,4.08263],[98.16449,4.08277],[98.16778,4.08675],[98.17444,4.09894],[98.18359,4.10963],[98.19147,4.11226],[98.1961,4.11172],[98.19655,4.11031],[98.19642,4.10888],[98.1928,4.1054],[98.19065,4.10356],[98.18551,4.10186],[98.18332,4.09989],[98.18372,4.09926],[98.20203,4.10977],[98.20492,4.11482],[98.20558,4.1181],[98.21274,4.12463],[98.21627,4.12516],[98.22006,4.12763],[98.22737,4.12866],[98.23567,4.13141],[98.2545,4.13011],[98.25926,4.12849],[98.26478,4.12362],[98.27543,4.12016],[98.28107,4.11387],[98.29117,4.11018],[98.29782,4.10576],[98.30697,4.08751],[98.30981,4.07413],[98.31464,4.07079],[98.32422,4.07269],[98.33954,4.07331],[98.35173,4.07745],[98.36948,4.07217],[98.38422,4.07403],[98.38801,4.07612],[98.39062,4.07573],[98.4018,4.07079],[98.40512,4.06818],[98.41852,4.0542],[98.42547,4.04906],[98.42905,4.04783],[98.43094,4.04535],[98.43094,4.04275],[98.43538,4.0411],[98.43871,4.04214],[98.44591,4.03914],[98.451,4.04104],[98.46598,4.0391],[98.4736,4.03526],[98.48149,4.03401],[98.48946,4.03043],[98.49085,4.02931],[98.49114,4.0274],[98.48904,4.02509],[98.48666,4.0189],[98.48699,4.01525],[98.48859,4.01195],[98.49015,4.0116],[98.49274,4.01271],[98.49446,4.01706],[98.49682,4.01811],[98.50792,4.01745],[98.51779,4.01958],[98.52448,4.01663],[98.52969,4.01663],[98.53659,4.01347],[98.54325,4.01182],[98.5442,4.00914],[98.54211,4.00202],[98.53814,3.99552],[98.53849,3.99281],[98.5448,3.98322],[98.54757,3.98279],[98.55025,3.98435],[98.55281,3.98173],[98.55677,3.97238],[98.55638,3.96692],[98.55343,3.96272],[98.55775,3.94951],[98.55783,3.9452],[98.56005,3.93893],[98.56424,3.93739],[98.57321,3.93953],[98.57605,3.93605],[98.5838,3.93297],[98.58289,3.92783],[98.5843,3.9243],[98.58885,3.92495],[98.59566,3.92242],[98.60458,3.91494],[98.61669,3.91266],[98.62084,3.91402],[98.6291,3.91235],[98.63263,3.9169],[98.6378,3.9164],[98.65652,3.91179],[98.66119,3.91186],[98.66356,3.90962],[98.6645,3.90726],[98.66229,3.90603],[98.65626,3.90577],[98.65356,3.9045],[98.65058,3.89998],[98.64371,3.89515],[98.64045,3.88678],[98.63762,3.88444],[98.62339,3.88411],[98.61897,3.87931],[98.61638,3.87304],[98.61215,3.86669],[98.60698,3.86959],[98.6038,3.86808],[98.60286,3.8661],[98.60815,3.85995],[98.60992,3.85552],[98.60905,3.85386],[98.60122,3.84825],[98.6044,3.84117],[98.60442,3.83715],[98.60338,3.83459],[98.59877,3.83153],[98.59536,3.83395],[98.59068,3.83549],[98.58543,3.83404],[98.58719,3.82546],[98.58493,3.82214],[98.58362,3.8217],[98.57918,3.82392],[98.57816,3.82358],[98.57763,3.82151],[98.57931,3.81934],[98.57493,3.81309],[98.57644,3.81134],[98.58067,3.81291],[98.58211,3.81189],[98.58217,3.81033],[98.57979,3.80951],[98.57567,3.80612],[98.56886,3.80515],[98.56266,3.80077],[98.55549,3.79831],[98.55298,3.7929],[98.54609,3.79336],[98.54513,3.79667],[98.53872,3.79667],[98.53533,3.79029],[98.53764,3.7862],[98.5263,3.77514],[98.52467,3.7699],[98.51382,3.75467],[98.50846,3.75035],[98.50402,3.74863],[98.50327,3.74373],[98.50988,3.74376],[98.51023,3.72903],[98.50677,3.7123],[98.5091,3.7075],[98.50758,3.70323],[98.50514,3.70005],[98.50071,3.67011],[98.48805,3.66697],[98.47247,3.64753],[98.47111,3.64964],[98.46821,3.64987],[98.45921,3.65554],[98.45165,3.65723],[98.44721,3.6572],[98.44629,3.65606],[98.44643,3.65399],[98.45805,3.65178],[98.4625,3.65222],[98.46262,3.64799],[98.46904,3.64466],[98.47483,3.63538],[98.47355,3.61685],[98.44274,3.61277],[98.44195,3.60984],[98.44472,3.60652],[98.44506,3.59836],[98.45848,3.59453],[98.45952,3.59677],[98.45852,3.59753],[98.45932,3.59937],[98.46092,3.60053],[98.46278,3.59918],[98.45722,3.59233],[98.45917,3.58864],[98.4581,3.58429],[98.45329,3.57905],[98.4492,3.56885],[98.44686,3.56681],[98.44541,3.55575],[98.44641,3.53908],[98.45169,3.53289],[98.45305,3.52949],[98.47187,3.52887],[98.47186,3.52779],[98.47786,3.52826],[98.4773,3.53816],[98.47504,3.54514],[98.47482,3.55338],[98.47569,3.55643],[98.49403,3.55505],[98.49773,3.55904],[98.4976,3.56475],[98.49995,3.56571],[98.50235,3.55951],[98.50949,3.55611],[98.51026,3.55419],[98.50952,3.54954],[98.51142,3.54066],[98.51097,3.53128],[98.51369,3.52832],[98.52507,3.52175],[98.52445,3.51999],[98.52311,3.51977],[98.52086,3.51707],[98.51904,3.50922],[98.514,3.50199],[98.51384,3.49515],[98.50773,3.4769],[98.50772,3.47385],[98.51021,3.46502],[98.50601,3.46137],[98.50427,3.4576],[98.50447,3.45247],[98.50641,3.44741],[98.50217,3.43895],[98.50431,3.43751],[98.50334,3.43045],[98.50085,3.42626],[98.50081,3.41913],[98.5027,3.41062],[98.50622,3.40291],[98.50602,3.40114],[98.5037,3.39643],[98.49732,3.39376],[98.4962,3.39068],[98.49985,3.38488],[98.49946,3.3794],[98.50221,3.37049],[98.50374,3.35982],[98.50695,3.35559],[98.50413,3.34146],[98.5045,3.33144],[98.50884,3.32116],[98.50924,3.31657],[98.50796,3.31303],[98.50889,3.30758],[98.50022,3.29834],[98.49521,3.29513],[98.48944,3.29304],[98.48702,3.29084],[98.48672,3.28861],[98.47973,3.28594],[98.46993,3.27632],[98.47032,3.2736],[98.47489,3.27088],[98.47387,3.26531],[98.46854,3.26326],[98.45932,3.25376],[98.45656,3.25311],[98.45338,3.25376],[98.44888,3.24827],[98.44643,3.24859],[98.44424,3.24723],[98.43594,3.23765],[98.43191,3.23596],[98.42989,3.23648],[98.42257,3.24464],[98.41949,3.2465],[98.40534,3.2474],[98.39922,3.2496],[98.39999,3.25284],[98.39935,3.26167],[98.39449,3.26273],[98.38116,3.26916],[98.37221,3.26966],[98.36331,3.27165],[98.35213,3.28451],[98.35503,3.27104],[98.35843,3.26296],[98.36096,3.25094],[98.36626,3.24534],[98.35962,3.23248],[98.35557,3.22783],[98.34898,3.22193],[98.34002,3.21836],[98.32289,3.22271],[98.31398,3.22656],[98.29764,3.2287],[98.29293,3.24319],[98.28822,3.24716],[98.28888,3.25281],[98.28752,3.25484],[98.28568,3.25528],[98.27757,3.25252],[98.27345,3.2533],[98.26117,3.24935],[98.24997,3.25541],[98.24441,3.25828]]],[[[98.58489,3.93498],[98.58554,3.93283],[98.58495,3.93044],[98.58383,3.9296],[98.58471,3.93435],[98.58489,3.93498]]],[[[98.57338,3.94361],[98.57065,3.93955],[98.56043,3.93979],[98.5609,3.94132],[98.56865,3.94976],[98.57219,3.94675],[98.57328,3.94449],[98.57338,3.94361]]],[[[98.26846,4.17552],[98.27322,4.17093],[98.27482,4.16675],[98.27467,4.16158],[98.27276,4.15359],[98.27076,4.15066],[98.27217,4.1424],[98.27076,4.14065],[98.26254,4.13901],[98.26028,4.137],[98.25991,4.13433],[98.25839,4.13302],[98.25202,4.13341],[98.24742,4.1367],[98.2447,4.14098],[98.23535,4.14349],[98.23262,4.14698],[98.23718,4.15908],[98.24147,4.16391],[98.24409,4.16905],[98.24358,4.17198],[98.24493,4.1752],[98.25197,4.17396],[98.25656,4.17623],[98.26248,4.17598],[98.26576,4.17465],[98.26807,4.17539],[98.26846,4.17552]]],[[[98.20497,4.13287],[98.20576,4.13329],[98.20576,4.13122],[98.20439,4.13118],[98.20474,4.13255],[98.20497,4.13287]]],[[[98.20491,4.12128],[98.20366,4.11901],[98.20056,4.12042],[98.19881,4.11992],[98.19791,4.11718],[98.19637,4.11584],[98.18458,4.11412],[98.18393,4.11536],[98.18625,4.12104],[98.19279,4.1285],[98.19549,4.13015],[98.20169,4.1306],[98.20485,4.12776],[98.20562,4.12545],[98.20491,4.12128]]],[[[98.20473,4.1364],[98.20311,4.13143],[98.1995,4.13054],[98.196,4.13151],[98.20206,4.13743],[98.20505,4.13695],[98.20473,4.1364]]],[[[98.20089,4.13777],[98.20265,4.1405],[98.2041,4.14073],[98.20296,4.13859],[98.20101,4.13763],[98.20089,4.13777]]],[[[98.19929,4.11857],[98.20103,4.11744],[98.20097,4.11512],[98.19991,4.11368],[98.19797,4.11471],[98.19929,4.11857]]],[[[98.19075,4.12959],[98.18884,4.12852],[98.18802,4.12897],[98.19159,4.13434],[98.19263,4.13481],[98.19127,4.13239],[98.19133,4.13176],[98.19217,4.13244],[98.1921,4.13108],[98.19086,4.12971],[98.19075,4.12959]]],[[[98.18874,4.12778],[98.1876,4.12592],[98.1883,4.12754],[98.18874,4.12778]]],[[[98.18477,4.13292],[98.18156,4.13015],[98.1808,4.13242],[98.18213,4.13407],[98.18408,4.13584],[98.18597,4.13576],[98.18506,4.13329],[98.18477,4.13292]]],[[[98.17509,4.13235],[98.17944,4.14161],[98.18224,4.14307],[98.18444,4.14302],[98.18584,4.13893],[98.18063,4.13321],[98.17795,4.12807],[98.17514,4.1316],[98.17509,4.13235]]],[[[98.17928,4.12771],[98.18043,4.12998],[98.18024,4.12707],[98.17898,4.12656],[98.17928,4.12771]]],[[[98.17854,4.12673],[98.17842,4.12642],[98.17816,4.12624],[98.17792,4.12687],[98.17802,4.12693],[98.17826,4.12698],[98.17848,4.12692],[98.17854,4.12673]]]]}},{"type":"Feature","properties":{"id_kab":"1215","KDPKAB":"1215","kodekab_kemendagri":"1216","nmkab":"Pakpak Bharat","provinsi":"Sumatera Utara","status_crs":"Sedang","indeks_crs":0.1211,"norm_crs":0.0726,"indeks_hazard":0.2756,"status_hazard":"Sedang","indeks_exposure":0.0333,"status_exposure":"Rendah","indeks_kerentanan":0.406,"status_vulnerability":"Sedang","skor_banjir":15.1458,"skor_longsor":28.2491},"geometry":{"type":"Polygon","coordinates":[[[98.25222,2.352],[98.26201,2.34161],[98.2609,2.33804],[98.26083,2.33194],[98.26361,2.27611],[98.26188,2.26623],[98.25257,2.27581],[98.24716,2.28],[98.23091,2.28855],[98.19707,2.3117],[98.18485,2.32916],[98.16294,2.38257],[98.1474,2.42365],[98.13678,2.43093],[98.10573,2.46967],[98.09453,2.48491],[98.0875,2.49911],[98.08326,2.51038],[98.08125,2.5195],[98.08111,2.5226],[98.08394,2.53045],[98.08348,2.53901],[98.08484,2.54677],[98.08336,2.55213],[98.08313,2.56034],[98.07846,2.57517],[98.07868,2.58156],[98.08345,2.59214],[98.08498,2.60275],[98.09144,2.60122],[98.10044,2.60153],[98.10961,2.60406],[98.11261,2.61338],[98.10853,2.62437],[98.10459,2.62863],[98.1058,2.63952],[98.10317,2.65473],[98.10487,2.66374],[98.10361,2.68276],[98.10063,2.68928],[98.0846,2.70751],[98.07165,2.73279],[98.07165,2.74265],[98.07597,2.75005],[98.07042,2.76423],[98.08058,2.76959],[98.09447,2.77421],[98.10846,2.77609],[98.11106,2.77961],[98.11491,2.78259],[98.12146,2.78283],[98.13068,2.77956],[98.13495,2.77534],[98.14459,2.77045],[98.15712,2.76951],[98.16096,2.76839],[98.17972,2.75603],[98.1865,2.74999],[98.19075,2.74109],[98.19719,2.7351],[98.21201,2.72761],[98.22545,2.72311],[98.23688,2.71543],[98.25124,2.70837],[98.25287,2.71283],[98.25694,2.71545],[98.26041,2.71934],[98.26864,2.72054],[98.2742,2.71952],[98.27979,2.71642],[98.29427,2.70491],[98.29588,2.7012],[98.30607,2.69627],[98.31185,2.69532],[98.32261,2.69698],[98.32703,2.69903],[98.3312,2.70562],[98.34117,2.7043],[98.34394,2.69558],[98.34238,2.69483],[98.3434,2.68801],[98.3448,2.68887],[98.34457,2.69491],[98.34653,2.69442],[98.35293,2.68758],[98.35591,2.68574],[98.35935,2.67819],[98.36164,2.67047],[98.36001,2.659],[98.37397,2.65258],[98.39389,2.6478],[98.39656,2.64473],[98.40153,2.64248],[98.41256,2.63999],[98.41213,2.63821],[98.40712,2.63307],[98.40343,2.62723],[98.40135,2.61354],[98.40573,2.60895],[98.41241,2.60923],[98.4193,2.61083],[98.42952,2.61938],[98.43788,2.59443],[98.44424,2.58171],[98.45357,2.5705],[98.46066,2.56634],[98.46458,2.56257],[98.46554,2.56041],[98.46749,2.5493],[98.46472,2.54749],[98.45779,2.5342],[98.4532,2.52877],[98.4491,2.52588],[98.43704,2.5225],[98.42298,2.52821],[98.41542,2.52888],[98.40965,2.5272],[98.40167,2.52228],[98.3997,2.52013],[98.4006,2.51864],[98.40429,2.51744],[98.40491,2.51603],[98.40551,2.49997],[98.41349,2.48551],[98.41506,2.48033],[98.41564,2.4755],[98.4146,2.47043],[98.40896,2.46396],[98.39683,2.45982],[98.37883,2.46176],[98.36358,2.45988],[98.3559,2.45477],[98.35533,2.4426],[98.35658,2.43299],[98.355,2.43],[98.33817,2.41918],[98.33232,2.41975],[98.32909,2.41766],[98.32479,2.41728],[98.31945,2.41893],[98.31676,2.41688],[98.29958,2.41453],[98.2975,2.41139],[98.30606,2.39406],[98.3075,2.38722],[98.30139,2.36139],[98.30449,2.34701],[98.30428,2.33918],[98.30278,2.33528],[98.29603,2.33385],[98.28569,2.335],[98.27667,2.33889],[98.26729,2.34899],[98.25833,2.35611],[98.25195,2.35568],[98.25108,2.35473],[98.25212,2.35223],[98.25222,2.352]]]}},{"type":"Feature","properties":{"id_kab":"1216","KDPKAB":"1216","kodekab_kemendagri":"1215","nmkab":"Humbang Hasundutan","provinsi":"Sumatera Utara","status_crs":"Sedang","indeks_crs":0.0913,"norm_crs":0.0547,"indeks_hazard":0.0999,"status_hazard":"Rendah","indeks_exposure":0.1534,"status_exposure":"Rendah","indeks_kerentanan":0.761,"status_vulnerability":"Sangat Tinggi","skor_banjir":15.0058,"skor_longsor":23.7828},"geometry":{"type":"MultiPolygon","coordinates":[[[[98.68294,2.00802],[98.67942,1.98948],[98.67782,1.98824],[98.67306,1.99211],[98.66411,2.00233],[98.65537,2.01804],[98.65152,2.01953],[98.65072,2.01876],[98.64825,2.01534],[98.64679,2.00753],[98.64442,2.00341],[98.63818,2.01153],[98.63451,2.01384],[98.62959,2.0162],[98.6239,2.01471],[98.62128,2.01508],[98.61132,2.02093],[98.60827,2.02429],[98.60612,2.02857],[98.60543,2.03339],[98.6078,2.03947],[98.60544,2.04485],[98.60233,2.04834],[98.60225,2.05135],[98.6049,2.05423],[98.60684,2.0623],[98.60559,2.06438],[98.60129,2.06721],[98.59656,2.07208],[98.59199,2.08303],[98.58438,2.08231],[98.56895,2.07841],[98.5622,2.07459],[98.55394,2.07404],[98.54943,2.07827],[98.54277,2.08239],[98.5395,2.08318],[98.52982,2.08241],[98.52554,2.0835],[98.52053,2.08327],[98.51078,2.08009],[98.50606,2.07973],[98.4736,2.08674],[98.46803,2.08834],[98.46816,2.09633],[98.45852,2.09066],[98.4497,2.09266],[98.4449,2.09768],[98.4382,2.10204],[98.41747,2.11303],[98.38627,2.11853],[98.3728,2.13168],[98.35157,2.14456],[98.3427,2.14562],[98.33652,2.14809],[98.33557,2.14992],[98.32684,2.15651],[98.32583,2.15601],[98.3234,2.15846],[98.30693,2.15981],[98.30382,2.16132],[98.2992,2.16625],[98.29185,2.17753],[98.28006,2.18427],[98.27525,2.18851],[98.28392,2.20011],[98.28242,2.20447],[98.28277,2.20899],[98.27978,2.22252],[98.26807,2.2209],[98.26725,2.23287],[98.26949,2.2418],[98.26188,2.26623],[98.26361,2.27611],[98.26083,2.33194],[98.2609,2.33804],[98.26201,2.34161],[98.25533,2.34949],[98.25285,2.35098],[98.25108,2.35473],[98.25397,2.35612],[98.25833,2.35611],[98.26729,2.34899],[98.27667,2.33889],[98.28569,2.335],[98.29603,2.33385],[98.30278,2.33528],[98.30428,2.33918],[98.30449,2.34701],[98.30139,2.36139],[98.3075,2.38722],[98.30606,2.39406],[98.2975,2.41139],[98.29958,2.41453],[98.31676,2.41688],[98.31945,2.41893],[98.32479,2.41728],[98.32909,2.41766],[98.33232,2.41975],[98.33817,2.41918],[98.355,2.43],[98.35658,2.43299],[98.35533,2.4426],[98.3559,2.45477],[98.3594,2.45769],[98.36358,2.45988],[98.37883,2.46176],[98.39683,2.45982],[98.40896,2.46396],[98.4146,2.47043],[98.41564,2.4755],[98.41506,2.48033],[98.42279,2.48129],[98.43112,2.48703],[98.44581,2.48708],[98.45928,2.47734],[98.46974,2.46677],[98.47371,2.4646],[98.48341,2.46735],[98.50168,2.47867],[98.51071,2.48617],[98.5106,2.48708],[98.58184,2.48657],[98.58562,2.48341],[98.5819,2.47924],[98.58746,2.47576],[98.58783,2.46781],[98.58618,2.4656],[98.58508,2.4582],[98.58679,2.45178],[98.59869,2.45184],[98.60481,2.4526],[98.606,2.45383],[98.61102,2.45184],[98.62543,2.45263],[98.63102,2.45148],[98.64337,2.45224],[98.64625,2.45091],[98.64582,2.44582],[98.65596,2.42757],[98.65641,2.42482],[98.65945,2.41973],[98.66708,2.41295],[98.67173,2.40422],[98.67674,2.40735],[98.71081,2.41747],[98.71838,2.42093],[98.74923,2.43935],[98.7579,2.43408],[98.77784,2.41995],[98.78895,2.40943],[98.78976,2.40551],[98.789,2.40418],[98.79083,2.39964],[98.79879,2.39061],[98.80458,2.37796],[98.80711,2.37454],[98.83821,2.35836],[98.83926,2.35492],[98.83779,2.35188],[98.83231,2.3523],[98.82885,2.35527],[98.82546,2.35572],[98.82214,2.35338],[98.81626,2.34684],[98.81687,2.33684],[98.82195,2.32813],[98.82643,2.32302],[98.83224,2.31885],[98.84164,2.31982],[98.84537,2.32362],[98.84626,2.32555],[98.84561,2.32818],[98.84816,2.33138],[98.85025,2.33213],[98.85531,2.33833],[98.85828,2.33599],[98.86272,2.33906],[98.86551,2.33415],[98.86625,2.33477],[98.87398,2.33222],[98.88048,2.33345],[98.88601,2.33577],[98.88844,2.3296],[98.89317,2.32563],[98.90012,2.32693],[98.91085,2.32492],[98.91676,2.32283],[98.92734,2.3248],[98.93739,2.32371],[98.94242,2.32017],[98.95165,2.31799],[98.95362,2.30944],[98.95971,2.30069],[98.96363,2.28977],[98.96196,2.28405],[98.96324,2.27856],[98.96204,2.2694],[98.94406,2.26219],[98.93922,2.25825],[98.93876,2.25725],[98.93971,2.25636],[98.93896,2.2546],[98.9249,2.23704],[98.92154,2.2293],[98.89552,2.22204],[98.88055,2.21411],[98.88119,2.21169],[98.8799,2.20995],[98.87352,2.20973],[98.86529,2.21851],[98.85932,2.21801],[98.85183,2.21574],[98.84582,2.21328],[98.84681,2.20867],[98.84567,2.20768],[98.83013,2.19712],[98.82061,2.19507],[98.81416,2.19067],[98.81143,2.18755],[98.81398,2.1776],[98.81725,2.17013],[98.81732,2.16139],[98.81084,2.15939],[98.80017,2.15833],[98.78116,2.14801],[98.7807,2.1435],[98.7731,2.13179],[98.73891,2.13132],[98.73718,2.12808],[98.73315,2.12614],[98.73035,2.12754],[98.72456,2.12613],[98.72648,2.11629],[98.70797,2.07206],[98.69731,2.04252],[98.68294,2.00802]]],[[[98.82364,2.34441],[98.82455,2.34268],[98.82307,2.34134],[98.82227,2.34397],[98.82299,2.34468],[98.82364,2.34441]]]]}},{"type":"Feature","properties":{"id_kab":"1211","KDPKAB":"1211","kodekab_kemendagri":"1210","nmkab":"Dairi","provinsi":"Sumatera Utara","status_crs":"Sedang","indeks_crs":0.2024,"norm_crs":0.1213,"indeks_hazard":0.2702,"status_hazard":"Sedang","indeks_exposure":0.4957,"status_exposure":"Tinggi","indeks_kerentanan":0.2534,"status_vulnerability":"Sedang","skor_banjir":15.3124,"skor_longsor":27.9407},"geometry":{"type":"Polygon","coordinates":[[[98.29012,2.7085],[98.27979,2.71642],[98.2742,2.71952],[98.26864,2.72054],[98.26041,2.71934],[98.25694,2.71545],[98.25287,2.71283],[98.25124,2.70837],[98.23688,2.71543],[98.22545,2.72311],[98.21201,2.72761],[98.20017,2.73325],[98.19436,2.73715],[98.19075,2.74109],[98.1865,2.74999],[98.17972,2.75603],[98.16738,2.76455],[98.16096,2.76839],[98.15712,2.76951],[98.14459,2.77045],[98.13495,2.77534],[98.13068,2.77956],[98.12686,2.7811],[98.12146,2.78283],[98.11491,2.78259],[98.11692,2.78498],[98.10506,2.79033],[98.09869,2.81649],[98.09904,2.82282],[98.06401,2.81763],[98.05684,2.81931],[98.05074,2.82311],[98.04555,2.83027],[98.03991,2.84882],[98.03503,2.84867],[98.03228,2.85046],[98.02776,2.85589],[98.01194,2.86802],[98.004,2.87362],[97.99641,2.87613],[97.9924,2.8822],[97.98853,2.88279],[97.97052,2.88989],[97.95842,2.89211],[97.94869,2.89533],[97.95177,2.90915],[97.94525,2.91252],[97.94721,2.91813],[97.94434,2.92348],[97.94383,2.92735],[97.94471,2.93114],[97.94993,2.93411],[97.95142,2.93775],[97.95245,2.94958],[97.95515,2.95893],[97.95405,2.96981],[97.95413,2.98178],[97.95208,2.98536],[97.93784,2.9866],[97.93513,2.98952],[97.94043,2.99511],[97.94694,3.00572],[97.9461,3.01045],[97.93974,3.02318],[97.93853,3.0282],[97.93912,3.037],[97.94396,3.04305],[97.94423,3.04565],[97.94236,3.04797],[97.9303,3.05425],[97.92992,3.05569],[97.9313,3.06751],[97.93578,3.07361],[97.9403,3.07522],[97.94334,3.07419],[97.94915,3.07514],[97.95032,3.07393],[97.94817,3.06851],[97.94957,3.06557],[97.96133,3.06564],[97.96457,3.06791],[97.97101,3.07022],[97.97377,3.07298],[97.97529,3.07656],[97.97899,3.07975],[97.98152,3.08457],[97.98608,3.09019],[97.99012,3.09195],[98.00009,3.08708],[98.00722,3.08475],[98.02311,3.08033],[98.02782,3.08165],[98.0317,3.07806],[98.03741,3.07801],[98.03843,3.07877],[98.0385,3.08169],[98.03682,3.08954],[98.03476,3.0939],[98.02935,3.10031],[98.02811,3.10422],[98.02838,3.10801],[98.03143,3.11237],[98.03144,3.11471],[98.02833,3.11959],[98.02804,3.1217],[98.03069,3.12344],[98.03605,3.12388],[98.04319,3.1215],[98.05058,3.12092],[98.05349,3.11894],[98.05963,3.11029],[98.06777,3.10266],[98.07422,3.08684],[98.07734,3.07456],[98.08541,3.07089],[98.09717,3.07149],[98.10191,3.06638],[98.10572,3.05866],[98.10928,3.0554],[98.11664,3.05387],[98.12123,3.05596],[98.12465,3.05511],[98.1314,3.05224],[98.13456,3.04883],[98.1389,3.05332],[98.15184,3.06256],[98.15915,3.07001],[98.17094,3.0649],[98.17614,3.06476],[98.18164,3.06822],[98.19151,3.05298],[98.19623,3.04998],[98.19803,3.04555],[98.19736,3.03198],[98.19205,3.0212],[98.19594,3.00105],[98.19992,2.99931],[98.2015,2.9973],[98.20206,2.98831],[98.19957,2.98684],[98.20082,2.9841],[98.2159,2.96535],[98.22195,2.9523],[98.24872,2.93129],[98.26913,2.95348],[98.2845,2.96048],[98.29372,2.97007],[98.3077,2.97171],[98.31447,2.9707],[98.31882,2.96708],[98.34426,2.96619],[98.34846,2.96271],[98.36354,2.93757],[98.36845,2.93251],[98.38647,2.92519],[98.39488,2.92372],[98.40197,2.92428],[98.41165,2.92251],[98.42939,2.91734],[98.43047,2.915],[98.4322,2.90162],[98.43556,2.89355],[98.43994,2.89033],[98.4485,2.89067],[98.45722,2.88282],[98.47455,2.87345],[98.47304,2.8654],[98.48249,2.86019],[98.49378,2.86253],[98.49953,2.86687],[98.51431,2.87021],[98.5206,2.87412],[98.52105,2.87546],[98.52461,2.8739],[98.52204,2.86807],[98.52488,2.86044],[98.52513,2.85338],[98.52813,2.84814],[98.52558,2.83732],[98.52671,2.83075],[98.52708,2.81448],[98.5288,2.81007],[98.52889,2.8009],[98.52783,2.79441],[98.52911,2.79282],[98.5452,2.78489],[98.55039,2.78125],[98.55638,2.77139],[98.56183,2.76918],[98.56348,2.76762],[98.56769,2.76251],[98.5697,2.75765],[98.56907,2.75413],[98.57285,2.73882],[98.57507,2.73711],[98.57789,2.73752],[98.57648,2.72977],[98.57281,2.72532],[98.57235,2.70814],[98.5665,2.68634],[98.55528,2.59592],[98.55914,2.59142],[98.56097,2.58772],[98.56061,2.58144],[98.55578,2.57563],[98.55268,2.57367],[98.548,2.57276],[98.54087,2.57251],[98.53795,2.57445],[98.52893,2.57111],[98.52584,2.56886],[98.52397,2.56561],[98.51948,2.56436],[98.51732,2.56474],[98.50507,2.55442],[98.49048,2.54688],[98.48651,2.54688],[98.47528,2.55231],[98.46685,2.55282],[98.46458,2.56257],[98.46066,2.56634],[98.45357,2.5705],[98.44715,2.57774],[98.44083,2.58775],[98.43294,2.60754],[98.42952,2.61938],[98.4193,2.61083],[98.41241,2.60923],[98.40573,2.60895],[98.40135,2.61354],[98.40343,2.62723],[98.40712,2.63307],[98.41213,2.63821],[98.41256,2.63999],[98.40153,2.64248],[98.39656,2.64473],[98.39389,2.6478],[98.37397,2.65258],[98.36001,2.659],[98.36164,2.67047],[98.35935,2.67819],[98.35591,2.68574],[98.35293,2.68758],[98.34653,2.69442],[98.34457,2.69491],[98.3448,2.68887],[98.3434,2.68801],[98.34238,2.69483],[98.34394,2.69558],[98.34117,2.7043],[98.3312,2.70562],[98.32703,2.69903],[98.32261,2.69698],[98.31185,2.69532],[98.30377,2.69681],[98.29588,2.7012],[98.29427,2.70491],[98.29213,2.70676],[98.29012,2.7085]]]}},{"type":"Feature","properties":{"id_kab":"1207","KDPKAB":"1207","kodekab_kemendagri":"1212","nmkab":"Deli Serdang","provinsi":"Sumatera Utara","status_crs":"Tinggi","indeks_crs":0.4582,"norm_crs":0.2746,"indeks_hazard":0.3454,"status_hazard":"Sedang","indeks_exposure":0.6592,"status_exposure":"Sangat Tinggi","indeks_kerentanan":0.6675,"status_vulnerability":"Tinggi","skor_banjir":27.5406,"skor_longsor":17.6828},"geometry":{"type":"Polygon","coordinates":[[[98.71949,3.12109],[98.70877,3.10279],[98.70825,3.09604],[98.70956,3.09607],[98.71005,3.09802],[98.71416,3.099],[98.71449,3.0984],[98.70745,3.0867],[98.70578,3.06375],[98.69989,3.05147],[98.69447,3.05234],[98.69528,3.05772],[98.69448,3.06407],[98.69199,3.06687],[98.68881,3.06746],[98.68348,3.06391],[98.68227,3.06736],[98.67337,3.07134],[98.65921,3.06663],[98.6461,3.0669],[98.62726,3.06246],[98.6247,3.06355],[98.62213,3.07178],[98.62047,3.08906],[98.61715,3.0972],[98.61338,3.10127],[98.60705,3.10434],[98.60529,3.10406],[98.60555,3.1077],[98.60728,3.11032],[98.61052,3.11077],[98.61594,3.10684],[98.62201,3.10484],[98.62873,3.1157],[98.62886,3.12044],[98.62755,3.12541],[98.62368,3.132],[98.6185,3.132],[98.61534,3.13308],[98.61469,3.13781],[98.6112,3.14744],[98.60638,3.15295],[98.60125,3.16282],[98.60294,3.17104],[98.60123,3.17732],[98.60248,3.18106],[98.60495,3.18183],[98.61095,3.17922],[98.61309,3.18034],[98.61534,3.1835],[98.61242,3.19178],[98.6123,3.19466],[98.61442,3.19874],[98.62175,3.20737],[98.62053,3.21472],[98.62109,3.21788],[98.62672,3.22236],[98.62275,3.23175],[98.6215,3.23211],[98.61784,3.22965],[98.59976,3.22274],[98.59517,3.2181],[98.58912,3.21881],[98.58672,3.2181],[98.57515,3.21006],[98.56742,3.20818],[98.56449,3.20537],[98.56226,3.2009],[98.55793,3.19941],[98.55596,3.20031],[98.55415,3.21539],[98.54587,3.23589],[98.5368,3.24616],[98.53187,3.24735],[98.52998,3.24631],[98.51904,3.25003],[98.50657,3.24026],[98.50299,3.24007],[98.49994,3.24165],[98.4936,3.23866],[98.49084,3.2357],[98.48769,3.22668],[98.48399,3.2316],[98.47399,3.23169],[98.47146,3.23293],[98.46709,3.23913],[98.45932,3.25376],[98.46854,3.26326],[98.47387,3.26531],[98.47489,3.27088],[98.47174,3.27224],[98.46993,3.27483],[98.46993,3.27632],[98.47272,3.27964],[98.47973,3.28594],[98.48672,3.28861],[98.48702,3.29084],[98.48944,3.29304],[98.49521,3.29513],[98.50022,3.29834],[98.50889,3.30758],[98.50796,3.31303],[98.50924,3.31657],[98.50884,3.32116],[98.5045,3.33144],[98.50413,3.34146],[98.50695,3.35559],[98.50374,3.35982],[98.50221,3.37049],[98.49946,3.3794],[98.49985,3.38488],[98.4962,3.39068],[98.49732,3.39376],[98.5037,3.39643],[98.50602,3.40114],[98.50622,3.40291],[98.5027,3.41062],[98.50081,3.41913],[98.50085,3.42626],[98.50334,3.43045],[98.50431,3.43751],[98.50217,3.43895],[98.50641,3.44741],[98.50447,3.45247],[98.50427,3.4576],[98.50601,3.46137],[98.51021,3.46502],[98.50772,3.47385],[98.50773,3.4769],[98.51384,3.49515],[98.514,3.50199],[98.51904,3.50922],[98.52086,3.51707],[98.52311,3.51977],[98.52445,3.51999],[98.52507,3.52175],[98.51369,3.52832],[98.51097,3.53128],[98.51142,3.54066],[98.50952,3.54954],[98.51024,3.55233],[98.50974,3.55579],[98.50235,3.55951],[98.49995,3.56571],[98.4976,3.56475],[98.49623,3.5666],[98.4967,3.56837],[98.50044,3.57207],[98.53833,3.57266],[98.53944,3.57435],[98.53872,3.58483],[98.53404,3.59787],[98.53612,3.60651],[98.53571,3.61058],[98.53327,3.61333],[98.53334,3.62096],[98.52368,3.62097],[98.52561,3.62654],[98.52731,3.627],[98.52725,3.63184],[98.51223,3.63177],[98.51159,3.64167],[98.51654,3.64169],[98.51613,3.64588],[98.51145,3.64602],[98.51013,3.65002],[98.51183,3.65209],[98.51659,3.65224],[98.51455,3.65542],[98.51124,3.65539],[98.51115,3.66223],[98.51209,3.66391],[98.51848,3.66388],[98.51809,3.66699],[98.51078,3.66701],[98.50945,3.67257],[98.50149,3.67249],[98.50514,3.70005],[98.50758,3.70323],[98.5091,3.7075],[98.50677,3.7123],[98.51023,3.72903],[98.50988,3.74376],[98.50327,3.74373],[98.50402,3.74863],[98.50846,3.75035],[98.51382,3.75467],[98.52467,3.7699],[98.5263,3.77514],[98.53764,3.7862],[98.53533,3.79029],[98.53872,3.79667],[98.54513,3.79667],[98.54609,3.79336],[98.55298,3.7929],[98.55549,3.79831],[98.56266,3.80077],[98.56886,3.80515],[98.57567,3.80612],[98.57979,3.80951],[98.58201,3.81011],[98.58211,3.81189],[98.58067,3.81291],[98.57707,3.81136],[98.57492,3.81268],[98.57931,3.81934],[98.57763,3.82151],[98.57816,3.82358],[98.57963,3.82375],[98.5826,3.82174],[98.5855,3.82283],[98.58722,3.82592],[98.58528,3.83282],[98.58574,3.83429],[98.59068,3.83549],[98.59536,3.83395],[98.59877,3.83153],[98.60338,3.83459],[98.60442,3.83715],[98.6044,3.84117],[98.60122,3.84825],[98.60905,3.85386],[98.60992,3.85552],[98.60815,3.85995],[98.6029,3.86678],[98.6046,3.86876],[98.60698,3.86959],[98.61215,3.86669],[98.61638,3.87304],[98.61897,3.87931],[98.62339,3.88411],[98.63762,3.88444],[98.64045,3.88678],[98.64371,3.89515],[98.65058,3.89998],[98.65356,3.9045],[98.65626,3.90577],[98.66229,3.90603],[98.6645,3.90726],[98.6669,3.90458],[98.66742,3.90762],[98.67007,3.90826],[98.6807,3.90239],[98.68212,3.89863],[98.68917,3.89272],[98.69347,3.88705],[98.70067,3.86855],[98.69637,3.86295],[98.69813,3.85286],[98.69791,3.84645],[98.70172,3.81469],[98.70368,3.80948],[98.70825,3.80268],[98.71051,3.79128],[98.69398,3.78951],[98.68463,3.78953],[98.68144,3.7885],[98.67976,3.78581],[98.68041,3.7807],[98.67982,3.77763],[98.67897,3.7758],[98.67604,3.77402],[98.6732,3.77398],[98.66898,3.7759],[98.6634,3.78094],[98.65373,3.78186],[98.65123,3.78173],[98.64846,3.78012],[98.64454,3.77454],[98.63693,3.77576],[98.63215,3.77514],[98.63291,3.77234],[98.63639,3.77077],[98.63567,3.76776],[98.62864,3.76872],[98.6253,3.7596],[98.6308,3.75438],[98.63592,3.74418],[98.6416,3.73948],[98.65097,3.73728],[98.65305,3.73877],[98.6522,3.73184],[98.65052,3.72972],[98.64742,3.73085],[98.64615,3.73041],[98.64462,3.72767],[98.64451,3.72165],[98.63509,3.72073],[98.63361,3.71948],[98.63319,3.71664],[98.63122,3.71521],[98.62326,3.71481],[98.61553,3.70847],[98.61397,3.70838],[98.61417,3.70555],[98.62104,3.70595],[98.62242,3.7051],[98.62313,3.70311],[98.62321,3.70142],[98.61461,3.70076],[98.61479,3.69722],[98.62623,3.69798],[98.62607,3.69967],[98.63175,3.69962],[98.63341,3.68419],[98.64859,3.68354],[98.65154,3.67552],[98.65778,3.67528],[98.65699,3.65874],[98.65814,3.65635],[98.6576,3.64524],[98.66005,3.63848],[98.66654,3.63525],[98.66437,3.63172],[98.66428,3.62416],[98.65263,3.6152],[98.63044,3.61573],[98.62853,3.6146],[98.62752,3.61149],[98.61514,3.61196],[98.61306,3.61359],[98.61309,3.61819],[98.61039,3.61843],[98.61003,3.6129],[98.60559,3.61281],[98.60565,3.61864],[98.6007,3.6202],[98.59966,3.61849],[98.60107,3.61454],[98.60458,3.61072],[98.60674,3.60431],[98.6055,3.59407],[98.60302,3.58794],[98.60668,3.58316],[98.60848,3.5823],[98.61055,3.58404],[98.61139,3.58319],[98.6073,3.56752],[98.60753,3.5657],[98.61193,3.56325],[98.6103,3.55978],[98.6119,3.55679],[98.61154,3.55372],[98.60619,3.55319],[98.60575,3.55],[98.59332,3.54133],[98.59347,3.54026],[98.59624,3.53898],[98.60092,3.53816],[98.60254,3.53382],[98.5977,3.52724],[98.60006,3.51951],[98.60221,3.51629],[98.60176,3.5127],[98.59745,3.50638],[98.59692,3.50363],[98.5929,3.49914],[98.59284,3.49524],[98.60052,3.49122],[98.60521,3.49452],[98.61167,3.4972],[98.6159,3.5003],[98.61929,3.50491],[98.62237,3.50996],[98.62358,3.51606],[98.62569,3.51884],[98.62785,3.51819],[98.62789,3.51276],[98.63184,3.50579],[98.63552,3.50564],[98.63553,3.50729],[98.64327,3.50858],[98.63803,3.49239],[98.63794,3.48872],[98.64044,3.48771],[98.64174,3.48146],[98.64647,3.48287],[98.64658,3.48523],[98.64486,3.4903],[98.64799,3.49776],[98.65117,3.49627],[98.65507,3.49638],[98.65832,3.50402],[98.65958,3.50839],[98.65869,3.50984],[98.65738,3.50941],[98.65594,3.51057],[98.65531,3.51509],[98.6556,3.51831],[98.65767,3.52245],[98.66224,3.52231],[98.66172,3.51479],[98.67253,3.51454],[98.67662,3.5136],[98.67585,3.51631],[98.67962,3.51878],[98.6968,3.51843],[98.69797,3.52004],[98.69831,3.53149],[98.7424,3.52939],[98.74235,3.52767],[98.74396,3.52762],[98.74531,3.52964],[98.74477,3.53397],[98.74547,3.53569],[98.7444,3.53676],[98.73961,3.53682],[98.73514,3.53836],[98.73498,3.54105],[98.73018,3.5402],[98.7289,3.538],[98.72286,3.54177],[98.72295,3.5433],[98.72153,3.54487],[98.72191,3.54883],[98.72023,3.55085],[98.72023,3.55234],[98.72676,3.55267],[98.72712,3.56706],[98.72877,3.57106],[98.73277,3.57222],[98.73697,3.57559],[98.73766,3.58139],[98.73326,3.58142],[98.73324,3.58501],[98.73893,3.58678],[98.73233,3.58664],[98.72853,3.58238],[98.71864,3.58268],[98.7189,3.58964],[98.74096,3.59201],[98.7399,3.59397],[98.74072,3.59695],[98.73619,3.59911],[98.7118,3.59998],[98.71059,3.59722],[98.70716,3.59573],[98.70552,3.59691],[98.70534,3.59938],[98.70653,3.59962],[98.70732,3.61816],[98.70916,3.61834],[98.70957,3.61985],[98.70945,3.62661],[98.70782,3.62847],[98.70669,3.6285],[98.70426,3.62815],[98.70444,3.62601],[98.69338,3.62655],[98.69266,3.64371],[98.69813,3.64521],[98.70168,3.64511],[98.70249,3.65335],[98.69617,3.65711],[98.69302,3.65728],[98.69046,3.65887],[98.69085,3.66471],[98.68138,3.66805],[98.68051,3.67179],[98.66983,3.67172],[98.66938,3.67361],[98.66938,3.67561],[98.68022,3.67542],[98.68056,3.67879],[98.69655,3.67818],[98.69489,3.6729],[98.70249,3.67202],[98.70223,3.66726],[98.7034,3.66721],[98.71063,3.67425],[98.7125,3.67859],[98.70949,3.6851],[98.70937,3.68776],[98.71013,3.68739],[98.71082,3.68838],[98.71094,3.69382],[98.70623,3.70313],[98.70462,3.71138],[98.70479,3.71501],[98.7069,3.71368],[98.71006,3.71878],[98.71488,3.72141],[98.71496,3.72395],[98.71957,3.72558],[98.72419,3.72099],[98.7306,3.71996],[98.73141,3.72107],[98.72979,3.72447],[98.72666,3.72772],[98.72679,3.73353],[98.7215,3.73477],[98.71765,3.73886],[98.71398,3.74015],[98.70581,3.74036],[98.70434,3.74147],[98.70299,3.75019],[98.70191,3.75116],[98.70356,3.75313],[98.70523,3.7686],[98.70857,3.77187],[98.71706,3.76939],[98.71844,3.77212],[98.72363,3.77427],[98.72803,3.77246],[98.73643,3.77202],[98.7448,3.76895],[98.75926,3.75989],[98.76144,3.75388],[98.76609,3.74556],[98.77426,3.73297],[98.77825,3.72939],[98.7834,3.72709],[98.79152,3.72706],[98.82134,3.71176],[98.82581,3.7074],[98.83182,3.70719],[98.84451,3.70435],[98.87379,3.68798],[98.89879,3.6816],[98.93127,3.67812],[98.94434,3.67568],[98.95125,3.67927],[98.95313,3.67426],[98.94615,3.65819],[98.94592,3.64742],[98.9387,3.62526],[98.93676,3.62181],[98.93051,3.61548],[98.92503,3.61255],[98.92294,3.60963],[98.92277,3.60667],[98.91896,3.59905],[98.92068,3.59058],[98.91868,3.58531],[98.91931,3.58196],[98.92324,3.57576],[98.93222,3.57008],[98.93408,3.56759],[98.93231,3.55596],[98.92642,3.54667],[98.92649,3.54454],[98.93047,3.54079],[98.93272,3.53623],[98.93233,3.53168],[98.93591,3.52387],[98.93684,3.51813],[98.93672,3.51419],[98.93313,3.50344],[98.93599,3.49903],[98.93492,3.49214],[98.93171,3.48481],[98.91994,3.46613],[98.91983,3.45847],[98.91901,3.45659],[98.91434,3.45145],[98.91658,3.42134],[98.91914,3.40888],[98.92079,3.40505],[98.92141,3.399],[98.91692,3.38901],[98.92087,3.38337],[98.91705,3.37744],[98.91923,3.3689],[98.91399,3.36002],[98.91036,3.35849],[98.89949,3.35951],[98.8939,3.35816],[98.88562,3.35563],[98.87734,3.34867],[98.86918,3.34492],[98.86317,3.34371],[98.86207,3.34208],[98.85981,3.34135],[98.85822,3.34294],[98.85852,3.34426],[98.85639,3.3439],[98.8513,3.33882],[98.84578,3.33744],[98.84118,3.33318],[98.83546,3.33005],[98.83264,3.3223],[98.83252,3.31844],[98.82982,3.31531],[98.82237,3.31452],[98.81889,3.31291],[98.81007,3.30555],[98.80142,3.30302],[98.7963,3.2992],[98.79617,3.28682],[98.78919,3.27573],[98.77483,3.26805],[98.7713,3.26315],[98.7706,3.2583],[98.76828,3.25255],[98.76454,3.24854],[98.75282,3.2394],[98.75013,3.23375],[98.74285,3.22957],[98.73725,3.22404],[98.73306,3.21714],[98.72873,3.21248],[98.72517,3.20582],[98.72517,3.20379],[98.73582,3.19908],[98.73667,3.19542],[98.73595,3.19256],[98.73138,3.18563],[98.72802,3.17647],[98.74353,3.17454],[98.7432,3.16632],[98.74039,3.16086],[98.73251,3.15385],[98.73062,3.14984],[98.72061,3.14121],[98.71567,3.12749],[98.71949,3.12109]]]}},{"type":"Feature","properties":{"id_kab":"1206","KDPKAB":"1206","kodekab_kemendagri":"1211","nmkab":"Karo","provinsi":"Sumatera Utara","status_crs":"Sedang","indeks_crs":0.1846,"norm_crs":0.1106,"indeks_hazard":0.2069,"status_hazard":"Sedang","indeks_exposure":0.6885,"status_exposure":"Sangat Tinggi","indeks_kerentanan":0.2035,"status_vulnerability":"Rendah","skor_banjir":15.3346,"skor_longsor":26.2602},"geometry":{"type":"Polygon","coordinates":[[[98.39788,2.92402],[98.39399,2.92381],[98.38647,2.92519],[98.36768,2.93311],[98.36234,2.93942],[98.34846,2.96271],[98.34426,2.96619],[98.31882,2.96708],[98.31447,2.9707],[98.3077,2.97171],[98.29372,2.97007],[98.2845,2.96048],[98.27093,2.95474],[98.26264,2.94726],[98.26018,2.94336],[98.24871,2.93129],[98.22195,2.9523],[98.2159,2.96535],[98.20082,2.9841],[98.19957,2.98684],[98.20206,2.98831],[98.2015,2.9973],[98.19992,2.99931],[98.19594,3.00105],[98.19205,3.0212],[98.19736,3.03198],[98.19803,3.04555],[98.19623,3.04998],[98.19151,3.05298],[98.18164,3.06822],[98.17614,3.06476],[98.17094,3.0649],[98.15915,3.07001],[98.15184,3.06256],[98.1389,3.05332],[98.13456,3.04883],[98.1314,3.05224],[98.12465,3.05511],[98.12123,3.05596],[98.11664,3.05387],[98.10928,3.0554],[98.10572,3.05866],[98.10191,3.06638],[98.09717,3.07149],[98.08541,3.07089],[98.07734,3.07456],[98.07422,3.08684],[98.06777,3.10266],[98.05963,3.11029],[98.05349,3.11894],[98.05058,3.12092],[98.04319,3.1215],[98.03605,3.12388],[98.03069,3.12344],[98.02804,3.1217],[98.02833,3.11959],[98.03144,3.11471],[98.03143,3.11237],[98.02838,3.10801],[98.02811,3.10422],[98.02935,3.10031],[98.03476,3.0939],[98.03682,3.08954],[98.0385,3.08169],[98.03843,3.07877],[98.03741,3.07801],[98.0317,3.07806],[98.02782,3.08165],[98.02311,3.08033],[98.00722,3.08475],[98.00009,3.08708],[97.99123,3.09184],[97.98659,3.09076],[97.98261,3.08614],[97.97936,3.09718],[97.98175,3.1109],[97.98138,3.11646],[97.97652,3.12888],[97.96431,3.14473],[97.9509,3.15502],[97.94617,3.16187],[97.94307,3.16093],[97.9404,3.16225],[97.94413,3.16698],[97.95583,3.17611],[97.95713,3.17898],[97.95378,3.18078],[97.95149,3.18403],[97.94478,3.20696],[97.94127,3.2055],[97.93724,3.20534],[97.93248,3.20979],[97.92832,3.21892],[97.91925,3.22994],[97.92072,3.23857],[97.919,3.24446],[97.92052,3.24767],[97.91985,3.25217],[97.91747,3.25661],[97.92054,3.25614],[97.92758,3.25972],[97.92853,3.25912],[97.93546,3.26097],[97.9403,3.26441],[97.94201,3.26431],[97.94536,3.26769],[97.94664,3.27099],[97.94613,3.27177],[97.96263,3.27308],[97.96393,3.2739],[97.96433,3.27674],[97.97633,3.27639],[97.97947,3.28531],[97.98153,3.2863],[97.98273,3.28661],[97.9859,3.28209],[97.98822,3.28082],[97.993,3.28169],[97.99563,3.28316],[97.99947,3.28874],[98.0027,3.29132],[98.00773,3.29256],[98.01138,3.29471],[98.01698,3.30254],[98.02075,3.30264],[98.02074,3.30857],[98.01971,3.31245],[98.02018,3.31599],[98.0226,3.3221],[98.02889,3.33101],[98.03166,3.32884],[98.04202,3.32447],[98.05581,3.31584],[98.05802,3.31559],[98.06428,3.31887],[98.07159,3.31527],[98.07853,3.31983],[98.08277,3.31948],[98.08931,3.31641],[98.09519,3.3157],[98.09926,3.31393],[98.10846,3.29956],[98.1077,3.29122],[98.11792,3.26992],[98.12079,3.26632],[98.12415,3.26543],[98.13639,3.2655],[98.14239,3.26651],[98.15934,3.27694],[98.16787,3.28032],[98.17371,3.27778],[98.18238,3.28057],[98.19861,3.27765],[98.20242,3.27842],[98.20788,3.28225],[98.21765,3.2843],[98.22007,3.28073],[98.22325,3.27065],[98.23266,3.26369],[98.26117,3.24935],[98.27345,3.2533],[98.27757,3.25252],[98.28568,3.25528],[98.28752,3.25484],[98.28888,3.25281],[98.28822,3.24716],[98.29293,3.24319],[98.29764,3.2287],[98.31398,3.22656],[98.32289,3.22271],[98.33478,3.21909],[98.34002,3.21836],[98.34898,3.22193],[98.35962,3.23248],[98.36626,3.24534],[98.36096,3.25094],[98.35843,3.26296],[98.35503,3.27104],[98.35213,3.28451],[98.36331,3.27165],[98.37221,3.26966],[98.38116,3.26916],[98.39449,3.26273],[98.39935,3.26167],[98.39999,3.25284],[98.39922,3.2496],[98.40534,3.2474],[98.41949,3.2465],[98.42257,3.24464],[98.42989,3.23648],[98.43191,3.23596],[98.43594,3.23765],[98.44424,3.24723],[98.44643,3.24859],[98.44888,3.24827],[98.45338,3.25376],[98.45656,3.25311],[98.45932,3.25376],[98.46709,3.23913],[98.47146,3.23293],[98.47399,3.23169],[98.48399,3.2316],[98.48769,3.22668],[98.49084,3.2357],[98.4936,3.23866],[98.49994,3.24165],[98.50299,3.24007],[98.50657,3.24026],[98.51904,3.25003],[98.52998,3.24631],[98.53187,3.24735],[98.5368,3.24616],[98.54587,3.23589],[98.55415,3.21539],[98.55596,3.20031],[98.55793,3.19941],[98.56226,3.2009],[98.56449,3.20537],[98.56742,3.20818],[98.57515,3.21006],[98.58672,3.2181],[98.58912,3.21881],[98.59517,3.2181],[98.59976,3.22274],[98.61784,3.22965],[98.6215,3.23211],[98.62275,3.23175],[98.62672,3.22236],[98.62109,3.21788],[98.62053,3.21472],[98.62175,3.20737],[98.61442,3.19874],[98.6123,3.19466],[98.61242,3.19178],[98.61534,3.1835],[98.61309,3.18034],[98.61095,3.17922],[98.60495,3.18183],[98.60248,3.18106],[98.60123,3.17732],[98.60294,3.17104],[98.60126,3.16254],[98.60638,3.15295],[98.6112,3.14744],[98.61469,3.13781],[98.61534,3.13308],[98.6185,3.132],[98.62368,3.132],[98.62548,3.12963],[98.62886,3.12044],[98.62873,3.1157],[98.62201,3.10484],[98.61594,3.10684],[98.61052,3.11077],[98.60636,3.10957],[98.60455,3.09921],[98.59879,3.09324],[98.59523,3.08684],[98.59272,3.08681],[98.58317,3.07817],[98.58375,3.07242],[98.58654,3.06222],[98.58596,3.05283],[98.58494,3.05094],[98.57169,3.04256],[98.56613,3.03296],[98.5601,3.03014],[98.5565,3.02722],[98.55777,3.02255],[98.55392,3.01449],[98.5533,3.00699],[98.55107,3.00007],[98.55382,2.99638],[98.55452,2.99144],[98.55151,2.98749],[98.54925,2.97808],[98.54999,2.97306],[98.55186,2.97079],[98.55194,2.96719],[98.54699,2.95476],[98.54749,2.94943],[98.54552,2.94421],[98.54118,2.93576],[98.53495,2.92819],[98.53415,2.9256],[98.5327,2.90433],[98.54044,2.89721],[98.54486,2.89814],[98.55006,2.89435],[98.55197,2.88743],[98.55032,2.88198],[98.5554,2.88036],[98.55668,2.8784],[98.55607,2.87621],[98.55419,2.87462],[98.54642,2.87364],[98.54326,2.87431],[98.54111,2.87794],[98.54321,2.88042],[98.54341,2.8827],[98.53587,2.89513],[98.53122,2.89702],[98.52201,2.89557],[98.52232,2.8906],[98.52364,2.88784],[98.52291,2.88354],[98.51837,2.87991],[98.51891,2.87679],[98.52105,2.87546],[98.5206,2.87412],[98.5132,2.8698],[98.49953,2.86687],[98.49378,2.86253],[98.48249,2.86019],[98.47304,2.8654],[98.47455,2.87345],[98.45722,2.88282],[98.4485,2.89067],[98.43994,2.89033],[98.43556,2.89355],[98.4322,2.90162],[98.43047,2.915],[98.42939,2.91734],[98.41165,2.92251],[98.3992,2.92434],[98.39788,2.92402]]]}},{"type":"Feature","properties":{"id_kab":"1210","KDPKAB":"1210","kodekab_kemendagri":"1207","nmkab":"Labuhanbatu","provinsi":"Sumatera Utara","status_crs":"Tinggi","indeks_crs":0.3616,"norm_crs":0.2167,"indeks_hazard":0.3713,"status_hazard":"Sedang","indeks_exposure":0.7188,"status_exposure":"Sangat Tinggi","indeks_kerentanan":0.2553,"status_vulnerability":"Sedang","skor_banjir":28.5393,"skor_longsor":17.3618},"geometry":{"type":"MultiPolygon","coordinates":[[[[100.03314,2.06084],[100.02589,2.05282],[100.03226,2.04551],[100.03909,2.04276],[100.04513,2.04215],[100.03293,2.02864],[100.02982,2.02374],[100.02984,2.01917],[100.0247,2.00817],[100.01761,1.98727],[100.01034,1.97421],[100.03699,1.94791],[100.03733,1.93636],[99.99772,1.93658],[99.99806,1.9485],[99.95973,1.9496],[99.94999,1.96477],[99.95076,1.96499],[99.9445,1.96727],[99.92026,1.96737],[99.91249,1.96578],[99.91236,1.98484],[99.89824,1.98404],[99.896,1.98316],[99.89297,1.96606],[99.88232,1.96651],[99.88343,1.94896],[99.88042,1.92407],[99.87637,1.92253],[99.87148,1.91713],[99.86996,1.90738],[99.87029,1.90209],[99.87097,1.8975],[99.87618,1.88605],[99.8803,1.87902],[99.883,1.87681],[99.88953,1.86763],[99.89049,1.86334],[99.89028,1.85574],[99.89159,1.85323],[99.89426,1.85241],[99.89621,1.84536],[99.90618,1.84736],[99.89381,1.82847],[99.89039,1.82131],[99.88841,1.8145],[99.87035,1.8069],[99.86672,1.80714],[99.86285,1.80529],[99.85291,1.80585],[99.84156,1.80053],[99.83783,1.80237],[99.83621,1.81072],[99.83242,1.81846],[99.83488,1.82764],[99.84436,1.83255],[99.84775,1.83536],[99.8457,1.84412],[99.84123,1.84714],[99.83918,1.85],[99.84142,1.85731],[99.83746,1.85723],[99.83633,1.85931],[99.83626,1.863],[99.83153,1.86812],[99.82619,1.86848],[99.82368,1.86987],[99.82262,1.87407],[99.82735,1.89412],[99.83304,1.90511],[99.83218,1.90791],[99.8289,1.91002],[99.8277,1.91251],[99.83238,1.92235],[99.83316,1.92698],[99.83152,1.93291],[99.83303,1.94179],[99.84089,1.9703],[99.84961,1.97842],[99.8522,1.98294],[99.85286,1.9889],[99.85178,1.99358],[99.84691,1.99282],[99.84418,1.9887],[99.83791,1.9888],[99.83105,1.99062],[99.82373,1.99004],[99.8213,2.00512],[99.80586,2.00626],[99.77977,2.00561],[99.76776,1.99998],[99.75954,1.99745],[99.73776,1.97662],[99.72687,1.96955],[99.72028,1.9635],[99.70947,1.94818],[99.69566,1.93853],[99.69386,1.93878],[99.6908,1.94236],[99.68848,1.94699],[99.68795,1.95332],[99.68932,1.9569],[99.6934,1.96256],[99.69378,1.97072],[99.69038,1.97499],[99.68799,1.98834],[99.68751,1.99521],[99.69021,2.00172],[99.68979,2.0032],[99.67905,2.01503],[99.6835,2.03646],[99.68278,2.03707],[99.66826,2.03599],[99.66502,2.03792],[99.6619,2.03804],[99.66134,2.04032],[99.66282,2.04531],[99.6577,2.04956],[99.66545,2.05403],[99.67016,2.05864],[99.67014,2.06109],[99.67311,2.06201],[99.6775,2.06541],[99.67747,2.06875],[99.68198,2.08381],[99.68406,2.07483],[99.69113,2.07878],[99.6979,2.07764],[99.7019,2.07802],[99.7021,2.08077],[99.71015,2.08245],[99.71783,2.08613],[99.72698,2.10341],[99.72771,2.10856],[99.73027,2.11554],[99.73516,2.12009],[99.74447,2.12508],[99.74697,2.12854],[99.75573,2.13403],[99.76093,2.13578],[99.76958,2.13366],[99.771,2.13576],[99.76987,2.14037],[99.77127,2.18802],[99.79231,2.18784],[99.81389,2.18366],[99.81134,2.17379],[99.82621,2.17347],[99.85346,2.17462],[99.85372,2.20298],[99.85819,2.20347],[99.87677,2.20223],[99.8808,2.20823],[99.89809,2.19517],[99.90227,2.19312],[99.92724,2.19022],[99.92949,2.19097],[99.93857,2.20323],[99.95397,2.19915],[99.98317,2.20836],[99.98097,2.23091],[99.97992,2.28559],[99.9858,2.28501],[99.98365,2.36737],[99.97925,2.36755],[99.98327,2.42977],[99.98268,2.47349],[99.98296,2.47491],[100.02234,2.47493],[100.02251,2.47651],[100.03062,2.47746],[100.02169,2.49288],[100.04085,2.50354],[100.05154,2.50332],[100.05841,2.52565],[100.06615,2.53275],[100.07043,2.53823],[100.0721,2.54597],[100.0747,2.54502],[100.0738,2.55362],[100.0684,2.55674],[100.06736,2.56365],[100.06346,2.56464],[100.06365,2.57965],[100.06962,2.58587],[100.06667,2.60741],[100.06471,2.63248],[100.0548,2.64121],[100.06765,2.66146],[100.06754,2.66572],[100.06622,2.66721],[100.06805,2.67358],[100.07359,2.67715],[100.06221,2.68443],[100.06399,2.69207],[100.07133,2.71022],[100.07612,2.71958],[100.08853,2.71102],[100.09587,2.67276],[100.09651,2.66377],[100.09565,2.65613],[100.09151,2.6415],[100.09141,2.6178],[100.09319,2.61084],[100.10033,2.59484],[100.10222,2.5881],[100.107,2.55769],[100.111,2.54848],[100.1178,2.54011],[100.12792,2.54098],[100.13013,2.53779],[100.13676,2.53997],[100.13188,2.5728],[100.12814,2.58593],[100.12524,2.60131],[100.12314,2.60596],[100.12111,2.61497],[100.1226,2.65761],[100.1236,2.66146],[100.13053,2.67787],[100.1335,2.68251],[100.15139,2.69917],[100.16804,2.70878],[100.17474,2.71074],[100.18582,2.71201],[100.19158,2.71215],[100.20707,2.70966],[100.22019,2.70502],[100.22161,2.69271],[100.22381,2.68744],[100.22284,2.67817],[100.22868,2.66205],[100.23299,2.65893],[100.23326,2.65722],[100.23066,2.65506],[100.23443,2.64286],[100.25149,2.62434],[100.27108,2.6125],[100.27362,2.60914],[100.27283,2.60502],[100.27393,2.59542],[100.27976,2.5854],[100.28148,2.58591],[100.28992,2.5749],[100.29224,2.57468],[100.29459,2.57314],[100.29882,2.56612],[100.30335,2.56465],[100.31425,2.55447],[100.31961,2.55158],[100.32121,2.54973],[100.32275,2.54493],[100.32118,2.53953],[100.30886,2.53413],[100.30654,2.52941],[100.30688,2.50694],[100.30462,2.50674],[100.30039,2.50113],[100.30091,2.49188],[100.28994,2.49111],[100.28847,2.47586],[100.29668,2.47328],[100.30327,2.47328],[100.30402,2.47165],[100.30013,2.46075],[100.29917,2.45269],[100.29948,2.44561],[100.29677,2.43683],[100.29545,2.42821],[100.29938,2.35637],[100.30157,2.35277],[100.30191,2.34993],[100.30082,2.34018],[100.30701,2.3225],[100.31319,2.30966],[100.3173,2.29022],[100.32064,2.2867],[100.32926,2.2728],[100.33367,2.26368],[100.33568,2.25303],[100.32995,2.21993],[100.25119,2.22008],[100.21799,2.21435],[100.21671,2.20861],[100.20965,2.20567],[100.19782,2.20831],[100.19535,2.1956],[100.17958,2.18232],[100.15718,2.17809],[100.15649,2.17448],[100.14953,2.1705],[100.07783,2.17111],[100.07442,2.16997],[100.07055,2.16663],[100.06647,2.15353],[100.06033,2.14678],[100.06951,2.12192],[100.05874,2.11507],[100.05305,2.09472],[100.04532,2.08952],[100.03069,2.07101],[100.0338,2.06472],[100.03314,2.06084]]],[[[100.11673,2.5502],[100.11495,2.55473],[100.11079,2.59321],[100.10311,2.62212],[100.10329,2.62605],[100.1071,2.63134],[100.11049,2.62777],[100.11192,2.62319],[100.11501,2.60089],[100.1234,2.57411],[100.12233,2.56371],[100.12447,2.54753],[100.119,2.54812],[100.11673,2.5502]]]]}},{"type":"Feature","properties":{"id_kab":"1212","KDPKAB":"1212","kodekab_kemendagri":"1206","nmkab":"Toba","provinsi":"Sumatera Utara","status_crs":"Sedang","indeks_crs":0.2098,"norm_crs":0.1257,"indeks_hazard":0.1307,"status_hazard":"Rendah","indeks_exposure":0.9387,"status_exposure":"Sangat Tinggi","indeks_kerentanan":0.6658,"status_vulnerability":"Tinggi","skor_banjir":19.2955,"skor_longsor":20.3023},"geometry":{"type":"Polygon","coordinates":[[[99.13291,2.25695],[99.12901,2.25601],[99.12427,2.25887],[99.1183,2.25618],[99.11361,2.2564],[99.10866,2.25452],[99.10266,2.25506],[99.09684,2.26087],[99.09573,2.26758],[99.08829,2.2703],[99.08768,2.26481],[99.06443,2.27],[99.05799,2.26943],[99.05303,2.26758],[99.04227,2.26085],[99.04002,2.27316],[99.02914,2.27048],[99.02724,2.28092],[99.0103,2.27944],[99.00278,2.27368],[98.99377,2.27859],[98.98908,2.29137],[98.98948,2.30017],[98.99327,2.30649],[98.9867,2.33957],[98.98943,2.33723],[98.99116,2.33212],[98.99664,2.32209],[98.99912,2.32146],[99.0035,2.32729],[99.00409,2.33609],[99.00883,2.34023],[99.01486,2.34209],[99.01652,2.34673],[99.01882,2.34728],[99.02261,2.35003],[99.02566,2.35487],[99.02627,2.36229],[99.02742,2.36377],[99.03156,2.36311],[99.03677,2.35564],[99.03731,2.34936],[99.04059,2.35046],[99.04174,2.34986],[99.05578,2.33493],[99.05818,2.33428],[99.06155,2.33569],[99.06352,2.34199],[99.07084,2.34807],[99.07394,2.34893],[99.07948,2.34498],[99.08282,2.34485],[99.08557,2.34894],[99.08424,2.35031],[99.08544,2.35178],[99.10004,2.35568],[99.10993,2.36524],[99.11122,2.36799],[99.1113,2.37676],[99.11854,2.38068],[99.13112,2.3806],[99.1387,2.38408],[99.14625,2.39033],[99.14924,2.39857],[99.1498,2.40796],[99.15217,2.41945],[99.14737,2.4346],[99.13854,2.43408],[99.13757,2.43481],[99.1375,2.44186],[99.13756,2.43494],[99.13369,2.4374],[99.13003,2.43771],[99.12648,2.43611],[99.12219,2.43247],[99.11937,2.42506],[99.11633,2.42226],[99.11503,2.41792],[99.10623,2.41536],[99.09935,2.40814],[99.08933,2.40945],[99.08622,2.40735],[99.07664,2.40449],[99.06747,2.39982],[99.06367,2.39679],[99.05855,2.39689],[99.04989,2.39496],[99.04737,2.39601],[99.04317,2.40393],[99.04306,2.40613],[99.0464,2.41392],[99.0529,2.42325],[99.05586,2.43044],[99.05733,2.43946],[99.06184,2.44585],[99.05631,2.44922],[99.04802,2.46198],[99.04625,2.47613],[99.04927,2.48079],[99.04927,2.48697],[99.04716,2.49316],[99.03687,2.50722],[99.03726,2.50998],[99.04013,2.50967],[99.0407,2.51251],[99.03429,2.51441],[99.03255,2.51761],[99.03245,2.52176],[99.03141,2.5227],[99.02881,2.52114],[99.01154,2.52883],[99.00807,2.5324],[99.00945,2.53417],[99.0089,2.53608],[99.00467,2.54234],[98.99572,2.55107],[98.99377,2.55137],[98.99198,2.54988],[98.99616,2.54183],[98.99013,2.54095],[98.9888,2.54167],[98.98795,2.5436],[98.98918,2.54607],[98.98795,2.54853],[98.98345,2.55067],[98.98278,2.55361],[98.98356,2.55838],[98.98261,2.56002],[98.98083,2.55824],[98.97968,2.55443],[98.97644,2.55605],[98.97407,2.55334],[98.96865,2.56066],[98.96718,2.56546],[98.9652,2.56655],[98.95401,2.56921],[98.95181,2.56818],[98.95428,2.56244],[98.94906,2.56363],[98.94974,2.56598],[98.93999,2.57854],[98.937,2.57831],[98.93424,2.58086],[98.93196,2.58483],[98.92542,2.58558],[98.92429,2.58859],[98.92919,2.59805],[98.9271,2.60166],[98.9234,2.60169],[98.91984,2.60015],[98.91796,2.59779],[98.91526,2.59789],[98.91513,2.60028],[98.91806,2.60244],[98.91823,2.60388],[98.91384,2.61384],[98.91501,2.61944],[98.91302,2.62273],[98.90775,2.62328],[98.90816,2.62909],[98.90967,2.63189],[98.91914,2.64018],[98.92489,2.65342],[98.9313,2.65169],[98.93352,2.6537],[98.93377,2.65871],[98.93,2.65957],[98.93544,2.66051],[98.93967,2.65807],[98.94679,2.6579],[98.95044,2.65655],[98.95191,2.65487],[98.95665,2.6413],[98.95664,2.63457],[98.96254,2.62682],[98.96332,2.61609],[98.96729,2.60925],[98.97726,2.60606],[98.99627,2.60738],[98.99749,2.60934],[99.00479,2.61023],[99.00684,2.61378],[99.02392,2.61676],[99.02766,2.61884],[99.04098,2.63048],[99.04285,2.63422],[99.04951,2.62986],[99.05316,2.62381],[99.06332,2.61219],[99.06879,2.60754],[99.07435,2.60458],[99.07537,2.59728],[99.08368,2.58576],[99.09445,2.57536],[99.09988,2.57218],[99.10911,2.5733],[99.11084,2.57059],[99.11957,2.56985],[99.12284,2.56798],[99.12711,2.56733],[99.13474,2.56804],[99.14127,2.57255],[99.14628,2.57274],[99.14656,2.56811],[99.17036,2.55935],[99.1724,2.55726],[99.17444,2.54851],[99.17815,2.54012],[99.18299,2.53335],[99.19135,2.53144],[99.20436,2.53062],[99.20846,2.52918],[99.21345,2.52375],[99.21905,2.53668],[99.22555,2.54081],[99.24593,2.53709],[99.25085,2.53772],[99.25722,2.5406],[99.2606,2.54361],[99.27097,2.54472],[99.27234,2.54821],[99.28098,2.55503],[99.28224,2.55857],[99.28972,2.56344],[99.29514,2.5654],[99.29974,2.57065],[99.30501,2.57405],[99.30614,2.56774],[99.30614,2.55924],[99.3034,2.55408],[99.30543,2.5503],[99.30927,2.5544],[99.31036,2.55915],[99.31396,2.56141],[99.32618,2.56593],[99.3403,2.56446],[99.35013,2.56069],[99.35998,2.56226],[99.36256,2.56478],[99.36935,2.56815],[99.37404,2.5681],[99.38033,2.56498],[99.38646,2.56485],[99.3914,2.56919],[99.39015,2.5745],[99.39075,2.57803],[99.39554,2.58482],[99.4053,2.59149],[99.41857,2.59855],[99.42114,2.59902],[99.42668,2.59841],[99.42666,2.59613],[99.41905,2.58627],[99.40997,2.5649],[99.41062,2.56105],[99.41535,2.56054],[99.4214,2.56351],[99.42667,2.57039],[99.42761,2.57061],[99.42996,2.56817],[99.43278,2.568],[99.43904,2.57404],[99.44102,2.57753],[99.4417,2.59136],[99.44272,2.5952],[99.44969,2.59912],[99.45626,2.6044],[99.45739,2.60394],[99.45837,2.59984],[99.45509,2.59004],[99.45509,2.57509],[99.4531,2.57054],[99.44855,2.56738],[99.45042,2.56275],[99.46099,2.55041],[99.45255,2.54032],[99.45005,2.50199],[99.44789,2.49695],[99.43372,2.48009],[99.41919,2.46],[99.48835,2.40678],[99.50007,2.39797],[99.50415,2.39594],[99.50991,2.39684],[99.51335,2.3962],[99.51438,2.39815],[99.51438,2.40234],[99.50935,2.40988],[99.50935,2.41554],[99.51501,2.4214],[99.51082,2.43356],[99.51165,2.43922],[99.51417,2.44864],[99.51983,2.45745],[99.52364,2.4606],[99.52339,2.45762],[99.52795,2.44991],[99.52706,2.44849],[99.52232,2.4459],[99.52128,2.44061],[99.52192,2.43638],[99.52604,2.43273],[99.52727,2.42918],[99.52755,2.4234],[99.52612,2.41591],[99.52697,2.41204],[99.52645,2.40459],[99.52481,2.40169],[99.52323,2.39337],[99.52261,2.38117],[99.5218,2.37785],[99.51797,2.375],[99.51692,2.37039],[99.51792,2.36525],[99.51998,2.36551],[99.52111,2.36388],[99.51944,2.35906],[99.52059,2.35751],[99.52641,2.36056],[99.53044,2.35647],[99.53111,2.3454],[99.53332,2.34352],[99.55027,2.33754],[99.55453,2.34122],[99.55273,2.33574],[99.55876,2.33295],[99.58307,2.32745],[99.58391,2.32521],[99.58338,2.31822],[99.58524,2.31443],[99.58147,2.3096],[99.57716,2.30721],[99.55981,2.30382],[99.55694,2.30859],[99.55347,2.30882],[99.54954,2.30628],[99.54751,2.30143],[99.54468,2.28846],[99.54699,2.27431],[99.55118,2.27244],[99.55107,2.26767],[99.54986,2.2629],[99.54872,2.26207],[99.54604,2.26302],[99.54187,2.26264],[99.54106,2.26076],[99.54155,2.25665],[99.53867,2.24969],[99.52874,2.24589],[99.52619,2.24374],[99.5255,2.24173],[99.52249,2.24126],[99.50976,2.24404],[99.50426,2.24711],[99.50145,2.24705],[99.49584,2.24144],[99.49049,2.24144],[99.48758,2.24264],[99.48045,2.24247],[99.47649,2.23965],[99.47335,2.23366],[99.45644,2.22578],[99.43504,2.21696],[99.4229,2.21517],[99.41806,2.21346],[99.41584,2.21124],[99.41751,2.19845],[99.41408,2.19093],[99.40365,2.17498],[99.39427,2.16527],[99.39241,2.1662],[99.39216,2.16902],[99.38956,2.16914],[99.38193,2.1666],[99.37672,2.15903],[99.37669,2.15595],[99.36882,2.14352],[99.36511,2.14273],[99.34323,2.13045],[99.33586,2.12481],[99.32099,2.12229],[99.31497,2.12303],[99.31173,2.12064],[99.29166,2.11171],[99.28423,2.11247],[99.27755,2.11445],[99.26576,2.12038],[99.24742,2.12724],[99.24422,2.13249],[99.23906,2.13828],[99.23301,2.15136],[99.22722,2.15588],[99.22369,2.16045],[99.21447,2.16829],[99.21188,2.17154],[99.21137,2.17597],[99.20811,2.18414],[99.2125,2.1892],[99.21095,2.20278],[99.21216,2.21272],[99.20455,2.22228],[99.20314,2.2264],[99.19878,2.23092],[99.17957,2.2319],[99.16941,2.23495],[99.16015,2.23606],[99.14043,2.25506],[99.13775,2.25662],[99.13529,2.25595],[99.13291,2.25695]]]}},{"type":"Feature","properties":{"id_kab":"1208","KDPKAB":"1208","kodekab_kemendagri":"1209","nmkab":"Simalungun","provinsi":"Sumatera Utara","status_crs":"Rendah","indeks_crs":0.0075,"norm_crs":0.0045,"indeks_hazard":0.0084,"status_hazard":"Rendah","indeks_exposure":0.415,"status_exposure":"Tinggi","indeks_kerentanan":0.4692,"status_vulnerability":"Tinggi","skor_banjir":24.1548,"skor_longsor":12.2374},"geometry":{"type":"Polygon","coordinates":[[[99.04098,2.63048],[99.02766,2.61884],[99.02392,2.61676],[99.00684,2.61378],[99.00479,2.61023],[98.99749,2.60934],[98.99627,2.60738],[98.97726,2.60606],[98.96729,2.60925],[98.96332,2.61609],[98.96254,2.62682],[98.95664,2.63457],[98.95665,2.6413],[98.95191,2.65487],[98.95044,2.65655],[98.94679,2.6579],[98.93967,2.65807],[98.93544,2.66051],[98.93,2.65957],[98.93038,2.66173],[98.92949,2.66366],[98.92514,2.6645],[98.92668,2.66748],[98.93486,2.6654],[98.93668,2.66868],[98.93371,2.67085],[98.93309,2.67631],[98.93188,2.67826],[98.9298,2.67836],[98.92555,2.67616],[98.92386,2.68004],[98.92488,2.68678],[98.92105,2.69101],[98.91634,2.69205],[98.91494,2.69627],[98.91588,2.69768],[98.91924,2.69835],[98.91907,2.70388],[98.9164,2.70511],[98.91086,2.70225],[98.90408,2.70245],[98.90115,2.70382],[98.89953,2.70289],[98.89661,2.70403],[98.89325,2.70872],[98.88875,2.71821],[98.88608,2.72226],[98.88291,2.72483],[98.87836,2.72631],[98.8655,2.73471],[98.86125,2.7353],[98.85848,2.73333],[98.85422,2.73461],[98.85367,2.73975],[98.84383,2.74232],[98.83622,2.74666],[98.83236,2.74963],[98.82781,2.75911],[98.82702,2.76559],[98.82202,2.77176],[98.81312,2.77646],[98.80995,2.77675],[98.80906,2.77537],[98.81139,2.77097],[98.81104,2.76825],[98.80966,2.76741],[98.80603,2.77289],[98.8059,2.77744],[98.80263,2.78426],[98.79675,2.78816],[98.79141,2.79661],[98.78404,2.79834],[98.77414,2.80531],[98.77209,2.80926],[98.76687,2.81185],[98.76499,2.8119],[98.75087,2.82398],[98.74575,2.82391],[98.74197,2.82749],[98.73762,2.82793],[98.73579,2.82714],[98.73314,2.82932],[98.72955,2.83821],[98.72609,2.84231],[98.72335,2.8434],[98.71766,2.84283],[98.70326,2.84787],[98.69223,2.85392],[98.68669,2.86163],[98.68845,2.86498],[98.68783,2.86992],[98.68642,2.87225],[98.67878,2.87657],[98.67421,2.87719],[98.67307,2.87669],[98.67003,2.87034],[98.6696,2.86265],[98.66832,2.86224],[98.66651,2.86313],[98.66036,2.86899],[98.65313,2.87143],[98.64873,2.86896],[98.64542,2.86402],[98.64201,2.86264],[98.63741,2.86694],[98.63196,2.86792],[98.63013,2.87128],[98.63271,2.87514],[98.63251,2.87617],[98.62875,2.87929],[98.6244,2.88092],[98.62123,2.88003],[98.61839,2.87703],[98.61164,2.87716],[98.6105,2.87617],[98.6105,2.87365],[98.60763,2.87118],[98.60432,2.87281],[98.59996,2.87672],[98.59848,2.88159],[98.59897,2.88536],[98.59498,2.88926],[98.5937,2.88949],[98.58831,2.8861],[98.58054,2.88639],[98.57457,2.8843],[98.57105,2.88759],[98.5714,2.8913],[98.57027,2.89315],[98.56829,2.89381],[98.56544,2.89262],[98.56079,2.89391],[98.55817,2.90245],[98.55589,2.90226],[98.55006,2.89435],[98.54486,2.89814],[98.54113,2.89686],[98.53989,2.89764],[98.5327,2.90433],[98.53415,2.9256],[98.53495,2.92819],[98.54118,2.93576],[98.54552,2.94421],[98.54749,2.94943],[98.54699,2.95476],[98.55194,2.96719],[98.55186,2.97079],[98.54999,2.97306],[98.54925,2.97808],[98.55151,2.98749],[98.55452,2.99144],[98.55382,2.99638],[98.55107,3.00007],[98.5533,3.00699],[98.55392,3.01449],[98.55777,3.02255],[98.5565,3.02722],[98.5601,3.03014],[98.56613,3.03296],[98.57169,3.04256],[98.58494,3.05094],[98.58596,3.05283],[98.58654,3.06222],[98.58375,3.07242],[98.58317,3.07817],[98.59272,3.08681],[98.59523,3.08684],[98.59879,3.09324],[98.60455,3.09921],[98.60529,3.10406],[98.60705,3.10434],[98.61338,3.10127],[98.61715,3.0972],[98.62047,3.08906],[98.62213,3.07178],[98.6247,3.06355],[98.62726,3.06246],[98.6461,3.0669],[98.65921,3.06663],[98.67337,3.07134],[98.68227,3.06736],[98.68348,3.06391],[98.68881,3.06746],[98.69199,3.06687],[98.69448,3.06407],[98.69528,3.05772],[98.69447,3.05234],[98.69989,3.05147],[98.70578,3.06375],[98.70745,3.0867],[98.71449,3.0984],[98.71416,3.099],[98.71005,3.09802],[98.70956,3.09607],[98.70825,3.09604],[98.70877,3.10279],[98.71949,3.12109],[98.71567,3.12749],[98.71722,3.13297],[98.72061,3.14121],[98.73062,3.14984],[98.73251,3.15385],[98.74039,3.16086],[98.7432,3.16632],[98.74353,3.17454],[98.72802,3.17647],[98.73138,3.18563],[98.73595,3.19256],[98.73667,3.19542],[98.73582,3.19908],[98.72517,3.20379],[98.72495,3.20531],[98.72873,3.21248],[98.73306,3.21714],[98.73725,3.22404],[98.74285,3.22957],[98.75013,3.23375],[98.74956,3.23269],[98.75055,3.2287],[98.74807,3.22123],[98.74807,3.21476],[98.7501,3.209],[98.75744,3.21201],[98.76066,3.21776],[98.76326,3.2191],[98.7706,3.21459],[98.7819,3.21398],[98.78561,3.21577],[98.78877,3.2225],[98.84068,3.22237],[98.84277,3.22502],[98.85137,3.22916],[98.85824,3.23773],[98.85995,3.23768],[98.8633,3.24128],[98.8649,3.24902],[98.86258,3.25773],[98.86332,3.25959],[98.86618,3.26134],[98.90081,3.26013],[98.90132,3.25679],[98.90641,3.25629],[98.90909,3.25387],[98.91901,3.26025],[98.9266,3.2667],[98.93663,3.27116],[98.94009,3.27453],[98.94425,3.27581],[98.95096,3.27622],[98.95666,3.2827],[98.96424,3.28699],[98.96636,3.2861],[98.98036,3.27235],[98.97948,3.27151],[98.97669,3.2715],[98.97139,3.26807],[98.96648,3.26753],[98.96404,3.26572],[98.95825,3.25062],[98.9553,3.24003],[98.9526,3.2219],[98.94925,3.22036],[98.94803,3.21806],[98.94118,3.21222],[98.93987,3.20746],[98.98843,3.20671],[98.99447,3.21012],[98.99842,3.21022],[99.00469,3.20556],[99.00274,3.20129],[99.00031,3.18547],[98.99649,3.18179],[98.991,3.18312],[98.98777,3.18252],[98.98612,3.17246],[98.96486,3.14375],[98.96982,3.13846],[98.97228,3.12962],[98.98272,3.12782],[98.98689,3.12414],[98.9856,3.12187],[98.97716,3.11884],[98.97698,3.11027],[98.98084,3.1094],[98.98296,3.10629],[98.98693,3.09763],[98.98704,3.09258],[98.98394,3.08782],[98.97894,3.07288],[98.97503,3.0673],[98.97036,3.06512],[98.95567,3.06472],[98.94865,3.06568],[98.94258,3.0518],[98.92028,3.01564],[98.95729,3.01556],[98.98011,3.01937],[98.99769,3.02649],[99.00032,3.03147],[99.00147,3.04041],[99.00683,3.0447],[99.00983,3.04848],[99.00896,3.0619],[99.00714,3.06868],[99.00805,3.07214],[99.01865,3.08441],[99.03167,3.0948],[99.0326,3.10926],[99.04245,3.11187],[99.04604,3.11401],[99.05289,3.12929],[99.08184,3.12924],[99.0819,3.13427],[99.09555,3.13426],[99.1129,3.143],[99.12398,3.15337],[99.14684,3.17164],[99.15048,3.16656],[99.15175,3.15382],[99.15683,3.15675],[99.16246,3.15802],[99.17931,3.17002],[99.17919,3.18801],[99.18659,3.18806],[99.18663,3.17314],[99.19675,3.17848],[99.19586,3.19659],[99.19482,3.19932],[99.19619,3.20213],[99.20196,3.20526],[99.19906,3.21284],[99.20769,3.21933],[99.20678,3.22471],[99.22601,3.20471],[99.22733,3.2063],[99.22528,3.2079],[99.22638,3.21432],[99.22436,3.22003],[99.2256,3.22542],[99.22974,3.2314],[99.23234,3.24298],[99.24017,3.24706],[99.23995,3.25185],[99.23533,3.25248],[99.23637,3.25712],[99.2402,3.25997],[99.24897,3.26078],[99.25214,3.25575],[99.26023,3.25957],[99.26104,3.2641],[99.25877,3.27202],[99.26288,3.27589],[99.26745,3.27833],[99.27979,3.27455],[99.28808,3.2751],[99.29119,3.2761],[99.28976,3.27801],[99.29162,3.28107],[99.29761,3.28326],[99.30168,3.28316],[99.305,3.29239],[99.30396,3.29737],[99.3048,3.30442],[99.31462,3.29865],[99.34444,3.28801],[99.3439,3.28546],[99.34684,3.27625],[99.34369,3.26789],[99.3456,3.26305],[99.34986,3.25672],[99.34948,3.25259],[99.34813,3.25033],[99.34595,3.24955],[99.35637,3.24661],[99.35419,3.24116],[99.35083,3.23946],[99.34835,3.23124],[99.35254,3.22323],[99.35676,3.21936],[99.35942,3.21895],[99.36106,3.2216],[99.3615,3.22696],[99.36821,3.23798],[99.37058,3.24315],[99.3707,3.24618],[99.37607,3.24935],[99.38266,3.25729],[99.38918,3.25359],[99.39256,3.24842],[99.394,3.25408],[99.39949,3.2575],[99.40222,3.2563],[99.40442,3.2524],[99.40202,3.24805],[99.39772,3.23413],[99.39464,3.22736],[99.36987,3.15114],[99.41491,3.153],[99.41639,3.15386],[99.41838,3.14993],[99.42029,3.14837],[99.44148,3.14221],[99.44523,3.13944],[99.44376,3.13643],[99.44982,3.13393],[99.45908,3.13825],[99.49154,3.12692],[99.49248,3.11999],[99.49479,3.11644],[99.49807,3.11531],[99.50119,3.11864],[99.5086,3.12073],[99.51724,3.1163],[99.51227,3.10639],[99.51282,3.10541],[99.51512,3.10438],[99.52127,3.10429],[99.52148,3.10282],[99.51442,3.09726],[99.50413,3.09752],[99.50206,3.09502],[99.5279,3.08268],[99.52923,3.08393],[99.52978,3.10429],[99.5406,3.10076],[99.54301,3.09721],[99.54434,3.09978],[99.55129,3.09984],[99.56358,3.08734],[99.56544,3.08397],[99.5647,3.0828],[99.56582,3.07921],[99.54532,3.03832],[99.54074,3.03676],[99.53323,3.02993],[99.52889,3.02969],[99.52202,3.02385],[99.52292,3.01809],[99.51746,3.01449],[99.50925,3.01141],[99.49797,3.00273],[99.496,2.99431],[99.49848,2.987],[99.49847,2.98395],[99.49724,2.98361],[99.49277,2.97836],[99.48352,2.97202],[99.47677,2.96462],[99.47143,2.96072],[99.46027,2.95605],[99.45751,2.95664],[99.45545,2.95558],[99.45651,2.94351],[99.45589,2.94205],[99.4532,2.94137],[99.44983,2.93833],[99.44654,2.9312],[99.44085,2.92877],[99.42959,2.92873],[99.4267,2.92742],[99.42177,2.92208],[99.41633,2.92062],[99.41251,2.91702],[99.40827,2.91545],[99.40485,2.91647],[99.39951,2.91466],[99.39303,2.90596],[99.39279,2.90149],[99.39107,2.89876],[99.38607,2.89801],[99.38398,2.89682],[99.37891,2.88861],[99.37874,2.8861],[99.3763,2.88454],[99.3708,2.8818],[99.35976,2.88082],[99.35628,2.88372],[99.35342,2.88829],[99.35255,2.89166],[99.34733,2.89423],[99.33405,2.89361],[99.32033,2.88502],[99.31567,2.8833],[99.31259,2.88072],[99.31065,2.87726],[99.30631,2.88136],[99.30527,2.88139],[99.30036,2.87585],[99.29699,2.87035],[99.28918,2.8727],[99.28965,2.8707],[99.28871,2.86891],[99.28473,2.86639],[99.27804,2.8638],[99.27585,2.86466],[99.2662,2.85919],[99.26406,2.85484],[99.26543,2.85108],[99.2646,2.84908],[99.26074,2.8466],[99.25907,2.84382],[99.25956,2.8403],[99.25764,2.83805],[99.25818,2.83148],[99.25058,2.82381],[99.24858,2.81914],[99.24804,2.81234],[99.2405,2.80852],[99.2254,2.79877],[99.21951,2.79211],[99.21267,2.78701],[99.21134,2.78223],[99.21089,2.77466],[99.20801,2.77023],[99.19729,2.76664],[99.19164,2.76221],[99.18499,2.75516],[99.17661,2.7525],[99.17351,2.75015],[99.1728,2.74829],[99.16722,2.74267],[99.15989,2.73832],[99.15478,2.73676],[99.15071,2.73051],[99.13929,2.71868],[99.13537,2.71892],[99.12853,2.71539],[99.12572,2.71263],[99.1247,2.70993],[99.12665,2.70058],[99.12617,2.6933],[99.11854,2.68604],[99.1142,2.68283],[99.10609,2.6805],[99.10421,2.68077],[99.09941,2.67616],[99.09009,2.67455],[99.08005,2.66317],[99.07847,2.6595],[99.07689,2.65063],[99.07707,2.6432],[99.07576,2.63079],[99.08145,2.61438],[99.07981,2.60448],[99.07724,2.60349],[99.06879,2.60754],[99.06332,2.61219],[99.05316,2.62381],[99.04951,2.62986],[99.04285,2.63422],[99.04098,2.63048]],[[99.09485,3.01666],[99.09254,3.01275],[99.08824,3.01303],[99.08469,3.01477],[99.07631,3.01404],[99.06884,3.01526],[99.06423,3.01198],[99.06179,3.00874],[99.05754,3.00625],[99.0555,3.00706],[99.03792,3.00742],[99.03706,3.00669],[99.03648,3.0024],[99.03698,2.99788],[99.03334,2.99675],[99.02936,2.99389],[99.02197,2.98337],[99.02198,2.97626],[99.0232,2.97298],[99.02644,2.97229],[99.0263,2.96691],[99.0213,2.9581],[99.02121,2.9563],[99.02223,2.95653],[99.02343,2.95231],[99.02155,2.95146],[99.02034,2.9486],[99.02235,2.9434],[99.03104,2.93623],[99.03259,2.93162],[99.03824,2.9303],[99.041,2.92827],[99.04162,2.92593],[99.04155,2.92476],[99.03816,2.92236],[99.03351,2.92138],[99.03378,2.91899],[99.03772,2.91475],[99.03262,2.9116],[99.02775,2.90996],[99.02507,2.90771],[99.02405,2.90576],[99.02452,2.90413],[99.01684,2.90043],[99.01517,2.89843],[99.01729,2.89219],[99.02767,2.89193],[99.03603,2.90526],[99.03949,2.90867],[99.04801,2.90809],[99.05312,2.91369],[99.06364,2.91788],[99.07109,2.92213],[99.08174,2.92952],[99.08291,2.93125],[99.09378,2.93443],[99.09581,2.93291],[99.09924,2.93361],[99.10803,2.9398],[99.10674,2.94122],[99.09669,2.94164],[99.09291,2.95381],[99.10117,2.95895],[99.0984,2.9626],[99.09417,2.96177],[99.08419,2.95568],[99.08256,2.95673],[99.0875,2.964],[99.08915,2.97056],[99.08844,2.97303],[99.08167,2.97508],[99.0817,2.97831],[99.08946,2.98266],[99.09255,2.9827],[99.09223,2.9939],[99.09398,2.99603],[99.09467,3.0046],[99.098,3.00704],[99.10281,3.00825],[99.11099,3.01754],[99.10765,3.02009],[99.09852,3.01853],[99.09613,3.01683],[99.09485,3.01666]]]}},{"type":"Feature","properties":{"id_kab":"1209","KDPKAB":"1209","kodekab_kemendagri":"1208","nmkab":"Asahan","provinsi":"Sumatera Utara","status_crs":"Sedang","indeks_crs":0.2568,"norm_crs":0.1539,"indeks_hazard":0.2776,"status_hazard":"Sedang","indeks_exposure":0.1166,"status_exposure":"Rendah","indeks_kerentanan":0.8086,"status_vulnerability":"Sangat Tinggi","skor_banjir":28.1884,"skor_longsor":15.2572},"geometry":{"type":"Polygon","coordinates":[[[99.44969,2.59912],[99.44272,2.5952],[99.4417,2.59136],[99.44102,2.57753],[99.43904,2.57404],[99.43278,2.568],[99.42996,2.56817],[99.42761,2.57061],[99.42667,2.57039],[99.4214,2.56351],[99.41535,2.56054],[99.41062,2.56105],[99.40997,2.5649],[99.41905,2.58627],[99.42666,2.59613],[99.42668,2.59841],[99.42114,2.59902],[99.41857,2.59855],[99.4053,2.59149],[99.39554,2.58482],[99.39075,2.57803],[99.39015,2.5745],[99.3914,2.56919],[99.38646,2.56485],[99.38033,2.56498],[99.37404,2.5681],[99.36935,2.56815],[99.36256,2.56478],[99.35998,2.56226],[99.35013,2.56069],[99.3403,2.56446],[99.32618,2.56593],[99.31396,2.56141],[99.31036,2.55915],[99.30927,2.5544],[99.30543,2.5503],[99.3034,2.55408],[99.30614,2.55924],[99.30614,2.56774],[99.30501,2.57405],[99.29974,2.57065],[99.29514,2.5654],[99.28972,2.56344],[99.28224,2.55857],[99.28098,2.55503],[99.27234,2.54821],[99.27097,2.54472],[99.2606,2.54361],[99.25722,2.5406],[99.25085,2.53772],[99.24593,2.53709],[99.22555,2.54081],[99.21905,2.53668],[99.21345,2.52375],[99.20846,2.52918],[99.20436,2.53062],[99.19135,2.53144],[99.18299,2.53335],[99.17815,2.54012],[99.17444,2.54851],[99.1724,2.55726],[99.17036,2.55935],[99.14656,2.56811],[99.14628,2.57274],[99.14127,2.57255],[99.13474,2.56804],[99.12711,2.56733],[99.12284,2.56798],[99.11957,2.56985],[99.11084,2.57059],[99.10911,2.5733],[99.09988,2.57218],[99.09445,2.57536],[99.08991,2.5794],[99.08368,2.58576],[99.07537,2.59728],[99.07454,2.60098],[99.07435,2.60458],[99.07724,2.60349],[99.07981,2.60448],[99.08139,2.61277],[99.07576,2.63079],[99.07707,2.6432],[99.07689,2.65063],[99.07847,2.6595],[99.08005,2.66317],[99.09009,2.67455],[99.09941,2.67616],[99.10421,2.68077],[99.10609,2.6805],[99.1142,2.68283],[99.12602,2.693],[99.12665,2.70058],[99.1247,2.70993],[99.12572,2.71263],[99.12853,2.71539],[99.13537,2.71892],[99.13929,2.71868],[99.15071,2.73051],[99.15478,2.73676],[99.15989,2.73832],[99.16722,2.74267],[99.1728,2.74829],[99.17351,2.75015],[99.17661,2.7525],[99.18499,2.75516],[99.19164,2.76221],[99.19729,2.76664],[99.20801,2.77023],[99.21089,2.77466],[99.21134,2.78223],[99.21267,2.78701],[99.21951,2.79211],[99.2254,2.79877],[99.2405,2.80852],[99.24804,2.81234],[99.24858,2.81914],[99.25058,2.82381],[99.25818,2.83148],[99.25764,2.83805],[99.25956,2.8403],[99.25907,2.84382],[99.26074,2.8466],[99.2646,2.84908],[99.26543,2.85108],[99.26406,2.85484],[99.2662,2.85919],[99.27585,2.86466],[99.27804,2.8638],[99.28473,2.86639],[99.28871,2.86891],[99.28965,2.8707],[99.28918,2.8727],[99.29699,2.87035],[99.30036,2.87585],[99.30527,2.88139],[99.30631,2.88136],[99.31065,2.87726],[99.31259,2.88072],[99.31567,2.8833],[99.32033,2.88502],[99.33405,2.89361],[99.34733,2.89423],[99.35255,2.89166],[99.35342,2.88829],[99.35628,2.88372],[99.35976,2.88082],[99.3708,2.8818],[99.37874,2.8861],[99.37891,2.88861],[99.38398,2.89682],[99.38607,2.89801],[99.39107,2.89876],[99.39279,2.90149],[99.39303,2.90596],[99.39951,2.91466],[99.40485,2.91647],[99.40827,2.91545],[99.41251,2.91702],[99.41633,2.92062],[99.42177,2.92208],[99.4267,2.92742],[99.42959,2.92873],[99.44085,2.92877],[99.44654,2.9312],[99.44983,2.93833],[99.4532,2.94137],[99.45589,2.94205],[99.45651,2.94351],[99.45545,2.95558],[99.45751,2.95664],[99.46027,2.95605],[99.47143,2.96072],[99.47677,2.96462],[99.48352,2.97202],[99.49277,2.97836],[99.49724,2.98361],[99.49847,2.98395],[99.49848,2.987],[99.496,2.99431],[99.49797,3.00273],[99.50925,3.01141],[99.51746,3.01449],[99.52292,3.01809],[99.52202,3.02385],[99.52889,3.02969],[99.53323,3.02993],[99.54074,3.03676],[99.54532,3.03832],[99.56582,3.07924],[99.57007,3.08504],[99.57121,3.08424],[99.57039,3.08206],[99.56919,3.08147],[99.56863,3.07845],[99.5686,3.07701],[99.57061,3.07578],[99.56875,3.06547],[99.56904,3.06264],[99.56834,3.06151],[99.55702,3.06148],[99.55459,3.05571],[99.55577,3.04347],[99.54924,3.0437],[99.54949,3.029],[99.53128,3.0288],[99.53004,3.02159],[99.54957,3.02164],[99.54961,3.01586],[99.55139,3.01565],[99.55805,3.0188],[99.56011,3.01776],[99.56278,3.0184],[99.55348,3.02786],[99.57316,3.02895],[99.57787,3.03352],[99.57899,3.03762],[99.59108,3.03938],[99.59562,3.04533],[99.59832,3.05865],[99.59471,3.06618],[99.60377,3.07397],[99.60895,3.08156],[99.61133,3.08283],[99.61468,3.08297],[99.61885,3.09096],[99.61703,3.09824],[99.61374,3.10061],[99.60959,3.09759],[99.60517,3.09696],[99.60359,3.10135],[99.60107,3.10055],[99.601,3.09802],[99.60348,3.09503],[99.5984,3.09695],[99.59778,3.10077],[99.59275,3.10649],[99.60123,3.10624],[99.60935,3.11181],[99.60994,3.11327],[99.60875,3.11467],[99.61492,3.11995],[99.61752,3.1264],[99.62052,3.12927],[99.6223,3.12712],[99.62738,3.12705],[99.6234,3.12895],[99.61906,3.13518],[99.62081,3.13701],[99.62772,3.13734],[99.6375,3.13284],[99.64332,3.12843],[99.64661,3.12772],[99.67677,3.12756],[99.67683,3.12222],[99.67972,3.11958],[99.68606,3.11956],[99.68626,3.11779],[99.70207,3.11758],[99.71209,3.13464],[99.72658,3.15142],[99.73169,3.16069],[99.73769,3.16519],[99.73812,3.16757],[99.73647,3.17288],[99.73769,3.17312],[99.74041,3.17075],[99.74873,3.17081],[99.75669,3.1687],[99.7586,3.16477],[99.76071,3.15426],[99.76977,3.13512],[99.77697,3.12646],[99.77892,3.12494],[99.78187,3.12477],[99.78406,3.12188],[99.78394,3.11999],[99.78644,3.11392],[99.79317,3.10796],[99.79803,3.0991],[99.8054,3.09033],[99.8098,3.08739],[99.81911,3.07338],[99.82608,3.06525],[99.84839,3.04838],[99.85282,3.04456],[99.8589,3.0371],[99.86164,3.03532],[99.86893,3.03487],[99.88443,3.04041],[99.89038,3.03964],[99.89403,3.03342],[99.89654,3.02528],[99.90191,3.01403],[99.91229,2.99744],[99.92694,2.98122],[99.94737,2.96596],[99.95824,2.95911],[99.9749,2.95213],[99.97917,2.94854],[99.9813,2.95259],[99.97681,2.95509],[99.97712,2.9577],[99.98608,2.96148],[99.98948,2.96145],[99.99036,2.96066],[99.99258,2.95271],[99.99298,2.94189],[99.98834,2.91225],[99.98947,2.90366],[99.98851,2.89368],[99.98845,2.87272],[99.98657,2.86089],[99.98681,2.85621],[99.9699,2.83964],[99.95278,2.82578],[99.92736,2.80175],[99.91196,2.79034],[99.89818,2.77859],[99.89501,2.77264],[99.87298,2.75325],[99.85879,2.74282],[99.847,2.73123],[99.84696,2.73759],[99.79553,2.69003],[99.79544,2.68285],[99.79661,2.67889],[99.79539,2.67546],[99.79549,2.66368],[99.78708,2.66114],[99.77821,2.65709],[99.78301,2.64519],[99.78238,2.63784],[99.73913,2.63604],[99.73582,2.63429],[99.72295,2.62443],[99.72219,2.60643],[99.72024,2.60506],[99.7181,2.60492],[99.70751,2.6083],[99.70492,2.60799],[99.70196,2.60604],[99.69796,2.60125],[99.69748,2.58721],[99.67005,2.58682],[99.65344,2.57926],[99.64987,2.57832],[99.63197,2.57758],[99.62652,2.57349],[99.62165,2.57341],[99.61219,2.57559],[99.60989,2.57687],[99.60924,2.57979],[99.60819,2.58057],[99.59077,2.58637],[99.58485,2.59265],[99.58143,2.59136],[99.5812,2.58872],[99.57977,2.58743],[99.56999,2.58435],[99.56563,2.59093],[99.56294,2.59312],[99.5595,2.60189],[99.55891,2.60862],[99.55292,2.61241],[99.54393,2.61486],[99.54203,2.61242],[99.54021,2.60168],[99.54126,2.59808],[99.53841,2.59218],[99.52867,2.59263],[99.51965,2.59137],[99.50552,2.58629],[99.50095,2.58374],[99.49805,2.58075],[99.49745,2.57883],[99.48784,2.57021],[99.48314,2.56235],[99.47445,2.55226],[99.46516,2.54757],[99.46284,2.54782],[99.45882,2.55357],[99.45263,2.55987],[99.44855,2.56738],[99.45126,2.56875],[99.45416,2.57201],[99.45533,2.57688],[99.45509,2.59004],[99.45837,2.59984],[99.45739,2.60394],[99.45626,2.6044],[99.45239,2.60114],[99.44969,2.59912]],[[99.7628,2.96748],[99.76271,2.96593],[99.75945,2.96609],[99.75729,2.96517],[99.75564,2.95959],[99.75637,2.95304],[99.75477,2.9483],[99.75269,2.94592],[99.753,2.94247],[99.77479,2.92162],[99.7902,2.92377],[99.79667,2.92699],[99.80354,2.9288],[99.8105,2.92748],[99.81709,2.92411],[99.82108,2.92852],[99.82978,2.93197],[99.83762,2.93773],[99.83755,2.94834],[99.83541,2.95512],[99.83141,2.95818],[99.81944,2.96241],[99.81286,2.96687],[99.8093,2.97523],[99.80841,2.98934],[99.81096,2.99207],[99.81794,2.99303],[99.81865,2.99417],[99.8198,3.00471],[99.81824,3.00785],[99.81691,3.02347],[99.81154,3.02135],[99.8051,3.01731],[99.79826,3.01532],[99.79858,3.00948],[99.76608,3.00882],[99.78037,2.97603],[99.78203,2.97],[99.7764,2.96894],[99.76286,2.96853],[99.7628,2.96748]]]}},{"type":"Feature","properties":{"id_kab":"1203","KDPKAB":"1203","kodekab_kemendagri":"1203","nmkab":"Tapanuli Selatan","provinsi":"Sumatera Utara","status_crs":"Sangat Tinggi","indeks_crs":0.5896,"norm_crs":0.3534,"indeks_hazard":0.4829,"status_hazard":"Tinggi","indeks_exposure":0.3306,"status_exposure":"Sedang","indeks_kerentanan":0.8904,"status_vulnerability":"Sangat Tinggi","skor_banjir":22.2489,"skor_longsor":26.578},"geometry":{"type":"MultiPolygon","coordinates":[[[[99.37977,1.35017],[99.38791,1.33522],[99.39096,1.33229],[99.39281,1.32323],[99.39083,1.31444],[99.40779,1.30034],[99.4126,1.28504],[99.41921,1.27843],[99.41736,1.26741],[99.41896,1.26081],[99.41609,1.25172],[99.4202,1.24268],[99.42698,1.23811],[99.42625,1.23189],[99.42209,1.22709],[99.42238,1.21605],[99.42788,1.20883],[99.42966,1.20433],[99.43116,1.19059],[99.43247,1.1863],[99.43675,1.18088],[99.44565,1.1777],[99.45212,1.17409],[99.48738,1.14355],[99.49533,1.14022],[99.50623,1.1373],[99.50477,1.13474],[99.50062,1.13329],[99.49533,1.12824],[99.49172,1.12102],[99.48984,1.12063],[99.47777,1.12275],[99.47376,1.12231],[99.4663,1.11815],[99.45381,1.11325],[99.44919,1.10965],[99.44834,1.10996],[99.44745,1.10485],[99.45061,1.08931],[99.4512,1.08405],[99.45055,1.08167],[99.44962,1.08039],[99.44799,1.08027],[99.4369,1.08071],[99.43315,1.07874],[99.43102,1.07477],[99.42472,1.07122],[99.43477,1.06605],[99.4421,1.05768],[99.44926,1.04684],[99.46372,1.04354],[99.46489,1.0384],[99.46223,1.0341],[99.46158,1.02741],[99.46424,1.02317],[99.46697,1.02109],[99.46773,1.01841],[99.46524,1.01148],[99.46059,1.00277],[99.45615,1.00023],[99.45336,0.99981],[99.44552,0.99228],[99.44198,0.98559],[99.44278,0.98058],[99.44081,0.97826],[99.43303,0.97623],[99.42185,0.97964],[99.42196,0.98566],[99.41926,0.98951],[99.40253,1.00062],[99.39696,1.00688],[99.3944,1.00743],[99.39138,1.00646],[99.38729,1.00783],[99.38393,1.01082],[99.38138,1.01647],[99.37478,1.02331],[99.37296,1.02358],[99.36847,1.02021],[99.35906,1.02045],[99.35569,1.01775],[99.34834,1.0169],[99.34246,1.02577],[99.33856,1.02446],[99.33818,1.02341],[99.33617,1.02355],[99.33136,1.03547],[99.32444,1.03839],[99.32214,1.04186],[99.31988,1.04337],[99.31541,1.04366],[99.31023,1.05081],[99.30673,1.06032],[99.29997,1.06296],[99.29821,1.06484],[99.29004,1.07903],[99.28696,1.08039],[99.28208,1.08463],[99.28099,1.08949],[99.27703,1.0959],[99.27092,1.09757],[99.2694,1.09713],[99.26711,1.0768],[99.26554,1.07207],[99.26243,1.06814],[99.26156,1.06475],[99.2645,1.05805],[99.26212,1.05261],[99.246,1.04342],[99.24045,1.04148],[99.23563,1.04306],[99.23412,1.04435],[99.23317,1.04725],[99.22954,1.04962],[99.22137,1.04886],[99.22118,1.0473],[99.22366,1.04338],[99.22326,1.04253],[99.22171,1.04356],[99.21667,1.05317],[99.21796,1.05766],[99.21506,1.06132],[99.21513,1.06459],[99.21868,1.06567],[99.21683,1.07001],[99.20813,1.07483],[99.20829,1.07694],[99.20965,1.07797],[99.20856,1.08143],[99.20065,1.08701],[99.19986,1.08896],[99.19674,1.09055],[99.19206,1.08806],[99.19021,1.08864],[99.19005,1.09312],[99.18768,1.09634],[99.18499,1.09528],[99.18215,1.09802],[99.17909,1.09755],[99.17592,1.0957],[99.17592,1.09286],[99.16991,1.09286],[99.16883,1.09871],[99.16765,1.09958],[99.16485,1.09926],[99.16352,1.09816],[99.16069,1.09829],[99.15906,1.09955],[99.15344,1.09847],[99.15168,1.1012],[99.14769,1.10249],[99.14356,1.10721],[99.13595,1.10661],[99.1328,1.10847],[99.12685,1.10689],[99.12442,1.10873],[99.12115,1.10642],[99.12168,1.10462],[99.12384,1.10452],[99.12384,1.10352],[99.11983,1.10104],[99.11741,1.10099],[99.11667,1.10204],[99.11688,1.10773],[99.11567,1.10784],[99.11351,1.10547],[99.11224,1.107],[99.11435,1.11348],[99.11309,1.1149],[99.10897,1.11295],[99.1076,1.11532],[99.10829,1.1188],[99.1114,1.1216],[99.10534,1.1216],[99.10492,1.1236],[99.10924,1.12982],[99.10653,1.13263],[99.09454,1.13919],[99.09559,1.14378],[99.09877,1.14797],[99.09537,1.15361],[99.09382,1.15322],[99.09361,1.15072],[99.09574,1.14732],[99.09398,1.14576],[99.08926,1.1479],[99.08957,1.15037],[99.08791,1.15193],[99.08446,1.15195],[99.08433,1.1539],[99.08552,1.15535],[99.08507,1.16164],[99.08691,1.16644],[99.08341,1.16854],[99.07806,1.16839],[99.07655,1.16931],[99.06992,1.18055],[99.06911,1.1892],[99.06955,1.19063],[99.07091,1.19102],[99.06727,1.19297],[99.05862,1.19438],[99.05721,1.19391],[99.05586,1.19109],[99.05413,1.19076],[99.04385,1.19212],[99.03982,1.19367],[99.03806,1.19544],[99.02722,1.19831],[99.02382,1.2006],[99.02229,1.20307],[99.02138,1.21601],[99.01837,1.23278],[99.02302,1.23976],[99.03279,1.25044],[99.0319,1.2558],[99.03062,1.25578],[99.0291,1.26198],[99.03209,1.26567],[99.02877,1.27268],[99.01766,1.2694],[99.00705,1.27184],[99.00134,1.27625],[98.99861,1.28112],[98.99675,1.28901],[98.98931,1.2925],[98.98435,1.29691],[98.98261,1.30016],[98.97591,1.30016],[98.96263,1.29706],[98.95426,1.29768],[98.94372,1.29685],[98.93604,1.29],[98.9336,1.28307],[98.92982,1.27904],[98.92528,1.28089],[98.91564,1.28731],[98.91381,1.28614],[98.90995,1.28734],[98.90288,1.29551],[98.88713,1.29957],[98.88329,1.29817],[98.87814,1.29464],[98.8747,1.29095],[98.86972,1.28838],[98.8673,1.28561],[98.86777,1.28196],[98.86987,1.28211],[98.86977,1.28047],[98.8673,1.27924],[98.86494,1.27975],[98.85553,1.28792],[98.85477,1.28583],[98.85263,1.28601],[98.85124,1.28755],[98.84899,1.29564],[98.84581,1.29888],[98.84344,1.2973],[98.84244,1.3008],[98.84991,1.30199],[98.85139,1.30315],[98.85401,1.30758],[98.85437,1.3148],[98.83861,1.35108],[98.8239,1.37567],[98.80647,1.39725],[98.78696,1.41785],[98.78196,1.42522],[98.77959,1.43147],[98.78076,1.43178],[98.78585,1.42923],[98.79173,1.42803],[98.79671,1.4244],[98.80048,1.42379],[98.80145,1.42501],[98.79887,1.43013],[98.79845,1.43314],[98.80069,1.43521],[98.80614,1.43303],[98.80227,1.42821],[98.80243,1.42619],[98.80398,1.4246],[98.808,1.42592],[98.80722,1.42812],[98.8087,1.4311],[98.81448,1.43272],[98.81708,1.43563],[98.81912,1.43452],[98.81755,1.42955],[98.81925,1.42739],[98.82149,1.42654],[98.82192,1.43156],[98.82476,1.43363],[98.82801,1.43296],[98.82917,1.42968],[98.83083,1.42829],[98.83401,1.42862],[98.84118,1.43312],[98.84115,1.44054],[98.83497,1.44661],[98.83207,1.44658],[98.83056,1.45035],[98.83125,1.45315],[98.8326,1.45379],[98.83457,1.45313],[98.83625,1.45063],[98.83835,1.4514],[98.83915,1.45277],[98.83881,1.45833],[98.84107,1.46187],[98.84729,1.45658],[98.8487,1.45642],[98.84771,1.46189],[98.84932,1.46302],[98.8524,1.46135],[98.85397,1.46741],[98.85558,1.46788],[98.85666,1.46707],[98.85685,1.464],[98.86057,1.46274],[98.86311,1.46775],[98.86599,1.46733],[98.86472,1.45957],[98.8681,1.45429],[98.86904,1.45475],[98.8702,1.45819],[98.86962,1.46558],[98.87022,1.46679],[98.87103,1.46646],[98.87493,1.46137],[98.8779,1.45159],[98.88206,1.44727],[98.88651,1.44659],[98.89194,1.44915],[98.89272,1.45065],[98.89225,1.45437],[98.89524,1.44989],[98.89471,1.44696],[98.89716,1.44647],[98.90033,1.44788],[98.9037,1.44089],[98.91443,1.44607],[98.91829,1.44535],[98.9249,1.44863],[98.92772,1.44726],[98.93046,1.44094],[98.94268,1.43475],[98.94429,1.43606],[98.94282,1.43963],[98.94351,1.44271],[98.94671,1.44505],[98.95392,1.44208],[98.95771,1.44186],[98.96321,1.44764],[98.96985,1.44652],[98.972,1.45238],[98.97108,1.45399],[98.97304,1.45838],[98.97462,1.45816],[98.97518,1.45621],[98.98873,1.45374],[98.98988,1.45585],[98.98817,1.46104],[98.97297,1.46053],[98.97191,1.46587],[98.97403,1.46519],[98.97826,1.46982],[98.98281,1.47133],[98.98636,1.47159],[98.99107,1.4698],[98.99588,1.474],[99.0042,1.47307],[99.00659,1.4747],[99.00967,1.47916],[99.00963,1.49078],[99.01246,1.49665],[99.01217,1.5001],[99.01048,1.50244],[99.00065,1.50387],[99.00014,1.50254],[98.99857,1.50242],[98.99496,1.50878],[98.99118,1.51287],[98.98937,1.51365],[98.98972,1.52109],[98.99122,1.52516],[99.0103,1.53795],[99.03496,1.54457],[99.0562,1.54446],[99.06237,1.55285],[99.06559,1.55916],[99.06559,1.56841],[99.05692,1.58762],[99.05556,1.60078],[99.05811,1.62963],[99.05638,1.64166],[99.05741,1.64437],[99.0582,1.6566],[99.06028,1.66748],[99.0532,1.69593],[99.05182,1.69607],[99.05043,1.69866],[99.05113,1.70075],[99.05792,1.7007],[99.06866,1.69711],[99.0774,1.69938],[99.08192,1.69254],[99.08579,1.6896],[99.08976,1.68133],[99.09763,1.67287],[99.10533,1.66098],[99.11098,1.65582],[99.11635,1.64894],[99.12264,1.64677],[99.1308,1.64055],[99.14261,1.63993],[99.16344,1.6647],[99.16754,1.66695],[99.16989,1.66718],[99.17517,1.67191],[99.18174,1.67439],[99.19367,1.68421],[99.19844,1.68505],[99.21578,1.69267],[99.21934,1.69314],[99.24008,1.70513],[99.24402,1.71922],[99.24721,1.7235],[99.25081,1.72521],[99.25168,1.72891],[99.24559,1.75067],[99.23995,1.75737],[99.23761,1.76173],[99.23756,1.7746],[99.24009,1.7852],[99.24504,1.79637],[99.24536,1.80092],[99.2356,1.81714],[99.23543,1.82204],[99.23852,1.82686],[99.24308,1.82978],[99.26827,1.82296],[99.29281,1.82613],[99.30044,1.8287],[99.30252,1.83085],[99.29719,1.84469],[99.29724,1.84722],[99.29907,1.8484],[99.31129,1.85097],[99.32049,1.85087],[99.32266,1.84548],[99.32756,1.84306],[99.33644,1.84538],[99.33943,1.84981],[99.34696,1.85456],[99.34904,1.85659],[99.35058,1.86199],[99.34987,1.86879],[99.35489,1.87851],[99.35585,1.88473],[99.35433,1.88951],[99.34454,1.89465],[99.34026,1.89862],[99.3392,1.90417],[99.34988,1.90759],[99.35457,1.91128],[99.35661,1.9148],[99.36003,1.92792],[99.3631,1.93099],[99.36424,1.93602],[99.36905,1.93973],[99.37465,1.94088],[99.37638,1.94292],[99.37699,1.94733],[99.37897,1.95019],[99.39194,1.95241],[99.42859,1.94903],[99.43596,1.95247],[99.44027,1.95304],[99.44874,1.94988],[99.45453,1.95175],[99.4575,1.95424],[99.45865,1.96295],[99.44915,1.99652],[99.44795,2.01],[99.44579,2.01574],[99.4445,2.033],[99.44603,2.04095],[99.4502,2.08273],[99.45497,2.09849],[99.45634,2.11079],[99.45959,2.12604],[99.46099,2.12607],[99.47323,2.11922],[99.48983,2.11971],[99.50425,2.12148],[99.50884,2.12357],[99.51166,2.12317],[99.51343,2.1214],[99.51794,2.09916],[99.52165,2.09383],[99.5251,2.09129],[99.53502,2.09248],[99.53864,2.09103],[99.55081,2.0779],[99.54616,2.06312],[99.54767,2.0596],[99.55098,2.05613],[99.55282,2.05261],[99.5537,2.04704],[99.5563,2.04226],[99.5656,2.02957],[99.5672,2.02855],[99.57327,2.02945],[99.57957,2.02233],[99.58835,2.01621],[99.58726,2.01124],[99.58267,2.00071],[99.59937,1.98018],[99.60222,1.97598],[99.6028,1.97334],[99.60471,1.97215],[99.60856,1.97277],[99.61487,1.96975],[99.62539,1.96777],[99.63359,1.96387],[99.63011,1.95881],[99.62331,1.9562],[99.61884,1.95671],[99.61462,1.95515],[99.61195,1.95134],[99.60359,1.9471],[99.59997,1.94665],[99.59828,1.94303],[99.60031,1.93568],[99.60183,1.92403],[99.59847,1.91693],[99.59955,1.91395],[99.60678,1.91249],[99.61565,1.90723],[99.61378,1.89347],[99.61208,1.88963],[99.60852,1.8865],[99.60601,1.88554],[99.60046,1.88602],[99.59407,1.88811],[99.5653,1.89074],[99.56089,1.88815],[99.55868,1.88495],[99.5599,1.8719],[99.55138,1.86672],[99.54511,1.86521],[99.54405,1.86406],[99.54486,1.8613],[99.55449,1.85304],[99.56229,1.83368],[99.56704,1.82655],[99.57083,1.8105],[99.56566,1.77909],[99.56548,1.75903],[99.56412,1.75512],[99.5569,1.74854],[99.55319,1.74357],[99.55116,1.73479],[99.55368,1.7299],[99.55197,1.72619],[99.55038,1.72536],[99.55043,1.7164],[99.54694,1.71309],[99.5362,1.70758],[99.53234,1.70785],[99.52884,1.70992],[99.52234,1.71079],[99.51889,1.70667],[99.50984,1.7029],[99.50285,1.70254],[99.4999,1.70383],[99.49703,1.70686],[99.49296,1.70858],[99.48808,1.70749],[99.4805,1.70158],[99.47172,1.68286],[99.46905,1.67483],[99.46676,1.672],[99.46302,1.66989],[99.44221,1.66647],[99.43943,1.66371],[99.43623,1.65821],[99.43533,1.65429],[99.43745,1.64404],[99.43565,1.63588],[99.43497,1.62484],[99.4378,1.6215],[99.44477,1.61977],[99.4494,1.61638],[99.45418,1.60338],[99.45457,1.59385],[99.44922,1.58592],[99.43282,1.57595],[99.42664,1.57428],[99.41904,1.57708],[99.40978,1.57727],[99.40392,1.57478],[99.40193,1.57164],[99.40405,1.56283],[99.41661,1.54894],[99.41938,1.54167],[99.41341,1.52879],[99.41168,1.52711],[99.41003,1.51838],[99.40689,1.51056],[99.40091,1.50544],[99.39697,1.50012],[99.39454,1.48865],[99.39425,1.48152],[99.39587,1.47627],[99.39989,1.4709],[99.40415,1.46735],[99.40526,1.45733],[99.40696,1.45199],[99.41039,1.44549],[99.41598,1.43785],[99.42043,1.42866],[99.4179,1.42376],[99.41979,1.42204],[99.41993,1.4201],[99.41846,1.40766],[99.41656,1.40545],[99.41806,1.40153],[99.41977,1.39993],[99.41948,1.39812],[99.41759,1.39683],[99.41602,1.39749],[99.40864,1.40801],[99.4054,1.41451],[99.40248,1.4155],[99.39765,1.41405],[99.39482,1.41015],[99.38939,1.41401],[99.38052,1.41161],[99.37665,1.40742],[99.37303,1.40697],[99.36989,1.40418],[99.36147,1.39313],[99.35976,1.38384],[99.36461,1.37584],[99.36891,1.36206],[99.37957,1.35044],[99.37977,1.35017]],[[99.24132,1.37461],[99.24564,1.36781],[99.24387,1.36342],[99.26912,1.34981],[99.31008,1.30417],[99.31241,1.30346],[99.31796,1.30436],[99.32494,1.30969],[99.33267,1.31141],[99.34901,1.3116],[99.35065,1.31598],[99.34075,1.35005],[99.3399,1.37482],[99.33846,1.38403],[99.33535,1.39665],[99.32763,1.41645],[99.30407,1.44093],[99.27314,1.46769],[99.26981,1.46933],[99.26308,1.46902],[99.25944,1.47242],[99.25302,1.47273],[99.2472,1.47725],[99.2462,1.474],[99.22569,1.44475],[99.22248,1.4377],[99.22631,1.42555],[99.22482,1.41488],[99.22036,1.4102],[99.23499,1.38519],[99.24132,1.37461]],[[98.97169,1.44396],[98.96991,1.44408],[98.96802,1.4414],[98.9688,1.44016],[98.97181,1.43892],[98.98332,1.44451],[98.9869,1.44855],[98.98645,1.44942],[98.98234,1.44814],[98.97712,1.44503],[98.97332,1.44407],[98.97169,1.44396]]],[[[99.42839,1.46339],[99.4244,1.46954],[99.4201,1.4733],[99.41839,1.47603],[99.42761,1.47958],[99.43423,1.47944],[99.43978,1.47442],[99.44045,1.46984],[99.43668,1.46416],[99.43392,1.46201],[99.42939,1.46263],[99.42839,1.46339]]]]}},{"type":"Feature","properties":{"id_kab":"1213","KDPKAB":"1213","kodekab_kemendagri":"1202","nmkab":"Mandailing Natal","provinsi":"Sumatera Utara","status_crs":"Tinggi","indeks_crs":0.4845,"norm_crs":0.2904,"indeks_hazard":0.481,"status_hazard":"Tinggi","indeks_exposure":0.1134,"status_exposure":"Rendah","indeks_kerentanan":0.8939,"status_vulnerability":"Sangat Tinggi","skor_banjir":19.9265,"skor_longsor":28.851},"geometry":{"type":"MultiPolygon","coordinates":[[[[99.37814,0.44299],[99.37758,0.43669],[99.38228,0.42969],[99.3825,0.42375],[99.38168,0.42063],[99.37222,0.41503],[99.37149,0.40935],[99.36728,0.40398],[99.3671,0.40073],[99.36601,0.39896],[99.36257,0.39842],[99.35989,0.40188],[99.35689,0.40264],[99.34772,0.38324],[99.33406,0.358],[99.31738,0.33465],[99.31461,0.3335],[99.30467,0.33606],[99.29733,0.33688],[99.26554,0.33716],[99.25956,0.33634],[99.24869,0.33251],[99.23673,0.32267],[99.22477,0.30791],[99.19977,0.28959],[99.19433,0.28221],[99.19389,0.27646],[99.19518,0.27353],[99.19462,0.2714],[99.19274,0.26986],[99.18396,0.25422],[99.17799,0.25176],[99.17581,0.24875],[99.17445,0.24602],[99.17472,0.24083],[99.16733,0.22846],[99.16654,0.22833],[99.16586,0.23016],[99.16546,0.2365],[99.16337,0.23966],[99.15619,0.24631],[99.1508,0.24976],[99.14192,0.25005],[99.13775,0.25299],[99.13709,0.25726],[99.14149,0.26449],[99.14675,0.26485],[99.15366,0.2638],[99.1581,0.26637],[99.16052,0.27465],[99.1601,0.29297],[99.15743,0.30848],[99.15164,0.32389],[99.14661,0.3323],[99.14472,0.33334],[99.13423,0.33058],[99.13244,0.33331],[99.11938,0.33792],[99.11567,0.34091],[99.11352,0.34495],[99.10876,0.34622],[99.1115,0.35029],[99.11583,0.35212],[99.12032,0.3525],[99.12119,0.35494],[99.11955,0.36081],[99.12017,0.36352],[99.13341,0.37664],[99.13497,0.38275],[99.13536,0.39516],[99.139,0.41495],[99.1396,0.42509],[99.13814,0.44095],[99.135,0.45838],[99.12966,0.47737],[99.12455,0.48769],[99.1216,0.49069],[99.11659,0.50905],[99.11424,0.51144],[99.11276,0.51132],[99.10397,0.50812],[99.10153,0.50334],[99.09789,0.50272],[99.09416,0.50395],[99.09187,0.5087],[99.09158,0.51111],[99.09407,0.51451],[99.09491,0.51955],[99.08963,0.52577],[99.08845,0.52972],[99.08874,0.5319],[99.08986,0.53255],[99.09835,0.52877],[99.10189,0.52915],[99.10516,0.53253],[99.1079,0.54127],[99.10989,0.55455],[99.11,0.56192],[99.10467,0.58513],[99.09769,0.6031],[99.09387,0.60905],[99.08486,0.62],[99.078,0.61984],[99.07509,0.62176],[99.07277,0.63049],[99.06763,0.63149],[99.06186,0.62702],[99.06114,0.6241],[99.05762,0.62148],[99.05087,0.62215],[99.04892,0.62405],[99.04878,0.63532],[99.04607,0.63639],[99.04513,0.63965],[99.04672,0.644],[99.04942,0.64545],[99.05331,0.64124],[99.05858,0.6391],[99.0588,0.64671],[99.05521,0.65115],[99.05764,0.65522],[99.06593,0.65885],[99.06451,0.6638],[99.06064,0.6682],[99.05415,0.67081],[99.04988,0.66934],[99.04846,0.67153],[99.05254,0.67433],[99.05576,0.67809],[99.05683,0.68353],[99.06187,0.69113],[99.05875,0.7064],[99.05853,0.71204],[99.05986,0.71532],[99.06037,0.72164],[99.05808,0.73704],[99.05829,0.74183],[99.05437,0.74249],[99.04705,0.76071],[99.04426,0.76158],[99.04028,0.77206],[99.03801,0.78155],[99.03514,0.78675],[99.02229,0.80001],[99.02026,0.81059],[99.01764,0.81531],[99.01369,0.81834],[99.01237,0.82433],[99.00773,0.82624],[99.00607,0.8248],[99.00072,0.82389],[98.99725,0.82013],[98.99602,0.82003],[98.99297,0.82277],[98.99162,0.82858],[98.98893,0.833],[98.98021,0.83673],[98.97155,0.84507],[98.97357,0.84669],[98.97761,0.84512],[98.98292,0.84769],[98.9856,0.85425],[98.98192,0.87107],[98.98144,0.88251],[98.97632,0.89634],[98.97343,0.92197],[98.97109,0.92999],[98.96661,0.94308],[98.92754,1.03988],[98.92841,1.04307],[98.92796,1.04845],[98.9166,1.10223],[98.91355,1.11445],[98.9091,1.12713],[98.89942,1.14889],[98.87454,1.19557],[98.86497,1.21547],[98.86394,1.21808],[98.86442,1.21936],[98.86782,1.22159],[98.86917,1.22704],[98.86848,1.22991],[98.84944,1.26571],[98.84148,1.27852],[98.84053,1.28833],[98.8436,1.29523],[98.84375,1.29747],[98.84458,1.29877],[98.84581,1.29888],[98.84899,1.29564],[98.85124,1.28755],[98.85263,1.28601],[98.85477,1.28583],[98.85553,1.28792],[98.86494,1.27975],[98.8673,1.27924],[98.86977,1.28047],[98.86987,1.28211],[98.86777,1.28196],[98.8673,1.28561],[98.86972,1.28838],[98.8747,1.29095],[98.87814,1.29464],[98.88329,1.29817],[98.88713,1.29957],[98.90288,1.29551],[98.90995,1.28734],[98.91381,1.28614],[98.91564,1.28731],[98.92528,1.28089],[98.92982,1.27904],[98.9336,1.28307],[98.93604,1.29],[98.94372,1.29685],[98.95426,1.29768],[98.96263,1.29706],[98.97591,1.30016],[98.98261,1.30016],[98.98435,1.29691],[98.98931,1.2925],[98.99675,1.28901],[98.99861,1.28112],[99.00134,1.27625],[99.00705,1.27184],[99.01766,1.2694],[99.02877,1.27268],[99.03209,1.26567],[99.0291,1.26198],[99.03062,1.25578],[99.0319,1.2558],[99.03279,1.25044],[99.02302,1.23976],[99.01837,1.23278],[99.02138,1.21601],[99.02229,1.20307],[99.02382,1.2006],[99.02722,1.19831],[99.03806,1.19544],[99.03982,1.19367],[99.04385,1.19212],[99.05413,1.19076],[99.05586,1.19109],[99.05721,1.19391],[99.05862,1.19438],[99.06727,1.19297],[99.07091,1.19102],[99.06955,1.19063],[99.06911,1.1892],[99.06992,1.18055],[99.07655,1.16931],[99.07806,1.16839],[99.08341,1.16854],[99.08691,1.16644],[99.08507,1.16164],[99.08552,1.15535],[99.08433,1.1539],[99.08446,1.15195],[99.08791,1.15193],[99.08957,1.15037],[99.08926,1.1479],[99.09398,1.14576],[99.09574,1.14732],[99.09361,1.15072],[99.09382,1.15322],[99.09537,1.15361],[99.09877,1.14797],[99.09559,1.14378],[99.09454,1.13919],[99.10653,1.13263],[99.10924,1.12982],[99.10492,1.1236],[99.10534,1.1216],[99.1114,1.1216],[99.10829,1.1188],[99.1076,1.11532],[99.10897,1.11295],[99.11309,1.1149],[99.11435,1.11348],[99.11224,1.107],[99.11351,1.10547],[99.11567,1.10784],[99.11688,1.10773],[99.11667,1.10204],[99.11741,1.10099],[99.11983,1.10104],[99.12384,1.10352],[99.12384,1.10452],[99.12168,1.10462],[99.12115,1.10642],[99.12442,1.10873],[99.12685,1.10689],[99.1328,1.10847],[99.13595,1.10661],[99.14356,1.10721],[99.14769,1.10249],[99.15168,1.1012],[99.15344,1.09847],[99.15906,1.09955],[99.16069,1.09829],[99.16352,1.09816],[99.16485,1.09926],[99.16765,1.09958],[99.16883,1.09871],[99.16991,1.09286],[99.17592,1.09286],[99.17592,1.0957],[99.17909,1.09755],[99.18215,1.09802],[99.18499,1.09528],[99.18768,1.09634],[99.19005,1.09312],[99.19021,1.08864],[99.19206,1.08806],[99.19674,1.09055],[99.19986,1.08896],[99.20065,1.08701],[99.20856,1.08143],[99.20965,1.07797],[99.20829,1.07694],[99.20813,1.07483],[99.21683,1.07001],[99.21868,1.06567],[99.21513,1.06459],[99.21506,1.06132],[99.21796,1.05766],[99.21667,1.05317],[99.22171,1.04356],[99.22326,1.04253],[99.22366,1.04338],[99.22118,1.0473],[99.22137,1.04886],[99.22954,1.04962],[99.23317,1.04725],[99.23412,1.04435],[99.23563,1.04306],[99.24045,1.04148],[99.246,1.04342],[99.26212,1.05261],[99.2645,1.05805],[99.26156,1.06475],[99.26243,1.06814],[99.26554,1.07207],[99.26711,1.0768],[99.2694,1.09713],[99.27092,1.09757],[99.27703,1.0959],[99.28099,1.08949],[99.28208,1.08463],[99.28696,1.08039],[99.29004,1.07903],[99.29821,1.06484],[99.29997,1.06296],[99.30673,1.06032],[99.31023,1.05081],[99.31541,1.04366],[99.31988,1.04337],[99.32214,1.04186],[99.32444,1.03839],[99.33136,1.03547],[99.33617,1.02355],[99.33818,1.02341],[99.33856,1.02446],[99.34246,1.02577],[99.34834,1.0169],[99.35569,1.01775],[99.35906,1.02045],[99.36847,1.02021],[99.37296,1.02358],[99.37478,1.02331],[99.38138,1.01647],[99.38393,1.01082],[99.38729,1.00783],[99.39138,1.00646],[99.3944,1.00743],[99.3974,1.00659],[99.40253,1.00062],[99.41449,0.99328],[99.42012,0.98862],[99.42196,0.98566],[99.42185,0.97964],[99.43035,0.97662],[99.43768,0.9769],[99.44081,0.97826],[99.44278,0.98058],[99.44198,0.98559],[99.44552,0.99228],[99.45336,0.99981],[99.45615,1.00023],[99.46059,1.00277],[99.46524,1.01148],[99.46773,1.01841],[99.46697,1.02109],[99.46424,1.02317],[99.46158,1.02741],[99.46223,1.0341],[99.46489,1.0384],[99.46372,1.04354],[99.44926,1.04684],[99.4421,1.05768],[99.43477,1.06605],[99.42472,1.07122],[99.43102,1.07477],[99.43315,1.07874],[99.4369,1.08071],[99.44799,1.08027],[99.44962,1.08039],[99.45055,1.08167],[99.4512,1.08405],[99.45061,1.08931],[99.44745,1.10485],[99.44834,1.10996],[99.44919,1.10965],[99.45381,1.11325],[99.4663,1.11815],[99.47376,1.12231],[99.47777,1.12275],[99.48984,1.12063],[99.49172,1.12102],[99.49533,1.12824],[99.50062,1.13329],[99.50329,1.13425],[99.50976,1.13287],[99.51386,1.12948],[99.52257,1.11565],[99.5267,1.10718],[99.53872,1.09747],[99.54272,1.09295],[99.54503,1.08707],[99.54664,1.07081],[99.54944,1.06979],[99.56179,1.06896],[99.56496,1.06788],[99.5684,1.06508],[99.56927,1.06125],[99.56797,1.05154],[99.56953,1.04173],[99.57227,1.03457],[99.58086,1.01921],[99.59473,1.01022],[99.59715,1.00669],[99.59972,0.99564],[99.5993,0.99363],[99.59272,0.98432],[99.58716,0.97094],[99.58703,0.96877],[99.59557,0.96438],[99.59972,0.95193],[99.60107,0.95041],[99.61635,0.94848],[99.62398,0.94428],[99.62568,0.94214],[99.62457,0.93876],[99.62505,0.93687],[99.62807,0.93258],[99.63468,0.92769],[99.63985,0.92045],[99.64596,0.91868],[99.65022,0.91884],[99.65977,0.92787],[99.6683,0.92748],[99.67769,0.93204],[99.68861,0.93321],[99.69064,0.93219],[99.7018,0.92425],[99.71189,0.91541],[99.71317,0.90629],[99.71853,0.90311],[99.71974,0.89697],[99.72135,0.89519],[99.73307,0.89331],[99.73477,0.89073],[99.73285,0.88683],[99.73305,0.88472],[99.73483,0.88183],[99.7399,0.87765],[99.74284,0.87338],[99.74332,0.86923],[99.74635,0.86609],[99.74812,0.86506],[99.76225,0.86303],[99.76693,0.8613],[99.76972,0.85919],[99.78286,0.85776],[99.79075,0.85418],[99.79902,0.85775],[99.80116,0.85636],[99.80566,0.84996],[99.81226,0.8476],[99.81378,0.84615],[99.81796,0.83879],[99.83483,0.82685],[99.83562,0.82289],[99.83761,0.82219],[99.83761,0.82014],[99.84405,0.81556],[99.84591,0.8077],[99.84439,0.80078],[99.84437,0.79564],[99.84683,0.7911],[99.846,0.78617],[99.84314,0.7802],[99.84622,0.76893],[99.84564,0.76224],[99.84357,0.75937],[99.83483,0.7575],[99.83351,0.75568],[99.83394,0.75124],[99.83054,0.74417],[99.82607,0.73973],[99.82529,0.73591],[99.82968,0.71604],[99.83519,0.70902],[99.83416,0.70134],[99.83087,0.69622],[99.83608,0.69191],[99.84702,0.68497],[99.85101,0.68341],[99.85707,0.68288],[99.87349,0.68664],[99.88178,0.68652],[99.88392,0.68818],[99.88574,0.68829],[99.88885,0.68683],[99.89435,0.67782],[99.89931,0.67811],[99.90429,0.68131],[99.90964,0.67994],[99.91214,0.67814],[99.91343,0.66508],[99.91797,0.6467],[99.9252,0.63287],[99.92506,0.63117],[99.91176,0.63079],[99.90963,0.62896],[99.90883,0.62675],[99.90996,0.6248],[99.916,0.62158],[99.9233,0.61529],[99.92038,0.60544],[99.92685,0.60447],[99.92863,0.6032],[99.92925,0.59871],[99.93077,0.59718],[99.94079,0.59283],[99.94813,0.58317],[99.95071,0.57753],[99.9577,0.57119],[99.95897,0.56899],[99.96005,0.56403],[99.96481,0.55381],[99.96468,0.54584],[99.96018,0.53917],[99.9564,0.53077],[99.95016,0.52419],[99.95204,0.52046],[99.95958,0.51606],[99.96105,0.51358],[99.95612,0.51096],[99.94622,0.50971],[99.93642,0.50346],[99.92861,0.49679],[99.91118,0.47541],[99.90423,0.47042],[99.89983,0.46983],[99.89293,0.47052],[99.88696,0.46746],[99.88231,0.46649],[99.87811,0.46826],[99.85912,0.46334],[99.8571,0.46377],[99.84836,0.46937],[99.83676,0.45864],[99.83461,0.45838],[99.81865,0.46076],[99.81058,0.46388],[99.80771,0.46691],[99.80642,0.47141],[99.80418,0.4731],[99.78742,0.48157],[99.78442,0.48234],[99.77683,0.48177],[99.7577,0.47745],[99.75082,0.47868],[99.74247,0.47779],[99.73903,0.47478],[99.73808,0.47005],[99.73513,0.46406],[99.72912,0.45491],[99.72671,0.45321],[99.72012,0.45236],[99.71374,0.45544],[99.7087,0.45917],[99.70468,0.46251],[99.70283,0.46623],[99.70079,0.46809],[99.69736,0.46908],[99.69212,0.46938],[99.68638,0.46829],[99.68281,0.46919],[99.67579,0.47643],[99.67429,0.48389],[99.66659,0.49075],[99.66551,0.49388],[99.66531,0.50211],[99.66158,0.50709],[99.66175,0.50921],[99.66563,0.51461],[99.66161,0.52367],[99.65555,0.53124],[99.65104,0.53103],[99.64972,0.53187],[99.64929,0.53436],[99.65031,0.53853],[99.64942,0.54015],[99.64191,0.54577],[99.6383,0.54696],[99.63029,0.54271],[99.62483,0.53646],[99.61704,0.52964],[99.60891,0.525],[99.59982,0.52458],[99.59565,0.52296],[99.59265,0.5203],[99.59028,0.51574],[99.58451,0.51564],[99.57993,0.51364],[99.57657,0.51015],[99.57409,0.5093],[99.55933,0.5107],[99.54577,0.51791],[99.53403,0.52028],[99.53049,0.52181],[99.5237,0.52774],[99.51652,0.53623],[99.51334,0.53766],[99.51358,0.5394],[99.51978,0.54571],[99.52077,0.55007],[99.51961,0.55208],[99.50378,0.53948],[99.49194,0.53248],[99.4896,0.52961],[99.48011,0.5265],[99.47734,0.5266],[99.47442,0.52418],[99.47129,0.52367],[99.46631,0.52117],[99.46134,0.51602],[99.44672,0.50693],[99.4373,0.49567],[99.42909,0.49197],[99.41263,0.49317],[99.40747,0.49095],[99.40463,0.48709],[99.39785,0.46493],[99.39841,0.46117],[99.39164,0.45517],[99.38689,0.45285],[99.38087,0.4448],[99.37816,0.4472],[99.37682,0.44426],[99.37741,0.44345],[99.37814,0.44299]]],[[[99.10591,0.37102],[99.10578,0.36407],[99.10394,0.3624],[99.09602,0.3626],[99.09005,0.3609],[99.08925,0.36155],[99.08969,0.36538],[99.09052,0.366],[99.09461,0.36564],[99.09612,0.36641],[99.10288,0.37297],[99.10439,0.37347],[99.1058,0.37136],[99.10591,0.37102]]],[[[99.04399,0.75956],[99.04469,0.76034],[99.04402,0.75936],[99.04399,0.75956]]],[[[99.04105,0.76194],[99.03923,0.76139],[99.03887,0.76226],[99.03942,0.76286],[99.04115,0.76213],[99.04105,0.76194]]],[[[99.03584,0.76517],[99.03587,0.76596],[99.03828,0.76536],[99.03877,0.76442],[99.0378,0.764],[99.036,0.76505],[99.03584,0.76517]]],[[[99.00967,0.77996],[99.00733,0.77619],[99.00283,0.77736],[99.00247,0.77948],[99.00427,0.78101],[99.00962,0.78019],[99.00967,0.77996]]],[[[98.94796,0.86165],[98.95059,0.86253],[98.9482,0.86155],[98.94796,0.86165]]],[[[98.94394,0.86075],[98.94409,0.86092],[98.94426,0.86091],[98.9444,0.86078],[98.94442,0.86058],[98.94444,0.86033],[98.94436,0.86015],[98.94409,0.86018],[98.94396,0.86033],[98.94394,0.86053],[98.94394,0.86075]]],[[[98.92032,0.87556],[98.92104,0.87705],[98.92282,0.87662],[98.92189,0.87453],[98.92042,0.87535],[98.92032,0.87556]]],[[[98.81598,1.26979],[98.81712,1.27467],[98.81855,1.2759],[98.82365,1.27629],[98.82746,1.27266],[98.82474,1.2668],[98.82271,1.2652],[98.81869,1.265],[98.81647,1.26892],[98.81598,1.26979]]]]}},{"type":"Feature","properties":{"id_kab":"1202","KDPKAB":"1202","kodekab_kemendagri":"1205","nmkab":"Tapanuli Utara","provinsi":"Sumatera Utara","status_crs":"Tinggi","indeks_crs":0.3587,"norm_crs":0.215,"indeks_hazard":0.3421,"status_hazard":"Sedang","indeks_exposure":0.7671,"status_exposure":"Sangat Tinggi","indeks_kerentanan":0.2816,"status_vulnerability":"Sedang","skor_banjir":16.656,"skor_longsor":28.48},"geometry":{"type":"MultiPolygon","coordinates":[[[[98.96506,1.75713],[98.95788,1.75309],[98.9519,1.75096],[98.94032,1.74903],[98.92778,1.74865],[98.91794,1.74981],[98.8977,1.74886],[98.88341,1.75526],[98.87936,1.75463],[98.87207,1.75708],[98.86875,1.76254],[98.8674,1.77041],[98.86682,1.7882],[98.86545,1.79656],[98.85852,1.81309],[98.84733,1.81752],[98.83959,1.82208],[98.83778,1.82486],[98.83751,1.82871],[98.83589,1.83109],[98.83069,1.83387],[98.82057,1.8498],[98.8026,1.87174],[98.78835,1.86162],[98.78601,1.86684],[98.78458,1.87508],[98.78168,1.87909],[98.78229,1.88708],[98.78711,1.89532],[98.78965,1.8974],[98.79114,1.90396],[98.79016,1.90704],[98.7881,1.90743],[98.79148,1.9111],[98.80687,1.91209],[98.80928,1.92217],[98.80563,1.92789],[98.79706,1.93237],[98.79112,1.93697],[98.78598,1.94929],[98.78019,1.95431],[98.77363,1.95759],[98.76379,1.95701],[98.75241,1.95971],[98.7445,1.96048],[98.72748,1.95789],[98.71633,1.96338],[98.70728,1.97162],[98.70367,1.97168],[98.69938,1.9733],[98.67782,1.98824],[98.67942,1.98948],[98.68294,2.00802],[98.69731,2.04252],[98.70797,2.07206],[98.72648,2.11629],[98.72456,2.12613],[98.73035,2.12754],[98.73315,2.12614],[98.73718,2.12808],[98.73891,2.13132],[98.7731,2.13179],[98.7807,2.1435],[98.78116,2.14801],[98.80017,2.15833],[98.81084,2.15939],[98.81732,2.16139],[98.81725,2.17013],[98.81398,2.1776],[98.81143,2.18755],[98.81416,2.19067],[98.82061,2.19507],[98.83013,2.19712],[98.84567,2.20768],[98.84681,2.20867],[98.84582,2.21328],[98.85183,2.21574],[98.85932,2.21801],[98.86529,2.21851],[98.87352,2.20973],[98.8799,2.20995],[98.88119,2.21169],[98.88055,2.21411],[98.89552,2.22204],[98.92154,2.2293],[98.9249,2.23704],[98.93896,2.2546],[98.93971,2.25636],[98.93876,2.25725],[98.93922,2.25825],[98.94406,2.26219],[98.96204,2.2694],[98.96324,2.27856],[98.96196,2.28405],[98.96363,2.28977],[98.95971,2.30069],[98.95362,2.30944],[98.95165,2.31799],[98.94242,2.32017],[98.93739,2.32371],[98.92734,2.3248],[98.91676,2.32283],[98.91085,2.32492],[98.90012,2.32693],[98.89317,2.32563],[98.88844,2.3296],[98.88601,2.33577],[98.88048,2.33345],[98.87408,2.3322],[98.86625,2.33477],[98.86551,2.33415],[98.86272,2.33906],[98.85828,2.33599],[98.85531,2.33833],[98.85685,2.34238],[98.85686,2.34811],[98.85861,2.34949],[98.86652,2.34963],[98.86673,2.34315],[98.86926,2.34077],[98.87296,2.33929],[98.8753,2.33992],[98.87887,2.34344],[98.88917,2.34427],[98.89448,2.34101],[98.89688,2.33564],[98.89975,2.33325],[98.90199,2.33329],[98.90479,2.33983],[98.90684,2.33996],[98.90841,2.34209],[98.9093,2.3472],[98.91039,2.34809],[98.91346,2.34809],[98.91878,2.35383],[98.92401,2.35515],[98.92821,2.35431],[98.93051,2.35194],[98.9376,2.35599],[98.93893,2.35463],[98.93737,2.35006],[98.93719,2.34511],[98.93871,2.34444],[98.94462,2.34613],[98.94463,2.34272],[98.94758,2.33743],[98.94906,2.33541],[98.95334,2.33339],[98.96119,2.3365],[98.96131,2.33869],[98.96261,2.33933],[98.96514,2.33501],[98.96799,2.33365],[98.97273,2.33633],[98.9816,2.33204],[98.98326,2.33292],[98.98671,2.33909],[98.99327,2.30649],[98.98948,2.30017],[98.98908,2.29137],[98.99377,2.27859],[99.00278,2.27368],[99.0103,2.27944],[99.02724,2.28092],[99.02914,2.27048],[99.04002,2.27316],[99.04227,2.26085],[99.05303,2.26758],[99.05799,2.26943],[99.06443,2.27],[99.08768,2.26481],[99.08829,2.2703],[99.09573,2.26758],[99.09684,2.26087],[99.10266,2.25506],[99.10866,2.25452],[99.11361,2.2564],[99.1183,2.25618],[99.12427,2.25887],[99.12901,2.25601],[99.13291,2.25695],[99.13529,2.25595],[99.13775,2.25662],[99.1434,2.25261],[99.16015,2.23606],[99.16941,2.23495],[99.17957,2.2319],[99.19878,2.23092],[99.20314,2.2264],[99.20455,2.22228],[99.21216,2.21272],[99.21095,2.20278],[99.2125,2.1892],[99.20811,2.18414],[99.21137,2.17597],[99.21188,2.17154],[99.21447,2.16829],[99.22369,2.16045],[99.22722,2.15588],[99.23301,2.15136],[99.23906,2.13828],[99.24422,2.13249],[99.24742,2.12724],[99.26576,2.12038],[99.27755,2.11445],[99.28423,2.11247],[99.29166,2.11171],[99.31173,2.12064],[99.31497,2.12303],[99.32099,2.12229],[99.33586,2.12481],[99.34323,2.13045],[99.36511,2.14273],[99.36882,2.14352],[99.37669,2.15595],[99.37672,2.15903],[99.37973,2.1641],[99.38193,2.1666],[99.38956,2.16914],[99.39216,2.16902],[99.39241,2.1662],[99.39427,2.16527],[99.39829,2.15664],[99.40675,2.15032],[99.41917,2.13589],[99.42335,2.13385],[99.43519,2.1241],[99.45959,2.12604],[99.45634,2.11079],[99.45497,2.09849],[99.4502,2.08273],[99.44603,2.04095],[99.4445,2.033],[99.44579,2.01574],[99.44795,2.01],[99.44915,1.99652],[99.45865,1.96295],[99.4575,1.95424],[99.45453,1.95175],[99.44874,1.94988],[99.44027,1.95304],[99.43596,1.95247],[99.42859,1.94903],[99.39194,1.95241],[99.37897,1.95019],[99.37699,1.94733],[99.37638,1.94292],[99.37465,1.94088],[99.36905,1.93973],[99.36424,1.93602],[99.3631,1.93099],[99.36003,1.92792],[99.35661,1.9148],[99.35457,1.91128],[99.34988,1.90759],[99.3392,1.90417],[99.34026,1.89862],[99.34454,1.89465],[99.35433,1.88951],[99.35585,1.88473],[99.35489,1.87851],[99.34987,1.86879],[99.35058,1.86199],[99.34904,1.85659],[99.34696,1.85456],[99.33943,1.84981],[99.33644,1.84538],[99.32756,1.84306],[99.32266,1.84548],[99.32049,1.85087],[99.31129,1.85097],[99.29907,1.8484],[99.29724,1.84722],[99.29719,1.84469],[99.30252,1.83085],[99.30044,1.8287],[99.29281,1.82613],[99.26827,1.82296],[99.24308,1.82978],[99.23852,1.82686],[99.23543,1.82204],[99.2356,1.81714],[99.24536,1.80092],[99.24504,1.79637],[99.24009,1.7852],[99.23756,1.7746],[99.23761,1.76173],[99.23995,1.75737],[99.24559,1.75067],[99.25168,1.72891],[99.25081,1.72521],[99.24721,1.7235],[99.24402,1.71922],[99.24101,1.70717],[99.23937,1.70449],[99.21934,1.69314],[99.21578,1.69267],[99.19844,1.68505],[99.19367,1.68421],[99.18174,1.67439],[99.17517,1.67191],[99.16989,1.66718],[99.16754,1.66695],[99.16344,1.6647],[99.14261,1.63993],[99.1308,1.64055],[99.12264,1.64677],[99.11635,1.64894],[99.11098,1.65582],[99.10533,1.66098],[99.09763,1.67287],[99.08976,1.68133],[99.08579,1.6896],[99.08192,1.69254],[99.0774,1.69938],[99.06866,1.69711],[99.05792,1.7007],[99.05197,1.70112],[99.05043,1.69866],[99.05182,1.69607],[99.04971,1.69617],[99.03812,1.71005],[99.02788,1.70086],[99.01865,1.69752],[99.01479,1.69424],[99.00976,1.69209],[99.00457,1.6844],[99.00249,1.68308],[98.99748,1.67151],[98.9939,1.67108],[98.99315,1.66068],[98.9874,1.65978],[98.97679,1.6613],[98.9733,1.66237],[98.96815,1.67072],[98.96398,1.6822],[98.9648,1.69054],[98.97027,1.70249],[98.97423,1.7083],[98.97493,1.71668],[98.97321,1.72146],[98.97296,1.72778],[98.9771,1.74689],[98.97368,1.75554],[98.97135,1.75802],[98.96693,1.75796],[98.96506,1.75713]]],[[[98.90334,2.38118],[98.9037,2.3793],[98.90133,2.37351],[98.90487,2.36728],[98.90871,2.36452],[98.91076,2.35404],[98.90855,2.35183],[98.89971,2.34687],[98.89758,2.34722],[98.88357,2.35787],[98.88246,2.36143],[98.88452,2.36686],[98.89365,2.36912],[98.89234,2.3747],[98.89435,2.38155],[98.89749,2.38347],[98.89983,2.38373],[98.90308,2.38153],[98.90334,2.38118]]]]}},{"type":"Feature","properties":{"id_kab":"1201","KDPKAB":"1201","kodekab_kemendagri":"1204","nmkab":"Tapanuli Tengah","provinsi":"Sumatera Utara","status_crs":"Tinggi","indeks_crs":0.3647,"norm_crs":0.2186,"indeks_hazard":0.3029,"status_hazard":"Sedang","indeks_exposure":0.6656,"status_exposure":"Sangat Tinggi","indeks_kerentanan":0.5383,"status_vulnerability":"Tinggi","skor_banjir":23.5432,"skor_longsor":20.5673},"geometry":{"type":"MultiPolygon","coordinates":[[[[98.5628,1.86659],[98.56169,1.86885],[98.56198,1.87591],[98.5594,1.88289],[98.55301,1.89118],[98.54408,1.90629],[98.53833,1.91269],[98.53353,1.91534],[98.52876,1.92015],[98.52267,1.92799],[98.51502,1.93238],[98.51176,1.93846],[98.50858,1.94067],[98.50342,1.94074],[98.50075,1.94215],[98.49578,1.9546],[98.48916,1.96408],[98.47953,1.97383],[98.47743,1.9738],[98.45509,1.99308],[98.43984,2.00195],[98.42298,2.00841],[98.42132,2.00877],[98.41552,2.0063],[98.40036,2.00806],[98.39075,2.0063],[98.38193,2.01229],[98.37596,2.015],[98.37349,2.0147],[98.37163,2.01322],[98.36281,2.004],[98.35821,2.00293],[98.35768,2.00481],[98.36409,2.01147],[98.36575,2.01478],[98.36713,2.01852],[98.36697,2.02131],[98.36451,2.02618],[98.35764,2.03373],[98.34696,2.04268],[98.34039,2.04615],[98.33455,2.04488],[98.32854,2.04221],[98.31831,2.04457],[98.31488,2.04291],[98.31264,2.03964],[98.31256,2.03446],[98.31032,2.03277],[98.30912,2.03277],[98.30204,2.0392],[98.29336,2.04362],[98.28571,2.04398],[98.28086,2.04223],[98.27814,2.03868],[98.27843,2.0358],[98.28056,2.03308],[98.27952,2.02956],[98.27635,2.02883],[98.27123,2.0294],[98.26412,2.02728],[98.26297,2.02843],[98.26314,2.03062],[98.26732,2.03146],[98.26998,2.03407],[98.27121,2.03642],[98.27206,2.04258],[98.26907,2.05104],[98.26093,2.06416],[98.25555,2.06952],[98.24313,2.07563],[98.23382,2.08754],[98.22362,2.09677],[98.2088,2.10604],[98.18707,2.11549],[98.17738,2.12513],[98.17133,2.1298],[98.16103,2.14214],[98.14805,2.14931],[98.14409,2.15331],[98.13574,2.15889],[98.13005,2.16546],[98.15754,2.20638],[98.17877,2.23995],[98.17856,2.24247],[98.17414,2.2495],[98.17855,2.25409],[98.18134,2.2591],[98.18801,2.29576],[98.19707,2.3117],[98.23091,2.28855],[98.24716,2.28],[98.25257,2.27581],[98.26198,2.26616],[98.26949,2.2418],[98.26725,2.23287],[98.26807,2.2209],[98.27978,2.22252],[98.28277,2.20899],[98.28242,2.20447],[98.28392,2.20011],[98.27543,2.188],[98.28006,2.18427],[98.29185,2.17753],[98.2992,2.16625],[98.30382,2.16132],[98.30693,2.15981],[98.3234,2.15846],[98.32583,2.15601],[98.32684,2.15651],[98.33557,2.14992],[98.33652,2.14809],[98.3427,2.14562],[98.35157,2.14456],[98.3728,2.13168],[98.38627,2.11853],[98.41747,2.11303],[98.4382,2.10204],[98.4449,2.09768],[98.4497,2.09266],[98.45852,2.09066],[98.46816,2.09633],[98.46803,2.08834],[98.4736,2.08674],[98.50606,2.07973],[98.51078,2.08009],[98.52053,2.08327],[98.52554,2.0835],[98.52982,2.08241],[98.5395,2.08318],[98.54277,2.08239],[98.54943,2.07827],[98.55394,2.07404],[98.5622,2.07459],[98.56895,2.07841],[98.58438,2.08231],[98.59199,2.08303],[98.59656,2.07208],[98.60129,2.06721],[98.60559,2.06438],[98.60684,2.0623],[98.6049,2.05423],[98.60225,2.05135],[98.60233,2.04834],[98.60544,2.04485],[98.6078,2.03947],[98.60543,2.03339],[98.60628,2.02816],[98.60827,2.02429],[98.61425,2.01884],[98.62128,2.01508],[98.6239,2.01471],[98.62959,2.0162],[98.63451,2.01384],[98.63818,2.01153],[98.64442,2.00341],[98.64679,2.00753],[98.64825,2.01534],[98.65072,2.01876],[98.65152,2.01953],[98.65532,2.01806],[98.66411,2.00233],[98.67306,1.99211],[98.69938,1.9733],[98.70367,1.97168],[98.70728,1.97162],[98.71633,1.96338],[98.72748,1.95789],[98.7445,1.96048],[98.75241,1.95971],[98.76379,1.95701],[98.77363,1.95759],[98.78019,1.95431],[98.78598,1.94929],[98.79112,1.93697],[98.79706,1.93237],[98.80563,1.92789],[98.80928,1.92217],[98.80687,1.91209],[98.79148,1.9111],[98.7881,1.90743],[98.79016,1.90704],[98.79114,1.90396],[98.78965,1.8974],[98.78711,1.89532],[98.78229,1.88708],[98.78168,1.87909],[98.78458,1.87508],[98.78601,1.86684],[98.78835,1.86162],[98.8026,1.87174],[98.82057,1.8498],[98.83069,1.83387],[98.83589,1.83109],[98.83751,1.82871],[98.83778,1.82486],[98.83959,1.82208],[98.84733,1.81752],[98.85852,1.81309],[98.86545,1.79656],[98.86682,1.7882],[98.8674,1.77041],[98.86875,1.76254],[98.87207,1.75708],[98.87936,1.75463],[98.88341,1.75526],[98.8977,1.74886],[98.91794,1.74981],[98.92778,1.74865],[98.94032,1.74903],[98.9519,1.75096],[98.95788,1.75309],[98.96693,1.75796],[98.97137,1.758],[98.97547,1.75247],[98.9771,1.74689],[98.97296,1.72778],[98.97493,1.71292],[98.97423,1.7083],[98.97027,1.70249],[98.9648,1.69054],[98.96398,1.6822],[98.96815,1.67072],[98.9733,1.66237],[98.9874,1.65978],[98.99315,1.66068],[98.9939,1.67108],[98.99748,1.67151],[99.00249,1.68308],[99.00457,1.6844],[99.00976,1.69209],[99.01479,1.69424],[99.01872,1.69754],[99.02788,1.70086],[99.03812,1.71005],[99.04971,1.69617],[99.0532,1.69593],[99.06028,1.66748],[99.0582,1.6566],[99.05741,1.64437],[99.05638,1.64166],[99.05811,1.62963],[99.05556,1.60078],[99.05692,1.58762],[99.06559,1.56841],[99.06559,1.55916],[99.06237,1.55285],[99.0562,1.54446],[99.03496,1.54457],[99.0103,1.53795],[98.99122,1.52516],[98.98972,1.52109],[98.98937,1.51365],[98.99118,1.51287],[98.99496,1.50878],[98.99818,1.50273],[99.00014,1.50254],[99.00065,1.50387],[99.01048,1.50244],[99.0119,1.50084],[99.01246,1.49665],[99.00963,1.49078],[99.00967,1.47916],[99.00659,1.4747],[99.0042,1.47307],[98.99588,1.474],[98.99107,1.4698],[98.98636,1.47159],[98.98281,1.47133],[98.97826,1.46982],[98.97403,1.46519],[98.97191,1.46587],[98.97297,1.46053],[98.98817,1.46104],[98.98988,1.45585],[98.98873,1.45374],[98.97518,1.45621],[98.97462,1.45816],[98.97304,1.45838],[98.97108,1.45399],[98.972,1.45238],[98.96985,1.44652],[98.96321,1.44764],[98.95771,1.44186],[98.95392,1.44208],[98.94671,1.44505],[98.94351,1.44271],[98.94282,1.43963],[98.94429,1.43606],[98.94322,1.43477],[98.93046,1.44094],[98.92772,1.44726],[98.9249,1.44863],[98.91829,1.44535],[98.91443,1.44607],[98.9037,1.44089],[98.90033,1.44788],[98.89716,1.44647],[98.89471,1.44696],[98.89524,1.44989],[98.89225,1.45437],[98.89272,1.45065],[98.89194,1.44915],[98.88651,1.44659],[98.88206,1.44727],[98.8779,1.45159],[98.87493,1.46137],[98.87103,1.46646],[98.87022,1.46679],[98.86962,1.46558],[98.8702,1.45819],[98.86904,1.45475],[98.8681,1.45429],[98.86472,1.45957],[98.86599,1.46733],[98.86311,1.46775],[98.86057,1.46274],[98.85685,1.464],[98.85666,1.46707],[98.85573,1.46789],[98.85397,1.46741],[98.8524,1.46135],[98.84932,1.46302],[98.84771,1.46189],[98.8487,1.45642],[98.84729,1.45658],[98.84107,1.46187],[98.83881,1.45833],[98.83915,1.45277],[98.83835,1.4514],[98.83625,1.45063],[98.83457,1.45313],[98.8326,1.45379],[98.83125,1.45315],[98.83056,1.45035],[98.83207,1.44658],[98.83497,1.44661],[98.84115,1.44054],[98.84118,1.43312],[98.83401,1.42862],[98.83083,1.42829],[98.82917,1.42968],[98.82801,1.43296],[98.82476,1.43363],[98.82192,1.43156],[98.82149,1.42654],[98.81925,1.42739],[98.81755,1.42955],[98.81912,1.43452],[98.81708,1.43563],[98.81448,1.43272],[98.8087,1.4311],[98.80722,1.42812],[98.808,1.42592],[98.80398,1.4246],[98.80243,1.42619],[98.80227,1.42821],[98.80614,1.43303],[98.80069,1.43521],[98.79845,1.43314],[98.79887,1.43013],[98.80145,1.42501],[98.80048,1.42379],[98.79671,1.4244],[98.79173,1.42803],[98.78585,1.42923],[98.78076,1.43178],[98.77599,1.44578],[98.77684,1.45107],[98.77552,1.46418],[98.76469,1.49465],[98.76177,1.49983],[98.75948,1.50184],[98.74454,1.51029],[98.74203,1.51581],[98.73773,1.52173],[98.73322,1.5242],[98.72915,1.53144],[98.72519,1.54841],[98.71815,1.55318],[98.71569,1.55634],[98.71203,1.56444],[98.713,1.56657],[98.7174,1.5698],[98.72083,1.56997],[98.72505,1.56828],[98.73113,1.56825],[98.74035,1.55946],[98.74165,1.55381],[98.74802,1.54088],[98.75896,1.53036],[98.76625,1.52849],[98.76864,1.53116],[98.76971,1.53641],[98.7692,1.54377],[98.77491,1.55458],[98.77509,1.55769],[98.77239,1.56459],[98.77325,1.56775],[98.78103,1.5754],[98.78263,1.58093],[98.78921,1.57989],[98.79058,1.57334],[98.7919,1.57161],[98.80369,1.56736],[98.80729,1.56788],[98.80901,1.57157],[98.80746,1.57824],[98.80366,1.57897],[98.79919,1.57843],[98.79611,1.58286],[98.79946,1.58782],[98.79973,1.59559],[98.80068,1.5979],[98.8023,1.60036],[98.80704,1.60349],[98.8134,1.60335],[98.82057,1.6009],[98.83291,1.62686],[98.83557,1.62871],[98.83911,1.63362],[98.84044,1.63912],[98.8388,1.64559],[98.83102,1.65594],[98.82708,1.65938],[98.81964,1.66164],[98.81999,1.66318],[98.82788,1.66409],[98.82781,1.66897],[98.82467,1.6785],[98.8114,1.68923],[98.80748,1.68915],[98.80168,1.68538],[98.79479,1.68283],[98.79117,1.68757],[98.78693,1.6912],[98.78682,1.69523],[98.785,1.70046],[98.78174,1.70095],[98.78102,1.70459],[98.7838,1.70545],[98.78428,1.70946],[98.78077,1.71213],[98.78041,1.7159],[98.78495,1.72256],[98.79148,1.72015],[98.79422,1.7203],[98.8046,1.72672],[98.80769,1.7311],[98.80475,1.73941],[98.8023,1.7403],[98.79291,1.75128],[98.79481,1.7564],[98.79675,1.75854],[98.78847,1.75653],[98.76891,1.75639],[98.76828,1.76068],[98.75892,1.76477],[98.75255,1.76432],[98.74594,1.77229],[98.74207,1.78185],[98.73819,1.78155],[98.73848,1.77804],[98.73502,1.77595],[98.72791,1.77448],[98.72526,1.77802],[98.71554,1.783],[98.70714,1.78555],[98.69893,1.777],[98.6992,1.77409],[98.69788,1.77087],[98.68193,1.77447],[98.67134,1.77303],[98.66892,1.76973],[98.66996,1.76782],[98.67261,1.76719],[98.6751,1.76928],[98.68105,1.76676],[98.68147,1.76835],[98.68042,1.76984],[98.68169,1.77164],[98.68496,1.77199],[98.68824,1.768],[98.69316,1.76977],[98.70226,1.76921],[98.70722,1.76539],[98.7179,1.75391],[98.72168,1.75711],[98.72803,1.76591],[98.72963,1.76729],[98.73164,1.76666],[98.73009,1.75829],[98.72885,1.75721],[98.73198,1.75358],[98.7361,1.75351],[98.73295,1.74812],[98.73036,1.74002],[98.72763,1.73632],[98.72867,1.73146],[98.73128,1.72876],[98.73425,1.73127],[98.73941,1.73173],[98.73604,1.7205],[98.7328,1.71718],[98.73076,1.71846],[98.72791,1.71832],[98.72654,1.71602],[98.72316,1.7158],[98.72073,1.71899],[98.71028,1.72483],[98.68506,1.73448],[98.67923,1.73851],[98.67254,1.74604],[98.66706,1.75483],[98.65372,1.78045],[98.64053,1.79876],[98.62132,1.81923],[98.60688,1.83922],[98.60214,1.84381],[98.60017,1.84246],[98.59761,1.84358],[98.58911,1.85669],[98.58374,1.86073],[98.578,1.8631],[98.57285,1.86234],[98.56917,1.86454],[98.56382,1.86563],[98.5628,1.86659]]],[[[98.97089,1.43912],[98.96802,1.4414],[98.96991,1.44408],[98.97712,1.44503],[98.98095,1.44753],[98.98645,1.44942],[98.9869,1.44855],[98.98332,1.44451],[98.97438,1.43963],[98.97112,1.43907],[98.97089,1.43912]]],[[[98.49283,1.69639],[98.49064,1.68433],[98.4963,1.68363],[98.50069,1.68532],[98.50423,1.68363],[98.50677,1.68052],[98.50564,1.67712],[98.49744,1.67113],[98.49331,1.66541],[98.49377,1.65977],[98.49191,1.65602],[98.49704,1.6532],[98.50404,1.65649],[98.50544,1.65414],[98.50497,1.64945],[98.51057,1.64804],[98.5255,1.64898],[98.5283,1.64429],[98.53437,1.641],[98.54323,1.6518],[98.53903,1.65462],[98.54696,1.66542],[98.54789,1.67387],[98.54509,1.68185],[98.55022,1.6795],[98.55302,1.67669],[98.55629,1.67669],[98.56002,1.6781],[98.56469,1.67106],[98.57168,1.67059],[98.57168,1.66543],[98.56613,1.6505],[98.56998,1.64844],[98.57648,1.64771],[98.58008,1.65051],[98.57915,1.65557],[98.58055,1.66073],[98.58708,1.6659],[98.58988,1.66261],[98.58615,1.65745],[98.58615,1.64571],[98.60062,1.6382],[98.60062,1.63351],[98.60575,1.63069],[98.60715,1.6274],[98.61042,1.61848],[98.61088,1.61332],[98.60529,1.61144],[98.5983,1.62128],[98.58476,1.62458],[98.57963,1.6227],[98.58009,1.61848],[98.57823,1.61472],[98.57309,1.61895],[98.56843,1.61848],[98.56376,1.61519],[98.55636,1.61822],[98.53894,1.61617],[98.4714,1.62962],[98.46495,1.63536],[98.46334,1.63512],[98.45669,1.63752],[98.45032,1.64233],[98.44324,1.64968],[98.4407,1.66015],[98.43957,1.67429],[98.44084,1.67938],[98.44537,1.68179],[98.44981,1.68819],[98.45597,1.70202],[98.46131,1.70232],[98.46418,1.70399],[98.46871,1.70442],[98.4821,1.70343],[98.4856,1.70139],[98.49283,1.69639]]],[[[98.58952,1.57101],[98.58548,1.57006],[98.57864,1.5658],[98.57724,1.5677],[98.57668,1.57168],[98.57769,1.57639],[98.57965,1.57852],[98.58245,1.57886],[98.58425,1.57746],[98.59378,1.57902],[98.59479,1.57796],[98.59075,1.57151],[98.58952,1.57101]]],[[[98.58352,1.6011],[98.58789,1.59483],[98.58772,1.59382],[98.57875,1.5941],[98.57152,1.5969],[98.56883,1.59942],[98.56709,1.60346],[98.56423,1.60542],[98.56423,1.61164],[98.56743,1.61439],[98.57281,1.61181],[98.57275,1.60463],[98.57931,1.60217],[98.58189,1.60223],[98.58352,1.6011]]],[[[98.549,1.85262],[98.54459,1.8494],[98.54341,1.85042],[98.54438,1.85387],[98.54965,1.85424],[98.54932,1.85297],[98.549,1.85262]]],[[[98.53788,1.57404],[98.53872,1.56821],[98.53743,1.5677],[98.52078,1.57465],[98.51809,1.57701],[98.51793,1.58031],[98.5195,1.5802],[98.52084,1.57886],[98.53547,1.57533],[98.53788,1.57404]]],[[[98.49652,1.93709],[98.49742,1.93938],[98.50004,1.93958],[98.49919,1.93537],[98.4968,1.93684],[98.49652,1.93709]]],[[[98.18178,2.09452],[98.18072,2.09226],[98.17899,2.09162],[98.1757,2.09261],[98.17343,2.09587],[98.17518,2.09908],[98.17932,2.09953],[98.18196,2.09555],[98.18178,2.09452]]]]}},{"type":"Feature","properties":{"id_kab":"1204","KDPKAB":"1204","kodekab_kemendagri":"1201","nmkab":"Nias","provinsi":"Sumatera Utara","status_crs":"Sedang","indeks_crs":0.2778,"norm_crs":0.1665,"indeks_hazard":0.2556,"status_hazard":"Sedang","indeks_exposure":0.3278,"status_exposure":"Sedang","indeks_kerentanan":0.759,"status_vulnerability":"Sangat Tinggi","skor_banjir":25.6457,"skor_longsor":17.2234},"geometry":{"type":"MultiPolygon","coordinates":[[[[97.96482,1.02371],[97.96653,1.02369],[97.96713,1.0218],[97.96514,1.02179],[97.96461,1.02327],[97.96482,1.02371]]],[[[97.9532,1.02354],[97.95212,1.02483],[97.95242,1.02592],[97.95554,1.02608],[97.95655,1.02544],[97.95669,1.02385],[97.95373,1.02329],[97.9532,1.02354]]],[[[97.76939,0.95135],[97.75786,0.94979],[97.75769,0.94257],[97.75188,0.93999],[97.74821,0.93918],[97.74101,0.93972],[97.73839,0.93843],[97.73555,0.93631],[97.73597,0.93426],[97.7327,0.92762],[97.72649,0.92424],[97.71675,0.92328],[97.7134,0.92394],[97.70735,0.93708],[97.68926,0.93469],[97.68705,0.94332],[97.68735,0.94736],[97.69047,0.95356],[97.69354,0.95634],[97.69224,0.95998],[97.6902,0.9596],[97.68793,0.96137],[97.68733,0.96608],[97.68356,0.96766],[97.68219,0.97434],[97.68425,0.97779],[97.68552,0.98287],[97.68327,0.98647],[97.69087,0.99472],[97.68985,1.00181],[97.68334,1.00449],[97.67198,1.0017],[97.66937,0.9999],[97.66502,0.99869],[97.66201,0.99425],[97.66193,0.98916],[97.65573,0.98833],[97.65261,0.99047],[97.65265,0.99596],[97.64906,1.00176],[97.6409,1.00652],[97.63395,1.01285],[97.62813,1.01408],[97.62287,1.02051],[97.62092,1.03153],[97.61834,1.03854],[97.61842,1.04543],[97.61654,1.0568],[97.61235,1.06118],[97.62032,1.0646],[97.61986,1.06898],[97.61807,1.07253],[97.61395,1.07179],[97.61295,1.07372],[97.61463,1.08197],[97.61697,1.08275],[97.62223,1.09546],[97.62014,1.10596],[97.61782,1.10806],[97.60956,1.10533],[97.60602,1.10512],[97.5963,1.10642],[97.59353,1.10771],[97.59211,1.10939],[97.59042,1.11831],[97.58569,1.12639],[97.56726,1.1331],[97.5565,1.13467],[97.54458,1.13471],[97.53633,1.14184],[97.53245,1.14407],[97.52693,1.14521],[97.52115,1.15133],[97.5213,1.15603],[97.51778,1.15495],[97.51597,1.15224],[97.51756,1.14677],[97.52071,1.14251],[97.52167,1.13788],[97.52156,1.13528],[97.51865,1.13036],[97.51152,1.1382],[97.50253,1.14044],[97.5025,1.14466],[97.50156,1.14665],[97.49779,1.14846],[97.49138,1.14876],[97.48957,1.15031],[97.48917,1.15371],[97.49091,1.16019],[97.48922,1.16647],[97.48918,1.17654],[97.48717,1.17864],[97.48841,1.19214],[97.48963,1.19629],[97.48934,1.20174],[97.48352,1.21423],[97.49193,1.22641],[97.50126,1.23769],[97.4993,1.24332],[97.49372,1.25233],[97.49366,1.26059],[97.50058,1.2681],[97.50724,1.27366],[97.51162,1.27126],[97.5149,1.27174],[97.51865,1.27344],[97.52062,1.27581],[97.54119,1.28487],[97.54331,1.28484],[97.54558,1.28161],[97.54868,1.28027],[97.55315,1.28006],[97.55653,1.28143],[97.561,1.28549],[97.57159,1.2864],[97.57196,1.28522],[97.56403,1.28061],[97.563,1.27843],[97.56391,1.27627],[97.56565,1.27444],[97.56871,1.27761],[97.57338,1.27394],[97.5761,1.27405],[97.58751,1.26003],[97.58628,1.25918],[97.58175,1.25962],[97.56968,1.25444],[97.56651,1.25188],[97.56573,1.23882],[97.56884,1.23215],[97.56829,1.2296],[97.56214,1.22468],[97.56633,1.22],[97.55669,1.21348],[97.55865,1.21093],[97.5587,1.20901],[97.5603,1.20742],[97.56412,1.2079],[97.56366,1.21469],[97.56691,1.2147],[97.56845,1.21276],[97.57235,1.21155],[97.57403,1.21376],[97.58295,1.21381],[97.58546,1.21118],[97.59375,1.20902],[97.60785,1.20041],[97.60847,1.19392],[97.60675,1.18742],[97.60251,1.18832],[97.59782,1.18425],[97.5997,1.17903],[97.6014,1.17803],[97.60374,1.17834],[97.60907,1.1817],[97.61189,1.17807],[97.61412,1.17242],[97.61299,1.1704],[97.6108,1.16953],[97.61102,1.16669],[97.61217,1.16178],[97.6153,1.15571],[97.62046,1.15645],[97.62232,1.15763],[97.62177,1.15891],[97.62512,1.16072],[97.62768,1.15865],[97.62827,1.15464],[97.63089,1.15256],[97.64767,1.1471],[97.65059,1.14519],[97.65343,1.14001],[97.65846,1.13987],[97.65717,1.13328],[97.65564,1.133],[97.64944,1.13589],[97.64669,1.13517],[97.64526,1.13153],[97.64866,1.12165],[97.64926,1.11488],[97.64854,1.1114],[97.65139,1.10615],[97.65428,1.10345],[97.65552,1.10963],[97.66087,1.11783],[97.66059,1.12098],[97.66538,1.12473],[97.67369,1.12604],[97.67735,1.13014],[97.67898,1.13036],[97.68076,1.13234],[97.68325,1.13968],[97.69226,1.15326],[97.69605,1.15345],[97.70212,1.15623],[97.71115,1.16203],[97.71728,1.15751],[97.72251,1.15789],[97.72523,1.15237],[97.72865,1.15297],[97.73021,1.14637],[97.74393,1.14944],[97.74524,1.15214],[97.74663,1.15289],[97.75302,1.15092],[97.75986,1.15941],[97.764,1.15488],[97.77052,1.15099],[97.77599,1.15019],[97.7928,1.15266],[97.80001,1.15081],[97.8043,1.14728],[97.81308,1.13737],[97.82628,1.11467],[97.82891,1.10908],[97.8328,1.09543],[97.84005,1.0919],[97.84631,1.08639],[97.84664,1.0847],[97.84499,1.07849],[97.84923,1.07216],[97.86768,1.05511],[97.87268,1.05231],[97.87971,1.05198],[97.88857,1.05553],[97.89691,1.05391],[97.91791,1.02748],[97.92105,1.02148],[97.92908,0.99329],[97.93979,0.97941],[97.94392,0.97124],[97.9468,0.96172],[97.94693,0.95544],[97.94317,0.94919],[97.92875,0.93196],[97.91147,0.90919],[97.90392,0.89654],[97.90167,0.8847],[97.89824,0.88374],[97.89257,0.88507],[97.88953,0.88833],[97.88538,0.89047],[97.8787,0.88955],[97.87505,0.88771],[97.86812,0.88999],[97.86782,0.88795],[97.86444,0.88829],[97.86319,0.89146],[97.8655,0.89334],[97.86738,0.89649],[97.86682,0.89748],[97.8582,0.89806],[97.84942,0.90288],[97.84661,0.90967],[97.85001,0.91083],[97.85281,0.90887],[97.85968,0.90671],[97.86434,0.91277],[97.86404,0.91639],[97.8602,0.91919],[97.85381,0.9179],[97.85089,0.91632],[97.84972,0.91399],[97.84584,0.91216],[97.84459,0.91526],[97.83919,0.91801],[97.82994,0.91862],[97.82188,0.92162],[97.81651,0.91804],[97.8048,0.91372],[97.79805,0.91234],[97.79694,0.9139],[97.79665,0.91751],[97.79429,0.92153],[97.78885,0.91804],[97.78354,0.92039],[97.78059,0.93763],[97.78085,0.94375],[97.78282,0.95154],[97.78189,0.95586],[97.77996,0.95747],[97.77659,0.95765],[97.7692,0.95536],[97.76939,0.95135]]],[[[97.92872,1.07985],[97.92962,1.08056],[97.9304,1.07967],[97.92879,1.07956],[97.92872,1.07985]]],[[[97.90218,1.07359],[97.9011,1.07726],[97.90511,1.07835],[97.90663,1.07637],[97.90639,1.07392],[97.90525,1.07295],[97.90303,1.07304],[97.90218,1.07359]]]]}},{"type":"Feature","properties":{"id_kab":"1225","KDPKAB":"1225","kodekab_kemendagri":"1225","nmkab":"Nias Barat","provinsi":"Sumatera Utara","status_crs":"Tinggi","indeks_crs":0.3701,"norm_crs":0.2218,"indeks_hazard":0.3584,"status_hazard":"Sedang","indeks_exposure":0.1898,"status_exposure":"Sedang","indeks_kerentanan":0.8428,"status_vulnerability":"Sangat Tinggi","skor_banjir":24.7387,"skor_longsor":20.8265},"geometry":{"type":"MultiPolygon","coordinates":[[[[97.40793,0.97482],[97.39554,1.01289],[97.3909,1.02354],[97.39001,1.02937],[97.38414,1.04384],[97.37672,1.06038],[97.37169,1.06616],[97.3693,1.07605],[97.36701,1.08115],[97.36002,1.09189],[97.37239,1.09581],[97.37975,1.08964],[97.38711,1.08497],[97.38968,1.08476],[97.39311,1.08591],[97.39805,1.09063],[97.41561,1.09255],[97.4267,1.09259],[97.43227,1.09148],[97.44499,1.0966],[97.44577,1.09791],[97.44496,1.11405],[97.4602,1.11646],[97.46128,1.11631],[97.46331,1.10295],[97.46769,1.09213],[97.47238,1.08545],[97.4775,1.08143],[97.48099,1.08306],[97.4825,1.08517],[97.48022,1.09039],[97.48079,1.09248],[97.48381,1.09556],[97.48816,1.09288],[97.48791,1.09731],[97.48161,1.11498],[97.47701,1.11821],[97.47347,1.12231],[97.46907,1.1243],[97.47628,1.13166],[97.47337,1.13421],[97.47372,1.13609],[97.47779,1.13832],[97.48917,1.15371],[97.48957,1.15031],[97.49138,1.14876],[97.49779,1.14846],[97.50156,1.14665],[97.5025,1.14466],[97.50253,1.14044],[97.51152,1.1382],[97.51865,1.13036],[97.52156,1.13528],[97.52167,1.13788],[97.52071,1.14251],[97.51756,1.14677],[97.51597,1.15224],[97.51778,1.15495],[97.52065,1.15602],[97.5218,1.15561],[97.52115,1.15133],[97.52693,1.14521],[97.53245,1.14407],[97.53633,1.14184],[97.54458,1.13471],[97.5565,1.13467],[97.56509,1.13353],[97.5847,1.12693],[97.58708,1.1246],[97.59042,1.11831],[97.59211,1.10939],[97.59353,1.10771],[97.5963,1.10642],[97.60602,1.10512],[97.60956,1.10533],[97.61798,1.10804],[97.6209,1.10467],[97.62218,1.09853],[97.62223,1.09546],[97.61697,1.08275],[97.61463,1.08197],[97.61295,1.07372],[97.61395,1.07179],[97.61807,1.07253],[97.61986,1.06898],[97.62032,1.0646],[97.61235,1.06118],[97.61654,1.0568],[97.61842,1.04543],[97.61834,1.03854],[97.62117,1.03033],[97.61425,1.02869],[97.59455,1.01989],[97.58652,1.01141],[97.57541,1.00687],[97.57288,1.00288],[97.5582,0.99565],[97.55534,0.99274],[97.53803,0.9884],[97.53871,0.97316],[97.53305,0.95621],[97.52705,0.95257],[97.52692,0.94479],[97.53619,0.9164],[97.54742,0.90288],[97.5479,0.89732],[97.5517,0.89235],[97.54409,0.89139],[97.54063,0.8941],[97.53138,0.89631],[97.52404,0.90442],[97.52094,0.90596],[97.51616,0.90758],[97.51331,0.90596],[97.50966,0.90715],[97.50749,0.90889],[97.50682,0.91281],[97.50838,0.91527],[97.51087,0.9157],[97.51132,0.91677],[97.50997,0.9218],[97.49854,0.93001],[97.49401,0.93176],[97.49199,0.93163],[97.48779,0.93506],[97.48681,0.93882],[97.48397,0.94],[97.46664,0.94321],[97.44233,0.94383],[97.43189,0.94246],[97.42395,0.94829],[97.41744,0.95026],[97.41286,0.94848],[97.41076,0.946],[97.41228,0.94281],[97.41122,0.9386],[97.40952,0.93748],[97.40716,0.93788],[97.40557,0.93927],[97.40374,0.94389],[97.40477,0.94724],[97.40876,0.94716],[97.4101,0.95068],[97.40991,0.96429],[97.40838,0.97171],[97.40793,0.97482]]],[[[97.42853,0.91968],[97.42889,0.92072],[97.43127,0.92169],[97.43268,0.9187],[97.43152,0.91748],[97.42853,0.91913],[97.42853,0.91968]]],[[[97.43124,0.9351],[97.43118,0.9326],[97.4295,0.93007],[97.42651,0.92969],[97.42493,0.93091],[97.42468,0.93231],[97.42755,0.93737],[97.43108,0.93558],[97.43124,0.9351]]],[[[97.38405,0.8581],[97.38531,0.85712],[97.38507,0.85449],[97.38129,0.84711],[97.36829,0.84772],[97.36407,0.8515],[97.36371,0.8551],[97.37119,0.86272],[97.37287,0.86224],[97.37695,0.85836],[97.38344,0.85803],[97.38405,0.8581]]],[[[97.38373,0.83771],[97.38373,0.83569],[97.3811,0.83447],[97.37567,0.83929],[97.37689,0.8421],[97.37988,0.84351],[97.38251,0.84271],[97.38373,0.83948],[97.38373,0.83771]]],[[[97.37442,0.88004],[97.37536,0.87789],[97.37463,0.87694],[97.36986,0.8793],[97.3695,0.88066],[97.37074,0.88185],[97.37379,0.88078],[97.37442,0.88004]]],[[[97.35841,0.82698],[97.36176,0.81995],[97.36163,0.81497],[97.35917,0.81108],[97.35755,0.81058],[97.34927,0.81285],[97.3436,0.81819],[97.33791,0.82188],[97.33215,0.82844],[97.33238,0.83226],[97.33763,0.84062],[97.34143,0.84266],[97.34632,0.84315],[97.34894,0.84254],[97.35153,0.84051],[97.35841,0.82698]]],[[[97.35739,0.87031],[97.35536,0.86739],[97.35133,0.86703],[97.34658,0.86466],[97.33574,0.85677],[97.33186,0.85732],[97.33019,0.85894],[97.32929,0.86038],[97.32964,0.86327],[97.33347,0.86862],[97.33785,0.87161],[97.34331,0.87366],[97.35539,0.87477],[97.35805,0.87214],[97.35739,0.87031]]],[[[97.32642,0.85524],[97.33342,0.85005],[97.33236,0.84766],[97.32842,0.84504],[97.3197,0.84539],[97.31207,0.84833],[97.30969,0.85052],[97.30847,0.85449],[97.31128,0.8587],[97.32111,0.85992],[97.32614,0.85563],[97.32642,0.85524]]],[[[97.29141,0.86836],[97.29201,0.86697],[97.29039,0.86319],[97.28746,0.86286],[97.2856,0.86399],[97.28152,0.86882],[97.28185,0.871],[97.28491,0.87109],[97.29028,0.86951],[97.29141,0.86836]]],[[[97.28113,0.9043],[97.28448,0.9007],[97.28491,0.89752],[97.2829,0.89587],[97.2793,0.89612],[97.26593,0.9079],[97.26532,0.91248],[97.26971,0.91553],[97.27289,0.91553],[97.27509,0.91431],[97.27832,0.9115],[97.27869,0.90845],[97.28113,0.9043]]]]}},{"type":"Feature","properties":{"id_kab":"1224","KDPKAB":"1224","kodekab_kemendagri":"1224","nmkab":"Nias Utara","provinsi":"Sumatera Utara","status_crs":"Sedang","indeks_crs":0.319,"norm_crs":0.1912,"indeks_hazard":0.3321,"status_hazard":"Sedang","indeks_exposure":0.0916,"status_exposure":"Rendah","indeks_kerentanan":0.8692,"status_vulnerability":"Sangat Tinggi","skor_banjir":21.0882,"skor_longsor":23.7857},"geometry":{"type":"MultiPolygon","coordinates":[[[[97.324,1.15196],[97.32003,1.15752],[97.30863,1.16784],[97.30513,1.16901],[97.29878,1.16815],[97.29702,1.16676],[97.29545,1.16729],[97.29528,1.1694],[97.29691,1.17279],[97.30031,1.17617],[97.30052,1.17946],[97.29766,1.18578],[97.29277,1.19259],[97.29139,1.19334],[97.28832,1.19197],[97.28456,1.19426],[97.28461,1.19634],[97.28709,1.19834],[97.28673,1.2022],[97.27716,1.21288],[97.27353,1.21579],[97.27066,1.21663],[97.26782,1.21656],[97.26629,1.214],[97.25835,1.21391],[97.25628,1.21802],[97.25569,1.22832],[97.26282,1.23023],[97.26388,1.23316],[97.26333,1.23859],[97.26149,1.24361],[97.25683,1.24704],[97.25074,1.24736],[97.24655,1.24933],[97.24604,1.2518],[97.24984,1.25554],[97.24877,1.259],[97.24618,1.26083],[97.24318,1.26124],[97.23642,1.25848],[97.23488,1.25718],[97.23505,1.25615],[97.23776,1.25251],[97.24042,1.2515],[97.2396,1.25009],[97.23768,1.24974],[97.22997,1.25617],[97.2302,1.25926],[97.23255,1.26112],[97.23151,1.26593],[97.22035,1.27265],[97.21706,1.27366],[97.21404,1.2732],[97.2122,1.27187],[97.20886,1.26637],[97.20586,1.26591],[97.20437,1.26724],[97.20586,1.27248],[97.2099,1.27649],[97.20984,1.27954],[97.20809,1.28372],[97.20201,1.29053],[97.19922,1.29252],[97.19704,1.29238],[97.19525,1.29446],[97.1921,1.30331],[97.19093,1.30987],[97.18751,1.31404],[97.18302,1.32355],[97.17637,1.32922],[97.16903,1.34035],[97.16688,1.34611],[97.1625,1.35034],[97.15233,1.36608],[97.13939,1.37429],[97.13744,1.37765],[97.12469,1.38647],[97.11188,1.39893],[97.10553,1.40332],[97.09747,1.40729],[97.08728,1.40833],[97.08173,1.40668],[97.08127,1.40137],[97.07773,1.38945],[97.07575,1.38783],[97.07295,1.38827],[97.06674,1.3987],[97.06233,1.40186],[97.05823,1.40665],[97.05705,1.41049],[97.06077,1.41985],[97.06729,1.42494],[97.06798,1.42394],[97.0627,1.41823],[97.06257,1.41624],[97.06638,1.41499],[97.08194,1.42296],[97.08897,1.42534],[97.09861,1.42468],[97.11394,1.42696],[97.11963,1.42881],[97.12678,1.43304],[97.13543,1.43487],[97.13987,1.43219],[97.14936,1.42305],[97.15492,1.42044],[97.15994,1.42291],[97.16088,1.42097],[97.15904,1.41864],[97.16136,1.41457],[97.16617,1.41091],[97.17412,1.40784],[97.17392,1.40492],[97.16997,1.40111],[97.17077,1.3966],[97.17206,1.39615],[97.17561,1.39832],[97.17649,1.40023],[97.17962,1.40017],[97.1792,1.39574],[97.18103,1.39631],[97.18365,1.39915],[97.18313,1.40257],[97.18602,1.40528],[97.18807,1.40586],[97.18408,1.40705],[97.17945,1.40552],[97.1779,1.40627],[97.17696,1.40934],[97.18544,1.4177],[97.18803,1.41902],[97.19526,1.41913],[97.19657,1.41749],[97.19637,1.41585],[97.19332,1.41265],[97.19316,1.41001],[97.19727,1.40785],[97.19935,1.40777],[97.2038,1.40341],[97.2067,1.40269],[97.21514,1.40416],[97.22282,1.40685],[97.22827,1.41229],[97.2323,1.41248],[97.23871,1.40887],[97.25031,1.41145],[97.25258,1.41098],[97.25202,1.41223],[97.2611,1.42046],[97.26344,1.42017],[97.26573,1.41672],[97.26719,1.41628],[97.27253,1.41778],[97.27893,1.42126],[97.28473,1.42712],[97.28631,1.43064],[97.2881,1.44207],[97.29024,1.44901],[97.29239,1.44779],[97.30847,1.45341],[97.31862,1.46078],[97.33013,1.47381],[97.33265,1.47149],[97.33684,1.4724],[97.34,1.4745],[97.34513,1.4808],[97.34843,1.48802],[97.34876,1.49302],[97.35082,1.49518],[97.35119,1.50164],[97.3496,1.50545],[97.34463,1.5089],[97.33697,1.51903],[97.33465,1.5241],[97.33631,1.53248],[97.33854,1.53555],[97.34639,1.54063],[97.35024,1.54155],[97.35346,1.54083],[97.35881,1.53785],[97.36697,1.5322],[97.37149,1.52722],[97.378,1.52208],[97.37767,1.51747],[97.37439,1.5147],[97.3766,1.50982],[97.3788,1.51346],[97.38334,1.51307],[97.38926,1.50904],[97.38821,1.50826],[97.38701,1.50979],[97.386,1.50972],[97.38286,1.50803],[97.38589,1.50409],[97.39127,1.50297],[97.39152,1.50154],[97.39472,1.49985],[97.4047,1.49933],[97.41099,1.5039],[97.41022,1.51238],[97.41103,1.51706],[97.41341,1.52247],[97.41569,1.52207],[97.42076,1.51857],[97.42453,1.51454],[97.42424,1.5112],[97.43276,1.49953],[97.43376,1.49568],[97.43278,1.49123],[97.43371,1.48576],[97.43897,1.4752],[97.44075,1.4733],[97.45488,1.4703],[97.45915,1.47036],[97.46749,1.47276],[97.47213,1.47936],[97.48259,1.47944],[97.48882,1.47263],[97.49196,1.46401],[97.49547,1.44952],[97.50042,1.44693],[97.5074,1.44652],[97.50928,1.4447],[97.51037,1.43649],[97.51687,1.42719],[97.5227,1.4227],[97.53647,1.42159],[97.53966,1.42024],[97.53467,1.41767],[97.53443,1.41561],[97.52891,1.41182],[97.52978,1.41003],[97.52474,1.40458],[97.51652,1.40217],[97.51233,1.39881],[97.50295,1.38759],[97.50027,1.38282],[97.50517,1.37696],[97.50489,1.37344],[97.50632,1.36898],[97.50848,1.36593],[97.51278,1.36353],[97.51341,1.3609],[97.50695,1.35998],[97.5061,1.35905],[97.50521,1.3569],[97.50614,1.35241],[97.50571,1.34961],[97.49932,1.3392],[97.4953,1.34605],[97.48775,1.34736],[97.48432,1.3455],[97.48413,1.34379],[97.48628,1.34094],[97.49405,1.33724],[97.495,1.33549],[97.49101,1.32846],[97.49227,1.32663],[97.49201,1.32184],[97.49345,1.3174],[97.4926,1.31305],[97.49004,1.31695],[97.487,1.31212],[97.4875,1.30997],[97.49239,1.30948],[97.50452,1.3117],[97.51561,1.3099],[97.51955,1.3079],[97.52594,1.29734],[97.51621,1.29673],[97.50005,1.29039],[97.48994,1.29027],[97.48866,1.28869],[97.48929,1.28665],[97.49264,1.2853],[97.50017,1.28754],[97.50351,1.28651],[97.51134,1.28046],[97.50902,1.27494],[97.50058,1.2681],[97.49366,1.26059],[97.49372,1.25233],[97.4993,1.24332],[97.50126,1.23769],[97.49193,1.22641],[97.48352,1.21423],[97.48934,1.20174],[97.48963,1.19629],[97.48841,1.19214],[97.48717,1.17864],[97.48918,1.17654],[97.48922,1.16647],[97.49091,1.16019],[97.49011,1.15605],[97.47779,1.13832],[97.47372,1.13609],[97.47337,1.13421],[97.47628,1.13166],[97.46907,1.1243],[97.47347,1.12231],[97.47701,1.11821],[97.48161,1.11498],[97.48702,1.1013],[97.48816,1.09288],[97.48381,1.09556],[97.48079,1.09248],[97.48022,1.09039],[97.4825,1.08517],[97.48099,1.08306],[97.4775,1.08143],[97.47654,1.08185],[97.47238,1.08545],[97.46863,1.09038],[97.46331,1.10295],[97.46128,1.11631],[97.4602,1.11646],[97.44496,1.11405],[97.44577,1.09791],[97.44499,1.0966],[97.43227,1.09148],[97.4267,1.09259],[97.41561,1.09255],[97.39805,1.09063],[97.39311,1.08591],[97.38968,1.08476],[97.38711,1.08497],[97.37975,1.08964],[97.37239,1.09581],[97.35929,1.09177],[97.34996,1.10785],[97.34271,1.118],[97.33117,1.14065],[97.324,1.15196]]],[[[97.40737,1.50779],[97.40733,1.50623],[97.40536,1.50682],[97.40574,1.50916],[97.40737,1.50779]]],[[[97.2602,1.4637],[97.25331,1.45978],[97.24525,1.4594],[97.24279,1.45799],[97.24154,1.45495],[97.23436,1.45005],[97.23068,1.45025],[97.22964,1.45317],[97.23038,1.45631],[97.23584,1.46255],[97.23977,1.46408],[97.25135,1.4632],[97.25429,1.46633],[97.26006,1.4661],[97.26077,1.46494],[97.2602,1.4637]]],[[[97.24078,1.42745],[97.2405,1.43023],[97.24417,1.43013],[97.2449,1.42848],[97.24409,1.42699],[97.24134,1.427],[97.24078,1.42745]]],[[[97.22659,1.43988],[97.22596,1.44158],[97.23124,1.44247],[97.23202,1.44037],[97.23073,1.43915],[97.22698,1.43967],[97.22659,1.43988]]],[[[97.22963,1.4183],[97.22878,1.41551],[97.22241,1.4122],[97.22215,1.41451],[97.22445,1.41701],[97.22507,1.41917],[97.2269,1.4205],[97.22971,1.41983],[97.22963,1.4183]]],[[[97.21706,1.41913],[97.21522,1.4198],[97.21277,1.42254],[97.21305,1.42476],[97.21426,1.42598],[97.21967,1.42615],[97.22246,1.4243],[97.22217,1.42099],[97.21817,1.4195],[97.21706,1.41913]]],[[[97.17066,1.42322],[97.16825,1.42243],[97.16733,1.42487],[97.16931,1.42792],[97.17125,1.42784],[97.17037,1.42973],[97.16832,1.42987],[97.16904,1.43239],[97.17246,1.43414],[97.17511,1.43282],[97.17512,1.43131],[97.17122,1.42407],[97.17066,1.42322]]],[[[97.10801,1.36005],[97.11085,1.36033],[97.11196,1.35792],[97.10557,1.35102],[97.1011,1.3506],[97.09894,1.35881],[97.10234,1.36075],[97.10741,1.35974],[97.10801,1.36005]]],[[[97.09048,1.22511],[97.08662,1.22199],[97.08372,1.2156],[97.08394,1.21375],[97.08572,1.21122],[97.08803,1.21197],[97.09214,1.20026],[97.09622,1.19956],[97.09788,1.20127],[97.09912,1.20604],[97.09755,1.2101],[97.09395,1.21297],[97.09377,1.21418],[97.09404,1.21743],[97.09519,1.2179],[97.09675,1.21672],[97.10236,1.20662],[97.10557,1.19564],[97.10449,1.19199],[97.10125,1.18791],[97.0982,1.18939],[97.08944,1.19726],[97.08298,1.20489],[97.07979,1.21344],[97.08192,1.22827],[97.08092,1.22933],[97.08145,1.23252],[97.08523,1.23258],[97.08877,1.23447],[97.09271,1.23187],[97.09174,1.22815],[97.09048,1.22511]]]]}},{"type":"Feature","properties":{"id_kab":"1221","KDPKAB":"1221","kodekab_kemendagri":"1221","nmkab":"Padang Lawas","provinsi":"Sumatera Utara","status_crs":"Sedang","indeks_crs":0.2187,"norm_crs":0.1311,"indeks_hazard":0.3076,"status_hazard":"Sedang","indeks_exposure":0.1908,"status_exposure":"Sedang","indeks_kerentanan":0.5202,"status_vulnerability":"Tinggi","skor_banjir":20.6743,"skor_longsor":23.5595},"geometry":{"type":"Polygon","coordinates":[[[99.73204,0.89351],[99.72135,0.89519],[99.71974,0.89697],[99.71853,0.90311],[99.71317,0.90629],[99.71189,0.91541],[99.70005,0.92561],[99.68861,0.93321],[99.67769,0.93204],[99.6683,0.92748],[99.65977,0.92787],[99.65022,0.91884],[99.64596,0.91868],[99.63985,0.92045],[99.63468,0.92769],[99.62807,0.93258],[99.62505,0.93687],[99.62457,0.93876],[99.62568,0.94214],[99.62398,0.94428],[99.61635,0.94848],[99.60107,0.95041],[99.59972,0.95193],[99.59557,0.96438],[99.58703,0.96877],[99.58716,0.97094],[99.59272,0.98432],[99.5993,0.99363],[99.59972,0.99564],[99.59715,1.00669],[99.59473,1.01022],[99.58086,1.01921],[99.57227,1.03457],[99.56953,1.04173],[99.56797,1.05154],[99.56927,1.06125],[99.56809,1.06556],[99.56179,1.06896],[99.54944,1.06979],[99.54664,1.07081],[99.54503,1.08707],[99.54272,1.09295],[99.53872,1.09747],[99.5267,1.10718],[99.52257,1.11565],[99.51386,1.12948],[99.50976,1.13287],[99.50329,1.13425],[99.50477,1.13474],[99.50623,1.1373],[99.49533,1.14022],[99.48738,1.14355],[99.45212,1.17409],[99.43574,1.18184],[99.43162,1.18858],[99.42883,1.20659],[99.42238,1.21605],[99.42209,1.22709],[99.42619,1.23181],[99.46124,1.2396],[99.46495,1.24402],[99.46923,1.25398],[99.47296,1.25922],[99.4776,1.26222],[99.48671,1.2633],[99.49414,1.2626],[99.50263,1.26313],[99.51024,1.2649],[99.532,1.27339],[99.53412,1.27551],[99.53518,1.27852],[99.53854,1.2817],[99.54261,1.28241],[99.55251,1.27958],[99.56242,1.2794],[99.56401,1.28029],[99.56738,1.28595],[99.57002,1.29497],[99.57321,1.3001],[99.57851,1.30452],[99.584,1.30611],[99.59621,1.30558],[99.59833,1.30611],[99.6047,1.31213],[99.61,1.31443],[99.61776,1.3156],[99.62518,1.31521],[99.62673,1.316],[99.62865,1.3191],[99.62893,1.32232],[99.6398,1.33545],[99.64807,1.34261],[99.66334,1.35275],[99.67842,1.371],[99.68417,1.37461],[99.69283,1.37579],[99.69633,1.37779],[99.70107,1.3766],[99.70284,1.37843],[99.70632,1.38621],[99.71301,1.39279],[99.72137,1.39503],[99.73475,1.40445],[99.73682,1.4126],[99.73596,1.4175],[99.74928,1.42929],[99.75351,1.44242],[99.75312,1.4536],[99.75448,1.45661],[99.75868,1.45929],[99.76169,1.46006],[99.76406,1.45914],[99.7665,1.4567],[99.77105,1.45711],[99.77299,1.45004],[99.77514,1.44674],[99.82814,1.48975],[99.84286,1.50289],[99.84983,1.50747],[99.86024,1.50784],[99.86548,1.51308],[99.86752,1.53308],[99.88574,1.54508],[99.89943,1.55191],[99.90365,1.55564],[99.90941,1.55487],[99.91191,1.55274],[99.91347,1.54662],[99.91644,1.54321],[99.9176,1.54014],[99.92068,1.53746],[99.92185,1.53428],[99.92176,1.52772],[99.9201,1.52348],[99.92104,1.51773],[99.91378,1.50354],[99.9156,1.48468],[99.92362,1.47179],[99.93132,1.463],[99.94844,1.43004],[99.94852,1.42642],[99.94565,1.42293],[99.94622,1.41298],[99.94781,1.40982],[99.97572,1.38055],[99.98633,1.38175],[99.9994,1.38064],[100.00498,1.37745],[100.00803,1.37446],[100.01566,1.36418],[100.03031,1.36081],[100.03424,1.35867],[100.03489,1.35297],[100.03162,1.35305],[100.02582,1.3512],[100.02571,1.33477],[100.02765,1.32952],[100.03465,1.32045],[100.03789,1.31831],[100.04697,1.31543],[100.05021,1.31329],[100.05371,1.30856],[100.06364,1.30241],[100.07631,1.29047],[100.08148,1.2821],[100.09343,1.27067],[100.10283,1.27006],[100.10971,1.26658],[100.11676,1.25168],[100.11712,1.23878],[100.11516,1.21309],[100.11934,1.2033],[100.12725,1.19361],[100.13405,1.18324],[100.13975,1.17718],[100.14341,1.17514],[100.15975,1.17305],[100.16341,1.17193],[100.16608,1.1698],[100.16538,1.16726],[100.16293,1.16473],[100.161,1.15822],[100.16194,1.14156],[100.16662,1.13752],[100.17244,1.13557],[100.17733,1.12718],[100.18391,1.12454],[100.18308,1.1213],[100.17953,1.11782],[100.17523,1.11927],[100.17043,1.1227],[100.16199,1.11817],[100.1508,1.12003],[100.14564,1.1172],[100.13921,1.11109],[100.13584,1.10911],[100.1304,1.10788],[100.12574,1.10199],[100.11919,1.09763],[100.11757,1.0939],[100.11406,1.06867],[100.11721,1.06121],[100.1195,1.0612],[100.1214,1.06264],[100.12632,1.05981],[100.12981,1.0549],[100.13586,1.0587],[100.13766,1.06105],[100.14021,1.06075],[100.1413,1.0581],[100.14112,1.05001],[100.13872,1.03918],[100.13999,1.02999],[100.14449,1.01943],[100.14938,1.0122],[100.15859,1.00915],[100.16097,1.00623],[100.16061,0.99962],[100.15911,0.99503],[100.14963,0.98992],[100.14591,0.98891],[100.13957,0.98372],[100.14074,0.97902],[100.14699,0.97324],[100.14879,0.96713],[100.14495,0.95248],[100.15098,0.93591],[100.14472,0.93483],[100.1402,0.93229],[100.13579,0.92538],[100.13471,0.91788],[100.13243,0.91208],[100.13282,0.9085],[100.13824,0.90196],[100.14272,0.8844],[100.14156,0.88165],[100.13719,0.8813],[100.13408,0.86618],[100.13786,0.84419],[100.12901,0.84361],[100.12817,0.8474],[100.12388,0.8469],[100.12291,0.84013],[100.11924,0.83371],[100.12002,0.82628],[100.12426,0.81649],[100.14347,0.79508],[100.15896,0.78308],[100.16545,0.77928],[100.17862,0.76438],[100.16971,0.76472],[100.13599,0.77554],[100.11975,0.78589],[100.07439,0.80121],[100.06215,0.80812],[100.0347,0.82734],[100.00311,0.84329],[99.99517,0.84215],[99.98591,0.84455],[99.97449,0.84923],[99.97258,0.84891],[99.96751,0.85072],[99.96084,0.85998],[99.96104,0.86477],[99.95948,0.86889],[99.95169,0.87933],[99.94105,0.88273],[99.90989,0.88704],[99.90493,0.88871],[99.90055,0.89103],[99.9008,0.89313],[99.89837,0.896],[99.89212,0.89704],[99.88422,0.90096],[99.87924,0.90531],[99.87155,0.90739],[99.86528,0.90604],[99.86303,0.90261],[99.85696,0.8967],[99.84067,0.89292],[99.83627,0.88922],[99.83187,0.88296],[99.83079,0.87761],[99.84082,0.85306],[99.84156,0.84859],[99.84151,0.83389],[99.83761,0.82219],[99.83562,0.82289],[99.83483,0.82685],[99.81796,0.83879],[99.81378,0.84615],[99.81226,0.8476],[99.80566,0.84996],[99.80116,0.85636],[99.79902,0.85775],[99.79075,0.85418],[99.78286,0.85776],[99.76972,0.85919],[99.76693,0.8613],[99.76225,0.86303],[99.74812,0.86506],[99.74635,0.86609],[99.74332,0.86923],[99.74284,0.87338],[99.7399,0.87765],[99.73483,0.88183],[99.73305,0.88472],[99.73285,0.88683],[99.73477,0.89073],[99.73307,0.89331],[99.73204,0.89351]]]}},{"type":"Feature","properties":{"id_kab":"1220","KDPKAB":"1220","kodekab_kemendagri":"1220","nmkab":"Padang Lawas Utara","provinsi":"Sumatera Utara","status_crs":"Tinggi","indeks_crs":0.3788,"norm_crs":0.227,"indeks_hazard":0.3056,"status_hazard":"Sedang","indeks_exposure":0.7347,"status_exposure":"Sangat Tinggi","indeks_kerentanan":0.5047,"status_vulnerability":"Tinggi","skor_banjir":20.6403,"skor_longsor":23.5407},"geometry":{"type":"Polygon","coordinates":[[[99.4147,1.39964],[99.41602,1.39749],[99.41759,1.39683],[99.41948,1.39812],[99.41977,1.39993],[99.41806,1.40153],[99.41656,1.40545],[99.41846,1.40766],[99.41993,1.4201],[99.41979,1.42204],[99.4179,1.42376],[99.42043,1.42866],[99.41598,1.43785],[99.41039,1.44549],[99.40696,1.45199],[99.40526,1.45733],[99.40415,1.46735],[99.39989,1.4709],[99.39587,1.47627],[99.39425,1.48152],[99.39456,1.48881],[99.39697,1.50012],[99.40091,1.50544],[99.40689,1.51056],[99.41003,1.51838],[99.41168,1.52711],[99.41341,1.52879],[99.41938,1.54167],[99.41661,1.54894],[99.40405,1.56283],[99.40193,1.57164],[99.40392,1.57478],[99.40978,1.57727],[99.41904,1.57708],[99.42664,1.57428],[99.43282,1.57595],[99.4473,1.58435],[99.45004,1.58676],[99.45431,1.59307],[99.45418,1.60338],[99.4494,1.61638],[99.44477,1.61977],[99.4378,1.6215],[99.43489,1.62516],[99.43565,1.63588],[99.43745,1.64404],[99.4353,1.65496],[99.43662,1.65898],[99.4407,1.66517],[99.44405,1.66725],[99.46302,1.66989],[99.46676,1.672],[99.46905,1.67483],[99.47172,1.68286],[99.4805,1.70158],[99.48808,1.70749],[99.49296,1.70858],[99.49703,1.70686],[99.4999,1.70383],[99.50285,1.70254],[99.50984,1.7029],[99.51889,1.70667],[99.52234,1.71079],[99.52884,1.70992],[99.53234,1.70785],[99.5362,1.70758],[99.54694,1.71309],[99.55043,1.7164],[99.55038,1.72536],[99.55197,1.72619],[99.55368,1.7299],[99.55116,1.73479],[99.55319,1.74357],[99.5569,1.74854],[99.56412,1.75512],[99.56548,1.75903],[99.56566,1.77909],[99.57083,1.8105],[99.56704,1.82655],[99.56229,1.83368],[99.55449,1.85304],[99.54486,1.8613],[99.54405,1.86406],[99.54511,1.86521],[99.55138,1.86672],[99.5599,1.8719],[99.55868,1.88495],[99.56089,1.88815],[99.5653,1.89074],[99.59407,1.88811],[99.60046,1.88602],[99.60601,1.88554],[99.60852,1.8865],[99.61208,1.88963],[99.61378,1.89347],[99.61565,1.90723],[99.60678,1.91249],[99.59955,1.91395],[99.59847,1.91693],[99.60183,1.92403],[99.60031,1.93568],[99.59828,1.94303],[99.59997,1.94665],[99.60359,1.9471],[99.61195,1.95134],[99.61462,1.95515],[99.61884,1.95671],[99.62331,1.9562],[99.63011,1.95881],[99.63359,1.96387],[99.62539,1.96777],[99.61487,1.96975],[99.60856,1.97277],[99.60471,1.97215],[99.6028,1.97334],[99.60222,1.97598],[99.59937,1.98018],[99.58267,2.00071],[99.58726,2.01124],[99.58835,2.01621],[99.59146,2.01457],[99.59754,2.00673],[99.59768,2.0036],[99.60646,1.99758],[99.61412,1.9957],[99.62467,1.99702],[99.62682,1.99943],[99.62706,2.00208],[99.62343,2.01504],[99.62251,2.03516],[99.62392,2.04126],[99.63403,2.04221],[99.637,2.04199],[99.64063,2.03642],[99.65489,2.02914],[99.65762,2.03126],[99.6619,2.03804],[99.66502,2.03792],[99.66826,2.03599],[99.68278,2.03707],[99.6835,2.03646],[99.67905,2.01503],[99.68979,2.0032],[99.69021,2.00172],[99.68751,1.99521],[99.68799,1.98834],[99.69038,1.97499],[99.69378,1.97072],[99.6934,1.96256],[99.68932,1.9569],[99.68795,1.95332],[99.68848,1.94699],[99.6908,1.94236],[99.69386,1.93878],[99.69566,1.93853],[99.70947,1.94818],[99.72028,1.9635],[99.72687,1.96955],[99.73776,1.97662],[99.75954,1.99745],[99.76776,1.99998],[99.77977,2.00561],[99.80586,2.00626],[99.8213,2.00512],[99.82373,1.99004],[99.83105,1.99062],[99.83791,1.9888],[99.84418,1.9887],[99.84691,1.99282],[99.85178,1.99358],[99.85286,1.9889],[99.8522,1.98294],[99.84961,1.97842],[99.84089,1.9703],[99.83303,1.94179],[99.83152,1.93291],[99.83316,1.92698],[99.83238,1.92235],[99.8277,1.91251],[99.8289,1.91002],[99.83218,1.90791],[99.83304,1.90511],[99.82735,1.89412],[99.82262,1.87407],[99.82368,1.86987],[99.82619,1.86848],[99.83153,1.86812],[99.83626,1.863],[99.83633,1.85931],[99.83746,1.85723],[99.84142,1.85731],[99.83918,1.85],[99.84123,1.84714],[99.8457,1.84412],[99.84775,1.83536],[99.84436,1.83255],[99.83488,1.82764],[99.83242,1.81846],[99.83621,1.81072],[99.83783,1.80237],[99.84049,1.80105],[99.83441,1.79904],[99.82747,1.79895],[99.82018,1.80454],[99.81435,1.80706],[99.80389,1.80563],[99.78932,1.81013],[99.78506,1.80826],[99.78051,1.80854],[99.76674,1.81837],[99.76343,1.81897],[99.75981,1.82212],[99.75942,1.82593],[99.75773,1.82727],[99.74391,1.82925],[99.72792,1.82835],[99.70927,1.82055],[99.70585,1.81869],[99.6971,1.80848],[99.69577,1.80256],[99.69762,1.79067],[99.69961,1.78641],[99.70134,1.7848],[99.70254,1.77415],[99.70156,1.76517],[99.70639,1.75918],[99.71453,1.75311],[99.7188,1.74737],[99.72057,1.74173],[99.72366,1.73831],[99.73165,1.73275],[99.73332,1.72857],[99.73347,1.72412],[99.76143,1.71287],[99.76527,1.71053],[99.7677,1.70672],[99.77139,1.69655],[99.78818,1.68638],[99.79676,1.68276],[99.79987,1.67931],[99.80976,1.67344],[99.81662,1.67298],[99.82136,1.66509],[99.82525,1.65564],[99.8294,1.65044],[99.84013,1.64327],[99.84628,1.63697],[99.85154,1.6431],[99.8629,1.66253],[99.88407,1.68906],[99.89177,1.69263],[99.89468,1.69545],[99.89476,1.70434],[99.89416,1.70711],[99.89232,1.70829],[99.89314,1.71288],[99.90494,1.71692],[99.91037,1.7154],[99.91272,1.71087],[99.92387,1.69862],[99.92706,1.69392],[99.93845,1.67568],[99.94126,1.66743],[99.94485,1.66524],[99.95092,1.65],[99.96013,1.63872],[99.96474,1.63552],[99.99335,1.63623],[99.99438,1.63696],[99.99378,1.64026],[100.00213,1.65196],[100.00286,1.65759],[100.01031,1.66771],[100.02239,1.6768],[100.03884,1.70103],[100.03497,1.71376],[100.03769,1.719],[100.04325,1.72163],[100.04505,1.72041],[100.04814,1.72047],[100.05916,1.72425],[100.06567,1.72783],[100.07013,1.72602],[100.07158,1.72837],[100.07086,1.7303],[100.08098,1.73893],[100.09595,1.72462],[100.09755,1.72146],[100.09785,1.70903],[100.09996,1.70178],[100.11752,1.69815],[100.11793,1.69315],[100.11687,1.689],[100.11764,1.68119],[100.12229,1.67776],[100.12521,1.67277],[100.12153,1.66582],[100.12289,1.65807],[100.12638,1.65553],[100.12785,1.65079],[100.13083,1.64731],[100.13379,1.64603],[100.14369,1.62873],[100.14911,1.61142],[100.14873,1.59267],[100.17576,1.59223],[100.17576,1.54789],[100.22171,1.54834],[100.22159,1.5394],[100.21867,1.54063],[100.20478,1.53999],[100.20677,1.48021],[100.22159,1.48094],[100.21966,1.48428],[100.23002,1.48236],[100.2406,1.48345],[100.24374,1.48524],[100.24411,1.48822],[100.25187,1.48397],[100.26,1.48217],[100.26323,1.47909],[100.26462,1.47553],[100.26829,1.4722],[100.27432,1.4715],[100.28004,1.4651],[100.28749,1.45925],[100.30572,1.45091],[100.31984,1.44617],[100.32269,1.44292],[100.32605,1.44273],[100.33587,1.43889],[100.33752,1.43537],[100.32322,1.42775],[100.31887,1.427],[100.31464,1.42503],[100.31278,1.42155],[100.30944,1.41925],[100.30149,1.41919],[100.29369,1.42097],[100.29069,1.42409],[100.28675,1.42597],[100.28279,1.42531],[100.27479,1.42691],[100.27083,1.4265],[100.26738,1.42521],[100.25664,1.41739],[100.24808,1.41333],[100.24161,1.40764],[100.23753,1.40664],[100.22417,1.40528],[100.21333,1.40861],[100.20941,1.41154],[100.20431,1.41356],[100.19198,1.41346],[100.17806,1.41583],[100.17139,1.41249],[100.16722,1.40667],[100.16155,1.40629],[100.15478,1.40388],[100.13789,1.40088],[100.12321,1.39464],[100.10732,1.39653],[100.10006,1.39499],[100.09732,1.39258],[100.09294,1.395],[100.08957,1.39509],[100.08696,1.39371],[100.08162,1.39301],[100.07511,1.39557],[100.0734,1.39527],[100.06741,1.38969],[100.06856,1.3752],[100.07582,1.36242],[100.08447,1.36224],[100.0893,1.35604],[100.09912,1.35542],[100.0994,1.34265],[100.08558,1.33559],[100.07375,1.33407],[100.05823,1.33626],[100.0476,1.34197],[100.04131,1.34793],[100.03966,1.35285],[100.03489,1.35297],[100.03424,1.35867],[100.03031,1.36081],[100.01566,1.36418],[100.00803,1.37446],[100.00498,1.37745],[99.9994,1.38064],[99.98633,1.38175],[99.97572,1.38055],[99.94781,1.40982],[99.94622,1.41298],[99.94565,1.42293],[99.94852,1.42642],[99.94844,1.43004],[99.93132,1.463],[99.92362,1.47179],[99.9156,1.48468],[99.91378,1.50354],[99.92104,1.51773],[99.9201,1.52348],[99.92176,1.52772],[99.92185,1.53428],[99.92068,1.53746],[99.9176,1.54014],[99.91644,1.54321],[99.91347,1.54662],[99.91191,1.55274],[99.90941,1.55487],[99.90365,1.55564],[99.89943,1.55191],[99.88574,1.54508],[99.86752,1.53308],[99.86548,1.51308],[99.86024,1.50784],[99.84983,1.50747],[99.84286,1.50289],[99.82814,1.48975],[99.77514,1.44674],[99.77299,1.45004],[99.77105,1.45711],[99.7665,1.4567],[99.76406,1.45914],[99.76169,1.46006],[99.75868,1.45929],[99.75448,1.45661],[99.75312,1.4536],[99.75351,1.44242],[99.74928,1.42929],[99.73596,1.4175],[99.73682,1.4126],[99.73475,1.40445],[99.72137,1.39503],[99.71301,1.39279],[99.70632,1.38621],[99.70284,1.37843],[99.70107,1.3766],[99.69633,1.37779],[99.69283,1.37579],[99.68417,1.37461],[99.67842,1.371],[99.66334,1.35275],[99.64807,1.34261],[99.6398,1.33545],[99.62893,1.32232],[99.62865,1.3191],[99.62673,1.316],[99.62518,1.31521],[99.61776,1.3156],[99.61,1.31443],[99.6047,1.31213],[99.59833,1.30611],[99.59621,1.30558],[99.584,1.30611],[99.57851,1.30452],[99.57321,1.3001],[99.57002,1.29497],[99.56738,1.28595],[99.56401,1.28029],[99.56242,1.2794],[99.55251,1.27958],[99.54261,1.28241],[99.53854,1.2817],[99.53518,1.27852],[99.53412,1.27551],[99.532,1.27339],[99.51024,1.2649],[99.50263,1.26313],[99.49414,1.2626],[99.48671,1.2633],[99.4776,1.26222],[99.47296,1.25922],[99.46923,1.25398],[99.46495,1.24402],[99.46124,1.2396],[99.42619,1.23181],[99.42713,1.23596],[99.42661,1.2389],[99.4202,1.24268],[99.41609,1.25172],[99.41896,1.26081],[99.41736,1.26741],[99.41921,1.27843],[99.4126,1.28504],[99.40779,1.30034],[99.39083,1.31444],[99.39281,1.32323],[99.39085,1.33255],[99.38791,1.33522],[99.37775,1.35295],[99.36891,1.36206],[99.36461,1.37584],[99.35976,1.38384],[99.3614,1.39299],[99.36359,1.3965],[99.37169,1.40614],[99.37665,1.40742],[99.38052,1.41161],[99.38939,1.41401],[99.39482,1.41015],[99.39765,1.41405],[99.40248,1.4155],[99.4054,1.41451],[99.40864,1.40801],[99.41374,1.40175],[99.4147,1.39964]],[[99.43423,1.47944],[99.42761,1.47958],[99.41839,1.47603],[99.4201,1.4733],[99.4244,1.46954],[99.42839,1.46339],[99.43392,1.46201],[99.4386,1.46677],[99.44045,1.46984],[99.43978,1.47442],[99.43745,1.47675],[99.43423,1.47944]]]}},{"type":"Feature","properties":{"id_kab":"1223","KDPKAB":"1223","kodekab_kemendagri":"1223","nmkab":"Labuhanbatu Utara","provinsi":"Sumatera Utara","status_crs":"Tinggi","indeks_crs":0.3442,"norm_crs":0.2063,"indeks_hazard":0.6096,"status_hazard":"Sangat Tinggi","indeks_exposure":0.1985,"status_exposure":"Sedang","indeks_kerentanan":0.366,"status_vulnerability":"Sedang","skor_banjir":22.4487,"skor_longsor":29.7003},"geometry":{"type":"Polygon","coordinates":[[[99.77127,2.18802],[99.76987,2.14037],[99.771,2.13576],[99.76958,2.13366],[99.76093,2.13578],[99.75573,2.13403],[99.74697,2.12854],[99.74447,2.12508],[99.73516,2.12009],[99.73027,2.11554],[99.72771,2.10856],[99.72698,2.10341],[99.71783,2.08613],[99.71015,2.08245],[99.7021,2.08077],[99.7019,2.07802],[99.6979,2.07764],[99.69113,2.07878],[99.68406,2.07483],[99.68198,2.08381],[99.67747,2.06875],[99.6775,2.06541],[99.67311,2.06201],[99.67014,2.06109],[99.67016,2.05864],[99.66545,2.05403],[99.65777,2.04972],[99.66282,2.04531],[99.66134,2.04032],[99.66148,2.03673],[99.65552,2.02926],[99.6403,2.03663],[99.637,2.04199],[99.62392,2.04126],[99.62251,2.03516],[99.62343,2.01504],[99.6271,2.00133],[99.6252,1.99747],[99.62183,1.99614],[99.61384,1.99572],[99.60445,1.9987],[99.59768,2.0036],[99.59754,2.00673],[99.59146,2.01457],[99.57957,2.02233],[99.57327,2.02945],[99.5672,2.02855],[99.5656,2.02957],[99.5563,2.04226],[99.5537,2.04704],[99.55282,2.05261],[99.54633,2.0622],[99.55081,2.0779],[99.53864,2.09103],[99.53502,2.09248],[99.5251,2.09129],[99.52165,2.09383],[99.51794,2.09916],[99.51343,2.1214],[99.51166,2.12317],[99.50884,2.12357],[99.50425,2.12148],[99.48153,2.1189],[99.47323,2.11922],[99.47042,2.12019],[99.46099,2.12607],[99.43519,2.1241],[99.42335,2.13385],[99.41917,2.13589],[99.40675,2.15032],[99.39829,2.15664],[99.39408,2.16571],[99.40365,2.17498],[99.41408,2.19093],[99.41751,2.19845],[99.41584,2.21124],[99.41725,2.21296],[99.4229,2.21517],[99.43504,2.21696],[99.44847,2.22211],[99.47335,2.23366],[99.47649,2.23965],[99.48045,2.24247],[99.48758,2.24264],[99.49049,2.24144],[99.49584,2.24144],[99.50145,2.24705],[99.50426,2.24711],[99.50976,2.24404],[99.52249,2.24126],[99.5255,2.24173],[99.52619,2.24374],[99.52874,2.24589],[99.53723,2.24874],[99.53867,2.24969],[99.54155,2.25665],[99.54106,2.26076],[99.54187,2.26264],[99.54604,2.26302],[99.54872,2.26207],[99.54986,2.2629],[99.55107,2.26767],[99.55118,2.27244],[99.54699,2.27431],[99.54468,2.28846],[99.54751,2.30143],[99.54954,2.30628],[99.55347,2.30882],[99.55694,2.30859],[99.55981,2.30382],[99.57716,2.30721],[99.58147,2.3096],[99.58524,2.31443],[99.58338,2.31822],[99.58391,2.32521],[99.58307,2.32745],[99.55876,2.33295],[99.55273,2.33574],[99.55453,2.34122],[99.55027,2.33754],[99.53332,2.34352],[99.53111,2.3454],[99.53044,2.35647],[99.52641,2.36056],[99.52059,2.35751],[99.51944,2.35906],[99.52111,2.36388],[99.51998,2.36551],[99.51792,2.36525],[99.51692,2.37039],[99.51797,2.375],[99.5218,2.37785],[99.52261,2.38117],[99.52323,2.39337],[99.52481,2.40169],[99.52645,2.40459],[99.52697,2.41204],[99.52612,2.41591],[99.52755,2.4234],[99.52727,2.42918],[99.52604,2.43273],[99.52192,2.43638],[99.52128,2.44061],[99.52232,2.4459],[99.52706,2.44849],[99.52795,2.44991],[99.52339,2.45762],[99.52364,2.4606],[99.51983,2.45745],[99.51417,2.44864],[99.51165,2.43922],[99.51082,2.43356],[99.51501,2.4214],[99.50935,2.41554],[99.50935,2.40988],[99.51438,2.40234],[99.51438,2.39815],[99.51335,2.3962],[99.50991,2.39684],[99.50415,2.39594],[99.50007,2.39797],[99.48835,2.40678],[99.41925,2.46046],[99.43372,2.48009],[99.44789,2.49695],[99.45005,2.50199],[99.45301,2.54119],[99.46099,2.55041],[99.46284,2.54782],[99.46516,2.54757],[99.47445,2.55226],[99.48314,2.56235],[99.48784,2.57021],[99.49745,2.57883],[99.49999,2.58303],[99.50332,2.58517],[99.51965,2.59137],[99.52867,2.59263],[99.53841,2.59218],[99.54126,2.59808],[99.54021,2.60168],[99.54203,2.61242],[99.54393,2.61486],[99.55292,2.61241],[99.55891,2.60862],[99.5595,2.60189],[99.56294,2.59312],[99.56563,2.59093],[99.56999,2.58435],[99.57977,2.58743],[99.5812,2.58872],[99.58143,2.59136],[99.58485,2.59265],[99.59077,2.58637],[99.60819,2.58057],[99.60924,2.57979],[99.60989,2.57687],[99.61219,2.57559],[99.62165,2.57341],[99.62652,2.57349],[99.63197,2.57758],[99.64987,2.57832],[99.65344,2.57926],[99.67005,2.58682],[99.69748,2.58721],[99.69796,2.60125],[99.70196,2.60604],[99.70471,2.60791],[99.70751,2.6083],[99.71706,2.60513],[99.72114,2.60557],[99.72219,2.60643],[99.72295,2.62443],[99.73913,2.63604],[99.78238,2.63784],[99.78301,2.64519],[99.77821,2.65709],[99.78708,2.66114],[99.79549,2.66368],[99.79539,2.67546],[99.79661,2.67889],[99.79544,2.68285],[99.79553,2.69003],[99.84696,2.73759],[99.847,2.73123],[99.85879,2.74282],[99.87298,2.75325],[99.89501,2.77264],[99.89818,2.77859],[99.91196,2.79034],[99.92736,2.80175],[99.95278,2.82578],[99.9699,2.83964],[99.98681,2.85621],[99.98935,2.85094],[99.98893,2.84369],[99.99475,2.8294],[99.99419,2.82005],[99.99518,2.8152],[99.99396,2.80559],[99.99359,2.78995],[99.99157,2.77977],[99.99225,2.769],[99.99087,2.75463],[99.98627,2.74728],[99.98236,2.74677],[99.97937,2.74999],[99.97757,2.74974],[99.97788,2.74413],[99.97644,2.74093],[99.97168,2.73419],[99.96609,2.72998],[99.96021,2.72267],[99.95601,2.71396],[99.95125,2.69738],[99.9532,2.6912],[99.96325,2.67826],[99.9677,2.6749],[99.97269,2.67568],[99.98239,2.67296],[99.98895,2.67505],[99.99038,2.69569],[99.98326,2.69758],[99.97477,2.69312],[99.97109,2.69238],[99.9672,2.69349],[99.96094,2.7006],[99.96068,2.7058],[99.96378,2.71123],[99.98016,2.72403],[99.98902,2.72927],[99.99747,2.73156],[100.01007,2.74032],[100.02515,2.74718],[100.03487,2.74936],[100.04119,2.74918],[100.05099,2.74648],[100.06115,2.73978],[100.07808,2.72338],[100.07133,2.71022],[100.06399,2.69207],[100.06221,2.68443],[100.07359,2.67715],[100.06805,2.67358],[100.06622,2.66721],[100.06754,2.66572],[100.06765,2.66146],[100.0548,2.64121],[100.06471,2.63248],[100.06667,2.60741],[100.06962,2.58587],[100.06365,2.57965],[100.06346,2.56464],[100.06736,2.56365],[100.0684,2.55674],[100.0738,2.55362],[100.0747,2.54502],[100.0721,2.54597],[100.07043,2.53823],[100.06615,2.53275],[100.05841,2.52565],[100.05154,2.50332],[100.04085,2.50354],[100.02169,2.49288],[100.03062,2.47746],[100.02251,2.47651],[100.02234,2.47493],[99.98296,2.47491],[99.98268,2.47349],[99.98327,2.42977],[99.97925,2.36755],[99.98365,2.36737],[99.9858,2.28501],[99.97992,2.28559],[99.98097,2.23091],[99.98317,2.20836],[99.95397,2.19915],[99.93857,2.20323],[99.92949,2.19097],[99.92724,2.19022],[99.90227,2.19312],[99.89809,2.19517],[99.8808,2.20823],[99.87677,2.20223],[99.85819,2.20347],[99.85372,2.20298],[99.85346,2.17462],[99.82621,2.17347],[99.81134,2.17379],[99.81389,2.18366],[99.79231,2.18784],[99.77197,2.18801],[99.77127,2.18802]]]}},{"type":"Feature","properties":{"id_kab":"1222","KDPKAB":"1222","kodekab_kemendagri":"1222","nmkab":"Labuhanbatu Selatan","provinsi":"Sumatera Utara","status_crs":"Sedang","indeks_crs":0.2746,"norm_crs":0.1645,"indeks_hazard":0.5243,"status_hazard":"Tinggi","indeks_exposure":0.1916,"status_exposure":"Sedang","indeks_kerentanan":0.3321,"status_vulnerability":"Sedang","skor_banjir":22.3165,"skor_longsor":27.5945},"geometry":{"type":"Polygon","coordinates":[[[100.31342,1.92854],[100.3144,1.90961],[100.31078,1.89968],[100.31065,1.89193],[100.30714,1.88587],[100.29691,1.88365],[100.28106,1.86429],[100.28105,1.85792],[100.28844,1.84813],[100.28661,1.84687],[100.28488,1.84694],[100.28384,1.83852],[100.28126,1.83413],[100.27885,1.82448],[100.27768,1.81348],[100.28561,1.80022],[100.29588,1.79324],[100.32401,1.78723],[100.35221,1.78612],[100.36359,1.7843],[100.38494,1.77545],[100.38513,1.75515],[100.37294,1.75503],[100.35954,1.7405],[100.35284,1.73468],[100.35791,1.73071],[100.3622,1.73029],[100.36608,1.72727],[100.36726,1.72515],[100.36892,1.71541],[100.363,1.71534],[100.36416,1.7041],[100.37608,1.70381],[100.38224,1.70476],[100.3852,1.6991],[100.38442,1.69007],[100.38658,1.68985],[100.38767,1.68791],[100.38152,1.67982],[100.38335,1.67727],[100.39713,1.66967],[100.4134,1.66986],[100.41577,1.66548],[100.41993,1.66176],[100.41269,1.64561],[100.41122,1.63976],[100.40552,1.63506],[100.40343,1.62401],[100.40671,1.62205],[100.41388,1.60192],[100.40955,1.57337],[100.4115,1.57197],[100.41184,1.56272],[100.4148,1.54668],[100.41253,1.54125],[100.41747,1.53646],[100.4225,1.52568],[100.42012,1.5148],[100.42168,1.51372],[100.4133,1.50457],[100.41059,1.48378],[100.39399,1.45499],[100.36008,1.45138],[100.35849,1.44465],[100.35167,1.44086],[100.34567,1.43892],[100.33934,1.43917],[100.33365,1.44108],[100.32985,1.4535],[100.32368,1.45946],[100.32268,1.46382],[100.32372,1.47413],[100.32178,1.47752],[100.31865,1.47713],[100.30897,1.47172],[100.3035,1.47173],[100.29441,1.4736],[100.28921,1.47579],[100.28778,1.47799],[100.28585,1.47886],[100.28324,1.478],[100.28203,1.47656],[100.27866,1.46744],[100.27432,1.4715],[100.26829,1.4722],[100.26462,1.47553],[100.26323,1.47909],[100.26,1.48217],[100.25187,1.48397],[100.24411,1.48822],[100.24374,1.48524],[100.2406,1.48345],[100.23002,1.48236],[100.21966,1.48428],[100.22159,1.48094],[100.20677,1.48021],[100.20478,1.53999],[100.21867,1.54063],[100.22159,1.5394],[100.22171,1.54834],[100.17576,1.54789],[100.17576,1.59223],[100.14873,1.59267],[100.14911,1.61142],[100.14369,1.62873],[100.13379,1.64603],[100.13083,1.64731],[100.12785,1.65079],[100.12638,1.65553],[100.12289,1.65807],[100.12153,1.66582],[100.12521,1.67277],[100.12229,1.67776],[100.11764,1.68119],[100.11687,1.689],[100.11793,1.69315],[100.11752,1.69815],[100.09996,1.70178],[100.09785,1.70903],[100.09755,1.72146],[100.09595,1.72462],[100.08098,1.73893],[100.07086,1.7303],[100.07158,1.72837],[100.07013,1.72602],[100.06567,1.72783],[100.05916,1.72425],[100.04814,1.72047],[100.04505,1.72041],[100.04325,1.72163],[100.03769,1.719],[100.03497,1.71376],[100.03884,1.70103],[100.02239,1.6768],[100.01031,1.66771],[100.00286,1.65759],[100.00213,1.65196],[99.99378,1.64026],[99.99438,1.63696],[99.99335,1.63623],[99.96474,1.63552],[99.96013,1.63872],[99.95092,1.65],[99.94485,1.66524],[99.94126,1.66743],[99.93845,1.67568],[99.92387,1.69862],[99.91272,1.71087],[99.91037,1.7154],[99.90494,1.71692],[99.89314,1.71288],[99.89232,1.70829],[99.89416,1.70711],[99.89476,1.70434],[99.89468,1.69545],[99.89177,1.69263],[99.88407,1.68906],[99.8629,1.66253],[99.85154,1.6431],[99.84628,1.63697],[99.84013,1.64327],[99.8294,1.65044],[99.82525,1.65564],[99.82136,1.66509],[99.81662,1.67298],[99.80976,1.67344],[99.79987,1.67931],[99.79676,1.68276],[99.78818,1.68638],[99.77139,1.69655],[99.7677,1.70672],[99.76527,1.71053],[99.76143,1.71287],[99.73318,1.72438],[99.73347,1.72783],[99.73165,1.73275],[99.72366,1.73831],[99.72057,1.74173],[99.7188,1.74737],[99.71453,1.75311],[99.70639,1.75918],[99.70191,1.76441],[99.70254,1.77415],[99.70134,1.7848],[99.69961,1.78641],[99.69762,1.79067],[99.69577,1.80256],[99.6971,1.80848],[99.70613,1.81894],[99.72869,1.82842],[99.74391,1.82925],[99.75718,1.82749],[99.75942,1.82593],[99.75981,1.82212],[99.76343,1.81897],[99.76674,1.81837],[99.7801,1.8087],[99.78446,1.80815],[99.78932,1.81013],[99.80389,1.80563],[99.81435,1.80706],[99.82018,1.80454],[99.82747,1.79895],[99.83196,1.79872],[99.84049,1.80105],[99.84156,1.80053],[99.85291,1.80585],[99.86285,1.80529],[99.86672,1.80714],[99.87035,1.8069],[99.88841,1.8145],[99.89039,1.82131],[99.89381,1.82847],[99.90618,1.84736],[99.89621,1.84536],[99.89426,1.85241],[99.89159,1.85323],[99.89028,1.85574],[99.89049,1.86334],[99.88953,1.86763],[99.883,1.87681],[99.8803,1.87902],[99.87097,1.8975],[99.86996,1.90738],[99.87213,1.91847],[99.87637,1.92253],[99.88033,1.92359],[99.88343,1.94896],[99.88232,1.96651],[99.89297,1.96606],[99.896,1.98316],[99.89824,1.98404],[99.91236,1.98484],[99.91249,1.96578],[99.92026,1.96737],[99.9445,1.96727],[99.95076,1.96499],[99.94999,1.96477],[99.95973,1.9496],[99.99806,1.9485],[99.99772,1.93658],[100.03733,1.93636],[100.03699,1.94791],[100.01034,1.97421],[100.01761,1.98727],[100.0247,2.00817],[100.02984,2.01917],[100.02982,2.02374],[100.03293,2.02864],[100.04513,2.04215],[100.03909,2.04276],[100.03226,2.04551],[100.02589,2.05282],[100.03314,2.06084],[100.0338,2.06472],[100.03069,2.07101],[100.04532,2.08952],[100.05305,2.09472],[100.05874,2.11507],[100.06951,2.12192],[100.06033,2.14678],[100.06647,2.15353],[100.07055,2.16663],[100.07442,2.16997],[100.07783,2.17111],[100.14953,2.1705],[100.15649,2.17448],[100.15718,2.17809],[100.17958,2.18232],[100.19535,2.1956],[100.19782,2.20831],[100.20965,2.20567],[100.21671,2.20861],[100.21799,2.21435],[100.25119,2.22008],[100.34776,2.2198],[100.35025,2.2149],[100.35528,2.19452],[100.35639,2.18117],[100.35652,2.16889],[100.35475,2.15248],[100.35292,2.14292],[100.35118,2.13936],[100.34519,2.137],[100.33671,2.12215],[100.33081,2.09688],[100.31777,2.02857],[100.31466,2.00744],[100.31336,1.93099],[100.31342,1.92854]]]}},{"type":"Feature","properties":{"id_kab":"1218","KDPKAB":"1218","kodekab_kemendagri":"1218","nmkab":"Serdang Bedagai","provinsi":"Sumatera Utara","status_crs":"Sedang","indeks_crs":0.0955,"norm_crs":0.0573,"indeks_hazard":0.1414,"status_hazard":"Rendah","indeks_exposure":0.0758,"status_exposure":"Rendah","indeks_kerentanan":0.6,"status_vulnerability":"Tinggi","skor_banjir":27.7443,"skor_longsor":12.1314},"geometry":{"type":"Polygon","coordinates":[[[99.05286,3.12832],[99.04604,3.11401],[99.04245,3.11187],[99.0326,3.10926],[99.03167,3.0948],[99.01865,3.08441],[99.00805,3.07214],[99.00714,3.06868],[99.00896,3.0619],[99.00983,3.04848],[99.00683,3.0447],[99.00147,3.04041],[99.00032,3.03147],[98.99769,3.02649],[98.98011,3.01937],[98.9592,3.01578],[98.92028,3.01564],[98.94258,3.0518],[98.94865,3.06568],[98.95567,3.06472],[98.97036,3.06512],[98.97503,3.0673],[98.97894,3.07288],[98.98394,3.08782],[98.98704,3.09258],[98.98693,3.09763],[98.98296,3.10629],[98.98084,3.1094],[98.97698,3.11027],[98.97716,3.11884],[98.9856,3.12187],[98.98689,3.12414],[98.98272,3.12782],[98.97228,3.12962],[98.96982,3.13846],[98.96486,3.14375],[98.98612,3.17246],[98.98777,3.18252],[98.991,3.18312],[98.99649,3.18179],[99.00031,3.18547],[99.00274,3.20129],[99.00469,3.20556],[98.99842,3.21022],[98.99447,3.21012],[98.98843,3.20671],[98.93987,3.20746],[98.94118,3.21222],[98.94803,3.21806],[98.94925,3.22036],[98.9526,3.2219],[98.9553,3.24003],[98.95825,3.25062],[98.96404,3.26572],[98.96648,3.26753],[98.97139,3.26807],[98.97669,3.2715],[98.97948,3.27151],[98.98036,3.27235],[98.96636,3.2861],[98.96424,3.28699],[98.95666,3.2827],[98.95096,3.27622],[98.94425,3.27581],[98.94009,3.27453],[98.93663,3.27116],[98.9266,3.2667],[98.91901,3.26025],[98.90909,3.25387],[98.90641,3.25629],[98.90132,3.25679],[98.90081,3.26013],[98.86618,3.26134],[98.86332,3.25959],[98.86258,3.25773],[98.8649,3.24902],[98.8633,3.24128],[98.85995,3.23768],[98.85824,3.23773],[98.85137,3.22916],[98.84277,3.22502],[98.84068,3.22237],[98.78877,3.2225],[98.78561,3.21577],[98.7819,3.21398],[98.7706,3.21459],[98.76326,3.2191],[98.76066,3.21776],[98.75744,3.21201],[98.7501,3.209],[98.74807,3.21476],[98.74807,3.22123],[98.75055,3.2287],[98.74956,3.23269],[98.75282,3.2394],[98.76454,3.24854],[98.7685,3.25283],[98.7713,3.26315],[98.77483,3.26805],[98.78919,3.27573],[98.79473,3.2836],[98.7964,3.28773],[98.7963,3.2992],[98.80142,3.30302],[98.81007,3.30555],[98.81889,3.31291],[98.82237,3.31452],[98.82982,3.31531],[98.83252,3.31844],[98.83264,3.3223],[98.83546,3.33005],[98.84118,3.33318],[98.84578,3.33744],[98.8513,3.33882],[98.85639,3.3439],[98.85852,3.34426],[98.85822,3.34294],[98.85981,3.34135],[98.86207,3.34208],[98.86317,3.34371],[98.86918,3.34492],[98.87734,3.34867],[98.88562,3.35563],[98.8939,3.35816],[98.89949,3.35951],[98.91036,3.35849],[98.91399,3.36002],[98.91923,3.3689],[98.91705,3.37744],[98.92087,3.38337],[98.91692,3.38901],[98.92141,3.399],[98.92079,3.40505],[98.91914,3.40888],[98.91658,3.42134],[98.91434,3.45145],[98.91901,3.45659],[98.91983,3.45847],[98.91994,3.46613],[98.93171,3.48481],[98.93492,3.49214],[98.93599,3.49903],[98.93313,3.50344],[98.93672,3.51419],[98.93684,3.51813],[98.93591,3.52387],[98.93233,3.53168],[98.93272,3.53623],[98.93047,3.54079],[98.92649,3.54454],[98.92642,3.54667],[98.93231,3.55596],[98.93408,3.56759],[98.93222,3.57008],[98.92324,3.57576],[98.91931,3.58196],[98.91868,3.58531],[98.92068,3.59058],[98.91896,3.59905],[98.92277,3.60667],[98.92294,3.60963],[98.92503,3.61255],[98.93051,3.61548],[98.93676,3.62181],[98.9387,3.62526],[98.94592,3.64742],[98.94615,3.65819],[98.95313,3.67426],[98.95135,3.67899],[98.95393,3.6789],[98.95458,3.68194],[98.96043,3.66851],[98.96474,3.66294],[98.96939,3.65947],[98.99025,3.6516],[98.99756,3.64611],[99.00307,3.64439],[99.01229,3.63556],[99.02227,3.6299],[99.03452,3.62508],[99.05412,3.61943],[99.05947,3.61638],[99.07823,3.60349],[99.08594,3.59629],[99.08612,3.59417],[99.08731,3.59568],[99.10012,3.58489],[99.1192,3.57164],[99.11965,3.57043],[99.12125,3.57058],[99.12487,3.56702],[99.13609,3.56299],[99.15479,3.55945],[99.17833,3.54907],[99.20371,3.53222],[99.20384,3.53064],[99.21327,3.52127],[99.21267,3.52249],[99.21373,3.52401],[99.24386,3.50287],[99.24655,3.49979],[99.24643,3.49899],[99.24378,3.49852],[99.24541,3.49547],[99.26777,3.49019],[99.27497,3.48696],[99.27891,3.48114],[99.27902,3.47608],[99.27255,3.46947],[99.26845,3.4671],[99.27622,3.472],[99.28075,3.47231],[99.28451,3.48013],[99.2869,3.48069],[99.29262,3.47917],[99.29398,3.47728],[99.29223,3.47639],[99.29323,3.46775],[99.29275,3.46448],[99.2944,3.46148],[99.2958,3.46332],[99.29831,3.46235],[99.30237,3.45687],[99.3015,3.45569],[99.29913,3.45515],[99.30048,3.45061],[99.29891,3.44687],[99.30076,3.44618],[99.3016,3.44702],[99.3019,3.44929],[99.29988,3.45358],[99.30122,3.45482],[99.30905,3.44911],[99.31725,3.43643],[99.30714,3.42571],[99.30363,3.41993],[99.2857,3.39927],[99.28231,3.39355],[99.29356,3.37889],[99.28337,3.36309],[99.27232,3.3537],[99.26973,3.33694],[99.26291,3.32523],[99.26409,3.31817],[99.26272,3.30911],[99.24271,3.28034],[99.23253,3.27912],[99.22349,3.27956],[99.22353,3.26346],[99.22589,3.26208],[99.23112,3.26199],[99.23146,3.25734],[99.21862,3.24004],[99.21641,3.23888],[99.20678,3.22471],[99.20769,3.21933],[99.19906,3.21284],[99.20204,3.20545],[99.19619,3.20213],[99.19482,3.19932],[99.19586,3.19659],[99.19675,3.17848],[99.18663,3.17314],[99.18659,3.18806],[99.17919,3.18801],[99.17931,3.17002],[99.16246,3.15802],[99.15683,3.15675],[99.15175,3.15382],[99.15048,3.16656],[99.14684,3.17164],[99.12398,3.15337],[99.1129,3.143],[99.09555,3.13426],[99.0819,3.13427],[99.08184,3.12924],[99.05289,3.12929],[99.05286,3.12832]],[[99.13684,3.28069],[99.13688,3.28293],[99.14368,3.29161],[99.14272,3.29503],[99.13888,3.30057],[99.13729,3.30476],[99.13901,3.30938],[99.14272,3.31093],[99.1504,3.3059],[99.1544,3.30668],[99.15327,3.30853],[99.156,3.30933],[99.1716,3.30915],[99.1727,3.30656],[99.18042,3.30649],[99.19257,3.31071],[99.19258,3.31665],[99.19115,3.3182],[99.1875,3.31765],[99.18334,3.33165],[99.18321,3.33627],[99.18455,3.33828],[99.18852,3.33973],[99.19103,3.34214],[99.19276,3.35236],[99.18844,3.35185],[99.18647,3.354],[99.18577,3.35646],[99.17732,3.35317],[99.17451,3.34934],[99.16763,3.35002],[99.16755,3.35156],[99.17188,3.35522],[99.16839,3.35977],[99.16975,3.36319],[99.17116,3.3649],[99.17613,3.36694],[99.17681,3.368],[99.17661,3.37093],[99.16827,3.37814],[99.16617,3.37318],[99.15471,3.36692],[99.16556,3.35661],[99.16458,3.35438],[99.15861,3.34788],[99.1595,3.34666],[99.15583,3.3427],[99.15436,3.34158],[99.14511,3.34999],[99.13997,3.34492],[99.13542,3.34979],[99.12891,3.34985],[99.12547,3.34583],[99.11627,3.33868],[99.11675,3.33557],[99.12495,3.33564],[99.1253,3.32907],[99.12832,3.32857],[99.12931,3.32426],[99.12822,3.32309],[99.12807,3.31997],[99.13199,3.31522],[99.13313,3.30937],[99.13245,3.30737],[99.12538,3.30568],[99.11862,3.29963],[99.1235,3.29191],[99.12956,3.28605],[99.13938,3.27375],[99.13905,3.27622],[99.13684,3.28069]],[[98.99065,3.38915],[98.99065,3.38915],[98.99064,3.38915],[98.99065,3.38915],[98.99065,3.38915]]]}},{"type":"Feature","properties":{"id_kab":"1217","KDPKAB":"1217","kodekab_kemendagri":"1217","nmkab":"Samosir","provinsi":"Sumatera Utara","status_crs":"Rendah","indeks_crs":0.027,"norm_crs":0.0162,"indeks_hazard":0.0306,"status_hazard":"Rendah","indeks_exposure":0.6333,"status_exposure":"Tinggi","indeks_kerentanan":0.2478,"status_vulnerability":"Sedang","skor_banjir":14.0526,"skor_longsor":22.9203},"geometry":{"type":"MultiPolygon","coordinates":[[[[98.72803,2.53362],[98.72335,2.53904],[98.72049,2.54864],[98.71998,2.55885],[98.71266,2.57011],[98.712,2.57985],[98.70603,2.59455],[98.69989,2.60363],[98.69306,2.60923],[98.6917,2.61239],[98.68861,2.61526],[98.68931,2.61749],[98.69228,2.62072],[98.69082,2.63357],[98.68273,2.64013],[98.68718,2.65723],[98.68871,2.67367],[98.69003,2.70766],[98.69508,2.7308],[98.69642,2.73398],[98.7098,2.74339],[98.71694,2.75183],[98.72132,2.75473],[98.72457,2.75962],[98.7324,2.76039],[98.73562,2.75625],[98.73945,2.75444],[98.74618,2.75454],[98.75489,2.74332],[98.763,2.74239],[98.77074,2.74423],[98.77863,2.7429],[98.79479,2.73276],[98.81192,2.71221],[98.81186,2.704],[98.81633,2.69848],[98.82705,2.68897],[98.83055,2.68366],[98.83734,2.68016],[98.84118,2.68053],[98.84759,2.6765],[98.85135,2.67558],[98.85075,2.67778],[98.85452,2.67795],[98.85839,2.67585],[98.86264,2.67132],[98.86222,2.66831],[98.8602,2.66738],[98.85587,2.66914],[98.85142,2.66627],[98.8501,2.66347],[98.86588,2.64977],[98.88627,2.62176],[98.88928,2.6117],[98.8896,2.60611],[98.90044,2.58361],[98.90692,2.57323],[98.90595,2.5678],[98.90701,2.56465],[98.92524,2.54406],[98.93587,2.53541],[98.96002,2.5193],[98.97231,2.50848],[98.98096,2.49009],[98.98909,2.47951],[98.99177,2.47431],[98.99292,2.46568],[98.99121,2.46218],[98.98613,2.45824],[98.97594,2.45216],[98.96805,2.4499],[98.96066,2.44498],[98.9521,2.44432],[98.94838,2.44211],[98.94086,2.44449],[98.93857,2.44441],[98.93553,2.43912],[98.9327,2.43675],[98.92347,2.43311],[98.91492,2.43625],[98.89984,2.43573],[98.89881,2.43509],[98.89677,2.42979],[98.88889,2.4267],[98.88736,2.42838],[98.88689,2.43166],[98.88255,2.43416],[98.87906,2.43298],[98.87597,2.43058],[98.86376,2.43532],[98.86007,2.43935],[98.85991,2.4414],[98.85791,2.44477],[98.84751,2.44866],[98.84603,2.45351],[98.8396,2.45886],[98.83581,2.45929],[98.82611,2.46429],[98.82221,2.46748],[98.82058,2.47115],[98.81826,2.47317],[98.81387,2.47422],[98.81012,2.47215],[98.80689,2.46591],[98.80312,2.46384],[98.79994,2.46767],[98.80011,2.47958],[98.79885,2.48964],[98.79401,2.49682],[98.78448,2.50289],[98.78036,2.50805],[98.77518,2.50889],[98.77081,2.50758],[98.7638,2.5093],[98.76079,2.50701],[98.75818,2.50276],[98.75469,2.50547],[98.75153,2.50995],[98.74545,2.51329],[98.74335,2.5165],[98.74356,2.51914],[98.74157,2.522],[98.73561,2.52464],[98.73335,2.52936],[98.72803,2.53362]]],[[[98.65637,2.5616],[98.65718,2.56008],[98.66267,2.55745],[98.66744,2.55145],[98.67033,2.54965],[98.67091,2.55178],[98.67667,2.55297],[98.67667,2.55059],[98.67396,2.54904],[98.67443,2.5475],[98.67862,2.54478],[98.68612,2.5434],[98.68873,2.54148],[98.68714,2.53814],[98.68762,2.53678],[98.69266,2.53419],[98.69618,2.53409],[98.70191,2.54288],[98.70523,2.54561],[98.70666,2.54871],[98.711,2.55145],[98.71458,2.55036],[98.71582,2.54289],[98.71753,2.54177],[98.71961,2.53761],[98.72021,2.52411],[98.72464,2.52054],[98.73143,2.52113],[98.73524,2.52034],[98.73634,2.51828],[98.73755,2.51815],[98.73895,2.51338],[98.74128,2.50971],[98.74615,2.50824],[98.74952,2.50468],[98.74897,2.49137],[98.75292,2.48839],[98.75614,2.48871],[98.76115,2.48625],[98.76737,2.47985],[98.76906,2.47025],[98.77426,2.46699],[98.77674,2.45146],[98.78122,2.44285],[98.78004,2.43945],[98.78217,2.43743],[98.78809,2.43505],[98.79022,2.43893],[98.79063,2.44398],[98.79612,2.43948],[98.79754,2.43694],[98.7972,2.43449],[98.79851,2.43274],[98.80623,2.42954],[98.80742,2.42729],[98.80619,2.42394],[98.80664,2.42083],[98.80836,2.41878],[98.80967,2.41893],[98.81353,2.41585],[98.81476,2.41067],[98.81454,2.40413],[98.8134,2.40258],[98.80898,2.40246],[98.80781,2.39932],[98.80833,2.39609],[98.81357,2.39512],[98.81523,2.39371],[98.8171,2.38463],[98.8194,2.38184],[98.8225,2.37837],[98.8271,2.37548],[98.83304,2.36768],[98.8413,2.3638],[98.84137,2.36232],[98.83821,2.35836],[98.80711,2.37454],[98.80458,2.37796],[98.79879,2.39061],[98.79083,2.39964],[98.789,2.40418],[98.78976,2.40551],[98.78895,2.40943],[98.77758,2.42016],[98.74923,2.43935],[98.71838,2.42093],[98.71081,2.41747],[98.67674,2.40735],[98.67173,2.40422],[98.66708,2.41295],[98.65945,2.41973],[98.65641,2.42482],[98.65596,2.42757],[98.64582,2.44582],[98.64625,2.45091],[98.64337,2.45224],[98.63102,2.45148],[98.62543,2.45263],[98.61102,2.45184],[98.606,2.45383],[98.60481,2.4526],[98.59869,2.45184],[98.58679,2.45178],[98.58508,2.4582],[98.58618,2.4656],[98.58783,2.46781],[98.58746,2.47576],[98.5819,2.47924],[98.58562,2.48341],[98.58184,2.48657],[98.5106,2.48708],[98.51071,2.48617],[98.50168,2.47867],[98.48341,2.46735],[98.47371,2.4646],[98.46974,2.46677],[98.45928,2.47734],[98.44581,2.48708],[98.43112,2.48703],[98.42279,2.48129],[98.41506,2.48033],[98.41349,2.48551],[98.40551,2.49997],[98.40534,2.51473],[98.40429,2.51744],[98.39964,2.51943],[98.40167,2.52228],[98.40965,2.5272],[98.41542,2.52888],[98.42298,2.52821],[98.43704,2.5225],[98.4491,2.52588],[98.4532,2.52877],[98.45914,2.53597],[98.46472,2.54749],[98.46749,2.5493],[98.46685,2.55282],[98.47528,2.55231],[98.48651,2.54688],[98.49048,2.54688],[98.50507,2.55442],[98.51732,2.56474],[98.51948,2.56436],[98.52397,2.56561],[98.52584,2.56886],[98.52893,2.57111],[98.53795,2.57445],[98.5415,2.57242],[98.55268,2.57367],[98.55735,2.57683],[98.5603,2.5803],[98.56097,2.58772],[98.55914,2.59142],[98.55528,2.59592],[98.5558,2.60156],[98.5665,2.68634],[98.57235,2.70814],[98.57281,2.72532],[98.57648,2.72977],[98.57789,2.73752],[98.58405,2.73439],[98.59413,2.73388],[98.59728,2.72318],[98.60339,2.71284],[98.60599,2.70573],[98.6069,2.70452],[98.61391,2.70304],[98.61616,2.69796],[98.62562,2.68298],[98.62552,2.67741],[98.62756,2.66649],[98.61493,2.64973],[98.61493,2.64521],[98.61766,2.64295],[98.62593,2.64485],[98.62848,2.64752],[98.63163,2.64737],[98.63207,2.64102],[98.63422,2.63453],[98.64053,2.63584],[98.64107,2.63828],[98.64204,2.63862],[98.64502,2.6352],[98.64624,2.62929],[98.6489,2.62794],[98.65338,2.62876],[98.65379,2.63475],[98.65835,2.63536],[98.65924,2.62831],[98.67252,2.62796],[98.6721,2.62487],[98.67624,2.61861],[98.68621,2.61638],[98.69147,2.61222],[98.69313,2.60774],[98.6898,2.60661],[98.6856,2.59863],[98.68767,2.59398],[98.6856,2.58618],[98.67873,2.58205],[98.67256,2.57664],[98.67502,2.57043],[98.67661,2.57067],[98.67814,2.57319],[98.68526,2.57203],[98.68849,2.57014],[98.68983,2.56638],[98.68087,2.56504],[98.67575,2.56528],[98.67475,2.56705],[98.67306,2.56775],[98.66407,2.56316],[98.65952,2.56302],[98.65637,2.5616],[98.65637,2.5616]]],[[[98.81385,2.71198],[98.81262,2.71207],[98.81185,2.71442],[98.81385,2.71198]]],[[[98.7449,2.75697],[98.74192,2.758],[98.7437,2.75869],[98.74525,2.75698],[98.7449,2.75697]]],[[[98.74168,2.76256],[98.73857,2.7636],[98.73867,2.76512],[98.73971,2.76552],[98.742,2.76431],[98.74237,2.76266],[98.74168,2.76256]]],[[[98.64781,2.64205],[98.64725,2.64131],[98.64394,2.64236],[98.64301,2.64585],[98.64435,2.64657],[98.64789,2.64238],[98.64781,2.64205]]]]}},{"type":"Feature","properties":{"id_kab":"1219","KDPKAB":"1219","kodekab_kemendagri":"1219","nmkab":"Batu Bara","provinsi":"Sumatera Utara","status_crs":"Sedang","indeks_crs":0.2916,"norm_crs":0.1748,"indeks_hazard":0.3124,"status_hazard":"Sedang","indeks_exposure":0.4189,"status_exposure":"Tinggi","indeks_kerentanan":0.5145,"status_vulnerability":"Tinggi","skor_banjir":20.7556,"skor_longsor":23.6039},"geometry":{"type":"MultiPolygon","coordinates":[[[[99.75518,3.41946],[99.75662,3.42439],[99.7589,3.42439],[99.75927,3.42211],[99.75759,3.41739],[99.75553,3.41718],[99.75504,3.41829],[99.75518,3.41946]]],[[[99.45908,3.13825],[99.44982,3.13393],[99.44376,3.13643],[99.44523,3.13944],[99.44148,3.14221],[99.42029,3.14837],[99.41838,3.14993],[99.41639,3.15386],[99.41491,3.153],[99.36987,3.15114],[99.39464,3.22736],[99.39772,3.23413],[99.40202,3.24805],[99.40442,3.2524],[99.40398,3.25383],[99.40222,3.2563],[99.39949,3.2575],[99.3933,3.25331],[99.39256,3.24842],[99.38918,3.25359],[99.38266,3.25729],[99.37607,3.24935],[99.3707,3.24618],[99.37058,3.24315],[99.36821,3.23798],[99.3615,3.22696],[99.36106,3.2216],[99.35942,3.21895],[99.35676,3.21936],[99.35254,3.22323],[99.34835,3.23124],[99.35083,3.23946],[99.35419,3.24116],[99.35637,3.24661],[99.34595,3.24955],[99.34813,3.25033],[99.34948,3.25259],[99.34986,3.25672],[99.3456,3.26305],[99.34369,3.26789],[99.34684,3.27625],[99.3439,3.28546],[99.34444,3.28801],[99.31462,3.29865],[99.3048,3.30442],[99.30396,3.29737],[99.305,3.29239],[99.30168,3.28316],[99.29761,3.28326],[99.29162,3.28107],[99.28976,3.27801],[99.29119,3.2761],[99.28808,3.2751],[99.27979,3.27455],[99.26745,3.27833],[99.26288,3.27589],[99.25877,3.27202],[99.26104,3.2641],[99.26023,3.25957],[99.25214,3.25575],[99.24897,3.26078],[99.2402,3.25997],[99.23637,3.25712],[99.23533,3.25248],[99.23995,3.25185],[99.24017,3.24706],[99.23234,3.24298],[99.22974,3.2314],[99.2256,3.22542],[99.22436,3.22003],[99.22638,3.21432],[99.22528,3.2079],[99.22733,3.2063],[99.22601,3.20471],[99.20678,3.22471],[99.21641,3.23888],[99.21862,3.24004],[99.23135,3.25696],[99.23112,3.26199],[99.22589,3.26208],[99.22353,3.26346],[99.22349,3.27956],[99.23253,3.27912],[99.24271,3.28034],[99.26272,3.30911],[99.26409,3.31817],[99.26291,3.32523],[99.26973,3.33694],[99.27232,3.3537],[99.28337,3.36309],[99.29356,3.37889],[99.28231,3.39355],[99.2857,3.39927],[99.30363,3.41993],[99.30714,3.42571],[99.31725,3.43643],[99.31898,3.43338],[99.32296,3.43147],[99.32869,3.42627],[99.33315,3.42424],[99.33813,3.42362],[99.34489,3.42006],[99.36362,3.40384],[99.36537,3.39927],[99.37032,3.39723],[99.37612,3.39669],[99.40614,3.38813],[99.41948,3.38606],[99.41615,3.38591],[99.41671,3.38323],[99.42971,3.37878],[99.44122,3.37296],[99.44522,3.36942],[99.4484,3.36423],[99.45551,3.35777],[99.4737,3.34754],[99.48479,3.34753],[99.48807,3.3455],[99.49019,3.34288],[99.489,3.33913],[99.4864,3.33715],[99.48584,3.33515],[99.48649,3.32273],[99.4885,3.31646],[99.48738,3.31183],[99.48831,3.31078],[99.49421,3.31449],[99.49665,3.31251],[99.49894,3.30978],[99.50091,3.30502],[99.51021,3.29594],[99.5131,3.29012],[99.51244,3.28581],[99.52662,3.27407],[99.53552,3.25782],[99.54831,3.24447],[99.55804,3.23846],[99.57104,3.23309],[99.57152,3.23409],[99.58507,3.23097],[99.59102,3.23254],[99.59767,3.23199],[99.6062,3.22693],[99.61888,3.22234],[99.64275,3.21631],[99.66841,3.2112],[99.67656,3.20778],[99.68689,3.20505],[99.70903,3.19488],[99.71426,3.19021],[99.71862,3.18864],[99.72566,3.18353],[99.73769,3.17312],[99.73614,3.17221],[99.73812,3.16757],[99.73769,3.16519],[99.73169,3.16069],[99.72658,3.15142],[99.71209,3.13464],[99.70207,3.11758],[99.68626,3.11779],[99.68606,3.11956],[99.67972,3.11958],[99.67683,3.12222],[99.67677,3.12756],[99.64661,3.12772],[99.64332,3.12843],[99.6375,3.13284],[99.62772,3.13734],[99.62081,3.13701],[99.61906,3.13518],[99.6234,3.12895],[99.62738,3.12705],[99.6223,3.12712],[99.62052,3.12927],[99.61752,3.1264],[99.61492,3.11995],[99.60875,3.11467],[99.60994,3.11327],[99.60935,3.11181],[99.60123,3.10624],[99.59275,3.10649],[99.59778,3.10077],[99.5984,3.09695],[99.60348,3.09503],[99.601,3.09802],[99.60107,3.10055],[99.60359,3.10135],[99.60517,3.09696],[99.60959,3.09759],[99.61374,3.10061],[99.61703,3.09824],[99.61885,3.09096],[99.61468,3.08297],[99.61133,3.08283],[99.60895,3.08156],[99.60377,3.07397],[99.59471,3.06618],[99.59832,3.05865],[99.5954,3.04485],[99.59108,3.03938],[99.57899,3.03762],[99.57787,3.03352],[99.57316,3.02895],[99.55348,3.02786],[99.56278,3.0184],[99.56011,3.01776],[99.55805,3.0188],[99.55139,3.01565],[99.54961,3.01586],[99.54957,3.02164],[99.53004,3.02159],[99.53128,3.0288],[99.54949,3.029],[99.54924,3.0437],[99.55577,3.04347],[99.55459,3.05571],[99.55702,3.06148],[99.56834,3.06151],[99.56904,3.06264],[99.56875,3.06547],[99.57061,3.07578],[99.5686,3.07701],[99.56863,3.07845],[99.56919,3.08147],[99.57039,3.08206],[99.57121,3.08424],[99.57007,3.08504],[99.56582,3.07924],[99.5647,3.0828],[99.56544,3.08397],[99.56358,3.08734],[99.55129,3.09984],[99.54434,3.09978],[99.54301,3.09721],[99.5406,3.10076],[99.5302,3.10424],[99.52915,3.10282],[99.52923,3.08393],[99.5279,3.08268],[99.50206,3.09502],[99.50413,3.09752],[99.51442,3.09726],[99.52148,3.10282],[99.52127,3.10429],[99.51512,3.10438],[99.51227,3.10639],[99.51724,3.1163],[99.5086,3.12073],[99.50119,3.11864],[99.49807,3.11531],[99.49479,3.11644],[99.49248,3.11999],[99.49154,3.12692],[99.47177,3.13421],[99.45908,3.13825]]],[[[99.72173,3.34046],[99.72073,3.34398],[99.72303,3.34562],[99.72518,3.34051],[99.72297,3.33876],[99.72173,3.34046]]]]}},{"type":"Feature","properties":{"id_kab":"1312","KDPKAB":"1312","kodekab_kemendagri":"1312","nmkab":"Pasaman Barat","provinsi":"Sumatera Barat","status_crs":"Rendah","indeks_crs":0.0695,"norm_crs":0.0416,"indeks_hazard":0.0934,"status_hazard":"Rendah","indeks_exposure":0.532,"status_exposure":"Tinggi","indeks_kerentanan":0.2124,"status_vulnerability":"Rendah","skor_banjir":22.8718,"skor_longsor":15.746},"geometry":{"type":"MultiPolygon","coordinates":[[[[99.41878,0.15104],[99.41087,0.15301],[99.40511,0.1513],[99.39826,0.15118],[99.39193,0.15995],[99.3901,0.16826],[99.38704,0.17346],[99.39155,0.18156],[99.39195,0.18665],[99.38674,0.18822],[99.38395,0.18703],[99.38096,0.18735],[99.37359,0.19034],[99.37117,0.19508],[99.37313,0.19748],[99.37547,0.19733],[99.3774,0.20091],[99.37738,0.20549],[99.37602,0.20826],[99.36662,0.21403],[99.36249,0.21564],[99.3589,0.21577],[99.35858,0.22],[99.35987,0.22192],[99.36103,0.2221],[99.36183,0.22605],[99.35974,0.22908],[99.33857,0.23685],[99.32992,0.23794],[99.31415,0.23759],[99.30398,0.23527],[99.29712,0.22881],[99.2852,0.22827],[99.28483,0.22661],[99.28091,0.22365],[99.27865,0.22352],[99.27259,0.22019],[99.27093,0.22026],[99.26818,0.22291],[99.26554,0.22019],[99.26395,0.2152],[99.26392,0.20219],[99.26214,0.20256],[99.25994,0.20484],[99.25614,0.21119],[99.25057,0.21292],[99.24359,0.2168],[99.24096,0.21606],[99.23936,0.21335],[99.2401,0.21107],[99.23936,0.20941],[99.23655,0.20774],[99.2341,0.21409],[99.2326,0.21545],[99.22023,0.21095],[99.21649,0.21249],[99.21661,0.21391],[99.21459,0.21594],[99.21245,0.21705],[99.20933,0.21693],[99.20694,0.22032],[99.20348,0.23351],[99.19362,0.23555],[99.19252,0.24023],[99.19325,0.24208],[99.19221,0.25059],[99.19163,0.25238],[99.18961,0.25367],[99.18355,0.25281],[99.17957,0.25047],[99.1771,0.2451],[99.1771,0.24315],[99.17986,0.23877],[99.17756,0.23275],[99.17623,0.23096],[99.16944,0.22688],[99.16841,0.22683],[99.16733,0.22846],[99.17472,0.24083],[99.17445,0.24602],[99.17581,0.24875],[99.17799,0.25176],[99.18396,0.25422],[99.19274,0.26986],[99.19462,0.2714],[99.19518,0.27353],[99.19389,0.27646],[99.19433,0.28221],[99.19977,0.28959],[99.22477,0.30791],[99.23673,0.32267],[99.24869,0.33251],[99.25956,0.33634],[99.26554,0.33716],[99.29733,0.33688],[99.30467,0.33606],[99.31461,0.3335],[99.31738,0.33465],[99.33406,0.358],[99.34772,0.38324],[99.35689,0.40264],[99.35989,0.40188],[99.36257,0.39842],[99.36601,0.39896],[99.3671,0.40073],[99.36728,0.40398],[99.37149,0.40935],[99.37222,0.41503],[99.38168,0.42063],[99.3825,0.42375],[99.38228,0.42969],[99.37758,0.43669],[99.37814,0.44299],[99.37682,0.44426],[99.37726,0.44599],[99.37816,0.4472],[99.38087,0.4448],[99.38689,0.45285],[99.39164,0.45517],[99.39841,0.46117],[99.39785,0.46493],[99.40463,0.48709],[99.40747,0.49095],[99.41263,0.49317],[99.42909,0.49197],[99.4373,0.49567],[99.44672,0.50693],[99.46134,0.51602],[99.46631,0.52117],[99.47129,0.52367],[99.47442,0.52418],[99.47734,0.5266],[99.48011,0.5265],[99.4896,0.52961],[99.49194,0.53248],[99.50378,0.53948],[99.51961,0.55208],[99.52077,0.55007],[99.51978,0.54571],[99.51358,0.5394],[99.51334,0.53766],[99.51652,0.53623],[99.5237,0.52774],[99.53049,0.52181],[99.53403,0.52028],[99.54577,0.51791],[99.55933,0.5107],[99.57409,0.5093],[99.57657,0.51015],[99.57993,0.51364],[99.58451,0.51564],[99.59028,0.51574],[99.59265,0.5203],[99.59565,0.52296],[99.59982,0.52458],[99.60891,0.525],[99.61704,0.52964],[99.62483,0.53646],[99.63029,0.54271],[99.6383,0.54696],[99.64191,0.54577],[99.64942,0.54015],[99.65031,0.53853],[99.64929,0.53436],[99.64972,0.53187],[99.65104,0.53103],[99.65555,0.53124],[99.66161,0.52367],[99.66563,0.51461],[99.66175,0.50921],[99.66158,0.50709],[99.66531,0.50211],[99.66551,0.49388],[99.66659,0.49075],[99.67429,0.48389],[99.67579,0.47643],[99.68281,0.46919],[99.68638,0.46829],[99.69212,0.46938],[99.69736,0.46908],[99.70079,0.46809],[99.70283,0.46623],[99.70468,0.46251],[99.7087,0.45917],[99.71374,0.45544],[99.72012,0.45236],[99.72671,0.45321],[99.72912,0.45491],[99.73513,0.46406],[99.73808,0.47005],[99.73903,0.47478],[99.74247,0.47779],[99.75082,0.47868],[99.7577,0.47745],[99.77683,0.48177],[99.78442,0.48234],[99.78742,0.48157],[99.80642,0.47141],[99.80881,0.46507],[99.82033,0.46052],[99.82604,0.44641],[99.82325,0.43785],[99.82486,0.43232],[99.82779,0.42677],[99.82485,0.41699],[99.81659,0.41144],[99.80311,0.41332],[99.79291,0.41276],[99.78996,0.41571],[99.78562,0.41789],[99.77835,0.41869],[99.77564,0.4153],[99.77642,0.40472],[99.77475,0.40113],[99.77102,0.39935],[99.75696,0.40208],[99.75117,0.39996],[99.75035,0.39784],[99.75146,0.39362],[99.74933,0.39017],[99.74396,0.38645],[99.7495,0.37684],[99.75602,0.37453],[99.75868,0.36473],[99.76212,0.35987],[99.76954,0.35703],[99.77693,0.3507],[99.78069,0.3503],[99.7845,0.34607],[99.78998,0.34636],[99.79986,0.34317],[99.80345,0.34048],[99.81435,0.33955],[99.82555,0.34355],[99.83044,0.35098],[99.84031,0.34859],[99.84833,0.33912],[99.85396,0.33443],[99.85334,0.33325],[99.85391,0.32726],[99.86108,0.32589],[99.86823,0.32287],[99.87584,0.31909],[99.88363,0.31377],[99.88963,0.32174],[99.89474,0.3102],[99.90999,0.30596],[99.91648,0.29769],[99.92573,0.29348],[99.9408,0.29076],[99.95074,0.29252],[99.95474,0.29136],[99.96073,0.29177],[99.9658,0.28823],[99.97275,0.2876],[99.97632,0.28615],[99.97809,0.28316],[99.98517,0.28583],[99.98851,0.28288],[99.98912,0.2773],[99.99372,0.27468],[99.9971,0.27512],[100.00868,0.28221],[100.00973,0.28697],[100.01843,0.28735],[100.03061,0.29233],[100.03492,0.29183],[100.0384,0.28852],[100.04023,0.28287],[100.04106,0.27458],[100.04803,0.24587],[100.0535,0.23409],[100.06045,0.22715],[100.06246,0.21966],[100.0754,0.19278],[100.07557,0.18249],[100.07436,0.1717],[100.06938,0.16125],[100.06188,0.1527],[100.04787,0.14707],[100.03855,0.13585],[100.02679,0.11777],[100.0102,0.10093],[100.00215,0.09647],[99.99744,0.08979],[99.99056,0.08687],[99.9877,0.08458],[99.98435,0.08004],[99.98277,0.07449],[99.97617,0.06839],[99.97591,0.06547],[99.97734,0.05128],[99.98779,0.02537],[99.99136,0.02236],[99.99554,0.0219],[100.00448,0.02741],[100.01008,0.02855],[100.02493,0.01853],[100.033,0.01646],[100.03715,0.00872],[100.03708,0.00667],[100.02669,-0.00205],[100.02641,-0.01903],[100.03112,-0.03645],[100.03617,-0.0463],[100.03652,-0.0495],[100.03107,-0.05819],[100.03324,-0.06155],[100.03541,-0.06207],[100.03714,-0.06642],[100.03558,-0.07076],[100.02931,-0.07244],[100.02075,-0.08035],[100.01719,-0.08579],[100.01629,-0.09859],[100.0149,-0.10097],[100.01526,-0.10836],[100.01355,-0.11303],[100.01095,-0.11448],[100.01021,-0.11932],[100.0071,-0.11986],[100.00477,-0.11702],[100.00138,-0.11525],[99.99676,-0.12473],[99.99384,-0.12847],[99.9821,-0.13935],[99.98213,-0.15029],[99.98398,-0.15104],[99.98846,-0.14991],[99.9893,-0.14093],[99.99181,-0.13961],[99.99361,-0.14116],[99.99456,-0.14569],[99.98834,-0.15629],[99.97767,-0.15629],[99.9779,-0.16038],[99.95642,-0.16101],[99.94977,-0.17038],[99.87611,-0.17209],[99.86075,-0.17641],[99.81458,-0.1785],[99.76935,-0.17415],[99.75736,-0.15783],[99.74876,-0.14893],[99.74722,-0.14417],[99.74734,-0.13593],[99.75015,-0.13039],[99.75435,-0.12492],[99.75874,-0.11572],[99.7592,-0.1052],[99.75724,-0.09136],[99.7577,-0.08204],[99.75879,-0.07801],[99.76272,-0.07272],[99.76228,-0.06334],[99.7557,-0.04923],[99.73727,-0.02714],[99.72826,-0.0201],[99.71501,-0.01318],[99.69119,0.00219],[99.68798,0.00661],[99.68444,0.00828],[99.68295,0.01327],[99.67975,0.01498],[99.65408,0.03997],[99.61432,0.06734],[99.50792,0.11912],[99.46074,0.13816],[99.42982,0.14796],[99.42318,0.14709],[99.42088,0.14831],[99.41987,0.15011],[99.41878,0.15104]]],[[[99.36003,0.12384],[99.35986,0.12569],[99.36185,0.12671],[99.36215,0.12451],[99.36031,0.12366],[99.36003,0.12384]]],[[[99.31269,0.18506],[99.31116,0.18264],[99.30868,0.18126],[99.30402,0.1813],[99.30204,0.18367],[99.30226,0.1872],[99.30511,0.19273],[99.30925,0.19492],[99.31233,0.1951],[99.31347,0.19286],[99.31269,0.18506]]],[[[99.30161,0.22426],[99.30052,0.22394],[99.30036,0.22497],[99.30156,0.22437],[99.30161,0.22426]]],[[[99.29985,0.18589],[99.29779,0.18423],[99.29656,0.18474],[99.29645,0.1862],[99.29775,0.1876],[99.29943,0.18775],[99.29992,0.18625],[99.29985,0.18589]]],[[[99.29133,0.22694],[99.295,0.21951],[99.29621,0.2129],[99.29158,0.20937],[99.28785,0.2101],[99.28161,0.21453],[99.27965,0.21957],[99.28128,0.2226],[99.28574,0.22518],[99.28642,0.2278],[99.29117,0.22704],[99.29133,0.22694]]],[[[99.29312,0.13877],[99.29234,0.14257],[99.29402,0.14435],[99.29482,0.14355],[99.29434,0.13814],[99.29312,0.13877]]],[[[99.28393,0.17304],[99.28371,0.1716],[99.27951,0.17296],[99.27828,0.17612],[99.27952,0.1781],[99.28169,0.17818],[99.28386,0.17359],[99.28393,0.17304]]],[[[99.19111,0.23459],[99.19111,0.23467],[99.19118,0.23476],[99.19125,0.23476],[99.19145,0.2347],[99.19156,0.2346],[99.19167,0.23441],[99.19169,0.23431],[99.19166,0.2342],[99.19157,0.23412],[99.19153,0.23411],[99.19135,0.23415],[99.19119,0.23429],[99.19111,0.23459]]],[[[99.19102,0.24695],[99.19166,0.24706],[99.19102,0.24682],[99.19102,0.24695]]]]}},{"type":"Feature","properties":{"id_kab":"1310","KDPKAB":"1310","kodekab_kemendagri":"1311","nmkab":"Dharmasraya","provinsi":"Sumatera Barat","status_crs":"Sedang","indeks_crs":0.2292,"norm_crs":0.1374,"indeks_hazard":0.2346,"status_hazard":"Sedang","indeks_exposure":0.5305,"status_exposure":"Tinggi","indeks_kerentanan":0.4463,"status_vulnerability":"Sedang","skor_banjir":24.6687,"skor_longsor":17.6516},"geometry":{"type":"Polygon","coordinates":[[[101.68924,-1.31932],[101.68817,-1.32485],[101.68576,-1.32744],[101.6816,-1.32815],[101.68024,-1.33026],[101.68108,-1.3347],[101.68279,-1.33775],[101.68651,-1.34071],[101.6917,-1.34222],[101.7009,-1.33992],[101.70899,-1.34272],[101.71622,-1.33946],[101.7218,-1.34824],[101.72376,-1.35433],[101.7246,-1.36174],[101.72266,-1.36661],[101.70038,-1.38875],[101.69676,-1.3941],[101.70096,-1.40675],[101.70478,-1.41371],[101.7124,-1.41562],[101.71784,-1.41863],[101.72392,-1.43529],[101.72361,-1.43866],[101.70557,-1.4532],[101.69527,-1.46407],[101.6883,-1.47715],[101.67185,-1.50092],[101.67119,-1.5052],[101.66786,-1.5098],[101.66179,-1.51555],[101.65628,-1.51701],[101.65147,-1.52041],[101.63279,-1.53782],[101.63077,-1.5427],[101.62757,-1.54519],[101.61196,-1.55306],[101.60463,-1.56259],[101.59119,-1.57171],[101.58166,-1.57743],[101.57579,-1.57647],[101.57048,-1.57723],[101.56295,-1.58867],[101.55854,-1.59188],[101.55197,-1.594],[101.54906,-1.59626],[101.53236,-1.61827],[101.53007,-1.62549],[101.52759,-1.6302],[101.52482,-1.63317],[101.51907,-1.63609],[101.49503,-1.64455],[101.4907,-1.64779],[101.4848,-1.65713],[101.48074,-1.67351],[101.47791,-1.6759],[101.46412,-1.68214],[101.44726,-1.68599],[101.43987,-1.69518],[101.43727,-1.69583],[101.43051,-1.68751],[101.43078,-1.6816],[101.42997,-1.67968],[101.42656,-1.67736],[101.42872,-1.6698],[101.42903,-1.65718],[101.43216,-1.63997],[101.43405,-1.63884],[101.44007,-1.62837],[101.45121,-1.61908],[101.46676,-1.59904],[101.47454,-1.59081],[101.47934,-1.58806],[101.4888,-1.57885],[101.49873,-1.57715],[101.50572,-1.57467],[101.50844,-1.57244],[101.50904,-1.56717],[101.51711,-1.55139],[101.51536,-1.54534],[101.51631,-1.54013],[101.52258,-1.53767],[101.52326,-1.52722],[101.53211,-1.52236],[101.53717,-1.51779],[101.5402,-1.51339],[101.53873,-1.50838],[101.53406,-1.50519],[101.52843,-1.49684],[101.52601,-1.49016],[101.5257,-1.48571],[101.52811,-1.4846],[101.53425,-1.48439],[101.53897,-1.48004],[101.54172,-1.47538],[101.55558,-1.46287],[101.55548,-1.45801],[101.55948,-1.44466],[101.5626,-1.44445],[101.5794,-1.44777],[101.59116,-1.4425],[101.60735,-1.43752],[101.61482,-1.4244],[101.61633,-1.42278],[101.62135,-1.42095],[101.62366,-1.41862],[101.62498,-1.41278],[101.62693,-1.40891],[101.63359,-1.40914],[101.63853,-1.40303],[101.64865,-1.40166],[101.65296,-1.39933],[101.65699,-1.39947],[101.66379,-1.39284],[101.67094,-1.39069],[101.67137,-1.38886],[101.66477,-1.38221],[101.65775,-1.37684],[101.64841,-1.37401],[101.6446,-1.37005],[101.63498,-1.36407],[101.61856,-1.35579],[101.60653,-1.34402],[101.59699,-1.3489],[101.5883,-1.335],[101.58949,-1.33089],[101.58599,-1.32605],[101.55387,-1.32552],[101.55495,-1.31665],[101.52432,-1.30522],[101.5215,-1.30286],[101.51172,-1.29957],[101.49907,-1.29691],[101.49537,-1.29443],[101.48797,-1.29255],[101.48131,-1.28887],[101.47254,-1.28583],[101.46912,-1.28346],[101.46658,-1.27982],[101.46787,-1.27628],[101.46838,-1.2679],[101.4665,-1.25975],[101.46507,-1.25805],[101.45475,-1.25376],[101.45193,-1.25103],[101.44732,-1.24119],[101.44731,-1.23036],[101.44477,-1.2198],[101.45008,-1.21327],[101.44949,-1.21014],[101.43483,-1.20793],[101.41933,-1.19415],[101.41044,-1.18379],[101.40881,-1.18039],[101.40815,-1.17185],[101.40354,-1.16187],[101.40288,-1.153],[101.40658,-1.14315],[101.41151,-1.13493],[101.41234,-1.12807],[101.41428,-1.122],[101.42105,-1.11353],[101.42801,-1.10833],[101.43041,-1.11309],[101.43441,-1.11148],[101.43851,-1.10644],[101.43819,-1.10023],[101.44064,-1.10035],[101.44129,-1.10151],[101.44383,-1.10138],[101.44779,-1.09692],[101.44578,-1.09129],[101.44801,-1.08389],[101.455,-1.07641],[101.45759,-1.0707],[101.45822,-1.04852],[101.45587,-1.0455],[101.45565,-1.04202],[101.4565,-1.03633],[101.45922,-1.03215],[101.45929,-1.03035],[101.4552,-1.02272],[101.45578,-1.01502],[101.45383,-1.01208],[101.44916,-1.00928],[101.43837,-1.00764],[101.4352,-1.00975],[101.43163,-1.0051],[101.42939,-1.00479],[101.42498,-1.00609],[101.42245,-1.00812],[101.4209,-1.01256],[101.42123,-1.01582],[101.4203,-1.01945],[101.41778,-1.02624],[101.40928,-1.03199],[101.4076,-1.03545],[101.40494,-1.03773],[101.39624,-1.04072],[101.38969,-1.04411],[101.38585,-1.04405],[101.37497,-1.04811],[101.37083,-1.04765],[101.36006,-1.04152],[101.35611,-1.04302],[101.3478,-1.04303],[101.34352,-1.04467],[101.34242,-1.0465],[101.34268,-1.04884],[101.34794,-1.06],[101.34749,-1.06313],[101.34373,-1.06646],[101.33976,-1.07578],[101.34042,-1.0859],[101.344,-1.09449],[101.3418,-1.10212],[101.34374,-1.11309],[101.34279,-1.11721],[101.33797,-1.12518],[101.33682,-1.12876],[101.33046,-1.13115],[101.33073,-1.13369],[101.33524,-1.13793],[101.33867,-1.14675],[101.33123,-1.15403],[101.3295,-1.16644],[101.33112,-1.17152],[101.31128,-1.18701],[101.28982,-1.19856],[101.28258,-1.2001],[101.27305,-1.19425],[101.2552,-1.17561],[101.24849,-1.17032],[101.23242,-1.1511],[101.21779,-1.1385],[101.21467,-1.13504],[101.20627,-1.12136],[101.19555,-1.10792],[101.18875,-1.10437],[101.17617,-1.1017],[101.17208,-1.10138],[101.16642,-1.10291],[101.15904,-1.09264],[101.15783,-1.08124],[101.15492,-1.07638],[101.15613,-1.07323],[101.16001,-1.06934],[101.1622,-1.06206],[101.16171,-1.05818],[101.1588,-1.05151],[101.15431,-1.04617],[101.14485,-1.04228],[101.14363,-1.03779],[101.144,-1.0361],[101.14618,-1.03512],[101.15737,-1.03188],[101.16487,-1.03051],[101.16814,-1.03282],[101.17288,-1.03343],[101.17676,-1.03282],[101.18137,-1.03003],[101.18792,-1.02056],[101.19071,-1.00904],[101.19127,-0.99673],[101.19269,-0.99382],[101.19686,-0.98976],[101.20365,-0.98602],[101.20026,-0.98061],[101.20261,-0.97804],[101.19986,-0.96772],[101.19652,-0.96072],[101.19544,-0.95225],[101.1937,-0.95104],[101.18721,-0.95068],[101.1879,-0.95033],[101.18819,-0.94068],[101.19141,-0.93776],[101.19316,-0.93279],[101.1917,-0.92197],[101.18849,-0.91612],[101.19141,-0.91378],[101.19258,-0.90823],[101.19433,-0.90589],[101.20106,-0.90618],[101.20895,-0.90881],[101.20954,-0.91232],[101.21275,-0.91612],[101.2214,-0.92315],[101.22123,-0.92489],[101.22653,-0.92855],[101.2313,-0.93049],[101.23497,-0.9293],[101.23936,-0.92986],[101.24078,-0.93143],[101.24917,-0.93356],[101.27268,-0.9486],[101.27955,-0.95074],[101.2952,-0.9504],[101.30823,-0.95199],[101.31898,-0.95183],[101.33218,-0.94908],[101.33446,-0.9506],[101.33787,-0.95837],[101.34356,-0.95553],[101.34398,-0.95214],[101.35311,-0.94782],[101.35322,-0.94648],[101.36307,-0.9379],[101.37026,-0.93647],[101.3741,-0.93951],[101.37727,-0.93951],[101.38229,-0.93594],[101.38388,-0.93607],[101.38665,-0.93951],[101.39188,-0.94107],[101.39624,-0.94073],[101.41913,-0.94998],[101.42492,-0.93775],[101.42345,-0.92193],[101.41881,-0.91177],[101.42019,-0.91147],[101.42053,-0.90994],[101.41902,-0.90945],[101.41476,-0.91121],[101.41348,-0.90448],[101.41441,-0.89999],[101.41544,-0.89961],[101.41957,-0.89936],[101.42005,-0.90118],[101.4217,-0.90197],[101.42384,-0.90117],[101.43227,-0.88704],[101.43663,-0.88583],[101.43603,-0.87934],[101.43803,-0.86897],[101.43674,-0.86169],[101.43427,-0.85881],[101.43054,-0.85723],[101.4305,-0.85524],[101.43794,-0.85127],[101.44108,-0.85089],[101.44617,-0.84732],[101.45954,-0.84225],[101.464,-0.83973],[101.46925,-0.83511],[101.47878,-0.83773],[101.49334,-0.84574],[101.49494,-0.85259],[101.51271,-0.85859],[101.51837,-0.85628],[101.52032,-0.85434],[101.52032,-0.85222],[101.52906,-0.84986],[101.53695,-0.84266],[101.54244,-0.83151],[101.54262,-0.82567],[101.5458,-0.8255],[101.54756,-0.82262],[101.55125,-0.82799],[101.55824,-0.83449],[101.56289,-0.83475],[101.57065,-0.83293],[101.57912,-0.8333],[101.59309,-0.83563],[101.59645,-0.83485],[101.60421,-0.82625],[101.60834,-0.82495],[101.61662,-0.82442],[101.63629,-0.83014],[101.64818,-0.82779],[101.65362,-0.82804],[101.6694,-0.83532],[101.67121,-0.83714],[101.67329,-0.8452],[101.67873,-0.85769],[101.68391,-0.86627],[101.68857,-0.87017],[101.69374,-0.87173],[101.69943,-0.87199],[101.71107,-0.86495],[101.71262,-0.8686],[101.71394,-0.90034],[101.68948,-0.94012],[101.69026,-0.94194],[101.69311,-0.94376],[101.70372,-0.94714],[101.7182,-0.94843],[101.7327,-0.9557],[101.74879,-0.96902],[101.77114,-0.96975],[101.77469,-0.96552],[101.79329,-0.96587],[101.79587,-0.96964],[101.81105,-0.96947],[101.8182,-0.97369],[101.82485,-0.97978],[101.83341,-0.98153],[101.82341,-0.99219],[101.82199,-0.99577],[101.82201,-1.0],[101.82646,-1.00518],[101.82739,-1.00953],[101.82197,-1.03107],[101.82244,-1.03415],[101.82475,-1.03618],[101.82539,-1.03815],[101.82159,-1.05522],[101.82153,-1.05917],[101.82668,-1.06486],[101.8283,-1.06771],[101.82876,-1.07106],[101.82473,-1.0875],[101.82655,-1.09257],[101.82392,-1.09955],[101.82428,-1.10664],[101.8294,-1.111],[101.83699,-1.11031],[101.84091,-1.11234],[101.84548,-1.11187],[101.84703,-1.10856],[101.84552,-1.1017],[101.84922,-1.09949],[101.85176,-1.09949],[101.8536,-1.10016],[101.86018,-1.10894],[101.86507,-1.11194],[101.86783,-1.11109],[101.87251,-1.10468],[101.87443,-1.09933],[101.87486,-1.09484],[101.87635,-1.09313],[101.8789,-1.09377],[101.88144,-1.10083],[101.88399,-1.10212],[101.8913,-1.10055],[101.89292,-1.10256],[101.89291,-1.10641],[101.88513,-1.11299],[101.88432,-1.13589],[101.88215,-1.13778],[101.87597,-1.14028],[101.87411,-1.14218],[101.87301,-1.14512],[101.86506,-1.15454],[101.86248,-1.15941],[101.81378,-1.22099],[101.79435,-1.22004],[101.78951,-1.22313],[101.7853,-1.22436],[101.78091,-1.23406],[101.77465,-1.23764],[101.77224,-1.23788],[101.7696,-1.23415],[101.76069,-1.23394],[101.75502,-1.23034],[101.74695,-1.23251],[101.74561,-1.23398],[101.73962,-1.23622],[101.7336,-1.23519],[101.73179,-1.2357],[101.72624,-1.24011],[101.72166,-1.24115],[101.71844,-1.24628],[101.72124,-1.25054],[101.71599,-1.25453],[101.71491,-1.26354],[101.71172,-1.26819],[101.70672,-1.27455],[101.70189,-1.26923],[101.69258,-1.27887],[101.69167,-1.28116],[101.69606,-1.28923],[101.68944,-1.30912],[101.68917,-1.31337],[101.68924,-1.31932]]]}},{"type":"Feature","properties":{"id_kab":"1311","KDPKAB":"1311","kodekab_kemendagri":"1310","nmkab":"Solok Selatan","provinsi":"Sumatera Barat","status_crs":"Tinggi","indeks_crs":0.571,"norm_crs":0.3422,"indeks_hazard":0.56,"status_hazard":"Tinggi","indeks_exposure":0.5365,"status_exposure":"Tinggi","indeks_kerentanan":0.4831,"status_vulnerability":"Tinggi","skor_banjir":17.979,"skor_longsor":32.869},"geometry":{"type":"Polygon","coordinates":[[[101.40295,-1.68222],[101.4018,-1.68669],[101.39718,-1.68966],[101.3903,-1.68961],[101.3809,-1.68464],[101.3791,-1.68587],[101.37795,-1.689],[101.37564,-1.6911],[101.36998,-1.69302],[101.36288,-1.69373],[101.34475,-1.69079],[101.33737,-1.68718],[101.33436,-1.68699],[101.33239,-1.68893],[101.3325,-1.69389],[101.32996,-1.69714],[101.32259,-1.6968],[101.30884,-1.70118],[101.28786,-1.6969],[101.27146,-1.6953],[101.26727,-1.69607],[101.24285,-1.71072],[101.23944,-1.71363],[101.23258,-1.7241],[101.22899,-1.72242],[101.22812,-1.72062],[101.22535,-1.71899],[101.21843,-1.72364],[101.21514,-1.7241],[101.21202,-1.72388],[101.20895,-1.72237],[101.2063,-1.71925],[101.19918,-1.71395],[101.19715,-1.71059],[101.19503,-1.6981],[101.19458,-1.68636],[101.19245,-1.68047],[101.19038,-1.67765],[101.18819,-1.67765],[101.18317,-1.68893],[101.1817,-1.69608],[101.17047,-1.71019],[101.16885,-1.71066],[101.1633,-1.70794],[101.1589,-1.70149],[101.15187,-1.69402],[101.14539,-1.69118],[101.1344,-1.68387],[101.13163,-1.68521],[101.12058,-1.67598],[101.10497,-1.66985],[101.09515,-1.67074],[101.07844,-1.66198],[101.0678,-1.6592],[101.06436,-1.65562],[101.06117,-1.64516],[101.0614,-1.63888],[101.06301,-1.63621],[101.06272,-1.63469],[101.04667,-1.6263],[101.03759,-1.61945],[101.02863,-1.61539],[101.01733,-1.60588],[101.01466,-1.59885],[101.01407,-1.58885],[101.01556,-1.58061],[101.01931,-1.5727],[101.02017,-1.5655],[101.00836,-1.55504],[101.00564,-1.55099],[101.00194,-1.54861],[100.99847,-1.54431],[100.99121,-1.5308],[100.98641,-1.52865],[100.98311,-1.5254],[100.98062,-1.51825],[100.97967,-1.50449],[100.97596,-1.49397],[100.97752,-1.4867],[100.97249,-1.48241],[100.96497,-1.48073],[100.95775,-1.4805],[100.94285,-1.46774],[100.9351,-1.46408],[100.93423,-1.46007],[100.93961,-1.44851],[100.93995,-1.44619],[100.93839,-1.44381],[100.93746,-1.4377],[100.94196,-1.43107],[100.94257,-1.4276],[100.9417,-1.42289],[100.93488,-1.4158],[100.89522,-1.39016],[100.89371,-1.38569],[100.89787,-1.38011],[100.90616,-1.37947],[100.90939,-1.37831],[100.91049,-1.37645],[100.91043,-1.37354],[100.90584,-1.3629],[100.90562,-1.35959],[100.89462,-1.3463],[100.89195,-1.34142],[100.8923,-1.33828],[100.89605,-1.3338],[100.89669,-1.3313],[100.89588,-1.32985],[100.89322,-1.3284],[100.88455,-1.32858],[100.87597,-1.32046],[100.87195,-1.3121],[100.87562,-1.3132],[100.88508,-1.3113],[100.88815,-1.30984],[100.89336,-1.30588],[100.90017,-1.29784],[100.90997,-1.29039],[100.91853,-1.28808],[100.92591,-1.2884],[100.93668,-1.2837],[100.94021,-1.28632],[100.94445,-1.28718],[100.94913,-1.29813],[100.95301,-1.30207],[100.96479,-1.30184],[100.97732,-1.29959],[100.98985,-1.30254],[100.99124,-1.30132],[100.99048,-1.29557],[101.00166,-1.2895],[101.00445,-1.28436],[101.00499,-1.28078],[101.00318,-1.27671],[101.00218,-1.26961],[101.00261,-1.26275],[101.0046,-1.25812],[101.00664,-1.25639],[101.01392,-1.24506],[101.01837,-1.236],[101.02423,-1.22734],[101.02295,-1.20874],[101.02448,-1.20262],[101.02015,-1.19752],[101.01964,-1.19166],[101.02232,-1.18886],[101.02435,-1.18313],[101.02384,-1.17128],[101.01658,-1.16452],[101.00996,-1.15408],[101.0083,-1.14923],[101.00868,-1.14363],[101.00728,-1.13853],[101.00398,-1.13389],[101.00701,-1.1332],[101.02271,-1.13262],[101.03842,-1.13554],[101.05868,-1.13346],[101.06274,-1.13685],[101.07323,-1.14102],[101.08385,-1.14816],[101.09337,-1.15009],[101.10181,-1.15651],[101.10565,-1.16137],[101.11567,-1.16723],[101.12898,-1.18869],[101.1414,-1.19308],[101.14723,-1.19415],[101.14879,-1.19536],[101.15498,-1.20451],[101.15734,-1.21496],[101.16208,-1.226],[101.16329,-1.22709],[101.1662,-1.22818],[101.16948,-1.22576],[101.17191,-1.22515],[101.18149,-1.22903],[101.1872,-1.2277],[101.19387,-1.23013],[101.19775,-1.23013],[101.20103,-1.23207],[101.20443,-1.23838],[101.2185,-1.24639],[101.22833,-1.24724],[101.23622,-1.24639],[101.23743,-1.24408],[101.23755,-1.24032],[101.23343,-1.23413],[101.23416,-1.23146],[101.23986,-1.22673],[101.24204,-1.21945],[101.24144,-1.21035],[101.22882,-1.19275],[101.2253,-1.1913],[101.22105,-1.18389],[101.21753,-1.17443],[101.2077,-1.16302],[101.19872,-1.16326],[101.19533,-1.15902],[101.19169,-1.15089],[101.1855,-1.14361],[101.18453,-1.13924],[101.17822,-1.13414],[101.17652,-1.12662],[101.16847,-1.10979],[101.16827,-1.10575],[101.16642,-1.10291],[101.17208,-1.10138],[101.17617,-1.1017],[101.18875,-1.10437],[101.19555,-1.10792],[101.20627,-1.12136],[101.21467,-1.13504],[101.22227,-1.14287],[101.23242,-1.1511],[101.24849,-1.17032],[101.2552,-1.17561],[101.27305,-1.19425],[101.28258,-1.2001],[101.28982,-1.19856],[101.31128,-1.18701],[101.33112,-1.17152],[101.3295,-1.16644],[101.33123,-1.15403],[101.33867,-1.14675],[101.33524,-1.13793],[101.33073,-1.13369],[101.33046,-1.13115],[101.33682,-1.12876],[101.33797,-1.12518],[101.34279,-1.11721],[101.34374,-1.11309],[101.3418,-1.10212],[101.344,-1.09449],[101.34042,-1.0859],[101.33976,-1.07578],[101.34373,-1.06646],[101.34749,-1.06313],[101.34794,-1.06],[101.34268,-1.04884],[101.34242,-1.0465],[101.34352,-1.04467],[101.3478,-1.04303],[101.35611,-1.04302],[101.36006,-1.04152],[101.37083,-1.04765],[101.37497,-1.04811],[101.38585,-1.04405],[101.38969,-1.04411],[101.39624,-1.04072],[101.40494,-1.03773],[101.4076,-1.03545],[101.40928,-1.03199],[101.41778,-1.02624],[101.4203,-1.01945],[101.42123,-1.01582],[101.4209,-1.01256],[101.42245,-1.00812],[101.42498,-1.00609],[101.42939,-1.00479],[101.43163,-1.0051],[101.4352,-1.00975],[101.43837,-1.00764],[101.44916,-1.00928],[101.45383,-1.01208],[101.45578,-1.01502],[101.4552,-1.02272],[101.45929,-1.03035],[101.45922,-1.03215],[101.4565,-1.03633],[101.45565,-1.04202],[101.45587,-1.0455],[101.45822,-1.04852],[101.45759,-1.0707],[101.455,-1.07641],[101.44801,-1.08389],[101.44578,-1.09129],[101.44779,-1.09692],[101.44383,-1.10138],[101.44129,-1.10151],[101.44064,-1.10035],[101.43819,-1.10023],[101.43851,-1.10644],[101.43441,-1.11148],[101.43041,-1.11309],[101.42801,-1.10833],[101.42105,-1.11353],[101.41428,-1.122],[101.41234,-1.12807],[101.41151,-1.13493],[101.40658,-1.14315],[101.40288,-1.153],[101.40354,-1.16187],[101.40815,-1.17185],[101.40881,-1.18039],[101.41044,-1.18379],[101.41933,-1.19415],[101.43483,-1.20793],[101.44949,-1.21014],[101.45008,-1.21327],[101.44477,-1.2198],[101.44731,-1.23036],[101.44732,-1.24119],[101.45193,-1.25103],[101.45475,-1.25376],[101.46507,-1.25805],[101.4665,-1.25975],[101.46838,-1.2679],[101.46787,-1.27628],[101.46658,-1.27982],[101.46912,-1.28346],[101.47254,-1.28583],[101.48131,-1.28887],[101.48797,-1.29255],[101.49537,-1.29443],[101.49907,-1.29691],[101.51172,-1.29957],[101.5215,-1.30286],[101.52432,-1.30522],[101.55495,-1.31665],[101.55387,-1.32552],[101.58599,-1.32605],[101.58949,-1.33089],[101.5883,-1.335],[101.59699,-1.3489],[101.60653,-1.34402],[101.61856,-1.35579],[101.63498,-1.36407],[101.6446,-1.37005],[101.64841,-1.37401],[101.65775,-1.37684],[101.66477,-1.38221],[101.67145,-1.38924],[101.67094,-1.39069],[101.66379,-1.39284],[101.65699,-1.39947],[101.65296,-1.39933],[101.64865,-1.40166],[101.63853,-1.40303],[101.63359,-1.40914],[101.62693,-1.40891],[101.62498,-1.41278],[101.62366,-1.41862],[101.62135,-1.42095],[101.61633,-1.42278],[101.61482,-1.4244],[101.60735,-1.43752],[101.59116,-1.4425],[101.5794,-1.44777],[101.5626,-1.44445],[101.55948,-1.44466],[101.55548,-1.45801],[101.55558,-1.46287],[101.54172,-1.47538],[101.53897,-1.48004],[101.53425,-1.48439],[101.52811,-1.4846],[101.5257,-1.48571],[101.52601,-1.49016],[101.52843,-1.49684],[101.53406,-1.50519],[101.53873,-1.50838],[101.5402,-1.51339],[101.53717,-1.51779],[101.53211,-1.52236],[101.52326,-1.52722],[101.52258,-1.53767],[101.51631,-1.54013],[101.51536,-1.54534],[101.51711,-1.55139],[101.50904,-1.56717],[101.50844,-1.57244],[101.50451,-1.57518],[101.49873,-1.57715],[101.4888,-1.57885],[101.4864,-1.58075],[101.48504,-1.58323],[101.47272,-1.59251],[101.45121,-1.61908],[101.44007,-1.62837],[101.43159,-1.64195],[101.42903,-1.65718],[101.42872,-1.6698],[101.42656,-1.67736],[101.4112,-1.6721],[101.40303,-1.67907],[101.40295,-1.68222]]]}},{"type":"Feature","properties":{"id_kab":"1308","KDPKAB":"1308","kodekab_kemendagri":"1309","nmkab":"Pasaman","provinsi":"Sumatera Barat","status_crs":"Sangat Tinggi","indeks_crs":0.7191,"norm_crs":0.431,"indeks_hazard":0.5695,"status_hazard":"Tinggi","indeks_exposure":0.4634,"status_exposure":"Tinggi","indeks_kerentanan":0.7993,"status_vulnerability":"Sangat Tinggi","skor_banjir":15.7763,"skor_longsor":35.3216},"geometry":{"type":"Polygon","coordinates":[[[100.15931,-0.10729],[100.15534,-0.1065],[100.15145,-0.10293],[100.14411,-0.10186],[100.14082,-0.10286],[100.13642,-0.09836],[100.13563,-0.09621],[100.13026,-0.09504],[100.12632,-0.09566],[100.1225,-0.09379],[100.12263,-0.08787],[100.11575,-0.08559],[100.11122,-0.07795],[100.10406,-0.07369],[100.10271,-0.07406],[100.10346,-0.07668],[100.1012,-0.07987],[100.09717,-0.08056],[100.09409,-0.07985],[100.09194,-0.07695],[100.08414,-0.08105],[100.07952,-0.08061],[100.07886,-0.08345],[100.07659,-0.08456],[100.07359,-0.08381],[100.06234,-0.08628],[100.06041,-0.08568],[100.05878,-0.08277],[100.05604,-0.08152],[100.04864,-0.08179],[100.04439,-0.08345],[100.04066,-0.08272],[100.0363,-0.08422],[100.03279,-0.08808],[100.03232,-0.09079],[100.02555,-0.09265],[100.01936,-0.0966],[100.01787,-0.09868],[100.01629,-0.09859],[100.01586,-0.09738],[100.01719,-0.08579],[100.01853,-0.08321],[100.02931,-0.07244],[100.03558,-0.07076],[100.03714,-0.06642],[100.03541,-0.06207],[100.03324,-0.06155],[100.03107,-0.05819],[100.03652,-0.0495],[100.03617,-0.0463],[100.03112,-0.03645],[100.02641,-0.01903],[100.02669,-0.00205],[100.03708,0.00667],[100.03715,0.00872],[100.033,0.01646],[100.02493,0.01853],[100.01008,0.02855],[100.00448,0.02741],[99.99554,0.0219],[99.99136,0.02236],[99.98779,0.02537],[99.97734,0.05128],[99.97592,0.06668],[99.97731,0.07002],[99.98277,0.07449],[99.98435,0.08004],[99.9877,0.08458],[99.99056,0.08687],[99.99744,0.08979],[100.00215,0.09647],[100.0102,0.10093],[100.02679,0.11777],[100.03855,0.13585],[100.04787,0.14707],[100.06188,0.1527],[100.06938,0.16125],[100.07436,0.1717],[100.07557,0.18249],[100.0754,0.19278],[100.06246,0.21966],[100.06045,0.22715],[100.0535,0.23409],[100.04803,0.24587],[100.0384,0.28852],[100.03492,0.29183],[100.03061,0.29233],[100.01843,0.28735],[100.00973,0.28697],[100.00868,0.28221],[99.9971,0.27512],[99.99434,0.27458],[99.98912,0.2773],[99.98851,0.28288],[99.98517,0.28583],[99.97809,0.28316],[99.97632,0.28615],[99.97275,0.2876],[99.9658,0.28823],[99.96073,0.29177],[99.95474,0.29136],[99.95074,0.29252],[99.9408,0.29076],[99.92518,0.29366],[99.91648,0.29769],[99.90999,0.30596],[99.89474,0.3102],[99.88963,0.32174],[99.88363,0.31377],[99.87584,0.31909],[99.86823,0.32287],[99.86108,0.32589],[99.85391,0.32726],[99.85334,0.33325],[99.85396,0.33443],[99.84833,0.33912],[99.84031,0.34859],[99.83044,0.35098],[99.82555,0.34355],[99.81435,0.33955],[99.80345,0.34048],[99.79986,0.34317],[99.78998,0.34636],[99.7845,0.34607],[99.78069,0.3503],[99.77693,0.3507],[99.76954,0.35703],[99.76212,0.35987],[99.75868,0.36473],[99.75602,0.37453],[99.7495,0.37684],[99.74401,0.3858],[99.74425,0.38701],[99.74933,0.39017],[99.75146,0.39362],[99.75035,0.39784],[99.75117,0.39996],[99.75696,0.40208],[99.77102,0.39935],[99.77475,0.40113],[99.77642,0.40472],[99.77564,0.4153],[99.77835,0.41869],[99.78562,0.41789],[99.78996,0.41571],[99.79291,0.41276],[99.80311,0.41332],[99.81659,0.41144],[99.82443,0.41651],[99.82779,0.42677],[99.82486,0.43232],[99.82325,0.43785],[99.82604,0.44641],[99.82033,0.46052],[99.83676,0.45864],[99.84836,0.46937],[99.8571,0.46377],[99.85912,0.46334],[99.87811,0.46826],[99.88231,0.46649],[99.88696,0.46746],[99.89293,0.47052],[99.89983,0.46983],[99.90423,0.47042],[99.91118,0.47541],[99.92861,0.49679],[99.93642,0.50346],[99.94622,0.50971],[99.95612,0.51096],[99.96105,0.51358],[99.95958,0.51606],[99.95204,0.52046],[99.95016,0.52419],[99.9564,0.53077],[99.96018,0.53917],[99.96468,0.54584],[99.96481,0.55381],[99.96005,0.56403],[99.95897,0.56899],[99.9577,0.57119],[99.95071,0.57753],[99.94813,0.58317],[99.94079,0.59283],[99.93077,0.59718],[99.92925,0.59871],[99.92863,0.6032],[99.92685,0.60447],[99.92038,0.60544],[99.9233,0.61529],[99.916,0.62158],[99.90996,0.6248],[99.90883,0.62675],[99.90963,0.62896],[99.91176,0.63079],[99.92506,0.63117],[99.9252,0.63287],[99.91797,0.6467],[99.91343,0.66508],[99.91214,0.67814],[99.90964,0.67994],[99.90429,0.68131],[99.89931,0.67811],[99.89435,0.67782],[99.88885,0.68683],[99.88574,0.68829],[99.88392,0.68818],[99.88178,0.68652],[99.87349,0.68664],[99.85707,0.68288],[99.85101,0.68341],[99.84702,0.68497],[99.83608,0.69191],[99.83087,0.69622],[99.83416,0.70134],[99.83519,0.70902],[99.82968,0.71604],[99.82529,0.73591],[99.82607,0.73973],[99.83054,0.74417],[99.83394,0.75124],[99.83351,0.75568],[99.83483,0.7575],[99.84357,0.75937],[99.84564,0.76224],[99.84622,0.76893],[99.84314,0.7802],[99.846,0.78617],[99.84683,0.7911],[99.84437,0.79564],[99.84439,0.80078],[99.84591,0.8077],[99.84481,0.81426],[99.84285,0.81689],[99.83804,0.81971],[99.83754,0.82087],[99.84157,0.83432],[99.84123,0.85118],[99.83288,0.87114],[99.83079,0.87761],[99.83087,0.8805],[99.83404,0.88668],[99.84067,0.89292],[99.85696,0.8967],[99.86303,0.90261],[99.86528,0.90604],[99.87256,0.90722],[99.87924,0.90531],[99.88422,0.90096],[99.89212,0.89704],[99.89837,0.896],[99.9008,0.89313],[99.90055,0.89103],[99.90493,0.88871],[99.90989,0.88704],[99.94105,0.88273],[99.95169,0.87933],[99.95948,0.86889],[99.96104,0.86477],[99.96084,0.85998],[99.96751,0.85072],[99.97258,0.84891],[99.97449,0.84923],[99.98591,0.84455],[99.99517,0.84215],[100.00205,0.84355],[100.006,0.84206],[100.0347,0.82734],[100.06215,0.80812],[100.07439,0.80121],[100.11975,0.78589],[100.13599,0.77554],[100.16971,0.76472],[100.19329,0.76382],[100.20054,0.74474],[100.20722,0.73785],[100.21107,0.73551],[100.21322,0.73563],[100.21724,0.74177],[100.21905,0.74274],[100.22381,0.73879],[100.23206,0.73703],[100.23987,0.73315],[100.2397,0.72536],[100.2427,0.69431],[100.24077,0.67935],[100.23735,0.67352],[100.23402,0.67049],[100.21298,0.65906],[100.20081,0.6408],[100.18675,0.62658],[100.18368,0.6167],[100.18118,0.60009],[100.17828,0.58951],[100.1765,0.57387],[100.1798,0.5659],[100.18411,0.56095],[100.19766,0.5582],[100.20909,0.55922],[100.2156,0.55808],[100.22447,0.55431],[100.23497,0.54569],[100.2382,0.54068],[100.23757,0.53535],[100.22942,0.52766],[100.22089,0.52246],[100.21614,0.5207],[100.21557,0.51603],[100.21659,0.51165],[100.22355,0.49995],[100.23891,0.49236],[100.23921,0.48655],[100.23578,0.47851],[100.23584,0.4737],[100.23954,0.46643],[100.25423,0.44684],[100.25668,0.43583],[100.25901,0.43231],[100.28172,0.406],[100.29112,0.39934],[100.29469,0.40058],[100.30051,0.3966],[100.30061,0.39184],[100.30206,0.38624],[100.30622,0.38221],[100.30874,0.3811],[100.31863,0.36957],[100.3261,0.36522],[100.3262,0.3628],[100.3246,0.35987],[100.32512,0.35478],[100.32929,0.35517],[100.33319,0.35226],[100.32853,0.34484],[100.33144,0.3352],[100.32856,0.33118],[100.32136,0.3161],[100.31391,0.30915],[100.30857,0.30214],[100.30995,0.29843],[100.3179,0.28781],[100.3202,0.27706],[100.32006,0.27347],[100.33177,0.25267],[100.33334,0.22047],[100.33443,0.21662],[100.33926,0.20899],[100.34429,0.20491],[100.34522,0.1954],[100.35244,0.18141],[100.35203,0.17504],[100.35062,0.17091],[100.33758,0.15899],[100.32822,0.14805],[100.32687,0.14117],[100.32622,0.12926],[100.32412,0.12372],[100.3215,0.12052],[100.32072,0.1129],[100.32432,0.10735],[100.32573,0.10147],[100.32016,0.09484],[100.31808,0.09091],[100.31757,0.08643],[100.32124,0.07365],[100.32668,0.06695],[100.33017,0.05903],[100.32966,0.05158],[100.3282,0.05097],[100.32279,0.05257],[100.32018,0.05101],[100.31299,0.04155],[100.30781,0.03747],[100.30267,0.02647],[100.2883,0.00961],[100.28717,0.00591],[100.28779,0.0021],[100.28656,-0.00255],[100.28299,-0.00492],[100.27628,-0.00554],[100.2723,-0.00452],[100.26498,-0.01646],[100.26181,-0.01943],[100.26276,-0.02264],[100.26562,-0.02413],[100.26923,-0.03006],[100.27403,-0.03446],[100.27128,-0.03676],[100.2658,-0.03728],[100.26292,-0.03904],[100.26224,-0.04248],[100.26562,-0.04665],[100.26713,-0.0542],[100.27312,-0.06139],[100.27591,-0.06924],[100.28189,-0.07482],[100.28646,-0.08141],[100.28508,-0.08422],[100.27997,-0.08701],[100.27782,-0.08676],[100.2667,-0.07944],[100.26222,-0.07984],[100.25939,-0.0818],[100.24896,-0.0756],[100.24771,-0.07752],[100.2451,-0.07865],[100.23652,-0.08055],[100.23348,-0.07941],[100.22609,-0.06776],[100.22373,-0.06802],[100.22146,-0.06853],[100.21301,-0.0744],[100.20922,-0.08501],[100.20796,-0.09674],[100.20327,-0.10664],[100.20212,-0.10691],[100.19985,-0.10523],[100.18843,-0.09259],[100.18169,-0.09356],[100.17482,-0.09305],[100.16462,-0.10206],[100.16124,-0.10766],[100.15931,-0.10729]]]}},{"type":"Feature","properties":{"id_kab":"1305","KDPKAB":"1305","kodekab_kemendagri":"1306","nmkab":"Padang Pariaman","provinsi":"Sumatera Barat","status_crs":"Tinggi","indeks_crs":0.3561,"norm_crs":0.2134,"indeks_hazard":0.3279,"status_hazard":"Sedang","indeks_exposure":0.491,"status_exposure":"Tinggi","indeks_kerentanan":0.595,"status_vulnerability":"Tinggi","skor_banjir":24.2222,"skor_longsor":20.5419},"geometry":{"type":"Polygon","coordinates":[[[100.16847,-0.68539],[100.15962,-0.67601],[100.15763,-0.66978],[100.15428,-0.66864],[100.15327,-0.66569],[100.15654,-0.65999],[100.1586,-0.6602],[100.1575,-0.66122],[100.15859,-0.66282],[100.16319,-0.65933],[100.16278,-0.65712],[100.16139,-0.65857],[100.16021,-0.65831],[100.16054,-0.6561],[100.16537,-0.65021],[100.17194,-0.65281],[100.17262,-0.65233],[100.17339,-0.64951],[100.17082,-0.6462],[100.17309,-0.63722],[100.1757,-0.63197],[100.17357,-0.62858],[100.17365,-0.62377],[100.18187,-0.6237],[100.18512,-0.62153],[100.18351,-0.61986],[100.18168,-0.62091],[100.17989,-0.61911],[100.18141,-0.61658],[100.18171,-0.61364],[100.18048,-0.60951],[100.17435,-0.60428],[100.17167,-0.60331],[100.16393,-0.5939],[100.14214,-0.58538],[100.14193,-0.58371],[100.14376,-0.58305],[100.14796,-0.57861],[100.14844,-0.57627],[100.1443,-0.57216],[100.1408,-0.57015],[100.13843,-0.56987],[100.13689,-0.57127],[100.13507,-0.57112],[100.13122,-0.56333],[100.13286,-0.56243],[100.13393,-0.56333],[100.13595,-0.56065],[100.13211,-0.55444],[100.1335,-0.55284],[100.13347,-0.55069],[100.12772,-0.54912],[100.12189,-0.55052],[100.11119,-0.55968],[100.10548,-0.56148],[100.10173,-0.56552],[100.09562,-0.56471],[100.08936,-0.56644],[100.08485,-0.55579],[100.07734,-0.54509],[100.06224,-0.53033],[100.0535,-0.51895],[100.04114,-0.50563],[100.00125,-0.46972],[99.98328,-0.45683],[99.97217,-0.44428],[99.96005,-0.43253],[99.96481,-0.42928],[99.96584,-0.42472],[99.96921,-0.42042],[99.9758,-0.42069],[99.97974,-0.41296],[99.98038,-0.40784],[99.97969,-0.40359],[99.98622,-0.3961],[99.98841,-0.39586],[99.99117,-0.39873],[99.99552,-0.4004],[99.99882,-0.39977],[99.99982,-0.39797],[99.99708,-0.38133],[99.99401,-0.38109],[99.9848,-0.37164],[99.98659,-0.36594],[99.98704,-0.35901],[100.00589,-0.35896],[100.0165,-0.36407],[100.01946,-0.36413],[100.02213,-0.36184],[100.02971,-0.36361],[100.03631,-0.36344],[100.03757,-0.35532],[100.03874,-0.35367],[100.04906,-0.35402],[100.05399,-0.35078],[100.05548,-0.3461],[100.06,-0.34253],[100.06467,-0.33632],[100.06361,-0.33324],[100.06447,-0.33143],[100.06697,-0.33154],[100.07148,-0.32865],[100.07145,-0.32564],[100.07337,-0.32407],[100.08052,-0.32174],[100.0872,-0.32269],[100.10138,-0.32198],[100.09617,-0.32455],[100.09549,-0.32832],[100.09831,-0.33191],[100.11073,-0.33646],[100.11836,-0.3375],[100.12174,-0.33712],[100.12947,-0.33392],[100.13281,-0.33126],[100.13969,-0.32896],[100.14528,-0.32956],[100.15503,-0.3352],[100.15536,-0.34124],[100.15305,-0.34278],[100.15194,-0.34484],[100.1538,-0.35262],[100.15584,-0.35689],[100.1579,-0.35858],[100.15904,-0.36262],[100.15671,-0.37357],[100.15743,-0.39053],[100.15905,-0.39393],[100.16599,-0.39917],[100.17613,-0.40963],[100.18892,-0.41519],[100.19716,-0.41715],[100.21439,-0.4138],[100.21689,-0.42007],[100.2172,-0.42801],[100.21304,-0.43145],[100.21268,-0.43448],[100.21854,-0.44213],[100.21962,-0.45026],[100.2222,-0.45223],[100.23777,-0.45224],[100.24385,-0.45925],[100.24553,-0.46921],[100.24959,-0.47147],[100.25228,-0.47462],[100.25644,-0.47542],[100.26064,-0.48009],[100.26826,-0.477],[100.27288,-0.47322],[100.27541,-0.46541],[100.28449,-0.46143],[100.28637,-0.45953],[100.30643,-0.43206],[100.3123,-0.42911],[100.31507,-0.42917],[100.3187,-0.42563],[100.32092,-0.4278],[100.32089,-0.43129],[100.31588,-0.44526],[100.31416,-0.4552],[100.31431,-0.46269],[100.31589,-0.4722],[100.31775,-0.47681],[100.32765,-0.4847],[100.33361,-0.48663],[100.34275,-0.48627],[100.34906,-0.48338],[100.35245,-0.48074],[100.35475,-0.48047],[100.35735,-0.482],[100.3571,-0.48467],[100.35975,-0.48681],[100.36714,-0.48822],[100.37505,-0.49171],[100.3796,-0.49158],[100.38629,-0.48945],[100.39337,-0.49095],[100.38441,-0.49995],[100.38352,-0.50301],[100.38521,-0.50899],[100.38528,-0.51951],[100.38346,-0.52411],[100.38394,-0.5259],[100.39001,-0.52962],[100.39216,-0.53261],[100.3893,-0.53772],[100.38946,-0.54064],[100.39593,-0.55276],[100.39772,-0.55891],[100.40256,-0.5644],[100.40723,-0.56426],[100.41053,-0.56286],[100.41189,-0.56126],[100.41699,-0.56643],[100.41688,-0.57307],[100.4183,-0.58158],[100.41819,-0.58586],[100.41618,-0.59096],[100.41732,-0.59912],[100.41473,-0.60275],[100.41222,-0.60232],[100.40786,-0.6042],[100.40175,-0.60929],[100.39351,-0.61375],[100.37648,-0.62068],[100.37633,-0.62182],[100.37972,-0.62394],[100.39717,-0.63065],[100.40026,-0.6299],[100.40324,-0.62773],[100.41577,-0.62806],[100.42056,-0.63335],[100.43113,-0.63898],[100.43043,-0.6443],[100.42866,-0.64861],[100.42805,-0.65598],[100.43016,-0.65757],[100.43637,-0.65697],[100.43482,-0.65905],[100.44019,-0.66393],[100.44168,-0.66726],[100.43919,-0.68531],[100.4395,-0.69196],[100.44136,-0.69701],[100.43995,-0.70124],[100.4416,-0.7129],[100.44419,-0.71582],[100.45286,-0.7197],[100.45848,-0.72429],[100.45629,-0.72873],[100.44984,-0.73234],[100.43903,-0.73536],[100.43027,-0.74121],[100.4238,-0.74303],[100.41816,-0.74291],[100.41606,-0.74509],[100.41257,-0.74641],[100.40132,-0.74807],[100.39968,-0.74903],[100.39572,-0.75459],[100.38435,-0.75927],[100.38203,-0.76436],[100.38145,-0.76878],[100.37691,-0.77237],[100.37628,-0.78512],[100.37481,-0.78789],[100.37183,-0.79011],[100.36744,-0.80045],[100.36101,-0.80221],[100.35825,-0.80141],[100.35524,-0.79907],[100.35316,-0.79892],[100.3489,-0.80214],[100.34371,-0.80433],[100.33924,-0.8046],[100.33417,-0.80168],[100.32549,-0.80358],[100.32172,-0.80596],[100.31619,-0.80594],[100.30978,-0.80782],[100.30254,-0.80591],[100.29274,-0.80641],[100.29091,-0.80852],[100.29289,-0.81029],[100.29362,-0.81249],[100.29091,-0.81714],[100.28741,-0.80817],[100.27259,-0.7876],[100.26432,-0.77771],[100.21793,-0.73081],[100.1973,-0.71453],[100.16956,-0.68646],[100.16847,-0.68539]]]}},{"type":"Feature","properties":{"id_kab":"1304","KDPKAB":"1304","kodekab_kemendagri":"1305","nmkab":"Tanah Datar","provinsi":"Sumatera Barat","status_crs":"Sedang","indeks_crs":0.1759,"norm_crs":0.1054,"indeks_hazard":0.3057,"status_hazard":"Sedang","indeks_exposure":0.4439,"status_exposure":"Tinggi","indeks_kerentanan":0.1317,"status_vulnerability":"Rendah","skor_banjir":16.7993,"skor_longsor":27.3827},"geometry":{"type":"Polygon","coordinates":[[[100.57402,-0.61031],[100.53343,-0.63506],[100.52367,-0.64233],[100.51575,-0.64557],[100.50003,-0.64834],[100.48598,-0.65868],[100.47426,-0.65798],[100.46346,-0.65402],[100.45086,-0.65646],[100.44476,-0.65502],[100.43637,-0.65697],[100.42924,-0.65738],[100.42805,-0.65598],[100.42846,-0.65012],[100.43113,-0.63898],[100.42056,-0.63335],[100.41577,-0.62806],[100.40324,-0.62773],[100.40026,-0.6299],[100.39717,-0.63065],[100.37972,-0.62394],[100.37633,-0.62182],[100.37648,-0.62068],[100.39351,-0.61375],[100.40175,-0.60929],[100.40786,-0.6042],[100.41222,-0.60232],[100.41536,-0.60224],[100.41732,-0.59912],[100.41618,-0.59096],[100.41819,-0.58586],[100.41688,-0.57307],[100.41751,-0.56885],[100.41663,-0.56564],[100.41189,-0.56126],[100.41053,-0.56286],[100.40388,-0.56479],[100.40256,-0.5644],[100.39772,-0.55891],[100.39593,-0.55276],[100.38946,-0.54064],[100.3893,-0.53772],[100.39216,-0.53261],[100.39001,-0.52962],[100.38394,-0.5259],[100.38346,-0.52411],[100.38528,-0.51951],[100.38521,-0.50899],[100.38352,-0.50301],[100.38441,-0.49995],[100.39337,-0.49095],[100.38629,-0.48945],[100.3796,-0.49158],[100.37505,-0.49171],[100.36714,-0.48822],[100.35975,-0.48681],[100.3571,-0.48467],[100.35735,-0.482],[100.35475,-0.48047],[100.35245,-0.48074],[100.34906,-0.48338],[100.34275,-0.48627],[100.33361,-0.48663],[100.32765,-0.4847],[100.31775,-0.47681],[100.31589,-0.4722],[100.31431,-0.46269],[100.31445,-0.45088],[100.32089,-0.43129],[100.32092,-0.4278],[100.3187,-0.42563],[100.31997,-0.42043],[100.32328,-0.41425],[100.33128,-0.40591],[100.33168,-0.4044],[100.32983,-0.40038],[100.32963,-0.39576],[100.33341,-0.39499],[100.33556,-0.39224],[100.33938,-0.3911],[100.34919,-0.3909],[100.35893,-0.38948],[100.3723,-0.38985],[100.3818,-0.38653],[100.39638,-0.38507],[100.399,-0.3857],[100.40401,-0.38951],[100.40948,-0.39065],[100.4155,-0.39066],[100.42448,-0.38724],[100.44144,-0.38708],[100.45798,-0.38926],[100.46768,-0.38904],[100.4712,-0.38733],[100.47186,-0.37994],[100.4764,-0.37897],[100.47962,-0.37351],[100.4792,-0.36754],[100.48618,-0.34921],[100.49277,-0.34326],[100.50382,-0.32425],[100.50619,-0.31234],[100.51118,-0.29539],[100.52139,-0.2931],[100.52696,-0.28888],[100.52983,-0.28186],[100.53304,-0.27843],[100.53612,-0.27869],[100.54503,-0.28469],[100.54893,-0.28195],[100.55371,-0.28135],[100.56309,-0.28171],[100.5687,-0.28079],[100.57509,-0.28328],[100.57468,-0.28614],[100.57929,-0.28769],[100.58032,-0.29011],[100.57913,-0.2935],[100.57354,-0.30163],[100.57518,-0.31165],[100.57238,-0.31427],[100.5658,-0.31554],[100.56503,-0.31983],[100.5744,-0.32928],[100.59187,-0.342],[100.59367,-0.34573],[100.59952,-0.34452],[100.61206,-0.35452],[100.61525,-0.35452],[100.62399,-0.35217],[100.64261,-0.35015],[100.65289,-0.35022],[100.66344,-0.3475],[100.66835,-0.34312],[100.6673,-0.33105],[100.67303,-0.32531],[100.67625,-0.32556],[100.68794,-0.32963],[100.69037,-0.33464],[100.6928,-0.3369],[100.72231,-0.34992],[100.73577,-0.36161],[100.73827,-0.36196],[100.74548,-0.35966],[100.75055,-0.36422],[100.75322,-0.36556],[100.75622,-0.36574],[100.76206,-0.36134],[100.77045,-0.35845],[100.77283,-0.35561],[100.77354,-0.35195],[100.77473,-0.35052],[100.77731,-0.34845],[100.77976,-0.34781],[100.78619,-0.34876],[100.78777,-0.35079],[100.79166,-0.35248],[100.80543,-0.35282],[100.81117,-0.35458],[100.81359,-0.35382],[100.81331,-0.35046],[100.82355,-0.36544],[100.83163,-0.36874],[100.83399,-0.37219],[100.83432,-0.38262],[100.83561,-0.38492],[100.83705,-0.39379],[100.83367,-0.39749],[100.82992,-0.39845],[100.82908,-0.39949],[100.83114,-0.40516],[100.83057,-0.41183],[100.82884,-0.41738],[100.82914,-0.42323],[100.82407,-0.42761],[100.81962,-0.4331],[100.81943,-0.43643],[100.82059,-0.43987],[100.81774,-0.44638],[100.81834,-0.45016],[100.82276,-0.45238],[100.8252,-0.45633],[100.82121,-0.46434],[100.82258,-0.46802],[100.82063,-0.47417],[100.81566,-0.47625],[100.8106,-0.47978],[100.81367,-0.48449],[100.8159,-0.48332],[100.82189,-0.4832],[100.82881,-0.48825],[100.83843,-0.49705],[100.84441,-0.50673],[100.84103,-0.51074],[100.83718,-0.51235],[100.83231,-0.51661],[100.83115,-0.52073],[100.8223,-0.5195],[100.81884,-0.52156],[100.81592,-0.52588],[100.81626,-0.5338],[100.8137,-0.54073],[100.81322,-0.54741],[100.81102,-0.5523],[100.80799,-0.55577],[100.79947,-0.56274],[100.79405,-0.56483],[100.7867,-0.56372],[100.78712,-0.56156],[100.7891,-0.55935],[100.78849,-0.55378],[100.78312,-0.5552],[100.78187,-0.55792],[100.77961,-0.55908],[100.77425,-0.55904],[100.7738,-0.56015],[100.76188,-0.55853],[100.75388,-0.55849],[100.74822,-0.55985],[100.74349,-0.55943],[100.73345,-0.55406],[100.7281,-0.55476],[100.72103,-0.56719],[100.71447,-0.57171],[100.70727,-0.57392],[100.70112,-0.56919],[100.70032,-0.56726],[100.70045,-0.55766],[100.69856,-0.55528],[100.68897,-0.55416],[100.6838,-0.55723],[100.6777,-0.55433],[100.68049,-0.54204],[100.6803,-0.53979],[100.67792,-0.53668],[100.66834,-0.53481],[100.65276,-0.53731],[100.63876,-0.53818],[100.63673,-0.54096],[100.63698,-0.54394],[100.63151,-0.55195],[100.62729,-0.55014],[100.62418,-0.55197],[100.62055,-0.5574],[100.61381,-0.559],[100.6063,-0.55234],[100.60092,-0.55394],[100.59655,-0.55789],[100.59405,-0.57156],[100.59026,-0.58393],[100.57992,-0.5934],[100.57709,-0.59949],[100.5763,-0.6065],[100.575,-0.61006],[100.5739,-0.61006],[100.57402,-0.61031]],[[100.43401,-0.48393],[100.43565,-0.469],[100.43503,-0.46579],[100.43359,-0.46418],[100.42522,-0.4583],[100.4238,-0.45573],[100.41144,-0.45468],[100.41014,-0.45817],[100.4108,-0.45994],[100.40965,-0.46082],[100.40747,-0.45664],[100.40754,-0.45367],[100.4049,-0.453],[100.40366,-0.45058],[100.39854,-0.44997],[100.3954,-0.45054],[100.39658,-0.45516],[100.39619,-0.45983],[100.38793,-0.46029],[100.38183,-0.46279],[100.37732,-0.46213],[100.36534,-0.47735],[100.37226,-0.4829],[100.37485,-0.48363],[100.38389,-0.48298],[100.39105,-0.48421],[100.39505,-0.48317],[100.40207,-0.48362],[100.40585,-0.48006],[100.41423,-0.48402],[100.41686,-0.48219],[100.41735,-0.48053],[100.41883,-0.48015],[100.42135,-0.48078],[100.42231,-0.48397],[100.42506,-0.48661],[100.42612,-0.48605],[100.43289,-0.48818],[100.43315,-0.48651],[100.43401,-0.48393]]]}},{"type":"Feature","properties":{"id_kab":"1307","KDPKAB":"1307","kodekab_kemendagri":"1308","nmkab":"Lima Puluh Kota","provinsi":"Sumatera Barat","status_crs":"Tinggi","indeks_crs":0.4696,"norm_crs":0.2815,"indeks_hazard":0.7144,"status_hazard":"Sangat Tinggi","indeks_exposure":0.292,"status_exposure":"Sedang","indeks_kerentanan":0.3654,"status_vulnerability":"Sedang","skor_banjir":17.641,"skor_longsor":37.2528},"geometry":{"type":"Polygon","coordinates":[[[100.57704,-0.28709],[100.57468,-0.28614],[100.57509,-0.28328],[100.5687,-0.28079],[100.56309,-0.28171],[100.55004,-0.28172],[100.54503,-0.28469],[100.54479,-0.27368],[100.54321,-0.26482],[100.54414,-0.26135],[100.54167,-0.25713],[100.53248,-0.25237],[100.52824,-0.24864],[100.51839,-0.24913],[100.50678,-0.24139],[100.50371,-0.23767],[100.48911,-0.23122],[100.48468,-0.22565],[100.48163,-0.22371],[100.4769,-0.22321],[100.47383,-0.22423],[100.47232,-0.22562],[100.47307,-0.22748],[100.4719,-0.228],[100.46491,-0.2262],[100.46106,-0.22312],[100.45875,-0.22302],[100.45624,-0.21913],[100.45656,-0.21417],[100.44649,-0.20384],[100.44248,-0.19156],[100.44098,-0.1908],[100.43733,-0.18461],[100.43433,-0.18232],[100.42784,-0.18228],[100.4133,-0.17718],[100.41008,-0.17443],[100.40673,-0.16421],[100.40464,-0.16091],[100.40187,-0.16157],[100.3971,-0.16001],[100.39244,-0.15575],[100.37942,-0.1484],[100.37759,-0.13997],[100.37842,-0.13742],[100.37647,-0.1315],[100.37411,-0.11562],[100.37227,-0.11495],[100.36878,-0.11059],[100.36142,-0.10783],[100.36121,-0.10248],[100.35897,-0.09825],[100.35338,-0.09407],[100.34907,-0.09257],[100.34595,-0.0941],[100.34317,-0.09323],[100.33895,-0.08688],[100.33483,-0.08649],[100.33013,-0.08117],[100.32957,-0.07763],[100.33126,-0.07173],[100.33067,-0.06887],[100.32678,-0.05448],[100.32428,-0.04793],[100.32214,-0.0451],[100.31599,-0.04103],[100.31045,-0.03917],[100.3067,-0.04039],[100.30581,-0.04156],[100.30109,-0.04211],[100.29073,-0.03558],[100.28303,-0.03595],[100.27907,-0.03722],[100.27561,-0.03654],[100.26923,-0.03006],[100.26562,-0.02413],[100.26276,-0.02264],[100.26181,-0.01943],[100.26498,-0.01646],[100.2723,-0.00452],[100.27628,-0.00554],[100.28299,-0.00492],[100.28656,-0.00255],[100.28779,0.0021],[100.28717,0.00591],[100.2883,0.00961],[100.30267,0.02647],[100.30781,0.03747],[100.31299,0.04155],[100.32018,0.05101],[100.32279,0.05257],[100.3282,0.05097],[100.32966,0.05158],[100.33017,0.05903],[100.32668,0.06695],[100.32124,0.07365],[100.31757,0.08643],[100.31808,0.09091],[100.32016,0.09484],[100.32573,0.10147],[100.32432,0.10735],[100.32072,0.1129],[100.3215,0.12052],[100.32412,0.12372],[100.32622,0.12926],[100.32687,0.14117],[100.32822,0.14805],[100.33758,0.15899],[100.35062,0.17091],[100.35203,0.17504],[100.35244,0.18141],[100.34522,0.1954],[100.34429,0.20491],[100.33926,0.20899],[100.33443,0.21662],[100.33334,0.22047],[100.33177,0.25267],[100.32006,0.27347],[100.3202,0.27706],[100.3179,0.28781],[100.30995,0.29843],[100.30857,0.30214],[100.31391,0.30915],[100.32136,0.3161],[100.32856,0.33118],[100.33144,0.3352],[100.32853,0.34484],[100.33319,0.35226],[100.32929,0.35517],[100.32512,0.35478],[100.3246,0.35987],[100.3262,0.3628],[100.3261,0.36522],[100.31863,0.36957],[100.30874,0.3811],[100.30622,0.38221],[100.30206,0.38624],[100.30061,0.39184],[100.30051,0.3966],[100.3134,0.39824],[100.31676,0.40203],[100.31957,0.40299],[100.32279,0.40161],[100.33765,0.39072],[100.34416,0.38451],[100.34719,0.38429],[100.35925,0.38808],[100.36467,0.39063],[100.36515,0.39242],[100.36768,0.39414],[100.37166,0.39083],[100.37577,0.38931],[100.38918,0.39897],[100.40248,0.40594],[100.40985,0.41466],[100.4165,0.41776],[100.41979,0.4239],[100.42205,0.42438],[100.43103,0.42183],[100.4337,0.42011],[100.43817,0.41314],[100.45352,0.40597],[100.4651,0.39792],[100.46758,0.39969],[100.46896,0.40215],[100.46906,0.40551],[100.47075,0.4071],[100.47422,0.40581],[100.48311,0.39954],[100.48891,0.39298],[100.49663,0.37797],[100.49895,0.36449],[100.51512,0.35411],[100.51939,0.34872],[100.52393,0.3455],[100.52745,0.34506],[100.53405,0.34056],[100.53812,0.3325],[100.5329,0.32265],[100.53175,0.31822],[100.53208,0.31666],[100.53755,0.31],[100.54147,0.30738],[100.55463,0.30281],[100.56434,0.29706],[100.5772,0.2791],[100.58413,0.2727],[100.59466,0.26711],[100.6016,0.25931],[100.61328,0.2428],[100.62191,0.23289],[100.62711,0.22234],[100.6298,0.21921],[100.64906,0.20361],[100.6673,0.1956],[100.6762,0.18624],[100.68069,0.18731],[100.6824,0.18895],[100.68379,0.20135],[100.68477,0.20357],[100.69547,0.21695],[100.69582,0.22128],[100.69459,0.23185],[100.69769,0.23374],[100.70015,0.23749],[100.70143,0.24369],[100.70533,0.24396],[100.71345,0.2386],[100.71607,0.23877],[100.71949,0.24115],[100.72325,0.24197],[100.72504,0.24123],[100.72815,0.2377],[100.73155,0.23623],[100.73857,0.23623],[100.74127,0.24148],[100.74804,0.24033],[100.7549,0.23721],[100.76477,0.23688],[100.76665,0.23918],[100.76706,0.24534],[100.76804,0.24723],[100.77269,0.25125],[100.78777,0.25345],[100.79807,0.25775],[100.80036,0.25791],[100.80427,0.25643],[100.80795,0.252],[100.81896,0.24904],[100.82304,0.24477],[100.8259,0.23935],[100.83439,0.23508],[100.84181,0.22465],[100.83897,0.21852],[100.83881,0.21606],[100.83979,0.21121],[100.84452,0.20932],[100.84526,0.2076],[100.84346,0.19717],[100.84525,0.19126],[100.84551,0.18677],[100.84265,0.18094],[100.84322,0.1793],[100.84844,0.17684],[100.84893,0.17544],[100.84885,0.17035],[100.84507,0.16185],[100.84256,0.15865],[100.84035,0.15208],[100.83994,0.1506],[100.84125,0.14682],[100.84068,0.14559],[100.83652,0.14067],[100.83496,0.14009],[100.83227,0.14017],[100.82468,0.14354],[100.81995,0.14305],[100.81358,0.13878],[100.80286,0.12847],[100.79706,0.12806],[100.79062,0.12888],[100.78784,0.12798],[100.78425,0.12198],[100.78466,0.12034],[100.79013,0.11558],[100.78668,0.10699],[100.77713,0.10428],[100.77476,0.10313],[100.77444,0.10207],[100.77738,0.09681],[100.78105,0.0932],[100.78129,0.08918],[100.77933,0.08386],[100.78145,0.07779],[100.78659,0.07647],[100.78888,0.07475],[100.79288,0.06876],[100.7941,0.06432],[100.79957,0.05472],[100.80106,0.0495],[100.80441,0.04884],[100.80906,0.05089],[100.81428,0.06091],[100.81673,0.06247],[100.82848,0.06436],[100.83248,0.0669],[100.83411,0.06674],[100.83534,0.06518],[100.83722,0.06058],[100.85017,0.05326],[100.85172,0.04957],[100.85158,0.04518],[100.84429,0.02732],[100.84779,0.00452],[100.84767,0.0],[100.84014,-0.00706],[100.82617,-0.01695],[100.82436,-0.0206],[100.82798,-0.02841],[100.82772,-0.03127],[100.82621,-0.03339],[100.8192,-0.0326],[100.81454,-0.04025],[100.81193,-0.04073],[100.8109,-0.03934],[100.80922,-0.03027],[100.80106,-0.02398],[100.78903,-0.02083],[100.78594,-0.01398],[100.78228,-0.01132],[100.7753,-0.01431],[100.76612,-0.0219],[100.7625,-0.02607],[100.75857,-0.03195],[100.75701,-0.0395],[100.75067,-0.04464],[100.74719,-0.04484],[100.74527,-0.0464],[100.74325,-0.06038],[100.74337,-0.07233],[100.75339,-0.08298],[100.75779,-0.11266],[100.76142,-0.11971],[100.76141,-0.12464],[100.75987,-0.12698],[100.75597,-0.12908],[100.75417,-0.13245],[100.75494,-0.13609],[100.75623,-0.13946],[100.7633,-0.14541],[100.76822,-0.16154],[100.76925,-0.1772],[100.76713,-0.18785],[100.76325,-0.20003],[100.76315,-0.21231],[100.76579,-0.21453],[100.77704,-0.21798],[100.78096,-0.22407],[100.79377,-0.23742],[100.80152,-0.24315],[100.80398,-0.24922],[100.80512,-0.25564],[100.8045,-0.26532],[100.80601,-0.2715],[100.82243,-0.28372],[100.83196,-0.28507],[100.83747,-0.28928],[100.84112,-0.29689],[100.83992,-0.30195],[100.83983,-0.30876],[100.84108,-0.31306],[100.84041,-0.32609],[100.84237,-0.33469],[100.84732,-0.34394],[100.84561,-0.34706],[100.84004,-0.35135],[100.83575,-0.35286],[100.81331,-0.35046],[100.81359,-0.35382],[100.81132,-0.35458],[100.80543,-0.35282],[100.79166,-0.35248],[100.78777,-0.35079],[100.78619,-0.34876],[100.77976,-0.34781],[100.77731,-0.34845],[100.77473,-0.35052],[100.77354,-0.35195],[100.77283,-0.35561],[100.77045,-0.35845],[100.76206,-0.36134],[100.75691,-0.36536],[100.75426,-0.36582],[100.74731,-0.36198],[100.74548,-0.35966],[100.73827,-0.36196],[100.73577,-0.36161],[100.72231,-0.34992],[100.6928,-0.3369],[100.69037,-0.33464],[100.68718,-0.32914],[100.67625,-0.32556],[100.67303,-0.32531],[100.6673,-0.33105],[100.66835,-0.34312],[100.66344,-0.3475],[100.65289,-0.35022],[100.64261,-0.35015],[100.62399,-0.35217],[100.61525,-0.35452],[100.61206,-0.35452],[100.59952,-0.34452],[100.59367,-0.34573],[100.59187,-0.342],[100.5744,-0.32928],[100.56503,-0.31983],[100.5658,-0.31554],[100.57238,-0.31427],[100.57518,-0.31165],[100.57354,-0.30163],[100.57997,-0.29152],[100.58011,-0.28873],[100.57847,-0.28735],[100.57704,-0.28709]],[[100.58793,-0.23994],[100.59267,-0.24404],[100.59549,-0.25162],[100.60023,-0.25346],[100.59993,-0.25477],[100.59692,-0.25584],[100.59436,-0.25828],[100.59721,-0.26046],[100.59915,-0.26779],[100.60107,-0.26901],[100.6068,-0.27072],[100.60797,-0.26864],[100.61542,-0.27451],[100.63429,-0.26805],[100.64474,-0.27461],[100.64866,-0.27461],[100.64651,-0.27065],[100.64676,-0.26714],[100.64443,-0.25836],[100.64503,-0.25457],[100.64773,-0.24977],[100.65269,-0.24843],[100.65433,-0.24491],[100.65889,-0.24256],[100.66891,-0.24402],[100.67598,-0.2381],[100.67886,-0.23426],[100.67599,-0.22104],[100.68263,-0.21258],[100.68496,-0.20793],[100.6816,-0.20319],[100.67891,-0.20149],[100.67669,-0.20243],[100.67413,-0.20154],[100.67514,-0.19736],[100.67826,-0.19523],[100.67747,-0.19237],[100.67302,-0.19035],[100.66933,-0.18962],[100.66405,-0.19059],[100.66243,-0.1883],[100.6342,-0.18419],[100.6324,-0.18707],[100.63263,-0.19101],[100.62548,-0.20013],[100.62375,-0.20095],[100.62427,-0.19454],[100.60605,-0.19652],[100.60438,-0.19587],[100.6041,-0.19353],[100.60034,-0.19163],[100.59796,-0.19155],[100.59347,-0.19322],[100.58651,-0.19822],[100.58381,-0.20128],[100.58282,-0.21006],[100.59012,-0.21464],[100.59292,-0.21787],[100.60214,-0.21969],[100.5992,-0.22052],[100.59416,-0.2269],[100.59173,-0.23089],[100.59228,-0.23478],[100.59138,-0.23709],[100.58895,-0.23939],[100.58686,-0.23954],[100.58793,-0.23994]]]}},{"type":"Feature","properties":{"id_kab":"1306","KDPKAB":"1306","kodekab_kemendagri":"1307","nmkab":"Agam","provinsi":"Sumatera Barat","status_crs":"Tinggi","indeks_crs":0.3438,"norm_crs":0.2061,"indeks_hazard":0.5753,"status_hazard":"Tinggi","indeks_exposure":0.4425,"status_exposure":"Tinggi","indeks_kerentanan":0.1552,"status_vulnerability":"Rendah","skor_banjir":20.751,"skor_longsor":30.4974},"geometry":{"type":"MultiPolygon","coordinates":[[[[100.32963,-0.39576],[100.32983,-0.40038],[100.33168,-0.4044],[100.33128,-0.40591],[100.32328,-0.41425],[100.31997,-0.42043],[100.3187,-0.42563],[100.31507,-0.42917],[100.3123,-0.42911],[100.30643,-0.43206],[100.28637,-0.45953],[100.28449,-0.46143],[100.27541,-0.46541],[100.27288,-0.47322],[100.26826,-0.477],[100.26064,-0.48009],[100.25644,-0.47542],[100.25228,-0.47462],[100.24959,-0.47147],[100.24553,-0.46921],[100.24385,-0.45925],[100.23777,-0.45224],[100.2222,-0.45223],[100.21962,-0.45026],[100.21854,-0.44213],[100.21268,-0.43448],[100.21304,-0.43145],[100.2172,-0.42801],[100.21689,-0.42007],[100.21439,-0.4138],[100.19716,-0.41715],[100.18892,-0.41519],[100.17613,-0.40963],[100.16599,-0.39917],[100.15905,-0.39393],[100.15743,-0.39053],[100.15671,-0.37357],[100.15904,-0.36262],[100.1579,-0.35858],[100.15584,-0.35689],[100.1538,-0.35262],[100.15194,-0.34484],[100.15305,-0.34278],[100.15536,-0.34124],[100.15503,-0.3352],[100.14528,-0.32956],[100.13969,-0.32896],[100.13281,-0.33126],[100.12947,-0.33392],[100.12174,-0.33712],[100.11073,-0.33646],[100.09831,-0.33191],[100.09573,-0.32897],[100.09617,-0.32455],[100.10138,-0.32198],[100.0872,-0.32269],[100.08052,-0.32174],[100.07337,-0.32407],[100.07145,-0.32564],[100.07148,-0.32865],[100.06697,-0.33154],[100.06447,-0.33143],[100.06361,-0.33324],[100.06467,-0.33632],[100.06,-0.34253],[100.05548,-0.3461],[100.05399,-0.35078],[100.04906,-0.35402],[100.03874,-0.35367],[100.03757,-0.35532],[100.03631,-0.36344],[100.02971,-0.36361],[100.02213,-0.36184],[100.01946,-0.36413],[100.0165,-0.36407],[100.00589,-0.35896],[99.98704,-0.35901],[99.98659,-0.36594],[99.9848,-0.37164],[99.99401,-0.38109],[99.99708,-0.38133],[99.99982,-0.39797],[99.99882,-0.39977],[99.99552,-0.4004],[99.99117,-0.39873],[99.98841,-0.39586],[99.98622,-0.3961],[99.97969,-0.40359],[99.98038,-0.40784],[99.97974,-0.41296],[99.9758,-0.42069],[99.96921,-0.42042],[99.96584,-0.42472],[99.96514,-0.42885],[99.96032,-0.43273],[99.94945,-0.42363],[99.92428,-0.40621],[99.91945,-0.40415],[99.91376,-0.40355],[99.91318,-0.40111],[99.91455,-0.39893],[99.91775,-0.39965],[99.91901,-0.39775],[99.91811,-0.39227],[99.91156,-0.37541],[99.90362,-0.36426],[99.87888,-0.34063],[99.86297,-0.32853],[99.84633,-0.31882],[99.83412,-0.31325],[99.81756,-0.29896],[99.81538,-0.29211],[99.80901,-0.28162],[99.80406,-0.26579],[99.80201,-0.25461],[99.80477,-0.24855],[99.805,-0.24392],[99.80112,-0.22904],[99.79681,-0.21836],[99.78813,-0.20206],[99.76935,-0.17415],[99.81458,-0.1785],[99.86075,-0.17641],[99.87611,-0.17209],[99.94977,-0.17038],[99.95642,-0.16101],[99.9779,-0.16038],[99.97767,-0.15629],[99.98834,-0.15629],[99.99456,-0.14569],[99.99361,-0.14116],[99.99181,-0.13961],[99.9893,-0.14093],[99.98846,-0.14991],[99.98398,-0.15104],[99.98213,-0.15029],[99.9821,-0.13935],[99.99384,-0.12847],[99.99676,-0.12473],[100.00138,-0.11525],[100.00477,-0.11702],[100.0071,-0.11986],[100.01021,-0.11932],[100.01095,-0.11448],[100.01355,-0.11303],[100.01526,-0.10836],[100.0149,-0.10097],[100.01629,-0.09859],[100.01787,-0.09868],[100.01936,-0.0966],[100.02555,-0.09265],[100.03232,-0.09079],[100.03279,-0.08808],[100.0363,-0.08422],[100.04066,-0.08272],[100.04439,-0.08345],[100.04864,-0.08179],[100.05604,-0.08152],[100.05878,-0.08277],[100.06041,-0.08568],[100.06234,-0.08628],[100.07359,-0.08381],[100.07659,-0.08456],[100.07886,-0.08345],[100.07952,-0.08061],[100.08414,-0.08105],[100.09194,-0.07695],[100.09409,-0.07985],[100.09717,-0.08056],[100.1012,-0.07987],[100.10346,-0.07668],[100.10271,-0.07406],[100.10406,-0.07369],[100.11122,-0.07795],[100.11575,-0.08559],[100.12263,-0.08787],[100.1225,-0.09379],[100.12632,-0.09566],[100.13026,-0.09504],[100.13563,-0.09621],[100.13642,-0.09836],[100.14082,-0.10286],[100.14411,-0.10186],[100.15145,-0.10293],[100.15534,-0.1065],[100.16124,-0.10766],[100.16462,-0.10206],[100.17482,-0.09305],[100.18169,-0.09356],[100.18843,-0.09259],[100.19985,-0.10523],[100.20212,-0.10691],[100.20327,-0.10664],[100.20796,-0.09674],[100.20922,-0.08501],[100.21301,-0.0744],[100.22146,-0.06853],[100.22373,-0.06802],[100.22609,-0.06776],[100.23348,-0.07941],[100.23652,-0.08055],[100.2451,-0.07865],[100.24771,-0.07752],[100.24896,-0.0756],[100.25939,-0.0818],[100.26222,-0.07984],[100.2667,-0.07944],[100.27376,-0.08457],[100.27997,-0.08701],[100.28508,-0.08422],[100.28654,-0.0816],[100.28189,-0.07482],[100.27591,-0.06924],[100.27312,-0.06139],[100.26713,-0.0542],[100.26562,-0.04665],[100.26221,-0.04234],[100.26292,-0.03904],[100.2658,-0.03728],[100.27128,-0.03676],[100.27403,-0.03446],[100.27561,-0.03654],[100.27907,-0.03722],[100.28303,-0.03595],[100.29073,-0.03558],[100.30064,-0.04206],[100.30581,-0.04156],[100.3067,-0.04039],[100.31045,-0.03917],[100.31599,-0.04103],[100.32214,-0.0451],[100.32428,-0.04793],[100.32678,-0.05448],[100.33067,-0.06887],[100.33126,-0.07173],[100.32957,-0.07763],[100.33013,-0.08117],[100.33483,-0.08649],[100.33895,-0.08688],[100.34317,-0.09323],[100.34595,-0.0941],[100.34907,-0.09257],[100.35338,-0.09407],[100.35897,-0.09825],[100.36121,-0.10248],[100.36142,-0.10783],[100.36878,-0.11059],[100.37227,-0.11495],[100.37411,-0.11562],[100.37647,-0.1315],[100.37842,-0.13742],[100.37759,-0.13997],[100.37942,-0.1484],[100.39244,-0.15575],[100.3971,-0.16001],[100.40187,-0.16157],[100.40464,-0.16091],[100.40673,-0.16421],[100.41008,-0.17443],[100.4133,-0.17718],[100.42784,-0.18228],[100.43433,-0.18232],[100.43733,-0.18461],[100.44098,-0.1908],[100.44248,-0.19156],[100.44649,-0.20384],[100.45656,-0.21417],[100.45624,-0.21913],[100.45875,-0.22302],[100.46106,-0.22312],[100.46491,-0.2262],[100.4719,-0.228],[100.47307,-0.22748],[100.47232,-0.22562],[100.47383,-0.22423],[100.4769,-0.22321],[100.48163,-0.22371],[100.48468,-0.22565],[100.48911,-0.23122],[100.50371,-0.23767],[100.50678,-0.24139],[100.51203,-0.24541],[100.51839,-0.24913],[100.52824,-0.24864],[100.53248,-0.25237],[100.54167,-0.25713],[100.54414,-0.26135],[100.54321,-0.26482],[100.54479,-0.27368],[100.54503,-0.28469],[100.53612,-0.27869],[100.53304,-0.27843],[100.52983,-0.28186],[100.52696,-0.28888],[100.52139,-0.2931],[100.51118,-0.29539],[100.50619,-0.31234],[100.50382,-0.32425],[100.49277,-0.34326],[100.48618,-0.34921],[100.4792,-0.36754],[100.47962,-0.37351],[100.4764,-0.37897],[100.47186,-0.37994],[100.4712,-0.38733],[100.46768,-0.38904],[100.45798,-0.38926],[100.44144,-0.38708],[100.42448,-0.38724],[100.4155,-0.39066],[100.40948,-0.39065],[100.40401,-0.38951],[100.399,-0.3857],[100.39638,-0.38507],[100.3818,-0.38653],[100.3723,-0.38985],[100.35893,-0.38948],[100.34919,-0.3909],[100.33938,-0.3911],[100.33556,-0.39224],[100.33391,-0.39467],[100.3304,-0.3958],[100.32963,-0.39576]],[[100.33818,-0.27408],[100.33802,-0.27574],[100.33319,-0.27874],[100.33529,-0.28299],[100.34165,-0.29134],[100.34305,-0.29624],[100.35299,-0.30181],[100.3647,-0.31109],[100.3662,-0.31672],[100.37117,-0.32209],[100.37523,-0.3215],[100.37945,-0.32215],[100.38584,-0.3249],[100.39062,-0.32525],[100.39367,-0.32177],[100.39713,-0.32108],[100.40127,-0.32161],[100.4063,-0.31914],[100.40341,-0.31333],[100.39778,-0.30684],[100.39758,-0.2955],[100.39093,-0.28778],[100.39119,-0.28663],[100.38794,-0.28379],[100.38492,-0.28338],[100.37406,-0.28567],[100.3691,-0.28207],[100.35738,-0.28457],[100.34994,-0.27811],[100.33621,-0.27148],[100.33818,-0.27408]]],[[[99.90156,-0.41215],[99.90213,-0.4106],[99.90319,-0.41124],[99.90319,-0.41252],[99.90174,-0.41246],[99.90156,-0.41215]]],[[[99.89865,-0.42307],[99.89998,-0.42183],[99.90131,-0.42222],[99.90113,-0.42362],[99.89898,-0.4237],[99.89865,-0.42307]]]]}},{"type":"Feature","properties":{"id_kab":"1301","KDPKAB":"1301","kodekab_kemendagri":"1302","nmkab":"Pesisir Selatan","provinsi":"Sumatera Barat","status_crs":"Tinggi","indeks_crs":0.5153,"norm_crs":0.3088,"indeks_hazard":0.3958,"status_hazard":"Tinggi","indeks_exposure":0.9852,"status_exposure":"Sangat Tinggi","indeks_kerentanan":0.3166,"status_vulnerability":"Sedang","skor_banjir":19.8782,"skor_longsor":26.6666},"geometry":{"type":"MultiPolygon","coordinates":[[[[100.53352,-1.30997],[100.52597,-1.31102],[100.51921,-1.3108],[100.5032,-1.30512],[100.49089,-1.29918],[100.48512,-1.29182],[100.46735,-1.27633],[100.45745,-1.26184],[100.45192,-1.25822],[100.44627,-1.25872],[100.44182,-1.26258],[100.44071,-1.26494],[100.44112,-1.26618],[100.43912,-1.26945],[100.4296,-1.27234],[100.423,-1.27684],[100.42099,-1.27419],[100.42088,-1.27171],[100.41795,-1.26831],[100.41629,-1.26861],[100.41352,-1.2711],[100.40079,-1.27089],[100.40213,-1.26409],[100.40601,-1.25692],[100.40586,-1.25418],[100.40429,-1.25086],[100.40415,-1.24141],[100.40469,-1.23947],[100.40738,-1.23719],[100.4112,-1.23572],[100.41324,-1.23805],[100.41698,-1.23831],[100.42388,-1.25537],[100.42729,-1.25692],[100.43025,-1.2566],[100.43271,-1.25484],[100.43124,-1.25021],[100.43287,-1.24614],[100.43508,-1.24648],[100.4354,-1.24474],[100.43453,-1.24342],[100.43151,-1.24241],[100.43055,-1.23965],[100.43567,-1.2337],[100.43587,-1.23129],[100.43488,-1.23009],[100.43094,-1.23022],[100.42659,-1.22898],[100.42426,-1.22669],[100.42159,-1.22622],[100.42131,-1.22528],[100.42385,-1.22293],[100.42757,-1.22468],[100.42902,-1.223],[100.42666,-1.20928],[100.43183,-1.2009],[100.42757,-1.19667],[100.42251,-1.19598],[100.41695,-1.19991],[100.40459,-1.19504],[100.40127,-1.19294],[100.39839,-1.18796],[100.40174,-1.1867],[100.40194,-1.1838],[100.40071,-1.18179],[100.39572,-1.17906],[100.39088,-1.18029],[100.38812,-1.18226],[100.38272,-1.17819],[100.38134,-1.1757],[100.38314,-1.17399],[100.38328,-1.17192],[100.37998,-1.16323],[100.38476,-1.15483],[100.38252,-1.14758],[100.38062,-1.14583],[100.3788,-1.14573],[100.37417,-1.1488],[100.36956,-1.15388],[100.36409,-1.15588],[100.35799,-1.15992],[100.35722,-1.15933],[100.36148,-1.15507],[100.36279,-1.14501],[100.37553,-1.13644],[100.39348,-1.13089],[100.40839,-1.11577],[100.41272,-1.11238],[100.42074,-1.10852],[100.42073,-1.09986],[100.416,-1.09616],[100.41494,-1.09425],[100.41752,-1.08888],[100.42206,-1.08364],[100.42857,-1.07272],[100.43031,-1.06856],[100.42818,-1.06608],[100.42989,-1.05906],[100.43929,-1.05287],[100.44707,-1.04235],[100.46508,-1.02704],[100.46618,-1.02139],[100.47147,-1.01534],[100.47906,-1.00342],[100.48395,-1.00151],[100.4927,-1.0044],[100.49949,-1.0],[100.50661,-0.99809],[100.51982,-0.99081],[100.52377,-0.98615],[100.52893,-0.97699],[100.53229,-0.96667],[100.5363,-0.95775],[100.5371,-0.95754],[100.53857,-0.95897],[100.54053,-0.96631],[100.54555,-0.97008],[100.55305,-0.98744],[100.55007,-0.99299],[100.55243,-0.99996],[100.55205,-1.00679],[100.55571,-1.02606],[100.56767,-1.0307],[100.57059,-1.04232],[100.57047,-1.04859],[100.57426,-1.05436],[100.57946,-1.05972],[100.57992,-1.06134],[100.57842,-1.06586],[100.58086,-1.07069],[100.58777,-1.07515],[100.59857,-1.071],[100.60414,-1.07012],[100.61079,-1.0656],[100.61551,-1.06535],[100.62236,-1.06089],[100.62349,-1.06989],[100.62062,-1.07487],[100.62417,-1.08078],[100.62192,-1.0917],[100.62368,-1.10161],[100.62698,-1.10432],[100.6341,-1.10736],[100.63925,-1.11452],[100.64409,-1.1168],[100.65534,-1.11665],[100.66182,-1.11332],[100.66486,-1.11356],[100.66908,-1.11211],[100.67218,-1.11041],[100.67394,-1.1069],[100.67625,-1.10587],[100.6775,-1.1072],[100.68062,-1.10771],[100.68775,-1.10396],[100.69564,-1.10272],[100.70964,-1.09316],[100.7169,-1.09451],[100.71908,-1.09271],[100.72682,-1.09461],[100.72848,-1.10073],[100.73591,-1.10329],[100.7391,-1.10603],[100.73944,-1.11036],[100.74355,-1.11667],[100.75158,-1.12375],[100.75147,-1.12669],[100.74802,-1.13233],[100.74788,-1.13799],[100.75254,-1.1501],[100.75146,-1.15638],[100.75366,-1.16233],[100.75724,-1.16418],[100.75962,-1.16376],[100.76175,-1.15986],[100.76461,-1.15851],[100.77385,-1.16028],[100.77753,-1.1627],[100.77713,-1.17018],[100.77807,-1.17175],[100.78479,-1.18155],[100.78945,-1.18466],[100.7907,-1.18426],[100.79475,-1.19126],[100.79739,-1.19868],[100.80004,-1.19978],[100.80199,-1.20609],[100.79919,-1.20925],[100.79794,-1.21253],[100.79755,-1.22263],[100.80203,-1.22505],[100.80642,-1.23262],[100.80573,-1.23716],[100.80989,-1.24493],[100.80671,-1.24984],[100.80272,-1.25232],[100.80079,-1.25492],[100.79999,-1.26753],[100.79807,-1.27367],[100.80004,-1.27767],[100.81201,-1.27657],[100.81587,-1.28056],[100.82435,-1.28466],[100.82704,-1.29358],[100.83449,-1.30535],[100.8368,-1.3056],[100.8482,-1.30264],[100.85467,-1.29703],[100.85947,-1.29875],[100.86579,-1.30847],[100.8662,-1.31247],[100.86971,-1.31345],[100.87195,-1.3121],[100.8744,-1.31604],[100.87492,-1.31901],[100.88042,-1.32516],[100.88455,-1.32858],[100.89322,-1.3284],[100.89588,-1.32985],[100.89669,-1.3313],[100.89605,-1.3338],[100.8923,-1.33828],[100.89195,-1.34142],[100.89462,-1.3463],[100.90562,-1.35959],[100.90584,-1.3629],[100.91043,-1.37354],[100.91049,-1.37645],[100.90939,-1.37831],[100.90616,-1.37947],[100.89787,-1.38011],[100.89371,-1.38569],[100.89383,-1.38772],[100.89522,-1.39016],[100.8999,-1.39382],[100.91766,-1.40407],[100.92104,-1.40716],[100.93488,-1.4158],[100.9417,-1.42289],[100.94257,-1.4276],[100.94196,-1.43107],[100.93746,-1.4377],[100.93839,-1.44381],[100.93995,-1.44619],[100.93961,-1.44851],[100.93423,-1.46007],[100.93441,-1.46275],[100.9351,-1.46408],[100.94285,-1.46774],[100.95775,-1.4805],[100.96497,-1.48073],[100.97249,-1.48241],[100.97752,-1.4867],[100.97596,-1.49397],[100.97967,-1.50449],[100.98062,-1.51825],[100.98311,-1.5254],[100.98641,-1.52865],[100.99121,-1.5308],[100.99847,-1.54431],[101.00194,-1.54861],[101.00564,-1.55099],[101.00836,-1.55504],[101.02017,-1.5655],[101.01931,-1.5727],[101.01556,-1.58061],[101.01407,-1.58885],[101.01466,-1.59885],[101.01733,-1.60588],[101.02863,-1.61539],[101.03759,-1.61945],[101.04667,-1.6263],[101.06272,-1.63469],[101.06301,-1.63621],[101.0614,-1.63888],[101.06117,-1.64516],[101.06436,-1.65562],[101.0678,-1.6592],[101.07844,-1.66198],[101.09515,-1.67074],[101.10497,-1.66985],[101.10792,-1.67072],[101.12058,-1.67598],[101.13163,-1.68521],[101.13164,-1.73978],[101.13385,-1.75541],[101.13276,-1.75882],[101.12877,-1.76266],[101.12863,-1.76394],[101.13613,-1.77614],[101.14047,-1.7795],[101.14245,-1.78629],[101.14205,-1.79518],[101.15183,-1.80133],[101.15333,-1.80377],[101.15601,-1.8134],[101.15753,-1.82933],[101.15875,-1.83206],[101.17152,-1.85167],[101.17597,-1.85516],[101.17864,-1.86108],[101.17683,-1.86549],[101.16593,-1.87945],[101.16361,-1.89437],[101.15195,-1.9031],[101.14703,-1.90416],[101.14183,-1.90242],[101.14183,-1.90486],[101.14453,-1.91138],[101.14232,-1.92414],[101.14278,-1.92588],[101.14533,-1.92843],[101.15837,-1.9363],[101.1637,-1.94141],[101.18253,-1.95991],[101.19249,-1.97332],[101.20274,-1.97747],[101.2061,-1.98113],[101.20814,-1.99676],[101.20678,-2.0093],[101.23438,-2.05397],[101.23712,-2.06212],[101.23928,-2.07394],[101.23968,-2.07783],[101.23802,-2.08536],[101.2399,-2.09688],[101.24367,-2.09867],[101.25615,-2.10835],[101.25963,-2.11313],[101.26592,-2.12607],[101.26965,-2.1418],[101.28211,-2.24488],[101.28096,-2.26042],[101.28522,-2.27856],[101.28328,-2.28489],[101.26558,-2.30232],[101.25821,-2.31136],[101.2541,-2.31396],[101.24548,-2.31625],[101.23766,-2.32001],[101.2364,-2.32192],[101.23622,-2.32475],[101.23753,-2.33527],[101.23699,-2.34236],[101.23313,-2.34228],[101.22789,-2.34498],[101.21648,-2.35365],[101.20796,-2.3586],[101.19992,-2.36664],[101.19062,-2.36811],[101.18404,-2.3755],[101.17625,-2.37611],[101.16798,-2.38302],[101.1596,-2.38255],[101.15007,-2.3873],[101.14676,-2.38783],[101.14089,-2.39476],[101.13387,-2.40015],[101.02281,-2.47844],[101.00962,-2.45424],[100.98951,-2.4279],[100.93555,-2.37391],[100.9129,-2.34858],[100.8918,-2.32812],[100.88866,-2.32155],[100.88837,-2.31146],[100.8845,-2.30231],[100.88197,-2.29042],[100.87927,-2.28259],[100.87783,-2.27295],[100.8793,-2.27063],[100.87811,-2.25691],[100.87451,-2.24409],[100.87186,-2.23947],[100.8623,-2.22944],[100.8474,-2.21107],[100.82404,-2.1764],[100.82152,-2.16955],[100.82038,-2.16099],[100.82052,-2.15128],[100.82246,-2.14372],[100.82855,-2.13572],[100.83226,-2.13236],[100.84256,-2.12553],[100.85085,-2.11439],[100.8558,-2.10534],[100.86463,-2.09845],[100.86784,-2.09394],[100.87372,-2.07698],[100.87937,-2.05169],[100.88011,-2.04098],[100.87815,-2.02265],[100.8714,-1.99481],[100.86822,-1.98531],[100.86821,-1.98266],[100.86963,-1.98223],[100.87009,-1.98088],[100.86942,-1.97392],[100.87103,-1.96068],[100.87024,-1.9572],[100.86811,-1.95448],[100.86784,-1.94137],[100.86359,-1.92559],[100.85577,-1.90789],[100.83722,-1.87634],[100.8246,-1.85912],[100.81174,-1.8446],[100.78667,-1.82005],[100.7699,-1.79198],[100.7541,-1.76085],[100.72745,-1.72405],[100.70489,-1.69686],[100.69864,-1.68305],[100.6865,-1.66182],[100.67235,-1.6458],[100.65743,-1.63209],[100.64496,-1.62212],[100.64332,-1.61625],[100.63794,-1.60753],[100.64086,-1.60029],[100.64113,-1.59637],[100.63969,-1.59078],[100.63579,-1.58404],[100.637,-1.5669],[100.63616,-1.56043],[100.63258,-1.55166],[100.62397,-1.53737],[100.61969,-1.52651],[100.61991,-1.52172],[100.62149,-1.51683],[100.62092,-1.51276],[100.62338,-1.51082],[100.62326,-1.50129],[100.61702,-1.49438],[100.5978,-1.48889],[100.5906,-1.47586],[100.57337,-1.45659],[100.56142,-1.44099],[100.56186,-1.43923],[100.56368,-1.43808],[100.56766,-1.4394],[100.56977,-1.43834],[100.57229,-1.43592],[100.57352,-1.43235],[100.5838,-1.42286],[100.58404,-1.42071],[100.58149,-1.41573],[100.5736,-1.4174],[100.57071,-1.41278],[100.56891,-1.41182],[100.56114,-1.41335],[100.55958,-1.41144],[100.55848,-1.40729],[100.56529,-1.39767],[100.5736,-1.39424],[100.57673,-1.39394],[100.58348,-1.39467],[100.59041,-1.39695],[100.59238,-1.39583],[100.59245,-1.39278],[100.59099,-1.39128],[100.58772,-1.39018],[100.58632,-1.38178],[100.58332,-1.38037],[100.57985,-1.38157],[100.58008,-1.37351],[100.5784,-1.36962],[100.57522,-1.3693],[100.56337,-1.37514],[100.56106,-1.37241],[100.56263,-1.36561],[100.56438,-1.36448],[100.56673,-1.36451],[100.56739,-1.36593],[100.57081,-1.36557],[100.57434,-1.35867],[100.57382,-1.35423],[100.57104,-1.35009],[100.56906,-1.34965],[100.56669,-1.3524],[100.56461,-1.35238],[100.56354,-1.34522],[100.56659,-1.34373],[100.56903,-1.33825],[100.56232,-1.32933],[100.54824,-1.31356],[100.54214,-1.31012],[100.53532,-1.30974],[100.53352,-1.30997]]],[[[100.63768,-1.91087],[100.63755,-1.90805],[100.63937,-1.90767],[100.64029,-1.91104],[100.63945,-1.91176],[100.63794,-1.91111],[100.63768,-1.91087]]],[[[100.56999,-1.88966],[100.56951,-1.88799],[100.57124,-1.88768],[100.57123,-1.88917],[100.57016,-1.88977],[100.56999,-1.88966]]],[[[100.56334,-1.35417],[100.56462,-1.35325],[100.56346,-1.35445],[100.56334,-1.35417]]],[[[100.55748,-1.35622],[100.55929,-1.35274],[100.5605,-1.3528],[100.55973,-1.35449],[100.55748,-1.35622]]],[[[100.55516,-1.40765],[100.55685,-1.40709],[100.55512,-1.40775],[100.55516,-1.40765]]],[[[100.55317,-1.60524],[100.55343,-1.60426],[100.5548,-1.60434],[100.55433,-1.6059],[100.55329,-1.60544],[100.55317,-1.60524]]],[[[100.51902,-1.34625],[100.51971,-1.34498],[100.52028,-1.34532],[100.51999,-1.34639],[100.51903,-1.34629],[100.51902,-1.34625]]],[[[100.51859,-1.34242],[100.51987,-1.34199],[100.51864,-1.34247],[100.51859,-1.34242]]],[[[100.50665,-1.66334],[100.50691,-1.66104],[100.50897,-1.66132],[100.5092,-1.66365],[100.50688,-1.66363],[100.50665,-1.66334]]],[[[100.49045,-1.40914],[100.49112,-1.40582],[100.49283,-1.40564],[100.49307,-1.41181],[100.4917,-1.41175],[100.49045,-1.40914]]],[[[100.48783,-1.3973],[100.48798,-1.39169],[100.48683,-1.38958],[100.48336,-1.38804],[100.483,-1.38688],[100.48641,-1.38589],[100.49117,-1.38998],[100.49221,-1.3933],[100.49176,-1.39795],[100.48816,-1.39791],[100.48783,-1.3973]]],[[[100.48553,-1.30256],[100.48605,-1.3019],[100.48558,-1.30256],[100.48553,-1.30256]]],[[[100.47172,-1.32435],[100.47175,-1.32178],[100.47384,-1.31859],[100.47587,-1.31877],[100.47734,-1.32102],[100.47419,-1.33028],[100.47268,-1.32947],[100.47193,-1.32695],[100.47172,-1.32435]]],[[[100.47153,-1.32968],[100.47195,-1.32893],[100.47157,-1.32971],[100.47153,-1.32968]]],[[[100.43678,-1.50145],[100.43637,-1.49859],[100.43912,-1.4986],[100.44016,-1.50236],[100.43855,-1.503],[100.4371,-1.50203],[100.43678,-1.50145]]],[[[100.43488,-1.31664],[100.43459,-1.31555],[100.43617,-1.31425],[100.43655,-1.31579],[100.43595,-1.31687],[100.43503,-1.31673],[100.43488,-1.31664]]],[[[100.41565,-1.21666],[100.41518,-1.21531],[100.41765,-1.21481],[100.41726,-1.21611],[100.41592,-1.21663],[100.41565,-1.21666]]],[[[100.41672,-1.21845],[100.41694,-1.21782],[100.41696,-1.21781],[100.417,-1.21781],[100.41702,-1.21781],[100.41707,-1.21784],[100.41709,-1.21787],[100.41712,-1.21792],[100.41712,-1.21795],[100.41712,-1.21797],[100.41712,-1.21807],[100.41712,-1.21816],[100.41703,-1.21863],[100.41699,-1.2187],[100.4169,-1.21874],[100.41673,-1.21873],[100.41668,-1.21866],[100.41669,-1.21856],[100.41672,-1.21845]]],[[[100.40674,-1.23081],[100.40597,-1.22851],[100.40805,-1.22782],[100.40818,-1.2302],[100.40688,-1.23111],[100.40674,-1.23081]]],[[[100.40199,-1.22475],[100.40336,-1.22479],[100.40288,-1.22612],[100.40197,-1.22502],[100.40199,-1.22475]]],[[[100.38772,-1.20497],[100.38454,-1.2067],[100.38439,-1.20776],[100.38577,-1.20938],[100.38957,-1.20931],[100.39474,-1.20461],[100.39464,-1.20337],[100.39212,-1.20282],[100.3941,-1.20044],[100.39806,-1.20147],[100.4004,-1.20875],[100.39944,-1.21264],[100.40136,-1.22067],[100.39709,-1.22855],[100.39198,-1.22451],[100.38593,-1.2225],[100.38353,-1.22298],[100.38234,-1.22479],[100.37967,-1.2261],[100.37704,-1.22232],[100.3762,-1.21884],[100.37674,-1.21179],[100.38054,-1.20616],[100.38198,-1.20118],[100.38145,-1.1948],[100.38052,-1.19314],[100.38095,-1.1907],[100.38427,-1.18791],[100.3924,-1.18809],[100.3897,-1.19402],[100.39002,-1.19771],[100.38782,-1.20471],[100.38772,-1.20497]]],[[[100.39463,-1.19838],[100.39334,-1.19751],[100.39441,-1.19639],[100.39492,-1.19834],[100.39463,-1.19838]]],[[[100.34941,-1.17003],[100.35568,-1.16147],[100.35539,-1.16409],[100.3571,-1.16822],[100.35423,-1.17135],[100.34879,-1.17127],[100.34941,-1.17003]]],[[[100.3464,-1.16326],[100.34571,-1.16238],[100.34675,-1.15983],[100.34919,-1.15638],[100.3508,-1.15667],[100.35174,-1.15847],[100.34661,-1.16332],[100.3464,-1.16326]]],[[[100.34029,-1.18867],[100.33867,-1.18908],[100.33784,-1.19149],[100.33928,-1.19672],[100.33913,-1.21195],[100.33769,-1.21171],[100.33353,-1.20677],[100.32775,-1.20582],[100.32942,-1.19714],[100.3322,-1.19427],[100.3341,-1.18973],[100.33902,-1.18784],[100.34036,-1.18856],[100.34029,-1.18867]]],[[[100.33917,-1.21358],[100.33947,-1.213],[100.3398,-1.21397],[100.33918,-1.21377],[100.33917,-1.21358]]],[[[100.33775,-1.16936],[100.33797,-1.17002],[100.33768,-1.16937],[100.33775,-1.16936]]],[[[100.33355,-1.18919],[100.3343,-1.18925],[100.33356,-1.18929],[100.33355,-1.18919]]],[[[100.32852,-1.19827],[100.3284,-1.19827],[100.32838,-1.19822],[100.32851,-1.19796],[100.32877,-1.19795],[100.3288,-1.19796],[100.32886,-1.19801],[100.32891,-1.19808],[100.3288,-1.19818],[100.32871,-1.19823],[100.32867,-1.19825],[100.32852,-1.19827]]],[[[100.32814,-1.20636],[100.32816,-1.20624],[100.32825,-1.20618],[100.32835,-1.20618],[100.32841,-1.20621],[100.32869,-1.20641],[100.32879,-1.2065],[100.32881,-1.20659],[100.3288,-1.20666],[100.32873,-1.20671],[100.32862,-1.20674],[100.32853,-1.20671],[100.32836,-1.20662],[100.32819,-1.2065],[100.32814,-1.20636]]],[[[100.29605,-1.26727],[100.29557,-1.266],[100.29648,-1.26456],[100.29841,-1.26462],[100.29921,-1.26737],[100.29624,-1.26745],[100.29605,-1.26727]]]]}},{"type":"Feature","properties":{"id_kab":"1309","KDPKAB":"1309","kodekab_kemendagri":"1301","nmkab":"Kepulauan Mentawai","provinsi":"Sumatera Barat","status_crs":"Tinggi","indeks_crs":0.5304,"norm_crs":0.3179,"indeks_hazard":0.4271,"status_hazard":"Tinggi","indeks_exposure":0.3621,"status_exposure":"Sedang","indeks_kerentanan":0.8796,"status_vulnerability":"Sangat Tinggi","skor_banjir":24.6055,"skor_longsor":22.7602},"geometry":{"type":"MultiPolygon","coordinates":[[[[101.03499,-4.01702],[101.03358,-4.0144],[101.0341,-4.01131],[101.0408,-4.00178],[101.04952,-3.99327],[101.05325,-3.99413],[101.05518,-3.99773],[101.05268,-4.00558],[101.04218,-4.01259],[101.03867,-4.01609],[101.03513,-4.01711],[101.03499,-4.01702]]],[[[100.68066,-3.45637],[100.68001,-3.45425],[100.68155,-3.45377],[100.68304,-3.45654],[100.68095,-3.45649],[100.68066,-3.45637]]],[[[100.67614,-3.48118],[100.6777,-3.48118],[100.67867,-3.48506],[100.67731,-3.48908],[100.6705,-3.49253],[100.66567,-3.49261],[100.65978,-3.48908],[100.64968,-3.48838],[100.63876,-3.48489],[100.63708,-3.4837],[100.63646,-3.48176],[100.63797,-3.47053],[100.63933,-3.46745],[100.64067,-3.46927],[100.64676,-3.47246],[100.66062,-3.47512],[100.66837,-3.48235],[100.67422,-3.48179],[100.67614,-3.48118]]],[[[100.56499,-3.27192],[100.56586,-3.26022],[100.56675,-3.25806],[100.56928,-3.25758],[100.57178,-3.2626],[100.57153,-3.27399],[100.5689,-3.27589],[100.56658,-3.27531],[100.5654,-3.27362],[100.56499,-3.27192]]],[[[100.533,-3.19722],[100.53388,-3.1972],[100.53411,-3.19847],[100.53277,-3.19747],[100.533,-3.19722]]],[[[100.50039,-3.14618],[100.5018,-3.14841],[100.50372,-3.15974],[100.50332,-3.16237],[100.50134,-3.16457],[100.50426,-3.16834],[100.50961,-3.16906],[100.51038,-3.1712],[100.50845,-3.17841],[100.50889,-3.18044],[100.51966,-3.1857],[100.52118,-3.19141],[100.52557,-3.19485],[100.53058,-3.19549],[100.53315,-3.19861],[100.53299,-3.20021],[100.52974,-3.20129],[100.52717,-3.2007],[100.52099,-3.19654],[100.51642,-3.19651],[100.51309,-3.19813],[100.50972,-3.2026],[100.50431,-3.19925],[100.49817,-3.18999],[100.4944,-3.18663],[100.49223,-3.18252],[100.49117,-3.17681],[100.48876,-3.17416],[100.48498,-3.17234],[100.48572,-3.16978],[100.48785,-3.16748],[100.48776,-3.16331],[100.48561,-3.15803],[100.4871,-3.14886],[100.48874,-3.1447],[100.49112,-3.14223],[100.49519,-3.14241],[100.49723,-3.14351],[100.50039,-3.14618]]],[[[100.53127,-3.19415],[100.5316,-3.19534],[100.53108,-3.19416],[100.53127,-3.19415]]],[[[100.53082,-3.20326],[100.52622,-3.20298],[100.52648,-3.20153],[100.53011,-3.2022],[100.53087,-3.20313],[100.53082,-3.20326]]],[[[100.51845,-3.24183],[100.52077,-3.2354],[100.52241,-3.2346],[100.52392,-3.23617],[100.52515,-3.24229],[100.52455,-3.2457],[100.52293,-3.24792],[100.52068,-3.24798],[100.51885,-3.24572],[100.51845,-3.24183]]],[[[100.51155,-3.20754],[100.51237,-3.20764],[100.51154,-3.20765],[100.51155,-3.20754]]],[[[100.49983,-3.20324],[100.50101,-3.20073],[100.50199,-3.19981],[100.50226,-3.20068],[100.5008,-3.20354],[100.50129,-3.20714],[100.49982,-3.20337],[100.49983,-3.20324]]],[[[100.49877,-3.1966],[100.49884,-3.19656],[100.49893,-3.19656],[100.49907,-3.19661],[100.49912,-3.19663],[100.49913,-3.19667],[100.49911,-3.19695],[100.4991,-3.19705],[100.49908,-3.19712],[100.49905,-3.19716],[100.49892,-3.19719],[100.49884,-3.19719],[100.49876,-3.19714],[100.49872,-3.19706],[100.49872,-3.19674],[100.49872,-3.19667],[100.49877,-3.1966]]],[[[100.49864,-3.1965],[100.4977,-3.1963],[100.49867,-3.19643],[100.49864,-3.1965]]],[[[100.49608,-3.19871],[100.49501,-3.19929],[100.49472,-3.19791],[100.49613,-3.19866],[100.49608,-3.19871]]],[[[100.48722,-3.18344],[100.48817,-3.18286],[100.49048,-3.18445],[100.48756,-3.18351],[100.48722,-3.18344]]],[[[100.47769,-3.21715],[100.4758,-3.21348],[100.47676,-3.21009],[100.47802,-3.20925],[100.48148,-3.211],[100.48657,-3.21644],[100.48887,-3.22784],[100.48664,-3.22855],[100.48443,-3.22598],[100.47769,-3.21715]]],[[[100.48652,-3.22975],[100.48716,-3.23007],[100.48602,-3.2302],[100.48652,-3.22975]]],[[[100.48612,-3.19463],[100.48434,-3.19452],[100.48355,-3.1921],[100.48503,-3.19109],[100.48628,-3.19142],[100.48623,-3.19437],[100.48612,-3.19463]]],[[[100.48511,-3.2279],[100.485,-3.22791],[100.48488,-3.22791],[100.48475,-3.2279],[100.48463,-3.22787],[100.48459,-3.22783],[100.48455,-3.22775],[100.48454,-3.22761],[100.48454,-3.22753],[100.48455,-3.22748],[100.48464,-3.22743],[100.48474,-3.22742],[100.48518,-3.22742],[100.48526,-3.22743],[100.4853,-3.22749],[100.48531,-3.22771],[100.48528,-3.2278],[100.48521,-3.22787],[100.48511,-3.2279]]],[[[100.27005,-2.84449],[100.27632,-2.84214],[100.27668,-2.84408],[100.27528,-2.84783],[100.2766,-2.84852],[100.27795,-2.84811],[100.27977,-2.8455],[100.2851,-2.84476],[100.28679,-2.84727],[100.28644,-2.84924],[100.2833,-2.85125],[100.28435,-2.8535],[100.28697,-2.85477],[100.29049,-2.85473],[100.29074,-2.85322],[100.29206,-2.85233],[100.29588,-2.85286],[100.31028,-2.87332],[100.32252,-2.88028],[100.328,-2.88179],[100.33217,-2.88436],[100.33595,-2.88702],[100.33912,-2.89239],[100.34128,-2.8942],[100.34561,-2.89501],[100.35451,-2.9023],[100.35582,-2.90768],[100.35817,-2.91223],[100.36789,-2.92098],[100.36969,-2.92568],[100.37484,-2.9302],[100.37875,-2.93183],[100.38112,-2.93495],[100.38142,-2.93852],[100.38616,-2.94647],[100.39014,-2.94747],[100.39285,-2.95693],[100.4038,-2.96694],[100.41444,-2.96955],[100.41911,-2.97309],[100.42021,-2.975],[100.4185,-2.97544],[100.41702,-2.97785],[100.41753,-2.98067],[100.42757,-2.98962],[100.42984,-2.99558],[100.42955,-2.99777],[100.42787,-2.99846],[100.42896,-3.00178],[100.44184,-3.00931],[100.44964,-3.00904],[100.45516,-3.01153],[100.46155,-3.02089],[100.46261,-3.02604],[100.46536,-3.02594],[100.46478,-3.02406],[100.46654,-3.02024],[100.4697,-3.02071],[100.46926,-3.02385],[100.46408,-3.0336],[100.46432,-3.03493],[100.46286,-3.03571],[100.46052,-3.03555],[100.45963,-3.03425],[100.45901,-3.03029],[100.46018,-3.028],[100.4597,-3.02376],[100.45416,-3.01692],[100.45382,-3.01965],[100.45883,-3.02884],[100.45421,-3.02968],[100.45158,-3.02603],[100.45076,-3.02232],[100.45184,-3.02209],[100.45045,-3.01993],[100.44716,-3.02358],[100.44879,-3.02898],[100.45333,-3.03612],[100.45144,-3.04452],[100.45228,-3.04568],[100.4542,-3.04579],[100.45961,-3.05227],[100.46199,-3.05279],[100.46345,-3.05071],[100.4647,-3.04202],[100.46577,-3.04093],[100.46815,-3.04246],[100.46947,-3.04475],[100.46751,-3.05606],[100.46813,-3.06164],[100.46986,-3.06492],[100.46938,-3.06861],[100.46339,-3.07538],[100.46294,-3.08956],[100.46033,-3.101],[100.46027,-3.10248],[100.46275,-3.10428],[100.46314,-3.10786],[100.46213,-3.10917],[100.45774,-3.10894],[100.45743,-3.11275],[100.45885,-3.12156],[100.46039,-3.1237],[100.46722,-3.12388],[100.47185,-3.12678],[100.47336,-3.12884],[100.47274,-3.14091],[100.47132,-3.145],[100.46586,-3.14732],[100.45605,-3.14809],[100.44994,-3.14638],[100.44737,-3.14797],[100.44418,-3.15233],[100.44063,-3.15212],[100.43443,-3.14991],[100.43088,-3.14767],[100.42894,-3.1439],[100.42758,-3.14339],[100.42659,-3.15361],[100.4246,-3.15674],[100.42283,-3.15685],[100.41898,-3.15336],[100.41248,-3.15679],[100.40769,-3.15432],[100.40134,-3.15679],[100.39324,-3.15157],[100.38931,-3.15459],[100.38861,-3.15652],[100.39252,-3.16106],[100.39188,-3.16188],[100.38542,-3.15959],[100.37831,-3.16523],[100.36689,-3.164],[100.36677,-3.16716],[100.36544,-3.16855],[100.36021,-3.16453],[100.36209,-3.16789],[100.36561,-3.17116],[100.36825,-3.17165],[100.37158,-3.17021],[100.37671,-3.17033],[100.38633,-3.17446],[100.39382,-3.1737],[100.39974,-3.17745],[100.40495,-3.18539],[100.40647,-3.19026],[100.40968,-3.19379],[100.40776,-3.19682],[100.40296,-3.19943],[100.39762,-3.19971],[100.39295,-3.19817],[100.39049,-3.19154],[100.37645,-3.18056],[100.37466,-3.18067],[100.39158,-3.19845],[100.39133,-3.20024],[100.38941,-3.20035],[100.39625,-3.21744],[100.39771,-3.2226],[100.39714,-3.22695],[100.39957,-3.22524],[100.40268,-3.22604],[100.40741,-3.23233],[100.41168,-3.243],[100.41502,-3.24789],[100.41737,-3.25061],[100.43013,-3.25859],[100.43228,-3.26529],[100.43233,-3.27548],[100.43377,-3.2808],[100.43973,-3.28107],[100.44629,-3.28547],[100.45035,-3.29362],[100.45633,-3.30227],[100.4571,-3.30773],[100.4616,-3.30982],[100.46494,-3.31361],[100.466,-3.31747],[100.46405,-3.32228],[100.47308,-3.33466],[100.47171,-3.34059],[100.46773,-3.34209],[100.46666,-3.34564],[100.46472,-3.34785],[100.45313,-3.34947],[100.44355,-3.34706],[100.44024,-3.34449],[100.43784,-3.33848],[100.43438,-3.33313],[100.42572,-3.32799],[100.42174,-3.32436],[100.42078,-3.31418],[100.41858,-3.31014],[100.40477,-3.30109],[100.39519,-3.29799],[100.38993,-3.29508],[100.38164,-3.28881],[100.37901,-3.28533],[100.37836,-3.28318],[100.37971,-3.2822],[100.38139,-3.27721],[100.37901,-3.27298],[100.37792,-3.26536],[100.37972,-3.26405],[100.38256,-3.26441],[100.38111,-3.25754],[100.37728,-3.25404],[100.37014,-3.25008],[100.35496,-3.24477],[100.34976,-3.24526],[100.34293,-3.24906],[100.33967,-3.24906],[100.33466,-3.24376],[100.3357,-3.23401],[100.3266,-3.23008],[100.32652,-3.22553],[100.32811,-3.21894],[100.32497,-3.21147],[100.32506,-3.20895],[100.32625,-3.20832],[100.32946,-3.20894],[100.33915,-3.21739],[100.34159,-3.22127],[100.34191,-3.22673],[100.34634,-3.22968],[100.35649,-3.23214],[100.35923,-3.23069],[100.36011,-3.22894],[100.36211,-3.22861],[100.3644,-3.22903],[100.36734,-3.23148],[100.36966,-3.22777],[100.3652,-3.2239],[100.35784,-3.22242],[100.34649,-3.20605],[100.34032,-3.20239],[100.33873,-3.19572],[100.34036,-3.19436],[100.3392,-3.19154],[100.33538,-3.19012],[100.33073,-3.18484],[100.32547,-3.17217],[100.32823,-3.16927],[100.33567,-3.16787],[100.34056,-3.16407],[100.33997,-3.15871],[100.33549,-3.15643],[100.33466,-3.15003],[100.33715,-3.14476],[100.3401,-3.1437],[100.34043,-3.14189],[100.33753,-3.14077],[100.33595,-3.14071],[100.33424,-3.142],[100.33266,-3.1412],[100.33212,-3.1363],[100.33321,-3.13357],[100.33229,-3.13185],[100.3302,-3.13003],[100.32629,-3.12952],[100.32306,-3.12742],[100.32266,-3.12472],[100.32472,-3.12371],[100.32466,-3.12038],[100.32105,-3.11916],[100.31266,-3.11907],[100.30862,-3.11515],[100.30816,-3.11045],[100.31266,-3.10777],[100.31305,-3.10591],[100.30989,-3.0988],[100.30149,-3.08825],[100.29479,-3.08286],[100.27978,-3.07787],[100.27203,-3.07837],[100.2687,-3.08087],[100.26832,-3.08541],[100.26942,-3.08989],[100.26838,-3.0916],[100.26377,-3.09158],[100.26024,-3.09046],[100.2544,-3.08496],[100.24873,-3.08243],[100.24728,-3.08069],[100.24752,-3.0758],[100.24939,-3.07409],[100.26216,-3.07026],[100.26319,-3.06875],[100.26259,-3.06384],[100.26014,-3.06107],[100.25526,-3.06242],[100.25234,-3.0652],[100.24903,-3.06298],[100.24891,-3.06027],[100.25062,-3.05829],[100.25692,-3.05628],[100.25749,-3.0511],[100.25647,-3.04909],[100.25056,-3.04411],[100.24741,-3.04374],[100.24327,-3.04952],[100.23568,-3.05731],[100.23273,-3.05736],[100.2293,-3.04731],[100.22962,-3.04029],[100.23143,-3.03935],[100.23156,-3.03781],[100.23042,-3.03659],[100.22754,-3.03745],[100.22304,-3.03687],[100.21992,-3.02978],[100.22003,-3.02855],[100.22242,-3.02788],[100.22447,-3.02598],[100.22408,-3.02404],[100.22174,-3.02226],[100.22002,-3.02293],[100.21911,-3.02458],[100.21499,-3.02305],[100.21222,-3.01909],[100.21233,-3.0175],[100.21396,-3.01558],[100.21299,-3.01345],[100.21085,-3.01172],[100.2084,-3.01141],[100.20242,-3.00123],[100.20196,-2.99712],[100.19913,-2.9954],[100.19688,-2.99705],[100.19372,-2.99646],[100.1876,-2.99011],[100.19221,-2.97949],[100.19182,-2.97315],[100.19115,-2.97156],[100.18863,-2.9699],[100.18157,-2.96673],[100.18079,-2.96308],[100.18217,-2.96151],[100.18319,-2.95595],[100.1853,-2.95533],[100.18999,-2.95784],[100.19358,-2.95489],[100.19506,-2.95258],[100.1954,-2.94957],[100.19377,-2.9441],[100.19804,-2.94374],[100.20133,-2.94103],[100.20244,-2.93312],[100.19957,-2.92081],[100.19626,-2.91319],[100.19323,-2.90891],[100.19316,-2.90366],[100.19693,-2.89478],[100.19745,-2.88972],[100.19726,-2.88654],[100.19448,-2.8811],[100.19603,-2.87504],[100.1904,-2.85525],[100.18926,-2.85323],[100.18392,-2.85094],[100.183,-2.84835],[100.18356,-2.84706],[100.1812,-2.84062],[100.18595,-2.83576],[100.18369,-2.82476],[100.17682,-2.81295],[100.17632,-2.80319],[100.17842,-2.79839],[100.18299,-2.79471],[100.18543,-2.79445],[100.18904,-2.79212],[100.1921,-2.79205],[100.19279,-2.79565],[100.19734,-2.79375],[100.19987,-2.79146],[100.19894,-2.78875],[100.2018,-2.78686],[100.21648,-2.78578],[100.22085,-2.78764],[100.2266,-2.78449],[100.232,-2.78364],[100.23678,-2.78457],[100.24242,-2.79072],[100.24372,-2.79856],[100.2472,-2.79783],[100.25374,-2.79947],[100.25434,-2.80051],[100.25237,-2.80177],[100.2517,-2.80726],[100.25569,-2.80734],[100.25644,-2.80607],[100.25596,-2.80359],[100.2578,-2.80276],[100.25829,-2.80601],[100.25203,-2.81189],[100.25243,-2.8159],[100.25498,-2.81642],[100.25571,-2.81569],[100.25511,-2.81512],[100.25732,-2.81367],[100.25983,-2.81563],[100.25885,-2.81904],[100.25948,-2.8203],[100.26178,-2.81733],[100.26006,-2.81125],[100.26117,-2.81127],[100.26539,-2.81547],[100.26397,-2.81802],[100.26373,-2.82598],[100.26682,-2.83268],[100.26896,-2.83449],[100.27075,-2.83475],[100.27212,-2.83742],[100.26821,-2.83891],[100.26738,-2.84144],[100.26868,-2.84375],[100.27005,-2.84449]]],[[[100.47166,-3.08863],[100.4713,-3.08955],[100.46988,-3.08948],[100.46583,-3.08738],[100.46471,-3.08587],[100.46503,-3.08124],[100.46614,-3.08087],[100.46936,-3.08274],[100.4715,-3.08653],[100.47166,-3.08863]]],[[[100.46386,-3.22013],[100.46283,-3.22134],[100.46057,-3.22116],[100.45628,-3.21731],[100.45331,-3.20784],[100.45475,-3.20751],[100.45797,-3.20763],[100.46248,-3.21668],[100.46386,-3.22013]]],[[[100.46311,-3.04489],[100.46234,-3.04857],[100.45935,-3.05028],[100.45981,-3.04684],[100.4586,-3.03927],[100.46061,-3.0379],[100.4615,-3.03845],[100.46199,-3.04027],[100.46121,-3.04084],[100.4627,-3.04328],[100.46311,-3.04489]]],[[[100.45757,-3.04802],[100.45764,-3.04792],[100.45775,-3.04783],[100.45782,-3.04778],[100.458,-3.04785],[100.45802,-3.04796],[100.458,-3.04837],[100.45797,-3.0485],[100.45791,-3.04859],[100.45783,-3.04865],[100.45768,-3.0487],[100.45756,-3.04868],[100.45747,-3.04858],[100.45741,-3.04845],[100.45741,-3.04835],[100.45745,-3.04822],[100.45757,-3.04802]]],[[[100.4535,-3.28734],[100.45222,-3.28476],[100.45489,-3.28403],[100.45713,-3.28547],[100.458,-3.28896],[100.45723,-3.29051],[100.45401,-3.28788],[100.4535,-3.28734]]],[[[100.45654,-3.18897],[100.45781,-3.18921],[100.45641,-3.18955],[100.45654,-3.18897]]],[[[100.45624,-3.03805],[100.45707,-3.03654],[100.45747,-3.03824],[100.45663,-3.0384],[100.45624,-3.03805]]],[[[100.45624,-3.04351],[100.4571,-3.04344],[100.45648,-3.04507],[100.45617,-3.04363],[100.45624,-3.04351]]],[[[100.45668,-3.19062],[100.45649,-3.19098],[100.45623,-3.19093],[100.45627,-3.19075],[100.45655,-3.1901],[100.45679,-3.1901],[100.45688,-3.19022],[100.45668,-3.19062]]],[[[100.45437,-3.03222],[100.45595,-3.03439],[100.45426,-3.03532],[100.45327,-3.03409],[100.45371,-3.03225],[100.45437,-3.03222]]],[[[100.45153,-3.21647],[100.45233,-3.2168],[100.45155,-3.21653],[100.45153,-3.21647]]],[[[100.45153,-3.20827],[100.45053,-3.21033],[100.44878,-3.21038],[100.44604,-3.20786],[100.44595,-3.20519],[100.44844,-3.20379],[100.44983,-3.20433],[100.45137,-3.20754],[100.45153,-3.20827]]],[[[100.44123,-3.15723],[100.44223,-3.15786],[100.4412,-3.15732],[100.44123,-3.15723]]],[[[100.43586,-3.26924],[100.43354,-3.26492],[100.43235,-3.25784],[100.43355,-3.25601],[100.43516,-3.25696],[100.43838,-3.26038],[100.43912,-3.26532],[100.44106,-3.26901],[100.43646,-3.26973],[100.43586,-3.26924]]],[[[100.4392,-3.15685],[100.43993,-3.15704],[100.43947,-3.15807],[100.43912,-3.15692],[100.4392,-3.15685]]],[[[100.43026,-3.24539],[100.43117,-3.24518],[100.43177,-3.24618],[100.43023,-3.24547],[100.43026,-3.24539]]],[[[100.42719,-3.16516],[100.42711,-3.16521],[100.4267,-3.16545],[100.42664,-3.16546],[100.42658,-3.16545],[100.42653,-3.16542],[100.4265,-3.16538],[100.42648,-3.16533],[100.4265,-3.1653],[100.42704,-3.16494],[100.4271,-3.16492],[100.42714,-3.16491],[100.42719,-3.1649],[100.42727,-3.16491],[100.4273,-3.16491],[100.42733,-3.16493],[100.42734,-3.16496],[100.42733,-3.165],[100.42731,-3.16506],[100.42725,-3.16512],[100.42719,-3.16516]]],[[[100.41047,-3.22077],[100.41507,-3.22281],[100.41953,-3.23047],[100.42059,-3.23427],[100.41866,-3.2353],[100.41586,-3.23452],[100.40952,-3.22967],[100.40433,-3.22328],[100.40647,-3.22045],[100.40877,-3.22163],[100.41004,-3.22059],[100.41047,-3.22077]]],[[[100.41917,-3.23601],[100.4192,-3.236],[100.41932,-3.23592],[100.41936,-3.2359],[100.41939,-3.23591],[100.41944,-3.23593],[100.41949,-3.23597],[100.41951,-3.23602],[100.41952,-3.23606],[100.41953,-3.2362],[100.41951,-3.23625],[100.41945,-3.23629],[100.41939,-3.23632],[100.41926,-3.23629],[100.41917,-3.23623],[100.41915,-3.23616],[100.41914,-3.2361],[100.41915,-3.23605],[100.41917,-3.23601]]],[[[100.41052,-3.17689],[100.41023,-3.17598],[100.41237,-3.1754],[100.41259,-3.17788],[100.41162,-3.17787],[100.41052,-3.17689]]],[[[100.40353,-3.20129],[100.40575,-3.20289],[100.40803,-3.21084],[100.40596,-3.21707],[100.40213,-3.21831],[100.39514,-3.21489],[100.39172,-3.20185],[100.3932,-3.1999],[100.39496,-3.1993],[100.39739,-3.20073],[100.40183,-3.20058],[100.40353,-3.20129]]],[[[100.40537,-3.17922],[100.40456,-3.1781],[100.40645,-3.1779],[100.40689,-3.17848],[100.40558,-3.17926],[100.40537,-3.17922]]],[[[100.40342,-3.17055],[100.40003,-3.16695],[100.39997,-3.16559],[100.40153,-3.16513],[100.4043,-3.16925],[100.40366,-3.1706],[100.40342,-3.17055]]],[[[100.39953,-3.22204],[100.39997,-3.22132],[100.40056,-3.22197],[100.39962,-3.22217],[100.39953,-3.22204]]],[[[100.39652,-3.16444],[100.39776,-3.16312],[100.39862,-3.16562],[100.39767,-3.16682],[100.39652,-3.16461],[100.39652,-3.16444]]],[[[100.39216,-3.15786],[100.39212,-3.15776],[100.39212,-3.15765],[100.39215,-3.15759],[100.39221,-3.15754],[100.39232,-3.15754],[100.39241,-3.15756],[100.39248,-3.15761],[100.39253,-3.15766],[100.39264,-3.1578],[100.39266,-3.15785],[100.39268,-3.1579],[100.39268,-3.15802],[100.39267,-3.15807],[100.39264,-3.1581],[100.39256,-3.15813],[100.39248,-3.15812],[100.3924,-3.1581],[100.39233,-3.15806],[100.39226,-3.158],[100.39221,-3.15795],[100.39216,-3.15786]]],[[[100.38747,-3.16302],[100.38757,-3.16372],[100.38738,-3.16303],[100.38747,-3.16302]]],[[[100.374,-3.16811],[100.37512,-3.16845],[100.374,-3.16824],[100.374,-3.16811]]],[[[100.35338,-3.22168],[100.35344,-3.22488],[100.35032,-3.22604],[100.34854,-3.22504],[100.34671,-3.21861],[100.35167,-3.2196],[100.35327,-3.22148],[100.35338,-3.22168]]],[[[100.35035,-3.29194],[100.34982,-3.29544],[100.34745,-3.29782],[100.34585,-3.29668],[100.34668,-3.29633],[100.34747,-3.29755],[100.34859,-3.29684],[100.34987,-3.29181],[100.3475,-3.29579],[100.33901,-3.29499],[100.3396,-3.29733],[100.33455,-3.29416],[100.33127,-3.28887],[100.33178,-3.28506],[100.33405,-3.28398],[100.34352,-3.28552],[100.3498,-3.2912],[100.35035,-3.29194]]],[[[100.30675,-3.13988],[100.30294,-3.13809],[100.30128,-3.13541],[100.29735,-3.12731],[100.29689,-3.12325],[100.30511,-3.12313],[100.3118,-3.12922],[100.31145,-3.13872],[100.30893,-3.14046],[100.30675,-3.13988]]],[[[100.30252,-3.21621],[100.30009,-3.21709],[100.29565,-3.21442],[100.2947,-3.20964],[100.29663,-3.20783],[100.30138,-3.20926],[100.30262,-3.216],[100.30252,-3.21621]]],[[[100.28208,-2.83475],[100.28095,-2.83402],[100.2805,-2.8314],[100.2811,-2.82643],[100.28186,-2.82664],[100.28373,-2.83275],[100.2825,-2.83453],[100.28208,-2.83475]]],[[[100.27658,-2.82755],[100.27743,-2.82823],[100.27679,-2.82859],[100.27655,-2.82772],[100.27658,-2.82755]]],[[[100.27352,-2.83314],[100.27349,-2.83172],[100.27495,-2.83169],[100.27575,-2.83273],[100.27358,-2.83326],[100.27352,-2.83314]]],[[[100.27251,-2.82852],[100.2694,-2.83079],[100.2654,-2.82591],[100.26659,-2.82089],[100.26972,-2.81838],[100.27375,-2.82008],[100.27459,-2.82086],[100.27418,-2.82476],[100.27251,-2.82852]]],[[[100.26532,-2.82781],[100.26618,-2.82851],[100.26524,-2.82795],[100.26532,-2.82781]]],[[[100.25892,-2.80122],[100.25908,-2.80243],[100.25876,-2.80125],[100.25892,-2.80122]]],[[[100.25839,-2.80765],[100.25761,-2.80871],[100.25688,-2.80805],[100.25836,-2.80763],[100.25839,-2.80765]]],[[[100.2567,-2.80037],[100.25747,-2.8014],[100.25652,-2.80048],[100.2567,-2.80037]]],[[[100.25696,-2.81094],[100.25669,-2.81019],[100.25706,-2.81087],[100.25696,-2.81094]]],[[[100.25383,-2.80363],[100.25411,-2.80201],[100.25578,-2.80154],[100.25549,-2.80334],[100.25455,-2.8044],[100.25384,-2.80394],[100.25383,-2.80363]]],[[[100.25329,-2.80464],[100.25287,-2.80396],[100.25337,-2.80458],[100.25329,-2.80464]]],[[[100.24749,-3.12798],[100.2464,-3.12914],[100.245,-3.12879],[100.23937,-3.1228],[100.24234,-3.12309],[100.24748,-3.12781],[100.24749,-3.12798]]],[[[100.24341,-3.07048],[100.24336,-3.06723],[100.24649,-3.06648],[100.24522,-3.07017],[100.24369,-3.0707],[100.24341,-3.07048]]],[[[100.23734,-3.12185],[100.22915,-3.12037],[100.22825,-3.11942],[100.229,-3.11775],[100.23434,-3.11837],[100.23797,-3.12174],[100.23734,-3.12185]]],[[[100.22718,-3.11748],[100.22874,-3.11755],[100.22728,-3.11781],[100.22718,-3.11748]]],[[[100.22662,-2.78007],[100.22336,-2.77893],[100.22369,-2.77567],[100.22743,-2.77759],[100.22796,-2.77896],[100.22689,-2.78008],[100.22662,-2.78007]]],[[[100.14967,-2.63972],[100.16958,-2.64549],[100.17428,-2.64916],[100.17871,-2.65625],[100.18325,-2.67232],[100.19596,-2.69651],[100.20143,-2.70436],[100.20271,-2.71308],[100.20508,-2.71973],[100.20928,-2.72465],[100.21383,-2.7266],[100.21738,-2.73529],[100.2204,-2.73976],[100.22201,-2.7509],[100.22318,-2.75177],[100.22122,-2.75395],[100.21982,-2.75405],[100.21843,-2.76352],[100.21928,-2.77004],[100.21796,-2.77575],[100.21317,-2.77896],[100.20991,-2.77927],[100.20805,-2.77773],[100.19755,-2.77484],[100.19541,-2.77918],[100.19621,-2.7824],[100.1939,-2.78487],[100.19193,-2.78571],[100.18956,-2.78434],[100.18567,-2.78537],[100.16696,-2.79407],[100.1535,-2.80355],[100.14638,-2.80588],[100.14189,-2.80614],[100.13929,-2.81539],[100.14243,-2.82485],[100.14497,-2.82726],[100.14845,-2.83648],[100.14794,-2.83908],[100.14507,-2.84057],[100.13334,-2.8311],[100.13047,-2.83665],[100.12441,-2.83479],[100.12431,-2.83594],[100.11961,-2.83763],[100.11458,-2.83753],[100.10565,-2.83716],[100.09727,-2.83415],[100.09493,-2.83225],[100.09169,-2.83222],[100.08956,-2.83465],[100.08712,-2.83438],[100.08364,-2.83205],[100.08412,-2.82985],[100.08219,-2.83148],[100.08119,-2.83649],[100.08205,-2.84028],[100.07689,-2.84194],[100.07368,-2.84046],[100.07053,-2.83445],[100.06234,-2.82398],[100.05923,-2.81736],[100.05119,-2.81551],[100.04673,-2.81685],[100.0405,-2.8225],[100.03881,-2.83163],[100.04366,-2.84149],[100.04202,-2.84626],[100.04012,-2.84755],[100.03298,-2.84604],[100.03012,-2.84948],[100.02787,-2.85048],[100.02278,-2.85004],[100.01165,-2.84689],[100.00769,-2.84341],[100.0092,-2.84153],[100.00861,-2.83835],[100.00153,-2.83618],[99.99853,-2.83161],[99.99827,-2.8289],[100.00071,-2.82774],[100.0071,-2.83144],[100.01361,-2.83042],[100.01536,-2.82927],[100.01829,-2.81412],[100.01582,-2.8099],[100.01091,-2.80806],[100.01056,-2.80534],[100.00798,-2.80147],[100.00362,-2.80009],[99.99645,-2.79594],[99.99227,-2.79084],[99.99289,-2.78473],[99.99696,-2.78066],[99.99524,-2.77714],[99.98963,-2.77427],[99.98702,-2.77417],[99.98411,-2.77829],[99.98415,-2.78292],[99.9811,-2.78656],[99.97747,-2.78788],[99.97528,-2.78621],[99.9784,-2.78155],[99.98097,-2.77489],[99.97962,-2.77202],[99.98019,-2.76925],[99.98452,-2.76729],[99.98804,-2.76892],[99.99105,-2.76756],[99.9899,-2.76463],[99.99278,-2.76202],[99.99551,-2.7613],[99.99669,-2.75906],[99.99579,-2.75365],[100.00323,-2.74528],[100.01219,-2.74346],[100.01358,-2.74114],[100.01283,-2.73868],[100.00893,-2.73712],[100.00617,-2.73266],[100.00634,-2.72959],[100.01131,-2.72899],[100.01209,-2.72759],[100.00511,-2.7204],[100.00396,-2.71788],[100.00386,-2.70969],[100.00146,-2.70292],[100.00082,-2.69728],[100.0029,-2.69435],[100.00543,-2.69458],[100.00807,-2.69651],[100.00981,-2.69582],[100.013,-2.6866],[100.01124,-2.67611],[100.00617,-2.66723],[99.99916,-2.66409],[99.99605,-2.66004],[99.99404,-2.65431],[99.99365,-2.6462],[99.98986,-2.63877],[99.98601,-2.63537],[99.97853,-2.6338],[99.97612,-2.631],[99.97653,-2.62843],[99.9793,-2.62423],[99.98329,-2.62627],[99.98666,-2.62516],[99.98849,-2.62298],[99.98978,-2.61228],[99.98917,-2.60884],[99.98493,-2.60368],[99.98234,-2.59746],[99.97189,-2.59021],[99.96746,-2.58578],[99.96414,-2.58068],[99.96424,-2.57875],[99.96093,-2.57207],[99.96238,-2.57105],[99.97326,-2.57015],[99.9754,-2.56823],[99.97539,-2.55984],[99.97095,-2.5513],[99.97317,-2.54487],[99.97382,-2.53808],[99.97301,-2.53492],[99.97461,-2.52805],[99.97175,-2.51476],[99.97327,-2.51078],[99.97596,-2.50848],[99.98033,-2.50658],[99.98956,-2.50409],[99.99802,-2.50326],[100.00861,-2.51331],[100.01868,-2.51925],[100.0284,-2.52691],[100.03236,-2.53201],[100.03614,-2.5427],[100.04392,-2.55014],[100.05153,-2.56109],[100.07127,-2.57986],[100.07678,-2.58306],[100.08472,-2.58594],[100.08733,-2.58911],[100.09054,-2.59109],[100.09629,-2.59102],[100.10061,-2.59241],[100.10345,-2.59801],[100.11024,-2.6047],[100.11681,-2.61367],[100.12874,-2.62228],[100.12986,-2.62464],[100.13273,-2.62716],[100.14172,-2.63191],[100.14639,-2.6378],[100.1494,-2.63959],[100.14967,-2.63972]]],[[[100.21084,-3.04871],[100.21177,-3.04843],[100.21184,-3.04932],[100.21081,-3.04879],[100.21084,-3.04871]]],[[[100.19159,-3.05896],[100.19487,-3.06031],[100.19856,-3.06671],[100.19838,-3.06863],[100.19636,-3.07064],[100.19443,-3.06925],[100.19224,-3.07139],[100.19348,-3.07537],[100.19279,-3.0768],[100.18748,-3.07916],[100.18087,-3.07556],[100.17123,-3.06293],[100.17077,-3.06006],[100.17297,-3.05539],[100.17528,-3.05472],[100.19079,-3.059],[100.19159,-3.05896]]],[[[100.18249,-2.8908],[100.18238,-2.89307],[100.17793,-2.89562],[100.17542,-2.8941],[100.17368,-2.89116],[100.17518,-2.88883],[100.17865,-2.88625],[100.18161,-2.88632],[100.18197,-2.88882],[100.18249,-2.8908]]],[[[100.16853,-2.82734],[100.16907,-2.82374],[100.17245,-2.82164],[100.17508,-2.82223],[100.17714,-2.82656],[100.17585,-2.82931],[100.17239,-2.83079],[100.16958,-2.82974],[100.16864,-2.82814],[100.16853,-2.82734]]],[[[100.17536,-2.83444],[100.17686,-2.83307],[100.17604,-2.83543],[100.17519,-2.83467],[100.17536,-2.83444]]],[[[100.17106,-2.81288],[100.16886,-2.82109],[100.16569,-2.81964],[100.16389,-2.81483],[100.16789,-2.81147],[100.1708,-2.81154],[100.17154,-2.81248],[100.17106,-2.81288]]],[[[100.17112,-2.88255],[100.17052,-2.88447],[100.16894,-2.88558],[100.16659,-2.8853],[100.16053,-2.87844],[100.1618,-2.87334],[100.16456,-2.87265],[100.16982,-2.87623],[100.17111,-2.88233],[100.17112,-2.88255]]],[[[100.1698,-3.01036],[100.16946,-3.01236],[100.16722,-3.01296],[100.16268,-3.01213],[100.16051,-3.00989],[100.16057,-3.00777],[100.16207,-3.00737],[100.16679,-3.00803],[100.16962,-3.01003],[100.1698,-3.01036]]],[[[100.16988,-2.80065],[100.16757,-2.8015],[100.1661,-2.79967],[100.16852,-2.79879],[100.16984,-2.79925],[100.16989,-2.80057],[100.16988,-2.80065]]],[[[100.15561,-3.02744],[100.15401,-3.02855],[100.14968,-3.0263],[100.14534,-3.01467],[100.14576,-3.00924],[100.14822,-3.00717],[100.15592,-3.01195],[100.15763,-3.01537],[100.15759,-3.02205],[100.15561,-3.02744]]],[[[100.15219,-2.86084],[100.14864,-2.86389],[100.14588,-2.86347],[100.13316,-2.85903],[100.13155,-2.8565],[100.13155,-2.85418],[100.13289,-2.85269],[100.13691,-2.85164],[100.14161,-2.84842],[100.14602,-2.84795],[100.14978,-2.85055],[100.15125,-2.85361],[100.15224,-2.8606],[100.15219,-2.86084]]],[[[99.98811,-2.75731],[99.98929,-2.75659],[99.99105,-2.75847],[99.98936,-2.75876],[99.98804,-2.75756],[99.98811,-2.75731]]],[[[99.9884,-2.75355],[99.98539,-2.75708],[99.98205,-2.75798],[99.98028,-2.7492],[99.98115,-2.74687],[99.98464,-2.74711],[99.98478,-2.74838],[99.98833,-2.75126],[99.98846,-2.75331],[99.9884,-2.75355]]],[[[99.97928,-2.75781],[99.97967,-2.75713],[99.98078,-2.75764],[99.98003,-2.75976],[99.97928,-2.75805],[99.97928,-2.75781]]],[[[99.70583,-2.09757],[99.70423,-2.10862],[99.70964,-2.129],[99.71136,-2.15265],[99.71318,-2.15656],[99.71671,-2.15689],[99.71766,-2.16097],[99.71739,-2.16495],[99.71528,-2.16545],[99.71435,-2.16338],[99.71242,-2.16428],[99.71857,-2.16957],[99.71979,-2.16871],[99.72205,-2.16979],[99.72535,-2.17471],[99.72552,-2.17615],[99.72253,-2.17728],[99.72126,-2.18257],[99.72912,-2.18924],[99.73362,-2.18966],[99.73377,-2.18824],[99.73137,-2.18627],[99.73209,-2.18562],[99.73557,-2.18758],[99.73616,-2.18999],[99.73311,-2.19381],[99.73247,-2.19789],[99.73508,-2.20563],[99.74003,-2.21282],[99.74377,-2.21372],[99.75149,-2.23279],[99.75815,-2.23997],[99.76702,-2.2447],[99.78023,-2.25509],[99.78072,-2.2579],[99.77964,-2.26071],[99.77964,-2.26507],[99.78093,-2.269],[99.78502,-2.27173],[99.78413,-2.27762],[99.78174,-2.27777],[99.78379,-2.2891],[99.78156,-2.29117],[99.78191,-2.29198],[99.78564,-2.29361],[99.78853,-2.29327],[99.7968,-2.28904],[99.80042,-2.28937],[99.81036,-2.29645],[99.81378,-2.30001],[99.81423,-2.30341],[99.81931,-2.30461],[99.82386,-2.30852],[99.83131,-2.32124],[99.83218,-2.32637],[99.83448,-2.33081],[99.83792,-2.33398],[99.84417,-2.3343],[99.84653,-2.33628],[99.84723,-2.33927],[99.84425,-2.34326],[99.84375,-2.34819],[99.84928,-2.35487],[99.85506,-2.37349],[99.85631,-2.37625],[99.8612,-2.37889],[99.86311,-2.38574],[99.86274,-2.39863],[99.85985,-2.40234],[99.85557,-2.40291],[99.85062,-2.40196],[99.84662,-2.40011],[99.84351,-2.39724],[99.83932,-2.38759],[99.84139,-2.37776],[99.84035,-2.36671],[99.83681,-2.36362],[99.8283,-2.3622],[99.8262,-2.36325],[99.82458,-2.3672],[99.82269,-2.36888],[99.82078,-2.368],[99.82033,-2.36629],[99.81536,-2.36682],[99.81049,-2.37002],[99.8076,-2.3699],[99.8056,-2.36765],[99.80261,-2.36723],[99.80053,-2.37005],[99.79716,-2.37037],[99.79537,-2.36941],[99.79214,-2.3645],[99.79081,-2.36059],[99.79149,-2.35466],[99.78887,-2.35089],[99.78723,-2.34629],[99.78412,-2.34444],[99.77483,-2.34173],[99.76762,-2.34075],[99.75837,-2.34158],[99.74586,-2.34731],[99.73788,-2.34528],[99.73134,-2.33595],[99.72702,-2.33346],[99.71333,-2.33018],[99.71117,-2.32852],[99.70684,-2.31878],[99.70845,-2.31403],[99.70666,-2.31155],[99.70187,-2.30911],[99.69296,-2.30086],[99.68458,-2.30055],[99.68383,-2.29922],[99.68432,-2.2972],[99.68131,-2.29355],[99.673,-2.28888],[99.65822,-2.28373],[99.64446,-2.28111],[99.64063,-2.28205],[99.63749,-2.28747],[99.63382,-2.29045],[99.6322,-2.29027],[99.62879,-2.28679],[99.6308,-2.28016],[99.62901,-2.2745],[99.62556,-2.27273],[99.62248,-2.27458],[99.62065,-2.27895],[99.62079,-2.28484],[99.61503,-2.29294],[99.61242,-2.29289],[99.60767,-2.2903],[99.60052,-2.28088],[99.60137,-2.27699],[99.59866,-2.27072],[99.59751,-2.26406],[99.59884,-2.25815],[99.60202,-2.25817],[99.60521,-2.25679],[99.61049,-2.2529],[99.61081,-2.24894],[99.60881,-2.24469],[99.60593,-2.24249],[99.60379,-2.24218],[99.59969,-2.24552],[99.5951,-2.25198],[99.59246,-2.25246],[99.59206,-2.2491],[99.59417,-2.2458],[99.5946,-2.24322],[99.59301,-2.2411],[99.59266,-2.23649],[99.59794,-2.23078],[99.59781,-2.22848],[99.59655,-2.22552],[99.59441,-2.22349],[99.58923,-2.22213],[99.58445,-2.22388],[99.58264,-2.23397],[99.57922,-2.24008],[99.57844,-2.24437],[99.57486,-2.24558],[99.57189,-2.23358],[99.57224,-2.23183],[99.57481,-2.23001],[99.57438,-2.22666],[99.57176,-2.2231],[99.56441,-2.22072],[99.55986,-2.21731],[99.55097,-2.20869],[99.54806,-2.19158],[99.54366,-2.18391],[99.54111,-2.18208],[99.53864,-2.18243],[99.53734,-2.18099],[99.53157,-2.16677],[99.52827,-2.15289],[99.53036,-2.1509],[99.53122,-2.1474],[99.53738,-2.14375],[99.54219,-2.14429],[99.55173,-2.14765],[99.56617,-2.15435],[99.56805,-2.15399],[99.57206,-2.15092],[99.57331,-2.14714],[99.57287,-2.14465],[99.56773,-2.14046],[99.56332,-2.13005],[99.56653,-2.12565],[99.56633,-2.12409],[99.56432,-2.12096],[99.56083,-2.12053],[99.55614,-2.11668],[99.55118,-2.10571],[99.55071,-2.10251],[99.55241,-2.09619],[99.5497,-2.08493],[99.54749,-2.0804],[99.54669,-2.07168],[99.55174,-2.06884],[99.56566,-2.06426],[99.56676,-2.06204],[99.56623,-2.05922],[99.55785,-2.05169],[99.55661,-2.04881],[99.55951,-2.04464],[99.56773,-2.03855],[99.57392,-2.0372],[99.58144,-2.0337],[99.58409,-2.03042],[99.5851,-2.02717],[99.58764,-2.02529],[99.59038,-2.02658],[99.59358,-2.03025],[99.59166,-2.03171],[99.58778,-2.03245],[99.58455,-2.03966],[99.58715,-2.03903],[99.59889,-2.02835],[99.6042,-2.03242],[99.61512,-2.03183],[99.62058,-2.02873],[99.62537,-2.02909],[99.62589,-2.03309],[99.62389,-2.03582],[99.62084,-2.03599],[99.61954,-2.03324],[99.61654,-2.03411],[99.61605,-2.03804],[99.61684,-2.03978],[99.62279,-2.03938],[99.63634,-2.03581],[99.63868,-2.03674],[99.64063,-2.03932],[99.64071,-2.04145],[99.63765,-2.04327],[99.6352,-2.04307],[99.63493,-2.0449],[99.63671,-2.04844],[99.64271,-2.05043],[99.64373,-2.04716],[99.64484,-2.04637],[99.65053,-2.04748],[99.6537,-2.04962],[99.65575,-2.05599],[99.66305,-2.06095],[99.66676,-2.06557],[99.67367,-2.06933],[99.6779,-2.07024],[99.67991,-2.0697],[99.68497,-2.07412],[99.69042,-2.07644],[99.69416,-2.08237],[99.69388,-2.08421],[99.6955,-2.08668],[99.70178,-2.08493],[99.70179,-2.08742],[99.70003,-2.08897],[99.70266,-2.08883],[99.70385,-2.09216],[99.70583,-2.09757]]],[[[99.74533,-2.37437],[99.74138,-2.37404],[99.74132,-2.37309],[99.74699,-2.36862],[99.74888,-2.36941],[99.74895,-2.37145],[99.74575,-2.37429],[99.74533,-2.37437]]],[[[99.73021,-2.36113],[99.7359,-2.36759],[99.73914,-2.37668],[99.73502,-2.38199],[99.73458,-2.38774],[99.73613,-2.38794],[99.74476,-2.3821],[99.74386,-2.38096],[99.74186,-2.38178],[99.74119,-2.38053],[99.74459,-2.37659],[99.74625,-2.3818],[99.74521,-2.38591],[99.73942,-2.39288],[99.73656,-2.39397],[99.73391,-2.39213],[99.73248,-2.38682],[99.73249,-2.38363],[99.73304,-2.38299],[99.73354,-2.3836],[99.7335,-2.38199],[99.73219,-2.38102],[99.72814,-2.37952],[99.72461,-2.38441],[99.72243,-2.3845],[99.7112,-2.37639],[99.71028,-2.37336],[99.7117,-2.35957],[99.71684,-2.35715],[99.71901,-2.35724],[99.72564,-2.35821],[99.72964,-2.36055],[99.73021,-2.36113]]],[[[99.74161,-2.37633],[99.74087,-2.37649],[99.74161,-2.37628],[99.74161,-2.37633]]],[[[99.73866,-2.37165],[99.73848,-2.37255],[99.73852,-2.37171],[99.73866,-2.37165]]],[[[99.72142,-2.33899],[99.72134,-2.33828],[99.72286,-2.33796],[99.72243,-2.33926],[99.72148,-2.33905],[99.72142,-2.33899]]],[[[99.64042,-2.04828],[99.6395,-2.04696],[99.64032,-2.04525],[99.64122,-2.04676],[99.64051,-2.04826],[99.64042,-2.04828]]],[[[99.63564,-2.03491],[99.63612,-2.03551],[99.63532,-2.03588],[99.63559,-2.03497],[99.63564,-2.03491]]],[[[99.61951,-2.03503],[99.6186,-2.03401],[99.62013,-2.03503],[99.61951,-2.03503]]],[[[99.61607,-2.02973],[99.61649,-2.03113],[99.61597,-2.02975],[99.61607,-2.02973]]],[[[99.61528,-2.03085],[99.61534,-2.03078],[99.61543,-2.03075],[99.61559,-2.03083],[99.61561,-2.03091],[99.61561,-2.03108],[99.61544,-2.03144],[99.61531,-2.0316],[99.61521,-2.03168],[99.61513,-2.03168],[99.61502,-2.03161],[99.615,-2.03149],[99.61502,-2.03133],[99.61509,-2.0312],[99.61521,-2.03097],[99.61528,-2.03085]]],[[[99.61187,-2.02377],[99.61085,-2.02365],[99.60923,-2.02014],[99.61174,-2.01936],[99.61419,-2.02051],[99.61404,-2.02119],[99.61187,-2.02377]]],[[[99.60836,-2.03023],[99.60869,-2.03109],[99.60828,-2.03029],[99.60836,-2.03023]]],[[[99.60749,-2.02814],[99.60783,-2.02866],[99.60739,-2.0282],[99.60749,-2.02814]]],[[[99.59313,-1.97491],[99.59542,-1.97848],[99.60091,-1.983],[99.60094,-1.98543],[99.60551,-1.99041],[99.60646,-1.9951],[99.60419,-1.99719],[99.5973,-1.99321],[99.59177,-1.99226],[99.59059,-1.99344],[99.58701,-1.99106],[99.58005,-1.98041],[99.57666,-1.97264],[99.5781,-1.96911],[99.58035,-1.96747],[99.58714,-1.97072],[99.59313,-1.97491]]],[[[99.57762,-2.0026],[99.57608,-2.00225],[99.57473,-2.00092],[99.57492,-1.99997],[99.57279,-1.99881],[99.56598,-2.00134],[99.5637,-1.9995],[99.56542,-1.99234],[99.57119,-1.98853],[99.5742,-1.98906],[99.57826,-1.99144],[99.57944,-2.00036],[99.578,-2.00254],[99.57762,-2.0026]]],[[[99.57492,-2.02011],[99.57649,-2.02159],[99.57721,-2.02502],[99.56389,-2.02011],[99.55884,-2.02087],[99.55382,-2.01842],[99.54876,-2.00996],[99.54971,-2.00779],[99.55925,-2.00177],[99.57096,-2.00813],[99.57441,-2.01981],[99.57492,-2.02011]]],[[[99.57139,-1.9646],[99.56941,-1.96673],[99.56698,-1.96433],[99.5714,-1.9645],[99.57139,-1.9646]]],[[[99.53735,-2.22071],[99.53633,-2.21791],[99.5388,-2.21208],[99.54052,-2.21097],[99.54405,-2.21215],[99.5444,-2.22197],[99.54178,-2.22303],[99.53782,-2.22114],[99.53735,-2.22071]]],[[[99.53731,-2.12914],[99.53976,-2.13073],[99.53931,-2.13158],[99.52859,-2.13367],[99.52593,-2.12685],[99.52738,-2.1282],[99.53584,-2.12864],[99.53731,-2.12914]]],[[[99.52223,-2.12402],[99.52177,-2.1228],[99.524,-2.12262],[99.526,-2.12394],[99.52619,-2.12515],[99.52238,-2.12416],[99.52223,-2.12402]]],[[[99.31819,-1.84807],[99.31992,-1.85193],[99.31913,-1.8535],[99.31571,-1.85528],[99.30528,-1.85529],[99.30237,-1.85419],[99.30372,-1.85032],[99.30808,-1.84766],[99.30928,-1.84501],[99.31225,-1.84456],[99.31785,-1.84771],[99.31819,-1.84807]]],[[[99.31355,-1.90207],[99.31418,-1.90118],[99.31564,-1.9022],[99.31493,-1.90331],[99.3137,-1.90237],[99.31355,-1.90207]]],[[[99.30554,-1.90222],[99.30411,-1.90488],[99.30797,-1.91228],[99.31263,-1.91608],[99.31429,-1.92017],[99.31411,-1.92487],[99.31045,-1.92902],[99.30344,-1.93031],[99.29729,-1.92807],[99.2942,-1.92292],[99.29264,-1.91137],[99.29501,-1.90083],[99.29681,-1.89968],[99.30253,-1.8989],[99.30458,-1.90001],[99.30563,-1.90204],[99.30554,-1.90222]]],[[[99.31421,-1.89674],[99.31322,-1.89631],[99.31356,-1.89567],[99.31418,-1.89661],[99.31421,-1.89674]]],[[[99.30887,-1.72648],[99.31007,-1.72694],[99.30975,-1.72867],[99.30871,-1.72853],[99.30846,-1.72679],[99.30887,-1.72648]]],[[[99.20525,-1.54736],[99.20849,-1.54959],[99.20865,-1.55321],[99.19711,-1.55709],[99.19737,-1.56],[99.1944,-1.5652],[99.19539,-1.57033],[99.1968,-1.57159],[99.19716,-1.57362],[99.19616,-1.57702],[99.19778,-1.57944],[99.19963,-1.58037],[99.20415,-1.57775],[99.20744,-1.57759],[99.20928,-1.57886],[99.21482,-1.58934],[99.21575,-1.59928],[99.22021,-1.60462],[99.22623,-1.608],[99.23295,-1.60926],[99.23526,-1.60734],[99.24461,-1.60541],[99.25005,-1.60186],[99.25416,-1.59729],[99.25823,-1.59473],[99.25994,-1.59474],[99.26138,-1.59616],[99.25502,-1.60072],[99.25394,-1.60301],[99.25612,-1.60373],[99.25621,-1.60176],[99.25787,-1.5998],[99.26116,-1.59995],[99.26526,-1.60308],[99.26955,-1.60952],[99.26986,-1.61485],[99.28667,-1.63117],[99.28749,-1.63628],[99.28642,-1.6383],[99.27998,-1.63522],[99.27838,-1.63143],[99.27571,-1.63255],[99.27552,-1.63369],[99.28075,-1.64085],[99.27139,-1.64394],[99.27092,-1.64703],[99.27431,-1.64511],[99.28082,-1.64407],[99.28235,-1.64729],[99.28096,-1.64806],[99.28651,-1.64927],[99.29192,-1.65265],[99.29172,-1.65531],[99.28809,-1.65669],[99.28056,-1.6633],[99.27718,-1.66352],[99.27477,-1.66171],[99.27653,-1.66814],[99.27975,-1.66775],[99.27946,-1.67085],[99.27726,-1.6755],[99.27788,-1.67716],[99.28669,-1.68232],[99.28897,-1.6794],[99.2866,-1.67697],[99.28507,-1.67789],[99.28501,-1.67913],[99.28258,-1.67686],[99.28484,-1.67216],[99.28528,-1.66464],[99.2865,-1.66319],[99.29174,-1.66901],[99.29162,-1.67548],[99.29298,-1.67897],[99.30108,-1.68233],[99.30323,-1.68463],[99.30263,-1.68647],[99.29956,-1.68753],[99.29492,-1.68553],[99.29258,-1.68697],[99.29487,-1.6933],[99.29973,-1.70023],[99.29775,-1.70053],[99.29356,-1.70427],[99.292,-1.71037],[99.29421,-1.71354],[99.29653,-1.71365],[99.29841,-1.7151],[99.30191,-1.71983],[99.30019,-1.72257],[99.28547,-1.72736],[99.28611,-1.73034],[99.28771,-1.73103],[99.28985,-1.73429],[99.28742,-1.74379],[99.29056,-1.75055],[99.28087,-1.75198],[99.27591,-1.7515],[99.27488,-1.75023],[99.27638,-1.74624],[99.26272,-1.73757],[99.26132,-1.73204],[99.26464,-1.72406],[99.26331,-1.71644],[99.26243,-1.71556],[99.26005,-1.716],[99.25505,-1.71276],[99.2513,-1.70643],[99.25075,-1.70418],[99.25266,-1.70209],[99.25308,-1.69935],[99.25157,-1.69287],[99.24554,-1.68641],[99.24337,-1.68608],[99.24184,-1.68419],[99.24195,-1.68238],[99.24385,-1.68038],[99.24321,-1.67404],[99.24029,-1.66958],[99.23835,-1.66243],[99.22616,-1.63483],[99.22083,-1.62647],[99.21676,-1.62474],[99.20738,-1.62513],[99.20878,-1.62949],[99.20823,-1.63429],[99.20563,-1.63597],[99.203,-1.63555],[99.1992,-1.64305],[99.20026,-1.64434],[99.20473,-1.645],[99.20791,-1.64206],[99.20698,-1.64076],[99.20845,-1.63886],[99.21164,-1.63768],[99.21468,-1.63955],[99.21936,-1.64853],[99.22351,-1.64912],[99.23222,-1.66048],[99.23592,-1.6659],[99.24019,-1.67557],[99.23678,-1.68411],[99.2348,-1.68458],[99.23229,-1.67681],[99.22808,-1.66841],[99.22311,-1.66491],[99.2209,-1.66457],[99.22471,-1.67924],[99.23738,-1.6952],[99.23961,-1.69937],[99.2384,-1.71449],[99.24423,-1.73307],[99.24032,-1.73746],[99.23995,-1.74011],[99.24285,-1.74289],[99.248,-1.75625],[99.25619,-1.7621],[99.2568,-1.76491],[99.26039,-1.76818],[99.26263,-1.77189],[99.263,-1.77317],[99.26134,-1.77817],[99.25541,-1.77827],[99.25445,-1.77688],[99.25165,-1.77615],[99.24791,-1.77694],[99.24687,-1.77854],[99.24727,-1.78294],[99.24443,-1.79324],[99.2428,-1.79608],[99.24037,-1.79702],[99.23352,-1.7954],[99.22774,-1.78558],[99.22011,-1.78362],[99.18638,-1.77946],[99.17103,-1.77922],[99.15691,-1.78172],[99.14841,-1.78561],[99.14325,-1.79028],[99.14163,-1.79462],[99.14307,-1.79955],[99.1405,-1.80409],[99.13179,-1.80716],[99.12807,-1.80741],[99.12019,-1.80549],[99.11619,-1.80644],[99.11174,-1.80864],[99.11082,-1.81108],[99.10836,-1.81202],[99.1061,-1.81133],[99.10684,-1.8082],[99.10385,-1.80534],[99.09523,-1.80353],[99.09123,-1.80197],[99.08729,-1.79901],[99.07954,-1.79674],[99.07755,-1.79311],[99.07447,-1.79156],[99.06559,-1.78854],[99.05508,-1.78635],[99.04024,-1.77593],[99.01861,-1.765],[99.01218,-1.76273],[99.00534,-1.75635],[98.99388,-1.75017],[98.95655,-1.72468],[98.92814,-1.70828],[98.92506,-1.7051],[98.90657,-1.69603],[98.87955,-1.6804],[98.87445,-1.6753],[98.86766,-1.66126],[98.86488,-1.64984],[98.86157,-1.6451],[98.85402,-1.63808],[98.82564,-1.61641],[98.82519,-1.61483],[98.83399,-1.60675],[98.83593,-1.6035],[98.83753,-1.59528],[98.83697,-1.58575],[98.81976,-1.56071],[98.81324,-1.54375],[98.80863,-1.54018],[98.80561,-1.53596],[98.80414,-1.52807],[98.80531,-1.5187],[98.79826,-1.50958],[98.7732,-1.48178],[98.76532,-1.47109],[98.76457,-1.46764],[98.75623,-1.45496],[98.74715,-1.4459],[98.74416,-1.437],[98.73663,-1.42147],[98.733,-1.41699],[98.72557,-1.40438],[98.70503,-1.38042],[98.70273,-1.3757],[98.69789,-1.3696],[98.69546,-1.36313],[98.68468,-1.34769],[98.65307,-1.31274],[98.65132,-1.30642],[98.64569,-1.30064],[98.63655,-1.28628],[98.63822,-1.28265],[98.64104,-1.27982],[98.64129,-1.2761],[98.63822,-1.26482],[98.6355,-1.25873],[98.6229,-1.24476],[98.60291,-1.22584],[98.60315,-1.21887],[98.59751,-1.20536],[98.5965,-1.19869],[98.60227,-1.19162],[98.6079,-1.19049],[98.61266,-1.18719],[98.61574,-1.18306],[98.61797,-1.17454],[98.62102,-1.17014],[98.62517,-1.16048],[98.62707,-1.15846],[98.62785,-1.15238],[98.62935,-1.14896],[98.6335,-1.14846],[98.63677,-1.14178],[98.64071,-1.11013],[98.64424,-1.10888],[98.64656,-1.10957],[98.6509,-1.10655],[98.65618,-1.09075],[98.65969,-1.07333],[98.66168,-1.05541],[98.66056,-1.03372],[98.66097,-1.01203],[98.66412,-0.99112],[98.6643,-0.9803],[98.66833,-0.97868],[98.67396,-0.97471],[98.67966,-0.96561],[98.68517,-0.95909],[98.68718,-0.95801],[98.68921,-0.95925],[98.69174,-0.95883],[98.70148,-0.95376],[98.70838,-0.94781],[98.71254,-0.94591],[98.72133,-0.94501],[98.7277,-0.95007],[98.7313,-0.95592],[98.73888,-0.95871],[98.7518,-0.95943],[98.77148,-0.9573],[98.79393,-0.95736],[98.79867,-0.95659],[98.81088,-0.95138],[98.82368,-0.94041],[98.82901,-0.9389],[98.85341,-0.93646],[98.86328,-0.93363],[98.88416,-0.92144],[98.88803,-0.9173],[98.89373,-0.90828],[98.89805,-0.90608],[98.90086,-0.906],[98.90996,-0.9094],[98.91183,-0.91215],[98.91206,-0.91443],[98.90986,-0.91993],[98.91108,-0.92634],[98.90932,-0.93275],[98.9108,-0.93971],[98.91056,-0.94084],[98.90719,-0.94267],[98.90769,-0.9341],[98.90374,-0.92717],[98.90241,-0.92656],[98.90034,-0.92856],[98.8973,-0.93569],[98.89868,-0.94171],[98.90372,-0.9451],[98.9073,-0.94574],[98.91496,-0.94052],[98.9196,-0.93849],[98.92197,-0.93575],[98.9222,-0.93286],[98.92426,-0.93133],[98.92849,-0.93254],[98.93001,-0.93403],[98.93242,-0.93967],[98.93535,-0.95044],[98.93501,-0.95424],[98.93217,-0.9566],[98.93179,-0.95914],[98.93606,-0.96439],[98.94434,-0.98259],[98.94457,-0.99041],[98.94295,-0.99919],[98.94403,-1.00512],[98.94499,-1.00631],[98.94909,-1.00655],[98.95186,-1.01274],[98.95132,-1.01469],[98.94556,-1.01733],[98.94442,-1.01684],[98.93638,-1.00474],[98.9307,-0.99317],[98.92611,-0.98833],[98.92149,-0.988],[98.91907,-0.98955],[98.91659,-0.99938],[98.91718,-1.00248],[98.92497,-1.01473],[98.93587,-1.0285],[98.9368,-1.03123],[98.93671,-1.04164],[98.93824,-1.04525],[98.9402,-1.05762],[98.93902,-1.05916],[98.93709,-1.0595],[98.93712,-1.06193],[98.94368,-1.06913],[98.94587,-1.06814],[98.94678,-1.06866],[98.9472,-1.07192],[98.94571,-1.07633],[98.94626,-1.07983],[98.94763,-1.08178],[98.94992,-1.08399],[98.95322,-1.08341],[98.95473,-1.08428],[98.95195,-1.08744],[98.94853,-1.0883],[98.94855,-1.08944],[98.9527,-1.09139],[98.95808,-1.09121],[98.95836,-1.09039],[98.95537,-1.08727],[98.95471,-1.0853],[98.95687,-1.08049],[98.95558,-1.07643],[98.95665,-1.07594],[98.9588,-1.07687],[98.96723,-1.09115],[98.97261,-1.09704],[98.99544,-1.11058],[99.00206,-1.11722],[98.99896,-1.12662],[98.99871,-1.13409],[99.00506,-1.15248],[99.00799,-1.16415],[99.01433,-1.17159],[99.01937,-1.1726],[99.03106,-1.1838],[99.03408,-1.19239],[99.03365,-1.19518],[99.04063,-1.20487],[99.04072,-1.20798],[99.03585,-1.21288],[99.03446,-1.21292],[99.03255,-1.21119],[99.02802,-1.21172],[99.02806,-1.2159],[99.02527,-1.21988],[99.02566,-1.22215],[99.03172,-1.22498],[99.03151,-1.22801],[99.04148,-1.23085],[99.04592,-1.23122],[99.04634,-1.2273],[99.05041,-1.22672],[99.05552,-1.23194],[99.05685,-1.23521],[99.05716,-1.24295],[99.06749,-1.25238],[99.06883,-1.26426],[99.06521,-1.26443],[99.06527,-1.26585],[99.06563,-1.26964],[99.0688,-1.27301],[99.06196,-1.27577],[99.05347,-1.27403],[99.05892,-1.28112],[99.06039,-1.2856],[99.06341,-1.28687],[99.06419,-1.28961],[99.0566,-1.29128],[99.05399,-1.28968],[99.05123,-1.29178],[99.05042,-1.29516],[99.05415,-1.29729],[99.05262,-1.29567],[99.0539,-1.29348],[99.05641,-1.29429],[99.05656,-1.29659],[99.06362,-1.29674],[99.06356,-1.30161],[99.06794,-1.30148],[99.07358,-1.29199],[99.07614,-1.29083],[99.0787,-1.2926],[99.08324,-1.29961],[99.0836,-1.30323],[99.0893,-1.31299],[99.09078,-1.31911],[99.08917,-1.32753],[99.0893,-1.3327],[99.09285,-1.33719],[99.09663,-1.3487],[99.098,-1.36287],[99.10167,-1.36704],[99.1076,-1.37101],[99.10911,-1.37942],[99.11049,-1.37993],[99.11388,-1.3782],[99.11693,-1.37838],[99.11458,-1.38516],[99.11165,-1.3849],[99.10954,-1.38299],[99.11209,-1.38601],[99.1116,-1.38848],[99.10944,-1.38891],[99.10316,-1.38744],[99.10211,-1.38849],[99.1074,-1.38965],[99.11072,-1.3923],[99.11131,-1.39484],[99.11307,-1.39645],[99.1141,-1.39567],[99.11282,-1.39109],[99.11433,-1.38815],[99.12188,-1.3841],[99.12856,-1.38637],[99.13231,-1.39076],[99.13333,-1.39584],[99.13206,-1.40109],[99.12684,-1.40625],[99.12773,-1.40813],[99.13406,-1.40512],[99.13756,-1.40021],[99.1408,-1.39747],[99.14382,-1.39852],[99.14847,-1.40235],[99.15113,-1.4063],[99.15276,-1.41635],[99.15968,-1.42231],[99.16602,-1.43092],[99.16661,-1.43596],[99.16837,-1.44017],[99.16534,-1.44389],[99.16225,-1.44435],[99.16054,-1.44579],[99.16051,-1.44889],[99.16239,-1.45018],[99.16184,-1.45394],[99.16295,-1.45804],[99.16559,-1.46006],[99.16913,-1.46605],[99.16998,-1.4694],[99.16841,-1.47161],[99.16568,-1.47091],[99.153,-1.4626],[99.1454,-1.46016],[99.14272,-1.46105],[99.13838,-1.45467],[99.12436,-1.4431],[99.12204,-1.43982],[99.11655,-1.43972],[99.11437,-1.44109],[99.12377,-1.45613],[99.13161,-1.45996],[99.13435,-1.4657],[99.14789,-1.4837],[99.16508,-1.49559],[99.1699,-1.49771],[99.17117,-1.49923],[99.1713,-1.50249],[99.17261,-1.50458],[99.17482,-1.50562],[99.17766,-1.50369],[99.17923,-1.5035],[99.18025,-1.50441],[99.18254,-1.50875],[99.18481,-1.51986],[99.18754,-1.5198],[99.19188,-1.51706],[99.19173,-1.51514],[99.19309,-1.51293],[99.19506,-1.51216],[99.19977,-1.51506],[99.20604,-1.52676],[99.20456,-1.53449],[99.20134,-1.5389],[99.19341,-1.54312],[99.19401,-1.54426],[99.20379,-1.54693],[99.20525,-1.54736]]],[[[99.29817,-1.73868],[99.29277,-1.73691],[99.2913,-1.7346],[99.29233,-1.73358],[99.29411,-1.73398],[99.29667,-1.73594],[99.29817,-1.73857],[99.29817,-1.73868]]],[[[99.29695,-1.78042],[99.29442,-1.78038],[99.29406,-1.77916],[99.29595,-1.77888],[99.297,-1.78026],[99.29695,-1.78042]]],[[[99.26598,-1.79606],[99.26806,-1.79682],[99.27231,-1.79532],[99.28248,-1.80233],[99.28832,-1.80513],[99.28971,-1.80681],[99.28945,-1.81499],[99.29116,-1.81746],[99.29133,-1.82158],[99.29436,-1.83175],[99.29397,-1.83382],[99.28545,-1.84021],[99.28112,-1.84081],[99.27745,-1.83877],[99.27259,-1.83761],[99.26527,-1.83873],[99.25849,-1.84455],[99.2522,-1.84469],[99.24522,-1.84964],[99.24175,-1.85015],[99.24072,-1.84534],[99.2513,-1.83782],[99.25354,-1.83343],[99.25321,-1.83173],[99.26946,-1.81249],[99.2691,-1.8077],[99.26617,-1.80128],[99.26074,-1.79494],[99.25617,-1.79367],[99.25466,-1.79042],[99.26143,-1.79167],[99.26482,-1.79412],[99.26576,-1.79593],[99.26598,-1.79606]]],[[[99.28771,-1.87278],[99.28973,-1.87533],[99.28923,-1.87933],[99.28493,-1.8798],[99.27891,-1.87852],[99.27551,-1.87439],[99.27579,-1.87249],[99.28039,-1.87141],[99.28741,-1.87261],[99.28771,-1.87278]]],[[[99.27039,-1.74828],[99.26733,-1.74894],[99.26551,-1.74568],[99.26917,-1.74456],[99.27102,-1.74523],[99.27159,-1.74691],[99.27052,-1.74815],[99.27039,-1.74828]]],[[[99.26882,-1.77251],[99.26759,-1.77382],[99.26624,-1.77374],[99.264,-1.76968],[99.26573,-1.7682],[99.26864,-1.77041],[99.26885,-1.77217],[99.26882,-1.77251]]],[[[99.25926,-1.71962],[99.25955,-1.7234],[99.25864,-1.72485],[99.25768,-1.72456],[99.25131,-1.71541],[99.2529,-1.7142],[99.25753,-1.71531],[99.25859,-1.71599],[99.25902,-1.71803],[99.25926,-1.71962]]],[[[99.24778,-1.69839],[99.24897,-1.69736],[99.24928,-1.69847],[99.24821,-1.69959],[99.24766,-1.69888],[99.24778,-1.69839]]],[[[99.2462,-1.70387],[99.24775,-1.70387],[99.24757,-1.70732],[99.24675,-1.70707],[99.24608,-1.70403],[99.2462,-1.70387]]],[[[99.24423,-1.6918],[99.2459,-1.69214],[99.24667,-1.69478],[99.24571,-1.69555],[99.24389,-1.69195],[99.24423,-1.6918]]],[[[99.24397,-1.70164],[99.24562,-1.70313],[99.24505,-1.70374],[99.24394,-1.70183],[99.24397,-1.70164]]],[[[99.23998,-1.68902],[99.23928,-1.68698],[99.24078,-1.68774],[99.24151,-1.68964],[99.24009,-1.68917],[99.23998,-1.68902]]],[[[99.21758,-1.63474],[99.21797,-1.63703],[99.2146,-1.63478],[99.21461,-1.63411],[99.21749,-1.63463],[99.21758,-1.63474]]],[[[99.18851,-1.49439],[99.18662,-1.498],[99.18096,-1.49546],[99.17881,-1.49175],[99.18149,-1.48819],[99.18215,-1.49162],[99.18444,-1.49491],[99.18842,-1.49432],[99.18851,-1.49439]]],[[[99.17598,-1.48308],[99.17337,-1.48161],[99.17626,-1.48837],[99.17533,-1.48925],[99.17329,-1.4883],[99.16991,-1.48168],[99.1705,-1.4784],[99.17318,-1.47336],[99.17495,-1.47679],[99.17523,-1.47991],[99.1781,-1.48188],[99.1774,-1.48255],[99.17598,-1.48308]]],[[[99.15065,-1.84055],[99.14845,-1.84111],[99.14638,-1.84019],[99.14107,-1.83576],[99.1432,-1.83338],[99.14573,-1.83292],[99.15068,-1.84044],[99.15065,-1.84055]]],[[[99.12216,-1.36209],[99.12178,-1.36503],[99.12033,-1.3666],[99.11024,-1.36429],[99.11176,-1.35781],[99.11367,-1.35964],[99.11134,-1.35388],[99.11515,-1.3559],[99.122,-1.36178],[99.12216,-1.36209]]],[[[99.0947,-1.86427],[99.09062,-1.86643],[99.08138,-1.8678],[99.07753,-1.86665],[99.077,-1.86381],[99.08155,-1.86074],[99.08304,-1.86119],[99.08984,-1.85983],[99.09355,-1.86139],[99.09519,-1.8626],[99.09507,-1.86361],[99.0947,-1.86427]]],[[[99.04249,-1.81024],[99.04479,-1.80558],[99.04703,-1.80528],[99.04842,-1.80676],[99.04899,-1.80901],[99.04739,-1.81538],[99.04513,-1.81493],[99.04281,-1.81081],[99.04249,-1.81024]]],[[[98.95619,-1.05917],[98.95744,-1.06048],[98.95983,-1.06739],[98.95952,-1.06976],[98.95821,-1.07046],[98.95505,-1.06597],[98.95415,-1.06119],[98.95456,-1.0589],[98.95604,-1.0591],[98.95619,-1.05917]]],[[[98.95566,-0.95348],[98.95459,-0.95302],[98.95611,-0.9532],[98.95566,-0.95348]]],[[[98.9484,-1.04178],[98.94747,-1.03931],[98.94829,-1.03766],[98.94936,-1.03746],[98.9492,-1.03902],[98.95226,-1.04292],[98.95092,-1.04369],[98.94986,-1.04313],[98.9484,-1.04178]]],[[[98.94624,-0.9896],[98.94743,-0.98913],[98.94827,-0.99158],[98.94611,-0.99248],[98.94593,-0.99027],[98.94624,-0.9896]]],[[[98.93045,-0.92766],[98.93112,-0.92911],[98.92819,-0.92792],[98.92757,-0.92707],[98.92873,-0.92641],[98.93045,-0.92766]]]]}},{"type":"Feature","properties":{"id_kab":"1303","KDPKAB":"1303","kodekab_kemendagri":"1304","nmkab":"Sijunjung","provinsi":"Sumatera Barat","status_crs":"Sedang","indeks_crs":0.2215,"norm_crs":0.1327,"indeks_hazard":0.4514,"status_hazard":"Tinggi","indeks_exposure":0.2253,"status_exposure":"Sedang","indeks_kerentanan":0.2654,"status_vulnerability":"Sedang","skor_banjir":18.3254,"skor_longsor":29.6749},"geometry":{"type":"Polygon","coordinates":[[[101.22602,-0.60272],[101.23585,-0.60569],[101.24496,-0.61994],[101.24963,-0.62554],[101.2529,-0.62695],[101.25804,-0.62625],[101.26575,-0.62308],[101.27595,-0.62166],[101.28096,-0.62194],[101.2872,-0.62407],[101.29589,-0.6313],[101.30378,-0.63196],[101.30699,-0.62979],[101.33321,-0.64948],[101.35069,-0.67197],[101.3575,-0.66796],[101.35823,-0.66969],[101.35753,-0.67412],[101.35494,-0.67742],[101.35489,-0.67967],[101.35711,-0.6842],[101.36112,-0.68916],[101.36991,-0.69384],[101.37388,-0.69771],[101.4019,-0.71069],[101.41101,-0.71756],[101.41265,-0.72013],[101.41405,-0.73695],[101.41849,-0.73882],[101.42176,-0.73671],[101.42456,-0.73695],[101.42648,-0.74353],[101.43162,-0.74744],[101.43201,-0.75436],[101.44537,-0.76285],[101.46308,-0.77102],[101.47961,-0.78231],[101.4872,-0.79554],[101.49676,-0.80724],[101.50001,-0.80929],[101.50855,-0.81084],[101.52356,-0.81161],[101.53701,-0.81603],[101.54756,-0.82262],[101.5458,-0.8255],[101.54262,-0.82567],[101.54244,-0.83151],[101.53695,-0.84266],[101.52906,-0.84986],[101.52032,-0.85222],[101.52032,-0.85434],[101.51837,-0.85628],[101.51271,-0.85859],[101.49494,-0.85259],[101.49334,-0.84574],[101.47878,-0.83773],[101.46925,-0.83511],[101.464,-0.83973],[101.45954,-0.84225],[101.44617,-0.84732],[101.44108,-0.85089],[101.43794,-0.85127],[101.4305,-0.85524],[101.43054,-0.85723],[101.43427,-0.85881],[101.43674,-0.86169],[101.43803,-0.86897],[101.43603,-0.87934],[101.43663,-0.88583],[101.43227,-0.88704],[101.42384,-0.90117],[101.4217,-0.90197],[101.42005,-0.90118],[101.41957,-0.89936],[101.41544,-0.89961],[101.41441,-0.89999],[101.41348,-0.90448],[101.41476,-0.91121],[101.41902,-0.90945],[101.42053,-0.90994],[101.42019,-0.91147],[101.41881,-0.91177],[101.42345,-0.92193],[101.42492,-0.93775],[101.41913,-0.94998],[101.39624,-0.94073],[101.39188,-0.94107],[101.38665,-0.93951],[101.38388,-0.93607],[101.38229,-0.93594],[101.37727,-0.93951],[101.3741,-0.93951],[101.37026,-0.93647],[101.36307,-0.9379],[101.35322,-0.94648],[101.35311,-0.94782],[101.34398,-0.95214],[101.34356,-0.95553],[101.33787,-0.95837],[101.33446,-0.9506],[101.33218,-0.94908],[101.31898,-0.95183],[101.30823,-0.95199],[101.2952,-0.9504],[101.27955,-0.95074],[101.27268,-0.9486],[101.24917,-0.93356],[101.24078,-0.93143],[101.23936,-0.92986],[101.23497,-0.9293],[101.2313,-0.93049],[101.22653,-0.92855],[101.22123,-0.92489],[101.2214,-0.92315],[101.21275,-0.91612],[101.20954,-0.91232],[101.20895,-0.90881],[101.20106,-0.90618],[101.19433,-0.90589],[101.19258,-0.90823],[101.19141,-0.91378],[101.18849,-0.91612],[101.1917,-0.92197],[101.19316,-0.93279],[101.19141,-0.93776],[101.18819,-0.94068],[101.1879,-0.95033],[101.18606,-0.95165],[101.17857,-0.95398],[101.17556,-0.95693],[101.17363,-0.95744],[101.16499,-0.95528],[101.15431,-0.95552],[101.14861,-0.95868],[101.14497,-0.96232],[101.14315,-0.9628],[101.13963,-0.96135],[101.13575,-0.9628],[101.13308,-0.96596],[101.13223,-0.96972],[101.13041,-0.97166],[101.12373,-0.97409],[101.11772,-0.97393],[101.11402,-0.97676],[101.10953,-0.97627],[101.10359,-0.97785],[101.08709,-0.98853],[101.07908,-0.98756],[101.07301,-0.98974],[101.06791,-0.99023],[101.06233,-0.98622],[101.05724,-0.97615],[101.05001,-0.96842],[101.05608,-0.9576],[101.06706,-0.94938],[101.0596,-0.93391],[101.06276,-0.92517],[101.05909,-0.92185],[101.05645,-0.91558],[101.05196,-0.90964],[101.04759,-0.88585],[101.0431,-0.88052],[101.03655,-0.87918],[101.02514,-0.88088],[101.02235,-0.88258],[101.01935,-0.88294],[101.01282,-0.88215],[101.00142,-0.87857],[100.99256,-0.87129],[100.99207,-0.8679],[100.99596,-0.85613],[100.99401,-0.852],[100.99042,-0.84983],[100.98022,-0.84783],[100.97665,-0.84094],[100.9709,-0.83764],[100.95644,-0.83278],[100.9475,-0.82798],[100.94244,-0.82709],[100.93203,-0.81933],[100.92862,-0.81341],[100.92442,-0.81038],[100.91829,-0.8106],[100.90597,-0.81492],[100.90391,-0.81652],[100.90164,-0.82055],[100.89357,-0.82813],[100.89012,-0.82841],[100.88637,-0.82532],[100.886,-0.81898],[100.88345,-0.81537],[100.88015,-0.81365],[100.86787,-0.80371],[100.86488,-0.80097],[100.86371,-0.79846],[100.85883,-0.79751],[100.856,-0.79946],[100.85249,-0.7997],[100.84992,-0.79346],[100.84416,-0.78839],[100.83294,-0.78892],[100.82667,-0.7871],[100.82292,-0.78838],[100.81879,-0.79389],[100.81124,-0.79547],[100.80766,-0.79514],[100.80616,-0.78454],[100.81296,-0.77868],[100.81342,-0.77678],[100.81245,-0.7748],[100.80512,-0.76957],[100.79935,-0.76303],[100.80116,-0.75989],[100.8056,-0.75823],[100.80789,-0.75547],[100.80817,-0.74934],[100.80543,-0.7416],[100.80596,-0.74002],[100.80933,-0.73776],[100.81005,-0.7354],[100.80426,-0.71991],[100.80288,-0.71863],[100.80327,-0.70572],[100.80245,-0.70398],[100.80072,-0.70449],[100.79841,-0.70276],[100.79848,-0.6968],[100.80509,-0.69195],[100.80668,-0.68775],[100.8015,-0.68189],[100.79748,-0.67462],[100.799,-0.66999],[100.7944,-0.6692],[100.79249,-0.66761],[100.7997,-0.66303],[100.80507,-0.64685],[100.80611,-0.63511],[100.80981,-0.62401],[100.80884,-0.61341],[100.81096,-0.60447],[100.80435,-0.59877],[100.80426,-0.59315],[100.80798,-0.58833],[100.81306,-0.58403],[100.81357,-0.57941],[100.80872,-0.57137],[100.80327,-0.5667],[100.79688,-0.56437],[100.80799,-0.55577],[100.81231,-0.54994],[100.81391,-0.54378],[100.8137,-0.54073],[100.81626,-0.5338],[100.81592,-0.52588],[100.81884,-0.52156],[100.8223,-0.5195],[100.83115,-0.52073],[100.83231,-0.51661],[100.83718,-0.51235],[100.84103,-0.51074],[100.84441,-0.50673],[100.83843,-0.49705],[100.82658,-0.48649],[100.82189,-0.4832],[100.8159,-0.48332],[100.81367,-0.48449],[100.81069,-0.48045],[100.81133,-0.47877],[100.82063,-0.47417],[100.82162,-0.47232],[100.8226,-0.46763],[100.82121,-0.46434],[100.8252,-0.45633],[100.82276,-0.45238],[100.8181,-0.44966],[100.81774,-0.44638],[100.82059,-0.43987],[100.81948,-0.4337],[100.82407,-0.42761],[100.82914,-0.42323],[100.82884,-0.41738],[100.83057,-0.41183],[100.83114,-0.40516],[100.82908,-0.39949],[100.82992,-0.39845],[100.83367,-0.39749],[100.83705,-0.39379],[100.83561,-0.38492],[100.83432,-0.38262],[100.83399,-0.37219],[100.83163,-0.36874],[100.82355,-0.36544],[100.81331,-0.35046],[100.83575,-0.35286],[100.84004,-0.35135],[100.84561,-0.34706],[100.84732,-0.34394],[100.8447,-0.3388],[100.85324,-0.33597],[100.85869,-0.33257],[100.8616,-0.33257],[100.86959,-0.33778],[100.87516,-0.33948],[100.88182,-0.33875],[100.88891,-0.33488],[100.89593,-0.33415],[100.9032,-0.33488],[100.90877,-0.33233],[100.9124,-0.32821],[100.91518,-0.32119],[100.91664,-0.3201],[100.92037,-0.31907],[100.92031,-0.32361],[100.9243,-0.31962],[100.93262,-0.31479],[100.94625,-0.31164],[100.95179,-0.31089],[100.96254,-0.31397],[100.96919,-0.31463],[100.98003,-0.31368],[101.00047,-0.32043],[101.01154,-0.32867],[101.01862,-0.33613],[101.02474,-0.33953],[101.03799,-0.3573],[101.04098,-0.36273],[101.04243,-0.36708],[101.04338,-0.37803],[101.04291,-0.38232],[101.04053,-0.38518],[101.03481,-0.38851],[101.03005,-0.38946],[101.02529,-0.3947],[101.02577,-0.39803],[101.03005,-0.40232],[101.03529,-0.41232],[101.04163,-0.42092],[101.03767,-0.4247],[101.03767,-0.43518],[101.04264,-0.44343],[101.04481,-0.45041],[101.0491,-0.45518],[101.04817,-0.45996],[101.05273,-0.46452],[101.057,-0.47461],[101.06211,-0.48047],[101.06673,-0.48296],[101.06719,-0.49511],[101.07127,-0.50064],[101.07127,-0.50309],[101.07581,-0.50494],[101.08105,-0.50546],[101.09073,-0.5116],[101.09796,-0.50886],[101.10849,-0.50168],[101.11345,-0.50361],[101.11913,-0.51073],[101.12193,-0.51212],[101.12966,-0.5243],[101.14392,-0.53248],[101.15078,-0.53125],[101.16211,-0.53753],[101.16787,-0.5396],[101.18339,-0.55174],[101.19198,-0.5699],[101.20549,-0.58771],[101.20759,-0.59378],[101.2173,-0.59933],[101.22602,-0.60272]]]}},{"type":"Feature","properties":{"id_kab":"1302","KDPKAB":"1302","kodekab_kemendagri":"1303","nmkab":"Solok","provinsi":"Sumatera Barat","status_crs":"Sedang","indeks_crs":0.225,"norm_crs":0.1349,"indeks_hazard":0.5095,"status_hazard":"Tinggi","indeks_exposure":0.1218,"status_exposure":"Rendah","indeks_kerentanan":0.3198,"status_vulnerability":"Sedang","skor_banjir":14.3047,"skor_longsor":35.2205},"geometry":{"type":"Polygon","coordinates":[[[100.7391,-1.10603],[100.73591,-1.10329],[100.72848,-1.10073],[100.72682,-1.09461],[100.71908,-1.09271],[100.7169,-1.09451],[100.70964,-1.09316],[100.69564,-1.10272],[100.68775,-1.10396],[100.68062,-1.10771],[100.6775,-1.1072],[100.67625,-1.10587],[100.67394,-1.1069],[100.67218,-1.11041],[100.66908,-1.11211],[100.66486,-1.11356],[100.66182,-1.11332],[100.65534,-1.11665],[100.64409,-1.1168],[100.63925,-1.11452],[100.6341,-1.10736],[100.62698,-1.10432],[100.62368,-1.10161],[100.62192,-1.0917],[100.62417,-1.08078],[100.62062,-1.07487],[100.62349,-1.06989],[100.62236,-1.06089],[100.61551,-1.06535],[100.61079,-1.0656],[100.60414,-1.07012],[100.59857,-1.071],[100.58777,-1.07515],[100.58086,-1.07069],[100.57842,-1.06586],[100.57992,-1.06134],[100.57946,-1.05972],[100.57426,-1.05436],[100.57047,-1.04859],[100.57059,-1.04232],[100.56767,-1.0307],[100.55571,-1.02606],[100.55205,-1.00679],[100.55243,-0.99996],[100.55007,-0.99299],[100.5531,-0.98765],[100.54636,-0.97228],[100.54599,-0.9581],[100.54407,-0.95134],[100.54398,-0.94668],[100.54571,-0.93545],[100.54798,-0.93315],[100.55452,-0.92196],[100.55661,-0.92173],[100.56077,-0.91786],[100.56355,-0.90726],[100.56631,-0.90254],[100.56584,-0.89582],[100.56366,-0.89348],[100.56191,-0.88457],[100.55838,-0.87821],[100.5567,-0.86178],[100.55545,-0.85946],[100.55354,-0.85761],[100.54692,-0.85895],[100.54174,-0.85844],[100.53858,-0.85672],[100.53429,-0.85168],[100.53365,-0.84755],[100.5357,-0.84138],[100.54395,-0.83618],[100.54882,-0.82973],[100.54988,-0.82529],[100.54515,-0.81708],[100.54492,-0.81492],[100.5569,-0.8186],[100.56134,-0.81905],[100.59635,-0.80626],[100.62485,-0.79909],[100.63153,-0.79598],[100.63614,-0.79521],[100.64271,-0.79728],[100.64117,-0.80263],[100.64181,-0.80476],[100.64408,-0.80554],[100.65904,-0.80719],[100.66157,-0.80955],[100.66684,-0.81094],[100.67567,-0.80766],[100.6794,-0.8043],[100.67688,-0.79371],[100.67066,-0.78846],[100.67068,-0.78001],[100.67264,-0.77077],[100.67472,-0.76772],[100.67987,-0.76439],[100.68476,-0.76317],[100.68625,-0.76118],[100.68557,-0.75968],[100.68845,-0.74582],[100.68748,-0.74318],[100.67964,-0.73869],[100.65979,-0.7433],[100.64208,-0.7438],[100.64316,-0.74712],[100.63371,-0.75175],[100.63079,-0.7541],[100.63098,-0.75615],[100.63397,-0.76136],[100.63391,-0.76469],[100.62793,-0.77131],[100.62135,-0.77332],[100.60601,-0.7715],[100.59704,-0.76851],[100.59478,-0.77414],[100.58739,-0.7784],[100.58499,-0.78123],[100.58241,-0.78903],[100.56178,-0.7944],[100.55715,-0.80084],[100.55206,-0.80263],[100.54993,-0.8019],[100.5479,-0.80267],[100.54335,-0.80884],[100.54167,-0.80766],[100.53873,-0.80852],[100.53763,-0.80766],[100.53759,-0.80375],[100.53666,-0.80192],[100.52757,-0.79132],[100.5221,-0.79092],[100.51765,-0.79462],[100.51189,-0.79574],[100.51141,-0.7894],[100.5078,-0.78779],[100.50599,-0.78531],[100.50657,-0.76873],[100.50357,-0.75729],[100.49951,-0.75439],[100.49594,-0.75369],[100.49041,-0.75506],[100.48318,-0.75217],[100.47879,-0.74557],[100.47829,-0.73967],[100.47647,-0.73605],[100.46297,-0.73115],[100.46084,-0.7296],[100.45891,-0.72479],[100.45678,-0.72256],[100.45234,-0.71943],[100.44594,-0.71691],[100.44232,-0.71398],[100.44016,-0.70661],[100.43995,-0.70124],[100.44136,-0.69701],[100.4395,-0.69196],[100.43919,-0.68531],[100.44168,-0.66726],[100.44019,-0.66393],[100.43482,-0.65905],[100.4363,-0.65699],[100.44385,-0.65508],[100.45086,-0.65646],[100.46346,-0.65402],[100.47426,-0.65798],[100.48688,-0.65862],[100.50003,-0.64834],[100.51575,-0.64557],[100.52367,-0.64233],[100.53343,-0.63506],[100.575,-0.61006],[100.57709,-0.59949],[100.57992,-0.5934],[100.59026,-0.58393],[100.59405,-0.57156],[100.59655,-0.55789],[100.60092,-0.55394],[100.6063,-0.55234],[100.61381,-0.559],[100.62055,-0.5574],[100.62418,-0.55197],[100.62729,-0.55014],[100.63151,-0.55195],[100.63698,-0.54394],[100.63673,-0.54096],[100.63876,-0.53818],[100.65276,-0.53731],[100.66834,-0.53481],[100.67792,-0.53668],[100.6803,-0.53979],[100.68049,-0.54204],[100.6777,-0.55433],[100.6838,-0.55723],[100.68897,-0.55416],[100.69856,-0.55528],[100.69952,-0.55619],[100.70074,-0.56004],[100.70032,-0.56726],[100.70112,-0.56919],[100.70727,-0.57392],[100.70657,-0.57454],[100.7074,-0.58024],[100.71314,-0.59113],[100.7111,-0.59208],[100.70956,-0.59121],[100.6954,-0.59576],[100.69272,-0.59754],[100.69263,-0.59858],[100.70253,-0.60762],[100.70234,-0.61883],[100.69927,-0.62259],[100.69202,-0.62712],[100.69234,-0.6332],[100.69456,-0.63618],[100.69289,-0.64871],[100.70442,-0.65674],[100.70933,-0.65454],[100.71921,-0.65631],[100.72244,-0.65907],[100.72529,-0.66602],[100.73464,-0.66651],[100.73601,-0.66777],[100.73556,-0.66891],[100.72924,-0.67227],[100.72137,-0.6781],[100.70997,-0.67646],[100.70394,-0.6774],[100.70311,-0.67862],[100.70142,-0.6845],[100.70198,-0.69923],[100.69541,-0.70902],[100.69468,-0.72163],[100.69778,-0.7255],[100.70553,-0.72652],[100.70764,-0.73203],[100.71169,-0.73448],[100.71594,-0.73411],[100.71933,-0.73259],[100.72454,-0.72616],[100.72939,-0.72405],[100.74494,-0.72465],[100.74774,-0.73723],[100.75159,-0.73805],[100.77384,-0.75054],[100.78262,-0.7624],[100.78558,-0.76483],[100.78769,-0.76368],[100.79869,-0.76254],[100.80512,-0.76957],[100.81245,-0.7748],[100.81342,-0.77678],[100.81296,-0.77868],[100.80616,-0.78454],[100.8079,-0.79532],[100.81879,-0.79389],[100.82292,-0.78838],[100.82667,-0.7871],[100.83294,-0.78892],[100.84416,-0.78839],[100.84992,-0.79346],[100.85249,-0.7997],[100.856,-0.79946],[100.85883,-0.79751],[100.86371,-0.79846],[100.86488,-0.80097],[100.86787,-0.80371],[100.88015,-0.81365],[100.88345,-0.81537],[100.886,-0.81898],[100.88637,-0.82532],[100.89012,-0.82841],[100.89357,-0.82813],[100.90164,-0.82055],[100.90391,-0.81652],[100.90597,-0.81492],[100.91829,-0.8106],[100.92442,-0.81038],[100.92862,-0.81341],[100.93203,-0.81933],[100.94244,-0.82709],[100.9475,-0.82798],[100.95644,-0.83278],[100.9709,-0.83764],[100.97665,-0.84094],[100.98022,-0.84783],[100.99042,-0.84983],[100.99401,-0.852],[100.99596,-0.85613],[100.99207,-0.8679],[100.99256,-0.87129],[101.00142,-0.87857],[101.01282,-0.88215],[101.01935,-0.88294],[101.02235,-0.88258],[101.02514,-0.88088],[101.03655,-0.87918],[101.0431,-0.88052],[101.04759,-0.88585],[101.05196,-0.90964],[101.05645,-0.91558],[101.05909,-0.92185],[101.06276,-0.92517],[101.0596,-0.93391],[101.06706,-0.94938],[101.05608,-0.9576],[101.05001,-0.96842],[101.05724,-0.97615],[101.06233,-0.98622],[101.06791,-0.99023],[101.07301,-0.98974],[101.07908,-0.98756],[101.08709,-0.98853],[101.10359,-0.97785],[101.10953,-0.97627],[101.11402,-0.97676],[101.11772,-0.97393],[101.12373,-0.97409],[101.13041,-0.97166],[101.13223,-0.96972],[101.13308,-0.96596],[101.13575,-0.9628],[101.13963,-0.96135],[101.14315,-0.9628],[101.14497,-0.96232],[101.14861,-0.95868],[101.15431,-0.95552],[101.16499,-0.95528],[101.17363,-0.95744],[101.17556,-0.95693],[101.17857,-0.95398],[101.18721,-0.95068],[101.1937,-0.95104],[101.19544,-0.95225],[101.19652,-0.96072],[101.19986,-0.96772],[101.20261,-0.97804],[101.20026,-0.98061],[101.20365,-0.98602],[101.19486,-0.99142],[101.19127,-0.99673],[101.19071,-1.00904],[101.18792,-1.02056],[101.18137,-1.03003],[101.17676,-1.03282],[101.17288,-1.03343],[101.16814,-1.03282],[101.16487,-1.03051],[101.15737,-1.03188],[101.144,-1.0361],[101.14375,-1.03986],[101.14485,-1.04228],[101.15431,-1.04617],[101.1588,-1.05151],[101.16171,-1.05818],[101.1622,-1.06206],[101.16001,-1.06934],[101.15613,-1.07323],[101.15492,-1.07638],[101.15783,-1.08124],[101.15904,-1.09264],[101.16827,-1.10575],[101.16847,-1.10979],[101.17458,-1.12152],[101.17822,-1.13414],[101.18453,-1.13924],[101.1855,-1.14361],[101.19169,-1.15089],[101.19533,-1.15902],[101.19872,-1.16326],[101.2077,-1.16302],[101.21753,-1.17443],[101.22105,-1.18389],[101.2253,-1.1913],[101.22882,-1.19275],[101.24144,-1.21035],[101.24204,-1.21945],[101.23986,-1.22673],[101.23416,-1.23146],[101.23343,-1.23413],[101.23755,-1.24032],[101.23743,-1.24408],[101.23622,-1.24639],[101.22833,-1.24724],[101.2185,-1.24639],[101.20443,-1.23838],[101.20103,-1.23207],[101.19775,-1.23013],[101.19387,-1.23013],[101.1872,-1.2277],[101.18149,-1.22903],[101.17191,-1.22515],[101.16948,-1.22576],[101.1662,-1.22818],[101.16329,-1.22709],[101.16208,-1.226],[101.15734,-1.21496],[101.15498,-1.20451],[101.14879,-1.19536],[101.14723,-1.19415],[101.1414,-1.19308],[101.12898,-1.18869],[101.11567,-1.16723],[101.10565,-1.16137],[101.10181,-1.15651],[101.09337,-1.15009],[101.08385,-1.14816],[101.07323,-1.14102],[101.06274,-1.13685],[101.05868,-1.13346],[101.03842,-1.13554],[101.02271,-1.13262],[101.00701,-1.1332],[101.00398,-1.13389],[101.00728,-1.13853],[101.00868,-1.14363],[101.0083,-1.14923],[101.00996,-1.15408],[101.01658,-1.16452],[101.02384,-1.17128],[101.02435,-1.18313],[101.02232,-1.18886],[101.01964,-1.19166],[101.02015,-1.19752],[101.02448,-1.20262],[101.02295,-1.20874],[101.02423,-1.22734],[101.01837,-1.236],[101.01392,-1.24506],[101.00664,-1.25639],[101.0046,-1.25812],[101.00261,-1.26275],[101.00205,-1.2681],[101.00318,-1.27671],[101.00499,-1.28078],[101.00445,-1.28436],[101.00166,-1.2895],[100.99048,-1.29557],[100.99124,-1.30132],[100.98985,-1.30254],[100.97732,-1.29959],[100.96479,-1.30184],[100.95301,-1.30207],[100.94913,-1.29813],[100.94445,-1.28718],[100.94021,-1.28632],[100.93668,-1.2837],[100.92591,-1.2884],[100.91853,-1.28808],[100.90997,-1.29039],[100.90017,-1.29784],[100.89336,-1.30588],[100.88815,-1.30984],[100.87991,-1.31248],[100.87562,-1.3132],[100.87195,-1.3121],[100.86971,-1.31345],[100.8662,-1.31247],[100.86579,-1.30847],[100.86347,-1.30467],[100.85947,-1.29875],[100.8562,-1.29703],[100.85397,-1.29729],[100.8482,-1.30264],[100.83502,-1.30554],[100.82704,-1.29358],[100.82435,-1.28466],[100.81587,-1.28056],[100.81273,-1.27681],[100.81035,-1.27643],[100.8003,-1.27793],[100.79833,-1.27458],[100.79999,-1.26753],[100.80079,-1.25492],[100.80272,-1.25232],[100.80671,-1.24984],[100.80989,-1.24493],[100.80573,-1.23716],[100.80642,-1.23262],[100.80203,-1.22505],[100.79755,-1.22263],[100.79794,-1.21253],[100.79919,-1.20925],[100.80199,-1.20609],[100.80004,-1.19978],[100.79739,-1.19868],[100.79475,-1.19126],[100.7907,-1.18426],[100.78945,-1.18466],[100.78479,-1.18155],[100.77807,-1.17175],[100.77713,-1.17018],[100.77753,-1.1627],[100.77385,-1.16028],[100.76461,-1.15851],[100.76175,-1.15986],[100.75962,-1.16376],[100.75724,-1.16418],[100.75366,-1.16233],[100.75146,-1.15638],[100.75254,-1.1501],[100.74788,-1.13799],[100.74802,-1.13233],[100.75147,-1.12669],[100.75158,-1.12375],[100.74355,-1.11667],[100.73944,-1.11036],[100.73974,-1.10712],[100.7391,-1.10603]]]}},{"type":"Feature","properties":{"id_kab":"1375","KDPKAB":"1375","kodekab_kemendagri":"1375","nmkab":"Kota Bukittinggi","provinsi":"Sumatera Barat","status_crs":"Rendah","indeks_crs":0.0368,"norm_crs":0.0221,"indeks_hazard":0.0369,"status_hazard":"Rendah","indeks_exposure":0.716,"status_exposure":"Sangat Tinggi","indeks_kerentanan":0.2818,"status_vulnerability":"Sedang","skor_banjir":19.6447,"skor_longsor":17.4937},"geometry":{"type":"Polygon","coordinates":[[[100.39861,-0.30739],[100.40439,-0.31512],[100.4063,-0.31914],[100.40526,-0.32],[100.40127,-0.32161],[100.39713,-0.32108],[100.39367,-0.32177],[100.39062,-0.32525],[100.38584,-0.3249],[100.37945,-0.32215],[100.37523,-0.3215],[100.37117,-0.32209],[100.3662,-0.31672],[100.3647,-0.31109],[100.35299,-0.30181],[100.34305,-0.29624],[100.34165,-0.29134],[100.33342,-0.2797],[100.33348,-0.27844],[100.33839,-0.27524],[100.33621,-0.27148],[100.34994,-0.27811],[100.35864,-0.28491],[100.3691,-0.28207],[100.37406,-0.28567],[100.38492,-0.28338],[100.38794,-0.28379],[100.39119,-0.28663],[100.39093,-0.28778],[100.39758,-0.2955],[100.39778,-0.30684],[100.39861,-0.30739]]]}},{"type":"Feature","properties":{"id_kab":"1374","KDPKAB":"1374","kodekab_kemendagri":"1374","nmkab":"Kota Padang Panjang","provinsi":"Sumatera Barat","status_crs":"Rendah","indeks_crs":0.0275,"norm_crs":0.0165,"indeks_hazard":0.0661,"status_hazard":"Rendah","indeks_exposure":0.2182,"status_exposure":"Sedang","indeks_kerentanan":0.1974,"status_vulnerability":"Rendah","skor_banjir":17.351,"skor_longsor":20.552},"geometry":{"type":"Polygon","coordinates":[[[100.40892,-0.45981],[100.40951,-0.46076],[100.41054,-0.46054],[100.41014,-0.45817],[100.41144,-0.45468],[100.4238,-0.45573],[100.42522,-0.4583],[100.43503,-0.46579],[100.43565,-0.469],[100.43471,-0.48148],[100.43289,-0.48818],[100.42612,-0.48605],[100.42506,-0.48661],[100.42231,-0.48397],[100.42135,-0.48078],[100.41883,-0.48015],[100.41735,-0.48053],[100.41686,-0.48219],[100.41423,-0.48402],[100.40585,-0.48006],[100.40207,-0.48362],[100.39505,-0.48317],[100.39105,-0.48421],[100.38389,-0.48298],[100.37485,-0.48363],[100.37226,-0.4829],[100.36534,-0.47735],[100.37732,-0.46213],[100.38183,-0.46279],[100.38793,-0.46029],[100.39619,-0.45983],[100.39578,-0.45033],[100.40382,-0.45067],[100.4049,-0.453],[100.40754,-0.45367],[100.40747,-0.45664],[100.40892,-0.45981]]]}},{"type":"Feature","properties":{"id_kab":"1377","KDPKAB":"1377","kodekab_kemendagri":"1377","nmkab":"Kota Pariaman","provinsi":"Sumatera Barat","status_crs":"Sedang","indeks_crs":0.228,"norm_crs":0.1366,"indeks_hazard":0.299,"status_hazard":"Sedang","indeks_exposure":0.5831,"status_exposure":"Tinggi","indeks_kerentanan":0.1793,"status_vulnerability":"Rendah","skor_banjir":30.041,"skor_longsor":13.9674},"geometry":{"type":"MultiPolygon","coordinates":[[[[100.18048,-0.60951],[100.18171,-0.61364],[100.18141,-0.61658],[100.17989,-0.61911],[100.18168,-0.62091],[100.18351,-0.61986],[100.18512,-0.62153],[100.18187,-0.6237],[100.17365,-0.62377],[100.17357,-0.62858],[100.1757,-0.63197],[100.17309,-0.63722],[100.17082,-0.6462],[100.17339,-0.64951],[100.17262,-0.65233],[100.17194,-0.65281],[100.16537,-0.65021],[100.16054,-0.6561],[100.16021,-0.65831],[100.16139,-0.65857],[100.16278,-0.65712],[100.16319,-0.65933],[100.15859,-0.66282],[100.1575,-0.66122],[100.1586,-0.6602],[100.15654,-0.65999],[100.15327,-0.66569],[100.15428,-0.66864],[100.15706,-0.66913],[100.15814,-0.67069],[100.15906,-0.67451],[100.1584,-0.67554],[100.13917,-0.65588],[100.12675,-0.6454],[100.12134,-0.63573],[100.11702,-0.63086],[100.11384,-0.6228],[100.11544,-0.6219],[100.11595,-0.62038],[100.11409,-0.61208],[100.10625,-0.59542],[100.09661,-0.58142],[100.08936,-0.56644],[100.09562,-0.56471],[100.10173,-0.56552],[100.10548,-0.56148],[100.11119,-0.55968],[100.12189,-0.55052],[100.12772,-0.54912],[100.13338,-0.55061],[100.1335,-0.55284],[100.13211,-0.55444],[100.13595,-0.56065],[100.13393,-0.56333],[100.13286,-0.56243],[100.13122,-0.56333],[100.13507,-0.57112],[100.13689,-0.57127],[100.13843,-0.56987],[100.1408,-0.57015],[100.1443,-0.57216],[100.14844,-0.57627],[100.14796,-0.57861],[100.14376,-0.58305],[100.14193,-0.58371],[100.14214,-0.58538],[100.16393,-0.5939],[100.17167,-0.60331],[100.17435,-0.60428],[100.1777,-0.60785],[100.18048,-0.60951]]],[[[100.11033,-0.66101],[100.11028,-0.6595],[100.11155,-0.65891],[100.11055,-0.66119],[100.11033,-0.66101]]],[[[100.10303,-0.64728],[100.1018,-0.64865],[100.1006,-0.64727],[100.10134,-0.64618],[100.10286,-0.64651],[100.10303,-0.64728]]],[[[100.0981,-0.63405],[100.09962,-0.6324],[100.10043,-0.6338],[100.09836,-0.63425],[100.0981,-0.63405]]],[[[100.07455,-0.59647],[100.07572,-0.59551],[100.07573,-0.59678],[100.07469,-0.59666],[100.07455,-0.59647]]]]}},{"type":"Feature","properties":{"id_kab":"1376","KDPKAB":"1376","kodekab_kemendagri":"1376","nmkab":"Kota Payakumbuh","provinsi":"Sumatera Barat","status_crs":"Sedang","indeks_crs":0.1181,"norm_crs":0.0708,"indeks_hazard":0.2578,"status_hazard":"Sedang","indeks_exposure":0.3459,"status_exposure":"Sedang","indeks_kerentanan":0.1121,"status_vulnerability":"Rendah","skor_banjir":25.2501,"skor_longsor":17.6776},"geometry":{"type":"Polygon","coordinates":[[[100.64443,-0.25836],[100.64676,-0.26714],[100.6463,-0.26981],[100.64824,-0.27483],[100.64474,-0.27461],[100.63429,-0.26805],[100.61542,-0.27451],[100.60797,-0.26864],[100.6068,-0.27072],[100.59915,-0.26779],[100.59721,-0.26046],[100.59436,-0.25828],[100.59692,-0.25584],[100.59993,-0.25477],[100.60023,-0.25346],[100.59549,-0.25162],[100.59267,-0.24404],[100.58686,-0.23954],[100.58895,-0.23939],[100.59138,-0.23709],[100.59228,-0.23478],[100.59173,-0.23089],[100.59416,-0.2269],[100.5992,-0.22052],[100.60214,-0.21969],[100.59292,-0.21787],[100.59012,-0.21464],[100.58375,-0.21107],[100.58267,-0.20927],[100.58351,-0.20177],[100.58525,-0.19932],[100.59347,-0.19322],[100.59843,-0.19144],[100.6041,-0.19353],[100.60438,-0.19587],[100.60605,-0.19652],[100.62427,-0.19454],[100.62388,-0.20094],[100.62548,-0.20013],[100.63263,-0.19101],[100.6324,-0.18707],[100.6342,-0.18419],[100.66243,-0.1883],[100.66405,-0.19059],[100.66933,-0.18962],[100.67747,-0.19237],[100.67826,-0.19523],[100.67514,-0.19736],[100.67413,-0.20154],[100.67669,-0.20243],[100.67891,-0.20149],[100.6816,-0.20319],[100.68496,-0.20793],[100.68263,-0.21258],[100.67599,-0.22104],[100.67891,-0.23386],[100.6785,-0.23523],[100.66891,-0.24402],[100.66114,-0.24232],[100.65433,-0.24491],[100.65269,-0.24843],[100.64773,-0.24977],[100.64441,-0.2567],[100.64443,-0.25836]]]}},{"type":"Feature","properties":{"id_kab":"1371","KDPKAB":"1371","kodekab_kemendagri":"1371","nmkab":"Kota Padang","provinsi":"Sumatera Barat","status_crs":"Tinggi","indeks_crs":0.3648,"norm_crs":0.2186,"indeks_hazard":0.7584,"status_hazard":"Sangat Tinggi","indeks_exposure":0.481,"status_exposure":"Tinggi","indeks_kerentanan":0.0,"status_vulnerability":"Rendah","skor_banjir":19.8868,"skor_longsor":36.1599},"geometry":{"type":"MultiPolygon","coordinates":[[[[100.3512,-0.9643],[100.35291,-0.96077],[100.35298,-0.95717],[100.34934,-0.9233],[100.34722,-0.91629],[100.34338,-0.90911],[100.34404,-0.89568],[100.34121,-0.88231],[100.33358,-0.86798],[100.33105,-0.8603],[100.32112,-0.84553],[100.30966,-0.83349],[100.29211,-0.82035],[100.29214,-0.81581],[100.29362,-0.81249],[100.29289,-0.81029],[100.29091,-0.80852],[100.29274,-0.80641],[100.30254,-0.80591],[100.30978,-0.80782],[100.31619,-0.80594],[100.32172,-0.80596],[100.32549,-0.80358],[100.33417,-0.80168],[100.33924,-0.8046],[100.34371,-0.80433],[100.3489,-0.80214],[100.35316,-0.79892],[100.35524,-0.79907],[100.35825,-0.80141],[100.36101,-0.80221],[100.36744,-0.80045],[100.37183,-0.79011],[100.37481,-0.78789],[100.37628,-0.78512],[100.37691,-0.77237],[100.38145,-0.76878],[100.38203,-0.76436],[100.38435,-0.75927],[100.39572,-0.75459],[100.39968,-0.74903],[100.40132,-0.74807],[100.41257,-0.74641],[100.41606,-0.74509],[100.41816,-0.74291],[100.4238,-0.74303],[100.43153,-0.74073],[100.43903,-0.73536],[100.44984,-0.73234],[100.45629,-0.72873],[100.45848,-0.72429],[100.46082,-0.72959],[100.46297,-0.73115],[100.47295,-0.7343],[100.4769,-0.73652],[100.47829,-0.73967],[100.47879,-0.74557],[100.48318,-0.75217],[100.49041,-0.75506],[100.49594,-0.75369],[100.49951,-0.75439],[100.50357,-0.75729],[100.50657,-0.76873],[100.50599,-0.78531],[100.5078,-0.78779],[100.51141,-0.7894],[100.51189,-0.79574],[100.51765,-0.79462],[100.5221,-0.79092],[100.52757,-0.79132],[100.53666,-0.80192],[100.53784,-0.80803],[100.53936,-0.80854],[100.54167,-0.80766],[100.54515,-0.81708],[100.54975,-0.82491],[100.54882,-0.82973],[100.54395,-0.83618],[100.5357,-0.84138],[100.53365,-0.84755],[100.53429,-0.85168],[100.53858,-0.85672],[100.54174,-0.85844],[100.54692,-0.85895],[100.55354,-0.85761],[100.55545,-0.85946],[100.5567,-0.86178],[100.55838,-0.87821],[100.56191,-0.88457],[100.56366,-0.89348],[100.56584,-0.89582],[100.56623,-0.90302],[100.56355,-0.90726],[100.56077,-0.91786],[100.55661,-0.92173],[100.55452,-0.92196],[100.54798,-0.93315],[100.54571,-0.93545],[100.54398,-0.94668],[100.54407,-0.95134],[100.54599,-0.9581],[100.54636,-0.97228],[100.54555,-0.97008],[100.54053,-0.96631],[100.53857,-0.95897],[100.5363,-0.95775],[100.52893,-0.97699],[100.52377,-0.98615],[100.51982,-0.99081],[100.50661,-0.99809],[100.49949,-1.0],[100.4927,-1.0044],[100.48395,-1.00151],[100.47906,-1.00342],[100.47147,-1.01534],[100.46618,-1.02139],[100.46508,-1.02704],[100.44707,-1.04235],[100.43929,-1.05287],[100.42989,-1.05906],[100.42818,-1.06608],[100.43031,-1.06856],[100.42857,-1.07272],[100.42206,-1.08364],[100.41752,-1.08888],[100.41494,-1.09425],[100.416,-1.09616],[100.42073,-1.09986],[100.42074,-1.10852],[100.41272,-1.11238],[100.40839,-1.11577],[100.39348,-1.13089],[100.37553,-1.13644],[100.36279,-1.14501],[100.36642,-1.13863],[100.36647,-1.13671],[100.36378,-1.13225],[100.35982,-1.13336],[100.36082,-1.12827],[100.36364,-1.12424],[100.36635,-1.12419],[100.3677,-1.12554],[100.37129,-1.12471],[100.37401,-1.12355],[100.37338,-1.1229],[100.3742,-1.12024],[100.38054,-1.1238],[100.38315,-1.12853],[100.38715,-1.12704],[100.38807,-1.12432],[100.38538,-1.11963],[100.38505,-1.11496],[100.38183,-1.11012],[100.37443,-1.10348],[100.37256,-1.0995],[100.37215,-1.09606],[100.3665,-1.08966],[100.36545,-1.07822],[100.36651,-1.07611],[100.36834,-1.07673],[100.37385,-1.07356],[100.37642,-1.06885],[100.37687,-1.06513],[100.37883,-1.06362],[100.38188,-1.06343],[100.38168,-1.06447],[100.38778,-1.06793],[100.38909,-1.07692],[100.3931,-1.07176],[100.39378,-1.06919],[100.39714,-1.06642],[100.39839,-1.06766],[100.39819,-1.07033],[100.39977,-1.07148],[100.40144,-1.0718],[100.40411,-1.07016],[100.40575,-1.0719],[100.40579,-1.0739],[100.40886,-1.07478],[100.41278,-1.071],[100.41238,-1.068],[100.41463,-1.05939],[100.41205,-1.05429],[100.41019,-1.05252],[100.4127,-1.04561],[100.41121,-1.03957],[100.40929,-1.03778],[100.40432,-1.03676],[100.40175,-1.03189],[100.39809,-1.0298],[100.3961,-1.02963],[100.39435,-1.03078],[100.39233,-1.03633],[100.38787,-1.03911],[100.3843,-1.04341],[100.38013,-1.04355],[100.37849,-1.04176],[100.37757,-1.03887],[100.38008,-1.03331],[100.38683,-1.0254],[100.3912,-1.00945],[100.38903,-1.00741],[100.38772,-1.00893],[100.38592,-1.00854],[100.38579,-1.00603],[100.38726,-1.00447],[100.38713,-1.00152],[100.38516,-0.99585],[100.38249,-0.99335],[100.3797,-0.99583],[100.38051,-0.99786],[100.37588,-0.99546],[100.3712,-0.99899],[100.36495,-1.00562],[100.36331,-1.00213],[100.36535,-0.99631],[100.35999,-0.99094],[100.35855,-0.98714],[100.3601,-0.97941],[100.35911,-0.97688],[100.35791,-0.97487],[100.34769,-0.96824],[100.34684,-0.96588],[100.34805,-0.96394],[100.34978,-0.96349],[100.35111,-0.96434],[100.3512,-0.9643]]],[[[100.37999,-1.11861],[100.3816,-1.11844],[100.38309,-1.12129],[100.37979,-1.1191],[100.37999,-1.11861]]],[[[100.37655,-0.99925],[100.37662,-0.99948],[100.37638,-0.99973],[100.37618,-0.99975],[100.37608,-0.99955],[100.37608,-0.99933],[100.37621,-0.9992],[100.37655,-0.99925]]],[[[100.36862,-1.12063],[100.36451,-1.11751],[100.36737,-1.11623],[100.36973,-1.11845],[100.36933,-1.12059],[100.36862,-1.12063]]],[[[100.36742,-1.07596],[100.36788,-1.07656],[100.36739,-1.07598],[100.36742,-1.07596]]],[[[100.35909,-1.14578],[100.35825,-1.14637],[100.35669,-1.14426],[100.35893,-1.1423],[100.35949,-1.14527],[100.35909,-1.14578]]],[[[100.35512,-1.11929],[100.35666,-1.1193],[100.35497,-1.11951],[100.35512,-1.11929]]],[[[100.35075,-1.12498],[100.35189,-1.1238],[100.35512,-1.12323],[100.35628,-1.12419],[100.35223,-1.13342],[100.35033,-1.13358],[100.34914,-1.13146],[100.35075,-1.12498]]],[[[100.35477,-0.99022],[100.3534,-0.99192],[100.35247,-0.99196],[100.35264,-0.99094],[100.35481,-0.99014],[100.35477,-0.99022]]],[[[100.3389,-1.12165],[100.34043,-1.11982],[100.34203,-1.12001],[100.34274,-1.12377],[100.34084,-1.12503],[100.33888,-1.12371],[100.33866,-1.12245],[100.3389,-1.12165]]],[[[100.3414,-0.99227],[100.34134,-0.99509],[100.3382,-0.99631],[100.33739,-0.99547],[100.33765,-0.99024],[100.34128,-0.99211],[100.3414,-0.99227]]],[[[100.33866,-1.12323],[100.33783,-1.12344],[100.33847,-1.12271],[100.33866,-1.12323]]],[[[100.33124,-1.15158],[100.32901,-1.1528],[100.3257,-1.15244],[100.32578,-1.14812],[100.32692,-1.14631],[100.33141,-1.14438],[100.33517,-1.1451],[100.33173,-1.1512],[100.33124,-1.15158]]],[[[100.30153,-0.8594],[100.30114,-0.85834],[100.30293,-0.85776],[100.30305,-0.85906],[100.30194,-0.85954],[100.30153,-0.8594]]],[[[100.29623,-1.07349],[100.29727,-1.07355],[100.29711,-1.07611],[100.29577,-1.07605],[100.29561,-1.07446],[100.29623,-1.07349]]],[[[100.20454,-0.87577],[100.20431,-0.87426],[100.20558,-0.8737],[100.20622,-0.87511],[100.20504,-0.87597],[100.20454,-0.87577]]],[[[100.17157,-1.13547],[100.17378,-1.13533],[100.17147,-1.1368],[100.17122,-1.13621],[100.17157,-1.13547]]],[[[100.17132,-1.1341],[100.1698,-1.13552],[100.17118,-1.1339],[100.17132,-1.1341]]],[[[100.09887,-0.87456],[100.10004,-0.87249],[100.10186,-0.87282],[100.10099,-0.87545],[100.09896,-0.87484],[100.09887,-0.87456]]]]}},{"type":"Feature","properties":{"id_kab":"1373","KDPKAB":"1373","kodekab_kemendagri":"1373","nmkab":"Kota Sawahlunto","provinsi":"Sumatera Barat","status_crs":"Rendah","indeks_crs":0.0605,"norm_crs":0.0363,"indeks_hazard":0.3866,"status_hazard":"Tinggi","indeks_exposure":0.0436,"status_exposure":"Rendah","indeks_kerentanan":0.113,"status_vulnerability":"Rendah","skor_banjir":20.3627,"skor_longsor":25.9398},"geometry":{"type":"Polygon","coordinates":[[[100.79848,-0.6968],[100.79841,-0.70276],[100.80072,-0.70449],[100.80245,-0.70398],[100.80344,-0.70637],[100.80288,-0.71863],[100.80426,-0.71991],[100.81005,-0.7354],[100.80933,-0.73776],[100.80596,-0.74002],[100.80543,-0.7416],[100.80817,-0.74934],[100.80789,-0.75547],[100.8056,-0.75823],[100.80116,-0.75989],[100.79942,-0.76348],[100.79869,-0.76254],[100.78769,-0.76368],[100.78558,-0.76483],[100.78262,-0.7624],[100.77384,-0.75054],[100.75159,-0.73805],[100.74774,-0.73723],[100.74494,-0.72465],[100.72939,-0.72405],[100.72454,-0.72616],[100.71933,-0.73259],[100.71594,-0.73411],[100.71169,-0.73448],[100.70764,-0.73203],[100.70553,-0.72652],[100.69778,-0.7255],[100.69468,-0.72163],[100.69541,-0.70902],[100.70198,-0.69923],[100.70142,-0.6845],[100.70177,-0.68118],[100.70394,-0.6774],[100.70997,-0.67646],[100.72137,-0.6781],[100.72924,-0.67227],[100.73556,-0.66891],[100.73601,-0.66777],[100.73464,-0.66651],[100.72529,-0.66602],[100.72244,-0.65907],[100.71921,-0.65631],[100.70933,-0.65454],[100.70442,-0.65674],[100.69289,-0.64871],[100.69456,-0.63618],[100.69234,-0.6332],[100.69202,-0.62712],[100.69927,-0.62259],[100.70234,-0.61883],[100.70253,-0.60762],[100.69263,-0.59858],[100.69272,-0.59754],[100.6954,-0.59576],[100.70956,-0.59121],[100.7111,-0.59208],[100.71314,-0.59113],[100.7074,-0.58024],[100.70657,-0.57454],[100.71447,-0.57171],[100.72103,-0.56719],[100.7281,-0.55476],[100.73345,-0.55406],[100.74349,-0.55943],[100.74822,-0.55985],[100.75388,-0.55849],[100.76188,-0.55853],[100.7738,-0.56015],[100.77425,-0.55904],[100.77961,-0.55908],[100.78187,-0.55792],[100.78312,-0.5552],[100.78849,-0.55378],[100.7891,-0.55935],[100.78712,-0.56156],[100.78696,-0.56407],[100.79688,-0.56437],[100.80327,-0.5667],[100.80872,-0.57137],[100.81357,-0.57941],[100.81306,-0.58403],[100.80798,-0.58833],[100.80426,-0.59315],[100.80435,-0.59877],[100.81096,-0.60447],[100.80884,-0.61341],[100.80981,-0.62401],[100.80611,-0.63511],[100.80507,-0.64685],[100.7997,-0.66303],[100.79249,-0.66761],[100.7944,-0.6692],[100.799,-0.66999],[100.79748,-0.67462],[100.8015,-0.68189],[100.80668,-0.68775],[100.80509,-0.69195],[100.79959,-0.69615],[100.79848,-0.6968]]]}},{"type":"Feature","properties":{"id_kab":"1372","KDPKAB":"1372","kodekab_kemendagri":"1372","nmkab":"Kota Solok","provinsi":"Sumatera Barat","status_crs":"Sedang","indeks_crs":0.0891,"norm_crs":0.0534,"indeks_hazard":0.2712,"status_hazard":"Sedang","indeks_exposure":0.1162,"status_exposure":"Rendah","indeks_kerentanan":0.2124,"status_vulnerability":"Rendah","skor_banjir":24.0202,"skor_longsor":19.2595},"geometry":{"type":"Polygon","coordinates":[[[100.67098,-0.78895],[100.67688,-0.79371],[100.6794,-0.8043],[100.67567,-0.80766],[100.66851,-0.81074],[100.66157,-0.80955],[100.65904,-0.80719],[100.64181,-0.80476],[100.64129,-0.8015],[100.64271,-0.79728],[100.63614,-0.79521],[100.63153,-0.79598],[100.62485,-0.79909],[100.59635,-0.80626],[100.56134,-0.81905],[100.5569,-0.8186],[100.54492,-0.81492],[100.54167,-0.80766],[100.54335,-0.80884],[100.54696,-0.80351],[100.54926,-0.80201],[100.55206,-0.80263],[100.55715,-0.80084],[100.56178,-0.7944],[100.58241,-0.78903],[100.58499,-0.78123],[100.58739,-0.7784],[100.59478,-0.77414],[100.59704,-0.76851],[100.60601,-0.7715],[100.62135,-0.77332],[100.62793,-0.77131],[100.63391,-0.76469],[100.63397,-0.76136],[100.63098,-0.75615],[100.63079,-0.7541],[100.63371,-0.75175],[100.64316,-0.74712],[100.64208,-0.7438],[100.65979,-0.7433],[100.67964,-0.73869],[100.68748,-0.74318],[100.68845,-0.74582],[100.68557,-0.75968],[100.68625,-0.76118],[100.68476,-0.76317],[100.67987,-0.76439],[100.67472,-0.76772],[100.67285,-0.77021],[100.67068,-0.78001],[100.67066,-0.78846],[100.67098,-0.78895]]]}}]}