{"type":"FeatureCollection", "features": [
{"type":"Feature","geometry":{"type":"Polygon","coordinates":[[[95.8767,4.3675],[95.9057,4.3376],[95.9683,4.2644],[95.9862,4.2475],[96.0131,4.2181],[96.0222,4.2053],[96.0222,4.1979],[96.0238,4.1948],[96.0261,4.1942],[96.0298,4.1981],[96.0325,4.1975],[96.033,4.2022],[96.036,4.2058],[96.0427,4.2089],[96.0554,4.2052],[96.0691,4.1954],[96.1228,4.1384],[96.1264,4.1322],[96.1265,4.1245],[96.1287,4.1252],[96.1299,4.1305],[96.1332,4.1319],[96.1305,4.1348],[96.1306,4.1367],[96.1344,4.1407],[96.1424,4.1423],[96.1476,4.141],[96.1548,4.1376],[96.1919,4.1072],[96.2065,4.1158],[96.2142,4.1178],[96.2248,4.117],[96.2466,4.1261],[96.2626,4.138],[96.2676,4.146],[96.2734,4.1479],[96.2731,4.1507],[96.279,4.1556],[96.2764,4.1581],[96.2749,4.1659],[96.2772,4.1686],[96.2746,4.1744],[96.2777,4.1835],[96.2724,4.1966],[96.2769,4.2105],[96.2751,4.2143],[96.2709,4.2149],[96.2682,4.2173],[96.2665,4.2272],[96.2704,4.244],[96.2807,4.2538],[96.282,4.2657],[96.2861,4.2696],[96.282,4.2859],[96.2859,4.2893],[96.2908,4.3242],[96.2969,4.3505],[96.296,4.3683],[96.3016,4.3702],[96.3078,4.3676],[96.3138,4.3682],[96.318,4.3644],[96.3197,4.3647],[96.3203,4.3678],[96.3228,4.3685],[96.3291,4.3671],[96.3357,4.3708],[96.3389,4.3745],[96.3385,4.376],[96.3411,4.3762],[96.3415,4.38],[96.358,4.3818],[96.3586,4.3868],[96.3662,4.3906],[96.3673,4.3929],[96.3691,4.3918],[96.3717,4.3928],[96.3732,4.3965],[96.3708,4.3991],[96.3736,4.4103],[96.3707,4.4128],[96.372,4.4174],[96.3835,4.4201],[96.4218,4.4214],[96.4415,4.4258],[96.4533,4.4333],[96.4797,4.4583],[96.4796,4.461],[96.4744,4.4687],[96.4478,4.4958],[96.4404,4.51],[96.4444,4.517],[96.4509,4.5224],[96.4587,4.5328],[96.4631,4.5454],[96.4875,4.5512],[96.492,4.5552],[96.4937,4.5731],[96.4916,4.5949],[96.4942,4.5987],[96.4945,4.6033],[96.4925,4.6189],[96.4899,4.6252],[96.4861,4.6305],[96.4731,4.63],[96.4677,4.6266],[96.4607,4.6255],[96.4477,4.6253],[96.4444,4.6267],[96.438,4.6395],[96.4241,4.6491],[96.4087,4.6692],[96.3948,4.6797],[96.3694,4.6917],[96.3601,4.6866],[96.3433,4.69],[96.3151,4.6875],[96.2806,4.6936],[96.2749,4.7051],[96.2709,4.7082],[96.2623,4.7106],[96.2603,4.7135],[96.2647,4.7373],[96.2644,4.7425],[96.268,4.7506],[96.269,4.7718],[96.2705,4.7746],[96.2807,4.779],[96.2763,4.795],[96.2746,4.7969],[96.2665,4.7954],[96.255,4.7873],[96.2415,4.7813],[96.2358,4.7775],[96.2259,4.7653],[96.2192,4.7634],[96.2038,4.7612],[96.1862,4.7675],[96.1796,4.7675],[96.1681,4.7647],[96.1505,4.7552],[96.1431,4.7545],[96.1344,4.7575],[96.1219,4.7674],[96.1171,4.7674],[96.1146,4.7606],[96.1183,4.7479],[96.1169,4.7397],[96.1064,4.7295],[96.0998,4.7101],[96.0915,4.6965],[96.0749,4.6778],[96.0423,4.6575],[96.0337,4.6422],[96.0325,4.6281],[96.0277,4.6165],[96.0374,4.6009],[96.0463,4.5973],[96.0511,4.5909],[96.0506,4.5837],[96.0479,4.5832],[96.0467,4.5798],[96.047,4.5668],[96.0367,4.5624],[96.0279,4.5625],[96.0249,4.5608],[96.0057,4.5462],[96,4.5392],[95.9885,4.5363],[95.9648,4.5177],[95.9537,4.5033],[95.9391,4.4739],[95.9278,4.4447],[95.9189,4.4328],[95.9164,4.4193],[95.9121,4.411],[95.8901,4.3795],[95.8802,4.3724],[95.8767,4.3675]]]},"properties":{"GID_2":"IDN.1.2_1","GID_0":"IDN","COUNTRY":"Indonesia","GID_1":"IDN.1_1","NAME_1":"Aceh","NL_NAME_1":"NA","NAME_2":"AcehBarat","VARNAME_2":"NA","NL_NAME_2":"NA","TYPE_2":"Kabupaten","ENGTYPE_2":"Regency","CC_2":"1107","HASC_2":"ID.AC.AB","Data Indek":"Aceh","Data Ind_1":4,"Data Ind_2":"(1)","Data Ind_3":15.5,"Data Ind_4":74,"Data Ind_5":30667,"Data Ind_6":2.72,"Data Ind_7":37,"Data Ind_8":99.89,"Data Ind_9":83.49,"Data Ind10":0.37,"Data Ind11":"Sangat Tinggi"}},
{"type":"Feature","geometry":{"type":"MultiPolygon","coordinates":[[[[96.6168,3.7363],[96.6303,3.7423],[96.641,3.7451],[96.6689,3.7473],[96.6978,3.7431],[96.7244,3.7471],[96.7375,3.7435],[96.744,3.7441],[96.7529,3.7396],[96.7749,3.7387],[96.7836,3.7337],[96.7935,3.7245],[96.8079,3.7251],[96.8108,3.722],[96.8119,3.7172],[96.8191,3.7164],[96.8345,3.707],[96.8439,3.705],[96.8566,3.6996],[96.8722,3.6863],[96.8837,3.6693],[96.8942,3.6439],[96.897,3.6259],[96.8947,3.6204],[96.9023,3.6059],[96.9019,3.601],[96.9033,3.6016],[96.9105,3.5976],[96.9343,3.5782],[96.942,3.5746],[96.9445,3.583],[96.95,3.5929],[96.959,3.6038],[96.9629,3.6129],[96.966,3.6163],[96.9659,3.6151],[96.968,3.6163],[96.9702,3.623],[96.9942,3.6209],[97.0137,3.6092],[97.0271,3.604],[97.0326,3.6046],[97.0358,3.6073],[97.044,3.6223],[97.0529,3.6236],[97.0639,3.6311],[97.1073,3.6741],[97.1176,3.6821],[97.1303,3.6888],[97.1345,3.694],[97.142,3.7341],[97.151,3.7396],[97.1536,3.7456],[97.1358,3.7852],[97.114,3.8248],[97.1056,3.8448],[97.1068,3.8571],[97.1135,3.8642],[97.1092,3.8752],[97.1079,3.8922],[97.1157,3.9116],[97.1178,3.922],[97.117,3.9286],[97.1082,3.9411],[97.1002,3.9481],[97.0803,3.9514],[97.0746,3.9536],[97.0686,3.9584],[97.0635,3.9594],[97.0428,3.961],[97.0173,3.9595],[97.0017,3.9526],[96.9939,3.9467],[96.9804,3.9424],[96.9625,3.945],[96.8826,3.9509],[96.836,3.9594],[96.8091,3.9831],[96.8047,3.9902],[96.803,3.9976],[96.802,4.0268],[96.7965,4.0416],[96.7885,4.0551],[96.7628,4.0755],[96.7616,4.0785],[96.756,4.0833],[96.7479,4.088],[96.7471,4.0943],[96.7391,4.0915],[96.734,4.096],[96.7248,4.0969],[96.7252,4.0817],[96.7292,4.0715],[96.73,4.0415],[96.7259,4.0335],[96.7172,4.0257],[96.7171,4.0216],[96.7202,4.0153],[96.7193,4.0125],[96.7101,4.0063],[96.697,3.9885],[96.6896,3.991],[96.6841,3.9903],[96.6841,3.9844],[96.6778,3.9871],[96.6512,3.972],[96.647,3.9726],[96.6448,3.9675],[96.6412,3.9675],[96.6366,3.9638],[96.635,3.9603],[96.6292,3.9585],[96.6258,3.9478],[96.6232,3.9467],[96.6189,3.9395],[96.6214,3.9352],[96.6147,3.9325],[96.6177,3.9227],[96.6171,3.9189],[96.6145,3.9176],[96.6131,3.9128],[96.6049,3.9154],[96.6016,3.9127],[96.6001,3.9027],[96.594,3.8906],[96.5959,3.8842],[96.5921,3.8759],[96.5926,3.8694],[96.5887,3.8626],[96.5879,3.8566],[96.5845,3.8496],[96.5809,3.8454],[96.5829,3.8385],[96.5988,3.8278],[96.6048,3.8211],[96.6102,3.8126],[96.6097,3.807],[96.6169,3.7949],[96.6171,3.7911],[96.6068,3.7821],[96.6055,3.7769],[96.6093,3.7715],[96.6141,3.7689],[96.6167,3.7638],[96.6176,3.7571],[96.6143,3.7535],[96.619,3.747],[96.6168,3.7363]]],[[[96.8052,3.7217],[96.8028,3.7202],[96.8044,3.7174],[96.8071,3.719],[96.8052,3.7217]]]]},"properties":{"GID_2":"IDN.1.1_1","GID_0":"IDN","COUNTRY":"Indonesia","GID_1":"IDN.1_1","NAME_1":"Aceh","NL_NAME_1":"NA","NAME_2":"AcehBaratDaya","VARNAME_2":"NA","NL_NAME_2":"NA","TYPE_2":"Kabupaten","ENGTYPE_2":"Regency","CC_2":"1112","HASC_2":"ID.AC.AD","Data Indek":"Aceh","Data Ind_1":3,"Data Ind_2":"(0)","Data Ind_3":13.3,"Data Ind_4":86,"Data Ind_5":22536,"Data Ind_6":6.4,"Data Ind_7":20,"Data Ind_8":100,"Data Ind_9":97.37,"Data Ind10":-0.3,"Data Ind11":"Sedang"}},
{"type":"Feature","geometry":{"type":"MultiPolygon","coordinates":[[[[95.2037,5.3128],[95.2037,5.3131],[95.2034,5.313],[95.2034,5.3127],[95.2037,5.3128]]],[[[95.2069,5.2798],[95.2052,5.281],[95.2032,5.2803],[95.2022,5.2753],[95.2075,5.2749],[95.2069,5.2798]]],[[[95.2071,5.3083],[95.2072,5.3087],[95.2055,5.3103],[95.2063,5.3082],[95.2071,5.3083]]],[[[95.1672,5.5492],[95.1734,5.5521],[95.1791,5.5599],[95.1669,5.5635],[95.1631,5.5583],[95.1535,5.5553],[95.1489,5.552],[95.1535,5.5525],[95.1672,5.5492]]],[[[95.1816,5.5736],[95.1806,5.5745],[95.1786,5.5734],[95.1797,5.573],[95.1816,5.5736]]],[[[95.7876,5.223],[95.7843,5.2409],[95.7792,5.2491],[95.7754,5.2514],[95.7744,5.2555],[95.7776,5.2582],[95.7843,5.2581],[95.786,5.26],[95.7886,5.2706],[95.7915,5.2738],[95.7912,5.2805],[95.787,5.2829],[95.7724,5.286],[95.7627,5.2918],[95.758,5.3024],[95.7602,5.305],[95.7672,5.3057],[95.7681,5.3084],[95.7625,5.3144],[95.7533,5.3144],[95.7493,5.3165],[95.747,5.3315],[95.7473,5.3376],[95.7519,5.346],[95.7506,5.3547],[95.7572,5.3604],[95.7603,5.3661],[95.7561,5.3793],[95.7579,5.3904],[95.7639,5.3947],[95.7656,5.4021],[95.7643,5.4049],[95.7586,5.4072],[95.7545,5.4113],[95.7536,5.4198],[95.7583,5.4242],[95.7685,5.4296],[95.772,5.4281],[95.7719,5.4295],[95.7745,5.4298],[95.7777,5.434],[95.7822,5.4358],[95.7782,5.437],[95.7819,5.4408],[95.7788,5.4419],[95.7782,5.4464],[95.7813,5.4491],[95.7913,5.4533],[95.7868,5.4591],[95.7807,5.4614],[95.7687,5.4624],[95.7629,5.4654],[95.7558,5.477],[95.7514,5.4795],[95.7428,5.4809],[95.7329,5.4879],[95.725,5.4972],[95.7248,5.4994],[95.7356,5.5082],[95.7373,5.5133],[95.7366,5.5157],[95.7253,5.5235],[95.7242,5.5334],[95.7284,5.5493],[95.7435,5.5607],[95.7457,5.5691],[95.7421,5.5714],[95.7295,5.5763],[95.7181,5.5787],[95.7082,5.5787],[95.6991,5.5822],[95.689,5.5835],[95.6491,5.6033],[95.6315,5.6164],[95.6212,5.6185],[95.6157,5.6232],[95.6157,5.6266],[95.6102,5.628],[95.599,5.6259],[95.584,5.6172],[95.5769,5.618],[95.5606,5.6143],[95.549,5.6135],[95.5447,5.6142],[95.5433,5.6171],[95.5416,5.6116],[95.539,5.6101],[95.5349,5.6109],[95.5307,5.6141],[95.5289,5.6121],[95.5292,5.6056],[95.5312,5.6021],[95.5305,5.5997],[95.5222,5.5954],[95.5168,5.596],[95.5033,5.6004],[95.492,5.6091],[95.465,5.6448],[95.4588,5.6496],[95.4555,5.6519],[95.4409,5.6562],[95.4336,5.6568],[95.42,5.65],[95.4157,5.6497],[95.4037,5.6388],[95.3901,5.6216],[95.3855,5.621],[95.367,5.6103],[95.3669,5.6075],[95.3575,5.6031],[95.3545,5.5963],[95.3558,5.585],[95.3601,5.5852],[95.3641,5.5882],[95.3646,5.5862],[95.3688,5.5891],[95.3716,5.5758],[95.3705,5.5753],[95.3721,5.5714],[95.3762,5.5705],[95.3773,5.5679],[95.369,5.5633],[95.3607,5.5731],[95.3576,5.5711],[95.3579,5.5666],[95.3539,5.5642],[95.3532,5.5582],[95.3572,5.5587],[95.3599,5.5522],[95.3606,5.5448],[95.355,5.545],[95.3568,5.5422],[95.3552,5.5423],[95.3553,5.5384],[95.3539,5.5383],[95.3541,5.533],[95.3506,5.5355],[95.3445,5.5349],[95.3438,5.5281],[95.3365,5.5288],[95.3302,5.526],[95.3302,5.529],[95.3266,5.527],[95.3234,5.5196],[95.3175,5.5173],[95.3148,5.518],[95.3146,5.5154],[95.3097,5.5159],[95.309,5.5193],[95.3009,5.5215],[95.2961,5.5277],[95.2929,5.5266],[95.2903,5.5311],[95.285,5.5307],[95.2825,5.5356],[95.2802,5.536],[95.284,5.5426],[95.282,5.5465],[95.2826,5.5504],[95.2856,5.5506],[95.2841,5.5527],[95.2803,5.5517],[95.2776,5.5559],[95.269,5.5512],[95.259,5.5499],[95.2511,5.5523],[95.2461,5.5558],[95.2366,5.5571],[95.2354,5.5633],[95.2397,5.5699],[95.2281,5.5756],[95.2249,5.5758],[95.2264,5.5706],[95.2203,5.5695],[95.214,5.561],[95.2164,5.5578],[95.2097,5.5443],[95.2096,5.5411],[95.2028,5.5371],[95.1938,5.5273],[95.196,5.5247],[95.1955,5.5209],[95.1994,5.5207],[95.2057,5.5131],[95.2093,5.5084],[95.2109,5.5021],[95.2179,5.4982],[95.226,5.4993],[95.2267,5.4963],[95.2287,5.4962],[95.23,5.4902],[95.2267,5.4853],[95.233,5.4816],[95.2351,5.4731],[95.2402,5.4691],[95.2438,5.4588],[95.2443,5.4515],[95.2427,5.4525],[95.2424,5.4507],[95.2392,5.4503],[95.2383,5.4519],[95.239,5.4499],[95.242,5.449],[95.2424,5.4446],[95.2393,5.443],[95.2381,5.4373],[95.2298,5.4328],[95.2334,5.4297],[95.2327,5.4275],[95.2345,5.4254],[95.2351,5.4282],[95.2392,5.4286],[95.2469,5.4159],[95.2508,5.4021],[95.2524,5.3841],[95.2513,5.3699],[95.2487,5.3659],[95.2464,5.368],[95.2453,5.367],[95.2416,5.3556],[95.2403,5.3478],[95.2414,5.339],[95.2341,5.3448],[95.2344,5.3548],[95.2321,5.3564],[95.2315,5.3603],[95.2294,5.3626],[95.2277,5.359],[95.227,5.3461],[95.2215,5.3438],[95.228,5.3395],[95.2308,5.333],[95.2356,5.3298],[95.2378,5.33],[95.2374,5.3261],[95.2391,5.3253],[95.2362,5.3189],[95.2319,5.3144],[95.2291,5.3152],[95.2185,5.3241],[95.2176,5.3208],[95.2218,5.3202],[95.2201,5.3176],[95.2223,5.3167],[95.222,5.315],[95.2236,5.3153],[95.2235,5.3133],[95.2207,5.3102],[95.2141,5.3107],[95.2159,5.3093],[95.2157,5.3076],[95.2124,5.3028],[95.2155,5.3039],[95.2152,5.301],[95.217,5.2983],[95.2189,5.2982],[95.2189,5.2923],[95.2212,5.2903],[95.2191,5.2901],[95.2184,5.2836],[95.216,5.2825],[95.2147,5.2782],[95.2118,5.275],[95.2148,5.2758],[95.2197,5.2709],[95.223,5.2741],[95.2231,5.2778],[95.2288,5.2826],[95.2293,5.285],[95.2401,5.2817],[95.2467,5.2724],[95.2478,5.2649],[95.2456,5.2655],[95.2396,5.2617],[95.2365,5.2629],[95.2327,5.2582],[95.2353,5.2518],[95.2361,5.2553],[95.2384,5.257],[95.2446,5.2535],[95.2497,5.2475],[95.2535,5.2361],[95.2524,5.2271],[95.2505,5.2254],[95.2481,5.2266],[95.2416,5.2258],[95.2421,5.2223],[95.2466,5.2231],[95.2541,5.2213],[95.2608,5.2136],[95.2701,5.1971],[95.2738,5.1998],[95.2789,5.1989],[95.2885,5.1929],[95.3058,5.1714],[95.3073,5.1663],[95.3129,5.1705],[95.3195,5.1727],[95.3234,5.1784],[95.3328,5.1811],[95.3328,5.1829],[95.3288,5.1863],[95.3295,5.1891],[95.3342,5.1926],[95.3302,5.1979],[95.332,5.1997],[95.3303,5.2048],[95.332,5.2086],[95.3271,5.2148],[95.3267,5.2192],[95.3222,5.2241],[95.3255,5.2312],[95.3313,5.234],[95.3414,5.2345],[95.3479,5.2396],[95.3472,5.2451],[95.3541,5.2467],[95.3652,5.2542],[95.3701,5.2536],[95.3749,5.2504],[95.3772,5.2469],[95.3791,5.2381],[95.3868,5.2339],[95.387,5.2293],[95.3923,5.2269],[95.3912,5.2196],[95.3952,5.2168],[95.3982,5.2183],[95.3998,5.2169],[95.4019,5.2145],[95.4019,5.2104],[95.4123,5.2163],[95.4175,5.2216],[95.427,5.2208],[95.4361,5.2239],[95.4391,5.2191],[95.4508,5.2188],[95.4599,5.2153],[95.4624,5.2126],[95.467,5.2117],[95.4694,5.2137],[95.4753,5.2099],[95.4861,5.2115],[95.493,5.2179],[95.4997,5.2202],[95.516,5.216],[95.5375,5.2156],[95.5482,5.2061],[95.5819,5.2092],[95.59,5.2049],[95.5971,5.1925],[95.6093,5.1912],[95.6164,5.1883],[95.6239,5.1674],[95.6441,5.141],[95.6353,5.1315],[95.6297,5.1101],[95.6303,5.0917],[95.6344,5.0807],[95.6395,5.0737],[95.6508,5.0665],[95.6734,5.061],[95.6961,5.059],[95.7054,5.0526],[95.7205,5.0555],[95.7336,5.0535],[95.7544,5.0707],[95.7655,5.0735],[95.7734,5.0715],[95.7932,5.0812],[95.8005,5.0795],[95.809,5.0832],[95.8211,5.0853],[95.8256,5.0952],[95.8317,5.1163],[95.8411,5.135],[95.8404,5.1424],[95.831,5.1684],[95.8228,5.1799],[95.8086,5.1948],[95.8059,5.2],[95.7929,5.2123],[95.7876,5.223]]],[[[95.213,5.5808],[95.202,5.583],[95.1871,5.5779],[95.1827,5.5741],[95.2044,5.5787],[95.2146,5.5789],[95.213,5.5808]]],[[[95.2149,5.5789],[95.2153,5.5784],[95.2159,5.5788],[95.2151,5.5795],[95.2149,5.5789]]],[[[95.2209,5.5775],[95.2199,5.5797],[95.2152,5.5805],[95.2175,5.5775],[95.2209,5.5775]]],[[[95.1065,5.6964],[95.1064,5.6963],[95.1065,5.6962],[95.1066,5.6963],[95.1065,5.6964]]],[[[95.0356,5.6703],[95.0382,5.6698],[95.0396,5.6724],[95.0348,5.6712],[95.0356,5.6703]]],[[[95.0433,5.6722],[95.0433,5.6723],[95.0432,5.6723],[95.0433,5.6722]]],[[[95.0114,5.7559],[95.0102,5.7543],[95.0132,5.7549],[95.0132,5.7555],[95.0114,5.7559]]],[[[95.0144,5.7127],[95.0176,5.7155],[95.0176,5.7172],[95.0142,5.714],[95.0144,5.7127]]],[[[95.0514,5.6249],[95.0513,5.6251],[95.0509,5.625],[95.0511,5.6247],[95.0514,5.6249]]],[[[95.0508,5.6235],[95.051,5.6233],[95.051,5.6237],[95.0504,5.6237],[95.0506,5.6234],[95.0508,5.6235]]],[[[95.1587,5.658],[95.1582,5.6581],[95.158,5.6575],[95.1585,5.6575],[95.1587,5.658]]],[[[95.127,5.5922],[95.1267,5.5923],[95.1265,5.5922],[95.1269,5.592],[95.127,5.5922]]],[[[95.1467,5.5925],[95.1466,5.5926],[95.1465,5.5925],[95.1466,5.5925],[95.1467,5.5925]]],[[[95.0577,5.6087],[95.0575,5.608],[95.0581,5.6079],[95.0585,5.609],[95.0577,5.6087]]],[[[95.061,5.6097],[95.0629,5.611],[95.061,5.6122],[95.0603,5.6116],[95.0604,5.6099],[95.0614,5.6092],[95.061,5.6097]]],[[[95.0588,5.6104],[95.0587,5.609],[95.06,5.6091],[95.0599,5.6106],[95.0588,5.6104]]],[[[95.0618,5.6148],[95.0612,5.6142],[95.0615,5.6134],[95.0621,5.6138],[95.0618,5.6148]]],[[[95.15760930232558,5.645704651162792],[95.158,5.6471],[95.1584,5.646],[95.1591,5.6482],[95.1661,5.6493],[95.1659,5.6515],[95.1589,5.653],[95.157,5.6594],[95.1548,5.6602],[95.1515,5.6598],[95.1473,5.6618],[95.1437,5.66],[95.1401,5.6602],[95.1365,5.6558],[95.1402,5.655],[95.1439,5.6481],[95.143,5.6452],[95.1452,5.6392],[95.1449,5.6346],[95.1265,5.6236],[95.1189,5.6151],[95.121,5.6119],[95.1215,5.6073],[95.1185,5.6018],[95.1202,5.6007],[95.1211,5.6024],[95.1249,5.602],[95.1258,5.5964],[95.1295,5.5938],[95.1334,5.598],[95.1363,5.606],[95.1446,5.6065],[95.1448,5.6043],[95.1465,5.6052],[95.1451,5.604],[95.146,5.601],[95.1447,5.5946],[95.1489,5.5914],[95.1506,5.5954],[95.1535,5.596],[95.1554,5.5942],[95.1591,5.5979],[95.1623,5.5978],[95.164,5.6004],[95.1672,5.6007],[95.1666,5.6046],[95.1713,5.6074],[95.1863,5.6084],[95.1927,5.605],[95.1919,5.6098],[95.1871,5.6117],[95.1817,5.6188],[95.1791,5.621],[95.1743,5.6216],[95.1705,5.6255],[95.1708,5.631],[95.1678,5.6321],[95.1656,5.6375],[95.1671,5.6411],[95.1618,5.6376],[95.1581,5.6411],[95.161,5.6429],[95.1584,5.6422],[95.1578,5.6438],[95.1574,5.6427],[95.1573,5.6446],[95.15760470588236,5.645688235294114],[95.1576,5.6457],[95.15760930232558,5.645704651162792]]],[[[95.15760930232558,5.645704651162792],[95.15760470588236,5.645688235294114],[95.1578,5.6452],[95.1579,5.6452],[95.1582,5.646],[95.15760930232558,5.645704651162792]]],[[[95.0802,5.6437],[95.0758,5.6439],[95.065,5.6374],[95.061,5.6367],[95.0595,5.6391],[95.0597,5.6374],[95.0565,5.6361],[95.0523,5.6298],[95.0528,5.6265],[95.0511,5.6226],[95.0553,5.6209],[95.0571,5.6224],[95.0606,5.6221],[95.0614,5.6249],[95.0682,5.6275],[95.0757,5.6337],[95.0805,5.6333],[95.0865,5.6403],[95.0802,5.6437]]],[[[95.1683,5.6415],[95.1694,5.6417],[95.1694,5.6427],[95.1682,5.6425],[95.1683,5.6415]]],[[[95.1577,5.6447],[95.1576,5.6442],[95.1579,5.644],[95.1578,5.6445],[95.1577,5.6447]]],[[[95.0732,5.6668],[95.0721,5.6665],[95.0736,5.669],[95.08,5.6678],[95.0823,5.6706],[95.0819,5.6687],[95.0842,5.6679],[95.0836,5.6702],[95.086,5.668],[95.0982,5.6687],[95.0981,5.6665],[95.1019,5.6687],[95.1105,5.667],[95.1113,5.6689],[95.1179,5.6722],[95.1357,5.6676],[95.1388,5.6628],[95.143,5.6665],[95.1413,5.6671],[95.1422,5.6691],[95.1406,5.6721],[95.1378,5.6741],[95.1339,5.6716],[95.1332,5.6725],[95.1325,5.67],[95.1316,5.6716],[95.13,5.6703],[95.1297,5.6731],[95.1382,5.6759],[95.1346,5.6801],[95.1327,5.6859],[95.1282,5.6863],[95.1281,5.6905],[95.1251,5.6919],[95.1239,5.6899],[95.1189,5.6891],[95.1165,5.6921],[95.1143,5.6922],[95.1139,5.6948],[95.108,5.6952],[95.1041,5.6974],[95.112,5.7012],[95.1116,5.7043],[95.1087,5.7089],[95.1052,5.7106],[95.1054,5.7126],[95.0965,5.7143],[95.0959,5.7177],[95.0913,5.7204],[95.0918,5.723],[95.0887,5.725],[95.0852,5.724],[95.0851,5.7214],[95.083,5.7202],[95.077,5.7214],[95.0773,5.7232],[95.074,5.7223],[95.0723,5.7234],[95.0714,5.727],[95.0731,5.7283],[95.0727,5.7301],[95.0638,5.735],[95.0634,5.7396],[95.0659,5.7408],[95.066,5.7431],[95.0718,5.7442],[95.0688,5.7468],[95.0599,5.7479],[95.0562,5.7536],[95.0561,5.7503],[95.0447,5.75],[95.0405,5.7473],[95.0373,5.7505],[95.0322,5.7495],[95.0309,5.7511],[95.0264,5.7495],[95.0257,5.7478],[95.0298,5.7466],[95.0303,5.7428],[95.022,5.738],[95.0212,5.735],[95.0167,5.7335],[95.0109,5.7235],[95.017,5.7187],[95.0273,5.7256],[95.03,5.7246],[95.0336,5.7294],[95.0381,5.7301],[95.0443,5.7364],[95.0475,5.7357],[95.0491,5.729],[95.0466,5.7243],[95.0471,5.7223],[95.0597,5.7202],[95.0599,5.7132],[95.061,5.7137],[95.0587,5.7119],[95.0565,5.713],[95.0544,5.7112],[95.0469,5.7107],[95.0388,5.7074],[95.0406,5.7063],[95.0394,5.7037],[95.0425,5.7024],[95.0432,5.7001],[95.0409,5.6977],[95.0404,5.6929],[95.0455,5.6968],[95.0505,5.6964],[95.0543,5.6916],[95.0603,5.6878],[95.0585,5.6872],[95.0589,5.6817],[95.0606,5.68],[95.0504,5.676],[95.0435,5.6712],[95.0483,5.6726],[95.0513,5.6704],[95.0572,5.6693],[95.0511,5.6713],[95.067,5.6717],[95.0693,5.6664],[95.0718,5.667],[95.0717,5.6663],[95.0697,5.666],[95.0705,5.6639],[95.0657,5.6607],[95.0653,5.6582],[95.0614,5.6553],[95.0591,5.6555],[95.0571,5.6515],[95.0529,5.6516],[95.0557,5.6479],[95.0604,5.6485],[95.0706,5.6547],[95.0777,5.6567],[95.0782,5.6589],[95.0762,5.6626],[95.0777,5.6622],[95.0778,5.6654],[95.0732,5.6668]]]]},"properties":{"GID_2":"IDN.1.3_1","GID_0":"IDN","COUNTRY":"Indonesia","GID_1":"IDN.1_1","NAME_1":"Aceh","NL_NAME_1":"NA","NAME_2":"AcehBesar","VARNAME_2":"NA","NL_NAME_2":"NA","TYPE_2":"Kabupaten","ENGTYPE_2":"Regency","CC_2":"1108","HASC_2":"ID.AC.AR","Data Indek":"Aceh","Data Ind_1":4,"Data Ind_2":"(0)","Data Ind_3":11.1,"Data Ind_4":151,"Data Ind_5":67605,"Data Ind_6":6.02,"Data Ind_7":83,"Data Ind_8":100,"Data Ind_9":95.02,"Data Ind10":-0.3,"Data Ind11":"Sedang"}},
{"type":"Feature","geometry":{"type":"MultiPolygon","coordinates":[[[[95.8767,4.3675],[95.8768,4.3674],[95.8769,4.3675],[95.8767,4.3675]]],[[[95.8901,4.3795],[95.8977,4.3914],[95.9144,4.4148],[95.9189,4.4328],[95.9278,4.4447],[95.9352,4.4657],[95.9537,4.5033],[95.9648,4.5177],[95.9885,4.5363],[96,4.5392],[96.0057,4.5462],[96.0249,4.5608],[96.0279,4.5625],[96.0367,4.5624],[96.047,4.5668],[96.0467,4.5798],[96.0479,4.5832],[96.0506,4.5837],[96.0511,4.5909],[96.0463,4.5973],[96.0374,4.6009],[96.0277,4.6165],[96.0325,4.6281],[96.0337,4.6422],[96.0424,4.6576],[96.0324,4.6693],[96.0315,4.6836],[96.0281,4.694],[96.0082,4.7413],[96.0048,4.7465],[95.997,4.752],[95.9948,4.7564],[95.9954,4.7675],[95.9932,4.7827],[95.9912,4.7866],[95.9788,4.7964],[95.9717,4.81],[95.9613,4.82],[95.9558,4.8313],[95.9224,4.8485],[95.9018,4.8664],[95.8859,4.8939],[95.8823,4.909],[95.8791,4.9149],[95.8552,4.9295],[95.8517,4.9447],[95.8479,4.9512],[95.8228,4.9742],[95.803,4.9884],[95.7964,5.0017],[95.7839,5.009],[95.7785,5.0223],[95.7725,5.0274],[95.7664,5.038],[95.7624,5.0557],[95.7432,5.0612],[95.7336,5.0535],[95.7205,5.0555],[95.7054,5.0526],[95.6961,5.059],[95.6734,5.061],[95.6508,5.0665],[95.6395,5.0737],[95.6344,5.0807],[95.6303,5.0917],[95.6297,5.1101],[95.6353,5.1315],[95.6441,5.141],[95.6239,5.1674],[95.6197,5.1819],[95.6161,5.1886],[95.6093,5.1912],[95.5971,5.1925],[95.59,5.2049],[95.5819,5.2092],[95.5482,5.2061],[95.5375,5.2156],[95.516,5.216],[95.4997,5.2202],[95.493,5.2179],[95.4861,5.2115],[95.4753,5.2099],[95.4694,5.2137],[95.467,5.2117],[95.4624,5.2126],[95.4599,5.2153],[95.4508,5.2188],[95.4391,5.2191],[95.4352,5.2239],[95.427,5.2208],[95.4175,5.2216],[95.4123,5.2163],[95.4019,5.2104],[95.4019,5.2145],[95.3998,5.2169],[95.3982,5.2183],[95.3952,5.2168],[95.3912,5.2196],[95.3923,5.2269],[95.387,5.2293],[95.3868,5.2339],[95.3791,5.2381],[95.3772,5.2469],[95.3749,5.2504],[95.3675,5.2541],[95.3631,5.2532],[95.3534,5.2463],[95.3472,5.2451],[95.3479,5.2396],[95.3414,5.2345],[95.3313,5.234],[95.3255,5.2312],[95.3222,5.2241],[95.3267,5.2192],[95.3271,5.2148],[95.332,5.2086],[95.3303,5.2048],[95.332,5.1997],[95.3302,5.1979],[95.3342,5.1926],[95.3295,5.1891],[95.3288,5.1863],[95.3328,5.1829],[95.3328,5.1811],[95.324,5.1787],[95.3195,5.1727],[95.3129,5.1705],[95.3085,5.1664],[95.3063,5.1672],[95.3087,5.1621],[95.3059,5.15],[95.3071,5.1466],[95.305,5.1394],[95.3014,5.139],[95.3065,5.1319],[95.3097,5.1314],[95.3107,5.1291],[95.3057,5.1238],[95.3038,5.125],[95.2988,5.1193],[95.2898,5.1205],[95.2866,5.1193],[95.2814,5.115],[95.2834,5.1144],[95.2844,5.1115],[95.2827,5.1084],[95.2893,5.1104],[95.2918,5.1096],[95.2993,5.1164],[95.3036,5.1151],[95.3041,5.1091],[95.3082,5.107],[95.3122,5.1019],[95.3108,5.0979],[95.3134,5.0977],[95.3158,5.0936],[95.3195,5.0934],[95.3206,5.0908],[95.3195,5.0846],[95.3164,5.0806],[95.3104,5.082],[95.306,5.0812],[95.3127,5.078],[95.3164,5.079],[95.3185,5.0776],[95.3182,5.0751],[95.3211,5.0727],[95.3202,5.0683],[95.3233,5.0691],[95.3252,5.0678],[95.3303,5.0592],[95.3328,5.0501],[95.3363,5.0487],[95.3396,5.0515],[95.345,5.0498],[95.3534,5.0435],[95.3569,5.038],[95.3583,5.0395],[95.3624,5.0388],[95.3666,5.0322],[95.3686,5.0222],[95.3672,5.0136],[95.3621,5.0113],[95.3547,5.0128],[95.3585,5.0084],[95.3554,5.0066],[95.3557,5.004],[95.3593,4.9976],[95.3622,4.9976],[95.3646,5.0002],[95.3683,4.9974],[95.3703,4.9872],[95.3747,4.983],[95.3741,4.9758],[95.3812,4.9707],[95.3808,4.9617],[95.3771,4.9592],[95.375,4.9535],[95.3688,4.949],[95.3715,4.9388],[95.3759,4.9327],[95.3783,4.9208],[95.3865,4.9204],[95.3898,4.9148],[95.3928,4.9024],[95.4024,4.8942],[95.3995,4.8827],[95.3964,4.877],[95.3982,4.8717],[95.4111,4.8578],[95.4178,4.8549],[95.4263,4.8363],[95.4249,4.8271],[95.4173,4.8242],[95.4132,4.8255],[95.4132,4.8205],[95.4236,4.8177],[95.4275,4.8095],[95.4369,4.8074],[95.443,4.809],[95.4469,4.8068],[95.4518,4.7994],[95.454,4.7898],[95.454,4.7865],[95.4519,4.7837],[95.4634,4.7779],[95.473,4.7703],[95.4873,4.7566],[95.4977,4.7435],[95.4964,4.7373],[95.4995,4.7371],[95.5061,4.7301],[95.5132,4.719],[95.5137,4.7136],[95.5122,4.7113],[95.5104,4.7103],[95.5069,4.7129],[95.5043,4.7109],[95.5078,4.7056],[95.5103,4.7064],[95.5228,4.697],[95.5295,4.6895],[95.5329,4.6836],[95.5324,4.6788],[95.5343,4.6724],[95.5361,4.6742],[95.5406,4.6739],[95.5421,4.6716],[95.539,4.6679],[95.5406,4.6634],[95.5385,4.6587],[95.5397,4.656],[95.5436,4.6593],[95.5514,4.6563],[95.5575,4.6579],[95.5561,4.6615],[95.5587,4.6641],[95.5582,4.6676],[95.562,4.6694],[95.568,4.668],[95.5722,4.6623],[95.5801,4.6623],[95.5844,4.659],[95.5846,4.6498],[95.587,4.6504],[95.5811,4.6449],[95.5787,4.6459],[95.5725,4.6443],[95.5754,4.6388],[95.5718,4.6361],[95.5695,4.6376],[95.5658,4.6363],[95.5679,4.6331],[95.5677,4.6305],[95.5734,4.6314],[95.5768,4.6284],[95.5813,4.6273],[95.5818,4.6307],[95.58,4.6323],[95.5824,4.6349],[95.5875,4.6357],[95.6033,4.6278],[95.6222,4.6129],[95.6422,4.5923],[95.6752,4.5675],[95.6773,4.5702],[95.6799,4.5685],[95.7108,4.542],[95.7141,4.5418],[95.7181,4.5359],[95.7369,4.5216],[95.7367,4.5202],[95.7415,4.5159],[95.7475,4.5141],[95.7481,4.5098],[95.765,4.4939],[95.7628,4.4925],[95.78,4.4726],[95.8767,4.3675],[95.8802,4.3724],[95.8901,4.3795]]],[[[95.5819,4.6164],[95.5833,4.6143],[95.5856,4.6155],[95.5832,4.6191],[95.5819,4.6164]]],[[[95.5732,4.621],[95.5725,4.6198],[95.5747,4.6188],[95.5772,4.6209],[95.5732,4.6233],[95.5732,4.621]]],[[[95.5718,4.653],[95.5738,4.654],[95.5738,4.656],[95.5696,4.6577],[95.5673,4.6557],[95.568,4.6517],[95.5718,4.653]]],[[[95.5658,4.6485],[95.5643,4.6491],[95.5638,4.6439],[95.5668,4.6448],[95.5658,4.6485]]],[[[95.556,4.6465],[95.5591,4.6444],[95.5607,4.6456],[95.5589,4.6528],[95.5558,4.6507],[95.556,4.6465]]],[[[95.5073,4.6881],[95.5093,4.6882],[95.5097,4.6862],[95.5117,4.6866],[95.5121,4.6887],[95.5108,4.6914],[95.5066,4.6911],[95.5053,4.6881],[95.5073,4.6881]]],[[[95.4822,4.725],[95.4811,4.7221],[95.4829,4.7214],[95.485,4.7236],[95.4901,4.7233],[95.4899,4.7263],[95.4822,4.725]]],[[[95.448,4.7708],[95.4529,4.7706],[95.4513,4.7722],[95.4509,4.7771],[95.4419,4.7759],[95.4419,4.7728],[95.448,4.7708]]],[[[95.3906,4.8733],[95.3886,4.8768],[95.3833,4.8783],[95.3775,4.8771],[95.3722,4.8783],[95.3657,4.8748],[95.3724,4.8634],[95.3761,4.8607],[95.3799,4.8605],[95.3824,4.858],[95.3902,4.8682],[95.3906,4.8733]]],[[[95.2879,5.1289],[95.2886,5.1263],[95.2937,5.1265],[95.2906,5.13],[95.2879,5.1289]]]]},"properties":{"GID_2":"IDN.1.4_1","GID_0":"IDN","COUNTRY":"Indonesia","GID_1":"IDN.1_1","NAME_1":"Aceh","NL_NAME_1":"NA","NAME_2":"AcehJaya","VARNAME_2":"NA","NL_NAME_2":"NA","TYPE_2":"Kabupaten","ENGTYPE_2":"Regency","CC_2":"1116","HASC_2":"ID.AC.AJ","Data Indek":"Aceh","Data Ind_1":7,"Data Ind_2":"(0)","Data Ind_3":10.4,"Data Ind_4":26,"Data Ind_5":14816,"Data Ind_6":7.6,"Data Ind_7":17,"Data Ind_8":100,"Data Ind_9":83.72,"Data Ind10":0.03,"Data Ind11":"Tinggi"}},
{"type":"Feature","geometry":{"type":"MultiPolygon","coordinates":[[[[97.7321,2.4227],[97.7469,2.44],[97.7909,2.4998],[97.7955,2.5472],[97.8251,2.6358],[97.8139,2.6528],[97.817,2.6685],[97.7798,2.7587],[97.7665,2.7872],[97.8391,2.8281],[97.8492,2.8343],[97.8567,2.8421],[97.8602,2.8466],[97.86,2.8601],[97.8572,2.8691],[97.8582,2.8817],[97.8864,2.8943],[97.9017,2.9072],[97.9049,2.9117],[97.908,2.9259],[97.9057,2.9568],[97.8996,2.9658],[97.8717,2.9673],[97.8145,2.9824],[97.8134,2.981],[97.8157,2.9754],[97.8136,2.9664],[97.8056,2.961],[97.8033,2.9632],[97.8009,2.9728],[97.7977,2.9754],[97.7881,2.9722],[97.7767,2.9655],[97.7695,2.9577],[97.7673,2.9452],[97.763,2.9352],[97.7561,2.9284],[97.75,2.9267],[97.6951,2.9417],[97.6537,2.9478],[97.6399,2.9551],[97.6336,2.9715],[97.6336,3.0077],[97.6345,3.0141],[97.6419,3.0237],[97.643,3.0305],[97.6333,3.0493],[97.6154,3.0927],[97.6102,3.1014],[97.5969,3.1147],[97.5767,3.1274],[97.5511,3.1496],[97.5199,3.1676],[97.4774,3.218],[97.4708,3.2398],[97.4714,3.2632],[97.4671,3.2754],[97.4686,3.3013],[97.4733,3.3314],[97.4682,3.3385],[97.4564,3.3619],[97.4384,3.4017],[97.4244,3.4218],[97.4122,3.4344],[97.3985,3.4521],[97.3988,3.456],[97.4141,3.4821],[97.4521,3.54],[97.4547,3.5418],[97.4791,3.545],[97.4839,3.5517],[97.4843,3.5583],[97.4829,3.5623],[97.4724,3.5693],[97.469,3.5756],[97.4678,3.591],[97.4625,3.6048],[97.4626,3.6159],[97.458,3.6266],[97.4516,3.6333],[97.4466,3.6358],[97.4316,3.6385],[97.4205,3.6246],[97.4101,3.6196],[97.4034,3.6192],[97.3825,3.6384],[97.3778,3.6411],[97.372,3.6411],[97.367,3.6382],[97.3582,3.6258],[97.3434,3.6225],[97.3304,3.6129],[97.2952,3.5993],[97.2933,3.6125],[97.2846,3.6396],[97.2793,3.6488],[97.2758,3.6508],[97.2646,3.6521],[97.2191,3.6826],[97.2031,3.6969],[97.1767,3.7272],[97.1536,3.7456],[97.151,3.7396],[97.142,3.7341],[97.1381,3.7178],[97.1352,3.696],[97.1322,3.6904],[97.1146,3.6802],[97.1073,3.6741],[97.0618,3.6295],[97.0529,3.6236],[97.044,3.6223],[97.0345,3.6059],[97.0305,3.6038],[97.0258,3.6044],[97.0137,3.6092],[97.0007,3.6158],[96.9969,3.6198],[96.9905,3.6219],[96.9702,3.623],[96.968,3.6163],[96.9659,3.6151],[96.966,3.6163],[96.9629,3.6129],[96.959,3.6038],[96.9458,3.5854],[96.9403,3.5696],[96.9706,3.558],[96.9866,3.5545],[96.993,3.5511],[96.9943,3.545],[96.9974,3.5463],[96.9997,3.5453],[97.0046,3.5309],[97.0166,3.5214],[97.0184,3.5073],[97.0457,3.4747],[97.052,3.4616],[97.0495,3.4561],[97.0517,3.455],[97.0558,3.4574],[97.0576,3.4561],[97.058,3.4457],[97.0627,3.4434],[97.0633,3.4405],[97.0605,3.4359],[97.0607,3.4333],[97.062,3.4302],[97.0675,3.427],[97.0709,3.4269],[97.0694,3.4181],[97.0705,3.4161],[97.0788,3.4096],[97.0793,3.405],[97.082,3.4043],[97.0846,3.4005],[97.0843,3.395],[97.0929,3.387],[97.1007,3.3763],[97.1074,3.363],[97.1102,3.3623],[97.1095,3.36],[97.1142,3.3587],[97.1156,3.356],[97.1186,3.3562],[97.122,3.3521],[97.1213,3.3329],[97.1264,3.3274],[97.126,3.3212],[97.1284,3.3177],[97.1336,3.3173],[97.1402,3.3127],[97.1447,3.3066],[97.1508,3.2906],[97.1579,3.2834],[97.1582,3.273],[97.1651,3.2701],[97.1669,3.2667],[97.1671,3.2606],[97.1719,3.2551],[97.1769,3.2516],[97.1792,3.2519],[97.1808,3.2526],[97.1815,3.256],[97.1878,3.257],[97.1892,3.2614],[97.1912,3.262],[97.195,3.258],[97.1955,3.253],[97.2004,3.2495],[97.2094,3.2512],[97.2171,3.2451],[97.2217,3.2434],[97.2205,3.2379],[97.2236,3.2322],[97.2305,3.232],[97.2363,3.236],[97.244,3.2364],[97.2576,3.2206],[97.2642,3.2109],[97.2641,3.2087],[97.2758,3.186],[97.2848,3.1536],[97.2876,3.1481],[97.2866,3.1456],[97.2975,3.1143],[97.3006,3.113],[97.302,3.1171],[97.3102,3.1083],[97.3128,3.1005],[97.3203,3.099],[97.3128,3.0984],[97.309,3.0957],[97.3104,3.1026],[97.3092,3.1056],[97.3047,3.1064],[97.3041,3.1037],[97.3081,3.1007],[97.3054,3.1008],[97.2993,3.1079],[97.3086,3.0824],[97.3143,3.0826],[97.3178,3.0779],[97.3174,3.0744],[97.3113,3.0753],[97.3111,3.0738],[97.3196,3.0589],[97.319,3.0548],[97.3697,2.9886],[97.393,2.9631],[97.4251,2.9343],[97.4473,2.9232],[97.4632,2.9231],[97.4867,2.9202],[97.4989,2.9127],[97.5046,2.9059],[97.5054,2.9025],[97.5112,2.9039],[97.5131,2.9027],[97.5221,2.8895],[97.5307,2.8861],[97.5345,2.883],[97.5429,2.8824],[97.5524,2.8891],[97.563,2.8862],[97.5758,2.8882],[97.5822,2.8864],[97.5925,2.8772],[97.5922,2.8789],[97.604,2.8578],[97.615,2.8293],[97.6191,2.8062],[97.6341,2.7522],[97.6479,2.6783],[97.6545,2.5894],[97.6567,2.52],[97.6553,2.4728],[97.6592,2.4176],[97.6611,2.4019],[97.6639,2.3944],[97.708,2.4082],[97.7166,2.4125],[97.7321,2.4227]]],[[[97.5937,2.8075],[97.5946,2.8078],[97.5942,2.8095],[97.5927,2.8089],[97.5937,2.8075]]],[[[97.5196,2.8807],[97.5198,2.8839],[97.5185,2.8844],[97.5172,2.8821],[97.5196,2.8807]]],[[[97.5145,2.8868],[97.5166,2.8882],[97.5161,2.8893],[97.5136,2.8886],[97.5145,2.8868]]],[[[97.3116,3.0666],[97.3139,3.0601],[97.3165,3.0579],[97.3167,3.0608],[97.3098,3.0716],[97.3116,3.0666]]],[[[97.3172,3.0778],[97.3129,3.0818],[97.3092,3.0803],[97.3106,3.0758],[97.3162,3.0746],[97.3172,3.0778]]],[[[97.3029,3.1097],[97.305,3.1105],[97.3006,3.1111],[97.3015,3.1093],[97.3029,3.1097]]],[[[96.9956,3.5418],[96.9934,3.5409],[96.9947,3.5383],[96.9971,3.5392],[96.9956,3.5418]]]]},"properties":{"GID_2":"IDN.1.5_1","GID_0":"IDN","COUNTRY":"Indonesia","GID_1":"IDN.1_1","NAME_1":"Aceh","NL_NAME_1":"NA","NAME_2":"AcehSelatan","VARNAME_2":"NA","NL_NAME_2":"NA","TYPE_2":"Kabupaten","ENGTYPE_2":"Regency","CC_2":"1103","HASC_2":"ID.AC.AS","Data Indek":"Aceh","Data Ind_1":2,"Data Ind_2":"(1)","Data Ind_3":9.9,"Data Ind_4":59,"Data Ind_5":36310,"Data Ind_6":9.53,"Data Ind_7":46,"Data Ind_8":100,"Data Ind_9":88.46,"Data Ind10":0.16,"Data Ind11":"Sangat Tinggi"}},
{"type":"Feature","geometry":{"type":"MultiPolygon","coordinates":[[[[97.3914,2.0451],[97.3893,2.043],[97.392,2.0386],[97.3959,2.0379],[97.3981,2.0392],[97.3959,2.0448],[97.3914,2.0451]]],[[[97.3619,2.0693],[97.3611,2.075],[97.3559,2.0781],[97.3541,2.0754],[97.3556,2.0684],[97.3583,2.0658],[97.3616,2.0675],[97.3619,2.0693]]],[[[97.3516,2.1169],[97.3527,2.1179],[97.3512,2.1192],[97.3463,2.1174],[97.3477,2.1161],[97.3516,2.1169]]],[[[97.3571,2.1357],[97.3549,2.1357],[97.3547,2.1318],[97.3587,2.1294],[97.3588,2.1329],[97.3571,2.1357]]],[[[97.1525,2.0981],[97.1341,2.1119],[97.1273,2.115],[97.1211,2.1173],[97.1123,2.1158],[97.1062,2.1167],[97.1037,2.1162],[97.0988,2.1084],[97.1024,2.0989],[97.1017,2.0922],[97.0989,2.0916],[97.0924,2.094],[97.0851,2.0913],[97.0828,2.0828],[97.0866,2.0724],[97.086,2.0664],[97.0968,2.0594],[97.0985,2.0507],[97.1033,2.044],[97.1036,2.0374],[97.1164,2.0215],[97.1166,2.0146],[97.1197,2.0081],[97.1256,2.0092],[97.1329,2.0166],[97.1304,2.0264],[97.1266,2.0309],[97.1305,2.0399],[97.1309,2.0465],[97.1346,2.0485],[97.1462,2.0502],[97.1601,2.0602],[97.1652,2.0664],[97.167,2.0765],[97.1604,2.0819],[97.1579,2.093],[97.1525,2.0981]]],[[[97.2299,2.2241],[97.2357,2.2201],[97.2366,2.216],[97.2298,2.2091],[97.2254,2.2073],[97.2196,2.2114],[97.2171,2.2087],[97.2135,2.2082],[97.2095,2.2147],[97.2044,2.2127],[97.2003,2.2063],[97.1984,2.2075],[97.1987,2.2142],[97.1966,2.2186],[97.1976,2.221],[97.1961,2.2283],[97.1906,2.2317],[97.1895,2.2249],[97.1879,2.2251],[97.1856,2.2351],[97.1817,2.2374],[97.1726,2.2387],[97.1693,2.236],[97.1667,2.2269],[97.1584,2.2282],[97.1552,2.2255],[97.152,2.2252],[97.1275,2.2299],[97.1195,2.2208],[97.1195,2.2178],[97.1225,2.2096],[97.1317,2.2024],[97.1368,2.2013],[97.142,2.2045],[97.1497,2.2048],[97.1557,2.2021],[97.1727,2.191],[97.1773,2.182],[97.1867,2.1816],[97.1992,2.1868],[97.2063,2.1867],[97.2151,2.1841],[97.2196,2.1808],[97.2203,2.1762],[97.2184,2.1713],[97.2196,2.1656],[97.2228,2.1616],[97.2265,2.16],[97.2301,2.16],[97.2358,2.168],[97.2378,2.1684],[97.2386,2.1669],[97.2356,2.1527],[97.2379,2.1503],[97.2462,2.1482],[97.251,2.1383],[97.2636,2.1288],[97.2676,2.1197],[97.2731,2.1158],[97.2852,2.0981],[97.3005,2.0851],[97.3108,2.0672],[97.3152,2.0679],[97.3161,2.0627],[97.3189,2.0598],[97.326,2.0591],[97.3343,2.0559],[97.3347,2.0489],[97.332,2.0428],[97.3331,2.0394],[97.3428,2.038],[97.3499,2.0417],[97.3519,2.0549],[97.3507,2.0655],[97.3459,2.0773],[97.3479,2.0787],[97.3504,2.0755],[97.353,2.0789],[97.3513,2.088],[97.3493,2.0877],[97.3479,2.0846],[97.347,2.087],[97.3488,2.09],[97.3518,2.0905],[97.3538,2.0898],[97.3552,2.0853],[97.3612,2.0839],[97.3628,2.0914],[97.362,2.0935],[97.3572,2.0948],[97.3572,2.0964],[97.3636,2.0974],[97.3638,2.1012],[97.3583,2.1085],[97.3528,2.1078],[97.3554,2.111],[97.3558,2.1157],[97.3507,2.1143],[97.3443,2.115],[97.3405,2.1205],[97.3439,2.1268],[97.3489,2.1262],[97.3507,2.128],[97.3482,2.1337],[97.3424,2.1337],[97.3443,2.1374],[97.3491,2.1396],[97.3468,2.1435],[97.3467,2.1574],[97.3447,2.1656],[97.3424,2.166],[97.3424,2.1564],[97.3383,2.1553],[97.339,2.1644],[97.3373,2.1657],[97.3314,2.1648],[97.3305,2.166],[97.3343,2.1696],[97.3357,2.1726],[97.3348,2.1746],[97.3313,2.1758],[97.3286,2.1793],[97.3258,2.1794],[97.3233,2.1786],[97.3229,2.1741],[97.3211,2.1725],[97.3196,2.1805],[97.3167,2.1782],[97.3109,2.1834],[97.3087,2.1913],[97.3044,2.1953],[97.3019,2.201],[97.2982,2.2037],[97.2981,2.2071],[97.3107,2.2086],[97.3112,2.2108],[97.3077,2.2149],[97.3098,2.2185],[97.3054,2.2304],[97.3008,2.2324],[97.2915,2.2274],[97.2835,2.2266],[97.2796,2.2277],[97.2789,2.2328],[97.2763,2.235],[97.266,2.2354],[97.2617,2.2374],[97.2509,2.2354],[97.2427,2.2371],[97.2386,2.2351],[97.2379,2.2325],[97.2358,2.2328],[97.2328,2.2303],[97.2299,2.2241]]],[[[97.327,2.1852],[97.3265,2.185],[97.3269,2.1843],[97.3278,2.1849],[97.327,2.1852]]],[[[97.3226,2.1863],[97.3243,2.1861],[97.3261,2.1885],[97.3239,2.1886],[97.3226,2.1863]]],[[[97.218,2.2121],[97.2186,2.2131],[97.2171,2.2134],[97.2175,2.2118],[97.218,2.2121]]],[[[97.2175,2.2147],[97.2167,2.2178],[97.2126,2.2189],[97.2151,2.2147],[97.2175,2.2147]]],[[[97.4345,2.179],[97.4372,2.164],[97.4471,2.1598],[97.4444,2.1663],[97.4442,2.1822],[97.4487,2.1867],[97.4482,2.192],[97.446,2.192],[97.4405,2.1857],[97.4355,2.183],[97.4345,2.179]]],[[[97.4661,2.1839],[97.4674,2.1803],[97.4668,2.1747],[97.468,2.1746],[97.4699,2.1773],[97.4671,2.1877],[97.4661,2.1839]]],[[[97.3276,2.184],[97.3278,2.1833],[97.329,2.1831],[97.3287,2.1843],[97.3276,2.184]]],[[[97.4418,2.2454],[97.439,2.2455],[97.4385,2.2451],[97.4416,2.2436],[97.4418,2.2454]]],[[[97.227,2.2263],[97.2299,2.2264],[97.2317,2.23],[97.2299,2.2375],[97.2267,2.2422],[97.223,2.2445],[97.2207,2.2442],[97.2188,2.2397],[97.2193,2.2354],[97.2222,2.2356],[97.227,2.2263]]],[[[97.2481,2.2364],[97.2525,2.2369],[97.2527,2.2381],[97.2456,2.2382],[97.2481,2.2364]]],[[[97.3183,2.242],[97.3219,2.2403],[97.3184,2.2447],[97.3158,2.2446],[97.3156,2.2419],[97.3183,2.242]]],[[[97.216,2.2438],[97.2174,2.2455],[97.2139,2.2456],[97.2135,2.2441],[97.216,2.2438]]],[[[97.2828,2.2456],[97.2813,2.2468],[97.2798,2.2466],[97.2805,2.2451],[97.2828,2.2456]]],[[[97.2635,2.252],[97.2645,2.2534],[97.2641,2.2542],[97.2629,2.254],[97.2635,2.252]]],[[[97.3057,2.2583],[97.3032,2.2605],[97.3019,2.2595],[97.3057,2.2548],[97.3057,2.2583]]],[[[97.1908,2.2589],[97.1903,2.2583],[97.192,2.2568],[97.1917,2.2582],[97.1908,2.2589]]],[[[97.2086,2.2654],[97.2137,2.2578],[97.2144,2.2518],[97.2164,2.2515],[97.2159,2.2599],[97.2108,2.2678],[97.2093,2.2684],[97.2086,2.2654]]],[[[97.2506,2.2632],[97.2495,2.2558],[97.2537,2.2525],[97.2554,2.2592],[97.2497,2.2692],[97.2506,2.2632]]],[[[97.2985,2.2651],[97.2963,2.2674],[97.2944,2.2665],[97.2975,2.2601],[97.2997,2.2611],[97.2985,2.2651]]],[[[97.4336,2.2432],[97.4332,2.2476],[97.4369,2.2479],[97.4305,2.2509],[97.4285,2.2477],[97.4291,2.2414],[97.4335,2.2401],[97.4347,2.241],[97.4336,2.2432]]],[[[97.3317,2.2707],[97.3337,2.2632],[97.3353,2.2632],[97.3332,2.27],[97.3317,2.2707]]],[[[97.412,2.2818],[97.4178,2.271],[97.4227,2.2645],[97.4251,2.2635],[97.4155,2.2788],[97.4128,2.2871],[97.4115,2.2867],[97.412,2.2818]]],[[[97.4252,2.2972],[97.4295,2.2942],[97.4297,2.2852],[97.4308,2.2847],[97.4317,2.2935],[97.4266,2.303],[97.4251,2.3025],[97.4252,2.2972]]],[[[97.708,2.4082],[97.6652,2.3948],[97.7059,2.3516],[97.7196,2.3302],[97.7135,2.3436],[97.7123,2.3492],[97.7098,2.3516],[97.7119,2.356],[97.7155,2.3559],[97.7122,2.3559],[97.7113,2.3529],[97.7103,2.3514],[97.7119,2.3504],[97.7186,2.3412],[97.73,2.3322],[97.7198,2.3397],[97.7164,2.3432],[97.7142,2.3462],[97.7142,2.3448],[97.7351,2.3225],[97.7363,2.3243],[97.738,2.3232],[97.7401,2.3204],[97.7377,2.3225],[97.7356,2.3221],[97.7408,2.3144],[97.7338,2.3238],[97.7218,2.3344],[97.7175,2.3395],[97.7191,2.333],[97.7224,2.3301],[97.7203,2.3313],[97.7204,2.3285],[97.7365,2.3114],[97.739,2.2996],[97.7464,2.286],[97.7529,2.2825],[97.7483,2.2838],[97.7464,2.2857],[97.7481,2.2824],[97.7566,2.2702],[97.7692,2.258],[97.7733,2.2498],[97.7754,2.2368],[97.7828,2.2307],[97.7847,2.2309],[97.7858,2.2334],[97.7964,2.2413],[97.7947,2.2546],[97.8007,2.2668],[97.812,2.2681],[97.8308,2.264],[97.8637,2.2466],[97.8673,2.2482],[97.8677,2.2516],[97.8711,2.2521],[97.8681,2.2558],[97.8634,2.2541],[97.8661,2.2568],[97.8656,2.2584],[97.8595,2.2594],[97.865,2.2675],[97.8753,2.273],[97.8855,2.2761],[97.8946,2.2766],[97.8965,2.2753],[97.8928,2.2723],[97.8926,2.2664],[97.8903,2.2639],[97.8884,2.2558],[97.8758,2.248],[97.8721,2.2483],[97.8723,2.2512],[97.8685,2.2482],[97.8683,2.2437],[97.8826,2.2416],[97.8971,2.2506],[97.9013,2.2601],[97.9136,2.2703],[97.9239,2.2717],[97.9383,2.268],[97.9473,2.27],[97.9537,2.2686],[97.9798,2.2571],[98.0129,2.2365],[98.0313,2.2286],[98.0846,2.2008],[98.1116,2.1831],[98.1308,2.1638],[98.1317,2.1651],[98.1305,2.166],[98.1788,2.2399],[98.1753,2.2485],[98.1725,2.2506],[98.1781,2.253],[98.1813,2.2591],[98.188,2.2958],[98.1971,2.3119],[98.1848,2.3292],[98.1839,2.3382],[98.1732,2.3571],[98.147,2.4239],[98.1428,2.4267],[98.1314,2.4463],[98.1158,2.4658],[98.1115,2.4634],[98.1043,2.4713],[98.0945,2.4849],[98.0886,2.4968],[98.0812,2.5195],[98.0828,2.5429],[98.0817,2.5494],[98.0841,2.5496],[98.0832,2.552],[98.082,2.5519],[98.0822,2.558],[98.0776,2.5625],[98.0789,2.5663],[98.0769,2.5723],[98.0788,2.5831],[98.0636,2.5856],[98.0499,2.5903],[98.0473,2.5863],[98.0363,2.5875],[98.0042,2.5986],[97.9883,2.6097],[97.954,2.5769],[97.953,2.5803],[97.9507,2.5785],[97.9483,2.5798],[97.9484,2.5942],[97.9405,2.5888],[97.9372,2.5834],[97.9309,2.5799],[97.9263,2.5728],[97.9227,2.5741],[97.9167,2.5699],[97.9119,2.5703],[97.9035,2.5623],[97.8984,2.5653],[97.8948,2.5634],[97.8907,2.5606],[97.8864,2.5509],[97.8827,2.5481],[97.8746,2.5479],[97.871,2.556],[97.8539,2.5644],[97.8502,2.5591],[97.8429,2.5569],[97.8428,2.5388],[97.8475,2.5314],[97.8503,2.5318],[97.8518,2.5298],[97.851,2.5278],[97.8478,2.529],[97.8492,2.5234],[97.8465,2.5188],[97.8425,2.5176],[97.8404,2.5148],[97.8403,2.5047],[97.792,2.5094],[97.7909,2.4998],[97.7496,2.4429],[97.7321,2.4227],[97.708,2.4082]]],[[[97.4061,2.2987],[97.406,2.2931],[97.4116,2.2913],[97.4072,2.2984],[97.4061,2.2987]]],[[[97.4178,2.2973],[97.4129,2.3108],[97.4089,2.3151],[97.4079,2.3108],[97.4125,2.2994],[97.4147,2.2961],[97.4178,2.2973]]],[[[97.2375,2.2821],[97.2354,2.2807],[97.2356,2.279],[97.2377,2.2794],[97.2375,2.2821]]],[[[97.265,2.2842],[97.2801,2.2758],[97.2853,2.2752],[97.288,2.277],[97.2855,2.2813],[97.2698,2.2879],[97.2653,2.287],[97.265,2.2842]]],[[[97.2519,2.2945],[97.2567,2.2847],[97.2609,2.2803],[97.2635,2.2815],[97.2646,2.2837],[97.2627,2.2885],[97.2547,2.2951],[97.2519,2.2945]]],[[[97.3138,2.3106],[97.3118,2.3015],[97.3127,2.2991],[97.3171,2.2942],[97.3201,2.2939],[97.3212,2.3088],[97.3184,2.3122],[97.3138,2.3106]]],[[[97.2502,2.3081],[97.2482,2.3077],[97.2481,2.3026],[97.2529,2.3011],[97.2541,2.3075],[97.2502,2.3081]]],[[[97.224,2.3224],[97.2286,2.3194],[97.2326,2.3199],[97.2341,2.3223],[97.2327,2.3283],[97.2298,2.3254],[97.224,2.3224]]],[[[97.4252,2.3044],[97.4247,2.3186],[97.4143,2.3444],[97.3961,2.3606],[97.3858,2.3634],[97.3833,2.3598],[97.3865,2.3393],[97.3903,2.3343],[97.395,2.3339],[97.3919,2.3442],[97.3938,2.3461],[97.3955,2.3452],[97.4103,2.3273],[97.4146,2.3152],[97.4197,2.3079],[97.4252,2.3044]]],[[[97.5374,2.3346],[97.5371,2.3355],[97.5364,2.3352],[97.5365,2.3341],[97.5374,2.3346]]],[[[97.7151,2.3426],[97.7157,2.3417],[97.7161,2.3415],[97.7155,2.3426],[97.7151,2.3426]]],[[[97.7142,2.3442],[97.714,2.3438],[97.7149,2.3429],[97.7148,2.3433],[97.7142,2.3442]]],[[[98.149,2.1347],[98.1494,2.1357],[98.1481,2.1363],[98.1476,2.1351],[98.149,2.1347]]],[[[98.1453,2.1447],[98.1457,2.1457],[98.1444,2.1464],[98.1439,2.1452],[98.1453,2.1447]]],[[[98.1382,2.1517],[98.1386,2.1527],[98.1372,2.1533],[98.1368,2.1521],[98.1382,2.1517]]],[[[98.1338,2.1554],[98.1342,2.1564],[98.1329,2.1571],[98.1324,2.1559],[98.1338,2.1554]]],[[[98.0436,2.191],[98.0454,2.1916],[98.0425,2.1929],[98.0421,2.1917],[98.0436,2.191]]],[[[98.0163,2.2136],[98.0167,2.2146],[98.0154,2.2152],[98.0149,2.214],[98.0163,2.2136]]],[[[98.003,2.2189],[98.0036,2.2189],[98.0039,2.2198],[98.0029,2.2198],[98.003,2.2189]]],[[[97.5656,2.3801],[97.5641,2.3801],[97.564,2.379],[97.565,2.379],[97.5656,2.3801]]]]},"properties":{"GID_2":"IDN.1.6_1","GID_0":"IDN","COUNTRY":"Indonesia","GID_1":"IDN.1_1","NAME_1":"Aceh","NL_NAME_1":"NA","NAME_2":"AcehSingkil","VARNAME_2":"NA","NL_NAME_2":"NA","TYPE_2":"Kabupaten","ENGTYPE_2":"Regency","CC_2":"1102","HASC_2":"ID.AC.AN","Data Indek":"Aceh","Data Ind_1":1,"Data Ind_2":"(0)","Data Ind_3":17.1,"Data Ind_4":75,"Data Ind_5":18411,"Data Ind_6":18.65,"Data Ind_7":25,"Data Ind_8":100,"Data Ind_9":72.88,"Data Ind10":-0.12,"Data Ind11":"Tinggi"}},
{"type":"Feature","geometry":{"type":"MultiPolygon","coordinates":[[[[97.9078,3.9032],[97.909,3.9053],[97.9088,3.905],[97.9078,3.9032]]],[[[97.9085,3.9085],[97.9085,3.908],[97.9085,3.9079],[97.9091,3.9073],[97.9085,3.9085]]],[[[98.0503,4.1008],[98.0515,4.1072],[98.0493,4.1099],[98.049,4.1134],[98.051,4.1152],[98.0498,4.1185],[98.0538,4.1193],[98.0562,4.1305],[98.0528,4.1338],[98.0559,4.1369],[98.0657,4.1386],[98.0735,4.1437],[98.0756,4.1475],[98.0717,4.1523],[98.0727,4.1586],[98.0658,4.1751],[98.0554,4.1801],[98.0568,4.1846],[98.056,4.1869],[98.0614,4.1896],[98.0709,4.1899],[98.0774,4.1956],[98.0808,4.1962],[98.0816,4.1932],[98.0855,4.1933],[98.0892,4.1978],[98.0894,4.2033],[98.0934,4.2049],[98.0947,4.2075],[98.0916,4.2134],[98.0889,4.2285],[98.0862,4.2302],[98.0846,4.2295],[98.0788,4.2338],[98.0745,4.2344],[98.0716,4.2371],[98.0677,4.2459],[98.0685,4.2477],[98.0727,4.2517],[98.077,4.253],[98.0766,4.2567],[98.0798,4.2594],[98.0829,4.2581],[98.0943,4.2607],[98.099,4.2566],[98.1073,4.254],[98.1088,4.2557],[98.1145,4.2526],[98.1187,4.2547],[98.1198,4.2583],[98.1254,4.2553],[98.1286,4.2577],[98.1325,4.2572],[98.1371,4.2597],[98.1388,4.2587],[98.1464,4.2604],[98.1531,4.2647],[98.1565,4.2724],[98.1544,4.2903],[98.1605,4.2881],[98.171,4.2895],[98.1833,4.2886],[98.1862,4.2924],[98.1932,4.2938],[98.1946,4.2969],[98.1977,4.2949],[98.1987,4.3015],[98.2025,4.2976],[98.211,4.2988],[98.2104,4.2941],[98.2144,4.2872],[98.2174,4.2902],[98.2216,4.2881],[98.229,4.2925],[98.2303,4.2914],[98.2294,4.2862],[98.2381,4.2835],[98.2392,4.2895],[98.2444,4.2942],[98.2495,4.2929],[98.2514,4.2887],[98.2544,4.2894],[98.2676,4.3119],[98.2666,4.3137],[98.2712,4.3229],[98.2753,4.3237],[98.2796,4.3306],[98.278,4.3409],[98.2791,4.3449],[98.2778,4.3464],[98.283,4.3486],[98.282,4.3639],[98.2792,4.3694],[98.2779,4.3797],[98.2779,4.3836],[98.2799,4.386],[98.2763,4.3926],[98.2737,4.3932],[98.2733,4.3961],[98.274,4.3976],[98.2762,4.3959],[98.2765,4.3983],[98.2798,4.3985],[98.2833,4.4122],[98.2856,4.412],[98.286,4.4152],[98.285,4.4185],[98.2797,4.4201],[98.268,4.4114],[98.2671,4.4126],[98.2764,4.4226],[98.2766,4.4248],[98.2649,4.4316],[98.2523,4.4439],[98.2482,4.444],[98.2497,4.435],[98.2485,4.4346],[98.2472,4.4385],[98.2462,4.434],[98.242,4.4354],[98.2365,4.4349],[98.2359,4.441],[98.2312,4.4383],[98.2302,4.4491],[98.236,4.4545],[98.2374,4.4592],[98.2366,4.4612],[98.2269,4.4646],[98.2241,4.4683],[98.2146,4.4747],[98.1995,4.4814],[98.1861,4.4779],[98.1853,4.4802],[98.1871,4.482],[98.187,4.4845],[98.1799,4.4886],[98.1786,4.4951],[98.1707,4.5023],[98.1578,4.5089],[98.1494,4.511],[98.1441,4.5093],[98.1444,4.5117],[98.137,4.516],[98.1344,4.516],[98.1248,4.5218],[98.1146,4.5233],[98.1134,4.5214],[98.1159,4.5151],[98.1145,4.514],[98.1102,4.5214],[98.0946,4.5232],[98.0933,4.521],[98.0872,4.5229],[98.0875,4.5166],[98.0903,4.5107],[98.0782,4.5015],[98.0771,4.5059],[98.0803,4.5095],[98.0728,4.5111],[98.0633,4.5098],[98.0625,4.512],[98.0665,4.5138],[98.0788,4.5155],[98.0783,4.5193],[98.0745,4.5241],[98.0807,4.5244],[98.0817,4.5283],[98.0831,4.5279],[98.0852,4.5313],[98.0831,4.5382],[98.0653,4.5532],[98.0643,4.5498],[98.0697,4.5432],[98.0694,4.5412],[98.0672,4.5408],[98.0686,4.5401],[98.067,4.5368],[98.0676,4.5301],[98.0654,4.5305],[98.0662,4.5272],[98.0645,4.5267],[98.0638,4.5284],[98.0595,4.5216],[98.0563,4.5217],[98.0542,4.5192],[98.0475,4.5053],[98.0448,4.4851],[98.0393,4.4801],[98.035,4.4795],[98.0351,4.4721],[98.038,4.4671],[98.0428,4.4701],[98.0469,4.4687],[98.0442,4.4639],[98.044,4.4564],[98.0411,4.449],[98.0386,4.4288],[98.0399,4.4202],[98.0337,4.4202],[98.0241,4.4108],[98.0242,4.4158],[98.0186,4.4143],[98.0144,4.4092],[98.0039,4.4031],[98.0037,4.4005],[97.9915,4.3942],[97.9911,4.3919],[97.9863,4.388],[97.9795,4.3891],[97.9763,4.393],[97.9723,4.3786],[97.9209,4.3764],[97.9069,4.3773],[97.8981,4.3748],[97.8871,4.3757],[97.8755,4.3789],[97.8614,4.3885],[97.8594,4.3879],[97.857,4.3915],[97.8544,4.3915],[97.8554,4.3866],[97.8531,4.3868],[97.8509,4.3814],[97.8493,4.3826],[97.8474,4.3793],[97.8364,4.3729],[97.8323,4.3731],[97.8295,4.3685],[97.8238,4.3657],[97.8236,4.3639],[97.8184,4.3624],[97.8149,4.3554],[97.816,4.352],[97.814,4.3464],[97.8056,4.3456],[97.8042,4.3477],[97.8,4.3482],[97.796,4.3444],[97.7934,4.3459],[97.7741,4.3427],[97.7633,4.3245],[97.769,4.3229],[97.7717,4.3209],[97.772,4.3188],[97.7493,4.2942],[97.7455,4.2855],[97.743,4.2719],[97.7327,4.249],[97.7178,4.2472],[97.7242,4.2361],[97.7208,4.2344],[97.7183,4.228],[97.7161,4.2116],[97.717,4.2102],[97.7147,4.2041],[97.717,4.2003],[97.716,4.1955],[97.7186,4.1793],[97.7218,4.1751],[97.7206,4.1692],[97.723,4.1667],[97.7257,4.1574],[97.7283,4.1555],[97.7279,4.1502],[97.7295,4.1454],[97.7381,4.137],[97.7528,4.1285],[97.7621,4.1204],[97.7645,4.1208],[97.7673,4.1152],[97.7756,4.1105],[97.7785,4.107],[97.7826,4.095],[97.7866,4.0891],[97.7895,4.0627],[97.7949,4.0375],[97.7931,4.037],[97.7946,4.0297],[97.7896,4.0233],[97.7917,4.0223],[97.7988,4.0087],[97.8038,4.0025],[97.822,3.9856],[97.8234,3.9829],[97.8241,3.9727],[97.8307,3.9663],[97.8495,3.9339],[97.8611,3.9225],[97.8682,3.9246],[97.8716,3.93],[97.8822,3.9366],[97.8903,3.9345],[97.8999,3.9358],[97.9084,3.9162],[97.9068,3.9114],[97.9085,3.9093],[97.9095,3.9131],[97.9154,3.9134],[97.9292,3.9024],[97.9336,3.8956],[97.9369,3.895],[97.9383,3.8968],[97.944,3.897],[97.9495,3.8898],[97.9527,3.8908],[97.9539,3.8966],[97.9573,3.902],[97.9545,3.9154],[97.9563,3.9201],[97.9535,3.9241],[97.9553,3.9243],[97.9583,3.9295],[97.9635,3.934],[97.9661,3.9337],[97.9703,3.9371],[97.9781,3.9392],[97.9801,3.9412],[97.99,3.9418],[97.9932,3.9437],[97.9985,3.9501],[98.0004,3.9505],[98.0004,3.9549],[98.0039,3.9639],[98.0152,3.9631],[98.0164,3.9698],[98.0226,3.9669],[98.0367,3.9565],[98.0296,3.9806],[98.0314,3.9859],[98.0293,3.9919],[98.031,4.002],[98.026,4.0162],[98.0275,4.0195],[98.0323,4.0223],[98.0384,4.0217],[98.0407,4.019],[98.0428,4.0198],[98.0469,4.027],[98.0438,4.0289],[98.0399,4.0387],[98.0422,4.0438],[98.0417,4.0517],[98.0441,4.057],[98.0449,4.0776],[98.0462,4.0774],[98.0493,4.0853],[98.0459,4.0924],[98.0456,4.097],[98.0503,4.1008]]]]},"properties":{"GID_2":"IDN.1.7_1","GID_0":"IDN","COUNTRY":"Indonesia","GID_1":"IDN.1_1","NAME_1":"Aceh","NL_NAME_1":"NA","NAME_2":"AcehTamiang","VARNAME_2":"NA","NL_NAME_2":"NA","TYPE_2":"Kabupaten","ENGTYPE_2":"Regency","CC_2":"1114","HASC_2":"ID.AC.AM","Data Indek":"Aceh","Data Ind_1":3,"Data Ind_2":"(0)","Data Ind_3":10.8,"Data Ind_4":143,"Data Ind_5":43497,"Data Ind_6":12.59,"Data Ind_7":40,"Data Ind_8":100,"Data Ind_9":90.74,"Data Ind10":-0.26,"Data Ind11":"Sedang"}},
{"type":"Feature","geometry":{"type":"Polygon","coordinates":[[[97.2172,4.2355],[97.2228,4.2241],[97.2249,4.2126],[97.2422,4.1894],[97.2466,4.1757],[97.2516,4.17],[97.2583,4.1681],[97.273,4.1705],[97.2892,4.1814],[97.3173,4.1889],[97.357,4.2093],[97.3543,4.2234],[97.3512,4.2336],[97.3483,4.2376],[97.3597,4.2821],[97.3567,4.2961],[97.3591,4.3353],[97.3558,4.3451],[97.3522,4.3473],[97.3568,4.3538],[97.3679,4.3615],[97.3694,4.3665],[97.368,4.3746],[97.3691,4.3967],[97.3672,4.4068],[97.3625,4.4149],[97.3605,4.4236],[97.3499,4.4351],[97.3469,4.4446],[97.3439,4.4883],[97.3443,4.5016],[97.3423,4.5099],[97.3389,4.5127],[97.3279,4.5139],[97.2942,4.5038],[97.2747,4.5065],[97.2729,4.5112],[97.2747,4.5178],[97.2806,4.5253],[97.2855,4.5276],[97.2971,4.5291],[97.3064,4.5377],[97.3188,4.5412],[97.3236,4.5458],[97.3132,4.6029],[97.3133,4.6018],[97.293,4.599],[97.2829,4.5958],[97.2609,4.5839],[97.2381,4.5874],[97.2257,4.5873],[97.2163,4.5849],[97.2037,4.5781],[97.1943,4.5753],[97.1448,4.5793],[97.1183,4.583],[97.0949,4.5883],[97.0753,4.596],[97.0613,4.5995],[97.045,4.6073],[97.0307,4.6199],[97.0188,4.6178],[96.9832,4.6406],[96.9718,4.6438],[96.9545,4.6514],[96.929,4.6567],[96.9038,4.6574],[96.8695,4.662],[96.8577,4.6658],[96.8402,4.666],[96.8231,4.6725],[96.8207,4.6749],[96.8236,4.6793],[96.8204,4.6812],[96.8208,4.6842],[96.8181,4.6849],[96.8122,4.6808],[96.8105,4.6748],[96.8055,4.6758],[96.8046,4.6774],[96.8077,4.6838],[96.805,4.6866],[96.8017,4.6868],[96.7978,4.6917],[96.7949,4.6971],[96.7951,4.7017],[96.7919,4.7099],[96.778,4.7162],[96.7732,4.7154],[96.771,4.7166],[96.7685,4.7141],[96.7645,4.7144],[96.764,4.7166],[96.7588,4.7159],[96.7582,4.7135],[96.7514,4.7144],[96.746,4.7128],[96.7452,4.7157],[96.7411,4.718],[96.7389,4.7234],[96.734,4.7234],[96.7299,4.7264],[96.7292,4.7292],[96.7265,4.7305],[96.721,4.7388],[96.7158,4.7433],[96.7156,4.7473],[96.7123,4.7479],[96.7109,4.7527],[96.709,4.7525],[96.7067,4.7482],[96.7032,4.7468],[96.7025,4.7449],[96.6979,4.747],[96.6963,4.7508],[96.692,4.7513],[96.6917,4.753],[96.6837,4.7559],[96.688,4.7695],[96.6942,4.7721],[96.7013,4.7789],[96.7014,4.8027],[96.7062,4.8108],[96.7065,4.8143],[96.7051,4.8152],[96.7074,4.82],[96.706,4.8247],[96.6933,4.8326],[96.6905,4.8388],[96.6923,4.8449],[96.6871,4.8665],[96.6893,4.8728],[96.6883,4.8821],[96.6906,4.8874],[96.691,4.8986],[96.6853,4.9128],[96.6826,4.9259],[96.6774,4.9295],[96.6733,4.9388],[96.6728,4.9446],[96.6754,4.9505],[96.674,4.9523],[96.6607,4.9519],[96.6574,4.9554],[96.6536,4.9545],[96.6499,4.9568],[96.649,4.9555],[96.6453,4.9565],[96.6472,4.9522],[96.6441,4.9532],[96.644,4.9559],[96.6219,4.9535],[96.6169,4.9564],[96.615,4.9535],[96.5999,4.9542],[96.5894,4.9525],[96.5858,4.9498],[96.5546,4.9425],[96.5361,4.9351],[96.5215,4.9183],[96.5128,4.9029],[96.5093,4.9017],[96.506,4.8954],[96.5025,4.8926],[96.4966,4.8901],[96.4923,4.8919],[96.4756,4.8921],[96.4668,4.8948],[96.4616,4.9139],[96.4496,4.9251],[96.4362,4.8999],[96.4253,4.8857],[96.3973,4.8672],[96.376,4.8422],[96.3505,4.7757],[96.343,4.7793],[96.3374,4.7789],[96.3334,4.7752],[96.3208,4.7763],[96.3171,4.7793],[96.3127,4.78],[96.3071,4.7748],[96.3016,4.7748],[96.2923,4.7785],[96.2835,4.78],[96.2705,4.7746],[96.2684,4.768],[96.268,4.7506],[96.2644,4.7425],[96.2647,4.7373],[96.2603,4.7135],[96.2623,4.7106],[96.2728,4.7072],[96.2791,4.6953],[96.2824,4.6923],[96.297,4.6914],[96.3151,4.6875],[96.3433,4.69],[96.3601,4.6866],[96.3694,4.6917],[96.3948,4.6797],[96.4087,4.6692],[96.4241,4.6491],[96.438,4.6395],[96.4444,4.6267],[96.4477,4.6253],[96.4607,4.6255],[96.4677,4.6266],[96.4731,4.63],[96.4861,4.6305],[96.4911,4.6228],[96.5269,4.6036],[96.5438,4.6008],[96.5593,4.5922],[96.5723,4.5795],[96.5816,4.573],[96.5897,4.5517],[96.5883,4.5191],[96.5906,4.5154],[96.593,4.502],[96.5999,4.4942],[96.6044,4.4773],[96.5981,4.4518],[96.5989,4.4475],[96.5947,4.4401],[96.5972,4.4372],[96.591,4.4345],[96.592,4.4307],[96.5898,4.4267],[96.5879,4.4267],[96.5846,4.4224],[96.5839,4.4198],[96.5879,4.418],[96.5883,4.4158],[96.5903,4.4148],[96.5912,4.4162],[96.5966,4.4162],[96.5975,4.4132],[96.5992,4.4121],[96.6013,4.4131],[96.604,4.4089],[96.6087,4.4094],[96.6098,4.4046],[96.6177,4.4003],[96.6185,4.4046],[96.6286,4.4012],[96.6289,4.3995],[96.6319,4.3987],[96.6353,4.3946],[96.6348,4.3908],[96.6475,4.3774],[96.6782,4.3639],[96.7171,4.353],[96.749,4.342],[96.7781,4.327],[96.784,4.3179],[96.7854,4.313],[96.7917,4.3047],[96.8218,4.2854],[96.8206,4.2854],[96.829,4.2819],[96.8442,4.2684],[96.8575,4.249],[96.8643,4.2435],[96.8781,4.2381],[96.887,4.2212],[96.9098,4.2134],[96.9222,4.1992],[96.9391,4.1947],[96.9421,4.1908],[96.9505,4.1866],[96.9689,4.1864],[96.9902,4.19],[96.992,4.1972],[96.9977,4.1987],[97.0033,4.1979],[97.0184,4.2074],[97.0524,4.218],[97.0671,4.2199],[97.1034,4.2463],[97.11,4.2499],[97.1283,4.2554],[97.1395,4.2639],[97.1493,4.2689],[97.1615,4.2808],[97.1772,4.2627],[97.1918,4.2586],[97.1998,4.2524],[97.2172,4.2355]]]},"properties":{"GID_2":"IDN.1.8_1","GID_0":"IDN","COUNTRY":"Indonesia","GID_1":"IDN.1_1","NAME_1":"Aceh","NL_NAME_1":"NA","NAME_2":"AcehTengah","VARNAME_2":"NA","NL_NAME_2":"NA","TYPE_2":"Kabupaten","ENGTYPE_2":"Regency","CC_2":"1106","HASC_2":"ID.AC.AT","Data Indek":"Aceh","Data Ind_1":1,"Data Ind_2":"(0)","Data Ind_3":12.3,"Data Ind_4":51,"Data Ind_5":34864,"Data Ind_6":6,"Data Ind_7":25,"Data Ind_8":99.7,"Data Ind_9":90.85,"Data Ind10":-0.38,"Data Ind11":"Sedang"}},
{"type":"Feature","geometry":{"type":"Polygon","coordinates":[[[97.9394,3.0762],[97.9467,3.0746],[97.9492,3.0753],[97.9505,3.074],[97.9477,3.0682],[97.9485,3.0662],[97.9611,3.0659],[97.9745,3.0728],[97.9768,3.079],[97.9805,3.0796],[97.9825,3.0817],[97.9824,3.0871],[97.9794,3.0972],[97.9818,3.1109],[97.9798,3.1216],[97.974,3.1327],[97.9624,3.1464],[97.9385,3.1635],[97.943,3.1751],[97.9398,3.1936],[97.9435,3.2013],[97.9413,3.2055],[97.9378,3.2041],[97.9325,3.2098],[97.9269,3.2231],[97.9224,3.2285],[97.9143,3.2313],[97.9182,3.2324],[97.922,3.2372],[97.921,3.2407],[97.9149,3.2437],[97.9102,3.2437],[97.9077,3.2425],[97.8997,3.2428],[97.8818,3.2381],[97.8704,3.2496],[97.8734,3.2529],[97.8781,3.253],[97.8811,3.2555],[97.8936,3.2542],[97.9017,3.2608],[97.9069,3.26],[97.9129,3.2632],[97.9162,3.263],[97.9179,3.2552],[97.9228,3.2492],[97.9244,3.2521],[97.9311,3.25],[97.945,3.2568],[97.9587,3.2589],[97.9524,3.2678],[97.9496,3.2684],[97.953,3.2716],[97.9689,3.2743],[97.9701,3.2757],[97.9774,3.2727],[97.9844,3.2729],[97.9991,3.2846],[98.0139,3.2936],[98.0212,3.3029],[98.0202,3.316],[98.0289,3.331],[98.0222,3.3437],[98.0143,3.3494],[98.0107,3.3592],[98.0036,3.3682],[97.9969,3.3718],[97.9858,3.3706],[97.9745,3.3748],[97.9627,3.3828],[97.95,3.3889],[97.947,3.3936],[97.9496,3.403],[97.9533,3.4085],[97.935,3.4357],[97.9337,3.4445],[97.9363,3.4504],[97.9414,3.4558],[97.9478,3.4666],[97.9498,3.4728],[97.9591,3.4816],[97.9582,3.4831],[97.951,3.4846],[97.946,3.4894],[97.9314,3.4921],[97.9216,3.4981],[97.9205,3.5],[97.9238,3.5122],[97.9126,3.5338],[97.9123,3.5437],[97.9097,3.5502],[97.9044,3.5569],[97.8978,3.5603],[97.8924,3.5591],[97.8848,3.5611],[97.8756,3.5652],[97.8683,3.571],[97.867,3.5848],[97.8636,3.5946],[97.8637,3.5989],[97.8705,3.607],[97.8719,3.6121],[97.8536,3.6269],[97.854,3.64],[97.8466,3.6532],[97.8444,3.6612],[97.8384,3.6685],[97.8293,3.6722],[97.826,3.6759],[97.8191,3.6906],[97.8046,3.7104],[97.8038,3.7168],[97.8003,3.7227],[97.8152,3.7367],[97.8177,3.7425],[97.8246,3.7495],[97.7812,3.7492],[97.7489,3.7443],[97.7306,3.739],[97.7026,3.7349],[97.6535,3.7317],[97.6353,3.7333],[97.6295,3.7299],[97.6217,3.7217],[97.5561,3.7107],[97.5527,3.7143],[97.5496,3.7142],[97.5349,3.7067],[97.5284,3.706],[97.5115,3.7001],[97.4979,3.7007],[97.4938,3.7029],[97.4773,3.7017],[97.4603,3.6977],[97.3159,3.6769],[97.3048,3.6768],[97.2849,3.6823],[97.2642,3.6851],[97.2584,3.6938],[97.2555,3.6954],[97.2062,3.6939],[97.2242,3.6788],[97.261,3.6542],[97.2793,3.6488],[97.2846,3.6396],[97.2933,3.6125],[97.2952,3.5993],[97.3304,3.6129],[97.3434,3.6225],[97.3582,3.6258],[97.367,3.6382],[97.372,3.6411],[97.3778,3.6411],[97.3825,3.6384],[97.4034,3.6192],[97.4101,3.6196],[97.4205,3.6246],[97.4316,3.6385],[97.4466,3.6358],[97.4516,3.6333],[97.458,3.6266],[97.4626,3.6159],[97.4625,3.6048],[97.4678,3.591],[97.469,3.5756],[97.4724,3.5693],[97.4829,3.5623],[97.4843,3.5583],[97.4839,3.5517],[97.4791,3.545],[97.4547,3.5418],[97.4521,3.54],[97.4141,3.4821],[97.3988,3.456],[97.3985,3.4521],[97.4122,3.4344],[97.4244,3.4218],[97.4384,3.4017],[97.4564,3.3619],[97.4682,3.3385],[97.4733,3.3314],[97.4686,3.3013],[97.4671,3.2754],[97.4714,3.2632],[97.4708,3.2398],[97.4774,3.218],[97.5199,3.1676],[97.5511,3.1496],[97.5767,3.1274],[97.5969,3.1147],[97.6102,3.1014],[97.6154,3.0927],[97.6333,3.0493],[97.643,3.0305],[97.6419,3.0237],[97.6345,3.0141],[97.6339,3.0107],[97.6334,2.9763],[97.6342,2.9681],[97.6375,2.959],[97.6428,2.9525],[97.6537,2.9478],[97.6951,2.9417],[97.743,2.9279],[97.7538,2.927],[97.7632,2.9354],[97.7684,2.949],[97.7695,2.9577],[97.7738,2.9629],[97.7881,2.9722],[97.7977,2.9754],[97.8009,2.9728],[97.8033,2.9632],[97.8056,2.961],[97.8104,2.9636],[97.8136,2.9664],[97.8157,2.9754],[97.8134,2.981],[97.8274,2.9987],[97.8335,3.0019],[97.841,3.0032],[97.8515,3.001],[97.8562,3.0034],[97.861,3.0035],[97.8712,3.0098],[97.8818,3.0069],[97.888,3.0092],[97.8968,3.0085],[97.9016,3.0078],[97.908,3.0008],[97.9351,2.9895],[97.9469,3.0057],[97.9385,3.0282],[97.9391,3.037],[97.944,3.0431],[97.9442,3.0456],[97.9303,3.0543],[97.9303,3.0631],[97.932,3.0694],[97.9394,3.0762]]]},"properties":{"GID_2":"IDN.1.9_1","GID_0":"IDN","COUNTRY":"Indonesia","GID_1":"IDN.1_1","NAME_1":"Aceh","NL_NAME_1":"NA","NAME_2":"AcehTenggara","VARNAME_2":"NA","NL_NAME_2":"NA","TYPE_2":"Kabupaten","ENGTYPE_2":"Regency","CC_2":"1104","HASC_2":"ID.AC.AG","Data Indek":"Aceh","Data Ind_1":1,"Data Ind_2":"(0)","Data Ind_3":9.8,"Data Ind_4":57,"Data Ind_5":31726,"Data Ind_6":3.76,"Data Ind_7":41,"Data Ind_8":99.88,"Data Ind_9":91.43,"Data Ind10":-0.45,"Data Ind11":"Sedang"}},
{"type":"Feature","geometry":{"type":"Polygon","coordinates":[[[97.6849,4.247],[97.706,4.2464],[97.7299,4.2485],[97.7327,4.249],[97.7371,4.2569],[97.7493,4.2942],[97.772,4.3188],[97.7717,4.3209],[97.769,4.3229],[97.7633,4.3245],[97.7741,4.3427],[97.7934,4.3459],[97.796,4.3444],[97.8,4.3482],[97.8042,4.3477],[97.8056,4.3456],[97.814,4.3464],[97.816,4.352],[97.8149,4.3554],[97.8184,4.3624],[97.8236,4.3639],[97.8238,4.3657],[97.8295,4.3685],[97.8323,4.3731],[97.8364,4.3729],[97.8474,4.3793],[97.8493,4.3826],[97.8509,4.3814],[97.8531,4.3868],[97.8554,4.3866],[97.8544,4.3915],[97.857,4.3915],[97.8594,4.3879],[97.8614,4.3885],[97.8755,4.3789],[97.8871,4.3757],[97.8981,4.3748],[97.9069,4.3773],[97.9209,4.3764],[97.9723,4.3786],[97.9763,4.393],[97.9795,4.3891],[97.9863,4.388],[97.9911,4.3919],[97.9915,4.3942],[98.0037,4.4005],[98.0039,4.4031],[98.0144,4.4092],[98.0186,4.4143],[98.0242,4.4158],[98.0238,4.4181],[98.0195,4.4176],[98.015,4.4144],[98.0126,4.415],[98.0094,4.4127],[98.0037,4.4118],[98.0005,4.4077],[97.9999,4.4095],[97.9945,4.409],[97.9916,4.4121],[97.9818,4.4144],[97.9817,4.4213],[97.9792,4.4213],[97.9785,4.423],[97.9734,4.4227],[97.9683,4.4261],[97.9711,4.4382],[97.9665,4.442],[97.9668,4.4451],[97.9663,4.4452],[97.9617,4.4422],[97.9423,4.438],[97.9357,4.4325],[97.9254,4.435],[97.9226,4.438],[97.9182,4.4466],[97.9186,4.4513],[97.9174,4.4525],[97.9124,4.4519],[97.9145,4.4488],[97.9098,4.4509],[97.909,4.448],[97.9067,4.4512],[97.9073,4.4524],[97.9094,4.4515],[97.9078,4.4531],[97.9041,4.4503],[97.905,4.449],[97.904,4.4483],[97.8868,4.4483],[97.8817,4.4534],[97.8808,4.4567],[97.8774,4.4582],[97.8887,4.4772],[97.8909,4.4932],[97.8968,4.5025],[97.8976,4.5063],[97.9046,4.512],[97.9086,4.5175],[97.908,4.519],[97.913,4.5213],[97.9167,4.5295],[97.9215,4.5323],[97.9319,4.534],[97.9368,4.5329],[97.9355,4.5284],[97.9449,4.5274],[97.9451,4.5292],[97.9509,4.5295],[97.9523,4.5305],[97.9506,4.5318],[97.9508,4.5339],[97.955,4.5351],[97.9625,4.5283],[97.9622,4.5267],[97.9671,4.5295],[97.9811,4.5435],[97.9757,4.5563],[97.9726,4.5553],[97.9706,4.5592],[97.9801,4.5647],[97.9813,4.5711],[97.9835,4.5651],[97.9858,4.5763],[97.9948,4.587],[97.9971,4.5868],[97.9964,4.5894],[97.9994,4.5945],[98.0027,4.5964],[98.0072,4.6028],[98.012,4.6052],[98.0177,4.6018],[98.0177,4.6092],[98.0129,4.6167],[98.0066,4.6217],[97.9985,4.6251],[97.9938,4.6296],[97.9967,4.6396],[97.9904,4.6426],[97.9862,4.6428],[97.9797,4.6529],[97.975,4.654],[97.9719,4.6627],[97.9645,4.6644],[97.9624,4.6748],[97.9654,4.679],[97.9675,4.6775],[97.9692,4.6794],[97.9702,4.6748],[97.975,4.6687],[97.9766,4.67],[97.9764,4.6739],[97.9665,4.6977],[97.9624,4.7123],[97.9607,4.7328],[97.9552,4.7389],[97.9544,4.7436],[97.9572,4.7442],[97.9571,4.7464],[97.9535,4.7569],[97.9487,4.7629],[97.9461,4.7692],[97.9462,4.7781],[97.9249,4.8311],[97.9192,4.85],[97.9069,4.8819],[97.9059,4.8892],[97.8802,4.89],[97.867,4.8943],[97.8493,4.904],[97.8441,4.9091],[97.8073,4.9349],[97.7792,4.9595],[97.7792,4.9624],[97.6742,5.0515],[97.6721,5.0554],[97.6552,5.0686],[97.649,5.0763],[97.645,5.0745],[97.6467,5.0794],[97.6441,5.0848],[97.6455,5.0925],[97.648,5.0854],[97.6565,5.0811],[97.6538,5.1131],[97.6516,5.1153],[97.6524,5.1184],[97.6367,5.1287],[97.6136,5.1318],[97.5909,5.1445],[97.593,5.1468],[97.5921,5.1487],[97.5823,5.1614],[97.5735,5.1675],[97.5738,5.1701],[97.5683,5.1806],[97.5696,5.1827],[97.5653,5.1888],[97.5469,5.2045],[97.5394,5.2057],[97.5317,5.21],[97.5427,5.2078],[97.5487,5.2103],[97.5563,5.2106],[97.5547,5.2134],[97.5136,5.2424],[97.5005,5.2491],[97.495,5.25],[97.4841,5.246],[97.4838,5.24],[97.4883,5.2311],[97.4886,5.2244],[97.4937,5.219],[97.4975,5.2216],[97.4957,5.217],[97.5,5.213],[97.4955,5.2115],[97.4918,5.2146],[97.4899,5.2139],[97.4897,5.2119],[97.4935,5.2103],[97.4948,5.2073],[97.4933,5.2055],[97.4907,5.2089],[97.4883,5.2092],[97.4912,5.2028],[97.4877,5.2002],[97.493,5.1977],[97.4944,5.2021],[97.4969,5.2027],[97.4987,5.1969],[97.5009,5.1955],[97.4981,5.1937],[97.5014,5.189],[97.5007,5.1878],[97.4976,5.1888],[97.4924,5.1851],[97.4918,5.1892],[97.4877,5.1881],[97.4907,5.1823],[97.4895,5.182],[97.4881,5.1853],[97.4859,5.1817],[97.488,5.1787],[97.4913,5.1791],[97.4893,5.1748],[97.4918,5.1734],[97.4943,5.1745],[97.4974,5.1711],[97.5,5.1719],[97.5003,5.1681],[97.4977,5.1681],[97.4991,5.1654],[97.4968,5.1631],[97.4982,5.1588],[97.4947,5.159],[97.4911,5.1571],[97.4894,5.1611],[97.4875,5.1612],[97.4886,5.154],[97.4875,5.151],[97.4827,5.152],[97.4815,5.149],[97.4761,5.1527],[97.474,5.1515],[97.4683,5.1542],[97.466,5.1536],[97.4702,5.1502],[97.4675,5.1454],[97.4701,5.1399],[97.4689,5.1313],[97.4735,5.1317],[97.4782,5.1288],[97.4783,5.1265],[97.4766,5.1242],[97.4703,5.1245],[97.4695,5.1178],[97.4684,5.1169],[97.464,5.1183],[97.4598,5.1119],[97.4626,5.1094],[97.4687,5.1094],[97.4663,5.1059],[97.4718,5.1047],[97.4731,5.1018],[97.4693,5.0986],[97.4675,5.0942],[97.4694,5.0929],[97.4714,5.0955],[97.4745,5.0951],[97.4763,5.0884],[97.4798,5.087],[97.4848,5.0782],[97.4885,5.0788],[97.4878,5.0815],[97.4906,5.0861],[97.4954,5.0862],[97.4974,5.0817],[97.4951,5.0777],[97.4912,5.075],[97.4917,5.0716],[97.4963,5.0734],[97.4999,5.0785],[97.5016,5.0773],[97.4985,5.0685],[97.506,5.0694],[97.5058,5.0747],[97.5076,5.0753],[97.5096,5.0731],[97.5088,5.068],[97.5122,5.0702],[97.5148,5.0693],[97.5148,5.0569],[97.5132,5.0592],[97.5145,5.0646],[97.513,5.0659],[97.5099,5.0654],[97.5068,5.0621],[97.5073,5.0592],[97.5116,5.0565],[97.5138,5.0516],[97.5119,5.0502],[97.5056,5.0549],[97.498,5.0511],[97.4978,5.0497],[97.5054,5.0473],[97.5053,5.0457],[97.5002,5.0433],[97.4999,5.0386],[97.5033,5.038],[97.5063,5.0442],[97.5076,5.0442],[97.5146,5.0309],[97.5135,5.0292],[97.5071,5.0291],[97.5065,5.0225],[97.5029,5.0173],[97.4955,5.0164],[97.4934,5.0141],[97.4955,5.0107],[97.5011,5.0128],[97.5042,5.0116],[97.5054,5.0056],[97.502,5.0025],[97.5024,5.0002],[97.5074,4.9982],[97.5081,4.9965],[97.5017,4.9914],[97.4975,4.9912],[97.4978,4.983],[97.4912,4.9789],[97.4932,4.9759],[97.497,4.9776],[97.4993,4.9767],[97.4994,4.9703],[97.5018,4.9676],[97.5005,4.9648],[97.4983,4.9641],[97.4961,4.9674],[97.4942,4.9677],[97.4925,4.9637],[97.4884,4.9635],[97.4851,4.9611],[97.4867,4.9591],[97.4901,4.9599],[97.4967,4.957],[97.5028,4.9609],[97.5049,4.9595],[97.5044,4.9579],[97.4989,4.9551],[97.4971,4.9476],[97.492,4.9474],[97.4874,4.9415],[97.4839,4.9451],[97.4775,4.941],[97.4754,4.9478],[97.4719,4.9475],[97.4735,4.9416],[97.4676,4.9297],[97.4717,4.9267],[97.4734,4.9234],[97.4669,4.919],[97.4657,4.9153],[97.4673,4.9134],[97.472,4.9199],[97.4784,4.9207],[97.4794,4.9184],[97.4736,4.9181],[97.4733,4.9151],[97.4747,4.913],[97.4781,4.9143],[97.4797,4.9112],[97.4877,4.9098],[97.4835,4.9051],[97.4837,4.9023],[97.4906,4.9066],[97.4919,4.9011],[97.4961,4.9004],[97.4991,4.8979],[97.4987,4.8948],[97.4928,4.8885],[97.4932,4.8863],[97.496,4.8868],[97.5021,4.8925],[97.5062,4.8909],[97.5065,4.8875],[97.5017,4.8879],[97.4999,4.8843],[97.4954,4.8812],[97.4971,4.8749],[97.5033,4.8794],[97.5064,4.8852],[97.5098,4.8849],[97.5117,4.8823],[97.5079,4.8803],[97.5052,4.8759],[97.5021,4.8755],[97.5005,4.8704],[97.4976,4.8708],[97.4946,4.8671],[97.4886,4.8668],[97.4886,4.8529],[97.4854,4.8472],[97.4769,4.8387],[97.4747,4.8396],[97.4735,4.8441],[97.4718,4.8383],[97.4686,4.8372],[97.4676,4.8384],[97.47,4.8403],[97.4697,4.8428],[97.4672,4.8428],[97.4636,4.8397],[97.4618,4.8412],[97.4618,4.8448],[97.4591,4.8461],[97.4523,4.8355],[97.4425,4.8318],[97.4414,4.8289],[97.4502,4.8277],[97.4564,4.8229],[97.4566,4.8208],[97.4531,4.8187],[97.4368,4.8217],[97.4354,4.82],[97.4378,4.8119],[97.4353,4.8083],[97.4294,4.8078],[97.4284,4.8058],[97.4331,4.7975],[97.436,4.7954],[97.4365,4.7886],[97.4342,4.7863],[97.4268,4.7858],[97.4205,4.782],[97.4108,4.7802],[97.4074,4.7828],[97.4074,4.7846],[97.4104,4.7872],[97.4184,4.7874],[97.4188,4.7898],[97.4123,4.796],[97.4061,4.7946],[97.4035,4.7895],[97.3999,4.7668],[97.4032,4.7633],[97.4093,4.7625],[97.4147,4.7685],[97.4171,4.7686],[97.4224,4.7647],[97.4244,4.7549],[97.4151,4.7595],[97.4111,4.7594],[97.4071,4.7559],[97.404,4.7554],[97.3992,4.7596],[97.388,4.7601],[97.3879,4.7674],[97.3862,4.7689],[97.3691,4.7689],[97.3654,4.7667],[97.3613,4.7671],[97.3608,4.7691],[97.366,4.7783],[97.3656,4.7818],[97.3633,4.7835],[97.3605,4.7826],[97.3561,4.7774],[97.3567,4.7732],[97.3548,4.771],[97.3497,4.7786],[97.3393,4.7789],[97.3353,4.7717],[97.3364,4.7668],[97.327,4.7588],[97.3242,4.7433],[97.3217,4.7441],[97.3191,4.741],[97.3241,4.7345],[97.3277,4.7108],[97.3236,4.6976],[97.312,4.682],[97.3127,4.6735],[97.3113,4.6667],[97.3057,4.6623],[97.2884,4.6592],[97.2748,4.6593],[97.2613,4.6637],[97.255,4.6618],[97.2545,4.6491],[97.2605,4.6221],[97.2658,4.6213],[97.2748,4.6318],[97.2804,4.6302],[97.2991,4.6294],[97.3065,4.6205],[97.3132,4.6027],[97.3215,4.5542],[97.324,4.5482],[97.3223,4.5433],[97.3064,4.5377],[97.2971,4.5291],[97.2855,4.5276],[97.2806,4.5253],[97.2747,4.5178],[97.2732,4.5081],[97.2767,4.5059],[97.2942,4.5038],[97.3279,4.5139],[97.3389,4.5127],[97.3423,4.5099],[97.3443,4.5016],[97.3439,4.4883],[97.3469,4.4446],[97.3499,4.4351],[97.3605,4.4236],[97.3625,4.4149],[97.3672,4.4068],[97.3691,4.3967],[97.368,4.3746],[97.3694,4.3665],[97.3679,4.3615],[97.3568,4.3538],[97.3522,4.3473],[97.3558,4.3451],[97.3591,4.3353],[97.3567,4.2961],[97.3597,4.2821],[97.3483,4.2376],[97.3512,4.2336],[97.3543,4.2234],[97.3568,4.2091],[97.3603,4.2043],[97.3688,4.2034],[97.3758,4.2001],[97.396,4.1877],[97.404,4.1804],[97.4085,4.1822],[97.4549,4.1622],[97.4657,4.1591],[97.5,4.1558],[97.5045,4.1579],[97.5054,4.1664],[97.5129,4.1781],[97.5152,4.1863],[97.5196,4.1887],[97.5216,4.1881],[97.5308,4.1935],[97.5474,4.1928],[97.5566,4.1886],[97.5612,4.1844],[97.5693,4.1873],[97.5767,4.1829],[97.578,4.1875],[97.5736,4.1914],[97.5758,4.1968],[97.5736,4.2009],[97.5769,4.2065],[97.5763,4.2108],[97.5814,4.2174],[97.5828,4.2237],[97.5856,4.2257],[97.5858,4.2293],[97.5926,4.2396],[97.5945,4.2499],[97.6018,4.2537],[97.6064,4.2539],[97.6198,4.2471],[97.6221,4.2451],[97.6288,4.2287],[97.6369,4.2257],[97.6443,4.2196],[97.6549,4.2261],[97.669,4.2422],[97.6807,4.2408],[97.6849,4.247]]]},"properties":{"GID_2":"IDN.1.10_1","GID_0":"IDN","COUNTRY":"Indonesia","GID_1":"IDN.1_1","NAME_1":"Aceh","NL_NAME_1":"NA","NAME_2":"AcehTimur","VARNAME_2":"NA","NL_NAME_2":"NA","TYPE_2":"Kabupaten","ENGTYPE_2":"Regency","CC_2":"1105","HASC_2":"ID.AC.AI","Data Indek":"Aceh","Data Ind_1":6,"Data Ind_2":"(0)","Data Ind_3":11.2,"Data Ind_4":83,"Data Ind_5":67012,"Data Ind_6":13.38,"Data Ind_7":53,"Data Ind_8":99.99,"Data Ind_9":85.96,"Data Ind10":-0.02,"Data Ind11":"Tinggi"}},
{"type":"Feature","geometry":{"type":"Polygon","coordinates":[[[97.3548,4.771],[97.3564,4.7719],[97.3557,4.7765],[97.357,4.7783],[97.3613,4.7832],[97.3656,4.7818],[97.3655,4.7764],[97.3608,4.7691],[97.3619,4.7669],[97.3654,4.7667],[97.3691,4.7689],[97.3862,4.7689],[97.3879,4.7674],[97.388,4.7601],[97.3992,4.7596],[97.404,4.7554],[97.4071,4.7559],[97.4111,4.7594],[97.4151,4.7595],[97.4244,4.7549],[97.4224,4.7647],[97.4171,4.7686],[97.4147,4.7685],[97.4093,4.7625],[97.4032,4.7633],[97.3999,4.7668],[97.4035,4.7895],[97.4061,4.7946],[97.4123,4.796],[97.4188,4.7898],[97.4184,4.7874],[97.4104,4.7872],[97.4074,4.7846],[97.4074,4.7828],[97.4108,4.7802],[97.4205,4.782],[97.4268,4.7858],[97.4342,4.7863],[97.4365,4.7886],[97.436,4.7954],[97.4331,4.7975],[97.4284,4.8058],[97.4294,4.8078],[97.4353,4.8083],[97.4378,4.8119],[97.4354,4.82],[97.4368,4.8217],[97.4531,4.8187],[97.4566,4.8208],[97.4564,4.8229],[97.4502,4.8277],[97.4414,4.8289],[97.4425,4.8318],[97.4523,4.8355],[97.4591,4.8461],[97.4618,4.8448],[97.4618,4.8412],[97.4636,4.8397],[97.4672,4.8428],[97.4697,4.8428],[97.47,4.8403],[97.4676,4.8384],[97.4686,4.8372],[97.4718,4.8383],[97.4735,4.8441],[97.4747,4.8396],[97.4769,4.8387],[97.4854,4.8472],[97.4886,4.8529],[97.4886,4.8668],[97.4946,4.8671],[97.4976,4.8708],[97.5005,4.8704],[97.5021,4.8755],[97.5052,4.8759],[97.5079,4.8803],[97.5117,4.8823],[97.5098,4.8849],[97.5064,4.8852],[97.5033,4.8794],[97.4971,4.8749],[97.4954,4.8812],[97.4999,4.8843],[97.5017,4.8879],[97.5065,4.8875],[97.5062,4.8909],[97.5021,4.8925],[97.496,4.8868],[97.4932,4.8863],[97.4928,4.8885],[97.4987,4.8948],[97.4991,4.8979],[97.4961,4.9004],[97.4919,4.9011],[97.4906,4.9066],[97.4837,4.9023],[97.4835,4.9051],[97.4877,4.9098],[97.4797,4.9112],[97.4781,4.9143],[97.4747,4.913],[97.4733,4.9151],[97.4736,4.9181],[97.4794,4.9184],[97.4784,4.9207],[97.472,4.9199],[97.4673,4.9134],[97.4657,4.9153],[97.4669,4.919],[97.4734,4.9234],[97.4717,4.9267],[97.4676,4.9297],[97.4735,4.9416],[97.4719,4.9475],[97.4754,4.9478],[97.4775,4.941],[97.4839,4.9451],[97.4874,4.9415],[97.492,4.9474],[97.4971,4.9476],[97.4989,4.9551],[97.5044,4.9579],[97.5049,4.9595],[97.5028,4.9609],[97.4967,4.957],[97.4901,4.9599],[97.4867,4.9591],[97.4851,4.9611],[97.4884,4.9635],[97.4925,4.9637],[97.4942,4.9677],[97.4961,4.9674],[97.4983,4.9641],[97.5005,4.9648],[97.5018,4.9676],[97.4994,4.9703],[97.4993,4.9767],[97.497,4.9776],[97.4932,4.9759],[97.4912,4.9789],[97.4978,4.983],[97.4975,4.9912],[97.5017,4.9914],[97.5081,4.9965],[97.5074,4.9982],[97.5024,5.0002],[97.502,5.0025],[97.5054,5.0056],[97.5042,5.0116],[97.5011,5.0128],[97.4955,5.0107],[97.4934,5.0141],[97.4955,5.0164],[97.5029,5.0173],[97.5065,5.0225],[97.5071,5.0291],[97.5135,5.0292],[97.5146,5.0309],[97.5076,5.0442],[97.5063,5.0442],[97.5033,5.038],[97.4999,5.0386],[97.5002,5.0433],[97.5053,5.0457],[97.5054,5.0473],[97.4978,5.0497],[97.498,5.0511],[97.5056,5.0549],[97.5119,5.0502],[97.5138,5.0516],[97.5116,5.0565],[97.5073,5.0592],[97.5068,5.0621],[97.5099,5.0654],[97.513,5.0659],[97.5145,5.0646],[97.5132,5.0592],[97.5148,5.0569],[97.5148,5.0693],[97.5122,5.0702],[97.5088,5.068],[97.5096,5.0731],[97.5076,5.0753],[97.5058,5.0747],[97.506,5.0694],[97.4985,5.0685],[97.5016,5.0773],[97.4999,5.0785],[97.4963,5.0734],[97.4917,5.0716],[97.4912,5.075],[97.4951,5.0777],[97.4974,5.0817],[97.4954,5.0862],[97.4906,5.0861],[97.4878,5.0815],[97.4885,5.0788],[97.4848,5.0782],[97.4798,5.087],[97.4763,5.0884],[97.4745,5.0951],[97.4714,5.0955],[97.4694,5.0929],[97.4675,5.0942],[97.4693,5.0986],[97.4731,5.1018],[97.4718,5.1047],[97.4663,5.1059],[97.4687,5.1094],[97.4626,5.1094],[97.4598,5.1119],[97.464,5.1183],[97.4684,5.1169],[97.4695,5.1178],[97.4703,5.1245],[97.4766,5.1242],[97.4783,5.1265],[97.4782,5.1288],[97.4735,5.1317],[97.4689,5.1313],[97.4701,5.1399],[97.4675,5.1454],[97.4702,5.1502],[97.466,5.1536],[97.4683,5.1542],[97.474,5.1515],[97.4761,5.1527],[97.4812,5.149],[97.4827,5.152],[97.4872,5.1506],[97.4886,5.154],[97.4872,5.1609],[97.4894,5.1611],[97.4911,5.1571],[97.4947,5.159],[97.4982,5.1588],[97.4968,5.1631],[97.4991,5.1654],[97.4977,5.1681],[97.5003,5.1681],[97.4998,5.1722],[97.4974,5.1711],[97.4943,5.1745],[97.4918,5.1734],[97.4893,5.1748],[97.4913,5.1791],[97.488,5.1787],[97.4859,5.1817],[97.4881,5.1853],[97.4895,5.182],[97.4907,5.1823],[97.4877,5.1881],[97.4918,5.1892],[97.4924,5.1851],[97.4976,5.1888],[97.5007,5.1878],[97.5014,5.189],[97.4981,5.1937],[97.5009,5.1955],[97.4987,5.1969],[97.4969,5.2027],[97.4944,5.2021],[97.493,5.1977],[97.4879,5.1994],[97.4912,5.2028],[97.4883,5.2092],[97.4907,5.2089],[97.4933,5.2055],[97.4948,5.2073],[97.4935,5.2103],[97.4897,5.2119],[97.4899,5.2139],[97.4918,5.2146],[97.4955,5.2115],[97.5,5.213],[97.4957,5.217],[97.4975,5.2216],[97.4937,5.219],[97.4886,5.2244],[97.4883,5.2311],[97.4838,5.24],[97.4838,5.2437],[97.4035,5.2152],[97.3574,5.1962],[97.3318,5.1894],[97.3275,5.1865],[97.3232,5.1898],[97.315,5.1869],[97.2852,5.1704],[97.2764,5.169],[97.2699,5.1661],[97.2694,5.1688],[97.2632,5.1678],[97.2423,5.1541],[97.2272,5.1507],[97.2263,5.1518],[97.2001,5.1412],[97.1776,5.142],[97.1767,5.1212],[97.1786,5.1198],[97.1778,5.1152],[97.1762,5.1149],[97.1741,5.1038],[97.175,5.1001],[97.1772,5.0987],[97.1768,5.092],[97.1794,5.0837],[97.1711,5.0827],[97.1563,5.0837],[97.146,5.09],[97.1355,5.0917],[97.1301,5.0907],[97.1288,5.0954],[97.1249,5.0993],[97.1175,5.1041],[97.1056,5.1064],[97.1016,5.1096],[97.1012,5.1144],[97.1079,5.1256],[97.0856,5.1477],[97.0806,5.157],[97.0661,5.1588],[97.0606,5.1649],[97.0566,5.1701],[97.0607,5.1783],[97.0546,5.1859],[97.0527,5.193],[97.0454,5.1985],[97.0286,5.1978],[97.028,5.1999],[97.0308,5.2022],[97.0311,5.2047],[97.026,5.2088],[97.0273,5.2105],[97.0368,5.2133],[97.0387,5.2162],[97.0348,5.2194],[97.0372,5.2227],[97.0369,5.2296],[97.046,5.2414],[97.0404,5.2443],[97.038,5.241],[97.0409,5.2401],[97.0403,5.238],[97.0327,5.2399],[97.0335,5.2417],[97.0288,5.2444],[97.0298,5.2479],[97.0322,5.2472],[97.0331,5.2502],[96.9931,5.2606],[96.9755,5.2626],[96.955,5.2608],[96.9191,5.2515],[96.9061,5.2505],[96.9093,5.2457],[96.9044,5.245],[96.9042,5.2423],[96.9076,5.2421],[96.9061,5.2352],[96.909,5.2348],[96.9124,5.2252],[96.9109,5.2227],[96.9077,5.2248],[96.906,5.2211],[96.9096,5.2223],[96.9132,5.2207],[96.9148,5.222],[96.914,5.2177],[96.9094,5.2168],[96.909,5.2146],[96.915,5.2169],[96.9146,5.2124],[96.9201,5.2096],[96.9221,5.2126],[96.9234,5.2104],[96.9211,5.2081],[96.9143,5.2063],[96.9137,5.204],[96.916,5.2015],[96.9146,5.1997],[96.9064,5.2005],[96.904,5.1935],[96.9068,5.1928],[96.9074,5.19],[96.9038,5.1849],[96.9033,5.1809],[96.8995,5.1817],[96.899,5.1934],[96.8814,5.1924],[96.8823,5.1707],[96.8898,5.1623],[96.8906,5.1507],[96.8788,5.1343],[96.8675,5.1057],[96.8595,5.0951],[96.8416,5.0819],[96.8213,5.0718],[96.8275,5.0541],[96.8186,5.0384],[96.8177,5.0093],[96.8189,5.0049],[96.8166,4.9895],[96.8084,4.9691],[96.7994,4.9564],[96.786,4.9421],[96.801,4.9346],[96.8047,4.9312],[96.8085,4.9218],[96.8264,4.9104],[96.8441,4.8879],[96.8545,4.8803],[96.8793,4.8741],[96.8932,4.8759],[96.9115,4.8758],[96.9444,4.8649],[96.9577,4.8626],[96.9881,4.8629],[96.9994,4.8666],[97.0031,4.8718],[97.0086,4.8866],[97.0107,4.9053],[97.0197,4.9134],[97.0242,4.9147],[97.0452,4.9083],[97.0483,4.9082],[97.0556,4.9124],[97.0714,4.9101],[97.0813,4.9107],[97.0869,4.9056],[97.094,4.9069],[97.099,4.9049],[97.1019,4.9018],[97.107,4.9049],[97.1136,4.9042],[97.1161,4.9097],[97.1208,4.9117],[97.1312,4.9132],[97.1437,4.9128],[97.1701,4.8996],[97.2232,4.8827],[97.232,4.8817],[97.2403,4.8748],[97.2515,4.8721],[97.2578,4.8675],[97.2685,4.8509],[97.2717,4.8346],[97.2815,4.8242],[97.2811,4.8154],[97.2733,4.7955],[97.2574,4.7749],[97.2543,4.7676],[97.2534,4.7596],[97.2472,4.7602],[97.2479,4.7547],[97.2529,4.7481],[97.2527,4.7435],[97.2584,4.743],[97.258,4.7399],[97.2522,4.7377],[97.2514,4.7351],[97.2577,4.7246],[97.259,4.7246],[97.2612,4.73],[97.2637,4.7312],[97.2721,4.7265],[97.2746,4.7286],[97.2752,4.7311],[97.2695,4.734],[97.2698,4.7367],[97.2717,4.7373],[97.2805,4.7332],[97.3146,4.7339],[97.3171,4.7365],[97.3176,4.7424],[97.3191,4.741],[97.3217,4.7441],[97.3242,4.7433],[97.327,4.7588],[97.3364,4.7668],[97.3353,4.7717],[97.338,4.7781],[97.3408,4.7793],[97.345,4.7778],[97.3497,4.7786],[97.3548,4.771]]]},"properties":{"GID_2":"IDN.1.11_1","GID_0":"IDN","COUNTRY":"Indonesia","GID_1":"IDN.1_1","NAME_1":"Aceh","NL_NAME_1":"NA","NAME_2":"AcehUtara","VARNAME_2":"NA","NL_NAME_2":"NA","TYPE_2":"Kabupaten","ENGTYPE_2":"Regency","CC_2":"1111","HASC_2":"ID.AC.AU","Data Indek":"Aceh","Data Ind_1":1,"Data Ind_2":"(0)","Data Ind_3":14.3,"Data Ind_4":236,"Data Ind_5":98192,"Data Ind_6":3.69,"Data Ind_7":75,"Data Ind_8":100,"Data Ind_9":83.57,"Data Ind10":-0.34,"Data Ind11":"Sedang"}},
{"type":"Feature","geometry":{"type":"Polygon","coordinates":[[[95.309,5.5193],[95.3098,5.5165],[95.3146,5.5154],[95.3148,5.518],[95.3175,5.5173],[95.3234,5.5196],[95.3266,5.527],[95.3302,5.529],[95.3302,5.526],[95.3365,5.5288],[95.3438,5.5281],[95.3445,5.5349],[95.3506,5.5355],[95.3541,5.533],[95.3539,5.5383],[95.3553,5.5384],[95.3552,5.5423],[95.3568,5.5422],[95.355,5.545],[95.3606,5.5448],[95.3599,5.5522],[95.3572,5.5587],[95.3532,5.5582],[95.3539,5.5642],[95.3579,5.5666],[95.3576,5.5711],[95.3607,5.5731],[95.369,5.5633],[95.3773,5.5679],[95.3762,5.5705],[95.3721,5.5714],[95.3705,5.5753],[95.3716,5.5758],[95.3688,5.5891],[95.3646,5.5862],[95.3641,5.5882],[95.3601,5.5852],[95.3554,5.5857],[95.3545,5.5963],[95.3575,5.6031],[95.3622,5.6045],[95.3669,5.6087],[95.3471,5.6067],[95.3245,5.5929],[95.2958,5.5678],[95.2771,5.5562],[95.2794,5.5548],[95.2803,5.5517],[95.2841,5.5527],[95.2856,5.5506],[95.2826,5.5504],[95.282,5.5465],[95.2841,5.5433],[95.2802,5.536],[95.2825,5.5356],[95.285,5.5307],[95.2903,5.5311],[95.2929,5.5266],[95.2961,5.5277],[95.3009,5.5215],[95.309,5.5193]]]},"properties":{"GID_2":"IDN.1.12_1","GID_0":"IDN","COUNTRY":"Indonesia","GID_1":"IDN.1_1","NAME_1":"Aceh","NL_NAME_1":"NA","NAME_2":"BandaAceh","VARNAME_2":"NA","NL_NAME_2":"NA","TYPE_2":"Kota","ENGTYPE_2":"City","CC_2":"1171","HASC_2":"ID.AC.BA","Data Indek":"Aceh","Data Ind_1":0,"Data Ind_2":"(0)","Data Ind_3":5.5,"Data Ind_4":4798,"Data Ind_5":38830,"Data Ind_6":0.21,"Data Ind_7":114,"Data Ind_8":100,"Data Ind_9":100,"Data Ind10":-0.63,"Data Ind11":"Rendah"}},
{"type":"Feature","geometry":{"type":"Polygon","coordinates":[[[97.2658,4.6213],[97.2634,4.6212],[97.2605,4.6221],[97.2593,4.6246],[97.2545,4.6491],[97.255,4.6618],[97.2613,4.6637],[97.2748,4.6593],[97.2884,4.6592],[97.3057,4.6623],[97.3094,4.6645],[97.3124,4.67],[97.312,4.682],[97.3255,4.7011],[97.3276,4.7158],[97.3241,4.7345],[97.3176,4.7424],[97.3171,4.7365],[97.3146,4.7339],[97.2805,4.7332],[97.2706,4.7371],[97.2695,4.734],[97.2752,4.7311],[97.2746,4.7286],[97.2721,4.7265],[97.2637,4.7312],[97.2612,4.73],[97.259,4.7246],[97.2568,4.7253],[97.2514,4.7351],[97.2522,4.7377],[97.258,4.7399],[97.2584,4.743],[97.2527,4.7435],[97.2529,4.7481],[97.2479,4.7547],[97.2472,4.7602],[97.2534,4.7596],[97.2555,4.7711],[97.2733,4.7955],[97.2819,4.8202],[97.2803,4.8267],[97.2717,4.8346],[97.2685,4.8509],[97.2553,4.87],[97.2403,4.8748],[97.232,4.8817],[97.2232,4.8827],[97.1809,4.8959],[97.1701,4.8996],[97.1487,4.9109],[97.1363,4.9132],[97.1208,4.9117],[97.1161,4.9097],[97.1136,4.9042],[97.107,4.9049],[97.1019,4.9018],[97.099,4.9049],[97.094,4.9069],[97.0869,4.9056],[97.0813,4.9107],[97.0714,4.9101],[97.0556,4.9124],[97.0483,4.9082],[97.0452,4.9083],[97.0259,4.9147],[97.0215,4.9143],[97.0107,4.9053],[97.0086,4.8866],[97.0015,4.8687],[96.996,4.8646],[96.9881,4.8629],[96.9577,4.8626],[96.9444,4.8649],[96.9161,4.8745],[96.9067,4.8763],[96.8793,4.8741],[96.8726,4.8752],[96.8496,4.8829],[96.8441,4.8879],[96.8264,4.9104],[96.8085,4.9218],[96.8047,4.9312],[96.801,4.9346],[96.7813,4.9435],[96.7786,4.9471],[96.7641,4.9577],[96.7499,4.9631],[96.7447,4.9667],[96.7197,4.9709],[96.7029,4.9697],[96.6614,4.974],[96.6571,4.9556],[96.6607,4.9519],[96.674,4.9523],[96.6754,4.9505],[96.6728,4.9446],[96.6733,4.9388],[96.6774,4.9295],[96.6826,4.9259],[96.6853,4.9128],[96.691,4.8986],[96.6906,4.8874],[96.6883,4.8821],[96.6893,4.8728],[96.6871,4.8665],[96.6923,4.8449],[96.6905,4.8388],[96.6933,4.8326],[96.706,4.8247],[96.7075,4.8188],[96.7051,4.8152],[96.7065,4.8143],[96.7062,4.8108],[96.7014,4.8027],[96.7013,4.7789],[96.6942,4.7721],[96.688,4.7695],[96.6837,4.7559],[96.6917,4.753],[96.692,4.7513],[96.6963,4.7508],[96.6979,4.747],[96.7025,4.7449],[96.7032,4.7468],[96.7067,4.7482],[96.709,4.7525],[96.7109,4.7527],[96.7123,4.7479],[96.7156,4.7473],[96.7158,4.7433],[96.721,4.7388],[96.7265,4.7305],[96.7292,4.7292],[96.7299,4.7264],[96.734,4.7234],[96.7389,4.7234],[96.7411,4.718],[96.7452,4.7157],[96.746,4.7128],[96.7514,4.7144],[96.7582,4.7135],[96.7588,4.7159],[96.764,4.7166],[96.7645,4.7144],[96.7685,4.7141],[96.771,4.7166],[96.7732,4.7154],[96.778,4.7162],[96.7919,4.7099],[96.7951,4.7017],[96.7949,4.6971],[96.7978,4.6917],[96.8017,4.6868],[96.805,4.6866],[96.8077,4.6838],[96.8046,4.6774],[96.8055,4.6758],[96.8105,4.6748],[96.8122,4.6808],[96.8181,4.6849],[96.8208,4.6842],[96.8204,4.6812],[96.8236,4.6793],[96.8207,4.6749],[96.8231,4.6725],[96.8402,4.666],[96.8577,4.6658],[96.8695,4.662],[96.9038,4.6574],[96.929,4.6567],[96.9545,4.6514],[96.9718,4.6438],[96.9832,4.6406],[97.0188,4.6178],[97.0307,4.6199],[97.045,4.6073],[97.0613,4.5995],[97.1094,4.5846],[97.1448,4.5793],[97.1943,4.5753],[97.2037,4.5781],[97.2163,4.5849],[97.2257,4.5873],[97.2381,4.5874],[97.2609,4.5839],[97.2829,4.5958],[97.293,4.599],[97.3133,4.6018],[97.3065,4.6205],[97.2991,4.6294],[97.2804,4.6302],[97.2748,4.6318],[97.2658,4.6213]]]},"properties":{"GID_2":"IDN.1.13_1","GID_0":"IDN","COUNTRY":"Indonesia","GID_1":"IDN.1_1","NAME_1":"Aceh","NL_NAME_1":"NA","NAME_2":"BenerMeriah","VARNAME_2":"NA","NL_NAME_2":"NA","TYPE_2":"Kabupaten","ENGTYPE_2":"Regency","CC_2":"1117","HASC_2":"ID.AC.BM","Data Indek":"Aceh","Data Ind_1":1,"Data Ind_2":"(1)","Data Ind_3":16.2,"Data Ind_4":91,"Data Ind_5":25083,"Data Ind_6":11.63,"Data Ind_7":25,"Data Ind_8":100,"Data Ind_9":91.38,"Data Ind10":0.19,"Data Ind11":"Sangat Tinggi"}},
{"type":"Feature","geometry":{"type":"Polygon","coordinates":[[[96.4318,4.9383],[96.4431,4.931],[96.4594,4.9164],[96.4631,4.9106],[96.465,4.9018],[96.4668,4.8948],[96.4693,4.8933],[96.4923,4.8919],[96.4966,4.8901],[96.5025,4.8926],[96.506,4.8954],[96.5093,4.9017],[96.5128,4.9029],[96.5215,4.9183],[96.5361,4.9351],[96.5546,4.9425],[96.5999,4.9542],[96.615,4.9535],[96.6169,4.9564],[96.6196,4.9539],[96.624,4.9535],[96.644,4.9559],[96.6441,4.9532],[96.6472,4.9522],[96.6459,4.957],[96.6476,4.9555],[96.6499,4.9568],[96.6536,4.9545],[96.6574,4.9554],[96.66,4.971],[96.6627,4.9743],[96.7029,4.9697],[96.7197,4.9709],[96.7447,4.9667],[96.7499,4.9631],[96.7641,4.9577],[96.7786,4.9471],[96.7813,4.9435],[96.786,4.9421],[96.7994,4.9564],[96.8084,4.9691],[96.8166,4.9895],[96.8189,5.0049],[96.8177,5.0093],[96.8186,5.0384],[96.8275,5.0541],[96.8213,5.0718],[96.8416,5.0819],[96.8595,5.0951],[96.8675,5.1057],[96.8788,5.1343],[96.8906,5.1507],[96.8898,5.1623],[96.8823,5.1707],[96.8814,5.1924],[96.899,5.1934],[96.8995,5.1817],[96.9033,5.1809],[96.9038,5.1849],[96.9074,5.19],[96.9068,5.1928],[96.904,5.1935],[96.9064,5.2005],[96.9146,5.1997],[96.916,5.2015],[96.9137,5.204],[96.9143,5.2063],[96.9211,5.2081],[96.9234,5.2104],[96.9221,5.2126],[96.9201,5.2096],[96.9146,5.2124],[96.915,5.2169],[96.909,5.2146],[96.9094,5.2168],[96.914,5.2177],[96.9148,5.222],[96.9132,5.2207],[96.9096,5.2223],[96.906,5.2211],[96.9077,5.2248],[96.9109,5.2227],[96.9124,5.2243],[96.9093,5.2343],[96.9061,5.2352],[96.9076,5.2421],[96.9041,5.2429],[96.9044,5.245],[96.9093,5.2457],[96.9083,5.2482],[96.906,5.2506],[96.9016,5.2518],[96.8875,5.2482],[96.8743,5.2497],[96.8652,5.256],[96.8651,5.2652],[96.8585,5.2725],[96.8447,5.2769],[96.8296,5.2759],[96.8069,5.2717],[96.7758,5.2583],[96.7228,5.247],[96.6596,5.22],[96.6401,5.2143],[96.6175,5.2111],[96.582,5.2107],[96.5563,5.2029],[96.533,5.1991],[96.5128,5.1996],[96.4916,5.2087],[96.4853,5.2145],[96.4824,5.2275],[96.4722,5.2382],[96.4451,5.2232],[96.4207,5.2132],[96.4039,5.2089],[96.3955,5.2099],[96.3512,5.2259],[96.3473,5.2168],[96.3486,5.1939],[96.3446,5.178],[96.3444,5.1633],[96.3476,5.1529],[96.3476,5.1437],[96.3558,5.1244],[96.3588,5.1099],[96.3586,5.0884],[96.3564,5.0757],[96.3664,5.0594],[96.3668,5.0511],[96.3693,5.0449],[96.3622,5.0235],[96.353,5.0126],[96.3529,5.0012],[96.3481,4.9863],[96.3384,4.9706],[96.3255,4.9625],[96.3265,4.9582],[96.3369,4.9457],[96.3403,4.944],[96.3535,4.9448],[96.3633,4.9418],[96.3684,4.9376],[96.3697,4.9329],[96.3723,4.9311],[96.3791,4.9322],[96.399,4.9421],[96.4207,4.9414],[96.4318,4.9383]]]},"properties":{"GID_2":"IDN.1.14_1","GID_0":"IDN","COUNTRY":"Indonesia","GID_1":"IDN.1_1","NAME_1":"Aceh","NL_NAME_1":"NA","NAME_2":"Bireuen","VARNAME_2":"NA","NL_NAME_2":"NA","TYPE_2":"Kabupaten","ENGTYPE_2":"Regency","CC_2":"1110","HASC_2":"ID.AC.BI","Data Indek":"Aceh","Data Ind_1":2,"Data Ind_2":"(0)","Data Ind_3":10.3,"Data Ind_4":259,"Data Ind_5":74446,"Data Ind_6":8.61,"Data Ind_7":60,"Data Ind_8":100,"Data Ind_9":89.82,"Data Ind10":-0.34,"Data Ind11":"Sedang"}},
{"type":"Feature","geometry":{"type":"Polygon","coordinates":[[[97.2062,3.6939],[97.2555,3.6954],[97.2584,3.6938],[97.2642,3.6851],[97.2849,3.6823],[97.3048,3.6768],[97.3159,3.6769],[97.4603,3.6977],[97.4773,3.7017],[97.4938,3.7029],[97.4979,3.7007],[97.5115,3.7001],[97.5284,3.706],[97.5349,3.7067],[97.5496,3.7142],[97.5527,3.7143],[97.5561,3.7107],[97.6217,3.7217],[97.6295,3.7299],[97.6353,3.7333],[97.6535,3.7317],[97.7026,3.7349],[97.7306,3.739],[97.7489,3.7443],[97.7812,3.7492],[97.8246,3.7495],[97.8428,3.7698],[97.8489,3.7743],[97.8562,3.7753],[97.861,3.7843],[97.8711,3.7882],[97.8752,3.7927],[97.8824,3.7963],[97.8852,3.8007],[97.8916,3.804],[97.8976,3.8098],[97.9021,3.8182],[97.9087,3.818],[97.9097,3.8244],[97.9156,3.8325],[97.9156,3.8364],[97.9222,3.8452],[97.9175,3.8479],[97.915,3.8517],[97.9152,3.8606],[97.9089,3.8685],[97.9094,3.8786],[97.9157,3.8852],[97.9124,3.8855],[97.9109,3.8894],[97.9125,3.8981],[97.9078,3.9032],[97.9096,3.9063],[97.9068,3.9114],[97.9084,3.9162],[97.905,3.9225],[97.904,3.9282],[97.9007,3.9321],[97.8999,3.9358],[97.8903,3.9345],[97.8822,3.9366],[97.8716,3.93],[97.8682,3.9246],[97.8611,3.9225],[97.8495,3.9339],[97.8307,3.9663],[97.8241,3.9727],[97.8234,3.9829],[97.822,3.9856],[97.8038,4.0025],[97.7988,4.0087],[97.7917,4.0223],[97.7896,4.0233],[97.7946,4.0297],[97.7931,4.037],[97.7949,4.0375],[97.7895,4.0627],[97.7866,4.0891],[97.7826,4.095],[97.7785,4.107],[97.7756,4.1105],[97.7673,4.1152],[97.7645,4.1208],[97.7621,4.1204],[97.7528,4.1285],[97.7381,4.137],[97.7295,4.1454],[97.7279,4.1502],[97.7283,4.1555],[97.7257,4.1574],[97.723,4.1667],[97.7206,4.1692],[97.7218,4.1751],[97.7186,4.1793],[97.716,4.1955],[97.717,4.2003],[97.7147,4.2041],[97.717,4.2102],[97.7161,4.2116],[97.7183,4.228],[97.7208,4.2344],[97.7242,4.2361],[97.7178,4.2472],[97.6849,4.247],[97.6807,4.2408],[97.669,4.2422],[97.6549,4.2261],[97.6443,4.2196],[97.6369,4.2257],[97.6288,4.2287],[97.6221,4.2451],[97.6198,4.2471],[97.6064,4.2539],[97.6018,4.2537],[97.5945,4.2499],[97.5926,4.2396],[97.5858,4.2293],[97.5856,4.2257],[97.5828,4.2237],[97.5814,4.2174],[97.5763,4.2108],[97.5769,4.2065],[97.5736,4.2009],[97.5758,4.1968],[97.5736,4.1914],[97.578,4.1875],[97.5767,4.1829],[97.5693,4.1873],[97.5612,4.1844],[97.5566,4.1886],[97.5474,4.1928],[97.5308,4.1935],[97.5216,4.1881],[97.5196,4.1887],[97.5152,4.1863],[97.5129,4.1781],[97.5054,4.1664],[97.5045,4.1579],[97.5,4.1558],[97.4657,4.1591],[97.4192,4.1766],[97.4085,4.1822],[97.404,4.1804],[97.396,4.1877],[97.3758,4.2001],[97.3688,4.2034],[97.3603,4.2043],[97.3565,4.21],[97.3288,4.1938],[97.3135,4.1876],[97.2892,4.1814],[97.273,4.1705],[97.262,4.168],[97.2516,4.17],[97.2466,4.1757],[97.2422,4.1894],[97.2249,4.2126],[97.2225,4.225],[97.2172,4.2355],[97.1936,4.2576],[97.1772,4.2627],[97.1615,4.2808],[97.1493,4.2689],[97.1395,4.2639],[97.1283,4.2554],[97.11,4.2499],[97.1034,4.2463],[97.0671,4.2199],[97.0524,4.218],[97.0184,4.2074],[97.0033,4.1979],[96.9977,4.1987],[96.992,4.1972],[96.9902,4.19],[96.9689,4.1864],[96.9505,4.1866],[96.9421,4.1908],[96.9391,4.1947],[96.9222,4.1992],[96.9098,4.2134],[96.887,4.2212],[96.8781,4.2381],[96.8643,4.2435],[96.8575,4.249],[96.8442,4.2684],[96.829,4.2819],[96.8194,4.2856],[96.8046,4.2841],[96.7933,4.2855],[96.7975,4.2675],[96.7952,4.2413],[96.8022,4.2315],[96.8021,4.2234],[96.786,4.2009],[96.7583,4.1789],[96.7503,4.169],[96.7346,4.1344],[96.7248,4.0969],[96.734,4.096],[96.7391,4.0915],[96.7471,4.0943],[96.7479,4.088],[96.756,4.0833],[96.7616,4.0785],[96.7628,4.0755],[96.7857,4.0581],[96.7916,4.0511],[96.802,4.0268],[96.803,3.9976],[96.8047,3.9902],[96.8083,3.9841],[96.836,3.9594],[96.8826,3.9509],[96.9828,3.9425],[96.9939,3.9467],[97.0017,3.9526],[97.0143,3.9587],[97.0428,3.961],[97.0668,3.959],[97.0803,3.9514],[97.1002,3.9481],[97.114,3.934],[97.1177,3.9252],[97.1157,3.9116],[97.1079,3.8922],[97.1092,3.8752],[97.1135,3.8642],[97.1068,3.8571],[97.1056,3.8448],[97.114,3.8248],[97.1358,3.7852],[97.1519,3.7481],[97.1801,3.724],[97.2062,3.6939]]]},"properties":{"GID_2":"IDN.1.15_1","GID_0":"IDN","COUNTRY":"Indonesia","GID_1":"IDN.1_1","NAME_1":"Aceh","NL_NAME_1":"NA","NAME_2":"GayoLues","VARNAME_2":"NA","NL_NAME_2":"NA","TYPE_2":"Kabupaten","ENGTYPE_2":"Regency","CC_2":"1113","HASC_2":"ID.AC.GL","Data Indek":"Aceh","Data Ind_1":3,"Data Ind_2":"(0)","Data Ind_3":16.8,"Data Ind_4":20,"Data Ind_5":15096,"Data Ind_6":14.77,"Data Ind_7":27,"Data Ind_8":100,"Data Ind_9":86.49,"Data Ind10":-0.14,"Data Ind11":"Tinggi"}},
{"type":"Feature","geometry":{"type":"MultiPolygon","coordinates":[[[[97.9665,4.442],[97.9711,4.4383],[97.9699,4.4319],[97.9683,4.4261],[97.9734,4.4227],[97.9785,4.423],[97.9792,4.4213],[97.9817,4.4213],[97.9818,4.4144],[97.9916,4.4121],[97.9945,4.409],[97.9999,4.4095],[98.0005,4.4077],[98.0037,4.4118],[98.0238,4.4181],[98.0241,4.4108],[98.0337,4.4202],[98.0399,4.4202],[98.0386,4.4288],[98.0411,4.449],[98.044,4.4564],[98.0442,4.4639],[98.0469,4.4687],[98.0428,4.4701],[98.038,4.4671],[98.0351,4.4721],[98.035,4.4795],[98.0393,4.4801],[98.0448,4.4851],[98.0475,4.5053],[98.0542,4.5192],[98.0563,4.5217],[98.0595,4.5216],[98.0638,4.5284],[98.0645,4.5267],[98.0662,4.5272],[98.0654,4.5305],[98.0676,4.5301],[98.067,4.5368],[98.0686,4.5401],[98.0672,4.5408],[98.0694,4.5412],[98.0697,4.5432],[98.0643,4.5498],[98.0617,4.5504],[98.062,4.5477],[98.0635,4.5481],[98.0625,4.5436],[98.0614,4.5444],[98.0572,4.5406],[98.055,4.5359],[98.0448,4.5316],[98.035,4.528],[98.0349,4.5326],[98.038,4.5443],[98.0359,4.545],[98.0326,4.5412],[98.027,4.541],[98.0235,4.5355],[98.0174,4.5364],[97.9998,4.53],[97.9995,4.5238],[97.9982,4.5233],[97.9945,4.5315],[97.9883,4.531],[97.9825,4.5344],[97.9855,4.537],[97.9844,4.5443],[97.9757,4.5561],[97.9811,4.5435],[97.9671,4.5295],[97.9622,4.5267],[97.9625,4.5283],[97.955,4.5351],[97.9508,4.5339],[97.9506,4.5318],[97.9523,4.5305],[97.9509,4.5295],[97.9451,4.5292],[97.9449,4.5274],[97.9435,4.5272],[97.9355,4.5284],[97.9368,4.5329],[97.9346,4.5334],[97.928,4.534],[97.9215,4.5323],[97.9167,4.5295],[97.913,4.5213],[97.908,4.519],[97.9086,4.5175],[97.9046,4.512],[97.8976,4.5063],[97.8968,4.5025],[97.8909,4.4932],[97.8887,4.4772],[97.8774,4.4582],[97.8808,4.4567],[97.884,4.451],[97.8868,4.4483],[97.9028,4.4481],[97.9078,4.4531],[97.9094,4.4515],[97.9073,4.4524],[97.9067,4.4512],[97.909,4.448],[97.9098,4.4509],[97.9147,4.4488],[97.9124,4.4519],[97.9169,4.4527],[97.9186,4.4513],[97.9182,4.4466],[97.9226,4.438],[97.9254,4.435],[97.9357,4.4325],[97.9423,4.438],[97.9617,4.4422],[97.9668,4.4451],[97.9665,4.442]]],[[[98.0365,4.5349],[98.0361,4.5341],[98.0369,4.5337],[98.0375,4.535],[98.0365,4.5349]]],[[[98.0431,4.5436],[98.0383,4.5388],[98.0398,4.5345],[98.0488,4.5363],[98.0469,4.5419],[98.0431,4.5436]]],[[[98.054,4.5559],[98.0577,4.5511],[98.0619,4.5544],[98.06,4.5576],[98.0542,4.5596],[98.054,4.5559]]]]},"properties":{"GID_2":"IDN.1.16_1","GID_0":"IDN","COUNTRY":"Indonesia","GID_1":"IDN.1_1","NAME_1":"Aceh","NL_NAME_1":"NA","NAME_2":"Langsa","VARNAME_2":"NA","NL_NAME_2":"NA","TYPE_2":"Kota","ENGTYPE_2":"City","CC_2":"1173","HASC_2":"ID.AC.LA","Data Indek":"Aceh","Data Ind_1":1,"Data Ind_2":"(0)","Data Ind_3":8.6,"Data Ind_4":926,"Data Ind_5":26876,"Data Ind_6":2.85,"Data Ind_7":44,"Data Ind_8":100,"Data Ind_9":98.48,"Data Ind10":-0.52,"Data Ind11":"Rendah"}},
{"type":"Feature","geometry":{"type":"Polygon","coordinates":[[[97.1563,5.0837],[97.1631,5.0835],[97.1794,5.0837],[97.1768,5.092],[97.1772,5.0987],[97.175,5.1001],[97.1741,5.1038],[97.1762,5.1149],[97.1778,5.1152],[97.1786,5.1198],[97.1767,5.1212],[97.1771,5.1414],[97.1482,5.1515],[97.1427,5.156],[97.1402,5.1652],[97.1332,5.1749],[97.1352,5.175],[97.1397,5.1702],[97.1437,5.1743],[97.1483,5.1739],[97.1459,5.1699],[97.1482,5.1688],[97.147,5.1664],[97.1506,5.1678],[97.154,5.1765],[97.1526,5.184],[97.1483,5.1931],[97.1404,5.2012],[97.1174,5.2129],[97.1171,5.2175],[97.1086,5.2208],[97.1078,5.2144],[97.1108,5.2134],[97.1098,5.2108],[97.1007,5.2147],[97.1001,5.2169],[97.097,5.2182],[97.0969,5.221],[97.0975,5.2228],[97.1001,5.2232],[97.1041,5.2213],[97.104,5.225],[97.0935,5.2266],[97.0851,5.2309],[97.0727,5.2342],[97.0594,5.2358],[97.0456,5.2409],[97.0369,5.2296],[97.0372,5.2227],[97.0348,5.2194],[97.0387,5.2162],[97.0368,5.2133],[97.0273,5.2105],[97.026,5.2088],[97.0311,5.2047],[97.0308,5.2022],[97.028,5.1999],[97.0286,5.1978],[97.0454,5.1985],[97.0527,5.193],[97.0546,5.1859],[97.0607,5.1783],[97.0566,5.1701],[97.0606,5.1649],[97.0661,5.1588],[97.0806,5.157],[97.0856,5.1477],[97.1079,5.1256],[97.1012,5.1144],[97.1016,5.1096],[97.1056,5.1064],[97.1175,5.1041],[97.1249,5.0993],[97.1288,5.0954],[97.1301,5.0907],[97.1355,5.0917],[97.146,5.09],[97.1563,5.0837]]]},"properties":{"GID_2":"IDN.1.17_1","GID_0":"IDN","COUNTRY":"Indonesia","GID_1":"IDN.1_1","NAME_1":"Aceh","NL_NAME_1":"NA","NAME_2":"Lhokseumawe","VARNAME_2":"NA","NL_NAME_2":"NA","TYPE_2":"Kota","ENGTYPE_2":"City","CC_2":"1174","HASC_2":"ID.AC.LH","Data Indek":"Aceh","Data Ind_1":1,"Data Ind_2":"(0)","Data Ind_3":9,"Data Ind_4":1490,"Data Ind_5":26950,"Data Ind_6":3.08,"Data Ind_7":47,"Data Ind_8":100,"Data Ind_9":100,"Data Ind10":-0.51,"Data Ind11":"Rendah"}},
{"type":"Feature","geometry":{"type":"Polygon","coordinates":[[[96.2065,4.1158],[96.1894,4.1054],[96.2243,4.0694],[96.2277,4.0679],[96.2283,4.0655],[96.2368,4.0558],[96.2401,4.0571],[96.247,4.0413],[96.2738,4.0113],[96.296,3.9828],[96.3616,3.8834],[96.3739,3.8661],[96.3771,3.8656],[96.3753,3.864],[96.3858,3.8488],[96.3873,3.8497],[96.3864,3.8572],[96.3907,3.8563],[96.392,3.8532],[96.3875,3.8465],[96.3954,3.8412],[96.4495,3.7883],[96.4943,3.7513],[96.5159,3.737],[96.5301,3.7313],[96.5413,3.7293],[96.555,3.7297],[96.5794,3.7331],[96.6182,3.7346],[96.6196,3.7371],[96.6235,3.7386],[96.6168,3.7363],[96.619,3.747],[96.6143,3.7535],[96.6176,3.7571],[96.6167,3.7638],[96.6141,3.7689],[96.6093,3.7715],[96.6055,3.7762],[96.6068,3.7821],[96.6104,3.7841],[96.6172,3.7919],[96.6166,3.7956],[96.6097,3.807],[96.6102,3.8126],[96.5988,3.8278],[96.5829,3.8385],[96.5809,3.8454],[96.5845,3.8496],[96.5879,3.8566],[96.5887,3.8626],[96.5926,3.8694],[96.5921,3.8759],[96.5959,3.8842],[96.5938,3.8899],[96.6001,3.9027],[96.6012,3.9118],[96.6044,3.9154],[96.6131,3.9128],[96.6145,3.9176],[96.6171,3.9189],[96.6177,3.9227],[96.6147,3.9325],[96.6214,3.9352],[96.6189,3.9395],[96.6232,3.9467],[96.6258,3.9478],[96.6292,3.9585],[96.635,3.9603],[96.6366,3.9638],[96.6412,3.9675],[96.6448,3.9675],[96.647,3.9726],[96.6512,3.972],[96.6778,3.9871],[96.6841,3.9844],[96.6841,3.9903],[96.6896,3.991],[96.697,3.9885],[96.7101,4.0063],[96.7193,4.0125],[96.7202,4.0153],[96.7171,4.0216],[96.7172,4.0257],[96.7259,4.0335],[96.73,4.0415],[96.7292,4.0715],[96.7252,4.0817],[96.7242,4.093],[96.7346,4.1344],[96.746,4.1607],[96.7539,4.1744],[96.786,4.2009],[96.8021,4.2234],[96.8022,4.2315],[96.7952,4.2413],[96.7975,4.2675],[96.7933,4.2855],[96.8046,4.2841],[96.8218,4.2854],[96.7917,4.3047],[96.7854,4.313],[96.784,4.3179],[96.7781,4.327],[96.749,4.342],[96.7171,4.353],[96.6782,4.3639],[96.6475,4.3774],[96.6348,4.3908],[96.6353,4.3946],[96.6319,4.3987],[96.6289,4.3995],[96.6286,4.4012],[96.6185,4.4046],[96.6177,4.4003],[96.6138,4.4018],[96.6098,4.4046],[96.6087,4.4094],[96.604,4.4089],[96.6013,4.4131],[96.5992,4.4121],[96.5975,4.4132],[96.5966,4.4162],[96.5912,4.4162],[96.5903,4.4148],[96.5883,4.4158],[96.5879,4.418],[96.5839,4.4198],[96.5853,4.424],[96.5898,4.4267],[96.592,4.4307],[96.591,4.4345],[96.5972,4.4372],[96.5947,4.4401],[96.5989,4.4475],[96.5981,4.4518],[96.6044,4.4773],[96.5999,4.4942],[96.593,4.502],[96.5906,4.5154],[96.5883,4.5191],[96.5897,4.5517],[96.5816,4.573],[96.5723,4.5795],[96.5593,4.5922],[96.5438,4.6008],[96.5269,4.6036],[96.4911,4.6228],[96.4945,4.6033],[96.4942,4.5987],[96.4916,4.5949],[96.4937,4.5731],[96.492,4.5552],[96.4875,4.5512],[96.4631,4.5454],[96.4587,4.5328],[96.4509,4.5224],[96.4444,4.517],[96.4404,4.51],[96.4478,4.4958],[96.4744,4.4687],[96.4796,4.461],[96.4797,4.4583],[96.4533,4.4333],[96.4415,4.4258],[96.4218,4.4214],[96.3835,4.4201],[96.372,4.4174],[96.3707,4.4128],[96.3736,4.4103],[96.3708,4.3991],[96.3732,4.3965],[96.3717,4.3928],[96.3691,4.3918],[96.3673,4.3929],[96.3662,4.3906],[96.3586,4.3868],[96.358,4.3818],[96.3415,4.38],[96.3411,4.3762],[96.3385,4.376],[96.3389,4.3745],[96.3357,4.3708],[96.3291,4.3671],[96.3228,4.3685],[96.3203,4.3678],[96.3197,4.3647],[96.318,4.3644],[96.3138,4.3682],[96.3078,4.3676],[96.3016,4.3702],[96.296,4.3683],[96.2969,4.3505],[96.2908,4.3242],[96.2859,4.2893],[96.282,4.2859],[96.2861,4.2696],[96.282,4.2657],[96.2807,4.2538],[96.2704,4.244],[96.2665,4.2272],[96.2682,4.2173],[96.2709,4.2149],[96.2751,4.2143],[96.2769,4.2105],[96.2724,4.1966],[96.2777,4.1835],[96.2746,4.1744],[96.2772,4.1686],[96.2749,4.1659],[96.2764,4.1581],[96.2788,4.1551],[96.2731,4.1507],[96.2734,4.1479],[96.2676,4.146],[96.2626,4.138],[96.2466,4.1261],[96.2248,4.117],[96.2142,4.1178],[96.2065,4.1158]]]},"properties":{"GID_2":"IDN.1.18_1","GID_0":"IDN","COUNTRY":"Indonesia","GID_1":"IDN.1_1","NAME_1":"Aceh","NL_NAME_1":"NA","NAME_2":"NaganRaya","VARNAME_2":"NA","NL_NAME_2":"NA","TYPE_2":"Kabupaten","ENGTYPE_2":"Regency","CC_2":"1115","HASC_2":"ID.AC.NR","Data Indek":"Aceh","Data Ind_1":2,"Data Ind_2":"(0)","Data Ind_3":15.4,"Data Ind_4":52,"Data Ind_5":26583,"Data Ind_6":7.65,"Data Ind_7":29,"Data Ind_8":100,"Data Ind_9":86.04,"Data Ind10":-0.25,"Data Ind11":"Sedang"}},
{"type":"Feature","geometry":{"type":"Polygon","coordinates":[[[96.255,4.7873],[96.2602,4.7916],[96.2702,4.7968],[96.2746,4.7969],[96.2763,4.795],[96.2807,4.779],[96.2835,4.78],[96.2923,4.7785],[96.2971,4.7756],[96.3071,4.7748],[96.3127,4.78],[96.3171,4.7793],[96.3208,4.7763],[96.3334,4.7752],[96.3374,4.7789],[96.343,4.7793],[96.3505,4.7757],[96.376,4.8422],[96.3973,4.8672],[96.4253,4.8857],[96.4362,4.8999],[96.4496,4.9251],[96.4318,4.9383],[96.4234,4.941],[96.3975,4.9419],[96.3791,4.9322],[96.3735,4.931],[96.3697,4.9329],[96.3684,4.9376],[96.3633,4.9418],[96.3535,4.9448],[96.3417,4.9441],[96.3442,4.9431],[96.3239,4.9161],[96.3148,4.9144],[96.3055,4.9163],[96.2957,4.9104],[96.2839,4.9099],[96.2829,4.9087],[96.2612,4.9149],[96.2522,4.9239],[96.2502,4.9335],[96.2473,4.9367],[96.2259,4.9478],[96.2114,4.9587],[96.1995,4.9831],[96.1898,4.9957],[96.1895,4.9996],[96.2,5.0133],[96.2062,5.0389],[96.2016,5.0495],[96.1956,5.0558],[96.1966,5.0603],[96.193,5.0654],[96.1941,5.0722],[96.1927,5.0767],[96.1892,5.0759],[96.1871,5.0711],[96.1837,5.0682],[96.1669,5.0684],[96.1544,5.0775],[96.1484,5.0793],[96.1366,5.0746],[96.126,5.078],[96.1177,5.0831],[96.112,5.0915],[96.1078,5.0917],[96.1015,5.0893],[96.0897,5.0916],[96.0715,5.106],[96.0634,5.1062],[96.0576,5.1085],[96.0494,5.1166],[96.036,5.1347],[96.0271,5.1397],[96.0211,5.1454],[96.0266,5.1527],[96.0264,5.1597],[96.0303,5.1617],[96.0347,5.1715],[96.0359,5.1725],[96.0418,5.1714],[96.0432,5.1743],[96.0516,5.1804],[96.0514,5.1848],[96.0484,5.1891],[96.0496,5.1927],[96.0522,5.1946],[96.0536,5.2023],[96.0398,5.2397],[96.0479,5.2457],[96.0525,5.2541],[96.0519,5.2575],[96.0456,5.2669],[96.048,5.2772],[96.0517,5.2781],[96.0533,5.2857],[96.0508,5.2892],[96.0521,5.2929],[96.054,5.2937],[96.0578,5.3001],[96.071,5.2931],[96.075,5.2939],[96.0842,5.2879],[96.086,5.2899],[96.0769,5.2939],[96.0658,5.304],[96.0576,5.3149],[96.0563,5.321],[96.0536,5.3239],[96.0341,5.3352],[95.9927,5.365],[95.9892,5.3644],[95.9886,5.3658],[95.9903,5.3667],[95.9754,5.3782],[95.9668,5.3869],[95.9643,5.3863],[95.9639,5.3892],[95.9589,5.3906],[95.9382,5.4076],[95.9328,5.4063],[95.9285,5.4106],[95.9245,5.4093],[95.9214,5.4108],[95.9246,5.4101],[95.9304,5.4126],[95.9117,5.4309],[95.9092,5.4313],[95.9087,5.4294],[95.9041,5.4309],[95.9063,5.4305],[95.9066,5.4322],[95.9031,5.4368],[95.908,5.4322],[95.9096,5.433],[95.8898,5.4612],[95.8921,5.4856],[95.8886,5.4989],[95.8837,5.5059],[95.869,5.5147],[95.8486,5.5214],[95.8442,5.5197],[95.8464,5.5234],[95.8319,5.5319],[95.8283,5.5355],[95.818,5.5358],[95.8028,5.5419],[95.7985,5.5419],[95.7934,5.5456],[95.7785,5.5508],[95.7682,5.5589],[95.7457,5.569],[95.7427,5.5591],[95.7302,5.5516],[95.7279,5.5481],[95.724,5.5323],[95.7245,5.5249],[95.7282,5.5206],[95.7366,5.5157],[95.7373,5.5133],[95.7356,5.5082],[95.7248,5.4994],[95.725,5.4972],[95.7329,5.4879],[95.7428,5.4809],[95.7514,5.4795],[95.7558,5.477],[95.7629,5.4654],[95.7687,5.4624],[95.7807,5.4614],[95.7868,5.4591],[95.7913,5.4533],[95.7813,5.4491],[95.7782,5.4464],[95.7788,5.4419],[95.7819,5.4408],[95.7782,5.437],[95.7822,5.4358],[95.7777,5.434],[95.7745,5.4298],[95.7719,5.4295],[95.772,5.4281],[95.7685,5.4296],[95.7583,5.4242],[95.7536,5.4198],[95.7545,5.4113],[95.7586,5.4072],[95.7643,5.4049],[95.7656,5.4021],[95.7639,5.3947],[95.7579,5.3904],[95.7561,5.3801],[95.76,5.3647],[95.7502,5.3535],[95.7519,5.346],[95.7473,5.3376],[95.7483,5.318],[95.7533,5.3144],[95.7625,5.3144],[95.7673,5.3102],[95.7676,5.3061],[95.7602,5.305],[95.758,5.3024],[95.7593,5.2971],[95.7639,5.2905],[95.7736,5.2856],[95.787,5.2829],[95.7912,5.2805],[95.7915,5.2738],[95.7886,5.2706],[95.7869,5.2614],[95.7843,5.2581],[95.775,5.257],[95.775,5.252],[95.7792,5.2491],[95.7838,5.2428],[95.7876,5.223],[95.7929,5.2123],[95.8059,5.2],[95.8086,5.1948],[95.8228,5.1799],[95.831,5.1684],[95.8411,5.1379],[95.84,5.1313],[95.8317,5.1163],[95.8212,5.0853],[95.809,5.0832],[95.8005,5.0795],[95.7932,5.0812],[95.7734,5.0715],[95.7667,5.0734],[95.7607,5.0728],[95.7531,5.0699],[95.7432,5.0612],[95.7624,5.0557],[95.7664,5.038],[95.7725,5.0274],[95.7785,5.0223],[95.7839,5.009],[95.7964,5.0017],[95.803,4.9884],[95.8228,4.9742],[95.8479,4.9512],[95.8517,4.9447],[95.8552,4.9295],[95.8791,4.9149],[95.8823,4.909],[95.8859,4.8939],[95.9018,4.8664],[95.9224,4.8485],[95.9558,4.8313],[95.9613,4.82],[95.9717,4.81],[95.9788,4.7964],[95.9912,4.7866],[95.9932,4.7827],[95.9954,4.7675],[95.9948,4.7564],[95.997,4.752],[96.0048,4.7465],[96.0082,4.7413],[96.0281,4.694],[96.0315,4.6836],[96.0324,4.6693],[96.0424,4.6576],[96.0749,4.6778],[96.0915,4.6965],[96.0998,4.7101],[96.1064,4.7295],[96.1169,4.7397],[96.1183,4.7479],[96.1146,4.7606],[96.1171,4.7674],[96.1219,4.7674],[96.1344,4.7575],[96.1431,4.7545],[96.1505,4.7552],[96.1681,4.7647],[96.1796,4.7675],[96.1862,4.7675],[96.2038,4.7612],[96.2192,4.7634],[96.2259,4.7653],[96.2358,4.7775],[96.255,4.7873]]]},"properties":{"GID_2":"IDN.1.20_1","GID_0":"IDN","COUNTRY":"Indonesia","GID_1":"IDN.1_1","NAME_1":"Aceh","NL_NAME_1":"NA","NAME_2":"Pidie","VARNAME_2":"NA","NL_NAME_2":"NA","TYPE_2":"Kabupaten","ENGTYPE_2":"Regency","CC_2":"1109","HASC_2":"ID.AC.PD","Data Indek":"Aceh","Data Ind_1":2,"Data Ind_2":"(0)","Data Ind_3":16.5,"Data Ind_4":146,"Data Ind_5":75459,"Data Ind_6":9.23,"Data Ind_7":55,"Data Ind_8":100,"Data Ind_9":97.26,"Data Ind10":-0.32,"Data Ind11":"Sedang"}},
{"type":"Feature","geometry":{"type":"Polygon","coordinates":[[[96.3369,4.9457],[96.3327,4.9493],[96.327,4.9579],[96.3255,4.9625],[96.3384,4.9706],[96.3481,4.9863],[96.3529,5.0012],[96.353,5.0126],[96.3622,5.0235],[96.3693,5.0449],[96.3668,5.0511],[96.3664,5.0594],[96.3564,5.0757],[96.3586,5.0884],[96.3588,5.1099],[96.3558,5.1244],[96.3476,5.1437],[96.3476,5.1529],[96.3444,5.1633],[96.3446,5.178],[96.3486,5.1939],[96.3474,5.2182],[96.3512,5.2257],[96.319,5.2328],[96.2575,5.2632],[96.238,5.2628],[96.2122,5.2588],[96.1893,5.2601],[96.1659,5.2667],[96.1446,5.2773],[96.1057,5.2849],[96.1011,5.2886],[96.0885,5.2901],[96.0842,5.2879],[96.075,5.2939],[96.071,5.2931],[96.0576,5.3001],[96.0509,5.2898],[96.0533,5.2857],[96.0517,5.2781],[96.048,5.2772],[96.0456,5.2669],[96.0519,5.2575],[96.0525,5.2541],[96.0479,5.2457],[96.0398,5.2397],[96.0536,5.2023],[96.0522,5.1946],[96.0496,5.1927],[96.0484,5.1891],[96.0514,5.1848],[96.0516,5.1804],[96.0432,5.1743],[96.0418,5.1714],[96.0359,5.1725],[96.0347,5.1715],[96.0303,5.1617],[96.0264,5.1597],[96.0266,5.1527],[96.0211,5.1454],[96.0271,5.1397],[96.036,5.1347],[96.0494,5.1166],[96.0576,5.1085],[96.0634,5.1062],[96.0715,5.106],[96.0897,5.0916],[96.1015,5.0893],[96.1078,5.0917],[96.112,5.0915],[96.1177,5.0831],[96.126,5.078],[96.1366,5.0746],[96.1484,5.0793],[96.1544,5.0775],[96.1669,5.0684],[96.1837,5.0682],[96.1871,5.0711],[96.1892,5.0759],[96.1927,5.0767],[96.1941,5.0722],[96.193,5.0654],[96.1966,5.0603],[96.1956,5.0558],[96.2016,5.0495],[96.2062,5.0389],[96.2,5.0133],[96.1895,4.9996],[96.1898,4.9957],[96.1995,4.9831],[96.2114,4.9587],[96.2259,4.9478],[96.2473,4.9367],[96.2502,4.9335],[96.2522,4.9239],[96.2612,4.9149],[96.2829,4.9087],[96.2839,4.9099],[96.2957,4.9104],[96.3055,4.9163],[96.3148,4.9144],[96.3239,4.9161],[96.3442,4.9431],[96.3369,4.9457]]]},"properties":{"GID_2":"IDN.1.19_1","GID_0":"IDN","COUNTRY":"Indonesia","GID_1":"IDN.1_1","NAME_1":"Aceh","NL_NAME_1":"NA","NAME_2":"PidieJaya","VARNAME_2":"NA","NL_NAME_2":"NA","TYPE_2":"Kabupaten","ENGTYPE_2":"Regency","CC_2":"1118","HASC_2":"ID.AC.PJ","Data Indek":"Aceh","Data Ind_1":2,"Data Ind_2":"(0)","Data Ind_3":16.1,"Data Ind_4":177,"Data Ind_5":29300,"Data Ind_6":9.94,"Data Ind_7":26,"Data Ind_8":99.99,"Data Ind_9":90.09,"Data Ind10":-0.25,"Data Ind11":"Sedang"}},
{"type":"Feature","geometry":{"type":"MultiPolygon","coordinates":[[[[95.3421,5.7857],[95.3446,5.7953],[95.3471,5.7935],[95.3456,5.7992],[95.3485,5.805],[95.3479,5.8072],[95.3445,5.8079],[95.3467,5.8111],[95.3447,5.8166],[95.3452,5.8263],[95.3538,5.8279],[95.3719,5.8039],[95.3756,5.8049],[95.3772,5.8125],[95.3781,5.8284],[95.3729,5.8453],[95.375,5.8473],[95.369,5.8525],[95.3634,5.8545],[95.3555,5.8645],[95.3528,5.8714],[95.3539,5.8779],[95.349,5.8867],[95.3438,5.889],[95.334,5.898],[95.3257,5.9014],[95.3106,5.8945],[95.3099,5.8902],[95.3136,5.8856],[95.3156,5.8852],[95.3165,5.8877],[95.3214,5.8899],[95.3243,5.8858],[95.3241,5.8817],[95.3219,5.8812],[95.3225,5.8799],[95.3153,5.8668],[95.3116,5.8693],[95.3104,5.8676],[95.3094,5.8691],[95.3069,5.868],[95.3054,5.8711],[95.3062,5.8739],[95.3016,5.873],[95.3011,5.8631],[95.3041,5.8399],[95.2993,5.8385],[95.2979,5.8401],[95.2941,5.8405],[95.2927,5.8387],[95.2921,5.8405],[95.2869,5.8414],[95.2851,5.8482],[95.2774,5.8476],[95.2754,5.8533],[95.2715,5.8531],[95.2688,5.8578],[95.2655,5.8571],[95.263,5.8668],[95.2678,5.8678],[95.2685,5.8648],[95.2699,5.867],[95.2688,5.8703],[95.265,5.8728],[95.2601,5.8713],[95.2574,5.8721],[95.253,5.8803],[95.2499,5.8821],[95.2506,5.8756],[95.2477,5.8758],[95.2483,5.8811],[95.2409,5.8861],[95.2403,5.8884],[95.2418,5.8912],[95.2392,5.8928],[95.2367,5.8981],[95.2351,5.8977],[95.2245,5.906],[95.2172,5.9068],[95.216,5.9009],[95.2176,5.8967],[95.2149,5.8895],[95.2189,5.8811],[95.2206,5.873],[95.2266,5.8693],[95.2279,5.8661],[95.2366,5.857],[95.2392,5.8496],[95.2419,5.8486],[95.2475,5.85],[95.2487,5.8476],[95.2528,5.8468],[95.2564,5.8437],[95.2592,5.8377],[95.2584,5.8315],[95.2613,5.8324],[95.2614,5.8287],[95.2585,5.8256],[95.2647,5.8185],[95.2647,5.8143],[95.267,5.8117],[95.2666,5.8071],[95.2818,5.7835],[95.2873,5.7799],[95.29,5.7817],[95.2964,5.7795],[95.3043,5.7801],[95.3185,5.7737],[95.3246,5.774],[95.3286,5.7717],[95.338,5.7789],[95.3421,5.7857]]],[[[95.311,5.8773],[95.3085,5.8774],[95.3074,5.8751],[95.311,5.875],[95.3131,5.8731],[95.3139,5.8748],[95.311,5.8773]]],[[[95.2596,5.8756],[95.2607,5.883],[95.2552,5.8881],[95.2564,5.8828],[95.259,5.8797],[95.2596,5.8756]]],[[[95.2545,5.8933],[95.2554,5.8944],[95.2541,5.8966],[95.2538,5.896],[95.2545,5.8933]]],[[[95.1185,6.0766],[95.1136,6.0755],[95.1164,6.0709],[95.1214,6.0736],[95.1185,6.0766]]]]},"properties":{"GID_2":"IDN.1.21_1","GID_0":"IDN","COUNTRY":"Indonesia","GID_1":"IDN.1_1","NAME_1":"Aceh","NL_NAME_1":"NA","NAME_2":"Sabang","VARNAME_2":"NA","NL_NAME_2":"NA","TYPE_2":"Kota","ENGTYPE_2":"City","CC_2":"1172","HASC_2":"ID.AC.SA","Data Indek":"Aceh","Data Ind_1":0,"Data Ind_2":"(0)","Data Ind_3":12.8,"Data Ind_4":361,"Data Ind_5":6943,"Data Ind_6":5.11,"Data Ind_7":15,"Data Ind_8":100,"Data Ind_9":94.44,"Data Ind10":-0.47,"Data Ind11":"Sedang"}},
{"type":"Feature","geometry":{"type":"MultiPolygon","coordinates":[[[[96.6786,2.1074],[96.6768,2.1117],[96.6614,2.1215],[96.6485,2.123],[96.6417,2.1191],[96.6312,2.121],[96.6243,2.1197],[96.6146,2.1128],[96.6105,2.1037],[96.6107,2.0955],[96.6158,2.0938],[96.612,2.0857],[96.6153,2.0746],[96.6228,2.0663],[96.6288,2.062],[96.6357,2.0583],[96.6382,2.0595],[96.6441,2.056],[96.6484,2.0563],[96.6597,2.067],[96.6631,2.0663],[96.6693,2.0721],[96.6728,2.0714],[96.6756,2.0728],[96.6869,2.0857],[96.687,2.091],[96.6813,2.0974],[96.6786,2.1074]]],[[[96.6606,2.1604],[96.662,2.1666],[96.6574,2.1691],[96.6515,2.1682],[96.646,2.1704],[96.6346,2.1864],[96.6251,2.1879],[96.6123,2.1847],[96.6083,2.182],[96.6096,2.1748],[96.6174,2.1683],[96.6246,2.1584],[96.6361,2.1494],[96.6516,2.1493],[96.6606,2.1604]]],[[[96.4395,2.3286],[96.4433,2.3283],[96.445,2.3323],[96.4489,2.3312],[96.4544,2.3335],[96.4596,2.3393],[96.4635,2.3397],[96.4663,2.3444],[96.4682,2.3441],[96.4678,2.3408],[96.47,2.34],[96.4801,2.3438],[96.4835,2.3478],[96.4849,2.3529],[96.4916,2.3566],[96.4923,2.3598],[96.4994,2.3647],[96.4968,2.374],[96.4924,2.3759],[96.4915,2.378],[96.4918,2.388],[96.4899,2.39],[96.487,2.3891],[96.4769,2.3985],[96.4775,2.4013],[96.4819,2.4025],[96.4869,2.4104],[96.483,2.4177],[96.4808,2.4198],[96.4772,2.4193],[96.4753,2.4226],[96.477,2.4223],[96.479,2.4246],[96.4757,2.4303],[96.4686,2.4265],[96.4667,2.427],[96.4682,2.4317],[96.4704,2.4315],[96.4719,2.4332],[96.4713,2.4362],[96.4655,2.437],[96.4713,2.4492],[96.4673,2.4604],[96.4615,2.4625],[96.4555,2.4674],[96.4572,2.4711],[96.4538,2.4761],[96.4463,2.4778],[96.4349,2.4887],[96.4277,2.4918],[96.4271,2.4882],[96.4249,2.4871],[96.4295,2.4824],[96.43,2.4795],[96.4269,2.477],[96.4268,2.4812],[96.4265,2.4777],[96.4252,2.4774],[96.422,2.4829],[96.4194,2.4845],[96.4212,2.4875],[96.4154,2.4852],[96.4139,2.4872],[96.4165,2.4877],[96.4171,2.4899],[96.4129,2.4896],[96.4143,2.4916],[96.4116,2.4965],[96.4093,2.5105],[96.4042,2.5126],[96.4036,2.5107],[96.4021,2.5111],[96.4018,2.5068],[96.4039,2.5042],[96.4052,2.5067],[96.4073,2.5051],[96.405,2.4964],[96.4022,2.4935],[96.4021,2.4877],[96.3993,2.4874],[96.4009,2.4839],[96.4031,2.4834],[96.4036,2.4797],[96.4013,2.4788],[96.3997,2.4755],[96.4005,2.4742],[96.404,2.4745],[96.4078,2.4702],[96.409,2.4675],[96.4066,2.4663],[96.4072,2.4606],[96.401,2.455],[96.4002,2.4583],[96.399,2.4589],[96.3979,2.4564],[96.3965,2.4574],[96.4009,2.4618],[96.4019,2.4652],[96.3955,2.4622],[96.3953,2.46],[96.3927,2.4621],[96.3902,2.4605],[96.3889,2.4619],[96.3872,2.4557],[96.3841,2.4564],[96.3852,2.458],[96.3841,2.4599],[96.3868,2.4623],[96.3845,2.4618],[96.386,2.463],[96.3835,2.467],[96.3872,2.4653],[96.3858,2.4674],[96.3887,2.4686],[96.3925,2.4747],[96.3885,2.4712],[96.3824,2.4713],[96.3846,2.4777],[96.3823,2.4797],[96.3828,2.4814],[96.3799,2.4835],[96.376,2.482],[96.3773,2.4842],[96.376,2.4857],[96.3741,2.4849],[96.3748,2.487],[96.3733,2.4878],[96.3719,2.4863],[96.3691,2.4884],[96.374,2.49],[96.3704,2.4926],[96.3732,2.4954],[96.3648,2.4978],[96.3661,2.5003],[96.3634,2.5013],[96.3647,2.502],[96.3636,2.5049],[96.365,2.5077],[96.3638,2.5099],[96.3659,2.5127],[96.3708,2.5123],[96.3657,2.5145],[96.362,2.5206],[96.3579,2.5198],[96.3615,2.5167],[96.3623,2.5181],[96.3619,2.5149],[96.357,2.5159],[96.3558,2.5148],[96.3565,2.5158],[96.3507,2.5202],[96.3522,2.522],[96.3495,2.5206],[96.349,2.5221],[96.3469,2.5194],[96.3447,2.5194],[96.341,2.5208],[96.3394,2.5242],[96.3405,2.5248],[96.3427,2.5224],[96.3454,2.5253],[96.3396,2.5303],[96.3416,2.5317],[96.344,2.5303],[96.3428,2.5316],[96.3447,2.5425],[96.3463,2.5424],[96.3498,2.5462],[96.3414,2.547],[96.3422,2.5492],[96.3391,2.5522],[96.3363,2.5504],[96.3303,2.5513],[96.3262,2.5544],[96.325,2.5582],[96.3181,2.5613],[96.313,2.5618],[96.3082,2.5585],[96.2941,2.5631],[96.2804,2.5738],[96.2702,2.5737],[96.2625,2.5813],[96.2529,2.5857],[96.252,2.5902],[96.2485,2.5939],[96.2456,2.5937],[96.2485,2.5957],[96.2478,2.5982],[96.2399,2.6076],[96.2411,2.6154],[96.2398,2.6194],[96.2363,2.6197],[96.2337,2.6221],[96.2229,2.6202],[96.2208,2.6219],[96.2218,2.6241],[96.226,2.6249],[96.2261,2.6269],[96.2197,2.6277],[96.2169,2.6314],[96.2198,2.6302],[96.2192,2.6335],[96.2153,2.6358],[96.2129,2.6347],[96.2121,2.6368],[96.2101,2.6353],[96.2058,2.6372],[96.2057,2.6388],[96.207,2.6387],[96.2035,2.6437],[96.2041,2.6472],[96.202,2.6447],[96.1996,2.6448],[96.1994,2.6482],[96.1964,2.6472],[96.1929,2.6513],[96.1901,2.6503],[96.1877,2.6528],[96.1849,2.6531],[96.185,2.6558],[96.1876,2.6536],[96.1882,2.6555],[96.1838,2.6623],[96.181,2.6612],[96.1831,2.6638],[96.181,2.6681],[96.1787,2.6662],[96.1757,2.669],[96.1742,2.6657],[96.1761,2.671],[96.1753,2.672],[96.1726,2.67],[96.1751,2.6729],[96.1723,2.6746],[96.1688,2.6745],[96.1727,2.6712],[96.1714,2.6681],[96.1639,2.6721],[96.1656,2.6751],[96.1631,2.6793],[96.1588,2.6768],[96.1631,2.6728],[96.164,2.6708],[96.1627,2.6685],[96.1667,2.6686],[96.1673,2.6698],[96.1691,2.6667],[96.1709,2.6672],[96.1702,2.6661],[96.1747,2.6615],[96.1741,2.6611],[96.1692,2.6664],[96.1702,2.6633],[96.1716,2.6636],[96.1738,2.6599],[96.1755,2.6611],[96.1752,2.6598],[96.1786,2.6586],[96.1812,2.656],[96.1817,2.652],[96.1839,2.6511],[96.1831,2.6468],[96.1813,2.6468],[96.1831,2.6421],[96.1816,2.6387],[96.1863,2.6289],[96.1929,2.6202],[96.1918,2.6172],[96.1863,2.6206],[96.1854,2.6199],[96.187,2.6181],[96.1841,2.6199],[96.1841,2.6158],[96.1825,2.614],[96.1813,2.6179],[96.1798,2.6155],[96.178,2.6162],[96.1798,2.6212],[96.1791,2.6226],[96.1776,2.6218],[96.1757,2.626],[96.1764,2.6313],[96.1731,2.6284],[96.1713,2.6303],[96.1733,2.6308],[96.1728,2.6344],[96.1711,2.6358],[96.169,2.6334],[96.1662,2.6378],[96.1637,2.6337],[96.1606,2.6341],[96.1612,2.6357],[96.159,2.6377],[96.1625,2.6381],[96.1582,2.6419],[96.1541,2.6412],[96.1551,2.6458],[96.1535,2.6465],[96.1549,2.6463],[96.1549,2.6477],[96.1533,2.6483],[96.1524,2.6451],[96.1475,2.6413],[96.1462,2.636],[96.1451,2.6372],[96.1439,2.6359],[96.143,2.6382],[96.1452,2.6404],[96.1462,2.6396],[96.1463,2.6413],[96.1449,2.6428],[96.1482,2.6469],[96.1461,2.6496],[96.1448,2.6471],[96.1423,2.6496],[96.1434,2.6545],[96.1403,2.6516],[96.1416,2.6485],[96.1376,2.6461],[96.1365,2.6491],[96.1376,2.6537],[96.1357,2.6543],[96.1358,2.6505],[96.1335,2.6543],[96.1335,2.65],[96.1322,2.649],[96.1346,2.6467],[96.1333,2.6463],[96.1329,2.643],[96.1311,2.6434],[96.1309,2.6487],[96.1293,2.646],[96.1271,2.6488],[96.125,2.6465],[96.1233,2.6481],[96.1234,2.6454],[96.1277,2.644],[96.1256,2.6442],[96.1265,2.6416],[96.1242,2.6386],[96.1237,2.6339],[96.1223,2.6337],[96.1205,2.6364],[96.119,2.6345],[96.1176,2.6348],[96.1171,2.6382],[96.1112,2.6345],[96.1109,2.6367],[96.1148,2.641],[96.1101,2.6392],[96.1081,2.6353],[96.1057,2.6367],[96.107,2.6368],[96.1057,2.6448],[96.1022,2.645],[96.1037,2.65],[96.1027,2.651],[96.0999,2.6471],[96.1006,2.6501],[96.0974,2.6523],[96.0982,2.6542],[96.1001,2.652],[96.0986,2.6549],[96.0999,2.6533],[96.1011,2.6496],[96.1017,2.6511],[96.0993,2.6551],[96.1022,2.6514],[96.1055,2.6517],[96.1057,2.6533],[96.1009,2.6578],[96.101,2.6593],[96.1049,2.6609],[96.103,2.662],[96.1034,2.6665],[96.1012,2.67],[96.1025,2.6734],[96.0946,2.6731],[96.0928,2.6768],[96.0967,2.677],[96.0959,2.6788],[96.101,2.6746],[96.1,2.6792],[96.105,2.6855],[96.1075,2.6845],[96.1066,2.6861],[96.1086,2.6889],[96.1123,2.6918],[96.1169,2.692],[96.1191,2.6939],[96.121,2.6925],[96.1198,2.6902],[96.1125,2.6869],[96.1152,2.6859],[96.1184,2.6873],[96.1214,2.6849],[96.1295,2.6825],[96.1346,2.6834],[96.1361,2.6866],[96.1401,2.6892],[96.1455,2.6873],[96.1449,2.6896],[96.1476,2.6908],[96.149,2.6881],[96.1517,2.6889],[96.1482,2.6939],[96.1456,2.6912],[96.1451,2.6933],[96.1425,2.6913],[96.1418,2.6956],[96.1456,2.695],[96.1474,2.6985],[96.1464,2.7001],[96.1451,2.698],[96.1452,2.7005],[96.1427,2.7013],[96.1429,2.7025],[96.1463,2.702],[96.1477,2.7038],[96.1462,2.7074],[96.1468,2.713],[96.1416,2.7101],[96.1417,2.7131],[96.1402,2.7124],[96.139,2.7114],[96.1409,2.7093],[96.1351,2.7046],[96.1348,2.7023],[96.1287,2.701],[96.1273,2.7057],[96.1219,2.7061],[96.1217,2.7108],[96.1159,2.7119],[96.1154,2.715],[96.1143,2.7133],[96.1126,2.7146],[96.1138,2.7154],[96.1119,2.7211],[96.1129,2.7246],[96.1102,2.7259],[96.1131,2.7271],[96.1124,2.7301],[96.1155,2.7287],[96.1148,2.7275],[96.1281,2.7242],[96.1321,2.7199],[96.13,2.727],[96.1259,2.7263],[96.1247,2.7283],[96.1264,2.7272],[96.1278,2.7286],[96.1318,2.7279],[96.1319,2.7311],[96.1266,2.7294],[96.125,2.7316],[96.1223,2.7285],[96.1218,2.7321],[96.1235,2.7336],[96.1214,2.7326],[96.12,2.7352],[96.1194,2.7315],[96.1182,2.7377],[96.1142,2.7385],[96.1144,2.7377],[96.1183,2.7366],[96.1162,2.7363],[96.1083,2.7421],[96.1055,2.7413],[96.0986,2.7469],[96.0913,2.75],[96.0892,2.7451],[96.087,2.7453],[96.0907,2.7395],[96.0899,2.737],[96.0883,2.7373],[96.0889,2.7325],[96.0878,2.7338],[96.0842,2.7324],[96.0809,2.7406],[96.0815,2.7445],[96.0843,2.7488],[96.0868,2.7497],[96.0874,2.753],[96.0857,2.7548],[96.0942,2.7551],[96.0973,2.7533],[96.0988,2.7543],[96.103,2.7508],[96.1029,2.7529],[96.0988,2.7568],[96.0853,2.7587],[96.0754,2.7569],[96.0636,2.7611],[96.0556,2.7614],[96.0447,2.7601],[96.0447,2.7582],[96.0421,2.7601],[96.0369,2.7599],[96.0327,2.7588],[96.033,2.7564],[96.0267,2.7575],[96.0235,2.7604],[96.0085,2.766],[96.0057,2.7691],[96.009,2.7701],[96.0061,2.7739],[96.0052,2.7788],[96.0016,2.783],[95.9973,2.786],[95.987,2.7862],[95.9788,2.7914],[95.9748,2.8007],[95.9746,2.8107],[95.9723,2.8127],[95.9601,2.8119],[95.9568,2.8136],[95.9537,2.8207],[95.9506,2.8186],[95.9495,2.8195],[95.9507,2.8217],[95.944,2.8204],[95.9387,2.8246],[95.9317,2.824],[95.9308,2.8279],[95.927,2.8295],[95.923,2.8364],[95.9148,2.8453],[95.9123,2.8448],[95.9101,2.8385],[95.9064,2.8397],[95.9062,2.8379],[95.9095,2.8361],[95.91,2.8343],[95.9084,2.8286],[95.9047,2.829],[95.9051,2.8322],[95.9006,2.8312],[95.8995,2.8296],[95.9023,2.8287],[95.9022,2.8262],[95.8991,2.8237],[95.8977,2.8278],[95.8937,2.8294],[95.8904,2.8275],[95.8872,2.8294],[95.8846,2.8268],[95.8824,2.8275],[95.8817,2.8255],[95.8806,2.8259],[95.879,2.8271],[95.8798,2.8306],[95.8817,2.8314],[95.8828,2.8291],[95.8842,2.8324],[95.886,2.8323],[95.886,2.8361],[95.884,2.8372],[95.8839,2.8346],[95.8827,2.8376],[95.8855,2.8389],[95.8854,2.8442],[95.8738,2.8466],[95.8738,2.8491],[95.8757,2.8493],[95.8739,2.8541],[95.8701,2.8518],[95.8699,2.8505],[95.8721,2.8495],[95.8686,2.8503],[95.8712,2.8471],[95.8645,2.8486],[95.864,2.8498],[95.8668,2.8499],[95.8692,2.8536],[95.8639,2.8589],[95.8701,2.861],[95.8707,2.8649],[95.881,2.8598],[95.8817,2.8621],[95.8793,2.8647],[95.8768,2.8646],[95.8706,2.8699],[95.8747,2.8722],[95.877,2.8715],[95.8743,2.8695],[95.8777,2.8682],[95.8782,2.871],[95.8815,2.8729],[95.8913,2.8645],[95.8947,2.8587],[95.9035,2.8564],[95.9066,2.8494],[95.9105,2.8474],[95.9116,2.8498],[95.9099,2.8537],[95.9132,2.8604],[95.9122,2.8675],[95.9158,2.8671],[95.9163,2.8693],[95.913,2.8765],[95.9104,2.8787],[95.9034,2.8964],[95.8899,2.9024],[95.8816,2.9033],[95.8782,2.9056],[95.8746,2.9122],[95.8707,2.9147],[95.8605,2.9098],[95.859,2.9119],[95.8528,2.9144],[95.8367,2.9124],[95.8329,2.9132],[95.8321,2.9081],[95.8341,2.9065],[95.8324,2.9061],[95.832,2.903],[95.8361,2.8997],[95.8347,2.8991],[95.8368,2.8972],[95.8343,2.8972],[95.838,2.8902],[95.837,2.8875],[95.8399,2.884],[95.832,2.8884],[95.8322,2.8915],[95.8336,2.889],[95.8364,2.8891],[95.8357,2.8931],[95.827,2.9042],[95.8245,2.9043],[95.8243,2.9014],[95.8219,2.8995],[95.8222,2.9064],[95.8242,2.9094],[95.8209,2.9099],[95.8172,2.908],[95.8172,2.9098],[95.8192,2.9104],[95.8167,2.9142],[95.8111,2.915],[95.8104,2.9131],[95.8068,2.9154],[95.8088,2.9114],[95.806,2.9109],[95.8048,2.9134],[95.802,2.9071],[95.8012,2.9119],[95.803,2.9131],[95.7989,2.9129],[95.7979,2.916],[95.7997,2.9146],[95.8057,2.9164],[95.8046,2.9188],[95.8009,2.9179],[95.8016,2.9227],[95.8053,2.9218],[95.8051,2.9298],[95.8014,2.9316],[95.7951,2.9285],[95.7899,2.93],[95.784,2.9256],[95.7809,2.9162],[95.7808,2.9096],[95.7745,2.9048],[95.7713,2.9086],[95.7702,2.9076],[95.7704,2.9017],[95.7677,2.8975],[95.7691,2.8863],[95.7637,2.8805],[95.7675,2.8722],[95.7664,2.8685],[95.7676,2.8625],[95.7634,2.8575],[95.7658,2.8519],[95.7648,2.8484],[95.7664,2.8471],[95.7679,2.8486],[95.7708,2.8473],[95.7722,2.8486],[95.773,2.8465],[95.7789,2.8451],[95.7837,2.8412],[95.7858,2.842],[95.7875,2.8394],[95.7883,2.8427],[95.7918,2.8411],[95.7938,2.8442],[95.7956,2.8437],[95.7964,2.8422],[95.7906,2.8369],[95.7896,2.8338],[95.7912,2.8326],[95.7907,2.8306],[95.7888,2.8314],[95.788,2.8295],[95.7861,2.8314],[95.7879,2.8263],[95.7862,2.8264],[95.785,2.8299],[95.7822,2.8294],[95.7833,2.8305],[95.7817,2.832],[95.7776,2.8255],[95.7778,2.8219],[95.7801,2.821],[95.7785,2.8196],[95.7789,2.8179],[95.775,2.8238],[95.7723,2.8226],[95.7742,2.8241],[95.774,2.8264],[95.7676,2.8265],[95.7613,2.8242],[95.7556,2.8285],[95.7502,2.8304],[95.747,2.8294],[95.7452,2.8305],[95.7396,2.8279],[95.738,2.8302],[95.733,2.8318],[95.7185,2.8254],[95.7171,2.8239],[95.7188,2.8164],[95.7171,2.8109],[95.7103,2.8049],[95.7063,2.7978],[95.7068,2.7896],[95.6952,2.7799],[95.6921,2.7726],[95.6999,2.7633],[95.6979,2.7561],[95.6993,2.752],[95.7037,2.7473],[95.7086,2.75],[95.7138,2.7471],[95.7169,2.7551],[95.7215,2.756],[95.7199,2.7584],[95.7209,2.7594],[95.7262,2.7602],[95.73,2.757],[95.7311,2.7587],[95.7335,2.7568],[95.7343,2.7528],[95.7324,2.7496],[95.7251,2.7468],[95.7225,2.7474],[95.7234,2.7433],[95.7217,2.7414],[95.7244,2.7387],[95.7304,2.7387],[95.7428,2.7352],[95.75,2.7298],[95.7506,2.7258],[95.7492,2.7221],[95.7521,2.7178],[95.7557,2.7182],[95.756,2.7157],[95.763,2.7147],[95.7631,2.7115],[95.765,2.7089],[95.7563,2.7034],[95.7546,2.6999],[95.76,2.6929],[95.7702,2.6871],[95.7733,2.6877],[95.782,2.682],[95.7897,2.6704],[95.7926,2.6638],[95.7938,2.6554],[95.7928,2.6513],[95.788,2.6488],[95.7879,2.6435],[95.7901,2.6421],[95.7882,2.6399],[95.7927,2.6336],[95.795,2.633],[95.7957,2.6304],[95.8035,2.6294],[95.8048,2.6336],[95.8035,2.6398],[95.8092,2.6381],[95.8109,2.6397],[95.8098,2.642],[95.8108,2.6432],[95.8188,2.6463],[95.8266,2.6442],[95.8288,2.6386],[95.8276,2.6332],[95.8286,2.6296],[95.8317,2.63],[95.8382,2.6228],[95.8405,2.6241],[95.8423,2.6304],[95.8413,2.6333],[95.8444,2.6368],[95.8508,2.6385],[95.8601,2.6365],[95.8616,2.6375],[95.8733,2.6277],[95.8846,2.6233],[95.8888,2.6196],[95.89,2.6159],[95.8842,2.6105],[95.8861,2.6067],[95.8856,2.6032],[95.8898,2.6024],[95.8895,2.6013],[95.8949,2.5982],[95.8976,2.5984],[95.8991,2.601],[95.902,2.6011],[95.904,2.603],[95.9033,2.6],[95.9057,2.6001],[95.9071,2.5973],[95.9109,2.6001],[95.9177,2.5988],[95.9181,2.5895],[95.9206,2.5892],[95.9266,2.5829],[95.9308,2.587],[95.931,2.5795],[95.9428,2.5721],[95.9496,2.5702],[95.9557,2.5704],[95.9563,2.5746],[95.9585,2.5768],[95.9653,2.5767],[95.963,2.5814],[95.965,2.5838],[95.9738,2.5873],[95.9799,2.5878],[95.9842,2.5839],[95.9882,2.5851],[95.9924,2.582],[95.9936,2.58],[95.9923,2.5707],[95.9937,2.5664],[95.9963,2.5658],[96.0043,2.5873],[96.0075,2.5908],[96.0154,2.5896],[96.0186,2.5847],[96.0346,2.5819],[96.0386,2.5841],[96.0371,2.5817],[96.0421,2.58],[96.043,2.5818],[96.0454,2.5791],[96.0495,2.5793],[96.0498,2.574],[96.0575,2.5637],[96.0602,2.5637],[96.0614,2.5684],[96.0639,2.5699],[96.0753,2.5698],[96.0859,2.5624],[96.0833,2.5583],[96.0867,2.5542],[96.0946,2.552],[96.1168,2.5404],[96.1196,2.5419],[96.1193,2.5381],[96.1256,2.5294],[96.1264,2.5229],[96.1284,2.5202],[96.1393,2.5135],[96.1447,2.5137],[96.1469,2.5176],[96.15,2.5184],[96.1517,2.5176],[96.152,2.5153],[96.1606,2.5119],[96.1643,2.5069],[96.1618,2.5014],[96.1699,2.4904],[96.1731,2.4914],[96.1774,2.4894],[96.1782,2.4864],[96.1814,2.4846],[96.188,2.4884],[96.1897,2.4847],[96.196,2.4804],[96.2003,2.4715],[96.2042,2.4697],[96.2066,2.4705],[96.216,2.4655],[96.2233,2.4565],[96.2267,2.449],[96.2256,2.4452],[96.2282,2.4418],[96.2321,2.4423],[96.2353,2.4402],[96.2392,2.4429],[96.2617,2.4314],[96.2972,2.4259],[96.3094,2.4222],[96.3128,2.4197],[96.3166,2.4145],[96.3194,2.4051],[96.3133,2.4018],[96.3139,2.3957],[96.3123,2.3909],[96.3139,2.3892],[96.3134,2.3855],[96.3148,2.3845],[96.3172,2.3865],[96.3197,2.3833],[96.3331,2.391],[96.3356,2.3879],[96.3339,2.3829],[96.3353,2.3789],[96.334,2.3719],[96.3215,2.3622],[96.3166,2.3628],[96.3145,2.3607],[96.3141,2.3595],[96.3182,2.3566],[96.3186,2.353],[96.3264,2.3496],[96.3338,2.3506],[96.3404,2.3463],[96.3447,2.3412],[96.3535,2.339],[96.3598,2.3411],[96.3652,2.3368],[96.3727,2.3401],[96.3741,2.3475],[96.3873,2.349],[96.3907,2.3457],[96.3926,2.3401],[96.3994,2.3376],[96.4071,2.3321],[96.4159,2.3299],[96.4253,2.3301],[96.4363,2.3277],[96.4395,2.3286]]],[[[96.5022,2.414],[96.4996,2.4141],[96.4991,2.4135],[96.5025,2.4118],[96.5022,2.414]]],[[[96.2491,2.3455],[96.255,2.3493],[96.2571,2.3582],[96.2618,2.3623],[96.2568,2.3696],[96.2583,2.3727],[96.2555,2.3741],[96.2501,2.3665],[96.2414,2.3616],[96.2306,2.3595],[96.2224,2.3606],[96.2176,2.3589],[96.2254,2.3503],[96.2353,2.3445],[96.2491,2.3455]]],[[[96.2301,2.4154],[96.2293,2.4141],[96.2309,2.413],[96.2321,2.4145],[96.2312,2.4161],[96.2301,2.4154]]],[[[96.2037,2.3534],[96.2063,2.3555],[96.2046,2.3586],[96.1958,2.3593],[96.1919,2.3557],[96.1913,2.3514],[96.1942,2.348],[96.1972,2.3483],[96.2037,2.3534]]],[[[96.498,2.4338],[96.4957,2.4345],[96.4958,2.436],[96.4893,2.4377],[96.4882,2.4336],[96.4912,2.4323],[96.4896,2.4295],[96.4819,2.4275],[96.4795,2.4248],[96.4814,2.4239],[96.4864,2.4266],[96.4853,2.424],[96.4869,2.4245],[96.488,2.4237],[96.4871,2.4217],[96.4889,2.4228],[96.4899,2.4214],[96.4853,2.4193],[96.4861,2.4185],[96.4926,2.4201],[96.4987,2.4142],[96.4985,2.4178],[96.5018,2.419],[96.5036,2.4185],[96.5,2.4168],[96.5007,2.4145],[96.5018,2.4169],[96.51,2.4148],[96.5167,2.4235],[96.5167,2.4266],[96.5071,2.4327],[96.498,2.4338]]],[[[96.4835,2.4384],[96.4774,2.4402],[96.4757,2.4366],[96.4818,2.4332],[96.4851,2.4355],[96.4835,2.4384]]],[[[96.3447,2.5351],[96.3445,2.5342],[96.3453,2.5334],[96.3458,2.5353],[96.3447,2.5351]]],[[[96.356,2.5389],[96.3567,2.5374],[96.3597,2.5397],[96.3593,2.54],[96.356,2.5389]]],[[[96.3467,2.5406],[96.3454,2.5408],[96.345,2.5393],[96.347,2.5392],[96.3467,2.5406]]],[[[96.3521,2.5406],[96.3488,2.5401],[96.3469,2.5416],[96.3476,2.5382],[96.3495,2.5399],[96.3509,2.5386],[96.3534,2.5397],[96.3521,2.5406]]],[[[96.2123,2.6508],[96.2154,2.6496],[96.219,2.6504],[96.22,2.6525],[96.2128,2.6556],[96.2097,2.6541],[96.2123,2.6508]]],[[[96.3774,2.5202],[96.378,2.5219],[96.3818,2.5229],[96.3789,2.5274],[96.3759,2.5249],[96.3765,2.5219],[96.3724,2.5221],[96.3669,2.5261],[96.3642,2.5247],[96.3629,2.5215],[96.3643,2.5192],[96.3656,2.5206],[96.365,2.5185],[96.367,2.5185],[96.3667,2.5166],[96.3735,2.5135],[96.3779,2.5155],[96.3812,2.5116],[96.3824,2.5136],[96.3865,2.5138],[96.3839,2.5144],[96.3853,2.5165],[96.3905,2.5104],[96.3918,2.5139],[96.3874,2.5182],[96.3807,2.5146],[96.3792,2.5152],[96.3817,2.5174],[96.3796,2.5174],[96.3774,2.5202]]],[[[96.3554,2.5225],[96.3558,2.5235],[96.3535,2.5233],[96.351,2.5203],[96.3543,2.5227],[96.3554,2.5225]]],[[[96.3486,2.5255],[96.3497,2.5261],[96.3465,2.5284],[96.3458,2.5271],[96.3486,2.5255]]],[[[96.3479,2.5323],[96.35,2.5345],[96.3447,2.533],[96.351,2.5295],[96.3494,2.5315],[96.3479,2.5323]]],[[[96.3494,2.5424],[96.3487,2.5424],[96.3492,2.5416],[96.3499,2.5421],[96.3494,2.5424]]],[[[96.3914,2.6519],[96.387,2.6554],[96.3718,2.656],[96.3671,2.6585],[96.3654,2.6639],[96.3559,2.6604],[96.3525,2.6571],[96.354,2.6541],[96.3609,2.6538],[96.3822,2.6438],[96.3876,2.646],[96.3971,2.6449],[96.3969,2.6472],[96.3914,2.6519]]],[[[96.3045,2.6303],[96.3054,2.6293],[96.3061,2.6295],[96.3059,2.6299],[96.3045,2.6303]]],[[[96.3266,2.6393],[96.3262,2.6398],[96.3264,2.6377],[96.3266,2.6383],[96.3266,2.6393]]],[[[95.9598,2.5296],[95.9496,2.534],[95.9437,2.5396],[95.9399,2.5388],[95.9322,2.5449],[95.9267,2.5418],[95.9262,2.5387],[95.9188,2.5361],[95.9159,2.5265],[95.9166,2.5249],[95.9218,2.5237],[95.9273,2.5248],[95.9326,2.5231],[95.9382,2.5242],[95.9543,2.523],[95.9576,2.5234],[95.9598,2.5296]]],[[[96.1597,2.6642],[96.1619,2.6661],[96.162,2.6687],[96.152,2.6681],[96.157,2.6628],[96.1597,2.6642]]],[[[96.1442,2.6782],[96.1435,2.6749],[96.1467,2.6725],[96.1473,2.6753],[96.1442,2.6782]]],[[[95.867,2.6118],[95.8649,2.6087],[95.8652,2.6044],[95.8696,2.6059],[95.869,2.609],[95.8727,2.6121],[95.8725,2.614],[95.867,2.6118]]],[[[95.744,2.7052],[95.7467,2.718],[95.7432,2.72],[95.7405,2.7197],[95.7378,2.7139],[95.7328,2.7123],[95.7242,2.7127],[95.7218,2.715],[95.7146,2.7132],[95.7134,2.7116],[95.7167,2.7103],[95.721,2.7043],[95.7242,2.703],[95.7312,2.7018],[95.7399,2.7029],[95.744,2.7052]]],[[[96.1391,2.7211],[96.1361,2.7257],[96.133,2.7266],[96.1352,2.7245],[96.1338,2.7232],[96.135,2.7213],[96.136,2.7229],[96.1371,2.7197],[96.1391,2.7211]]],[[[96.1229,2.7421],[96.1158,2.7462],[96.1114,2.7521],[96.1082,2.7508],[96.1064,2.7466],[96.1072,2.7438],[96.104,2.7449],[96.1067,2.7428],[96.1091,2.7456],[96.1134,2.7454],[96.113,2.744],[96.1146,2.7444],[96.1211,2.739],[96.1238,2.74],[96.1251,2.7371],[96.1279,2.7368],[96.1279,2.7344],[96.1294,2.7379],[96.1229,2.7421]]],[[[96.1042,2.7481],[96.105,2.7492],[96.1038,2.7502],[96.1016,2.7482],[96.0992,2.7497],[96.1009,2.7473],[96.1057,2.7457],[96.1042,2.7481]]],[[[96.0097,2.779],[96.014,2.7797],[96.0122,2.7835],[96.0086,2.7826],[96.0097,2.779]]],[[[95.9629,2.8283],[95.9602,2.8281],[95.9624,2.8245],[95.9644,2.825],[95.9629,2.8283]]],[[[95.7695,2.8312],[95.772,2.8314],[95.7696,2.8329],[95.7702,2.8346],[95.763,2.8354],[95.7635,2.8289],[95.7677,2.828],[95.7687,2.8292],[95.7671,2.8313],[95.7695,2.8312]]],[[[95.7868,2.834],[95.7878,2.8333],[95.7891,2.8361],[95.7883,2.8365],[95.7868,2.834]]],[[[95.7843,2.8362],[95.7862,2.8371],[95.7865,2.8383],[95.7845,2.8381],[95.7843,2.8362]]],[[[95.9608,2.8456],[95.9613,2.8424],[95.964,2.8431],[95.9633,2.8474],[95.9608,2.8456]]],[[[95.9393,2.8548],[95.9394,2.8523],[95.9415,2.8512],[95.9418,2.8552],[95.9393,2.8548]]],[[[95.9287,2.8655],[95.9264,2.8642],[95.9303,2.8612],[95.9301,2.8635],[95.9287,2.8655]]],[[[95.7769,2.8382],[95.7778,2.836],[95.7809,2.8361],[95.781,2.8381],[95.7745,2.8416],[95.7737,2.8403],[95.7752,2.8381],[95.7769,2.8382]]],[[[95.7591,2.8956],[95.757,2.8929],[95.7609,2.8905],[95.7642,2.8912],[95.7622,2.8953],[95.7591,2.8956]]],[[[95.7592,2.9069],[95.7581,2.906],[95.7583,2.9055],[95.7601,2.9056],[95.7592,2.9069]]],[[[95.7607,2.9291],[95.7634,2.9282],[95.763,2.9311],[95.7611,2.931],[95.7607,2.9291]]],[[[95.3966,2.9716],[95.3973,2.9676],[95.4004,2.9656],[95.4064,2.9759],[95.4021,2.9777],[95.3968,2.9875],[95.3908,2.9894],[95.3891,2.9866],[95.395,2.978],[95.3966,2.9716]]],[[[95.4036,3.0181],[95.4034,3.0143],[95.405,3.0135],[95.4128,3.0185],[95.409,3.0207],[95.4036,3.0181]]]]},"properties":{"GID_2":"IDN.1.22_1","GID_0":"IDN","COUNTRY":"Indonesia","GID_1":"IDN.1_1","NAME_1":"Aceh","NL_NAME_1":"NA","NAME_2":"Simeulue","VARNAME_2":"NA","NL_NAME_2":"NA","TYPE_2":"Kabupaten","ENGTYPE_2":"Regency","CC_2":"1101","HASC_2":"ID.AC.SI","Data Indek":"Aceh","Data Ind_1":0,"Data Ind_2":"(0)","Data Ind_3":15.5,"Data Ind_4":55,"Data Ind_5":13345,"Data Ind_6":14.87,"Data Ind_7":20,"Data Ind_8":99.82,"Data Ind_9":89.13,"Data Ind10":-0.35,"Data Ind11":"Sedang"}},
{"type":"Feature","geometry":{"type":"Polygon","coordinates":[[[97.871,2.556],[97.8746,2.5483],[97.8804,2.5476],[97.8857,2.5502],[97.8907,2.5606],[97.8984,2.5653],[97.9035,2.5623],[97.9119,2.5703],[97.9167,2.5699],[97.9227,2.5741],[97.9263,2.5728],[97.9309,2.5799],[97.9372,2.5834],[97.9405,2.5888],[97.9484,2.5942],[97.9483,2.5798],[97.9507,2.5785],[97.953,2.5803],[97.954,2.5769],[97.9883,2.6097],[98.0042,2.5986],[98.0363,2.5875],[98.0473,2.5863],[98.0499,2.5903],[98.0636,2.5856],[98.0788,2.5831],[98.0835,2.5921],[98.0853,2.6035],[98.0958,2.6028],[98.1086,2.6052],[98.1107,2.6113],[98.109,2.6171],[98.106,2.6205],[98.1053,2.6266],[98.1078,2.629],[98.1032,2.6545],[98.105,2.6644],[98.104,2.6821],[98.1007,2.6894],[98.0864,2.7051],[98.0752,2.7265],[98.0716,2.7359],[98.0739,2.7471],[98.0763,2.7496],[98.0696,2.7648],[98.0952,2.7748],[98.1081,2.7763],[98.1169,2.785],[98.1051,2.7903],[98.098,2.8186],[98.099,2.8228],[98.0677,2.8174],[98.0557,2.8187],[98.049,2.823],[98.0462,2.8269],[98.0392,2.8479],[98.0349,2.8475],[98.0319,2.8492],[98.0278,2.8559],[98.0064,2.8723],[97.9967,2.8751],[97.9924,2.8822],[97.985,2.8826],[97.9819,2.8856],[97.9748,2.8885],[97.9487,2.8953],[97.9638,2.9619],[97.9646,2.9732],[97.9594,2.9813],[97.9496,2.9877],[97.9327,2.99],[97.916,2.9985],[97.908,3.0008],[97.9016,3.0078],[97.888,3.0092],[97.8818,3.0069],[97.8725,3.0098],[97.861,3.0035],[97.8562,3.0034],[97.8515,3.001],[97.8399,3.0032],[97.829,3],[97.8147,2.9827],[97.8717,2.9673],[97.8996,2.9658],[97.9063,2.9552],[97.9076,2.943],[97.9079,2.924],[97.9043,2.9105],[97.8864,2.8943],[97.8582,2.8817],[97.8572,2.8691],[97.86,2.8601],[97.8602,2.8466],[97.8492,2.8343],[97.7665,2.7872],[97.7798,2.7587],[97.817,2.6685],[97.8139,2.6528],[97.8251,2.6368],[97.7955,2.5472],[97.792,2.5094],[97.8403,2.5047],[97.8404,2.5148],[97.8425,2.5176],[97.8465,2.5188],[97.8492,2.5234],[97.8478,2.529],[97.851,2.5278],[97.8518,2.5298],[97.8503,2.5318],[97.8475,2.5314],[97.8428,2.5388],[97.8429,2.5569],[97.8502,2.5591],[97.8539,2.5644],[97.871,2.556]],[[97.9497,2.9137],[97.9496,2.9139],[97.9493,2.9143],[97.9503,2.9133],[97.9497,2.9137]]]},"properties":{"GID_2":"IDN.1.23_1","GID_0":"IDN","COUNTRY":"Indonesia","GID_1":"IDN.1_1","NAME_1":"Aceh","NL_NAME_1":"NA","NAME_2":"Subulussalam","VARNAME_2":"NA","NL_NAME_2":"NA","TYPE_2":"Kota","ENGTYPE_2":"City","CC_2":"1175","HASC_2":"ID.AC.SU","Data Indek":"Aceh","Data Ind_1":1,"Data Ind_2":"(0)","Data Ind_3":13.9,"Data Ind_4":86,"Data Ind_5":13400,"Data Ind_6":32.91,"Data Ind_7":14,"Data Ind_8":100,"Data Ind_9":85.37,"Data Ind10":-0.18,"Data Ind11":"Tinggi"}},
{"type":"Feature","geometry":{"type":"MultiPolygon","coordinates":[[[[100.3785,-0.1457],[100.3766,-0.1378],[100.3729,-0.1277],[100.3744,-0.1202],[100.3718,-0.1129],[100.3618,-0.1054],[100.3618,-0.1026],[100.3578,-0.0962],[100.3516,-0.0937],[100.3569,-0.0911],[100.3554,-0.0859],[100.3321,-0.0767],[100.3252,-0.0601],[100.3203,-0.0559],[100.3168,-0.0461],[100.3066,-0.0548],[100.3018,-0.0556],[100.2644,-0.0347],[100.261,-0.0418],[100.2614,-0.0536],[100.2601,-0.0573],[100.2513,-0.0646],[100.2495,-0.0658],[100.244,-0.0652],[100.2368,-0.0625],[100.1885,-0.0911],[100.1877,-0.0932],[100.1759,-0.0923],[100.1661,-0.1],[100.1601,-0.1076],[100.1503,-0.1019],[100.1404,-0.1024],[100.1347,-0.0945],[100.1234,-0.0945],[100.1216,-0.0866],[100.1153,-0.0848],[100.114,-0.0794],[100.107,-0.0758],[100.1033,-0.0759],[100.0971,-0.0798],[100.0903,-0.0779],[100.0859,-0.0808],[100.08,-0.0809],[100.0763,-0.0838],[100.0708,-0.0845],[100.0614,-0.0843],[100.0506,-0.0812],[100.0436,-0.0831],[100.0374,-0.0815],[100.0382,-0.0833],[100.0363,-0.0837],[100.0318,-0.0918],[100.0226,-0.0937],[100.0153,-0.0977],[100.0162,-0.1035],[100.0134,-0.119],[100.0082,-0.1231],[100.0045,-0.1285],[100.0048,-0.1348],[100.0013,-0.1386],[100.0011,-0.1438],[99.9946,-0.1425],[99.992,-0.1395],[99.9892,-0.139],[99.9875,-0.1413],[99.9879,-0.1452],[99.9853,-0.1461],[99.9809,-0.1387],[99.9693,-0.1384],[99.9639,-0.14],[99.9609,-0.1435],[99.951,-0.1486],[99.9484,-0.1488],[99.9438,-0.1453],[99.9418,-0.1458],[99.9399,-0.1505],[99.933,-0.1486],[99.9186,-0.156],[99.9147,-0.1627],[99.9082,-0.1583],[99.9018,-0.1607],[99.898,-0.1572],[99.8849,-0.162],[99.8727,-0.1595],[99.8591,-0.163],[99.8511,-0.1618],[99.8483,-0.1631],[99.8472,-0.1677],[99.8453,-0.1685],[99.8422,-0.1636],[99.8378,-0.163],[99.8331,-0.1657],[99.8315,-0.1691],[99.8195,-0.1684],[99.8097,-0.1723],[99.8067,-0.1759],[99.8045,-0.1762],[99.7679,-0.1709],[99.7773,-0.1818],[99.7982,-0.2192],[99.8051,-0.239],[99.8047,-0.2457],[99.8019,-0.2527],[99.804,-0.2639],[99.8089,-0.2797],[99.8196,-0.3006],[99.8343,-0.3113],[99.8584,-0.3242],[99.8851,-0.3442],[99.8881,-0.3439],[99.8875,-0.3465],[99.905,-0.3645],[99.9156,-0.3811],[99.9184,-0.3937],[99.9178,-0.3967],[99.9148,-0.3975],[99.9136,-0.4006],[99.9184,-0.4014],[99.9321,-0.4096],[99.9467,-0.4193],[99.9626,-0.4326],[99.97,-0.4177],[99.9778,-0.4168],[99.9795,-0.4146],[99.9804,-0.4033],[99.9829,-0.3992],[99.9861,-0.3979],[99.9956,-0.401],[99.9999,-0.3978],[99.9996,-0.3923],[99.9946,-0.3812],[99.991,-0.3791],[99.9898,-0.3746],[99.9878,-0.3743],[99.9853,-0.3694],[99.988,-0.3635],[99.9933,-0.3597],[100.0006,-0.3582],[100.0178,-0.3637],[100.0231,-0.3621],[100.0291,-0.3652],[100.0348,-0.3626],[100.0458,-0.3643],[100.0483,-0.3635],[100.0493,-0.3609],[100.0481,-0.3559],[100.0569,-0.3485],[100.0612,-0.3352],[100.0667,-0.3293],[100.0873,-0.3246],[100.0934,-0.326],[100.0961,-0.3298],[100.1012,-0.3326],[100.1152,-0.3312],[100.1199,-0.3284],[100.1216,-0.3249],[100.1243,-0.3244],[100.1289,-0.3165],[100.1311,-0.3163],[100.1364,-0.32],[100.1508,-0.3423],[100.1557,-0.357],[100.1585,-0.3601],[100.1553,-0.3769],[100.1559,-0.3847],[100.1577,-0.3903],[100.1625,-0.3962],[100.1672,-0.3988],[100.1762,-0.4083],[100.1884,-0.4144],[100.1993,-0.4155],[100.2038,-0.4133],[100.2096,-0.4147],[100.2139,-0.4135],[100.2169,-0.4149],[100.2185,-0.4203],[100.2154,-0.4316],[100.223,-0.4383],[100.2266,-0.4458],[100.2384,-0.4485],[100.2462,-0.4598],[100.2465,-0.4676],[100.2645,-0.4716],[100.2715,-0.4693],[100.2721,-0.4674],[100.2833,-0.4614],[100.2853,-0.4618],[100.2878,-0.4564],[100.3064,-0.4321],[100.3123,-0.4291],[100.3157,-0.4292],[100.3234,-0.4107],[100.3319,-0.403],[100.3319,-0.394],[100.3333,-0.3921],[100.353,-0.3915],[100.3579,-0.389],[100.3634,-0.3904],[100.3662,-0.3891],[100.37,-0.3899],[100.3811,-0.3839],[100.3979,-0.3848],[100.4181,-0.392],[100.4377,-0.3892],[100.4519,-0.392],[100.4693,-0.3903],[100.4731,-0.3809],[100.4787,-0.3749],[100.4814,-0.3566],[100.4876,-0.3478],[100.495,-0.3412],[100.4954,-0.3346],[100.5038,-0.3214],[100.5051,-0.3128],[100.5096,-0.3034],[100.5179,-0.2951],[100.5254,-0.2903],[100.5309,-0.2825],[100.5356,-0.2805],[100.5325,-0.2772],[100.5396,-0.2591],[100.5355,-0.2532],[100.5271,-0.2485],[100.5257,-0.2495],[100.5212,-0.2484],[100.5173,-0.2443],[100.5084,-0.2416],[100.4994,-0.2344],[100.4851,-0.2271],[100.4811,-0.2228],[100.4695,-0.2193],[100.4677,-0.2149],[100.4622,-0.2099],[100.4491,-0.2046],[100.4423,-0.1936],[100.4425,-0.1759],[100.4398,-0.1723],[100.4156,-0.1637],[100.3997,-0.1607],[100.3963,-0.1567],[100.3945,-0.1494],[100.3878,-0.1492],[100.3785,-0.1457]],[[100.3346,-0.2807],[100.333,-0.2798],[100.3349,-0.2761],[100.3379,-0.2762],[100.3367,-0.2727],[100.3489,-0.2759],[100.3581,-0.2846],[100.366,-0.2832],[100.3685,-0.2811],[100.3748,-0.2865],[100.3816,-0.2852],[100.3846,-0.2829],[100.3868,-0.2836],[100.3893,-0.285],[100.3926,-0.2908],[100.396,-0.2904],[100.3975,-0.2966],[100.3966,-0.3066],[100.3985,-0.3071],[100.4056,-0.318],[100.4013,-0.3227],[100.3952,-0.3258],[100.377,-0.322],[100.3709,-0.3223],[100.3647,-0.3163],[100.3647,-0.3121],[100.3597,-0.3105],[100.3587,-0.3063],[100.355,-0.3024],[100.3523,-0.3029],[100.3474,-0.3004],[100.3454,-0.296],[100.3428,-0.2975],[100.3416,-0.2919],[100.3357,-0.2853],[100.3361,-0.2838],[100.334,-0.2831],[100.3346,-0.2807]]],[[[99.9016,-0.4192],[99.8995,-0.4192],[99.8992,-0.4212],[99.9011,-0.4216],[99.9016,-0.4192]]],[[[99.9019,-0.4099],[99.9037,-0.4105],[99.9036,-0.4084],[99.902,-0.4079],[99.9019,-0.4099]]]]},"properties":{"GID_2":"IDN.30.1_1","GID_0":"IDN","COUNTRY":"Indonesia","GID_1":"IDN.30_1","NAME_1":"SumateraBarat","NL_NAME_1":"NA","NAME_2":"Agam","VARNAME_2":"NA","NL_NAME_2":"NA","TYPE_2":"Kabupaten","ENGTYPE_2":"Regency","CC_2":"1307","HASC_2":"ID.SB.AG","Data Indek":"Sumatera Barat","Data Ind_1":3,"Data Ind_2":"(0)","Data Ind_3":6,"Data Ind_4":254.58,"Data Ind_5":98430,"Data Ind_6":7.51,"Data Ind_7":191,"Data Ind_8":99.56,"Data Ind_9":100,"Data Ind10":-0.58,"Data Ind11":"Rendah"}},
{"type":"Feature","geometry":{"type":"Polygon","coordinates":[[[100.377,-0.322],[100.3906,-0.3252],[100.3952,-0.3258],[100.4013,-0.3227],[100.4056,-0.318],[100.3985,-0.3071],[100.3966,-0.3066],[100.3975,-0.2966],[100.396,-0.2904],[100.3926,-0.2908],[100.3893,-0.285],[100.3846,-0.2829],[100.3816,-0.2852],[100.3748,-0.2865],[100.3685,-0.2811],[100.366,-0.2832],[100.3581,-0.2846],[100.3489,-0.2759],[100.3366,-0.2728],[100.3379,-0.2762],[100.3349,-0.2761],[100.3325,-0.2803],[100.3346,-0.2807],[100.334,-0.2831],[100.3361,-0.2838],[100.3357,-0.2853],[100.3416,-0.2919],[100.3428,-0.2975],[100.3454,-0.296],[100.3474,-0.3004],[100.3523,-0.3029],[100.355,-0.3024],[100.3587,-0.3063],[100.3597,-0.3105],[100.3647,-0.3121],[100.3647,-0.3163],[100.3709,-0.3223],[100.377,-0.322]]]},"properties":{"GID_2":"IDN.30.2_1","GID_0":"IDN","COUNTRY":"Indonesia","GID_1":"IDN.30_1","NAME_1":"SumateraBarat","NL_NAME_1":"NA","NAME_2":"Bukittinggi","VARNAME_2":"NA","NL_NAME_2":"NA","TYPE_2":"Kota","ENGTYPE_2":"City","CC_2":"1375","HASC_2":"ID.SB.BU","Data Indek":"Sumatera Barat","Data Ind_1":2,"Data Ind_2":"(0)","Data Ind_3":3.8,"Data Ind_4":5209.12,"Data Ind_5":20509,"Data Ind_6":0.03,"Data Ind_7":46,"Data Ind_8":100,"Data Ind_9":100,"Data Ind10":-0.43,"Data Ind11":"Sedang"}},
{"type":"Feature","geometry":{"type":"Polygon","coordinates":[[[100.5601,-0.6827],[100.5621,-0.691],[100.5691,-0.6969],[100.5835,-0.6984],[100.5961,-0.6921],[100.5987,-0.6858],[100.5973,-0.6792],[100.5949,-0.6783],[100.5901,-0.6674],[100.5851,-0.6433],[100.5799,-0.6302],[100.5729,-0.6194],[100.5711,-0.6014],[100.5675,-0.5987],[100.5675,-0.5919],[100.5603,-0.577],[100.5521,-0.5635],[100.5433,-0.5532],[100.5383,-0.5519],[100.537,-0.5494],[100.5347,-0.55],[100.5321,-0.5482],[100.5307,-0.5492],[100.5267,-0.5459],[100.5191,-0.5487],[100.5165,-0.5482],[100.5095,-0.5426],[100.5045,-0.5354],[100.5025,-0.5349],[100.5017,-0.5362],[100.4957,-0.5354],[100.4927,-0.538],[100.4879,-0.539],[100.4833,-0.5447],[100.4827,-0.5486],[100.4833,-0.5565],[100.4891,-0.5652],[100.4893,-0.5689],[100.4855,-0.5749],[100.4919,-0.5808],[100.4949,-0.5865],[100.4961,-0.5926],[100.4981,-0.5949],[100.4979,-0.6018],[100.5113,-0.62],[100.5153,-0.623],[100.5153,-0.6252],[100.5185,-0.6288],[100.5173,-0.6325],[100.5217,-0.6374],[100.5205,-0.639],[100.5229,-0.6404],[100.5249,-0.6453],[100.5397,-0.6534],[100.5425,-0.6588],[100.5409,-0.6595],[100.5403,-0.6635],[100.5439,-0.6681],[100.5459,-0.6693],[100.5541,-0.6666],[100.5615,-0.6719],[100.5635,-0.676],[100.5601,-0.6827]]]},"properties":{"GID_2":"IDN.30.3_1","GID_0":"IDN","COUNTRY":"Indonesia","GID_1":"IDN.30_1","NAME_1":"SumateraBarat","NL_NAME_1":"NA","NAME_2":"Danau","VARNAME_2":"NA","NL_NAME_2":"NA","TYPE_2":"WaterBody","ENGTYPE_2":"WaterBody","CC_2":"1388","HASC_2":"NA","Data Indek":"","Data Ind_1":null,"Data Ind_2":"","Data Ind_3":null,"Data Ind_4":null,"Data Ind_5":null,"Data Ind_6":null,"Data Ind_7":null,"Data Ind_8":null,"Data Ind_9":null,"Data Ind10":null,"Data Ind11":""}},
{"type":"Feature","geometry":{"type":"Polygon","coordinates":[[[101.4267,-1.677],[101.4308,-1.6816],[101.4313,-1.6888],[101.4382,-1.6958],[101.4473,-1.686],[101.4552,-1.6829],[101.4641,-1.6821],[101.4841,-1.6729],[101.4968,-1.6788],[101.5016,-1.6792],[101.5064,-1.6728],[101.51,-1.6559],[101.5189,-1.6439],[101.5215,-1.6372],[101.5276,-1.6302],[101.5322,-1.6185],[101.5491,-1.5963],[101.5616,-1.5911],[101.5705,-1.5772],[101.5817,-1.5774],[101.6046,-1.5626],[101.612,-1.5531],[101.6276,-1.5452],[101.6308,-1.5427],[101.6366,-1.5335],[101.65,-1.5226],[101.6527,-1.5183],[101.6618,-1.5155],[101.6648,-1.5116],[101.671,-1.508],[101.6718,-1.5009],[101.6883,-1.4771],[101.6953,-1.4641],[101.7056,-1.4532],[101.7236,-1.4387],[101.7239,-1.4353],[101.7178,-1.4186],[101.7048,-1.4137],[101.6968,-1.3941],[101.7004,-1.3887],[101.7227,-1.3666],[101.7246,-1.3617],[101.7218,-1.3482],[101.7142,-1.3363],[101.7085,-1.3206],[101.701,-1.309],[101.6953,-1.2913],[101.6973,-1.2866],[101.7149,-1.2635],[101.716,-1.2542],[101.7218,-1.2502],[101.7217,-1.2411],[101.7262,-1.2401],[101.7336,-1.2352],[101.7747,-1.2376],[101.7809,-1.2341],[101.7853,-1.2244],[101.7914,-1.2227],[101.7943,-1.22],[101.8138,-1.221],[101.8639,-1.1586],[101.8663,-1.1513],[101.8715,-1.1486],[101.876,-1.1403],[101.8843,-1.1359],[101.8851,-1.113],[101.8929,-1.1064],[101.8914,-1.1006],[101.884,-1.1021],[101.8814,-1.1008],[101.8789,-1.0938],[101.8764,-1.0931],[101.8725,-1.1047],[101.8678,-1.1111],[101.8651,-1.1119],[101.8602,-1.1089],[101.8536,-1.1002],[101.8492,-1.0995],[101.8455,-1.1017],[101.8465,-1.1105],[101.8409,-1.1123],[101.837,-1.1103],[101.8308,-1.1026],[101.8249,-1.0885],[101.8288,-1.0711],[101.8267,-1.0649],[101.8215,-1.0592],[101.8254,-1.0382],[101.822,-1.0311],[101.8273,-1.0074],[101.822,-1],[101.822,-0.9958],[101.8234,-0.9922],[101.8334,-0.9815],[101.8183,-0.9788],[101.815,-0.9757],[101.7987,-0.9684],[101.7927,-0.9713],[101.7837,-0.9695],[101.7736,-0.97],[101.7627,-0.9757],[101.7557,-0.9749],[101.7339,-0.9568],[101.7254,-0.9552],[101.7207,-0.9561],[101.7144,-0.9481],[101.7037,-0.9471],[101.6903,-0.9419],[101.6895,-0.9401],[101.7139,-0.9003],[101.7126,-0.8718],[101.6937,-0.8717],[101.6886,-0.8702],[101.6839,-0.8663],[101.6787,-0.8577],[101.6694,-0.8353],[101.6654,-0.8351],[101.659,-0.8304],[101.6559,-0.8307],[101.6443,-0.8255],[101.6413,-0.8294],[101.6368,-0.83],[101.6362,-0.833],[101.6259,-0.8332],[101.6199,-0.8313],[101.6158,-0.8378],[101.6048,-0.8405],[101.5976,-0.8475],[101.5939,-0.8484],[101.5837,-0.8407],[101.5712,-0.8378],[101.5656,-0.8341],[101.5582,-0.8345],[101.5512,-0.828],[101.5487,-0.8233],[101.537,-0.816],[101.5236,-0.8116],[101.5,-0.8093],[101.495,-0.8055],[101.486,-0.8204],[101.4821,-0.8244],[101.4723,-0.8269],[101.4672,-0.8367],[101.464,-0.8397],[101.4612,-0.84],[101.4569,-0.8355],[101.4525,-0.8334],[101.4397,-0.8403],[101.4369,-0.8503],[101.4322,-0.8523],[101.43,-0.8572],[101.4328,-0.8666],[101.4265,-0.8655],[101.4216,-0.8808],[101.4157,-0.8848],[101.4088,-0.885],[101.4058,-0.888],[101.4057,-0.8897],[101.4086,-0.8927],[101.4126,-0.894],[101.4143,-0.8973],[101.4134,-0.9062],[101.4148,-0.9128],[101.4143,-0.9147],[101.409,-0.9173],[101.41,-0.9211],[101.4112,-0.9225],[101.425,-0.923],[101.4288,-0.928],[101.4271,-0.9318],[101.4076,-0.9312],[101.3993,-0.9389],[101.3942,-0.9413],[101.3867,-0.9395],[101.3839,-0.9361],[101.3752,-0.9396],[101.3704,-0.9362],[101.3608,-0.9377],[101.3559,-0.9262],[101.3535,-0.9235],[101.3516,-0.9237],[101.3494,-0.9252],[101.3488,-0.9284],[101.3535,-0.9395],[101.3531,-0.9478],[101.3441,-0.9511],[101.3436,-0.9555],[101.3379,-0.9584],[101.3345,-0.9506],[101.3322,-0.9491],[101.3157,-0.9525],[101.2734,-0.9496],[101.2627,-0.941],[101.2612,-0.9413],[101.2492,-0.9336],[101.2414,-0.9325],[101.2394,-0.9299],[101.2366,-0.9293],[101.2326,-0.931],[101.2244,-0.9275],[101.2141,-0.9183],[101.2095,-0.9123],[101.209,-0.9088],[101.1943,-0.9059],[101.1914,-0.9138],[101.1885,-0.9161],[101.1917,-0.922],[101.1932,-0.9328],[101.1914,-0.9378],[101.1882,-0.9407],[101.1872,-0.9507],[101.1954,-0.9522],[101.1965,-0.9607],[101.2026,-0.978],[101.1882,-0.9875],[101.1866,-0.9944],[101.1905,-1.0044],[101.1887,-1.013],[101.1816,-1.0286],[101.1779,-1.0325],[101.1679,-1.0333],[101.1625,-1.031],[101.1457,-1.0349],[101.1615,-1.0568],[101.1623,-1.0591],[101.1602,-1.0673],[101.1685,-1.0873],[101.1683,-1.1021],[101.1823,-1.1028],[101.1956,-1.1079],[101.2063,-1.1214],[101.2147,-1.135],[101.2323,-1.1511],[101.2367,-1.1513],[101.2412,-1.1483],[101.2498,-1.1473],[101.2612,-1.1407],[101.2769,-1.1462],[101.2872,-1.1414],[101.3081,-1.1457],[101.3238,-1.1408],[101.3348,-1.134],[101.3444,-1.1352],[101.3507,-1.1315],[101.3441,-1.1158],[101.3418,-1.1021],[101.344,-1.0945],[101.3404,-1.0859],[101.3395,-1.0792],[101.3431,-1.0678],[101.3479,-1.0617],[101.3427,-1.0488],[101.3435,-1.0447],[101.3601,-1.0415],[101.3708,-1.0476],[101.375,-1.0481],[101.3858,-1.0441],[101.3897,-1.0441],[101.4049,-1.0377],[101.4093,-1.032],[101.4165,-1.0277],[101.4203,-1.0195],[101.4225,-1.0081],[101.425,-1.0061],[101.4294,-1.0048],[101.4492,-1.0093],[101.4558,-1.015],[101.4552,-1.0227],[101.4592,-1.0322],[101.4565,-1.0363],[101.455,-1.0436],[101.4489,-1.0471],[101.4473,-1.0508],[101.4405,-1.0575],[101.4394,-1.0648],[101.442,-1.0795],[101.4405,-1.0871],[101.4356,-1.0983],[101.4143,-1.122],[101.4115,-1.1349],[101.4039,-1.1488],[101.403,-1.159],[101.4081,-1.1719],[101.4088,-1.1804],[101.4193,-1.1942],[101.4348,-1.2079],[101.4478,-1.2095],[101.4502,-1.2115],[101.4448,-1.2198],[101.4473,-1.2304],[101.4473,-1.2412],[101.4519,-1.251],[101.4665,-1.2597],[101.4684,-1.2679],[101.4676,-1.2824],[101.4991,-1.2969],[101.5238,-1.304],[101.5244,-1.3086],[101.5171,-1.3221],[101.5135,-1.336],[101.5145,-1.3383],[101.5422,-1.3339],[101.5493,-1.3256],[101.586,-1.326],[101.6005,-1.3449],[101.6068,-1.3496],[101.6347,-1.3655],[101.6444,-1.367],[101.65,-1.3696],[101.6709,-1.3886],[101.6709,-1.3907],[101.6647,-1.3917],[101.6583,-1.3984],[101.6385,-1.403],[101.6351,-1.4082],[101.6269,-1.411],[101.6247,-1.4131],[101.6237,-1.4186],[101.6148,-1.4244],[101.6119,-1.4317],[101.6073,-1.4375],[101.5974,-1.4414],[101.5927,-1.4409],[101.5794,-1.4478],[101.573,-1.447],[101.5687,-1.4446],[101.565,-1.4466],[101.5626,-1.4445],[101.5595,-1.4447],[101.5549,-1.4557],[101.5556,-1.4629],[101.5426,-1.4745],[101.5342,-1.4844],[101.5257,-1.4857],[101.5284,-1.4968],[101.5341,-1.5052],[101.5387,-1.5084],[101.5392,-1.5132],[101.5322,-1.5219],[101.5275,-1.5239],[101.5242,-1.5277],[101.5216,-1.5373],[101.5167,-1.54],[101.5155,-1.5438],[101.5164,-1.5541],[101.5094,-1.5663],[101.5078,-1.5732],[101.4987,-1.5771],[101.4888,-1.5788],[101.4745,-1.5908],[101.4646,-1.6013],[101.4529,-1.6178],[101.4401,-1.6283],[101.4322,-1.64],[101.4293,-1.6532],[101.4287,-1.6702],[101.4267,-1.677]]]},"properties":{"GID_2":"IDN.30.4_1","GID_0":"IDN","COUNTRY":"Indonesia","GID_1":"IDN.30_1","NAME_1":"SumateraBarat","NL_NAME_1":"NA","NAME_2":"Dharmasraya","VARNAME_2":"NA","NL_NAME_2":"NA","TYPE_2":"Kabupaten","ENGTYPE_2":"Regency","CC_2":"1311","HASC_2":"ID.SB.DH","Data Indek":"Sumatera Barat","Data Ind_1":4,"Data Ind_2":"(0)","Data Ind_3":4.6,"Data Ind_4":84.94,"Data Ind_5":35169,"Data Ind_6":30.65,"Data Ind_7":83,"Data Ind_8":99.96,"Data Ind_9":88.46,"Data Ind10":-0.23,"Data Ind11":"Sedang"}},
{"type":"Feature","geometry":{"type":"MultiPolygon","coordinates":[[[[100.3405,-3.2837],[100.3314,-3.2833],[100.3302,-3.2878],[100.3335,-3.2931],[100.3382,-3.2962],[100.3379,-3.2939],[100.3464,-3.2947],[100.3488,-3.2907],[100.3475,-3.2958],[100.3448,-3.2956],[100.3454,-3.2967],[100.3473,-3.2964],[100.3487,-3.2944],[100.3493,-3.2909],[100.3405,-3.2837]]],[[[100.444,-3.2708],[100.4463,-3.2704],[100.4441,-3.2662],[100.4441,-3.262],[100.4383,-3.2573],[100.4387,-3.266],[100.4411,-3.2704],[100.444,-3.2708]]],[[[100.4299,-3.2451],[100.4306,-3.2456],[100.4311,-3.2452],[100.4304,-3.2443],[100.4299,-3.2451]]],[[[100.4184,-3.2349],[100.4181,-3.2349],[100.4181,-3.2352],[100.4184,-3.2352],[100.4184,-3.2349]]],[[[100.4618,-3.291],[100.4628,-3.2924],[100.4639,-3.2911],[100.4631,-3.2872],[100.4609,-3.2858],[100.4581,-3.2866],[100.4595,-3.2891],[100.4618,-3.291]]],[[[100.5662,-3.2737],[100.5696,-3.2751],[100.5726,-3.2719],[100.5722,-3.2618],[100.5693,-3.2566],[100.5664,-3.2588],[100.5662,-3.2737]]],[[[100.5274,-3.2482],[100.531,-3.2507],[100.5335,-3.247],[100.5313,-3.2371],[100.5296,-3.2374],[100.5269,-3.2434],[100.5274,-3.2482]]],[[[100.492,-3.2316],[100.4915,-3.232],[100.4928,-3.2316],[100.4927,-3.2312],[100.492,-3.2316]]],[[[100.4908,-3.2295],[100.4908,-3.229],[100.4901,-3.2291],[100.4902,-3.2294],[100.4908,-3.2295]]],[[[100.4915,-3.2294],[100.494,-3.2301],[100.4945,-3.2283],[100.4921,-3.218],[100.4834,-3.2109],[100.4815,-3.2158],[100.4915,-3.2294]]],[[[100.4571,-3.2181],[100.4573,-3.2185],[100.4579,-3.2186],[100.4576,-3.2181],[100.4571,-3.2181]]],[[[100.4639,-3.211],[100.4633,-3.209],[100.4589,-3.2094],[100.4607,-3.2174],[100.4658,-3.2227],[100.4687,-3.2228],[100.4672,-3.2158],[100.4639,-3.211]]],[[[100.4139,-3.2231],[100.4136,-3.225],[100.4126,-3.2221],[100.4113,-3.2222],[100.4094,-3.2249],[100.4155,-3.2323],[100.4222,-3.2371],[100.4247,-3.2354],[100.4269,-3.2361],[100.4229,-3.2303],[100.4218,-3.225],[100.4192,-3.2252],[100.4151,-3.2222],[100.4139,-3.2231]]],[[[100.3986,-3.2214],[100.3992,-3.2217],[100.3997,-3.2217],[100.399,-3.2206],[100.3986,-3.2214]]],[[[100.3513,-3.2191],[100.3456,-3.2175],[100.3476,-3.2243],[100.35,-3.2247],[100.3491,-3.2228],[100.3526,-3.2236],[100.3513,-3.2191]]],[[[100.4048,-3.2014],[100.4018,-3.2024],[100.3989,-3.2008],[100.3957,-3.2034],[100.3985,-3.2101],[100.3991,-3.2164],[100.4069,-3.2201],[100.4099,-3.2186],[100.4122,-3.2127],[100.4094,-3.2038],[100.4048,-3.2014]]],[[[100.5105,-3.2064],[100.5107,-3.207],[100.5113,-3.2069],[100.5111,-3.2062],[100.5105,-3.2064]]],[[[100.4994,-3.2048],[100.5002,-3.2061],[100.5011,-3.1988],[100.4989,-3.2015],[100.4994,-3.2048]]],[[[100.5294,-3.2016],[100.5253,-3.2003],[100.5244,-3.2008],[100.525,-3.202],[100.5294,-3.2016]]],[[[100.4936,-3.1972],[100.4939,-3.1982],[100.4951,-3.1974],[100.4943,-3.1967],[100.4936,-3.1972]]],[[[100.4557,-3.2064],[100.4537,-3.2053],[100.4515,-3.2068],[100.4518,-3.2101],[100.4541,-3.212],[100.4571,-3.2105],[100.4557,-3.2064]]],[[[100.4667,-3.3487],[100.4722,-3.3483],[100.4726,-3.3433],[100.4771,-3.3417],[100.4785,-3.3395],[100.4776,-3.3337],[100.4694,-3.3248],[100.4711,-3.3194],[100.4705,-3.3148],[100.4683,-3.312],[100.4575,-3.3072],[100.4565,-3.2999],[100.4444,-3.2831],[100.4379,-3.2797],[100.4327,-3.28],[100.4311,-3.272],[100.4321,-3.2675],[100.4292,-3.2577],[100.4249,-3.2539],[100.415,-3.249],[100.4135,-3.2455],[100.4113,-3.2449],[100.4074,-3.2325],[100.4019,-3.2254],[100.3987,-3.2246],[100.3958,-3.2267],[100.397,-3.2236],[100.3953,-3.2204],[100.3974,-3.2186],[100.3932,-3.2148],[100.3927,-3.2085],[100.3871,-3.1981],[100.3906,-3.1988],[100.3897,-3.1955],[100.3736,-3.1796],[100.3754,-3.1795],[100.3894,-3.1905],[100.3922,-3.1973],[100.3973,-3.1991],[100.4011,-3.1975],[100.4025,-3.1988],[100.405,-3.1942],[100.4085,-3.1965],[100.4097,-3.1935],[100.4054,-3.193],[100.4038,-3.1841],[100.3956,-3.1743],[100.3927,-3.1726],[100.3853,-3.1734],[100.38,-3.1721],[100.3802,-3.1699],[100.3778,-3.1687],[100.3748,-3.1704],[100.3695,-3.1692],[100.3663,-3.171],[100.3591,-3.1635],[100.3644,-3.1675],[100.3658,-3.1657],[100.3637,-3.1636],[100.3647,-3.1622],[100.3772,-3.1642],[100.3803,-3.1623],[100.3836,-3.157],[100.386,-3.1599],[100.3908,-3.1608],[100.3875,-3.1554],[100.3918,-3.1505],[100.4007,-3.156],[100.407,-3.1535],[100.4114,-3.1564],[100.4182,-3.1523],[100.4233,-3.1561],[100.4256,-3.1527],[100.4241,-3.1482],[100.4257,-3.1476],[100.427,-3.1432],[100.4302,-3.1475],[100.434,-3.1495],[100.4431,-3.1513],[100.4451,-3.1469],[100.4489,-3.1453],[100.4529,-3.1475],[100.4643,-3.1464],[100.4702,-3.1439],[100.4723,-3.1278],[100.4661,-3.1228],[100.4623,-3.1232],[100.4621,-3.1218],[100.4595,-3.1227],[100.4582,-3.1214],[100.4567,-3.1133],[100.4574,-3.1079],[100.4611,-3.1085],[100.4626,-3.1066],[100.4611,-3.1023],[100.4559,-3.1012],[100.4592,-3.1002],[100.4611,-3.0944],[100.4627,-3.0845],[100.4619,-3.0786],[100.4637,-3.0762],[100.4619,-3.0738],[100.4639,-3.0705],[100.4682,-3.0679],[100.4687,-3.0635],[100.4652,-3.0574],[100.4677,-3.0534],[100.4664,-3.0475],[100.4684,-3.0437],[100.4651,-3.0393],[100.4638,-3.0398],[100.4624,-3.0496],[100.4604,-3.0519],[100.4576,-3.0511],[100.4559,-3.0473],[100.4546,-3.0478],[100.4542,-3.045],[100.4509,-3.0447],[100.4516,-3.0414],[100.4502,-3.0424],[100.4529,-3.0354],[100.4516,-3.0355],[100.4472,-3.0285],[100.4461,-3.0225],[100.4494,-3.0189],[100.4508,-3.021],[100.4495,-3.0198],[100.4486,-3.0218],[100.452,-3.0231],[100.4502,-3.0243],[100.4531,-3.0286],[100.4544,-3.0271],[100.4578,-3.0278],[100.456,-3.026],[100.454,-3.0266],[100.4549,-3.0226],[100.4523,-3.0223],[100.455,-3.0209],[100.4528,-3.0186],[100.4531,-3.0158],[100.4587,-3.0228],[100.4591,-3.0269],[100.4572,-3.0288],[100.4586,-3.0332],[100.4618,-3.0346],[100.4632,-3.0339],[100.4629,-3.0298],[100.4682,-3.0275],[100.4651,-3.0242],[100.4682,-3.0228],[100.4686,-3.0196],[100.4655,-3.0192],[100.4643,-3.0249],[100.4615,-3.025],[100.4604,-3.0203],[100.4617,-3.0188],[100.4589,-3.018],[100.458,-3.0152],[100.455,-3.0139],[100.4561,-3.0129],[100.4551,-3.0103],[100.429,-3.0033],[100.4295,-3.0002],[100.4275,-3.0009],[100.4252,-2.9976],[100.4257,-2.9962],[100.4271,-2.9979],[100.4285,-2.9968],[100.4286,-2.9935],[100.424,-2.9862],[100.4244,-2.9843],[100.4214,-2.9839],[100.4193,-2.9811],[100.4198,-2.9772],[100.4222,-2.9759],[100.4216,-2.9742],[100.416,-2.9695],[100.4045,-2.9663],[100.3945,-2.9571],[100.3916,-2.9478],[100.3876,-2.9467],[100.3845,-2.9425],[100.382,-2.9335],[100.3717,-2.9272],[100.3654,-2.9174],[100.3591,-2.9132],[100.3561,-2.9082],[100.3549,-2.9016],[100.3495,-2.8985],[100.3465,-2.8943],[100.3439,-2.8949],[100.3397,-2.8932],[100.3373,-2.8886],[100.3286,-2.8812],[100.323,-2.8806],[100.3101,-2.874],[100.294,-2.8514],[100.2894,-2.8522],[100.2883,-2.8542],[100.2836,-2.8531],[100.2824,-2.8504],[100.2852,-2.8486],[100.2855,-2.8459],[100.284,-2.8443],[100.278,-2.8446],[100.2753,-2.8476],[100.2742,-2.8464],[100.2755,-2.8417],[100.2691,-2.8439],[100.2671,-2.8429],[100.2661,-2.8409],[100.2672,-2.838],[100.2709,-2.8363],[100.2686,-2.8334],[100.2662,-2.8343],[100.2651,-2.8319],[100.2671,-2.8314],[100.2612,-2.8252],[100.2639,-2.8254],[100.2621,-2.823],[100.2639,-2.8226],[100.2629,-2.8207],[100.2649,-2.8183],[100.2602,-2.8191],[100.2627,-2.8165],[100.2643,-2.817],[100.2634,-2.8153],[100.2647,-2.8147],[100.2603,-2.8134],[100.2599,-2.8104],[100.2588,-2.8105],[100.2605,-2.8165],[100.2591,-2.8191],[100.2576,-2.8149],[100.2592,-2.8149],[100.2586,-2.8135],[100.2574,-2.8132],[100.2549,-2.8165],[100.2563,-2.8133],[100.2546,-2.8119],[100.2534,-2.8134],[100.2543,-2.8155],[100.2511,-2.8145],[100.2504,-2.8111],[100.2552,-2.8087],[100.2549,-2.8066],[100.2573,-2.8047],[100.257,-2.8014],[100.2549,-2.8028],[100.2545,-2.807],[100.2497,-2.8068],[100.252,-2.8017],[100.2507,-2.8008],[100.2531,-2.8002],[100.2526,-2.7987],[100.2452,-2.7969],[100.2402,-2.7989],[100.2422,-2.7933],[100.2413,-2.7896],[100.2362,-2.7844],[100.2322,-2.7833],[100.2273,-2.7851],[100.2235,-2.7825],[100.2208,-2.7881],[100.2151,-2.7852],[100.204,-2.7869],[100.2007,-2.7853],[100.1971,-2.7882],[100.1993,-2.7931],[100.1926,-2.7938],[100.1909,-2.7955],[100.1906,-2.7901],[100.1859,-2.794],[100.1818,-2.794],[100.1772,-2.7978],[100.1755,-2.8025],[100.1749,-2.8133],[100.1776,-2.815],[100.1829,-2.8247],[100.1844,-2.835],[100.1785,-2.8417],[100.1833,-2.8432],[100.1818,-2.8469],[100.1829,-2.8499],[100.1887,-2.8527],[100.1943,-2.8705],[100.1948,-2.8769],[100.1926,-2.8808],[100.1962,-2.8855],[100.1959,-2.8947],[100.1901,-2.9052],[100.197,-2.916],[100.2015,-2.9344],[100.2,-2.9403],[100.1961,-2.9406],[100.1963,-2.9439],[100.1908,-2.9435],[100.1907,-2.9456],[100.1934,-2.9472],[100.1938,-2.9495],[100.1903,-2.9559],[100.1883,-2.9568],[100.1842,-2.9543],[100.1821,-2.9549],[100.1829,-2.9595],[100.1797,-2.962],[100.1805,-2.9657],[100.1876,-2.9688],[100.1908,-2.9721],[100.1896,-2.9846],[100.1865,-2.989],[100.1944,-2.9978],[100.1975,-2.9944],[100.2011,-2.9963],[100.2009,-3.0028],[100.2049,-3.003],[100.2045,-3.0077],[100.206,-3.0103],[100.2079,-3.0096],[100.2119,-3.012],[100.2129,-3.0145],[100.2111,-3.018],[100.2139,-3.022],[100.218,-3.0235],[100.2207,-3.0212],[100.223,-3.023],[100.2234,-3.0249],[100.2188,-3.0287],[100.222,-3.0358],[100.2271,-3.0366],[100.2293,-3.0355],[100.2305,-3.0367],[100.2274,-3.0403],[100.2291,-3.045],[100.228,-3.0484],[100.2314,-3.0571],[100.2349,-3.0567],[100.2376,-3.0516],[100.2428,-3.049],[100.2459,-3.0438],[100.2487,-3.0432],[100.2545,-3.0493],[100.2556,-3.0558],[100.2497,-3.0573],[100.2478,-3.0597],[100.2481,-3.0623],[100.2513,-3.0641],[100.2524,-3.0622],[100.2586,-3.0598],[100.2613,-3.0622],[100.2621,-3.0677],[100.2499,-3.0733],[100.247,-3.0731],[100.2469,-3.0807],[100.2634,-3.0909],[100.2681,-3.0899],[100.2672,-3.0807],[100.2711,-3.0772],[100.2787,-3.0768],[100.283,-3.0804],[100.2877,-3.0796],[100.2937,-3.0818],[100.3011,-3.0879],[100.3116,-3.1027],[100.3116,-3.1067],[100.3071,-3.1094],[100.3075,-3.1141],[100.3098,-3.1145],[100.3124,-3.119],[100.3189,-3.118],[100.3236,-3.1193],[100.322,-3.1263],[100.3315,-3.131],[100.3316,-3.1401],[100.3394,-3.1408],[100.3387,-3.1428],[100.3345,-3.1439],[100.3332,-3.1474],[100.335,-3.151],[100.3345,-3.1559],[100.3389,-3.1576],[100.3395,-3.163],[100.3359,-3.1662],[100.3298,-3.1671],[100.3246,-3.1705],[100.3272,-3.1758],[100.3267,-3.1782],[100.3345,-3.1892],[100.3403,-3.1912],[100.3408,-3.1928],[100.3376,-3.1944],[100.3392,-3.2013],[100.3428,-3.202],[100.3473,-3.2094],[100.3524,-3.2123],[100.3521,-3.2149],[100.3568,-3.2213],[100.363,-3.2221],[100.3686,-3.2267],[100.3662,-3.2306],[100.361,-3.2275],[100.3554,-3.2311],[100.3456,-3.2272],[100.3439,-3.2292],[100.3419,-3.2254],[100.3403,-3.2256],[100.3408,-3.2207],[100.3381,-3.2163],[100.3289,-3.2079],[100.3244,-3.2074],[100.3239,-3.2104],[100.3278,-3.2214],[100.3254,-3.2246],[100.3254,-3.2288],[100.3306,-3.2317],[100.336,-3.2319],[100.3338,-3.2342],[100.3351,-3.2404],[100.3336,-3.2427],[100.3365,-3.2466],[100.3426,-3.2483],[100.3445,-3.2454],[100.3539,-3.2437],[100.3682,-3.2486],[100.3773,-3.2538],[100.3827,-3.2598],[100.381,-3.2638],[100.3774,-3.2648],[100.3789,-3.2738],[100.3809,-3.2771],[100.3797,-3.2809],[100.3773,-3.2825],[100.3802,-3.2875],[100.395,-3.2974],[100.3989,-3.297],[100.4017,-3.2995],[100.4067,-3.3002],[100.4086,-3.3038],[100.417,-3.308],[100.4209,-3.3149],[100.4197,-3.3173],[100.4203,-3.3232],[100.4333,-3.3321],[100.4399,-3.3444],[100.4448,-3.3472],[100.4587,-3.35],[100.4667,-3.3487]]],[[[100.4557,-3.1894],[100.4555,-3.189],[100.4552,-3.1899],[100.4554,-3.1899],[100.4557,-3.1894]]],[[[100.406,-3.1773],[100.4055,-3.1768],[100.4035,-3.1771],[100.4045,-3.1782],[100.406,-3.1773]]],[[[100.5334,-3.1978],[100.5328,-3.1961],[100.5317,-3.1964],[100.5317,-3.1968],[100.5334,-3.1978]]],[[[100.4977,-3.1955],[100.4977,-3.196],[100.4978,-3.1961],[100.498,-3.1956],[100.4977,-3.1955]]],[[[100.4976,-3.1954],[100.4973,-3.1951],[100.4966,-3.1953],[100.4968,-3.1956],[100.4976,-3.1954]]],[[[100.5298,-3.1935],[100.5302,-3.1941],[100.5307,-3.1942],[100.5305,-3.1933],[100.5298,-3.1935]]],[[[100.4114,-3.1753],[100.4111,-3.1742],[100.4091,-3.1752],[100.4115,-3.1776],[100.4117,-3.1774],[100.4114,-3.1753]]],[[[100.3729,-3.167],[100.3734,-3.1678],[100.374,-3.1674],[100.3735,-3.1668],[100.3729,-3.167]]],[[[100.4033,-3.1687],[100.4006,-3.1642],[100.3989,-3.1645],[100.4021,-3.1693],[100.4033,-3.1687]]],[[[100.4852,-3.1908],[100.4825,-3.191],[100.484,-3.194],[100.4852,-3.1933],[100.4852,-3.1908]]],[[[100.4561,-3.1888],[100.4562,-3.1885],[100.4571,-3.1877],[100.4557,-3.1875],[100.4561,-3.1888]]],[[[100.489,-3.1836],[100.4882,-3.1822],[100.4861,-3.1819],[100.488,-3.1825],[100.489,-3.1836]]],[[[100.4946,-3.1415],[100.4894,-3.1413],[100.4873,-3.144],[100.4859,-3.1483],[100.4877,-3.152],[100.4855,-3.1533],[100.4845,-3.157],[100.4884,-3.1661],[100.4859,-3.1668],[100.4839,-3.1713],[100.4901,-3.1757],[100.4916,-3.1847],[100.4963,-3.187],[100.5035,-3.1992],[100.5092,-3.2022],[100.5116,-3.1973],[100.5161,-3.1954],[100.5199,-3.1955],[100.5264,-3.1998],[100.5312,-3.1997],[100.5321,-3.1973],[100.5313,-3.1971],[100.5289,-3.1935],[100.5245,-3.1938],[100.5201,-3.1903],[100.5184,-3.1836],[100.5078,-3.1794],[100.5088,-3.1685],[100.5039,-3.1677],[100.5023,-3.1665],[100.5032,-3.165],[100.4982,-3.1628],[100.499,-3.1614],[100.5008,-3.1627],[100.5025,-3.1605],[100.5012,-3.1492],[100.4996,-3.1454],[100.4946,-3.1415]]],[[[100.4259,-3.164],[100.4254,-3.1642],[100.4254,-3.1643],[100.4263,-3.1639],[100.4259,-3.164]]],[[[100.3958,-3.1645],[100.3969,-3.1658],[100.3967,-3.162],[100.3956,-3.1624],[100.3958,-3.1645]]],[[[100.3863,-3.162],[100.3862,-3.1625],[100.3867,-3.1626],[100.3867,-3.1622],[100.3863,-3.162]]],[[[100.3911,-3.1565],[100.3911,-3.1569],[100.3916,-3.157],[100.3914,-3.1565],[100.3911,-3.1565]]],[[[100.4401,-3.1564],[100.4404,-3.1569],[100.4411,-3.1569],[100.4406,-3.156],[100.4401,-3.1564]]],[[[100.438,-3.1562],[100.4379,-3.1569],[100.4384,-3.157],[100.4388,-3.1559],[100.438,-3.1562]]],[[[100.455,-3.0433],[100.4551,-3.0442],[100.4559,-3.0423],[100.4552,-3.0424],[100.455,-3.0433]]],[[[100.4564,-3.0366],[100.456,-3.0355],[100.4554,-3.0355],[100.4552,-3.037],[100.4564,-3.0366]]],[[[100.4726,-3.0829],[100.47,-3.0828],[100.4697,-3.0876],[100.4763,-3.0914],[100.4767,-3.0883],[100.4726,-3.0829]]],[[[100.4565,-3.0469],[100.4563,-3.0474],[100.4566,-3.0476],[100.4569,-3.0468],[100.4565,-3.0469]]],[[[100.4603,-3.0396],[100.4615,-3.0388],[100.4597,-3.0367],[100.4574,-3.0382],[100.4591,-3.0395],[100.4578,-3.0402],[100.4581,-3.0455],[100.4598,-3.0466],[100.4585,-3.0494],[100.4619,-3.0469],[100.4622,-3.0424],[100.4603,-3.0396]]],[[[100.3005,-3.2098],[100.3,-3.208],[100.2956,-3.2068],[100.2935,-3.211],[100.2946,-3.2133],[100.2993,-3.216],[100.3016,-3.2146],[100.3005,-3.2098]]],[[[100.3079,-3.1254],[100.304,-3.1221],[100.2944,-3.1223],[100.3022,-3.1376],[100.3043,-3.1372],[100.3072,-3.1398],[100.3104,-3.1376],[100.3112,-3.129],[100.3079,-3.1254]]],[[[100.2402,-3.1213],[100.238,-3.1212],[100.242,-3.1264],[100.2457,-3.1279],[100.2463,-3.1263],[100.2402,-3.1213]]],[[[100.2337,-3.1173],[100.2281,-3.1165],[100.2272,-3.1183],[100.2369,-3.1207],[100.2337,-3.1173]]],[[[100.2275,-3.1164],[100.2267,-3.1159],[100.2261,-3.1164],[100.2266,-3.1168],[100.2275,-3.1164]]],[[[100.2449,-3.0676],[100.2454,-3.0654],[100.2429,-3.0655],[100.2423,-3.0694],[100.2441,-3.0691],[100.2449,-3.0676]]],[[[100.1766,-3.054],[100.1719,-3.0543],[100.1698,-3.0581],[100.1702,-3.0619],[100.1774,-3.069],[100.181,-3.0755],[100.1864,-3.0781],[100.1908,-3.0766],[100.1924,-3.0743],[100.1906,-3.0683],[100.1927,-3.0674],[100.195,-3.0696],[100.1963,-3.0689],[100.1976,-3.0659],[100.1964,-3.0632],[100.1934,-3.059],[100.186,-3.058],[100.1817,-3.0548],[100.1766,-3.054]]],[[[100.2097,-3.0477],[100.2103,-3.0484],[100.2107,-3.0484],[100.2107,-3.0474],[100.2097,-3.0477]]],[[[100.1566,-3.0112],[100.1471,-3.0061],[100.1445,-3.0083],[100.145,-3.0169],[100.1485,-3.0251],[100.1529,-3.0275],[100.1568,-3.0201],[100.1566,-3.0112]]],[[[100.1636,-3.0065],[100.1595,-3.0067],[100.1602,-3.0101],[100.1681,-3.0116],[100.1685,-3.009],[100.1636,-3.0065]]],[[[100.169,-2.8759],[100.1624,-2.8714],[100.1605,-2.8726],[100.1595,-2.8774],[100.1652,-2.884],[100.1675,-2.8846],[100.1701,-2.8817],[100.169,-2.8759]]],[[[100.146,-2.8479],[100.1441,-2.8467],[100.1403,-2.8474],[100.1343,-2.8519],[100.131,-2.8521],[100.1311,-2.8569],[100.1401,-2.8595],[100.1437,-2.8625],[100.1497,-2.8616],[100.1512,-2.8591],[100.1502,-2.8511],[100.146,-2.8479]]],[[[100.1808,-2.8865],[100.18,-2.8849],[100.1773,-2.8852],[100.173,-2.889],[100.1753,-2.894],[100.1769,-2.8945],[100.1813,-2.892],[100.1808,-2.8865]]],[[[100.1745,-2.8332],[100.1746,-2.8346],[100.1758,-2.832],[100.1752,-2.8322],[100.1745,-2.8332]]],[[[100.4539,-3.0338],[100.4545,-3.0324],[100.4525,-3.0308],[100.4517,-3.0328],[100.4539,-3.0338]]],[[[100.2747,-2.8317],[100.2739,-2.8306],[100.2723,-2.8307],[100.2727,-2.8323],[100.2747,-2.8317]]],[[[100.2823,-2.831],[100.2802,-2.8253],[100.2801,-2.8334],[100.2826,-2.8327],[100.2823,-2.831]]],[[[100.2642,-2.8269],[100.2645,-2.8275],[100.2651,-2.8274],[100.2648,-2.8267],[100.2642,-2.8269]]],[[[100.2755,-2.8265],[100.2754,-2.8272],[100.276,-2.8275],[100.2764,-2.8267],[100.2755,-2.8265]]],[[[100.2717,-2.8189],[100.2684,-2.8174],[100.2657,-2.8195],[100.2643,-2.8233],[100.2644,-2.8249],[100.2664,-2.8251],[100.2655,-2.8266],[100.2674,-2.8289],[100.2692,-2.828],[100.2683,-2.83],[100.2704,-2.8311],[100.2718,-2.828],[100.2701,-2.8254],[100.2735,-2.8233],[100.2725,-2.8226],[100.2735,-2.8198],[100.2717,-2.8189]]],[[[100.2558,-2.8094],[100.2553,-2.8094],[100.2556,-2.8102],[100.2561,-2.8097],[100.2558,-2.8094]]],[[[100.2556,-2.8071],[100.2561,-2.8079],[100.2574,-2.8077],[100.2572,-2.8068],[100.2556,-2.8071]]],[[[100.1685,-2.8287],[100.1718,-2.8296],[100.176,-2.8265],[100.1735,-2.8208],[100.1704,-2.8208],[100.168,-2.8227],[100.1685,-2.8287]]],[[[100.1651,-2.8196],[100.1677,-2.8205],[100.1699,-2.8103],[100.1627,-2.814],[100.1651,-2.8196]]],[[[100.109,-2.8366],[100.1182,-2.8378],[100.1247,-2.8341],[100.1305,-2.8373],[100.133,-2.8326],[100.1374,-2.8371],[100.1398,-2.837],[100.1407,-2.8398],[100.1443,-2.8401],[100.1474,-2.838],[100.1474,-2.8363],[100.1435,-2.8259],[100.14,-2.8232],[100.1397,-2.816],[100.1381,-2.8141],[100.1413,-2.8081],[100.1476,-2.8035],[100.1558,-2.8012],[100.1634,-2.7939],[100.1667,-2.7935],[100.1723,-2.7891],[100.1745,-2.7896],[100.1838,-2.7858],[100.1861,-2.7833],[100.19,-2.7854],[100.1933,-2.7844],[100.1951,-2.7816],[100.1934,-2.7776],[100.1965,-2.775],[100.2052,-2.7764],[100.2085,-2.7789],[100.2163,-2.7759],[100.2179,-2.7713],[100.2168,-2.7648],[100.2181,-2.7567],[100.2216,-2.7514],[100.2185,-2.7374],[100.2123,-2.7254],[100.2065,-2.7223],[100.2026,-2.7168],[100.1994,-2.6994],[100.1936,-2.6936],[100.1908,-2.6861],[100.1799,-2.6677],[100.1773,-2.6552],[100.1721,-2.6477],[100.1644,-2.6433],[100.1479,-2.639],[100.1438,-2.636],[100.1414,-2.6314],[100.1284,-2.6241],[100.1254,-2.6193],[100.1165,-2.6145],[100.1116,-2.6089],[100.1089,-2.603],[100.1,-2.5952],[100.0983,-2.5886],[100.0946,-2.5906],[100.09,-2.5905],[100.0822,-2.5841],[100.0709,-2.5799],[100.0638,-2.5724],[100.0597,-2.5704],[100.0603,-2.5686],[100.0584,-2.5688],[100.0557,-2.5649],[100.0524,-2.5636],[100.0519,-2.5607],[100.0484,-2.5584],[100.0408,-2.545],[100.0353,-2.543],[100.0346,-2.5389],[100.0312,-2.5359],[100.0317,-2.5327],[100.0271,-2.5263],[100.0194,-2.5216],[100.0167,-2.5174],[100.0095,-2.5142],[99.9985,-2.5028],[99.9929,-2.5026],[99.9852,-2.5059],[99.9767,-2.5073],[99.9718,-2.5144],[99.9753,-2.5304],[99.9715,-2.5332],[99.9747,-2.5373],[99.9727,-2.54],[99.9746,-2.542],[99.9699,-2.5537],[99.9742,-2.5637],[99.9738,-2.567],[99.9714,-2.5694],[99.9586,-2.5696],[99.9635,-2.5813],[99.9708,-2.5891],[99.9814,-2.5956],[99.9815,-2.5984],[99.9881,-2.6078],[99.9874,-2.6219],[99.9822,-2.6252],[99.9776,-2.6227],[99.9748,-2.6268],[99.975,-2.6299],[99.9767,-2.6326],[99.985,-2.6347],[99.9887,-2.6385],[99.9937,-2.6478],[99.9923,-2.6528],[99.9941,-2.6582],[99.9986,-2.6643],[100.0056,-2.6668],[100.0095,-2.674],[100.012,-2.6865],[100.0105,-2.6913],[100.0082,-2.6956],[100.0057,-2.6967],[100.0022,-2.6931],[99.9989,-2.6969],[100,-2.703],[100.0025,-2.7063],[100.002,-2.7165],[100.0095,-2.7272],[100.009,-2.7285],[100.0049,-2.7287],[100.0047,-2.7315],[100.0078,-2.7368],[100.0112,-2.7379],[100.012,-2.7407],[100.0105,-2.7433],[100.0001,-2.744],[99.9989,-2.7487],[99.995,-2.751],[99.9964,-2.7599],[99.9924,-2.7603],[99.9889,-2.7652],[99.9933,-2.7675],[99.9917,-2.7686],[99.9949,-2.7713],[99.9926,-2.7718],[99.983,-2.7656],[99.9781,-2.7666],[99.9767,-2.7722],[99.98,-2.7665],[99.9856,-2.7678],[99.9866,-2.7702],[99.9803,-2.7726],[99.9813,-2.7756],[99.9771,-2.7793],[99.9732,-2.7853],[99.9737,-2.7869],[99.978,-2.7876],[99.9808,-2.7854],[99.9802,-2.7828],[99.9832,-2.7825],[99.9826,-2.779],[99.9855,-2.7738],[99.994,-2.7766],[99.9944,-2.7813],[99.9896,-2.7851],[99.9908,-2.7907],[99.9974,-2.7969],[100.0089,-2.8031],[100.0097,-2.808],[100.0163,-2.8105],[100.0163,-2.8138],[100.0135,-2.8147],[100.0133,-2.8168],[100.017,-2.8195],[100.0126,-2.829],[100.0045,-2.8304],[99.9999,-2.8271],[99.997,-2.8274],[99.9956,-2.8289],[99.9961,-2.8322],[99.9995,-2.8366],[100.0033,-2.8376],[100.0041,-2.841],[100.0101,-2.8464],[100.0145,-2.849],[100.016,-2.8477],[100.0193,-2.8509],[100.0278,-2.8497],[100.0324,-2.8463],[100.0369,-2.8472],[100.0392,-2.8521],[100.0408,-2.8513],[100.0395,-2.8475],[100.0424,-2.8467],[100.0426,-2.8409],[100.0376,-2.8303],[100.0391,-2.8226],[100.0482,-2.8154],[100.0517,-2.8176],[100.0586,-2.8186],[100.0706,-2.8359],[100.0728,-2.8415],[100.0788,-2.8406],[100.0802,-2.8425],[100.0831,-2.8419],[100.0809,-2.8393],[100.0836,-2.8361],[100.0815,-2.8353],[100.0808,-2.8318],[100.0876,-2.8344],[100.0914,-2.8297],[100.094,-2.8334],[100.102,-2.8357],[100.1042,-2.839],[100.109,-2.8366]]],[[[100.1686,-2.7984],[100.1654,-2.7981],[100.1647,-2.7992],[100.1681,-2.8004],[100.1686,-2.7984]]],[[[100.2521,-2.8032],[100.2515,-2.8035],[100.2517,-2.804],[100.2522,-2.8037],[100.2521,-2.8032]]],[[[100.2544,-2.8013],[100.253,-2.8009],[100.253,-2.8033],[100.2547,-2.802],[100.2544,-2.8013]]],[[[100.2577,-2.8002],[100.2576,-2.8007],[100.258,-2.8014],[100.2583,-2.8009],[100.2577,-2.8002]]],[[[100.2556,-2.7993],[100.2559,-2.8004],[100.2566,-2.8001],[100.2562,-2.7994],[100.2556,-2.7993]]],[[[99.9783,-2.7572],[99.9786,-2.7583],[99.9791,-2.7586],[99.9796,-2.7564],[99.9783,-2.7572]]],[[[99.9872,-2.7568],[99.9886,-2.7577],[99.9901,-2.757],[99.9882,-2.7555],[99.9872,-2.7568]]],[[[99.983,-2.7477],[99.9839,-2.7463],[99.9804,-2.7457],[99.9792,-2.7481],[99.981,-2.7569],[99.9843,-2.756],[99.9873,-2.7526],[99.9872,-2.7493],[99.983,-2.7477]]],[[[100.2265,-2.7787],[100.2259,-2.776],[100.2223,-2.7747],[100.2223,-2.7779],[100.2265,-2.7787]]],[[[100.0432,-2.524],[100.0429,-2.524],[100.0429,-2.5242],[100.0431,-2.5243],[100.0432,-2.524]]],[[[99.7415,-2.3756],[99.7411,-2.3756],[99.7412,-2.3761],[99.7417,-2.3759],[99.7415,-2.3756]]],[[[99.7195,-2.3567],[99.7132,-2.3579],[99.7111,-2.3604],[99.7124,-2.3688],[99.7106,-2.3702],[99.7102,-2.3747],[99.722,-2.384],[99.725,-2.3837],[99.7285,-2.3788],[99.7325,-2.3806],[99.7336,-2.3914],[99.7375,-2.3943],[99.743,-2.387],[99.7491,-2.3849],[99.7441,-2.3761],[99.7413,-2.3799],[99.7419,-2.3812],[99.7446,-2.3807],[99.7437,-2.383],[99.7405,-2.3833],[99.7397,-2.3852],[99.7347,-2.3871],[99.7345,-2.3815],[99.7397,-2.376],[99.7382,-2.3725],[99.7359,-2.372],[99.7386,-2.3705],[99.7383,-2.3682],[99.7369,-2.3684],[99.7272,-2.3582],[99.7195,-2.3567]]],[[[99.7387,-2.371],[99.7382,-2.3716],[99.7384,-2.3719],[99.7393,-2.3711],[99.7387,-2.371]]],[[[99.7489,-2.3707],[99.7479,-2.3716],[99.7496,-2.3691],[99.7469,-2.3678],[99.7425,-2.3707],[99.7413,-2.3732],[99.7424,-2.372],[99.7428,-2.3741],[99.7459,-2.3738],[99.7495,-2.3711],[99.7489,-2.3707]]],[[[99.8132,-2.3043],[99.8122,-2.3034],[99.8144,-2.2973],[99.8076,-2.2948],[99.8005,-2.289],[99.7907,-2.2911],[99.7878,-2.2935],[99.7818,-2.2913],[99.7851,-2.2874],[99.7813,-2.2784],[99.7844,-2.2788],[99.7855,-2.2718],[99.7818,-2.2687],[99.7799,-2.2643],[99.7807,-2.2551],[99.7539,-2.2358],[99.7454,-2.2189],[99.7454,-2.213],[99.7401,-2.2122],[99.735,-2.2046],[99.7356,-2.2017],[99.7326,-2.1952],[99.7361,-2.1904],[99.736,-2.187],[99.7323,-2.1851],[99.7338,-2.1893],[99.7288,-2.1885],[99.7266,-2.1854],[99.7253,-2.186],[99.7204,-2.1823],[99.7221,-2.1802],[99.7219,-2.1774],[99.7261,-2.175],[99.7208,-2.1676],[99.7158,-2.169],[99.7144,-2.1656],[99.7154,-2.1642],[99.711,-2.1628],[99.7143,-2.1621],[99.7175,-2.1649],[99.717,-2.1571],[99.7139,-2.1567],[99.7115,-2.1523],[99.7099,-2.1293],[99.7069,-2.1154],[99.704,-2.11],[99.7065,-2.0982],[99.7032,-2.0954],[99.7042,-2.0905],[99.7028,-2.0888],[99.6998,-2.089],[99.702,-2.0875],[99.7018,-2.0849],[99.6986,-2.0866],[99.697,-2.0852],[99.6965,-2.0866],[99.6928,-2.0865],[99.6946,-2.0832],[99.6915,-2.076],[99.6844,-2.0744],[99.6832,-2.0715],[99.68,-2.071],[99.6801,-2.069],[99.6778,-2.0699],[99.6793,-2.0713],[99.6748,-2.0708],[99.6738,-2.0671],[99.668,-2.0664],[99.6637,-2.062],[99.6623,-2.0579],[99.6552,-2.0557],[99.654,-2.0492],[99.6522,-2.0475],[99.6456,-2.0458],[99.6429,-2.0485],[99.6431,-2.0507],[99.6392,-2.0482],[99.6395,-2.0502],[99.6374,-2.0507],[99.6373,-2.0457],[99.634,-2.0441],[99.6346,-2.0428],[99.6401,-2.0426],[99.6415,-2.0402],[99.6371,-2.0352],[99.635,-2.0368],[99.6311,-2.0353],[99.6295,-2.0386],[99.6255,-2.0392],[99.6276,-2.0411],[99.6263,-2.0413],[99.6236,-2.0385],[99.6225,-2.0405],[99.6214,-2.0385],[99.6204,-2.0402],[99.6163,-2.0399],[99.6159,-2.0341],[99.6191,-2.0328],[99.6208,-2.036],[99.6235,-2.0362],[99.6264,-2.0337],[99.6261,-2.0288],[99.6211,-2.0274],[99.6156,-2.032],[99.612,-2.031],[99.6106,-2.0327],[99.6036,-2.0321],[99.6031,-2.0332],[99.5985,-2.028],[99.5927,-2.0356],[99.5882,-2.036],[99.5871,-2.0392],[99.584,-2.0404],[99.5877,-2.0328],[99.5936,-2.0302],[99.5882,-2.0252],[99.5813,-2.0339],[99.5727,-2.0374],[99.569,-2.0373],[99.5592,-2.0451],[99.5567,-2.0494],[99.567,-2.0596],[99.5665,-2.063],[99.5643,-2.0654],[99.5597,-2.0655],[99.5554,-2.0694],[99.5523,-2.0687],[99.5472,-2.0705],[99.547,-2.0792],[99.5525,-2.0965],[99.5508,-2.1042],[99.5531,-2.1106],[99.5577,-2.1187],[99.566,-2.1224],[99.5663,-2.1262],[99.563,-2.1283],[99.5661,-2.1349],[99.5659,-2.138],[99.5741,-2.146],[99.5698,-2.1531],[99.5666,-2.1544],[99.5571,-2.1518],[99.5547,-2.1484],[99.5501,-2.1462],[99.5374,-2.144],[99.5313,-2.1472],[99.5285,-2.1553],[99.5317,-2.1612],[99.5316,-2.1678],[99.5358,-2.1745],[99.5365,-2.1796],[99.5382,-2.1822],[99.5411,-2.1821],[99.5439,-2.1841],[99.5481,-2.1916],[99.551,-2.2087],[99.5556,-2.2118],[99.559,-2.2166],[99.5621,-2.2179],[99.5629,-2.2208],[99.5712,-2.2227],[99.5747,-2.2272],[99.5748,-2.23],[99.5719,-2.2336],[99.5749,-2.2456],[99.5784,-2.2444],[99.5799,-2.2384],[99.5836,-2.2329],[99.5845,-2.2239],[99.5892,-2.2221],[99.5944,-2.2235],[99.5978,-2.2285],[99.5979,-2.2308],[99.5927,-2.2365],[99.5946,-2.2432],[99.5921,-2.2491],[99.5925,-2.2525],[99.5951,-2.252],[99.604,-2.2421],[99.6102,-2.2466],[99.6103,-2.253],[99.6065,-2.2562],[99.599,-2.258],[99.598,-2.2603],[99.5987,-2.2707],[99.6015,-2.2764],[99.6012,-2.2841],[99.6063,-2.2861],[99.6082,-2.2907],[99.6148,-2.2931],[99.6208,-2.2848],[99.6225,-2.2746],[99.6262,-2.2727],[99.6287,-2.274],[99.629,-2.2775],[99.6319,-2.281],[99.6288,-2.2868],[99.6322,-2.2903],[99.6383,-2.2871],[99.6406,-2.282],[99.6445,-2.2811],[99.6566,-2.2832],[99.673,-2.2886],[99.683,-2.2941],[99.6848,-2.2961],[99.6846,-2.2998],[99.6931,-2.3004],[99.6979,-2.3047],[99.6991,-2.3083],[99.7067,-2.3108],[99.7086,-2.3136],[99.7069,-2.318],[99.7106,-2.3275],[99.7139,-2.3302],[99.7221,-2.3328],[99.7305,-2.3335],[99.7382,-2.3452],[99.7457,-2.3477],[99.7593,-2.3413],[99.7679,-2.3409],[99.783,-2.3438],[99.7884,-2.3468],[99.7894,-2.3519],[99.793,-2.356],[99.7907,-2.3619],[99.7958,-2.3692],[99.7986,-2.3709],[99.8025,-2.3673],[99.8117,-2.3704],[99.818,-2.3651],[99.8205,-2.3657],[99.8223,-2.3692],[99.8288,-2.3626],[99.8371,-2.3634],[99.8409,-2.3671],[99.8403,-2.3748],[99.8421,-2.3787],[99.8394,-2.3876],[99.8426,-2.3952],[99.8502,-2.4016],[99.8601,-2.4028],[99.8633,-2.3981],[99.8635,-2.385],[99.8617,-2.3788],[99.8576,-2.3773],[99.8549,-2.3722],[99.8509,-2.3559],[99.8442,-2.348],[99.8443,-2.3444],[99.8477,-2.3394],[99.8472,-2.3366],[99.8446,-2.3341],[99.839,-2.3345],[99.8349,-2.3301],[99.8316,-2.3203],[99.8225,-2.3063],[99.8168,-2.3034],[99.8132,-2.3043]]],[[[99.7215,-2.3377],[99.7224,-2.3389],[99.723,-2.3372],[99.7225,-2.3371],[99.7215,-2.3377]]],[[[99.5373,-2.2207],[99.5411,-2.2229],[99.5444,-2.222],[99.544,-2.2122],[99.5405,-2.211],[99.5388,-2.2121],[99.5363,-2.2179],[99.5373,-2.2207]]],[[[99.5298,-2.128],[99.5258,-2.1282],[99.528,-2.134],[99.5397,-2.1312],[99.5359,-2.1283],[99.5298,-2.128]]],[[[99.5233,-2.1252],[99.5258,-2.1253],[99.5261,-2.1238],[99.5217,-2.1228],[99.5233,-2.1252]]],[[[99.6396,-2.0468],[99.6401,-2.0481],[99.6408,-2.0454],[99.6398,-2.0456],[99.6396,-2.0468]]],[[[99.6355,-2.0351],[99.6352,-2.0357],[99.6355,-2.0359],[99.6361,-2.0355],[99.6355,-2.0351]]],[[[99.6197,-2.0349],[99.6199,-2.0344],[99.6185,-2.0342],[99.6185,-2.0346],[99.6197,-2.0349]]],[[[99.6153,-2.0308],[99.615,-2.0313],[99.6151,-2.0317],[99.6156,-2.0311],[99.6153,-2.0308]]],[[[99.6083,-2.0303],[99.6082,-2.0305],[99.6087,-2.0311],[99.6088,-2.0306],[99.6083,-2.0303]]],[[[99.6161,-2.0302],[99.6161,-2.031],[99.6165,-2.0311],[99.6167,-2.0302],[99.6161,-2.0302]]],[[[99.6076,-2.0281],[99.6074,-2.0284],[99.6078,-2.0287],[99.608,-2.0284],[99.6076,-2.0281]]],[[[99.6142,-2.0205],[99.6118,-2.0194],[99.609,-2.0207],[99.6118,-2.0242],[99.6142,-2.0205]]],[[[99.5664,-2.0054],[99.5594,-2.0017],[99.5472,-2.0084],[99.5557,-2.0224],[99.5568,-2.0221],[99.5557,-2.0204],[99.5584,-2.0188],[99.5591,-2.0208],[99.562,-2.0213],[99.5663,-2.0194],[99.5756,-2.0246],[99.5724,-2.0171],[99.5732,-2.0123],[99.5713,-2.0103],[99.5712,-2.0072],[99.5664,-2.0054]]],[[[99.5797,-1.9952],[99.5777,-1.9904],[99.5729,-1.9883],[99.5698,-1.9889],[99.5652,-1.9928],[99.5636,-1.9995],[99.566,-2.0015],[99.5697,-2.0001],[99.568,-1.9958],[99.5699,-1.9938],[99.5721,-1.9946],[99.5731,-1.999],[99.5769,-1.9995],[99.575,-2.0013],[99.5779,-2.0036],[99.5797,-2.0013],[99.5786,-1.9972],[99.5797,-1.9952]]],[[[99.585,-1.9692],[99.5807,-1.9676],[99.5782,-1.9684],[99.5764,-1.9739],[99.5823,-1.9841],[99.5879,-1.9891],[99.5869,-1.9924],[99.5905,-1.9934],[99.5914,-1.9913],[99.5929,-1.9938],[99.5982,-1.9934],[99.6045,-1.9973],[99.6062,-1.9964],[99.6058,-1.9903],[99.6003,-1.9847],[99.6008,-1.983],[99.5955,-1.9786],[99.5937,-1.9746],[99.5922,-1.975],[99.585,-1.9692]]],[[[99.57,-1.9656],[99.5693,-1.9648],[99.5681,-1.9648],[99.5693,-1.9667],[99.57,-1.9656]]],[[[99.5707,-1.9643],[99.5706,-1.9651],[99.5709,-1.9651],[99.5713,-1.9646],[99.5707,-1.9643]]],[[[99.5671,-1.9641],[99.5673,-1.9645],[99.5677,-1.9645],[99.5674,-1.964],[99.5671,-1.9641]]],[[[99.3147,-1.903],[99.3155,-1.9039],[99.3167,-1.9033],[99.3138,-1.9013],[99.3147,-1.903]]],[[[99.3064,-1.9024],[99.303,-1.899],[99.2954,-1.9007],[99.2926,-1.9087],[99.2934,-1.9198],[99.2981,-1.9288],[99.3096,-1.9309],[99.3139,-1.928],[99.3159,-1.9243],[99.3125,-1.9239],[99.3143,-1.9236],[99.3141,-1.9207],[99.3152,-1.9212],[99.3132,-1.916],[99.3086,-1.9125],[99.3036,-1.9046],[99.3064,-1.9024]]],[[[99.3138,-1.8962],[99.3139,-1.8972],[99.3148,-1.8972],[99.3143,-1.8957],[99.3138,-1.8962]]],[[[99.2835,-1.8722],[99.2804,-1.8714],[99.2755,-1.8735],[99.2795,-1.8791],[99.2898,-1.8796],[99.2899,-1.8747],[99.288,-1.8727],[99.2835,-1.8722]]],[[[99.3151,-1.8456],[99.3095,-1.8449],[99.3088,-1.8474],[99.3039,-1.8508],[99.3027,-1.8545],[99.3136,-1.856],[99.3191,-1.8548],[99.3206,-1.8506],[99.3151,-1.8456]]],[[[99.2713,-1.748],[99.2718,-1.7459],[99.2697,-1.7447],[99.2659,-1.7465],[99.2682,-1.7491],[99.2713,-1.748]]],[[[99.2982,-1.7387],[99.2957,-1.7349],[99.2919,-1.7338],[99.2928,-1.7368],[99.2982,-1.7387]]],[[[99.3086,-1.7276],[99.3087,-1.7285],[99.3099,-1.7285],[99.3098,-1.7265],[99.3086,-1.7276]]],[[[99.256,-1.715],[99.2529,-1.7142],[99.2513,-1.7154],[99.2586,-1.7249],[99.2586,-1.716],[99.256,-1.715]]],[[[99.1505,-1.8395],[99.1464,-1.833],[99.1416,-1.8356],[99.1478,-1.8408],[99.1505,-1.841],[99.1505,-1.8395]]],[[[99.2628,-1.7921],[99.2549,-1.7905],[99.2562,-1.7933],[99.2615,-1.7959],[99.2665,-1.8015],[99.2697,-1.8091],[99.2694,-1.8128],[99.2665,-1.8176],[99.2581,-1.8255],[99.257,-1.8293],[99.2542,-1.8298],[99.2541,-1.8334],[99.2514,-1.8384],[99.2466,-1.8398],[99.2456,-1.8438],[99.241,-1.8457],[99.2419,-1.851],[99.2464,-1.8496],[99.2519,-1.8451],[99.26,-1.8448],[99.2641,-1.8394],[99.2699,-1.8379],[99.2748,-1.8379],[99.2815,-1.841],[99.2869,-1.8403],[99.2878,-1.8381],[99.2947,-1.8332],[99.2944,-1.8274],[99.2908,-1.8239],[99.2924,-1.8212],[99.2917,-1.8178],[99.2885,-1.8123],[99.2912,-1.8093],[99.2895,-1.8059],[99.2799,-1.8013],[99.2723,-1.7953],[99.2666,-1.7965],[99.2628,-1.7921]]],[[[99.2941,-1.7796],[99.2954,-1.7813],[99.2972,-1.7816],[99.2968,-1.7794],[99.2941,-1.7796]]],[[[99.2689,-1.7739],[99.2692,-1.7707],[99.2663,-1.7683],[99.2639,-1.7686],[99.2664,-1.7745],[99.2689,-1.7739]]],[[[99.2191,-1.6488],[99.2167,-1.6402],[99.214,-1.6391],[99.2137,-1.6419],[99.2116,-1.6377],[99.2079,-1.6394],[99.2079,-1.6421],[99.2047,-1.645],[99.2009,-1.6436],[99.1986,-1.6448],[99.1998,-1.6434],[99.1985,-1.6424],[99.202,-1.6381],[99.1995,-1.6375],[99.2035,-1.6372],[99.2019,-1.6337],[99.2043,-1.636],[99.2082,-1.6343],[99.2082,-1.6263],[99.206,-1.6244],[99.2168,-1.6247],[99.2208,-1.6265],[99.2276,-1.6362],[99.2285,-1.6422],[99.2381,-1.6601],[99.2383,-1.6641],[99.2433,-1.6743],[99.2441,-1.6804],[99.2419,-1.6837],[99.2451,-1.6869],[99.2455,-1.6842],[99.2519,-1.6929],[99.2536,-1.7002],[99.2511,-1.7047],[99.2541,-1.7089],[99.2539,-1.7119],[99.2619,-1.717],[99.2637,-1.7124],[99.2651,-1.724],[99.2619,-1.7315],[99.2624,-1.7367],[99.2653,-1.7402],[99.2771,-1.7463],[99.2758,-1.751],[99.2801,-1.7523],[99.2921,-1.7505],[99.2877,-1.7435],[99.2901,-1.7346],[99.2883,-1.7308],[99.2865,-1.7304],[99.2861,-1.7272],[99.2929,-1.726],[99.296,-1.7231],[99.3012,-1.7228],[99.3024,-1.7203],[99.3003,-1.7155],[99.2947,-1.714],[99.2915,-1.7087],[99.296,-1.7021],[99.3007,-1.7011],[99.2916,-1.6875],[99.2934,-1.6849],[99.2981,-1.6881],[99.3045,-1.6858],[99.3011,-1.6821],[99.293,-1.6786],[99.2917,-1.6683],[99.2868,-1.6632],[99.285,-1.6709],[99.2858,-1.6732],[99.2831,-1.6752],[99.2846,-1.6769],[99.2829,-1.6769],[99.2852,-1.6789],[99.285,-1.6756],[99.2868,-1.6748],[99.2886,-1.6801],[99.2903,-1.6777],[99.2898,-1.6804],[99.2879,-1.6813],[99.2861,-1.679],[99.2869,-1.6822],[99.2786,-1.678],[99.2773,-1.6746],[99.2799,-1.6719],[99.2784,-1.671],[99.2799,-1.6711],[99.2798,-1.6683],[99.2769,-1.6683],[99.2749,-1.6702],[99.2763,-1.6673],[99.275,-1.6617],[99.2779,-1.6634],[99.2782,-1.6621],[99.2868,-1.6588],[99.2909,-1.6547],[99.292,-1.6553],[99.2924,-1.6529],[99.2891,-1.6519],[99.2848,-1.6474],[99.2794,-1.6499],[99.2823,-1.6476],[99.2812,-1.6441],[99.2781,-1.6456],[99.2755,-1.6446],[99.2741,-1.6465],[99.2716,-1.6459],[99.2706,-1.6473],[99.27,-1.6458],[99.2748,-1.6409],[99.2807,-1.6408],[99.2755,-1.6326],[99.2791,-1.6315],[99.2823,-1.6368],[99.2874,-1.6386],[99.289,-1.6373],[99.287,-1.636],[99.2877,-1.6322],[99.2804,-1.6284],[99.2786,-1.6227],[99.2721,-1.6166],[99.273,-1.6143],[99.2695,-1.6155],[99.2678,-1.6184],[99.2658,-1.6173],[99.2701,-1.6139],[99.2668,-1.6031],[99.2645,-1.6037],[99.2621,-1.6004],[99.2576,-1.5997],[99.2566,-1.6043],[99.2542,-1.6036],[99.2558,-1.6019],[99.2545,-1.6009],[99.2617,-1.596],[99.2599,-1.5947],[99.2547,-1.5966],[99.2521,-1.6005],[99.2447,-1.6058],[99.2357,-1.6064],[99.2333,-1.6093],[99.2306,-1.6091],[99.2204,-1.6047],[99.2159,-1.5967],[99.2158,-1.5897],[99.214,-1.589],[99.2146,-1.5875],[99.2102,-1.5789],[99.2077,-1.5788],[99.2081,-1.5767],[99.2025,-1.5781],[99.2003,-1.5804],[99.1977,-1.5789],[99.1973,-1.5714],[99.1939,-1.5665],[99.1979,-1.5606],[99.1958,-1.5578],[99.2,-1.5574],[99.203,-1.5542],[99.2066,-1.5548],[99.209,-1.5523],[99.2077,-1.5524],[99.2079,-1.5482],[99.1935,-1.5437],[99.1966,-1.5408],[99.2022,-1.5389],[99.2054,-1.5337],[99.2069,-1.5266],[99.2014,-1.5164],[99.1952,-1.5093],[99.1944,-1.5102],[99.196,-1.5116],[99.1953,-1.513],[99.1931,-1.5127],[99.1923,-1.5182],[99.1892,-1.5178],[99.1891,-1.5194],[99.1853,-1.5211],[99.1832,-1.5168],[99.1849,-1.5135],[99.183,-1.5124],[99.1809,-1.5044],[99.1783,-1.5035],[99.1759,-1.5057],[99.1731,-1.5048],[99.1713,-1.5032],[99.172,-1.4984],[99.1625,-1.4951],[99.1602,-1.4893],[99.1594,-1.4907],[99.1558,-1.4877],[99.1537,-1.4888],[99.1512,-1.4854],[99.1482,-1.4859],[99.1482,-1.4828],[99.1443,-1.4803],[99.1424,-1.4743],[99.131,-1.4636],[99.1306,-1.462],[99.1327,-1.46],[99.1292,-1.4585],[99.1274,-1.4555],[99.1242,-1.4569],[99.1239,-1.454],[99.1201,-1.449],[99.1227,-1.448],[99.1182,-1.4461],[99.1149,-1.4408],[99.123,-1.4399],[99.1248,-1.4445],[99.127,-1.4445],[99.1431,-1.4597],[99.1492,-1.4594],[99.1503,-1.4624],[99.1527,-1.4633],[99.1544,-1.462],[99.1576,-1.4659],[99.1604,-1.4655],[99.1665,-1.4713],[99.1686,-1.4715],[99.1703,-1.4693],[99.1696,-1.4656],[99.1649,-1.4576],[99.1621,-1.4574],[99.1605,-1.455],[99.1621,-1.455],[99.1635,-1.4498],[99.1599,-1.4498],[99.161,-1.444],[99.1654,-1.4442],[99.1691,-1.441],[99.1657,-1.4329],[99.167,-1.4314],[99.1597,-1.4214],[99.1534,-1.416],[99.1522,-1.4065],[99.1453,-1.3981],[99.14,-1.3979],[99.1343,-1.4056],[99.1275,-1.408],[99.127,-1.4059],[99.1324,-1.4018],[99.134,-1.3953],[99.1327,-1.39],[99.1299,-1.3866],[99.1222,-1.3837],[99.1149,-1.3877],[99.113,-1.3915],[99.1151,-1.3956],[99.1134,-1.3973],[99.1111,-1.3947],[99.111,-1.3915],[99.1081,-1.3894],[99.107,-1.3909],[99.1069,-1.3889],[99.1045,-1.3892],[99.1032,-1.3918],[99.1034,-1.3891],[99.1047,-1.3886],[99.1017,-1.3883],[99.1063,-1.3871],[99.1092,-1.3887],[99.1118,-1.3882],[99.1126,-1.3861],[99.1103,-1.3852],[99.1093,-1.3814],[99.1104,-1.38],[99.1098,-1.3822],[99.1112,-1.3841],[99.1149,-1.385],[99.1171,-1.3782],[99.1094,-1.3795],[99.1079,-1.3706],[99.0991,-1.3653],[99.0964,-1.3458],[99.0894,-1.3299],[99.0908,-1.3258],[99.0903,-1.3195],[99.0921,-1.3172],[99.0872,-1.3106],[99.0873,-1.3076],[99.0838,-1.3052],[99.0837,-1.299],[99.0811,-1.2943],[99.0772,-1.2902],[99.0724,-1.2915],[99.0734,-1.2998],[99.0687,-1.2975],[99.0691,-1.3036],[99.0664,-1.3009],[99.0625,-1.301],[99.0643,-1.2963],[99.0612,-1.297],[99.0575,-1.2933],[99.0565,-1.2961],[99.0531,-1.2927],[99.0523,-1.2946],[99.0543,-1.2973],[99.0506,-1.2947],[99.053,-1.2901],[99.0562,-1.2915],[99.0648,-1.2889],[99.0629,-1.2857],[99.0586,-1.2853],[99.0591,-1.2809],[99.0524,-1.2744],[99.0528,-1.2731],[99.0596,-1.2758],[99.0652,-1.2752],[99.0667,-1.2727],[99.0692,-1.2727],[99.0658,-1.2703],[99.0654,-1.2646],[99.0691,-1.264],[99.0687,-1.2657],[99.0704,-1.2641],[99.0676,-1.2607],[99.0685,-1.2529],[99.0577,-1.2425],[99.0573,-1.2336],[99.0509,-1.2264],[99.0472,-1.2252],[99.047,-1.2294],[99.0448,-1.2313],[99.0446,-1.2301],[99.0303,-1.2276],[99.0334,-1.2233],[99.0287,-1.2219],[99.0276,-1.223],[99.0241,-1.2207],[99.0274,-1.2159],[99.0304,-1.2151],[99.0287,-1.2109],[99.0328,-1.2107],[99.0362,-1.2131],[99.0412,-1.2087],[99.0415,-1.2056],[99.034,-1.1954],[99.0339,-1.1896],[99.0315,-1.1828],[99.0256,-1.1798],[99.0261,-1.1776],[99.0242,-1.1774],[99.0241,-1.1752],[99.0201,-1.1722],[99.0156,-1.1715],[99.0082,-1.1634],[99.0073,-1.1559],[99.0033,-1.1473],[99.0033,-1.1412],[98.9995,-1.1348],[99,-1.1186],[99.0022,-1.1179],[99.0023,-1.1149],[98.9721,-1.0957],[98.9622,-1.0845],[98.9619,-1.0805],[98.958,-1.0759],[98.9559,-1.076],[98.9563,-1.0787],[98.9603,-1.0821],[98.9549,-1.0824],[98.9554,-1.0842],[98.9535,-1.0869],[98.9562,-1.0871],[98.9586,-1.0904],[98.953,-1.091],[98.9492,-1.0894],[98.9486,-1.088],[98.9523,-1.0869],[98.9549,-1.0838],[98.9483,-1.0838],[98.949,-1.0824],[98.9463,-1.0801],[98.9469,-1.0679],[98.9426,-1.0701],[98.9406,-1.0691],[98.9398,-1.0629],[98.9354,-1.0607],[98.9364,-1.0587],[98.9404,-1.0574],[98.9394,-1.0478],[98.9367,-1.0425],[98.937,-1.0366],[98.9355,-1.035],[98.937,-1.0312],[98.934,-1.0242],[98.9297,-1.022],[98.9291,-1.018],[98.9226,-1.0109],[98.9202,-1.0045],[98.9172,-1.0015],[98.9191,-0.9895],[98.922,-0.9875],[98.9279,-0.9888],[98.9332,-0.9953],[98.9351,-1.0019],[98.9449,-1.0166],[98.9482,-1.0151],[98.9483,-1.0129],[98.9492,-1.0143],[98.9502,-1.0131],[98.9517,-1.0139],[98.952,-1.0118],[98.9489,-1.0055],[98.9472,-1.0069],[98.9466,-1.0054],[98.9445,-1.0066],[98.944,-1.0055],[98.9433,-0.9966],[98.9455,-0.9867],[98.9431,-0.983],[98.9453,-0.9813],[98.9419,-0.9781],[98.9427,-0.9744],[98.9404,-0.9733],[98.9359,-0.9629],[98.9317,-0.9583],[98.9359,-0.9519],[98.934,-0.9475],[98.9349,-0.9449],[98.9301,-0.9334],[98.9278,-0.9311],[98.9246,-0.9308],[98.9222,-0.9324],[98.9216,-0.9375],[98.9118,-0.9411],[98.9073,-0.9457],[98.8987,-0.9417],[98.8988,-0.9374],[98.8971,-0.9352],[98.9024,-0.9266],[98.9077,-0.9341],[98.9072,-0.9427],[98.911,-0.9407],[98.9091,-0.9361],[98.9116,-0.9261],[98.91,-0.9207],[98.9126,-0.9146],[98.9118,-0.9107],[98.9098,-0.9089],[98.8993,-0.9059],[98.8937,-0.9083],[98.8842,-0.9214],[98.867,-0.9322],[98.8635,-0.9334],[98.8643,-0.9315],[98.8552,-0.9358],[98.8248,-0.9395],[98.8104,-0.9512],[98.7991,-0.9562],[98.7816,-0.9575],[98.7748,-0.9555],[98.7579,-0.9586],[98.7418,-0.9591],[98.7301,-0.9545],[98.7252,-0.9463],[98.721,-0.9439],[98.7144,-0.9459],[98.7112,-0.9452],[98.7015,-0.9538],[98.6915,-0.959],[98.6872,-0.958],[98.6852,-0.9591],[98.6736,-0.9752],[98.6687,-0.9786],[98.6636,-0.9798],[98.6644,-0.9947],[98.6625,-0.999],[98.6628,-1.0043],[98.6602,-1.0085],[98.662,-1.0575],[98.6537,-1.1],[98.6495,-1.108],[98.6411,-1.1096],[98.6371,-1.1416],[98.6336,-1.1487],[98.6293,-1.149],[98.6271,-1.1469],[98.6283,-1.1509],[98.6271,-1.1585],[98.6235,-1.1612],[98.6228,-1.1682],[98.618,-1.1745],[98.6157,-1.1831],[98.6084,-1.1902],[98.601,-1.1919],[98.5967,-1.1989],[98.5976,-1.2063],[98.6032,-1.2167],[98.6023,-1.2213],[98.6046,-1.2277],[98.6355,-1.2587],[98.6418,-1.2759],[98.6416,-1.2798],[98.6387,-1.2823],[98.6371,-1.2868],[98.6523,-1.3078],[98.654,-1.3136],[98.6862,-1.3495],[98.6946,-1.3611],[98.6953,-1.3646],[98.7041,-1.3787],[98.7251,-1.4037],[98.7366,-1.4215],[98.7448,-1.4379],[98.7466,-1.4454],[98.7527,-1.4527],[98.7532,-1.4514],[98.755,-1.4529],[98.7565,-1.455],[98.7557,-1.4564],[98.7628,-1.4648],[98.7665,-1.4732],[98.7917,-1.5036],[98.7963,-1.507],[98.804,-1.5184],[98.8053,-1.5225],[98.8034,-1.5291],[98.8062,-1.5367],[98.8158,-1.548],[98.82,-1.5599],[98.837,-1.5858],[98.8372,-1.6021],[98.8348,-1.6068],[98.8299,-1.6094],[98.8252,-1.6148],[98.8256,-1.6164],[98.8616,-1.6451],[98.8653,-1.6504],[98.8683,-1.6634],[98.8745,-1.6753],[98.8796,-1.6804],[98.9251,-1.7051],[98.9281,-1.7083],[98.9566,-1.7247],[98.9939,-1.7502],[99.0053,-1.7563],[99.0118,-1.7626],[99.0402,-1.7759],[99.0551,-1.7863],[99.0691,-1.7898],[99.0779,-1.7939],[99.0833,-1.7982],[99.0887,-1.7995],[99.0908,-1.8028],[99.1054,-1.8063],[99.1074,-1.8089],[99.1067,-1.8116],[99.1106,-1.8117],[99.1114,-1.8131],[99.1125,-1.8088],[99.1165,-1.8067],[99.1224,-1.8062],[99.1255,-1.8086],[99.1399,-1.8042],[99.1421,-1.8048],[99.1445,-1.8015],[99.1423,-1.7954],[99.1429,-1.7925],[99.1466,-1.7875],[99.1544,-1.7814],[99.1573,-1.7822],[99.171,-1.7792],[99.1968,-1.7796],[99.2201,-1.7836],[99.2277,-1.7856],[99.2335,-1.7954],[99.2404,-1.797],[99.2437,-1.7949],[99.2471,-1.7867],[99.248,-1.7775],[99.2517,-1.7761],[99.2569,-1.7787],[99.261,-1.779],[99.2624,-1.7777],[99.2633,-1.7732],[99.2616,-1.7696],[99.2603,-1.7679],[99.2581,-1.7685],[99.2567,-1.7622],[99.2539,-1.7586],[99.2488,-1.7569],[99.2433,-1.7432],[99.2402,-1.7398],[99.2419,-1.7355],[99.2465,-1.732],[99.2417,-1.7274],[99.2421,-1.7218],[99.2385,-1.7142],[99.2401,-1.7063],[99.2394,-1.7012],[99.2378,-1.7004],[99.24,-1.6986],[99.2344,-1.6928],[99.229,-1.6835],[99.2258,-1.6814],[99.2208,-1.6634],[99.2299,-1.6689],[99.2348,-1.6846],[99.2371,-1.6836],[99.237,-1.6787],[99.2393,-1.6795],[99.2407,-1.6764],[99.2294,-1.656],[99.226,-1.6517],[99.2238,-1.6524],[99.2248,-1.6495],[99.2212,-1.6493],[99.22,-1.6477],[99.2198,-1.6491],[99.2191,-1.6488]]],[[[99.2464,-1.7051],[99.2468,-1.7071],[99.2476,-1.7073],[99.2475,-1.7037],[99.2464,-1.7051]]],[[[99.2444,-1.7028],[99.2454,-1.7037],[99.2443,-1.7014],[99.244,-1.702],[99.2444,-1.7028]]],[[[99.2477,-1.6986],[99.2487,-1.6993],[99.2492,-1.6974],[99.2487,-1.6974],[99.2477,-1.6986]]],[[[99.2437,-1.6924],[99.2449,-1.6953],[99.2463,-1.6952],[99.2459,-1.6921],[99.2437,-1.6924]]],[[[99.2399,-1.6888],[99.2415,-1.6896],[99.2396,-1.6867],[99.2393,-1.6872],[99.2399,-1.6888]]],[[[99.0936,-1.8616],[99.0903,-1.8598],[99.0816,-1.8607],[99.077,-1.8638],[99.077,-1.8661],[99.0814,-1.8678],[99.0906,-1.8664],[99.0947,-1.8643],[99.0953,-1.8628],[99.0936,-1.8616]]],[[[99.0443,-1.8132],[99.0474,-1.8154],[99.049,-1.809],[99.047,-1.8053],[99.0448,-1.8056],[99.0425,-1.8095],[99.0443,-1.8132]]],[[[99.2157,-1.6344],[99.2145,-1.6342],[99.2181,-1.637],[99.2175,-1.6346],[99.2157,-1.6344]]],[[[99.182,-1.4907],[99.1815,-1.4882],[99.1784,-1.4916],[99.1813,-1.4959],[99.1868,-1.498],[99.1886,-1.4945],[99.1848,-1.4953],[99.182,-1.4907]]],[[[99.1779,-1.4817],[99.1752,-1.4799],[99.1732,-1.4729],[99.1694,-1.481],[99.1746,-1.4891],[99.1763,-1.4884],[99.1734,-1.4816],[99.1758,-1.4831],[99.1779,-1.4817]]],[[[99.1139,-1.3546],[99.1125,-1.3542],[99.1141,-1.3554],[99.1131,-1.3565],[99.1146,-1.3615],[99.1119,-1.3577],[99.1106,-1.3642],[99.1158,-1.3652],[99.1172,-1.3641],[99.1212,-1.3664],[99.1224,-1.361],[99.1139,-1.3546]]],[[[98.9555,-1.0593],[98.9538,-1.0591],[98.955,-1.066],[98.9584,-1.0705],[98.9599,-1.0686],[98.9583,-1.0664],[98.9595,-1.0655],[98.9576,-1.0606],[98.9562,-1.0592],[98.9555,-1.0593]]],[[[98.9495,-1.0387],[98.9483,-1.0377],[98.9474,-1.0404],[98.9506,-1.044],[98.9521,-1.0437],[98.9525,-1.0427],[98.9495,-1.0387]]],[[[98.9465,-0.9928],[98.9485,-0.9918],[98.9476,-0.989],[98.9462,-0.9901],[98.9465,-0.9928]]],[[[98.9562,-0.9528],[98.9554,-0.9527],[98.9545,-0.9534],[98.9557,-0.9535],[98.9562,-0.9528]]],[[[98.9282,-0.9279],[98.9297,-0.9283],[98.9311,-0.9291],[98.9287,-0.9264],[98.9282,-0.9279]]]]},"properties":{"GID_2":"IDN.30.5_1","GID_0":"IDN","COUNTRY":"Indonesia","GID_1":"IDN.30_1","NAME_1":"SumateraBarat","NL_NAME_1":"NA","NAME_2":"KepulauanMentawai","VARNAME_2":"NA","NL_NAME_2":"NA","TYPE_2":"Kabupaten","ENGTYPE_2":"Regency","CC_2":"1301","HASC_2":"ID.SB.KM","Data Indek":"Sumatera Barat","Data Ind_1":3,"Data Ind_2":"(0)","Data Ind_3":13.2,"Data Ind_4":15.72,"Data Ind_5":10987,"Data Ind_6":23.88,"Data Ind_7":57,"Data Ind_8":81.91,"Data Ind_9":67.44,"Data Ind10":0.3,"Data Ind11":"Sangat Tinggi"}},
{"type":"Feature","geometry":{"type":"Polygon","coordinates":[[[100.658,-0.806],[100.6617,-0.8095],[100.6676,-0.8107],[100.6791,-0.8061],[100.6782,-0.796],[100.6731,-0.7906],[100.6697,-0.7878],[100.6706,-0.7828],[100.673,-0.7805],[100.6726,-0.7689],[100.6782,-0.7672],[100.6849,-0.762],[100.6865,-0.7624],[100.6889,-0.7465],[100.6848,-0.7416],[100.6751,-0.7387],[100.6429,-0.7445],[100.6326,-0.7647],[100.6269,-0.7703],[100.6256,-0.7696],[100.6218,-0.7727],[100.6097,-0.7721],[100.606,-0.7806],[100.5971,-0.7851],[100.5708,-0.7867],[100.569,-0.7894],[100.5702,-0.7945],[100.5644,-0.7997],[100.563,-0.7973],[100.5662,-0.7927],[100.565,-0.7912],[100.563,-0.792],[100.5582,-0.8001],[100.5539,-0.8027],[100.5442,-0.8045],[100.5414,-0.8091],[100.5448,-0.8149],[100.5613,-0.819],[100.5925,-0.8073],[100.6209,-0.7997],[100.6221,-0.798],[100.6254,-0.7995],[100.6361,-0.7952],[100.6427,-0.7973],[100.6416,-0.805],[100.6472,-0.8044],[100.6538,-0.8077],[100.658,-0.806]]]},"properties":{"GID_2":"IDN.30.6_1","GID_0":"IDN","COUNTRY":"Indonesia","GID_1":"IDN.30_1","NAME_1":"SumateraBarat","NL_NAME_1":"NA","NAME_2":"KotaSolok","VARNAME_2":"NA","NL_NAME_2":"NA","TYPE_2":"Kota","ENGTYPE_2":"City","CC_2":"1372","HASC_2":"ID.SB.SM","Data Indek":"Sumatera Barat","Data Ind_1":2,"Data Ind_2":"(0)","Data Ind_3":2.9,"Data Ind_4":1380.43,"Data Ind_5":11572,"Data Ind_6":4.65,"Data Ind_7":40,"Data Ind_8":99.64,"Data Ind_9":100,"Data Ind10":-0.51,"Data Ind11":"Rendah"}},
{"type":"Feature","geometry":{"type":"Polygon","coordinates":[[[100.8438,-0.3442],[100.8435,-0.337],[100.8405,-0.3229],[100.8378,-0.3176],[100.8411,-0.3131],[100.8387,-0.3065],[100.8411,-0.2969],[100.8382,-0.2904],[100.832,-0.2851],[100.8224,-0.2837],[100.806,-0.2715],[100.8045,-0.2653],[100.8051,-0.2556],[100.8015,-0.2431],[100.7938,-0.2374],[100.7762,-0.2175],[100.7753,-0.2148],[100.7841,-0.1943],[100.7822,-0.1889],[100.7758,-0.1852],[100.7693,-0.1772],[100.7682,-0.1615],[100.7633,-0.1454],[100.7562,-0.1395],[100.7549,-0.1361],[100.7542,-0.1325],[100.7614,-0.1246],[100.7614,-0.1197],[100.7578,-0.1127],[100.7534,-0.083],[100.7434,-0.0723],[100.7427,-0.0621],[100.7449,-0.0477],[100.7365,-0.0438],[100.7434,-0.0394],[100.7472,-0.0448],[100.7507,-0.0446],[100.757,-0.0395],[100.7586,-0.0319],[100.7661,-0.0219],[100.7711,-0.0192],[100.7753,-0.0143],[100.7823,-0.0113],[100.7859,-0.014],[100.789,-0.0208],[100.8011,-0.024],[100.8092,-0.0303],[100.8109,-0.0393],[100.8119,-0.0407],[100.8145,-0.0403],[100.8192,-0.0326],[100.8242,-0.0326],[100.8272,-0.0303],[100.8244,-0.0206],[100.8262,-0.017],[100.8477,0],[100.8443,0.0273],[100.8515,0.0444],[100.8502,0.0533],[100.8372,0.0606],[100.8353,0.0652],[100.8325,0.0669],[100.8285,0.0644],[100.8167,0.0625],[100.8143,0.0609],[100.8091,0.0509],[100.8044,0.0488],[100.8011,0.0495],[100.7992,0.0582],[100.795,0.0614],[100.7916,0.0707],[100.7881,0.0754],[100.7822,0.077],[100.7812,0.0789],[100.7802,0.0867],[100.776,0.0898],[100.7786,0.0954],[100.7744,0.1021],[100.7771,0.1043],[100.7867,0.107],[100.7901,0.1156],[100.7842,0.122],[100.7878,0.128],[100.8007,0.1281],[100.8046,0.1296],[100.8094,0.1345],[100.8136,0.1482],[100.8158,0.1492],[100.8278,0.145],[100.8315,0.1461],[100.8334,0.1506],[100.8342,0.1617],[100.8362,0.1636],[100.8422,0.1613],[100.8451,0.1625],[100.8475,0.1669],[100.8489,0.1754],[100.8427,0.1809],[100.8455,0.1868],[100.8435,0.1972],[100.8453,0.2076],[100.8391,0.213],[100.839,0.2185],[100.8415,0.2226],[100.8413,0.226],[100.8344,0.2351],[100.8259,0.2394],[100.819,0.249],[100.8149,0.2502],[100.8114,0.2485],[100.8003,0.2511],[100.7968,0.2444],[100.7943,0.2436],[100.7898,0.2506],[100.7863,0.2532],[100.775,0.2519],[100.7722,0.2485],[100.7716,0.2404],[100.7693,0.2369],[100.7658,0.2357],[100.7648,0.2369],[100.7549,0.2372],[100.7413,0.2415],[100.7386,0.2362],[100.7316,0.2362],[100.7233,0.242],[100.7135,0.2386],[100.7015,0.246],[100.7001,0.2375],[100.6946,0.2318],[100.6955,0.2169],[100.6848,0.2036],[100.6824,0.189],[100.6762,0.1862],[100.6673,0.1956],[100.6491,0.2036],[100.6298,0.2192],[100.6202,0.2359],[100.6134,0.2427],[100.6016,0.2593],[100.5948,0.267],[100.5841,0.2727],[100.5772,0.2791],[100.5643,0.2971],[100.5376,0.31],[100.5318,0.3182],[100.5381,0.3338],[100.5313,0.343],[100.5274,0.3451],[100.5185,0.3213],[100.5029,0.3113],[100.4936,0.3079],[100.4852,0.3083],[100.473,0.3135],[100.4676,0.3199],[100.4629,0.3312],[100.4612,0.3507],[100.4562,0.3678],[100.4565,0.3774],[100.454,0.3951],[100.4502,0.4074],[100.4382,0.4131],[100.431,0.4218],[100.4198,0.4239],[100.4165,0.4178],[100.4099,0.4147],[100.4025,0.4059],[100.3892,0.399],[100.3758,0.3893],[100.3661,0.3948],[100.3641,0.3903],[100.3472,0.3843],[100.3442,0.3845],[100.3376,0.3907],[100.3196,0.403],[100.3134,0.3982],[100.3005,0.3966],[100.303,0.3843],[100.3116,0.3778],[100.3195,0.3676],[100.3256,0.3665],[100.3262,0.3642],[100.3232,0.3609],[100.3242,0.3576],[100.3334,0.3515],[100.328,0.3438],[100.3322,0.338],[100.3321,0.3359],[100.329,0.3329],[100.32,0.3147],[100.3101,0.3057],[100.3087,0.3002],[100.3153,0.2881],[100.3198,0.2865],[100.3158,0.2744],[100.3193,0.2741],[100.3321,0.2527],[100.3294,0.2345],[100.3325,0.2275],[100.3327,0.2194],[100.3366,0.2108],[100.3437,0.2014],[100.3515,0.1776],[100.3495,0.1706],[100.3282,0.1497],[100.328,0.145],[100.324,0.1367],[100.324,0.1232],[100.3208,0.1186],[100.3204,0.1143],[100.3209,0.1112],[100.324,0.1075],[100.3249,0.102],[100.3158,0.0878],[100.3178,0.081],[100.3274,0.0637],[100.3302,0.0523],[100.3376,0.0428],[100.3362,0.0393],[100.3274,0.0341],[100.3201,0.0274],[100.314,0.0052],[100.3083,-0.0024],[100.2956,-0.0088],[100.2773,-0.0099],[100.2739,-0.0112],[100.2688,-0.0173],[100.2617,-0.0195],[100.2601,-0.0225],[100.2649,-0.0317],[100.2644,-0.0347],[100.3018,-0.0556],[100.3066,-0.0548],[100.3168,-0.0461],[100.3203,-0.0559],[100.3252,-0.0601],[100.3321,-0.0767],[100.3554,-0.0859],[100.3569,-0.0911],[100.3516,-0.0937],[100.3578,-0.0962],[100.3618,-0.1026],[100.3618,-0.1054],[100.3718,-0.1129],[100.3744,-0.1202],[100.3729,-0.1277],[100.3785,-0.1457],[100.3878,-0.1492],[100.3945,-0.1494],[100.3963,-0.1567],[100.3997,-0.1607],[100.4156,-0.1637],[100.4398,-0.1723],[100.4425,-0.1759],[100.4423,-0.1936],[100.4475,-0.2033],[100.4622,-0.2099],[100.4677,-0.2149],[100.4695,-0.2193],[100.4811,-0.2228],[100.4851,-0.2271],[100.4994,-0.2344],[100.5084,-0.2416],[100.5173,-0.2443],[100.5212,-0.2484],[100.5257,-0.2495],[100.5271,-0.2485],[100.5355,-0.2532],[100.5394,-0.2573],[100.5394,-0.2609],[100.5325,-0.2772],[100.538,-0.283],[100.5435,-0.2846],[100.5498,-0.2828],[100.5562,-0.284],[100.5675,-0.2809],[100.5748,-0.284],[100.5747,-0.2873],[100.5795,-0.2884],[100.5796,-0.2921],[100.5821,-0.294],[100.5765,-0.3021],[100.58,-0.3089],[100.5845,-0.3122],[100.5883,-0.3116],[100.5933,-0.3136],[100.599,-0.3126],[100.6009,-0.3141],[100.6022,-0.3349],[100.601,-0.3419],[100.6065,-0.3515],[100.625,-0.3526],[100.6379,-0.351],[100.6451,-0.3524],[100.6605,-0.3498],[100.668,-0.3449],[100.6666,-0.3319],[100.6739,-0.3249],[100.6862,-0.3271],[100.6892,-0.3349],[100.6958,-0.3395],[100.7112,-0.3436],[100.7356,-0.3584],[100.75,-0.363],[100.7552,-0.3662],[100.7629,-0.3652],[100.7738,-0.3604],[100.7757,-0.3581],[100.7729,-0.3556],[100.7729,-0.3508],[100.7763,-0.3498],[100.7778,-0.3466],[100.7836,-0.3484],[100.7857,-0.3469],[100.7863,-0.3494],[100.7904,-0.3517],[100.7991,-0.3512],[100.8029,-0.3533],[100.8075,-0.3531],[100.8085,-0.3515],[100.8102,-0.3542],[100.8119,-0.354],[100.8132,-0.3503],[100.8242,-0.3516],[100.8247,-0.3474],[100.8289,-0.3475],[100.8293,-0.3487],[100.8397,-0.3475],[100.8388,-0.346],[100.8414,-0.3462],[100.8438,-0.3442]],[[100.6674,-0.2382],[100.6675,-0.2422],[100.6675,-0.2433],[100.6606,-0.241],[100.6462,-0.25],[100.6491,-0.2661],[100.6473,-0.2706],[100.6494,-0.2739],[100.6461,-0.2742],[100.6343,-0.268],[100.6226,-0.2718],[100.6187,-0.2749],[100.6058,-0.2705],[100.6035,-0.2675],[100.5984,-0.265],[100.5986,-0.2622],[100.5907,-0.2473],[100.5796,-0.243],[100.5861,-0.2374],[100.5993,-0.2195],[100.5832,-0.2102],[100.5836,-0.2014],[100.5859,-0.1982],[100.5891,-0.1981],[100.5926,-0.1933],[100.5984,-0.1914],[100.6029,-0.1935],[100.6065,-0.1932],[100.6061,-0.1967],[100.6119,-0.195],[100.6174,-0.1957],[100.6195,-0.1941],[100.6316,-0.1944],[100.6324,-0.1871],[100.6364,-0.1841],[100.656,-0.1882],[100.6611,-0.1862],[100.6627,-0.1875],[100.6625,-0.1903],[100.6645,-0.1907],[100.6718,-0.1893],[100.6776,-0.1923],[100.6772,-0.1985],[100.6803,-0.2047],[100.6846,-0.2076],[100.6858,-0.2145],[100.6853,-0.2161],[100.6772,-0.2145],[100.6753,-0.2203],[100.6774,-0.2314],[100.6674,-0.2382]]]},"properties":{"GID_2":"IDN.30.7_1","GID_0":"IDN","COUNTRY":"Indonesia","GID_1":"IDN.30_1","NAME_1":"SumateraBarat","NL_NAME_1":"NA","NAME_2":"LimaPuluhKota","VARNAME_2":"NA","NL_NAME_2":"NA","TYPE_2":"Kabupaten","ENGTYPE_2":"Regency","CC_2":"1308","HASC_2":"ID.SB.LP","Data Indek":"Sumatera Barat","Data Ind_1":3,"Data Ind_2":"(0)","Data Ind_3":6.1,"Data Ind_4":123.94,"Data Ind_5":69390,"Data Ind_6":29.17,"Data Ind_7":107,"Data Ind_8":99.73,"Data Ind_9":93.67,"Data Ind10":-0.33,"Data Ind11":"Sedang"}},
{"type":"Feature","geometry":{"type":"MultiPolygon","coordinates":[[[[100.172,-1.1353],[100.1714,-1.1368],[100.1738,-1.1353],[100.1734,-1.1349],[100.172,-1.1353]]],[[[100.1713,-1.1341],[100.1707,-1.134],[100.1698,-1.1355],[100.1709,-1.1351],[100.1713,-1.1341]]],[[[100.3377,-1.123],[100.338,-1.1224],[100.3375,-1.1221],[100.3373,-1.1229],[100.3377,-1.123]]],[[[100.3386,-1.1215],[100.3383,-1.123],[100.341,-1.124],[100.3414,-1.1191],[100.3395,-1.1193],[100.3386,-1.1215]]],[[[100.3541,-1.1265],[100.3559,-1.1229],[100.3501,-1.1238],[100.3485,-1.1311],[100.3496,-1.1326],[100.3519,-1.1328],[100.3541,-1.1265]]],[[[100.356,-1.1186],[100.3553,-1.1184],[100.355,-1.119],[100.3552,-1.1191],[100.356,-1.1186]]],[[[100.3524,-0.9915],[100.3539,-0.9917],[100.3546,-0.9899],[100.3524,-0.9908],[100.3524,-0.9915]]],[[[100.2937,-0.8126],[100.2917,-0.8163],[100.2926,-0.8205],[100.3097,-0.8335],[100.3209,-0.8453],[100.3295,-0.8572],[100.3422,-0.884],[100.3446,-0.9049],[100.3422,-0.9066],[100.3477,-0.9164],[100.3502,-0.9252],[100.3528,-0.9605],[100.3518,-0.9635],[100.348,-0.9639],[100.3469,-0.9655],[100.3475,-0.9687],[100.3504,-0.968],[100.3541,-0.9739],[100.3572,-0.9742],[100.3594,-0.978],[100.3571,-0.9893],[100.3655,-0.9962],[100.3632,-1.0013],[100.365,-1.0057],[100.3684,-1.0015],[100.373,-1.0012],[100.371,-0.9987],[100.3741,-0.996],[100.3774,-0.996],[100.378,-0.9979],[100.3792,-0.9956],[100.38,-0.9973],[100.3795,-0.9956],[100.3824,-0.9931],[100.3854,-0.9963],[100.3872,-1.0017],[100.3859,-1.0085],[100.3888,-1.0074],[100.3904,-1.0086],[100.387,-1.0247],[100.3794,-1.0339],[100.3777,-1.0385],[100.3787,-1.0417],[100.3805,-1.0436],[100.3854,-1.0432],[100.3877,-1.0391],[100.3928,-1.0361],[100.3944,-1.0307],[100.3981,-1.0288],[100.4032,-1.0336],[100.4019,-1.0367],[100.407,-1.0366],[100.4119,-1.0409],[100.4115,-1.0488],[100.4059,-1.0518],[100.4097,-1.0516],[100.4138,-1.0589],[100.411,-1.0664],[100.4121,-1.0703],[100.4084,-1.074],[100.4048,-1.0733],[100.4041,-1.0701],[100.3978,-1.0702],[100.3969,-1.065],[100.3934,-1.0679],[100.3898,-1.0762],[100.3883,-1.0763],[100.3871,-1.0666],[100.381,-1.0651],[100.381,-1.0624],[100.3764,-1.0642],[100.3747,-1.0714],[100.3728,-1.0731],[100.3677,-1.0761],[100.3638,-1.0748],[100.3655,-1.0784],[100.3648,-1.085],[100.3663,-1.0876],[100.3652,-1.0901],[100.3685,-1.0913],[100.3727,-1.0967],[100.3708,-1.1015],[100.3763,-1.104],[100.3817,-1.1101],[100.3851,-1.1155],[100.3839,-1.1214],[100.3878,-1.1233],[100.3873,-1.1257],[100.3819,-1.1283],[100.3801,-1.1229],[100.3739,-1.1189],[100.3729,-1.1237],[100.368,-1.1253],[100.3654,-1.1231],[100.3624,-1.1238],[100.3602,-1.1273],[100.3594,-1.133],[100.3637,-1.1312],[100.3661,-1.1366],[100.3625,-1.1438],[100.3681,-1.1383],[100.3887,-1.1306],[100.398,-1.1194],[100.4044,-1.1179],[100.4207,-1.1085],[100.4207,-1.0999],[100.415,-1.0943],[100.4121,-1.0937],[100.4118,-1.0918],[100.4134,-1.086],[100.4218,-1.0808],[100.426,-1.076],[100.4299,-1.0591],[100.4386,-1.0541],[100.4474,-1.0418],[100.4584,-1.032],[100.4639,-1.0297],[100.4652,-1.0271],[100.4643,-1.0231],[100.4715,-1.0153],[100.4791,-1.0034],[100.4857,-1.0016],[100.4927,-1.0044],[100.5198,-0.9908],[100.5289,-0.977],[100.5367,-0.9569],[100.5361,-0.951],[100.5377,-0.9452],[100.5457,-0.9343],[100.5473,-0.9289],[100.5503,-0.9283],[100.5537,-0.9229],[100.5555,-0.9234],[100.5649,-0.9052],[100.5639,-0.8934],[100.5595,-0.8908],[100.5451,-0.8554],[100.5435,-0.8543],[100.5375,-0.8556],[100.5313,-0.8445],[100.5411,-0.833],[100.543,-0.8273],[100.5426,-0.8178],[100.5448,-0.8149],[100.5414,-0.8091],[100.5045,-0.7863],[100.5055,-0.7652],[100.5025,-0.7568],[100.5004,-0.7553],[100.4962,-0.7562],[100.4791,-0.7525],[100.4768,-0.7504],[100.4791,-0.7365],[100.4735,-0.7314],[100.4587,-0.7314],[100.4561,-0.729],[100.442,-0.734],[100.4307,-0.7408],[100.4183,-0.7426],[100.4144,-0.7458],[100.3998,-0.7487],[100.3958,-0.7543],[100.3785,-0.7616],[100.3757,-0.7684],[100.3665,-0.7726],[100.3599,-0.7803],[100.3507,-0.7859],[100.3471,-0.786],[100.3441,-0.789],[100.3408,-0.7974],[100.3366,-0.8014],[100.323,-0.8048],[100.3114,-0.8019],[100.3068,-0.8057],[100.2984,-0.8058],[100.2954,-0.8084],[100.2907,-0.8067],[100.2937,-0.8126]]],[[[100.2962,-1.0739],[100.2956,-1.0753],[100.2966,-1.0766],[100.2974,-1.0741],[100.2962,-1.0739]]],[[[100.1704,-1.0342],[100.1715,-1.0385],[100.1741,-1.0397],[100.1759,-1.0387],[100.1738,-1.0343],[100.1704,-1.0342]]],[[[100.341,-0.9911],[100.3384,-0.9903],[100.3381,-0.9959],[100.3422,-0.9944],[100.341,-0.9911]]],[[[100.208,-0.9804],[100.2063,-0.9805],[100.2058,-0.9827],[100.207,-0.9845],[100.2095,-0.9844],[100.2102,-0.9817],[100.208,-0.9804]]],[[[100.3697,-1.1194],[100.3671,-1.1155],[100.3638,-1.1166],[100.368,-1.1197],[100.3697,-1.1194]]],[[[100.3671,-1.0757],[100.3675,-1.0752],[100.367,-1.0749],[100.3667,-1.0751],[100.3671,-1.0757]]],[[[100.3634,-1.0189],[100.3627,-1.0186],[100.3629,-1.0195],[100.3632,-1.0195],[100.3634,-1.0189]]],[[[100.3796,-1.118],[100.3799,-1.1194],[100.3827,-1.1209],[100.3811,-1.118],[100.3796,-1.118]]],[[[100.3765,-0.9996],[100.3765,-0.9992],[100.3762,-0.9992],[100.3762,-0.9998],[100.3765,-0.9996]]],[[[100.2307,-0.956],[100.231,-0.955],[100.2294,-0.9543],[100.2293,-0.9557],[100.2307,-0.956]]],[[[100.2349,-0.9545],[100.2356,-0.9542],[100.2359,-0.9536],[100.2344,-0.9533],[100.2349,-0.9545]]],[[[100.1411,-0.9498],[100.1406,-0.9464],[100.1379,-0.9463],[100.1372,-0.9498],[100.1394,-0.9511],[100.1411,-0.9498]]],[[[100.2062,-0.8732],[100.2037,-0.8725],[100.2034,-0.8753],[100.2059,-0.8747],[100.2062,-0.8732]]],[[[100.0988,-0.8714],[100.0977,-0.8729],[100.1003,-0.8749],[100.1014,-0.872],[100.0988,-0.8714]]],[[[100.303,-0.8575],[100.3023,-0.8568],[100.2997,-0.8574],[100.3015,-0.8594],[100.303,-0.8575]]]]},"properties":{"GID_2":"IDN.30.10_1","GID_0":"IDN","COUNTRY":"Indonesia","GID_1":"IDN.30_1","NAME_1":"SumateraBarat","NL_NAME_1":"NA","NAME_2":"Padang","VARNAME_2":"NA","NL_NAME_2":"NA","TYPE_2":"Kota","ENGTYPE_2":"City","CC_2":"1371","HASC_2":"ID.SB.PD","Data Indek":"Sumatera Barat","Data Ind_1":1,"Data Ind_2":"(0)","Data Ind_3":3.6,"Data Ind_4":1389.89,"Data Ind_5":145914,"Data Ind_6":4.75,"Data Ind_7":245,"Data Ind_8":99.97,"Data Ind_9":100,"Data Ind10":-0.77,"Data Ind11":"Rendah"}},
{"type":"Feature","geometry":{"type":"Polygon","coordinates":[[[100.4345,-0.4782],[100.4327,-0.4732],[100.4357,-0.4722],[100.4363,-0.4696],[100.4325,-0.4628],[100.4295,-0.4601],[100.4258,-0.4596],[100.4249,-0.4556],[100.4119,-0.4546],[100.4089,-0.4593],[100.4077,-0.4556],[100.4044,-0.455],[100.4042,-0.4516],[100.3989,-0.45],[100.3965,-0.4509],[100.3954,-0.454],[100.3968,-0.4553],[100.3961,-0.4601],[100.3909,-0.4589],[100.3901,-0.4602],[100.3896,-0.4584],[100.3876,-0.4601],[100.3845,-0.4593],[100.3776,-0.4621],[100.3765,-0.4643],[100.3749,-0.464],[100.3747,-0.467],[100.3714,-0.4687],[100.3703,-0.4733],[100.3663,-0.4766],[100.3678,-0.479],[100.3801,-0.4856],[100.4065,-0.4852],[100.4042,-0.4802],[100.4058,-0.4802],[100.4078,-0.4844],[100.4124,-0.4836],[100.4207,-0.4852],[100.4221,-0.4833],[100.4236,-0.4858],[100.4306,-0.4865],[100.4328,-0.4891],[100.4345,-0.4782]]]},"properties":{"GID_2":"IDN.30.8_1","GID_0":"IDN","COUNTRY":"Indonesia","GID_1":"IDN.30_1","NAME_1":"SumateraBarat","NL_NAME_1":"NA","NAME_2":"PadangPanjang","VARNAME_2":"NA","NL_NAME_2":"NA","TYPE_2":"Kota","ENGTYPE_2":"City","CC_2":"1374","HASC_2":"ID.SB.PJ","Data Indek":"Sumatera Barat","Data Ind_1":1,"Data Ind_2":"(0)","Data Ind_3":5,"Data Ind_4":2557.89,"Data Ind_5":9595,"Data Ind_6":0.61,"Data Ind_7":30,"Data Ind_8":100,"Data Ind_9":100,"Data Ind10":-0.53,"Data Ind11":"Rendah"}},
{"type":"Feature","geometry":{"type":"Polygon","coordinates":[[[100.2954,-0.8084],[100.2984,-0.8058],[100.3068,-0.8057],[100.3114,-0.8019],[100.323,-0.8048],[100.3366,-0.8014],[100.3408,-0.7974],[100.3441,-0.789],[100.3471,-0.786],[100.3507,-0.7859],[100.3599,-0.7803],[100.3665,-0.7726],[100.3757,-0.7684],[100.3785,-0.7616],[100.3958,-0.7543],[100.3998,-0.7487],[100.4144,-0.7458],[100.4183,-0.7426],[100.4307,-0.7408],[100.442,-0.734],[100.4561,-0.729],[100.4579,-0.7253],[100.4471,-0.7134],[100.4423,-0.7014],[100.4421,-0.6886],[100.4394,-0.6807],[100.4422,-0.6728],[100.4417,-0.6641],[100.4278,-0.6545],[100.4283,-0.6469],[100.4321,-0.6399],[100.431,-0.6377],[100.4201,-0.6332],[100.4172,-0.6292],[100.4125,-0.6268],[100.4023,-0.6276],[100.3975,-0.632],[100.3958,-0.63],[100.3751,-0.6219],[100.3981,-0.6147],[100.4103,-0.6034],[100.4158,-0.6025],[100.418,-0.5994],[100.4191,-0.5828],[100.4129,-0.5662],[100.4088,-0.5628],[100.4005,-0.5655],[100.3965,-0.5637],[100.3937,-0.5546],[100.3874,-0.5437],[100.3883,-0.533],[100.3827,-0.5261],[100.3871,-0.5138],[100.3863,-0.5072],[100.388,-0.5006],[100.3929,-0.4912],[100.3878,-0.4895],[100.375,-0.4917],[100.3652,-0.4881],[100.3587,-0.4914],[100.3451,-0.4866],[100.3387,-0.4883],[100.3307,-0.4877],[100.3269,-0.4816],[100.3202,-0.4782],[100.3186,-0.4731],[100.3134,-0.446],[100.3157,-0.4292],[100.3123,-0.4291],[100.3064,-0.4321],[100.2878,-0.4564],[100.2853,-0.4618],[100.2833,-0.4614],[100.2721,-0.4674],[100.2715,-0.4693],[100.2645,-0.4716],[100.2465,-0.4676],[100.2462,-0.4598],[100.2384,-0.4485],[100.2266,-0.4458],[100.223,-0.4383],[100.2156,-0.432],[100.2155,-0.4282],[100.2185,-0.4203],[100.2169,-0.4149],[100.2139,-0.4135],[100.2096,-0.4147],[100.2038,-0.4133],[100.1993,-0.4155],[100.1884,-0.4144],[100.1762,-0.4083],[100.1577,-0.3903],[100.1553,-0.3769],[100.1585,-0.3601],[100.1557,-0.357],[100.1508,-0.3423],[100.1364,-0.32],[100.1311,-0.3163],[100.1289,-0.3165],[100.1243,-0.3244],[100.1216,-0.3249],[100.1199,-0.3284],[100.1152,-0.3312],[100.1012,-0.3326],[100.0961,-0.3298],[100.0934,-0.326],[100.0873,-0.3246],[100.0667,-0.3293],[100.0612,-0.3352],[100.0569,-0.3485],[100.0481,-0.3559],[100.0493,-0.3609],[100.0483,-0.3635],[100.0458,-0.3643],[100.0348,-0.3626],[100.0291,-0.3652],[100.0231,-0.3621],[100.0178,-0.3637],[100.0006,-0.3582],[99.9933,-0.3597],[99.988,-0.3635],[99.9853,-0.3694],[99.9878,-0.3743],[99.9898,-0.3746],[99.991,-0.3791],[99.9946,-0.3812],[99.9996,-0.3923],[99.9999,-0.3978],[99.9956,-0.401],[99.9861,-0.3979],[99.9829,-0.3992],[99.9804,-0.4033],[99.9795,-0.4146],[99.9778,-0.4168],[99.97,-0.4177],[99.9618,-0.4342],[99.9833,-0.4568],[99.9961,-0.4649],[100.0411,-0.5056],[100.0622,-0.5303],[100.0773,-0.5451],[100.0904,-0.567],[100.0911,-0.5628],[100.0945,-0.5608],[100.0966,-0.5626],[100.1012,-0.5596],[100.1034,-0.562],[100.1064,-0.5615],[100.1086,-0.5583],[100.1268,-0.5524],[100.1286,-0.5485],[100.1336,-0.5513],[100.1359,-0.5604],[100.1321,-0.5628],[100.1312,-0.5713],[100.1353,-0.5724],[100.1382,-0.5701],[100.14,-0.5722],[100.1445,-0.5727],[100.1496,-0.5707],[100.1511,-0.5733],[100.1491,-0.5793],[100.15,-0.5817],[100.1465,-0.5852],[100.1466,-0.5882],[100.1551,-0.5889],[100.1561,-0.595],[100.1613,-0.5937],[100.1672,-0.6026],[100.1705,-0.5998],[100.1736,-0.6006],[100.1736,-0.6027],[100.1787,-0.6054],[100.1752,-0.6078],[100.1801,-0.6084],[100.1822,-0.6154],[100.1738,-0.6189],[100.1748,-0.6206],[100.177,-0.6204],[100.1767,-0.6225],[100.1738,-0.6221],[100.1731,-0.6279],[100.1769,-0.631],[100.174,-0.633],[100.1723,-0.6439],[100.1686,-0.6443],[100.1731,-0.6487],[100.1728,-0.6521],[100.1647,-0.6498],[100.1607,-0.6573],[100.1535,-0.6654],[100.1542,-0.6683],[100.1574,-0.669],[100.1593,-0.6757],[100.1969,-0.7142],[100.2176,-0.7304],[100.2573,-0.7693],[100.2811,-0.799],[100.2874,-0.8082],[100.2909,-0.8171],[100.2937,-0.8126],[100.2909,-0.8064],[100.2954,-0.8084]]]},"properties":{"GID_2":"IDN.30.9_1","GID_0":"IDN","COUNTRY":"Indonesia","GID_1":"IDN.30_1","NAME_1":"SumateraBarat","NL_NAME_1":"NA","NAME_2":"PadangPariaman","VARNAME_2":"NA","NL_NAME_2":"NA","TYPE_2":"Kabupaten","ENGTYPE_2":"Regency","CC_2":"1306","HASC_2":"ID.SB.PP","Data Indek":"Sumatera Barat","Data Ind_1":1,"Data Ind_2":"(1)","Data Ind_3":5.9,"Data Ind_4":347.95,"Data Ind_5":77995,"Data Ind_6":6.5,"Data Ind_7":105,"Data Ind_8":99.69,"Data Ind_9":92.23,"Data Ind10":-0.04,"Data Ind11":"Tinggi"}},
{"type":"Feature","geometry":{"type":"MultiPolygon","coordinates":[[[[100.1593,-0.6757],[100.1581,-0.6699],[100.1545,-0.6687],[100.1535,-0.6654],[100.1607,-0.6573],[100.1647,-0.6498],[100.1728,-0.6521],[100.1731,-0.6487],[100.1686,-0.6443],[100.1723,-0.6439],[100.174,-0.633],[100.1769,-0.631],[100.1731,-0.6279],[100.1738,-0.6221],[100.1767,-0.6225],[100.177,-0.6204],[100.1748,-0.6206],[100.1738,-0.6189],[100.1821,-0.6157],[100.1801,-0.6084],[100.1749,-0.607],[100.1787,-0.6054],[100.1736,-0.6027],[100.1736,-0.6006],[100.1705,-0.5998],[100.1672,-0.6026],[100.1613,-0.5937],[100.1561,-0.595],[100.1565,-0.5925],[100.154,-0.5883],[100.1486,-0.5893],[100.1466,-0.5882],[100.1465,-0.5852],[100.15,-0.5817],[100.1491,-0.5793],[100.1511,-0.5733],[100.1496,-0.5707],[100.1445,-0.5727],[100.14,-0.5722],[100.1382,-0.5701],[100.1353,-0.5724],[100.1312,-0.5713],[100.1321,-0.5628],[100.1359,-0.5604],[100.135,-0.554],[100.131,-0.5489],[100.1286,-0.5485],[100.1268,-0.5524],[100.1244,-0.5538],[100.1222,-0.5533],[100.1204,-0.5554],[100.1086,-0.5583],[100.1051,-0.562],[100.1012,-0.5596],[100.0978,-0.5625],[100.0953,-0.5608],[100.0926,-0.5615],[100.0904,-0.5638],[100.0904,-0.567],[100.0936,-0.5745],[100.1069,-0.5966],[100.1149,-0.6133],[100.1161,-0.6287],[100.1288,-0.6471],[100.1431,-0.6591],[100.1593,-0.6757]]],[[[100.1117,-0.6591],[100.1097,-0.6603],[100.1105,-0.6614],[100.1117,-0.6614],[100.1117,-0.6591]]],[[[100.1019,-0.6458],[100.1007,-0.6467],[100.1017,-0.6481],[100.1031,-0.647],[100.1019,-0.6458]]],[[[100.0997,-0.6324],[100.0981,-0.6329],[100.0981,-0.6342],[100.1005,-0.6337],[100.0997,-0.6324]]],[[[100.0746,-0.5961],[100.075,-0.5967],[100.0759,-0.5966],[100.0756,-0.5954],[100.0746,-0.5961]]]]},"properties":{"GID_2":"IDN.30.11_1","GID_0":"IDN","COUNTRY":"Indonesia","GID_1":"IDN.30_1","NAME_1":"SumateraBarat","NL_NAME_1":"NA","NAME_2":"Pariaman","VARNAME_2":"NA","NL_NAME_2":"NA","TYPE_2":"Kota","ENGTYPE_2":"City","CC_2":"1377","HASC_2":"ID.SB.PA","Data Indek":"Sumatera Barat","Data Ind_1":1,"Data Ind_2":"(0)","Data Ind_3":3.8,"Data Ind_4":1535.41,"Data Ind_5":16632,"Data Ind_6":3.48,"Data Ind_7":37,"Data Ind_8":100,"Data Ind_9":98.59,"Data Ind10":-0.55,"Data Ind11":"Rendah"}},
{"type":"Feature","geometry":{"type":"Polygon","coordinates":[[[100.1601,-0.1076],[100.1646,-0.1018],[100.1759,-0.0923],[100.1877,-0.0932],[100.1885,-0.0911],[100.2368,-0.0625],[100.244,-0.0652],[100.2495,-0.0658],[100.2513,-0.0646],[100.2582,-0.0596],[100.2614,-0.0536],[100.261,-0.0418],[100.2649,-0.0317],[100.2601,-0.0225],[100.2617,-0.0195],[100.2688,-0.0173],[100.2739,-0.0112],[100.2773,-0.0099],[100.2922,-0.0097],[100.3016,-0.0067],[100.3083,-0.0024],[100.3123,0.0022],[100.3201,0.0274],[100.3279,0.0344],[100.3349,0.0376],[100.3376,0.0428],[100.3302,0.0523],[100.3274,0.0637],[100.3178,0.081],[100.3158,0.0878],[100.3249,0.102],[100.324,0.1075],[100.3209,0.1112],[100.3204,0.1143],[100.3208,0.1186],[100.3245,0.1256],[100.324,0.1367],[100.3292,0.1511],[100.3495,0.1706],[100.3515,0.1776],[100.3437,0.2014],[100.3366,0.2108],[100.3327,0.2194],[100.3325,0.2275],[100.3294,0.2345],[100.3321,0.2527],[100.3193,0.2741],[100.3158,0.2744],[100.3198,0.2865],[100.3153,0.2881],[100.3087,0.3002],[100.3101,0.3057],[100.32,0.3147],[100.329,0.3329],[100.3321,0.3359],[100.3322,0.338],[100.328,0.3438],[100.3333,0.3521],[100.3242,0.3576],[100.3232,0.3609],[100.3262,0.3642],[100.3256,0.3665],[100.3195,0.3676],[100.3116,0.3778],[100.303,0.3843],[100.3005,0.3966],[100.2991,0.3974],[100.2959,0.3957],[100.2931,0.3925],[100.2882,0.4002],[100.2808,0.4023],[100.2737,0.4076],[100.2646,0.4197],[100.255,0.442],[100.2562,0.445],[100.2604,0.4457],[100.25,0.4559],[100.2462,0.4642],[100.2376,0.4751],[100.2373,0.4788],[100.2398,0.4801],[100.2424,0.4858],[100.242,0.4908],[100.2377,0.4947],[100.2216,0.5029],[100.2166,0.5116],[100.2161,0.5207],[100.2294,0.5277],[100.2315,0.5313],[100.2376,0.5353],[100.235,0.5361],[100.2354,0.539],[100.233,0.5432],[100.2381,0.5394],[100.235,0.5457],[100.2245,0.5543],[100.2156,0.5581],[100.2039,0.5583],[100.2001,0.5599],[100.1948,0.5578],[100.1917,0.56],[100.1841,0.561],[100.1798,0.5659],[100.1765,0.5739],[100.1783,0.5895],[100.1868,0.6266],[100.2013,0.6409],[100.2015,0.6432],[100.2158,0.6631],[100.2378,0.6733],[100.2408,0.6793],[100.2427,0.6943],[100.2399,0.7332],[100.2321,0.737],[100.2238,0.7388],[100.2205,0.7418],[100.2158,0.7398],[100.2132,0.7356],[100.2072,0.7378],[100.2005,0.7447],[100.1933,0.7638],[100.1697,0.7647],[100.136,0.7755],[100.1197,0.7859],[100.0744,0.8012],[100.0347,0.8273],[100.01,0.8403],[100.0021,0.8435],[99.9966,0.8415],[99.9838,0.845],[99.9763,0.8499],[99.9731,0.8487],[99.9675,0.8507],[99.9608,0.86],[99.9595,0.8689],[99.9517,0.8793],[99.9411,0.8827],[99.9099,0.887],[99.9006,0.891],[99.9008,0.8931],[99.8984,0.896],[99.8925,0.8969],[99.8818,0.9017],[99.8793,0.905],[99.8716,0.9074],[99.8663,0.9065],[99.857,0.8967],[99.8407,0.8929],[99.834,0.8867],[99.8309,0.8805],[99.8329,0.8711],[99.8412,0.8512],[99.8416,0.8343],[99.8375,0.8209],[99.8448,0.8143],[99.8459,0.8077],[99.8438,0.7976],[99.8468,0.7911],[99.8431,0.7802],[99.8448,0.776],[99.8438,0.7721],[99.8462,0.7689],[99.8456,0.7622],[99.8436,0.7594],[99.8348,0.7575],[99.8335,0.7557],[99.834,0.7514],[99.8305,0.7442],[99.8261,0.7397],[99.8253,0.7359],[99.8297,0.7161],[99.8352,0.709],[99.8342,0.7013],[99.8309,0.6962],[99.847,0.685],[99.8531,0.683],[99.8855,0.6887],[99.8888,0.6868],[99.893,0.6793],[99.8962,0.6766],[99.9047,0.6806],[99.9111,0.6799],[99.9166,0.6548],[99.916,0.6496],[99.9252,0.6329],[99.9251,0.6312],[99.9096,0.629],[99.9088,0.6268],[99.9233,0.6153],[99.9204,0.6054],[99.9272,0.6042],[99.9308,0.5972],[99.9408,0.5928],[99.9517,0.5762],[99.9598,0.5695],[99.9608,0.5603],[99.9649,0.5544],[99.9647,0.5458],[99.9564,0.5308],[99.9502,0.5242],[99.952,0.5205],[99.9596,0.5161],[99.9611,0.5136],[99.9552,0.5104],[99.9462,0.5097],[99.9364,0.5035],[99.9202,0.4878],[99.9174,0.4816],[99.9042,0.4704],[99.8929,0.4705],[99.8823,0.4665],[99.8761,0.4686],[99.8702,0.4647],[99.8634,0.4649],[99.8591,0.4633],[99.8494,0.4699],[99.8368,0.4586],[99.8203,0.4605],[99.8304,0.4409],[99.8305,0.4279],[99.8254,0.417],[99.8217,0.4143],[99.8152,0.4134],[99.8029,0.4163],[99.7947,0.4123],[99.7847,0.4176],[99.7782,0.4187],[99.7763,0.416],[99.7765,0.4082],[99.7744,0.4015],[99.7698,0.3987],[99.7501,0.3973],[99.7476,0.3897],[99.7435,0.3856],[99.7437,0.3822],[99.7682,0.3674],[99.7701,0.3627],[99.7768,0.3586],[99.7728,0.3493],[99.7602,0.346],[99.7537,0.3359],[99.7524,0.332],[99.7547,0.32],[99.7614,0.3133],[99.7684,0.3099],[99.7818,0.3205],[99.7873,0.3206],[99.7887,0.3186],[99.7907,0.3019],[99.7952,0.2983],[99.8108,0.2996],[99.8219,0.304],[99.8249,0.3077],[99.8477,0.3029],[99.8532,0.298],[99.855,0.2942],[99.8598,0.2919],[99.8668,0.2916],[99.8935,0.304],[99.9136,0.304],[99.9192,0.3006],[99.928,0.2988],[99.9288,0.2972],[99.9328,0.2962],[99.9335,0.2937],[99.9514,0.2919],[99.9555,0.2867],[99.9598,0.287],[99.9594,0.2855],[99.9631,0.2848],[99.9634,0.2825],[99.9676,0.2812],[99.968,0.2776],[99.9817,0.2774],[99.9902,0.2829],[99.9923,0.2802],[99.9983,0.2772],[100.0129,0.275],[100.0154,0.2622],[100.0271,0.2567],[100.0308,0.2359],[100.0295,0.2263],[100.0251,0.2148],[100.0138,0.1963],[100.0107,0.1875],[100.0119,0.1765],[100.0145,0.1698],[100.0137,0.1632],[100.0165,0.1556],[100.0124,0.1393],[100.0121,0.1308],[99.9999,0.1023],[99.9941,0.0958],[99.993,0.0893],[99.9943,0.089],[99.9868,0.0838],[99.9815,0.0747],[99.9668,0.0647],[99.9589,0.0617],[99.9617,0.0508],[99.9659,0.0473],[99.9758,0.0301],[99.9837,0.0278],[99.9957,0.0119],[100.003,0.0073],[100.0107,0.0065],[100.0153,-0.0022],[100.0152,-0.0071],[100.0204,-0.0149],[100.0253,-0.0154],[100.0361,-0.0243],[100.0402,-0.0246],[100.0418,-0.0279],[100.0454,-0.0294],[100.0476,-0.0326],[100.0471,-0.0436],[100.0434,-0.0422],[100.0381,-0.0478],[100.0357,-0.0467],[100.0366,-0.0509],[100.0344,-0.0515],[100.0307,-0.0582],[100.0315,-0.0631],[100.0335,-0.0605],[100.0361,-0.0635],[100.0369,-0.0664],[100.0336,-0.0679],[100.0374,-0.0815],[100.0436,-0.0831],[100.0506,-0.0812],[100.0614,-0.0843],[100.0708,-0.0845],[100.0763,-0.0838],[100.08,-0.0809],[100.0859,-0.0808],[100.0903,-0.0779],[100.0943,-0.0797],[100.0992,-0.0794],[100.1056,-0.0755],[100.114,-0.0794],[100.1153,-0.0848],[100.1216,-0.0866],[100.1225,-0.0938],[100.1267,-0.0953],[100.1347,-0.0945],[100.1404,-0.1024],[100.1503,-0.1019],[100.1601,-0.1076]]]},"properties":{"GID_2":"IDN.30.13_1","GID_0":"IDN","COUNTRY":"Indonesia","GID_1":"IDN.30_1","NAME_1":"SumateraBarat","NL_NAME_1":"NA","NAME_2":"Pasaman","VARNAME_2":"NA","NL_NAME_2":"NA","TYPE_2":"Kabupaten","ENGTYPE_2":"Regency","CC_2":"1309","HASC_2":"ID.SB.PM","Data Indek":"Sumatera Barat","Data Ind_1":3,"Data Ind_2":"(1)","Data Ind_3":6,"Data Ind_4":82.75,"Data Ind_5":45398,"Data Ind_6":14.93,"Data Ind_7":75,"Data Ind_8":99.75,"Data Ind_9":83.87,"Data Ind10":0.21,"Data Ind11":"Sangat Tinggi"}},
{"type":"Feature","geometry":{"type":"MultiPolygon","coordinates":[[[[99.1946,0.2714],[99.184,0.2542],[99.178,0.2518],[99.1758,0.2488],[99.1747,0.2408],[99.1673,0.2284],[99.1692,0.2263],[99.1753,0.2311],[99.1777,0.231],[99.1777,0.2356],[99.1826,0.2399],[99.1772,0.2428],[99.1779,0.2477],[99.1812,0.2519],[99.1896,0.2537],[99.1916,0.2524],[99.193,0.2462],[99.1919,0.2355],[99.2035,0.2335],[99.2051,0.2303],[99.2049,0.2254],[99.2095,0.2158],[99.212,0.2173],[99.2151,0.2156],[99.217,0.2121],[99.2209,0.2103],[99.2247,0.2134],[99.2265,0.2127],[99.2326,0.2154],[99.237,0.2077],[99.2383,0.21],[99.2402,0.2089],[99.2394,0.2134],[99.241,0.2161],[99.2436,0.2168],[99.2491,0.2141],[99.2497,0.212],[99.2509,0.2135],[99.2545,0.2107],[99.2577,0.2109],[99.2587,0.2058],[99.2639,0.2022],[99.2639,0.2151],[99.2674,0.2224],[99.2715,0.2194],[99.2735,0.2216],[99.2785,0.2222],[99.2792,0.2243],[99.2842,0.2246],[99.2852,0.2283],[99.2971,0.2288],[99.304,0.2353],[99.3144,0.2378],[99.3368,0.2375],[99.3597,0.2291],[99.3618,0.2261],[99.361,0.2221],[99.3586,0.22],[99.3589,0.2158],[99.3621,0.2155],[99.3637,0.217],[99.3775,0.2073],[99.3766,0.1969],[99.3738,0.1972],[99.3717,0.1955],[99.3739,0.1909],[99.3792,0.1901],[99.3831,0.1865],[99.3855,0.1888],[99.3886,0.1865],[99.3924,0.1865],[99.3925,0.1829],[99.3875,0.173],[99.3895,0.1712],[99.3919,0.1599],[99.3983,0.1512],[99.4128,0.1528],[99.4188,0.151],[99.4233,0.1471],[99.4334,0.147],[99.4779,0.1328],[99.6171,0.0659],[99.6536,0.0418],[99.683,0.0133],[99.6849,0.0078],[99.6911,0.0048],[99.6912,0.0022],[99.7298,-0.0205],[99.7403,-0.0294],[99.7557,-0.0492],[99.7623,-0.0633],[99.7635,-0.07],[99.7575,-0.0834],[99.7587,-0.1157],[99.7486,-0.1339],[99.746,-0.1455],[99.7564,-0.1552],[99.7679,-0.1709],[99.8045,-0.1762],[99.8067,-0.1759],[99.8097,-0.1723],[99.8195,-0.1684],[99.8315,-0.1691],[99.8331,-0.1657],[99.8378,-0.163],[99.8422,-0.1636],[99.8453,-0.1685],[99.8472,-0.1677],[99.8483,-0.1631],[99.8511,-0.1618],[99.8591,-0.163],[99.8727,-0.1595],[99.8849,-0.162],[99.898,-0.1572],[99.9018,-0.1607],[99.9082,-0.1583],[99.9147,-0.1627],[99.9186,-0.156],[99.933,-0.1486],[99.9399,-0.1505],[99.9418,-0.1458],[99.9438,-0.1453],[99.9484,-0.1488],[99.951,-0.1486],[99.9609,-0.1435],[99.9639,-0.14],[99.9693,-0.1384],[99.9809,-0.1387],[99.9853,-0.1461],[99.9879,-0.1452],[99.9875,-0.1413],[99.9892,-0.139],[99.992,-0.1395],[99.9946,-0.1425],[100.0013,-0.1435],[100.0013,-0.1386],[100.0048,-0.1348],[100.0045,-0.1285],[100.0082,-0.1231],[100.0134,-0.119],[100.0162,-0.1035],[100.0153,-0.0977],[100.0226,-0.0937],[100.0318,-0.0918],[100.0363,-0.0837],[100.0382,-0.0833],[100.0336,-0.0679],[100.0369,-0.0664],[100.0361,-0.0635],[100.0335,-0.0605],[100.0315,-0.0631],[100.0307,-0.0582],[100.0344,-0.0515],[100.0366,-0.0509],[100.0357,-0.0467],[100.0381,-0.0478],[100.0434,-0.0422],[100.0471,-0.0436],[100.0466,-0.0387],[100.0482,-0.0341],[100.0402,-0.0246],[100.0361,-0.0243],[100.0253,-0.0154],[100.0204,-0.0149],[100.0152,-0.0071],[100.0153,-0.0022],[100.0107,0.0065],[100.003,0.0073],[99.9981,0.01],[99.9837,0.0278],[99.9758,0.0301],[99.9659,0.0473],[99.9617,0.0508],[99.9589,0.0616],[99.9668,0.0647],[99.9815,0.0747],[99.9868,0.0838],[99.9943,0.089],[99.993,0.0893],[99.9941,0.0958],[99.9999,0.1023],[100.0026,0.1112],[100.0066,0.116],[100.0108,0.1269],[100.0165,0.1556],[100.0137,0.1632],[100.0145,0.1698],[100.0119,0.1765],[100.0107,0.1875],[100.0138,0.1963],[100.0251,0.2148],[100.0295,0.2263],[100.0308,0.2359],[100.0271,0.2567],[100.0154,0.2622],[100.0129,0.275],[99.9983,0.2772],[99.9923,0.2802],[99.9902,0.2829],[99.9817,0.2774],[99.968,0.2776],[99.9676,0.2812],[99.9634,0.2825],[99.9631,0.2848],[99.9594,0.2855],[99.9598,0.287],[99.9555,0.2867],[99.9514,0.2919],[99.9335,0.2937],[99.9328,0.2962],[99.9288,0.2972],[99.928,0.2988],[99.9192,0.3006],[99.9136,0.304],[99.8935,0.304],[99.8668,0.2916],[99.8631,0.2916],[99.855,0.2942],[99.8532,0.298],[99.8477,0.3029],[99.8333,0.3068],[99.8249,0.3077],[99.8219,0.304],[99.8108,0.2996],[99.7952,0.2983],[99.7907,0.3019],[99.7887,0.3186],[99.7873,0.3206],[99.7818,0.3205],[99.7706,0.3108],[99.7657,0.3107],[99.7547,0.32],[99.7524,0.332],[99.759,0.345],[99.7728,0.3493],[99.7768,0.3586],[99.7701,0.3627],[99.7682,0.3674],[99.762,0.3702],[99.7502,0.379],[99.7466,0.3798],[99.7437,0.3822],[99.7435,0.3856],[99.7476,0.3897],[99.7501,0.3973],[99.7698,0.3987],[99.7744,0.4015],[99.7765,0.4082],[99.7763,0.416],[99.7782,0.4187],[99.7847,0.4176],[99.7947,0.4123],[99.8029,0.4163],[99.8152,0.4134],[99.8217,0.4143],[99.8254,0.417],[99.8305,0.4279],[99.8304,0.4409],[99.8203,0.4605],[99.8088,0.4651],[99.8064,0.4714],[99.8042,0.4731],[99.7874,0.4816],[99.7809,0.4822],[99.7577,0.4775],[99.7514,0.479],[99.7425,0.4778],[99.739,0.4748],[99.7351,0.4641],[99.7291,0.4549],[99.7201,0.4524],[99.7087,0.4592],[99.7008,0.4681],[99.6828,0.4692],[99.6763,0.476],[99.6741,0.4843],[99.6664,0.4911],[99.6654,0.5017],[99.6616,0.5071],[99.6654,0.5162],[99.6611,0.5246],[99.6555,0.5312],[99.6511,0.531],[99.6493,0.5323],[99.6494,0.5402],[99.6419,0.5458],[99.6383,0.547],[99.6303,0.5427],[99.6193,0.5301],[99.6083,0.5248],[99.5978,0.524],[99.5938,0.5217],[99.5905,0.516],[99.5834,0.5157],[99.5764,0.5101],[99.573,0.5095],[99.5593,0.5106],[99.5469,0.5175],[99.5305,0.5218],[99.5223,0.5293],[99.5188,0.5353],[99.5133,0.5377],[99.5198,0.5457],[99.5208,0.5501],[99.5192,0.552],[99.5038,0.5395],[99.4914,0.5323],[99.4896,0.5296],[99.4804,0.5263],[99.4773,0.5266],[99.4744,0.5242],[99.4687,0.5236],[99.4628,0.5164],[99.458,0.5149],[99.4459,0.5064],[99.4456,0.5039],[99.4373,0.4957],[99.4291,0.492],[99.4126,0.4932],[99.4075,0.491],[99.4046,0.4871],[99.3979,0.4649],[99.3883,0.4553],[99.3848,0.4492],[99.3661,0.4314],[99.3609,0.4118],[99.3498,0.3863],[99.3341,0.358],[99.3174,0.3346],[99.3146,0.3335],[99.2973,0.3369],[99.2655,0.3372],[99.2487,0.3325],[99.2367,0.3227],[99.2248,0.3079],[99.1998,0.2896],[99.1943,0.2822],[99.1946,0.2714]]],[[[99.36,0.1238],[99.3622,0.1245],[99.3619,0.1267],[99.3599,0.1257],[99.36,0.1238]]],[[[99.2939,0.1384],[99.2948,0.1435],[99.2937,0.1444],[99.2923,0.1423],[99.2939,0.1384]]],[[[99.2827,0.1769],[99.279,0.1781],[99.2783,0.1761],[99.2795,0.173],[99.2837,0.1716],[99.2839,0.1736],[99.2827,0.1769]]],[[[99.2996,0.1861],[99.2999,0.1877],[99.2978,0.1876],[99.2967,0.1848],[99.2986,0.1847],[99.2996,0.1861]]],[[[99.313,0.1929],[99.31,0.195],[99.3054,0.1924],[99.3022,0.1869],[99.3041,0.1819],[99.31,0.1825],[99.3119,0.1843],[99.313,0.1929]]],[[[99.2888,0.2278],[99.2862,0.2276],[99.2856,0.225],[99.2814,0.2229],[99.2796,0.2196],[99.2822,0.2152],[99.2812,0.2136],[99.2919,0.2091],[99.2962,0.2125],[99.2962,0.2163],[99.2914,0.2269],[99.2888,0.2278]]],[[[99.301,0.2249],[99.3005,0.2239],[99.3015,0.2237],[99.3016,0.2244],[99.301,0.2249]]],[[[99.1911,0.2346],[99.1913,0.2342],[99.1917,0.2342],[99.1915,0.2347],[99.1911,0.2346]]],[[[99.191,0.2468],[99.1915,0.2467],[99.1915,0.2474],[99.1912,0.2474],[99.191,0.2468]]]]},"properties":{"GID_2":"IDN.30.12_1","GID_0":"IDN","COUNTRY":"Indonesia","GID_1":"IDN.30_1","NAME_1":"SumateraBarat","NL_NAME_1":"NA","NAME_2":"PasamanBarat","VARNAME_2":"NA","NL_NAME_2":"NA","TYPE_2":"Kabupaten","ENGTYPE_2":"Regency","CC_2":"1312","HASC_2":"ID.SB.PB","Data Indek":"Sumatera Barat","Data Ind_1":1,"Data Ind_2":"(0)","Data Ind_3":6.3,"Data Ind_4":120.11,"Data Ind_5":64983,"Data Ind_6":18.45,"Data Ind_7":88,"Data Ind_8":99.73,"Data Ind_9":97.78,"Data Ind10":-0.51,"Data Ind11":"Rendah"}},
{"type":"Feature","geometry":{"type":"Polygon","coordinates":[[[100.6611,-0.1862],[100.6596,-0.1878],[100.6525,-0.1873],[100.6364,-0.1841],[100.6324,-0.1871],[100.6316,-0.1944],[100.6195,-0.1941],[100.6174,-0.1957],[100.6119,-0.195],[100.6093,-0.1966],[100.6059,-0.1966],[100.6063,-0.1932],[100.6029,-0.1935],[100.5984,-0.1914],[100.5926,-0.1933],[100.5891,-0.1981],[100.5859,-0.1982],[100.5838,-0.2011],[100.5832,-0.2102],[100.5993,-0.2195],[100.5861,-0.2374],[100.5796,-0.243],[100.5907,-0.2473],[100.5986,-0.2622],[100.5984,-0.265],[100.6035,-0.2675],[100.6058,-0.2705],[100.6187,-0.2749],[100.6226,-0.2718],[100.6343,-0.268],[100.6461,-0.2742],[100.6494,-0.2739],[100.6473,-0.2706],[100.6491,-0.2661],[100.6462,-0.25],[100.6606,-0.241],[100.6675,-0.2433],[100.6674,-0.2382],[100.6774,-0.2314],[100.6753,-0.2203],[100.6772,-0.2145],[100.6853,-0.2161],[100.6859,-0.2121],[100.6846,-0.2076],[100.6803,-0.2047],[100.6774,-0.199],[100.6776,-0.1923],[100.6708,-0.1891],[100.6627,-0.1903],[100.6627,-0.1875],[100.6611,-0.1862]]]},"properties":{"GID_2":"IDN.30.14_1","GID_0":"IDN","COUNTRY":"Indonesia","GID_1":"IDN.30_1","NAME_1":"SumateraBarat","NL_NAME_1":"NA","NAME_2":"Payakumbuh","VARNAME_2":"NA","NL_NAME_2":"NA","TYPE_2":"Kota","ENGTYPE_2":"City","CC_2":"1376","HASC_2":"ID.SB.PY","Data Indek":"Sumatera Barat","Data Ind_1":0,"Data Ind_2":"(0)","Data Ind_3":5,"Data Ind_4":1993.2,"Data Ind_5":24181,"Data Ind_6":1.95,"Data Ind_7":60,"Data Ind_8":100,"Data Ind_9":100,"Data Ind10":-0.64,"Data Ind11":"Rendah"}},
{"type":"Feature","geometry":{"type":"MultiPolygon","coordinates":[[[[100.3681,-1.1383],[100.3619,-1.1466],[100.361,-1.1559],[100.354,-1.1625],[100.3487,-1.1714],[100.3544,-1.1713],[100.3574,-1.1677],[100.355,-1.1662],[100.356,-1.1613],[100.3682,-1.153],[100.3707,-1.1565],[100.3734,-1.1496],[100.3801,-1.1457],[100.3823,-1.1476],[100.385,-1.1561],[100.3797,-1.1633],[100.3833,-1.1733],[100.3802,-1.1762],[100.3811,-1.1784],[100.3847,-1.1784],[100.3861,-1.1835],[100.395,-1.1789],[100.3969,-1.1809],[100.3951,-1.1825],[100.4003,-1.1817],[100.4018,-1.1857],[100.3985,-1.1874],[100.3989,-1.1905],[100.4109,-1.1987],[100.4164,-1.1985],[100.4173,-1.2009],[100.4195,-1.1999],[100.4212,-1.1955],[100.4287,-1.1968],[100.4303,-1.2006],[100.4318,-1.2009],[100.4262,-1.2075],[100.4276,-1.2131],[100.4263,-1.2163],[100.4289,-1.2229],[100.4277,-1.2245],[100.424,-1.2227],[100.4214,-1.2247],[100.4223,-1.2264],[100.4278,-1.2276],[100.4262,-1.2296],[100.427,-1.2306],[100.4347,-1.2302],[100.436,-1.2316],[100.4305,-1.2394],[100.4318,-1.2428],[100.435,-1.2447],[100.4317,-1.2469],[100.4328,-1.2477],[100.4309,-1.2506],[100.4326,-1.2549],[100.4279,-1.2567],[100.4242,-1.2554],[100.4194,-1.2435],[100.4188,-1.2383],[100.4129,-1.238],[100.4107,-1.2358],[100.4068,-1.2368],[100.4039,-1.2401],[100.4041,-1.2514],[100.4059,-1.2565],[100.4019,-1.2641],[100.4008,-1.2707],[100.4076,-1.2704],[100.4123,-1.2738],[100.4138,-1.2707],[100.4183,-1.2681],[100.4213,-1.2714],[100.4206,-1.2765],[100.4223,-1.2773],[100.4295,-1.2724],[100.4395,-1.269],[100.4417,-1.2668],[100.4424,-1.2618],[100.4467,-1.2586],[100.4521,-1.2581],[100.46,-1.2639],[100.4653,-1.2745],[100.4833,-1.2901],[100.4902,-1.2991],[100.5184,-1.3111],[100.538,-1.3092],[100.5432,-1.3102],[100.5517,-1.3165],[100.5639,-1.3306],[100.5686,-1.3387],[100.5663,-1.3441],[100.5634,-1.3452],[100.5645,-1.3522],[100.5684,-1.3497],[100.5709,-1.3498],[100.5746,-1.3583],[100.569,-1.3675],[100.5648,-1.3644],[100.5627,-1.3653],[100.5626,-1.3692],[100.5606,-1.372],[100.5634,-1.3749],[100.5753,-1.3692],[100.5784,-1.3699],[100.5799,-1.3726],[100.5794,-1.3809],[100.5836,-1.3805],[100.5863,-1.3819],[100.5874,-1.3897],[100.5919,-1.392],[100.5926,-1.3942],[100.5901,-1.3968],[100.5838,-1.3943],[100.5733,-1.3944],[100.5644,-1.3981],[100.5614,-1.4045],[100.5583,-1.4065],[100.5609,-1.4132],[100.5689,-1.4118],[100.5736,-1.4174],[100.5815,-1.4157],[100.584,-1.4207],[100.5834,-1.4234],[100.5784,-1.4264],[100.5716,-1.4367],[100.5677,-1.4394],[100.5637,-1.4381],[100.5614,-1.441],[100.5714,-1.4534],[100.575,-1.4605],[100.5772,-1.4612],[100.5906,-1.4759],[100.5969,-1.4863],[100.5976,-1.4924],[100.6029,-1.4899],[100.6126,-1.4948],[100.6157,-1.4938],[100.6233,-1.5013],[100.6236,-1.51],[100.6204,-1.5117],[100.6212,-1.5153],[100.6193,-1.5272],[100.6358,-1.5592],[100.6369,-1.5744],[100.6353,-1.5832],[100.6411,-1.5964],[100.6405,-1.6013],[100.6369,-1.6058],[100.6436,-1.6166],[100.6442,-1.6217],[100.6673,-1.6405],[100.6887,-1.6648],[100.6992,-1.6825],[100.7072,-1.6998],[100.729,-1.7254],[100.7541,-1.7609],[100.7677,-1.7864],[100.7704,-1.7941],[100.7867,-1.82],[100.8117,-1.8446],[100.8308,-1.8669],[100.8422,-1.8836],[100.8576,-1.9114],[100.8668,-1.9357],[100.8691,-1.955],[100.8717,-1.9636],[100.8722,-1.9683],[100.8685,-1.9763],[100.8792,-2.0241],[100.8801,-2.0483],[100.8711,-2.0864],[100.8662,-2.0971],[100.8464,-2.1221],[100.8243,-2.1412],[100.8214,-2.1479],[100.8207,-2.1583],[100.822,-2.169],[100.8253,-2.178],[100.8488,-2.2127],[100.8751,-2.2451],[100.8783,-2.2562],[100.8789,-2.2708],[100.8778,-2.273],[100.8793,-2.2826],[100.8884,-2.3115],[100.8887,-2.3215],[100.8918,-2.3281],[100.9895,-2.4279],[101.0096,-2.4542],[101.0228,-2.4785],[101.1318,-2.4018],[101.1422,-2.3939],[101.1468,-2.3878],[101.1531,-2.3872],[101.1599,-2.3825],[101.1703,-2.3826],[101.1751,-2.3768],[101.184,-2.3755],[101.1862,-2.373],[101.1911,-2.3679],[101.2014,-2.3664],[101.2062,-2.36],[101.2262,-2.3475],[101.2303,-2.3426],[101.237,-2.3424],[101.2362,-2.3247],[101.2377,-2.32],[101.2541,-2.314],[101.2602,-2.3096],[101.2672,-2.2995],[101.2833,-2.2849],[101.2855,-2.2768],[101.281,-2.2604],[101.2821,-2.2449],[101.2647,-2.1018],[101.2496,-2.0829],[101.2436,-2.0693],[101.2068,-2.0093],[101.2081,-1.9968],[101.2061,-1.9811],[101.2027,-1.9775],[101.1925,-1.9733],[101.1825,-1.9599],[101.1637,-1.9414],[101.1584,-1.9363],[101.1453,-1.9284],[101.1423,-1.9241],[101.1445,-1.9114],[101.1418,-1.9024],[101.147,-1.9042],[101.1519,-1.9031],[101.1636,-1.8944],[101.1659,-1.8795],[101.1768,-1.8655],[101.1786,-1.8611],[101.176,-1.8552],[101.1715,-1.8517],[101.1588,-1.8321],[101.1533,-1.8038],[101.1518,-1.8013],[101.1421,-1.7952],[101.1424,-1.7863],[101.1405,-1.7795],[101.1361,-1.7761],[101.1286,-1.7639],[101.1339,-1.7554],[101.1315,-1.7439],[101.1316,-1.6852],[101.1206,-1.676],[101.1079,-1.6707],[101.0951,-1.6707],[101.0784,-1.662],[101.0678,-1.6592],[101.0644,-1.6556],[101.06,-1.642],[101.0627,-1.6347],[101.0286,-1.6154],[101.0173,-1.6059],[101.0147,-1.5988],[101.0141,-1.5889],[101.0202,-1.5655],[101.0163,-1.5631],[101.0151,-1.5595],[101.0088,-1.5558],[101.008,-1.5524],[101.0019,-1.5486],[100.9912,-1.5308],[100.9831,-1.5254],[100.9806,-1.5183],[100.9797,-1.5045],[100.976,-1.494],[100.9775,-1.4867],[100.9725,-1.4824],[100.9577,-1.4805],[100.9428,-1.4677],[100.9344,-1.4627],[100.9342,-1.4601],[100.9396,-1.4485],[100.9375,-1.4377],[100.942,-1.4311],[100.9417,-1.4229],[100.9337,-1.4144],[100.8999,-1.3938],[100.8938,-1.3877],[100.8937,-1.3857],[100.8979,-1.3801],[100.9062,-1.3795],[100.9105,-1.3764],[100.9056,-1.3596],[100.892,-1.3414],[100.8923,-1.3383],[100.896,-1.3338],[100.8959,-1.3298],[100.8932,-1.3284],[100.8845,-1.3286],[100.8804,-1.3252],[100.8749,-1.319],[100.8719,-1.312],[100.8652,-1.3077],[100.859,-1.2979],[100.8537,-1.2966],[100.8465,-1.3046],[100.841,-1.3066],[100.837,-1.3056],[100.829,-1.2971],[100.8283,-1.2871],[100.8213,-1.2823],[100.8141,-1.289],[100.8028,-1.283],[100.8013,-1.2835],[100.7988,-1.2804],[100.7979,-1.2754],[100.8017,-1.2654],[100.8011,-1.2563],[100.8078,-1.2498],[100.8085,-1.2403],[100.8047,-1.2311],[100.7969,-1.2235],[100.796,-1.2208],[100.7972,-1.2128],[100.8013,-1.205],[100.7911,-1.1846],[100.7838,-1.1802],[100.7765,-1.1705],[100.7777,-1.1657],[100.7767,-1.162],[100.7718,-1.1586],[100.767,-1.1581],[100.7636,-1.1584],[100.7556,-1.1628],[100.7495,-1.1606],[100.7447,-1.1565],[100.7368,-1.1538],[100.7351,-1.1347],[100.7318,-1.1268],[100.7362,-1.1219],[100.7365,-1.1181],[100.7244,-1.1041],[100.7206,-1.0963],[100.7009,-1.0905],[100.6935,-1.0935],[100.6867,-1.0987],[100.6501,-1.1109],[100.6454,-1.1094],[100.6374,-1.1099],[100.6254,-1.1007],[100.6215,-1.0958],[100.6234,-1.0824],[100.6203,-1.0749],[100.6226,-1.0698],[100.6227,-1.063],[100.6208,-1.0611],[100.6191,-1.0606],[100.6097,-1.0653],[100.6043,-1.071],[100.5971,-1.0741],[100.5857,-1.0736],[100.5789,-1.0697],[100.5765,-1.0566],[100.5724,-1.0548],[100.5666,-1.0473],[100.5594,-1.0465],[100.5574,-1.0441],[100.5565,-1.0352],[100.553,-1.0314],[100.5507,-1.0102],[100.5502,-1.0026],[100.5516,-0.9996],[100.5501,-0.9936],[100.5524,-0.9874],[100.5457,-0.9702],[100.5405,-0.9663],[100.5386,-0.959],[100.5366,-0.9571],[100.5289,-0.977],[100.5198,-0.9908],[100.4927,-1.0044],[100.4857,-1.0016],[100.4791,-1.0034],[100.4715,-1.0153],[100.4643,-1.0231],[100.4652,-1.0271],[100.4639,-1.0297],[100.4584,-1.032],[100.4474,-1.0418],[100.4386,-1.0541],[100.4312,-1.0575],[100.426,-1.076],[100.4218,-1.0808],[100.4134,-1.086],[100.4124,-1.0882],[100.4121,-1.0937],[100.415,-1.0943],[100.4207,-1.0999],[100.4207,-1.1085],[100.4044,-1.1179],[100.3961,-1.1207],[100.3868,-1.1318],[100.3681,-1.1383]]],[[[100.6377,-1.9102],[100.6405,-1.9115],[100.6393,-1.9074],[100.6377,-1.9078],[100.6377,-1.9102]]],[[[100.5694,-1.888],[100.5702,-1.8898],[100.5713,-1.8897],[100.5714,-1.8875],[100.5694,-1.888]]],[[[100.5893,-1.7205],[100.5897,-1.7216],[100.5907,-1.7209],[100.5902,-1.7195],[100.5893,-1.7205]]],[[[100.5535,-1.6053],[100.5547,-1.606],[100.5551,-1.6043],[100.5538,-1.6043],[100.5535,-1.6053]]],[[[100.6282,-1.5859],[100.6285,-1.5866],[100.6288,-1.5856],[100.6286,-1.5856],[100.6282,-1.5859]]],[[[100.5139,-1.7457],[100.5165,-1.7487],[100.5194,-1.7467],[100.5191,-1.7428],[100.5158,-1.7393],[100.5127,-1.7413],[100.5139,-1.7457]]],[[[100.5064,-1.6625],[100.5079,-1.6642],[100.5093,-1.6633],[100.5079,-1.6606],[100.5064,-1.6625]]],[[[100.4936,-1.4087],[100.4927,-1.4054],[100.4914,-1.4058],[100.4921,-1.4122],[100.493,-1.4121],[100.4936,-1.4087]]],[[[100.4918,-1.3912],[100.4865,-1.3858],[100.4828,-1.3869],[100.4872,-1.3898],[100.4889,-1.3945],[100.4878,-1.3944],[100.4884,-1.3981],[100.492,-1.3981],[100.4918,-1.3912]]],[[[100.4369,-1.5016],[100.4385,-1.503],[100.4402,-1.5024],[100.4388,-1.4984],[100.4364,-1.4986],[100.4369,-1.5016]]],[[[100.4346,-1.3156],[100.4358,-1.3169],[100.4367,-1.315],[100.4356,-1.3142],[100.4346,-1.3156]]],[[[100.2955,-1.2666],[100.298,-1.268],[100.2995,-1.2665],[100.2975,-1.2641],[100.2955,-1.2666]]],[[[100.5186,-1.3461],[100.5184,-1.3462],[100.5187,-1.3465],[100.5187,-1.3463],[100.5186,-1.3461]]],[[[100.519,-1.3458],[100.52,-1.3463],[100.5206,-1.3456],[100.5197,-1.3449],[100.519,-1.3458]]],[[[100.5186,-1.3422],[100.5193,-1.3429],[100.5199,-1.3421],[100.5194,-1.3417],[100.5186,-1.3422]]],[[[100.4726,-1.3292],[100.4744,-1.3301],[100.4772,-1.3224],[100.4768,-1.3196],[100.4748,-1.3183],[100.4718,-1.3219],[100.4726,-1.3292]]],[[[100.6168,-1.547],[100.6166,-1.5471],[100.6164,-1.5475],[100.617,-1.5473],[100.6168,-1.547]]],[[[100.5585,-1.3537],[100.5578,-1.3557],[100.5605,-1.3527],[100.5595,-1.3523],[100.5585,-1.3537]]],[[[100.5637,-1.3534],[100.5635,-1.354],[100.5638,-1.3546],[100.5646,-1.353],[100.5637,-1.3534]]],[[[100.4069,-1.2295],[100.4075,-1.2311],[100.4078,-1.2275],[100.406,-1.2283],[100.4069,-1.2295]]],[[[100.4028,-1.2258],[100.4031,-1.2256],[100.4032,-1.2244],[100.4023,-1.2246],[100.4028,-1.2258]]],[[[100.4172,-1.2157],[100.4179,-1.2148],[100.4151,-1.216],[100.4161,-1.2166],[100.4172,-1.2157]]],[[[100.3393,-1.2134],[100.3392,-1.2141],[100.3395,-1.2144],[100.3396,-1.2133],[100.3393,-1.2134]]],[[[100.3339,-1.2131],[100.3342,-1.2136],[100.3345,-1.2136],[100.3342,-1.213],[100.3339,-1.2131]]],[[[100.3909,-1.1903],[100.3928,-1.1872],[100.3883,-1.1889],[100.3841,-1.1879],[100.3812,-1.19],[100.3803,-1.1932],[100.382,-1.2013],[100.3805,-1.2063],[100.3766,-1.2105],[100.3773,-1.2148],[100.376,-1.2182],[100.377,-1.2227],[100.3795,-1.2244],[100.379,-1.227],[100.3856,-1.2225],[100.3875,-1.2245],[100.391,-1.2236],[100.3922,-1.2259],[100.3971,-1.2285],[100.4014,-1.2203],[100.3991,-1.214],[100.4005,-1.2077],[100.398,-1.2041],[100.3981,-1.2015],[100.395,-1.2003],[100.3931,-1.2013],[100.3921,-1.2028],[100.3947,-1.2046],[100.389,-1.21],[100.3862,-1.2083],[100.3859,-1.2096],[100.3842,-1.2072],[100.3877,-1.205],[100.3889,-1.199],[100.3909,-1.1966],[100.3895,-1.193],[100.3909,-1.1903]]],[[[100.3283,-1.2063],[100.3281,-1.2066],[100.3288,-1.2067],[100.3287,-1.2066],[100.3283,-1.2063]]],[[[100.34,-1.189],[100.339,-1.1879],[100.3341,-1.1898],[100.3294,-1.197],[100.3278,-1.2028],[100.3277,-1.2059],[100.3333,-1.2067],[100.3383,-1.2121],[100.3393,-1.2078],[100.3381,-1.2041],[100.3406,-1.1981],[100.3384,-1.1955],[100.3378,-1.1916],[100.34,-1.189]]],[[[100.3809,-1.1998],[100.3805,-1.2],[100.3806,-1.2003],[100.3808,-1.2002],[100.3809,-1.1998]]],[[[100.3949,-1.1983],[100.3944,-1.1965],[100.394,-1.1965],[100.3934,-1.1977],[100.3949,-1.1983]]],[[[100.3378,-1.1698],[100.3381,-1.1699],[100.3378,-1.1694],[100.3376,-1.1696],[100.3378,-1.1698]]],[[[100.3506,-1.1599],[100.3517,-1.1572],[100.3492,-1.1564],[100.3458,-1.1629],[100.3482,-1.1625],[100.3506,-1.1599]]]]},"properties":{"GID_2":"IDN.30.15_1","GID_0":"IDN","COUNTRY":"Indonesia","GID_1":"IDN.30_1","NAME_1":"SumateraBarat","NL_NAME_1":"NA","NAME_2":"PesisirSelatan","VARNAME_2":"NA","NL_NAME_2":"NA","TYPE_2":"Kabupaten","ENGTYPE_2":"Regency","CC_2":"1302","HASC_2":"ID.SB.PS","Data Indek":"Sumatera Barat","Data Ind_1":4,"Data Ind_2":"(0)","Data Ind_3":6.5,"Data Ind_4":89.38,"Data Ind_5":84743,"Data Ind_6":9.72,"Data Ind_7":124,"Data Ind_8":99.76,"Data Ind_9":95.05,"Data Ind10":-0.38,"Data Ind11":"Sedang"}},
{"type":"Feature","geometry":{"type":"Polygon","coordinates":[[[100.7467,-0.7239],[100.7507,-0.734],[100.7543,-0.7356],[100.7535,-0.7407],[100.7599,-0.7406],[100.7668,-0.7449],[100.7713,-0.7503],[100.7765,-0.7515],[100.7822,-0.7621],[100.7891,-0.7701],[100.7981,-0.7688],[100.8013,-0.7709],[100.802,-0.7733],[100.8042,-0.7735],[100.8111,-0.7706],[100.8112,-0.7663],[100.8168,-0.7675],[100.8222,-0.7653],[100.8221,-0.7583],[100.8146,-0.7455],[100.8108,-0.7431],[100.8108,-0.7347],[100.8036,-0.7199],[100.8003,-0.7168],[100.8043,-0.7078],[100.8018,-0.7019],[100.7994,-0.6744],[100.7908,-0.6684],[100.8016,-0.6639],[100.8091,-0.6209],[100.8144,-0.6154],[100.8127,-0.6063],[100.8031,-0.5984],[100.8013,-0.5948],[100.8062,-0.592],[100.8079,-0.5876],[100.8123,-0.5852],[100.8136,-0.5825],[100.8126,-0.5787],[100.8046,-0.5676],[100.7951,-0.5627],[100.7907,-0.5633],[100.7877,-0.5611],[100.787,-0.5573],[100.7884,-0.554],[100.785,-0.5494],[100.781,-0.5535],[100.7799,-0.5616],[100.7724,-0.558],[100.7525,-0.5563],[100.7459,-0.5605],[100.7327,-0.5537],[100.7288,-0.5543],[100.7237,-0.5584],[100.7189,-0.5689],[100.7132,-0.573],[100.7068,-0.5742],[100.7009,-0.5806],[100.6992,-0.5919],[100.697,-0.5943],[100.7014,-0.5992],[100.7056,-0.6005],[100.7032,-0.6065],[100.7032,-0.6167],[100.6993,-0.6231],[100.6907,-0.6286],[100.6947,-0.6328],[100.6959,-0.6383],[100.6945,-0.6478],[100.6987,-0.6533],[100.706,-0.6572],[100.7065,-0.6617],[100.71,-0.6606],[100.7067,-0.6731],[100.7033,-0.679],[100.7034,-0.6963],[100.6966,-0.711],[100.6972,-0.7186],[100.6958,-0.7242],[100.7009,-0.7275],[100.7067,-0.7269],[100.71,-0.7337],[100.7141,-0.7345],[100.7222,-0.7324],[100.7283,-0.7236],[100.7318,-0.7231],[100.7341,-0.7249],[100.7467,-0.7239]]]},"properties":{"GID_2":"IDN.30.16_1","GID_0":"IDN","COUNTRY":"Indonesia","GID_1":"IDN.30_1","NAME_1":"SumateraBarat","NL_NAME_1":"NA","NAME_2":"Sawahlunto","VARNAME_2":"NA","NL_NAME_2":"NA","TYPE_2":"Kota","ENGTYPE_2":"City","CC_2":"1373","HASC_2":"ID.SB.SL","Data Indek":"Sumatera Barat","Data Ind_1":0,"Data Ind_2":"(0)","Data Ind_3":2.7,"Data Ind_4":300.48,"Data Ind_5":10755,"Data Ind_6":9.97,"Data Ind_7":47,"Data Ind_8":99.76,"Data Ind_9":97.37,"Data Ind10":-0.63,"Data Ind11":"Rendah"}},
{"type":"Feature","geometry":{"type":"Polygon","coordinates":[[[101.2141,-0.9183],[101.2212,-0.9248],[101.2326,-0.931],[101.2366,-0.9293],[101.2394,-0.9299],[101.2414,-0.9325],[101.2492,-0.9336],[101.2612,-0.9413],[101.2627,-0.941],[101.2734,-0.9496],[101.3157,-0.9525],[101.3322,-0.9491],[101.3345,-0.9506],[101.3379,-0.9584],[101.3436,-0.9555],[101.3441,-0.9511],[101.3531,-0.9478],[101.3535,-0.9395],[101.3488,-0.9284],[101.3494,-0.9252],[101.3516,-0.9237],[101.3535,-0.9235],[101.3559,-0.9262],[101.3608,-0.9377],[101.3704,-0.9362],[101.3752,-0.9396],[101.3839,-0.9361],[101.3867,-0.9395],[101.3942,-0.9413],[101.3993,-0.9389],[101.4076,-0.9312],[101.4271,-0.9318],[101.4288,-0.928],[101.425,-0.923],[101.4112,-0.9225],[101.41,-0.9211],[101.409,-0.9173],[101.4143,-0.9147],[101.4148,-0.9128],[101.4134,-0.9062],[101.4143,-0.8973],[101.4126,-0.894],[101.4086,-0.8927],[101.4057,-0.8897],[101.4058,-0.888],[101.4088,-0.885],[101.4157,-0.8848],[101.4216,-0.8808],[101.4265,-0.8655],[101.4328,-0.8666],[101.43,-0.8572],[101.4322,-0.8523],[101.4369,-0.8503],[101.4397,-0.8403],[101.4525,-0.8334],[101.4569,-0.8355],[101.4612,-0.84],[101.464,-0.8397],[101.4672,-0.8367],[101.4723,-0.8269],[101.4821,-0.8244],[101.486,-0.8204],[101.495,-0.8055],[101.486,-0.7946],[101.4796,-0.7823],[101.4586,-0.7681],[101.4442,-0.7625],[101.432,-0.7544],[101.4316,-0.7474],[101.4265,-0.7435],[101.4246,-0.7369],[101.4218,-0.7367],[101.4185,-0.7388],[101.414,-0.7369],[101.4131,-0.7269],[101.4107,-0.7229],[101.411,-0.7176],[101.4019,-0.7107],[101.3826,-0.7026],[101.3736,-0.6976],[101.3682,-0.6918],[101.3611,-0.6892],[101.3564,-0.6831],[101.3547,-0.6764],[101.3332,-0.6495],[101.3255,-0.6427],[101.3207,-0.6417],[101.3078,-0.6289],[101.3038,-0.632],[101.2959,-0.6313],[101.2882,-0.6247],[101.281,-0.6219],[101.2657,-0.6231],[101.2529,-0.6269],[101.2496,-0.6255],[101.2415,-0.6153],[101.2391,-0.6076],[101.2228,-0.602],[101.2076,-0.5938],[101.2055,-0.5877],[101.1933,-0.5725],[101.1837,-0.5551],[101.1834,-0.5517],[101.1679,-0.5396],[101.1609,-0.5376],[101.1508,-0.5312],[101.1446,-0.5333],[101.1422,-0.5305],[101.135,-0.5279],[101.1297,-0.5243],[101.1219,-0.5121],[101.1191,-0.5107],[101.1138,-0.5037],[101.1097,-0.5021],[101.1049,-0.5034],[101.0919,-0.5116],[101.0894,-0.5114],[101.081,-0.5055],[101.0713,-0.5031],[101.0727,-0.4987],[101.0687,-0.4984],[101.0668,-0.4953],[101.0667,-0.4829],[101.0621,-0.4805],[101.057,-0.4746],[101.0527,-0.4645],[101.0481,-0.4599],[101.0491,-0.4552],[101.0448,-0.4504],[101.0437,-0.4444],[101.0377,-0.4352],[101.0434,-0.4312],[101.045,-0.4237],[101.0391,-0.418],[101.0301,-0.4023],[101.0258,-0.398],[101.0253,-0.3947],[101.0301,-0.3895],[101.0405,-0.3852],[101.0429,-0.3823],[101.0434,-0.378],[101.0474,-0.377],[101.0401,-0.3607],[101.0251,-0.3399],[101.0186,-0.3361],[101.0058,-0.3237],[101.0006,-0.3205],[100.9976,-0.3197],[100.9962,-0.3209],[100.98,-0.3137],[100.9692,-0.3146],[100.9477,-0.3108],[100.9434,-0.3131],[100.9326,-0.3148],[100.9203,-0.3236],[100.9204,-0.3191],[100.9166,-0.3201],[100.9088,-0.3323],[100.9032,-0.3349],[100.8889,-0.3349],[100.8818,-0.3387],[100.8752,-0.3395],[100.8696,-0.3378],[100.8616,-0.3326],[100.8587,-0.3326],[100.8448,-0.3385],[100.8438,-0.3442],[100.8414,-0.3462],[100.8388,-0.346],[100.8397,-0.3475],[100.8293,-0.3487],[100.8289,-0.3475],[100.8247,-0.3474],[100.8242,-0.3516],[100.8258,-0.3522],[100.8284,-0.3594],[100.8278,-0.362],[100.8314,-0.3648],[100.833,-0.3694],[100.8336,-0.3801],[100.837,-0.3931],[100.834,-0.397],[100.8291,-0.3994],[100.8313,-0.4081],[100.8284,-0.4158],[100.8287,-0.4199],[100.8188,-0.4346],[100.8196,-0.4389],[100.817,-0.4448],[100.8176,-0.4493],[100.8251,-0.4571],[100.8224,-0.4622],[100.8208,-0.4749],[100.8174,-0.4765],[100.8165,-0.4879],[100.8197,-0.4923],[100.8243,-0.4905],[100.8326,-0.4941],[100.8356,-0.4918],[100.8406,-0.4946],[100.8421,-0.4995],[100.848,-0.5076],[100.8522,-0.522],[100.8493,-0.5267],[100.837,-0.5367],[100.8249,-0.5354],[100.8135,-0.5406],[100.802,-0.5561],[100.7978,-0.5645],[100.8046,-0.5676],[100.8126,-0.5787],[100.8136,-0.5825],[100.8123,-0.5852],[100.8079,-0.5876],[100.8062,-0.592],[100.8013,-0.5948],[100.8031,-0.5984],[100.8127,-0.6063],[100.8144,-0.6154],[100.8091,-0.6209],[100.8016,-0.6639],[100.7908,-0.6684],[100.7994,-0.6744],[100.8018,-0.7019],[100.8043,-0.7078],[100.8007,-0.718],[100.8036,-0.7199],[100.8108,-0.7347],[100.8108,-0.7431],[100.8146,-0.7455],[100.8221,-0.7583],[100.8215,-0.7664],[100.8168,-0.7675],[100.8112,-0.7663],[100.8116,-0.77],[100.8266,-0.7801],[100.8283,-0.7827],[100.8418,-0.7832],[100.85,-0.7793],[100.8558,-0.7874],[100.8675,-0.7985],[100.8833,-0.8108],[100.8862,-0.8228],[100.888,-0.8249],[100.8969,-0.8189],[100.9004,-0.8136],[100.9059,-0.8105],[100.9251,-0.8067],[100.9334,-0.818],[100.9395,-0.8223],[100.953,-0.8283],[100.9565,-0.8318],[100.9615,-0.8315],[100.9656,-0.8335],[100.9677,-0.8391],[100.9697,-0.8396],[100.9735,-0.8447],[100.9858,-0.8457],[100.9923,-0.8493],[100.9939,-0.8551],[100.9916,-0.8654],[100.9991,-0.8757],[101.0152,-0.8796],[101.0213,-0.8835],[101.0323,-0.8835],[101.033,-0.8816],[101.0362,-0.8812],[101.0368,-0.8796],[101.0426,-0.8816],[101.0475,-0.8912],[101.0475,-0.8951],[101.0533,-0.9045],[101.0534,-0.9094],[101.0572,-0.9173],[101.0598,-0.9187],[101.0577,-0.9184],[101.0603,-0.9233],[101.0599,-0.9269],[101.0688,-0.9487],[101.0643,-0.9572],[101.0549,-0.9645],[101.0527,-0.973],[101.0697,-0.9864],[101.0828,-0.9866],[101.1088,-0.9759],[101.13,-0.9725],[101.1411,-0.9606],[101.1487,-0.9573],[101.161,-0.9547],[101.1724,-0.9585],[101.1756,-0.9556],[101.1879,-0.9503],[101.1882,-0.9407],[101.1914,-0.9378],[101.1932,-0.9328],[101.1917,-0.922],[101.1885,-0.9161],[101.1914,-0.9138],[101.1943,-0.9059],[101.209,-0.9088],[101.2095,-0.9123],[101.2141,-0.9183]],[[100.8676,-0.372],[100.8614,-0.3682],[100.8568,-0.3624],[100.8688,-0.3625],[100.8667,-0.3701],[100.8718,-0.3719],[100.8748,-0.3695],[100.8835,-0.3689],[100.8944,-0.3806],[100.8874,-0.3848],[100.8731,-0.3778],[100.8676,-0.372]]]},"properties":{"GID_2":"IDN.30.17_1","GID_0":"IDN","COUNTRY":"Indonesia","GID_1":"IDN.30_1","NAME_1":"SumateraBarat","NL_NAME_1":"NA","NAME_2":"Sijunjung","VARNAME_2":"NA","NL_NAME_2":"NA","TYPE_2":"Kabupaten","ENGTYPE_2":"Regency","CC_2":"1304","HASC_2":"ID.SB.SS","Data Indek":"Sumatera Barat","Data Ind_1":1,"Data Ind_2":"(0)","Data Ind_3":5.2,"Data Ind_4":79.29,"Data Ind_5":36636,"Data Ind_6":23.87,"Data Ind_7":66,"Data Ind_8":99.4,"Data Ind_9":93.55,"Data Ind10":-0.45,"Data Ind11":"Sedang"}},
{"type":"Feature","geometry":{"type":"Polygon","coordinates":[[[100.8719,-1.312],[100.8748,-1.3183],[100.876,-1.3205],[100.8806,-1.3126],[100.8878,-1.3102],[100.8938,-1.3062],[100.9004,-1.2981],[100.9115,-1.2902],[100.9189,-1.2884],[100.9251,-1.2893],[100.9367,-1.2837],[100.941,-1.284],[100.9445,-1.2871],[100.9645,-1.2782],[100.9906,-1.2612],[101.0089,-1.2411],[101.0179,-1.2269],[101.0221,-1.2017],[101.021,-1.1754],[101.0192,-1.1688],[100.9966,-1.1358],[101.007,-1.1332],[101.0227,-1.1326],[101.0384,-1.1355],[101.0587,-1.1335],[101.0614,-1.1362],[101.0732,-1.141],[101.0838,-1.1482],[101.0934,-1.1501],[101.1057,-1.1614],[101.1154,-1.1667],[101.129,-1.1887],[101.1488,-1.1954],[101.155,-1.2045],[101.1612,-1.2215],[101.1674,-1.2275],[101.1699,-1.2256],[101.176,-1.2276],[101.191,-1.2275],[101.1981,-1.2302],[101.2082,-1.2396],[101.222,-1.2475],[101.2339,-1.2464],[101.2359,-1.2402],[101.2347,-1.2328],[101.2412,-1.2215],[101.2458,-1.2171],[101.2454,-1.2138],[101.2354,-1.2022],[101.234,-1.1952],[101.2227,-1.187],[101.2167,-1.1723],[101.2113,-1.1643],[101.2081,-1.1624],[101.2008,-1.1629],[101.196,-1.1603],[101.1932,-1.1541],[101.1766,-1.1344],[101.1693,-1.1131],[101.1685,-1.0873],[101.1602,-1.0673],[101.1623,-1.0591],[101.1584,-1.0516],[101.1457,-1.0349],[101.1625,-1.031],[101.1679,-1.0333],[101.1751,-1.0333],[101.1816,-1.0286],[101.1873,-1.0175],[101.1905,-1.0044],[101.1866,-0.9944],[101.1882,-0.9875],[101.2026,-0.978],[101.1965,-0.9607],[101.1954,-0.9522],[101.1872,-0.9507],[101.1756,-0.9556],[101.1724,-0.9585],[101.161,-0.9547],[101.1487,-0.9573],[101.1411,-0.9606],[101.13,-0.9725],[101.1088,-0.9759],[101.0828,-0.9866],[101.0697,-0.9864],[101.0527,-0.973],[101.0549,-0.9645],[101.0643,-0.9572],[101.0688,-0.9487],[101.0599,-0.9269],[101.0603,-0.9233],[101.0577,-0.9184],[101.0598,-0.9187],[101.0572,-0.9173],[101.0534,-0.9094],[101.0533,-0.9045],[101.0475,-0.8951],[101.0475,-0.8912],[101.0443,-0.8838],[101.041,-0.8803],[101.0368,-0.8796],[101.0362,-0.8812],[101.033,-0.8816],[101.0323,-0.8835],[101.0213,-0.8835],[101.0152,-0.8796],[100.9991,-0.8757],[100.9916,-0.8654],[100.9939,-0.8551],[100.9923,-0.8493],[100.9858,-0.8457],[100.9735,-0.8447],[100.9697,-0.8396],[100.9677,-0.8391],[100.9656,-0.8335],[100.9615,-0.8315],[100.9565,-0.8318],[100.953,-0.8283],[100.9395,-0.8223],[100.9334,-0.818],[100.9251,-0.8067],[100.9059,-0.8105],[100.9004,-0.8136],[100.8969,-0.8189],[100.888,-0.8249],[100.8862,-0.8228],[100.8833,-0.8108],[100.8675,-0.7985],[100.8558,-0.7874],[100.85,-0.7793],[100.8418,-0.7832],[100.8321,-0.7832],[100.8283,-0.7827],[100.8266,-0.7801],[100.8116,-0.77],[100.8042,-0.7735],[100.802,-0.7733],[100.8013,-0.7709],[100.7981,-0.7688],[100.7891,-0.7701],[100.7822,-0.7621],[100.7765,-0.7515],[100.7713,-0.7503],[100.7668,-0.7449],[100.7599,-0.7406],[100.7535,-0.7407],[100.7543,-0.7356],[100.7491,-0.7328],[100.7467,-0.7239],[100.7341,-0.7249],[100.7318,-0.7231],[100.7283,-0.7236],[100.7222,-0.7324],[100.7141,-0.7345],[100.71,-0.7337],[100.7067,-0.7269],[100.7009,-0.7275],[100.6958,-0.7242],[100.6972,-0.7186],[100.6966,-0.711],[100.7034,-0.6963],[100.7033,-0.679],[100.7067,-0.6731],[100.71,-0.6606],[100.7065,-0.6617],[100.706,-0.6572],[100.6987,-0.6533],[100.6945,-0.6478],[100.6959,-0.6383],[100.6947,-0.6328],[100.6907,-0.6286],[100.6993,-0.6231],[100.7032,-0.6167],[100.7032,-0.6065],[100.7056,-0.6005],[100.7014,-0.5992],[100.697,-0.5943],[100.6992,-0.5919],[100.7009,-0.5806],[100.7073,-0.5739],[100.7011,-0.5692],[100.7004,-0.5577],[100.6986,-0.5553],[100.6777,-0.5543],[100.6805,-0.542],[100.6779,-0.5367],[100.6663,-0.5346],[100.6372,-0.5384],[100.6301,-0.5487],[100.6213,-0.5531],[100.614,-0.5589],[100.6117,-0.5589],[100.6065,-0.5509],[100.5995,-0.5547],[100.5967,-0.565],[100.5831,-0.5843],[100.5787,-0.5971],[100.5735,-0.6075],[100.5717,-0.6084],[100.5729,-0.6194],[100.5799,-0.6302],[100.5851,-0.6433],[100.5917,-0.6718],[100.5949,-0.6783],[100.5973,-0.6792],[100.5987,-0.6858],[100.5961,-0.6921],[100.5835,-0.6984],[100.5691,-0.6969],[100.5621,-0.691],[100.5605,-0.6873],[100.5601,-0.6827],[100.5635,-0.676],[100.5615,-0.6719],[100.5541,-0.6666],[100.5459,-0.6693],[100.5439,-0.6681],[100.5403,-0.6635],[100.5409,-0.6595],[100.5425,-0.6588],[100.5397,-0.6534],[100.5249,-0.6453],[100.5229,-0.6404],[100.5205,-0.639],[100.5217,-0.6374],[100.5204,-0.6355],[100.5059,-0.6429],[100.4858,-0.659],[100.4825,-0.659],[100.4751,-0.6552],[100.4657,-0.656],[100.4506,-0.6541],[100.431,-0.6573],[100.4417,-0.6641],[100.4422,-0.6728],[100.4394,-0.6807],[100.4421,-0.6886],[100.4423,-0.7014],[100.4447,-0.7093],[100.4579,-0.7253],[100.4561,-0.729],[100.4587,-0.7314],[100.4735,-0.7314],[100.4777,-0.7344],[100.4791,-0.7365],[100.4768,-0.7504],[100.4791,-0.7525],[100.4962,-0.7562],[100.5004,-0.7553],[100.5025,-0.7568],[100.5055,-0.7652],[100.5045,-0.7863],[100.5414,-0.8091],[100.5442,-0.8045],[100.5539,-0.8027],[100.5582,-0.8001],[100.563,-0.792],[100.565,-0.7912],[100.5662,-0.7927],[100.563,-0.7973],[100.5644,-0.7997],[100.5702,-0.7945],[100.569,-0.7894],[100.5708,-0.7867],[100.5971,-0.7851],[100.606,-0.7806],[100.6097,-0.7721],[100.6218,-0.7727],[100.6256,-0.7696],[100.6269,-0.7703],[100.6326,-0.7647],[100.6429,-0.7445],[100.6751,-0.7387],[100.6805,-0.7395],[100.6879,-0.7439],[100.6889,-0.7465],[100.6865,-0.7624],[100.6849,-0.762],[100.6782,-0.7672],[100.6726,-0.7689],[100.673,-0.7805],[100.6706,-0.7828],[100.6697,-0.7878],[100.6737,-0.7925],[100.6768,-0.7935],[100.6795,-0.8041],[100.679,-0.8062],[100.6751,-0.8084],[100.6663,-0.8109],[100.6612,-0.8092],[100.658,-0.806],[100.6538,-0.8077],[100.6472,-0.8044],[100.6416,-0.805],[100.6427,-0.7973],[100.6361,-0.7952],[100.6254,-0.7995],[100.6221,-0.798],[100.6209,-0.7997],[100.5925,-0.8073],[100.5613,-0.819],[100.5448,-0.8149],[100.5426,-0.8178],[100.543,-0.8273],[100.5411,-0.833],[100.5313,-0.8445],[100.5375,-0.8556],[100.5435,-0.8543],[100.5451,-0.8554],[100.5595,-0.8908],[100.5639,-0.8934],[100.5651,-0.8965],[100.5649,-0.9052],[100.5579,-0.9191],[100.5503,-0.9283],[100.5473,-0.9289],[100.5457,-0.9343],[100.5377,-0.9452],[100.5361,-0.951],[100.5366,-0.9571],[100.5386,-0.959],[100.5405,-0.9663],[100.5457,-0.9702],[100.5524,-0.9874],[100.5501,-0.9947],[100.5516,-0.9996],[100.5502,-1.0026],[100.553,-1.0314],[100.5565,-1.0352],[100.5583,-1.0457],[100.5666,-1.0473],[100.5724,-1.0548],[100.5765,-1.0566],[100.5789,-1.0697],[100.5857,-1.0736],[100.5971,-1.0741],[100.6043,-1.071],[100.6097,-1.0653],[100.6191,-1.0606],[100.6208,-1.0611],[100.6227,-1.063],[100.6226,-1.0698],[100.6203,-1.0749],[100.6234,-1.0824],[100.6215,-1.0958],[100.6254,-1.1007],[100.6374,-1.1099],[100.6454,-1.1094],[100.6501,-1.1109],[100.6867,-1.0987],[100.6935,-1.0935],[100.7009,-1.0905],[100.7206,-1.0963],[100.7244,-1.1041],[100.7365,-1.1181],[100.7362,-1.1219],[100.7318,-1.1268],[100.7351,-1.1347],[100.7368,-1.1538],[100.7447,-1.1565],[100.7495,-1.1606],[100.7556,-1.1628],[100.7636,-1.1584],[100.7718,-1.1586],[100.7742,-1.1601],[100.7775,-1.1631],[100.7765,-1.1705],[100.7784,-1.1737],[100.7875,-1.1835],[100.7911,-1.1846],[100.8005,-1.203],[100.8011,-1.2069],[100.7972,-1.2128],[100.796,-1.2208],[100.7969,-1.2235],[100.8057,-1.233],[100.809,-1.2449],[100.8078,-1.2498],[100.8011,-1.2563],[100.8017,-1.2654],[100.7979,-1.2754],[100.8001,-1.2826],[100.8141,-1.289],[100.8213,-1.2823],[100.8283,-1.2871],[100.829,-1.2971],[100.837,-1.3056],[100.841,-1.3066],[100.8465,-1.3046],[100.8537,-1.2966],[100.859,-1.2979],[100.8652,-1.3077],[100.8719,-1.312]]]},"properties":{"GID_2":"IDN.30.19_1","GID_0":"IDN","COUNTRY":"Indonesia","GID_1":"IDN.30_1","NAME_1":"SumateraBarat","NL_NAME_1":"NA","NAME_2":"Solok","VARNAME_2":"NA","NL_NAME_2":"NA","TYPE_2":"Kabupaten","ENGTYPE_2":"Regency","CC_2":"1303","HASC_2":"ID.SB.SR","Data Indek":"Sumatera Barat","Data Ind_1":2,"Data Ind_2":"(0)","Data Ind_3":6.5,"Data Ind_4":115.71,"Data Ind_5":64452,"Data Ind_6":14.41,"Data Ind_7":109,"Data Ind_8":100,"Data Ind_9":82.43,"Data Ind10":-0.38,"Data Ind11":"Sedang"}},
{"type":"Feature","geometry":{"type":"Polygon","coordinates":[[[101.1316,-1.6852],[101.1344,-1.6839],[101.1519,-1.694],[101.1633,-1.7079],[101.1689,-1.7107],[101.1817,-1.6961],[101.1882,-1.6777],[101.1904,-1.6777],[101.1946,-1.6864],[101.1944,-1.6955],[101.1972,-1.7106],[101.1992,-1.714],[101.212,-1.7239],[101.2184,-1.7236],[101.2253,-1.719],[101.2326,-1.7241],[101.2429,-1.7107],[101.2672,-1.6961],[101.2841,-1.6963],[101.3088,-1.7012],[101.3226,-1.6968],[101.33,-1.6971],[101.3325,-1.6939],[101.3328,-1.6882],[101.3355,-1.6868],[101.3467,-1.6919],[101.3534,-1.6916],[101.3629,-1.6937],[101.3756,-1.6911],[101.3809,-1.6846],[101.3903,-1.6896],[101.3972,-1.6897],[101.4018,-1.6867],[101.4032,-1.6786],[101.4112,-1.6721],[101.4284,-1.6786],[101.4267,-1.677],[101.4287,-1.6702],[101.4309,-1.6444],[101.4322,-1.64],[101.4401,-1.6283],[101.4529,-1.6178],[101.4646,-1.6013],[101.4864,-1.5807],[101.4888,-1.5788],[101.5045,-1.5752],[101.5084,-1.5724],[101.509,-1.5672],[101.5164,-1.5541],[101.5155,-1.5438],[101.5167,-1.54],[101.5216,-1.5373],[101.5242,-1.5277],[101.5275,-1.5239],[101.5322,-1.5219],[101.5392,-1.5132],[101.5387,-1.5084],[101.5341,-1.5052],[101.5284,-1.4968],[101.5257,-1.4857],[101.5342,-1.4844],[101.5426,-1.4745],[101.5556,-1.4629],[101.5549,-1.4557],[101.5579,-1.451],[101.5589,-1.4454],[101.5626,-1.4445],[101.565,-1.4466],[101.5687,-1.4446],[101.573,-1.447],[101.5794,-1.4478],[101.5927,-1.4409],[101.5974,-1.4414],[101.6073,-1.4375],[101.6119,-1.4317],[101.6148,-1.4244],[101.6237,-1.4186],[101.6247,-1.4131],[101.6269,-1.411],[101.6351,-1.4082],[101.6385,-1.403],[101.6583,-1.3984],[101.6647,-1.3917],[101.6712,-1.3897],[101.669,-1.3861],[101.65,-1.3696],[101.6444,-1.367],[101.6347,-1.3655],[101.6068,-1.3496],[101.6005,-1.3449],[101.586,-1.326],[101.5493,-1.3256],[101.5422,-1.3339],[101.5145,-1.3383],[101.5135,-1.336],[101.5171,-1.3221],[101.5244,-1.3086],[101.5238,-1.304],[101.4991,-1.2969],[101.4676,-1.2824],[101.4684,-1.2679],[101.4665,-1.2597],[101.4519,-1.251],[101.4473,-1.2412],[101.4473,-1.2304],[101.4448,-1.2198],[101.4502,-1.2115],[101.4478,-1.2095],[101.4348,-1.2079],[101.4193,-1.1942],[101.4088,-1.1804],[101.4081,-1.1719],[101.403,-1.159],[101.4039,-1.1488],[101.4115,-1.1349],[101.4143,-1.122],[101.4356,-1.0983],[101.4405,-1.0871],[101.442,-1.0795],[101.4394,-1.0648],[101.4405,-1.0575],[101.4473,-1.0508],[101.4489,-1.0471],[101.455,-1.0436],[101.4565,-1.0363],[101.4592,-1.0322],[101.4552,-1.0227],[101.4558,-1.015],[101.4492,-1.0093],[101.4294,-1.0048],[101.425,-1.0061],[101.4225,-1.0081],[101.4203,-1.0195],[101.4165,-1.0277],[101.4093,-1.032],[101.4049,-1.0377],[101.3897,-1.0441],[101.3858,-1.0441],[101.375,-1.0481],[101.3708,-1.0476],[101.3601,-1.0415],[101.3435,-1.0447],[101.3427,-1.0488],[101.3479,-1.0617],[101.3431,-1.0678],[101.3395,-1.0792],[101.3404,-1.0859],[101.344,-1.0945],[101.3418,-1.1021],[101.3441,-1.1158],[101.3507,-1.1315],[101.3444,-1.1352],[101.3348,-1.134],[101.3238,-1.1408],[101.3081,-1.1457],[101.2872,-1.1414],[101.2769,-1.1462],[101.2612,-1.1407],[101.2498,-1.1473],[101.2412,-1.1483],[101.2367,-1.1513],[101.2323,-1.1511],[101.2147,-1.135],[101.2063,-1.1214],[101.1956,-1.1079],[101.1823,-1.1028],[101.1683,-1.1021],[101.1693,-1.1131],[101.1766,-1.1344],[101.1932,-1.1541],[101.196,-1.1603],[101.2008,-1.1629],[101.2081,-1.1624],[101.2113,-1.1643],[101.2167,-1.1723],[101.2227,-1.187],[101.234,-1.1952],[101.2354,-1.2022],[101.2454,-1.2138],[101.2458,-1.2171],[101.2412,-1.2215],[101.2347,-1.2328],[101.2359,-1.2402],[101.233,-1.2469],[101.222,-1.2475],[101.2082,-1.2396],[101.1981,-1.2302],[101.191,-1.2275],[101.176,-1.2276],[101.1699,-1.2256],[101.1674,-1.2275],[101.1612,-1.2215],[101.155,-1.2045],[101.1488,-1.1954],[101.129,-1.1887],[101.1154,-1.1667],[101.1057,-1.1614],[101.0934,-1.1501],[101.0838,-1.1482],[101.0732,-1.141],[101.0614,-1.1362],[101.0587,-1.1335],[101.0384,-1.1355],[101.0227,-1.1326],[101.007,-1.1332],[100.9966,-1.1358],[101.0192,-1.1688],[101.021,-1.1754],[101.0221,-1.2017],[101.0179,-1.2269],[101.0089,-1.2411],[100.9906,-1.2612],[100.9645,-1.2782],[100.9445,-1.2871],[100.941,-1.284],[100.9367,-1.2837],[100.9251,-1.2893],[100.9189,-1.2884],[100.9115,-1.2902],[100.9004,-1.2981],[100.8938,-1.3062],[100.8878,-1.3102],[100.8806,-1.3126],[100.8763,-1.3191],[100.876,-1.3205],[100.8845,-1.3286],[100.8932,-1.3284],[100.8959,-1.3298],[100.896,-1.3338],[100.8923,-1.3383],[100.892,-1.3414],[100.9056,-1.3596],[100.9059,-1.364],[100.9104,-1.3735],[100.9094,-1.3783],[100.8979,-1.3801],[100.8937,-1.3857],[100.8952,-1.3902],[100.9337,-1.4144],[100.9417,-1.4229],[100.942,-1.4311],[100.9375,-1.4377],[100.9396,-1.4485],[100.9342,-1.4601],[100.9351,-1.4641],[100.9428,-1.4677],[100.9577,-1.4805],[100.9725,-1.4824],[100.9775,-1.4867],[100.976,-1.494],[100.9797,-1.5045],[100.9806,-1.5183],[100.9831,-1.5254],[100.9912,-1.5308],[101.0019,-1.5486],[101.008,-1.5524],[101.0088,-1.5558],[101.0151,-1.5595],[101.0163,-1.5631],[101.0202,-1.5655],[101.0141,-1.5889],[101.0147,-1.5988],[101.0173,-1.6059],[101.0286,-1.6154],[101.0627,-1.6347],[101.06,-1.642],[101.0656,-1.6574],[101.0784,-1.662],[101.0951,-1.6707],[101.105,-1.6699],[101.1206,-1.676],[101.1316,-1.6852]]]},"properties":{"GID_2":"IDN.30.18_1","GID_0":"IDN","COUNTRY":"Indonesia","GID_1":"IDN.30_1","NAME_1":"SumateraBarat","NL_NAME_1":"NA","NAME_2":"SolokSelatan","VARNAME_2":"NA","NL_NAME_2":"NA","TYPE_2":"Kabupaten","ENGTYPE_2":"Regency","CC_2":"1310","HASC_2":"ID.SB.SK","Data Indek":"Sumatera Barat","Data Ind_1":4,"Data Ind_2":"(0)","Data Ind_3":6,"Data Ind_4":60.48,"Data Ind_5":28395,"Data Ind_6":17.93,"Data Ind_7":65,"Data Ind_8":99.27,"Data Ind_9":80.85,"Data Ind10":-0.18,"Data Ind11":"Tinggi"}},
{"type":"Feature","geometry":{"type":"Polygon","coordinates":[[[100.5153,-0.623],[100.5021,-0.6084],[100.5017,-0.6057],[100.4979,-0.6018],[100.4981,-0.5949],[100.4961,-0.5926],[100.4949,-0.5865],[100.4919,-0.5808],[100.4855,-0.5749],[100.4893,-0.5689],[100.4891,-0.5652],[100.4833,-0.5565],[100.4829,-0.5532],[100.4833,-0.5447],[100.4857,-0.5411],[100.4957,-0.5354],[100.5045,-0.5354],[100.5095,-0.5426],[100.5165,-0.5482],[100.5191,-0.5487],[100.5267,-0.5459],[100.5307,-0.5492],[100.5321,-0.5482],[100.5347,-0.55],[100.537,-0.5494],[100.5383,-0.5519],[100.5433,-0.5532],[100.5521,-0.5635],[100.5603,-0.577],[100.5675,-0.5919],[100.5675,-0.5987],[100.5711,-0.6014],[100.5717,-0.6084],[100.5735,-0.6075],[100.5787,-0.5971],[100.5831,-0.5843],[100.5967,-0.565],[100.5995,-0.5547],[100.6065,-0.5509],[100.6117,-0.5589],[100.614,-0.5589],[100.6213,-0.5531],[100.6301,-0.5487],[100.6372,-0.5384],[100.6663,-0.5346],[100.6779,-0.5367],[100.6805,-0.542],[100.6777,-0.5543],[100.6986,-0.5553],[100.7004,-0.5577],[100.7011,-0.5692],[100.7073,-0.5739],[100.7132,-0.573],[100.7189,-0.5689],[100.7237,-0.5584],[100.7317,-0.5536],[100.7459,-0.5605],[100.7525,-0.5563],[100.7724,-0.558],[100.7799,-0.5616],[100.781,-0.5535],[100.785,-0.5494],[100.7884,-0.554],[100.787,-0.5573],[100.7877,-0.5611],[100.7907,-0.5633],[100.7951,-0.5627],[100.7977,-0.5647],[100.802,-0.5561],[100.8135,-0.5406],[100.8249,-0.5354],[100.8346,-0.5371],[100.8391,-0.5353],[100.8521,-0.5228],[100.8518,-0.5174],[100.848,-0.5076],[100.8421,-0.4995],[100.8417,-0.4961],[100.8382,-0.4928],[100.8354,-0.4918],[100.8323,-0.4941],[100.824,-0.4905],[100.8197,-0.4923],[100.8165,-0.4879],[100.8174,-0.4765],[100.8208,-0.4749],[100.8224,-0.4622],[100.8251,-0.4571],[100.8176,-0.4493],[100.817,-0.4448],[100.8196,-0.4389],[100.8188,-0.4346],[100.8287,-0.4199],[100.8284,-0.4158],[100.8313,-0.4081],[100.8291,-0.3994],[100.834,-0.397],[100.837,-0.3931],[100.8336,-0.3801],[100.8321,-0.3661],[100.8278,-0.362],[100.8284,-0.3594],[100.8258,-0.3522],[100.8132,-0.3503],[100.8121,-0.3539],[100.8102,-0.3542],[100.8085,-0.3515],[100.8075,-0.3531],[100.8024,-0.3532],[100.7991,-0.3512],[100.79,-0.3516],[100.7863,-0.3494],[100.7857,-0.3469],[100.7836,-0.3484],[100.7778,-0.3466],[100.7763,-0.3498],[100.7729,-0.3508],[100.7729,-0.3556],[100.7757,-0.3581],[100.7738,-0.3604],[100.7629,-0.3652],[100.7543,-0.3662],[100.75,-0.363],[100.7356,-0.3584],[100.7112,-0.3436],[100.6958,-0.3395],[100.6892,-0.3349],[100.6862,-0.3271],[100.6739,-0.3249],[100.6666,-0.3319],[100.668,-0.3449],[100.6617,-0.3493],[100.6451,-0.3524],[100.6379,-0.351],[100.625,-0.3526],[100.6171,-0.3514],[100.608,-0.3522],[100.6053,-0.3509],[100.6014,-0.3442],[100.6022,-0.3349],[100.6007,-0.3137],[100.599,-0.3126],[100.5933,-0.3136],[100.5883,-0.3116],[100.5845,-0.3122],[100.58,-0.3089],[100.5765,-0.3021],[100.5821,-0.294],[100.5796,-0.2921],[100.5795,-0.2884],[100.5747,-0.2873],[100.5748,-0.284],[100.5675,-0.2809],[100.5582,-0.2837],[100.5498,-0.2828],[100.5435,-0.2846],[100.5396,-0.284],[100.5358,-0.2805],[100.5309,-0.2825],[100.5254,-0.2903],[100.5179,-0.2951],[100.5096,-0.3034],[100.5051,-0.3128],[100.5038,-0.3214],[100.4954,-0.3346],[100.495,-0.3412],[100.4876,-0.3478],[100.4814,-0.3566],[100.4787,-0.3749],[100.4731,-0.3809],[100.4693,-0.3903],[100.4519,-0.392],[100.4377,-0.3892],[100.4181,-0.392],[100.3979,-0.3848],[100.3811,-0.3839],[100.37,-0.3899],[100.3662,-0.3891],[100.3634,-0.3904],[100.3579,-0.389],[100.353,-0.3915],[100.3327,-0.3924],[100.3319,-0.403],[100.3226,-0.4122],[100.3157,-0.4292],[100.3157,-0.4355],[100.3134,-0.4425],[100.3202,-0.4782],[100.3269,-0.4816],[100.3324,-0.4884],[100.3451,-0.4866],[100.3587,-0.4914],[100.3652,-0.4881],[100.375,-0.4917],[100.3878,-0.4895],[100.3929,-0.4912],[100.388,-0.5006],[100.3863,-0.5072],[100.3871,-0.5138],[100.3825,-0.5245],[100.3887,-0.5341],[100.3876,-0.5444],[100.3977,-0.5648],[100.4005,-0.5655],[100.4084,-0.5628],[100.4127,-0.5659],[100.4191,-0.5828],[100.418,-0.5994],[100.4163,-0.6022],[100.4103,-0.6034],[100.3995,-0.6139],[100.3944,-0.6165],[100.3751,-0.6219],[100.3958,-0.63],[100.3975,-0.632],[100.4023,-0.6276],[100.4125,-0.6268],[100.4172,-0.6292],[100.4201,-0.6332],[100.4304,-0.6372],[100.4321,-0.6399],[100.4283,-0.6469],[100.4277,-0.6526],[100.4281,-0.6554],[100.431,-0.6573],[100.4506,-0.6541],[100.4657,-0.656],[100.4751,-0.6552],[100.4825,-0.659],[100.4858,-0.659],[100.5059,-0.6429],[100.5204,-0.6355],[100.5173,-0.6325],[100.5185,-0.6288],[100.5153,-0.6252],[100.5153,-0.623]],[[100.3961,-0.4601],[100.3958,-0.4537],[100.3965,-0.4509],[100.3984,-0.4501],[100.4039,-0.4514],[100.4044,-0.455],[100.4077,-0.4556],[100.4089,-0.4593],[100.4119,-0.4546],[100.4249,-0.4556],[100.4258,-0.4596],[100.4295,-0.4601],[100.4325,-0.4628],[100.4363,-0.4696],[100.4357,-0.4722],[100.4327,-0.473],[100.4345,-0.4782],[100.4333,-0.4887],[100.4313,-0.4884],[100.4306,-0.4865],[100.4236,-0.4858],[100.4221,-0.4833],[100.4207,-0.4852],[100.4124,-0.4836],[100.4078,-0.4844],[100.4058,-0.4802],[100.4042,-0.4802],[100.4065,-0.4852],[100.3801,-0.4856],[100.3678,-0.479],[100.3663,-0.4766],[100.3703,-0.4733],[100.3721,-0.4679],[100.3748,-0.4668],[100.3752,-0.4637],[100.3764,-0.4643],[100.3788,-0.4615],[100.3852,-0.4592],[100.3876,-0.4601],[100.3896,-0.4584],[100.3901,-0.4602],[100.3909,-0.4589],[100.3961,-0.4601]]]},"properties":{"GID_2":"IDN.30.20_1","GID_0":"IDN","COUNTRY":"Indonesia","GID_1":"IDN.30_1","NAME_1":"SumateraBarat","NL_NAME_1":"NA","NAME_2":"TanahDatar","VARNAME_2":"NA","NL_NAME_2":"NA","TYPE_2":"Kabupaten","ENGTYPE_2":"Regency","CC_2":"1305","HASC_2":"ID.SB.TD","Data Indek":"Sumatera Barat","Data Ind_1":1,"Data Ind_2":"(0)","Data Ind_3":3.6,"Data Ind_4":285.18,"Data Ind_5":69188,"Data Ind_6":9.96,"Data Ind_7":105,"Data Ind_8":99.55,"Data Ind_9":98.67,"Data Ind10":-0.61,"Data Ind11":"Rendah"}},
{"type":"Feature","geometry":{"type":"Polygon","coordinates":[[[99.4558,2.5762],[99.4452,2.5641],[99.4429,2.5625],[99.4612,2.5508],[99.4649,2.5516],[99.4725,2.556],[99.4855,2.5732],[99.5,2.5852],[99.5137,2.5886],[99.5173,2.5921],[99.5221,2.5906],[99.5284,2.5926],[99.5384,2.5922],[99.543,2.603],[99.5558,2.6062],[99.5596,2.6047],[99.5629,2.5945],[99.5696,2.585],[99.5781,2.5864],[99.5832,2.5913],[99.5868,2.5909],[99.5917,2.5857],[99.6068,2.5792],[99.6088,2.5752],[99.6434,2.5762],[99.6438,2.5802],[99.6544,2.5815],[99.6676,2.5872],[99.6971,2.587],[99.7122,2.5966],[99.7193,2.6045],[99.7255,2.6065],[99.7425,2.6262],[99.7467,2.6271],[99.7507,2.6253],[99.8222,2.6885],[99.8271,2.6965],[99.8672,2.73],[99.8676,2.739],[99.884,2.7487],[99.9257,2.794],[99.9626,2.829],[99.9868,2.8554],[99.9887,2.8764],[99.9874,2.8807],[99.9886,2.8971],[99.9872,2.9005],[99.9904,2.9082],[99.9953,2.9386],[99.9932,2.9529],[99.9902,2.9577],[99.9859,2.9586],[99.9834,2.9568],[99.9813,2.9581],[99.9827,2.9552],[99.9872,2.9547],[99.9833,2.9544],[99.9804,2.9505],[99.9904,2.9449],[99.9811,2.9489],[99.9798,2.9467],[99.9823,2.9447],[99.9817,2.9447],[99.9795,2.9462],[99.9787,2.9425],[99.9809,2.9399],[99.9793,2.9404],[99.9782,2.9418],[99.9773,2.9404],[99.9771,2.9462],[99.9739,2.9434],[99.9768,2.9481],[99.9755,2.9505],[99.9695,2.9452],[99.9715,2.9483],[99.9734,2.95],[99.9725,2.9523],[99.9682,2.9539],[99.9667,2.9523],[99.9665,2.9547],[99.9603,2.9571],[99.9609,2.9543],[99.9599,2.9547],[99.9568,2.961],[99.9539,2.9624],[99.9498,2.9615],[99.9504,2.9631],[99.9436,2.9677],[99.9419,2.9654],[99.942,2.9662],[99.9428,2.9679],[99.9403,2.9697],[99.9395,2.9685],[99.9389,2.9709],[99.9377,2.9695],[99.9379,2.9713],[99.936,2.9711],[99.936,2.9729],[99.9331,2.9685],[99.933,2.9699],[99.9345,2.9738],[99.9321,2.9724],[99.9332,2.9752],[99.9303,2.9771],[99.9288,2.9743],[99.9301,2.9774],[99.9287,2.9789],[99.9253,2.9732],[99.925,2.9742],[99.9259,2.9765],[99.9284,2.9797],[99.925,2.9818],[99.9231,2.9794],[99.9246,2.9824],[99.9236,2.9833],[99.9223,2.9816],[99.9228,2.9841],[99.9208,2.9823],[99.9223,2.9847],[99.9201,2.9842],[99.9211,2.9855],[99.9185,2.989],[99.9158,2.9836],[99.9159,2.9852],[99.9177,2.9893],[99.9168,2.9903],[99.9137,2.9868],[99.9163,2.9905],[99.9153,2.9922],[99.9129,2.9892],[99.9151,2.9924],[99.9143,2.994],[99.9131,2.9941],[99.9088,2.987],[99.9127,2.9941],[99.9094,2.9926],[99.9125,2.9956],[99.9104,2.9991],[99.9053,2.9923],[99.9098,2.9996],[99.9079,3.0018],[99.9045,2.9971],[99.9067,3.0017],[99.9026,2.9977],[99.9065,3.0034],[99.9054,3.0054],[99.9036,3.0039],[99.9047,3.0057],[99.9038,3.0076],[99.9016,3.0053],[99.9033,3.0077],[99.9023,3.0091],[99.8998,3.0065],[99.9021,3.0095],[99.9009,3.0115],[99.8995,3.0103],[99.8997,3.0161],[99.8962,3.0129],[99.8987,3.016],[99.8973,3.0201],[99.8954,3.0201],[99.8961,3.0225],[99.8942,3.024],[99.8936,3.0326],[99.8908,3.0376],[99.8881,3.0378],[99.8878,3.0351],[99.8873,3.0371],[99.8767,3.0342],[99.8691,3.029],[99.86,3.0353],[99.8563,3.0413],[99.8471,3.0504],[99.8445,3.0506],[99.8444,3.0524],[99.8372,3.0584],[99.833,3.06],[99.8317,3.0622],[99.8304,3.0614],[99.8296,3.0648],[99.8248,3.0673],[99.8185,3.0757],[99.8189,3.0768],[99.8168,3.0766],[99.8105,3.0869],[99.808,3.0895],[99.8063,3.0889],[99.8071,3.0906],[99.8038,3.092],[99.8043,3.0944],[99.8012,3.0954],[99.7989,3.0994],[99.7976,3.0985],[99.7974,3.1002],[99.7926,3.0953],[99.7901,3.096],[99.7872,3.0935],[99.79,3.0962],[99.7918,3.0959],[99.7924,3.0954],[99.7972,3.1007],[99.7959,3.1029],[99.794,3.1019],[99.7959,3.1034],[99.7947,3.1062],[99.7909,3.1083],[99.7903,3.1116],[99.785,3.1159],[99.7837,3.1231],[99.7777,3.1254],[99.7679,3.1367],[99.762,3.1492],[99.757,3.1698],[99.7523,3.1708],[99.7476,3.1601],[99.7396,3.1507],[99.7228,3.1359],[99.7067,3.1251],[99.6936,3.1054],[99.6483,3.1055],[99.6377,3.1179],[99.6353,3.1197],[99.6326,3.1174],[99.6292,3.1257],[99.6218,3.1304],[99.616,3.1269],[99.6076,3.1269],[99.589,3.1107],[99.5999,3.0983],[99.602,3.102],[99.6066,3.1019],[99.6102,3.1037],[99.6111,3.1004],[99.611,3.0983],[99.607,3.0943],[99.6078,3.08],[99.6046,3.074],[99.5947,3.0661],[99.5982,3.0574],[99.5956,3.0453],[99.5918,3.0397],[99.5877,3.0384],[99.584,3.0437],[99.5698,3.0382],[99.5557,3.0276],[99.5554,3.0169],[99.5496,3.0181],[99.5494,3.0361],[99.557,3.0361],[99.5572,3.0491],[99.5718,3.0491],[99.5724,3.0698],[99.5612,3.0702],[99.544,3.0398],[99.5441,3.0376],[99.5394,3.0356],[99.5335,3.0294],[99.5299,3.0304],[99.5239,3.0263],[99.5221,3.0239],[99.5231,3.0209],[99.5194,3.0151],[99.509,3.0115],[99.5003,3.0054],[99.496,3],[99.4943,2.9943],[99.497,2.9875],[99.4966,2.983],[99.4933,2.9815],[99.4906,2.9775],[99.4873,2.9765],[99.4743,2.9625],[99.4683,2.9612],[99.4629,2.9574],[99.4548,2.9565],[99.4557,2.9441],[99.4496,2.9407],[99.4438,2.9304],[99.4269,2.9289],[99.4203,2.9224],[99.4144,2.9216],[99.4083,2.9167],[99.4033,2.917],[99.3983,2.9149],[99.3915,2.9059],[99.3904,2.9004],[99.3833,2.8967],[99.3764,2.8857],[99.3713,2.8833],[99.3602,2.8826],[99.3555,2.8862],[99.3536,2.8915],[99.3486,2.8956],[99.3441,2.8957],[99.3411,2.8937],[99.3335,2.8944],[99.3217,2.886],[99.3165,2.8859],[99.3097,2.8791],[99.3039,2.8812],[99.2956,2.8706],[99.2891,2.8733],[99.2878,2.8698],[99.2838,2.8666],[99.2741,2.8655],[99.2656,2.8605],[99.2645,2.851],[99.2586,2.8458],[99.26,2.8419],[99.2566,2.8371],[99.2575,2.8305],[99.2511,2.8237],[99.2483,2.8125],[99.2411,2.8092],[99.2396,2.8067],[99.2283,2.8023],[99.22,2.795],[99.2168,2.794],[99.2161,2.7897],[99.2122,2.7857],[99.2079,2.77],[99.1991,2.7677],[99.1841,2.7544],[99.1762,2.7523],[99.1695,2.7484],[99.1466,2.7194],[99.1342,2.711],[99.125,2.6968],[99.1193,2.6811],[99.1077,2.6785],[99.0908,2.6699],[99.0811,2.6523],[99.0738,2.6433],[99.0745,2.629],[99.0729,2.6126],[99.075,2.5977],[99.0911,2.5781],[99.1003,2.572],[99.1137,2.5735],[99.1167,2.5692],[99.1189,2.5685],[99.1253,2.569],[99.133,2.567],[99.14,2.572],[99.1454,2.5731],[99.1571,2.5681],[99.1614,2.568],[99.1673,2.5608],[99.1771,2.5571],[99.1811,2.5526],[99.1817,2.5389],[99.1837,2.5329],[99.2075,2.5295],[99.2136,2.5237],[99.219,2.5367],[99.2304,2.5448],[99.2387,2.5445],[99.2478,2.5394],[99.2554,2.5407],[99.2675,2.5493],[99.277,2.55],[99.2852,2.559],[99.2934,2.564],[99.3039,2.5743],[99.3085,2.5741],[99.3088,2.5541],[99.3106,2.5618],[99.3137,2.5618],[99.3146,2.5593],[99.3177,2.5632],[99.3246,2.5642],[99.3266,2.5662],[99.3418,2.5645],[99.3422,2.5624],[99.3454,2.5635],[99.3488,2.5604],[99.3597,2.5623],[99.3632,2.5661],[99.3648,2.5656],[99.3685,2.5683],[99.3733,2.5686],[99.3793,2.5647],[99.3832,2.5655],[99.3863,2.5638],[99.3911,2.5666],[99.3974,2.5824],[99.4055,2.5901],[99.4257,2.5976],[99.4264,2.5952],[99.4205,2.5899],[99.4105,2.5669],[99.41,2.5618],[99.4154,2.5605],[99.4214,2.5635],[99.4267,2.5704],[99.4328,2.568],[99.4435,2.5779],[99.446,2.5823],[99.4448,2.5868],[99.4458,2.5936],[99.4585,2.6008],[99.4558,2.5762]],[[99.4585,2.6008],[99.4581,2.6011],[99.4584,2.6009],[99.4585,2.6008]],[[99.762,2.9665],[99.7625,2.9689],[99.7817,2.97],[99.766,3.009],[99.7953,3.0089],[99.7918,3.0169],[99.805,3.017],[99.8193,3.0248],[99.8194,2.9946],[99.8113,2.9936],[99.8068,2.9895],[99.8086,2.9704],[99.8105,2.9676],[99.8166,2.9652],[99.8217,2.9604],[99.8349,2.9554],[99.8375,2.9472],[99.8372,2.936],[99.831,2.9298],[99.8164,2.9241],[99.8138,2.9263],[99.8037,2.9288],[99.7964,2.9268],[99.7888,2.922],[99.7885,2.9234],[99.7751,2.9207],[99.7742,2.9234],[99.753,2.9421],[99.757,2.9538],[99.756,2.9606],[99.762,2.9665]]]},"properties":{"GID_2":"IDN.32.1_1","GID_0":"IDN","COUNTRY":"Indonesia","GID_1":"IDN.32_1","NAME_1":"SumateraUtara","NL_NAME_1":"NA","NAME_2":"Asahan","VARNAME_2":"NA","NL_NAME_2":"NA","TYPE_2":"Kabupaten","ENGTYPE_2":"Regency","CC_2":"1208","HASC_2":"ID.SU.AN","Data Indek":"Sumatera Utara","Data Ind_1":4,"Data Ind_2":"(1)","Data Ind_3":7.2,"Data Ind_4":220.61,"Data Ind_5":122983,"Data Ind_6":4.07,"Data Ind_7":40,"Data Ind_8":99.75,"Data Ind_9":98.04,"Data Ind10":0.22,"Data Ind11":"Sangat Tinggi"}},
{"type":"Feature","geometry":{"type":"Polygon","coordinates":[[[99.6046,3.074],[99.6073,3.0791],[99.607,3.0943],[99.611,3.0983],[99.6102,3.1037],[99.6066,3.1019],[99.602,3.102],[99.5999,3.0983],[99.589,3.1107],[99.6076,3.1269],[99.616,3.1269],[99.6218,3.1304],[99.6292,3.1257],[99.6326,3.1174],[99.6353,3.1197],[99.6377,3.1179],[99.6483,3.1055],[99.6936,3.1054],[99.7067,3.1251],[99.7228,3.1359],[99.7416,3.1527],[99.7476,3.1601],[99.7523,3.1708],[99.7399,3.1722],[99.7386,3.1742],[99.7264,3.1799],[99.7161,3.1895],[99.7127,3.1905],[99.7115,3.1893],[99.7116,3.1925],[99.7046,3.1978],[99.7003,3.1998],[99.699,3.1964],[99.6999,3.2002],[99.6968,3.2017],[99.6952,3.1985],[99.6964,3.2017],[99.6924,3.2044],[99.6903,3.1997],[99.6905,3.2023],[99.6916,3.2045],[99.6848,3.2081],[99.6793,3.2097],[99.6758,3.209],[99.6687,3.2046],[99.6699,3.2063],[99.6725,3.2071],[99.67,3.2115],[99.6431,3.2169],[99.607,3.2268],[99.5928,3.234],[99.5879,3.2295],[99.5841,3.2298],[99.5846,3.2313],[99.5821,3.2326],[99.571,3.2336],[99.5599,3.2383],[99.5585,3.2361],[99.5587,3.2387],[99.5403,3.2509],[99.5326,3.2642],[99.5137,3.2817],[99.5116,3.2871],[99.5124,3.2916],[99.5021,3.3011],[99.4961,3.3129],[99.4862,3.3178],[99.4872,3.3203],[99.4852,3.3331],[99.4857,3.3381],[99.488,3.3424],[99.484,3.3479],[99.4732,3.3472],[99.4733,3.3486],[99.4641,3.3521],[99.4548,3.358],[99.4523,3.3628],[99.4445,3.3705],[99.4361,3.3761],[99.4259,3.3801],[99.4232,3.3844],[99.4118,3.3852],[99.3902,3.3939],[99.3745,3.3972],[99.3657,3.4009],[99.3653,3.4027],[99.3553,3.4096],[99.3454,3.42],[99.3368,3.4248],[99.3317,3.4247],[99.3199,3.4335],[99.3153,3.444],[99.306,3.4254],[99.3038,3.4142],[99.2918,3.3864],[99.2875,3.371],[99.2714,3.3428],[99.2628,3.3326],[99.259,3.3221],[99.261,3.3176],[99.2597,3.311],[99.251,3.2948],[99.2452,3.2899],[99.2447,3.2829],[99.2348,3.2668],[99.2352,3.2524],[99.2223,3.2371],[99.2188,3.2352],[99.2176,3.2307],[99.214,3.2283],[99.2136,3.2252],[99.208,3.2236],[99.2304,3.1997],[99.231,3.2033],[99.2294,3.205],[99.2311,3.2104],[99.2305,3.221],[99.2337,3.2253],[99.2384,3.2382],[99.2452,3.2439],[99.2405,3.2521],[99.2519,3.2567],[99.2549,3.2533],[99.2634,3.2563],[99.2639,3.2616],[99.2596,3.2657],[99.2693,3.2768],[99.282,3.2708],[99.2945,3.2728],[99.2981,3.2779],[99.308,3.2837],[99.3098,3.2905],[99.3086,3.2998],[99.3413,3.2889],[99.3442,3.2877],[99.3484,3.2746],[99.3454,3.2684],[99.3473,3.2598],[99.3443,3.2522],[99.3453,3.2489],[99.342,3.238],[99.344,3.2364],[99.3444,3.2317],[99.3504,3.2274],[99.358,3.2135],[99.3626,3.2215],[99.3613,3.2254],[99.3646,3.2299],[99.3657,3.2347],[99.3724,3.2413],[99.3725,3.2458],[99.379,3.2476],[99.387,3.2535],[99.3874,3.2514],[99.39,3.2507],[99.3947,3.2446],[99.3993,3.252],[99.403,3.2532],[99.407,3.2516],[99.3975,3.2231],[99.3631,3.1511],[99.4219,3.1467],[99.4928,3.1214],[99.4821,3.1119],[99.5082,3.1011],[99.5177,3.109],[99.5349,3.0995],[99.5465,3.0982],[99.5659,3.0775],[99.5612,3.0702],[99.5724,3.0698],[99.5718,3.0491],[99.5572,3.0491],[99.557,3.0361],[99.5494,3.0361],[99.5496,3.0181],[99.5515,3.0167],[99.5538,3.0162],[99.5563,3.0179],[99.5557,3.0276],[99.5698,3.0382],[99.584,3.0437],[99.5877,3.0384],[99.5918,3.0397],[99.5956,3.0453],[99.5982,3.0574],[99.5947,3.0661],[99.6046,3.074]]]},"properties":{"GID_2":"IDN.32.2_1","GID_0":"IDN","COUNTRY":"Indonesia","GID_1":"IDN.32_1","NAME_1":"SumateraUtara","NL_NAME_1":"NA","NAME_2":"BatuBara","VARNAME_2":"NA","NL_NAME_2":"NA","TYPE_2":"Kabupaten","ENGTYPE_2":"Regency","CC_2":"1219","HASC_2":"ID.SU.BB","Data Indek":"Sumatera Utara","Data Ind_1":6,"Data Ind_2":"(0)","Data Ind_3":10.1,"Data Ind_4":499.92,"Data Ind_5":74299,"Data Ind_6":1.88,"Data Ind_7":20,"Data Ind_8":99.99,"Data Ind_9":99.34,"Data Ind10":-0.14,"Data Ind11":"Tinggi"}},
{"type":"Feature","geometry":{"type":"MultiPolygon","coordinates":[[[[98.4669,2.5528],[98.4753,2.5523],[98.4865,2.5469],[98.4905,2.5469],[98.4987,2.5511],[98.5237,2.5687],[98.5469,2.5779],[98.5541,2.5837],[98.5663,2.6821],[98.5725,2.7091],[98.5731,2.7311],[98.5743,2.7339],[98.5789,2.7354],[98.5733,2.737],[98.5702,2.7429],[98.5695,2.7573],[98.5629,2.77],[98.5571,2.7707],[98.5532,2.7751],[98.5514,2.781],[98.5478,2.7823],[98.5444,2.786],[98.5378,2.7874],[98.5281,2.7937],[98.5285,2.8127],[98.5257,2.8165],[98.528,2.8238],[98.5259,2.8298],[98.5274,2.8326],[98.5252,2.8388],[98.5289,2.8475],[98.524,2.8551],[98.5244,2.8629],[98.5214,2.8679],[98.5249,2.8736],[98.5239,2.8746],[98.5214,2.8749],[98.5097,2.869],[98.4895,2.8691],[98.4728,2.8742],[98.4543,2.8842],[98.4486,2.8907],[98.44,2.8903],[98.4356,2.8935],[98.4336,2.8973],[98.4294,2.9174],[98.412,2.9225],[98.3865,2.9252],[98.3685,2.9325],[98.3637,2.9373],[98.3484,2.9627],[98.3443,2.9662],[98.3188,2.9671],[98.3152,2.9704],[98.3114,2.9711],[98.3023,2.9653],[98.2955,2.9659],[98.2695,2.9538],[98.2488,2.9312],[98.2467,2.9324],[98.2219,2.9523],[98.2159,2.9654],[98.2064,2.9723],[98.2044,2.9803],[98.2008,2.9841],[98.1964,2.9939],[98.192,3.0212],[98.1974,3.032],[98.198,3.0456],[98.1962,3.05],[98.1915,3.053],[98.1738,3.0796],[98.1699,3.0786],[98.1557,3.0672],[98.1391,3.0484],[98.1317,3.049],[98.1234,3.0538],[98.1093,3.0554],[98.098,3.071],[98.0854,3.0709],[98.0773,3.0746],[98.0756,3.0848],[98.0678,3.1027],[98.0597,3.1102],[98.0534,3.1191],[98.0504,3.121],[98.0342,3.1239],[98.028,3.1217],[98.0314,3.1147],[98.028,3.1055],[98.0294,3.1003],[98.0368,3.0895],[98.0385,3.0817],[98.0374,3.078],[98.0317,3.0781],[98.0278,3.0817],[98.0231,3.0803],[98.016,3.0833],[98.0135,3.0825],[98.0043,3.0853],[98.0028,3.0876],[97.999,3.0873],[97.9904,3.092],[97.9824,3.0871],[97.9825,3.0817],[97.9805,3.0796],[97.9768,3.079],[97.9745,3.0728],[97.9611,3.0659],[97.9485,3.0662],[97.9477,3.0682],[97.9505,3.074],[97.9492,3.0753],[97.9436,3.0747],[97.9394,3.0762],[97.9358,3.0736],[97.9313,3.0675],[97.9299,3.0557],[97.9442,3.0456],[97.944,3.0431],[97.9391,3.037],[97.9385,3.0282],[97.9469,3.0057],[97.9351,2.9895],[97.9521,2.9865],[97.9594,2.9813],[97.9646,2.9732],[97.9638,2.9619],[97.9487,2.8953],[97.9748,2.8885],[97.9819,2.8856],[97.985,2.8826],[97.9924,2.8822],[97.9967,2.8751],[98.0064,2.8723],[98.0278,2.8559],[98.0319,2.8492],[98.0349,2.8475],[98.0392,2.8479],[98.0462,2.8269],[98.049,2.823],[98.0557,2.8187],[98.0677,2.8174],[98.099,2.8228],[98.098,2.8186],[98.1051,2.7903],[98.1307,2.7796],[98.1349,2.7753],[98.1446,2.7705],[98.1571,2.7695],[98.1674,2.7646],[98.1865,2.75],[98.1907,2.7411],[98.2002,2.7332],[98.2254,2.7231],[98.2513,2.7083],[98.2529,2.7128],[98.2604,2.7193],[98.2716,2.7203],[98.2798,2.7164],[98.2955,2.7043],[98.3052,2.701],[98.3286,2.6969],[98.3369,2.6902],[98.3404,2.6785],[98.3564,2.6609],[98.374,2.6526],[98.3939,2.6478],[98.3966,2.6447],[98.4015,2.6425],[98.4199,2.638],[98.425,2.6321],[98.4379,2.5944],[98.4442,2.5817],[98.4536,2.5705],[98.4646,2.5626],[98.4669,2.5528]]],[[[97.9497,2.9137],[97.9503,2.9134],[97.9499,2.9138],[97.9493,2.9143],[97.9497,2.9137]]]]},"properties":{"GID_2":"IDN.32.3_1","GID_0":"IDN","COUNTRY":"Indonesia","GID_1":"IDN.32_1","NAME_1":"SumateraUtara","NL_NAME_1":"NA","NAME_2":"Dairi","VARNAME_2":"NA","NL_NAME_2":"NA","TYPE_2":"Kabupaten","ENGTYPE_2":"Regency","CC_2":"1210","HASC_2":"ID.SU.DA","Data Indek":"Sumatera Utara","Data Ind_1":1,"Data Ind_2":"(0)","Data Ind_3":7,"Data Ind_4":161.45,"Data Ind_5":51275,"Data Ind_6":2.94,"Data Ind_7":20,"Data Ind_8":99.72,"Data Ind_9":93.49,"Data Ind10":-0.46,"Data Ind11":"Sedang"}},
{"type":"Feature","geometry":{"type":"Polygon","coordinates":[[[98.7956,3.2855],[98.7959,3.298],[98.8076,3.3048],[98.8123,3.3046],[98.8143,3.3085],[98.8194,3.3127],[98.8309,3.3159],[98.836,3.3293],[98.8402,3.3298],[98.8448,3.3374],[98.8484,3.3366],[98.8575,3.3438],[98.8602,3.3405],[98.872,3.345],[98.8755,3.3479],[98.8795,3.3473],[98.88,3.3504],[98.8835,3.3537],[98.8871,3.3539],[98.8914,3.3568],[98.8983,3.3583],[98.9132,3.3582],[98.9191,3.367],[98.9163,3.3741],[98.9209,3.3812],[98.9166,3.3863],[98.9189,3.389],[98.9214,3.3988],[98.9208,3.4052],[98.9179,3.4113],[98.9187,3.4165],[98.9156,3.4284],[98.9163,3.4388],[98.9143,3.449],[98.9194,3.4549],[98.9199,3.4661],[98.9346,3.4912],[98.9363,3.4998],[98.9333,3.5031],[98.9368,3.5151],[98.9359,3.5251],[98.931,3.5327],[98.933,3.5377],[98.9262,3.5453],[98.9311,3.5542],[98.9338,3.5674],[98.9235,3.5754],[98.9191,3.5822],[98.9189,3.5863],[98.9213,3.5914],[98.9188,3.6],[98.9253,3.6128],[98.93,3.6148],[98.9385,3.6245],[98.9459,3.6472],[98.9461,3.6581],[98.949,3.6647],[98.9444,3.6684],[98.9443,3.6741],[98.9334,3.679],[98.9299,3.6781],[98.9233,3.6822],[98.9119,3.6808],[98.9073,3.6787],[98.9015,3.681],[98.8903,3.6817],[98.8715,3.6869],[98.8472,3.6989],[98.8442,3.6952],[98.8434,3.6983],[98.8405,3.7006],[98.8308,3.7019],[98.8239,3.7068],[98.8004,3.7164],[98.7931,3.7173],[98.7872,3.7129],[98.7838,3.7164],[98.7879,3.7158],[98.7882,3.7183],[98.7722,3.734],[98.7596,3.7599],[98.7448,3.7682],[98.7309,3.7694],[98.7253,3.7732],[98.7189,3.7717],[98.716,3.7677],[98.707,3.7726],[98.704,3.7664],[98.7019,3.7512],[98.7052,3.7497],[98.7034,3.7467],[98.7053,3.7444],[98.7041,3.7417],[98.7072,3.7401],[98.7098,3.7414],[98.7178,3.7385],[98.7218,3.7345],[98.727,3.7332],[98.7267,3.7275],[98.731,3.7204],[98.725,3.72],[98.7204,3.7253],[98.7172,3.7233],[98.7152,3.7255],[98.7153,3.7214],[98.7138,3.7216],[98.7133,3.7198],[98.7123,3.7207],[98.7116,3.7188],[98.7098,3.7197],[98.71,3.7176],[98.7082,3.7172],[98.7069,3.7137],[98.7047,3.715],[98.7033,3.7117],[98.7054,3.7112],[98.7049,3.7064],[98.7076,3.7045],[98.7063,3.7027],[98.7114,3.6931],[98.7109,3.6881],[98.7088,3.688],[98.7087,3.6851],[98.7109,3.6842],[98.7129,3.679],[98.7098,3.673],[98.7033,3.667],[98.7033,3.672],[98.6947,3.6724],[98.6966,3.6779],[98.6803,3.6787],[98.6802,3.6754],[98.6694,3.6756],[98.6685,3.6718],[98.6804,3.6725],[98.6814,3.6681],[98.6922,3.6645],[98.6897,3.6565],[98.6919,3.6565],[98.7002,3.6626],[98.703,3.6626],[98.7017,3.6451],[98.6948,3.6454],[98.6948,3.6422],[98.6926,3.6431],[98.6934,3.6268],[98.7041,3.6263],[98.7038,3.6288],[98.7078,3.6287],[98.7078,3.6272],[98.7099,3.6266],[98.7097,3.6173],[98.7073,3.6174],[98.7066,3.6024],[98.7118,3.6022],[98.7118,3.6003],[98.7415,3.599],[98.7399,3.594],[98.7413,3.5923],[98.7408,3.5882],[98.7362,3.586],[98.7325,3.5861],[98.7308,3.584],[98.7311,3.5821],[98.7383,3.5814],[98.7383,3.5802],[98.7369,3.5747],[98.734,3.5748],[98.7318,3.571],[98.7286,3.5711],[98.7271,3.5681],[98.7268,3.5511],[98.7201,3.5516],[98.7219,3.5488],[98.7213,3.5434],[98.7229,3.5434],[98.7228,3.5408],[98.7267,3.5405],[98.7264,3.5383],[98.7289,3.538],[98.729,3.5407],[98.7314,3.5397],[98.7322,3.5412],[98.7349,3.5411],[98.7351,3.5384],[98.7396,3.5368],[98.7464,3.5378],[98.7452,3.5365],[98.7448,3.5281],[98.7422,3.5277],[98.7424,3.5294],[98.6983,3.5315],[98.6982,3.5184],[98.6784,3.5193],[98.6749,3.5158],[98.6771,3.5146],[98.6617,3.5149],[98.6617,3.5191],[98.6557,3.5196],[98.6617,3.5196],[98.6623,3.5224],[98.6576,3.5225],[98.6556,3.5196],[98.6567,3.5191],[98.6543,3.5173],[98.6555,3.5109],[98.6576,3.5084],[98.6586,3.5099],[98.6596,3.5084],[98.659,3.5046],[98.6555,3.5007],[98.655,3.4962],[98.6498,3.4971],[98.6482,3.4958],[98.6475,3.4982],[98.6446,3.4881],[98.6357,3.4893],[98.6371,3.4905],[98.6347,3.4935],[98.6367,3.4972],[98.6339,3.4966],[98.6329,3.4976],[98.634,3.4982],[98.6321,3.4987],[98.6336,3.4992],[98.6322,3.4998],[98.6324,3.5024],[98.6301,3.5032],[98.6318,3.5058],[98.63,3.5089],[98.6285,3.5087],[98.6297,3.5116],[98.6276,3.512],[98.6284,3.5179],[98.6257,3.5188],[98.6234,3.5148],[98.6247,3.507],[98.6206,3.5068],[98.6158,3.5033],[98.6172,3.4983],[98.6089,3.4967],[98.6001,3.4909],[98.5972,3.4929],[98.5925,3.4979],[98.5934,3.4997],[98.5967,3.5008],[98.5966,3.5057],[98.6018,3.5127],[98.6022,3.5164],[98.5974,3.5281],[98.6023,3.5318],[98.601,3.5329],[98.6026,3.5342],[98.6003,3.5386],[98.5975,3.538],[98.5931,3.5403],[98.5988,3.5465],[98.6058,3.55],[98.6062,3.5532],[98.6116,3.5537],[98.6108,3.5596],[98.6067,3.5589],[98.612,3.5628],[98.6075,3.5658],[98.6073,3.5675],[98.6092,3.5707],[98.6084,3.5772],[98.6102,3.5782],[98.6113,3.5835],[98.6078,3.5813],[98.6021,3.5872],[98.6048,3.5884],[98.6044,3.5925],[98.6082,3.593],[98.6077,3.5946],[98.6039,3.5948],[98.6081,3.5958],[98.6052,3.5989],[98.6067,3.6105],[98.6016,3.6121],[98.6023,3.6164],[98.5993,3.6203],[98.6056,3.6186],[98.6054,3.6131],[98.61,3.6132],[98.6103,3.6184],[98.6131,3.6182],[98.613,3.6121],[98.6276,3.6127],[98.6304,3.6157],[98.6526,3.6152],[98.6601,3.6227],[98.6643,3.624],[98.6644,3.632],[98.6665,3.6353],[98.6634,3.6354],[98.663,3.6373],[98.6593,3.6387],[98.6596,3.644],[98.6576,3.6441],[98.656,3.6692],[98.6575,3.6703],[98.6578,3.675],[98.6516,3.6746],[98.6486,3.6834],[98.6333,3.6837],[98.6339,3.6907],[98.6318,3.6996],[98.6248,3.6997],[98.6262,3.713],[98.6305,3.7142],[98.6344,3.7203],[98.644,3.7196],[98.6451,3.7254],[98.6441,3.7265],[98.6457,3.7271],[98.6441,3.7291],[98.6459,3.7296],[98.6446,3.7309],[98.6505,3.7291],[98.6527,3.7321],[98.6534,3.7378],[98.6445,3.7378],[98.6426,3.7401],[98.641,3.7393],[98.6399,3.7426],[98.6361,3.7432],[98.6339,3.7469],[98.6345,3.7504],[98.6308,3.752],[98.6305,3.7557],[98.6253,3.7596],[98.6275,3.7672],[98.6299,3.7688],[98.6357,3.7678],[98.6364,3.7708],[98.6329,3.7723],[98.6321,3.7751],[98.6445,3.7745],[98.6485,3.7801],[98.6537,3.7819],[98.6634,3.7809],[98.6675,3.7762],[98.6732,3.774],[98.6745,3.7674],[98.6752,3.769],[98.6802,3.7674],[98.6807,3.7685],[98.6755,3.77],[98.6741,3.7732],[98.6786,3.7746],[98.6802,3.7771],[98.6801,3.787],[98.6846,3.7895],[98.7047,3.7905],[98.7052,3.7954],[98.7073,3.7961],[98.7088,3.7999],[98.7026,3.8124],[98.6979,3.837],[98.6969,3.8634],[98.6986,3.8674],[98.6952,3.8735],[98.6973,3.8732],[98.6977,3.8744],[98.686,3.8901],[98.6804,3.9009],[98.6725,3.9083],[98.669,3.9096],[98.665,3.9042],[98.661,3.9046],[98.6608,3.9078],[98.6573,3.9051],[98.6508,3.905],[98.6457,3.8967],[98.6411,3.8954],[98.6355,3.8842],[98.619,3.8833],[98.609,3.8665],[98.6059,3.8663],[98.604,3.8691],[98.6013,3.8683],[98.6006,3.864],[98.6064,3.8558],[98.606,3.8537],[98.5986,3.8481],[98.6018,3.8395],[98.6008,3.8343],[98.5955,3.8315],[98.5887,3.8353],[98.5831,3.8343],[98.5831,3.8232],[98.5803,3.8219],[98.5767,3.8236],[98.5744,3.8225],[98.5766,3.8157],[98.5526,3.7999],[98.5388,3.7929],[98.5317,3.7865],[98.5251,3.7755],[98.5224,3.7676],[98.5157,3.7591],[98.5067,3.7374],[98.5096,3.7294],[98.5087,3.7233],[98.5068,3.7221],[98.5081,3.7172],[98.5068,3.712],[98.5086,3.7079],[98.5049,3.6983],[98.5015,3.6725],[98.5109,3.6728],[98.5111,3.6671],[98.5183,3.6674],[98.5184,3.6642],[98.5111,3.6639],[98.5112,3.6555],[98.5169,3.6554],[98.5179,3.6536],[98.5179,3.6522],[98.5114,3.6523],[98.5114,3.6459],[98.5178,3.6457],[98.5166,3.6417],[98.5116,3.6417],[98.5118,3.6336],[98.5107,3.6334],[98.5119,3.6318],[98.5161,3.6317],[98.5161,3.6296],[98.5256,3.6293],[98.5256,3.6207],[98.5328,3.6208],[98.5331,3.6128],[98.5337,3.6113],[98.5356,3.6114],[98.5362,3.6068],[98.5331,3.5964],[98.5339,3.5943],[98.5325,3.5931],[98.5351,3.593],[98.5367,3.5726],[98.5334,3.5678],[98.5213,3.5696],[98.5006,3.5685],[98.5018,3.5598],[98.5081,3.5561],[98.5106,3.5527],[98.5091,3.5485],[98.5114,3.5442],[98.5078,3.5427],[98.512,3.5394],[98.5106,3.5312],[98.5202,3.5237],[98.5246,3.5222],[98.5244,3.52],[98.5208,3.5208],[98.5191,3.5104],[98.514,3.5019],[98.5132,3.4972],[98.51,3.4951],[98.5133,3.4938],[98.5109,3.4899],[98.5103,3.4807],[98.5076,3.476],[98.5096,3.469],[98.5089,3.4649],[98.5042,3.4544],[98.5069,3.4497],[98.5036,3.4385],[98.5046,3.4311],[98.5023,3.4258],[98.5012,3.4159],[98.5015,3.4069],[98.5047,3.4032],[98.5045,3.4008],[98.4956,3.3908],[98.4987,3.3852],[98.4995,3.3748],[98.5018,3.3719],[98.5047,3.3618],[98.5043,3.3469],[98.5008,3.3381],[98.5049,3.3285],[98.5031,3.3184],[98.5095,3.3085],[98.4985,3.2982],[98.4866,3.2915],[98.4853,3.2888],[98.4797,3.2859],[98.4707,3.2778],[98.4703,3.2736],[98.4749,3.2709],[98.4733,3.2566],[98.4686,3.2555],[98.4685,3.2495],[98.4721,3.2383],[98.4716,3.2359],[98.4652,3.2309],[98.473,3.2236],[98.4809,3.2225],[98.4877,3.2267],[98.4925,3.2378],[98.4998,3.2416],[98.5055,3.2401],[98.5139,3.2436],[98.5201,3.2402],[98.5255,3.2411],[98.5373,3.2382],[98.5452,3.2319],[98.5535,3.2201],[98.556,3.2003],[98.559,3.1993],[98.5624,3.201],[98.5681,3.2086],[98.5741,3.2095],[98.5879,3.2186],[98.5942,3.2177],[98.5998,3.2227],[98.6222,3.2323],[98.6267,3.2222],[98.6215,3.2186],[98.6204,3.2147],[98.6216,3.2069],[98.6121,3.1948],[98.6152,3.1836],[98.6111,3.1791],[98.6028,3.1815],[98.6012,3.1773],[98.6035,3.1701],[98.6013,3.1625],[98.6029,3.1579],[98.6119,3.1459],[98.6153,3.1313],[98.6196,3.1327],[98.6239,3.1317],[98.6275,3.1261],[98.6291,3.1173],[98.622,3.1048],[98.6096,3.1109],[98.6064,3.1096],[98.6053,3.1041],[98.6134,3.1013],[98.6171,3.0972],[98.6205,3.0891],[98.6221,3.0718],[98.6247,3.0635],[98.6273,3.0625],[98.6461,3.0669],[98.6592,3.0666],[98.6734,3.0713],[98.6823,3.0674],[98.6874,3.0527],[98.6907,3.0505],[98.6945,3.0518],[98.7043,3.0598],[98.7058,3.0638],[98.7088,3.103],[98.7172,3.133],[98.7238,3.1491],[98.7305,3.1752],[98.7267,3.1853],[98.7294,3.1969],[98.7277,3.2034],[98.7235,3.2073],[98.7302,3.2203],[98.7342,3.2218],[98.7448,3.2169],[98.7481,3.2184],[98.7505,3.2287],[98.7496,3.2327],[98.7529,3.2398],[98.7639,3.2475],[98.7685,3.2528],[98.7709,3.2589],[98.7703,3.2617],[98.7737,3.2666],[98.7891,3.2756],[98.7956,3.2855]]]},"properties":{"GID_2":"IDN.32.4_1","GID_0":"IDN","COUNTRY":"Indonesia","GID_1":"IDN.32_1","NAME_1":"SumateraUtara","NL_NAME_1":"NA","NAME_2":"DeliSerdang","VARNAME_2":"NA","NL_NAME_2":"NA","TYPE_2":"Kabupaten","ENGTYPE_2":"Regency","CC_2":"1212","HASC_2":"ID.SU.DS","Data Indek":"Sumatera Utara","Data Ind_1":7,"Data Ind_2":"(0)","Data Ind_3":3.1,"Data Ind_4":805.06,"Data Ind_5":287262,"Data Ind_6":3.53,"Data Ind_7":60,"Data Ind_8":99.43,"Data Ind_9":86.29,"Data Ind10":0.04,"Data Ind11":"Tinggi"}},
{"type":"Feature","geometry":{"type":"MultiPolygon","coordinates":[[[[97.6501,1.091],[97.649,1.094],[97.6321,1.0955],[97.631,1.0885],[97.6324,1.0816],[97.6433,1.0806],[97.6553,1.0828],[97.6501,1.091]]],[[[97.6302,1.1166],[97.632,1.11],[97.6328,1.1049],[97.646,1.1001],[97.6711,1.1086],[97.6851,1.1173],[97.6807,1.1218],[97.6734,1.1211],[97.6705,1.1232],[97.6625,1.1189],[97.6553,1.1183],[97.6468,1.1125],[97.6456,1.1192],[97.6436,1.1202],[97.6634,1.139],[97.6688,1.1525],[97.6902,1.1785],[97.6805,1.1931],[97.6787,1.2142],[97.6726,1.2232],[97.6518,1.2376],[97.6515,1.2434],[97.6401,1.2556],[97.64,1.2614],[97.6367,1.2691],[97.6254,1.2863],[97.6224,1.2894],[97.614,1.2915],[97.6106,1.2941],[97.609,1.304],[97.6114,1.3074],[97.6093,1.3123],[97.6021,1.3195],[97.6014,1.3248],[97.5986,1.3296],[97.5922,1.337],[97.5879,1.3384],[97.5857,1.3416],[97.5784,1.3461],[97.5695,1.3602],[97.563,1.3658],[97.5617,1.3717],[97.5587,1.3762],[97.5494,1.3781],[97.5455,1.386],[97.5414,1.3883],[97.5419,1.408],[97.54,1.4199],[97.5376,1.4217],[97.526,1.4219],[97.5213,1.4234],[97.5041,1.41],[97.4904,1.3898],[97.4864,1.3867],[97.489,1.3781],[97.4781,1.3715],[97.4707,1.3467],[97.479,1.3371],[97.4839,1.3266],[97.4878,1.313],[97.4948,1.305],[97.4982,1.292],[97.5102,1.2745],[97.5275,1.2792],[97.5412,1.2849],[97.5472,1.2844],[97.5594,1.2808],[97.5658,1.277],[97.5711,1.2713],[97.5799,1.2688],[97.5832,1.2625],[97.5819,1.2605],[97.5697,1.2613],[97.5653,1.2582],[97.5645,1.2461],[97.569,1.233],[97.5679,1.228],[97.5603,1.2212],[97.5783,1.2151],[97.5761,1.2009],[97.5813,1.1943],[97.5871,1.1997],[97.6014,1.1956],[97.6156,1.1999],[97.621,1.195],[97.6227,1.1806],[97.6263,1.1739],[97.606,1.1301],[97.5862,1.1204],[97.5932,1.1101],[97.6137,1.1098],[97.6198,1.108],[97.6264,1.1121],[97.6302,1.1166]]]]},"properties":{"GID_2":"IDN.32.5_1","GID_0":"IDN","COUNTRY":"Indonesia","GID_1":"IDN.32_1","NAME_1":"SumateraUtara","NL_NAME_1":"NA","NAME_2":"Gunungsitoli","VARNAME_2":"NA","NL_NAME_2":"NA","TYPE_2":"Kota","ENGTYPE_2":"City","CC_2":"1278","HASC_2":"ID.SU.GS","Data Indek":"Sumatera Utara","Data Ind_1":4,"Data Ind_2":"(1)","Data Ind_3":13.9,"Data Ind_4":706.89,"Data Ind_5":22131,"Data Ind_6":17.65,"Data Ind_7":9,"Data Ind_8":98.44,"Data Ind_9":90.1,"Data Ind10":0.45,"Data Ind11":"Sangat Tinggi"}},
{"type":"Feature","geometry":{"type":"MultiPolygon","coordinates":[[[[98.9407,2.2625],[98.9479,2.2643],[98.9647,2.2707],[98.9646,2.2744],[98.9724,2.2725],[98.9725,2.2736],[98.9683,2.2831],[98.971,2.298],[98.9643,2.301],[98.9583,2.3101],[98.9587,2.3123],[98.9539,2.3213],[98.9402,2.32],[98.9378,2.3239],[98.9327,2.3224],[98.9284,2.3264],[98.9241,2.324],[98.9,2.327],[98.8946,2.3254],[98.8897,2.3285],[98.886,2.3358],[98.874,2.3322],[98.8663,2.3348],[98.8584,2.3317],[98.859,2.3342],[98.8543,2.3381],[98.8502,2.334],[98.8478,2.3339],[98.8472,2.3269],[98.8422,2.3226],[98.8344,2.3213],[98.8312,2.3227],[98.821,2.3315],[98.8163,2.3462],[98.8174,2.3495],[98.8243,2.3576],[98.8354,2.3555],[98.834,2.3606],[98.8071,2.3745],[98.7988,2.3906],[98.7908,2.3996],[98.7889,2.4094],[98.7777,2.4201],[98.749,2.4395],[98.7066,2.4346],[98.6808,2.4287],[98.6674,2.428],[98.6595,2.4258],[98.6499,2.4194],[98.6295,2.4093],[98.6151,2.3984],[98.6137,2.4377],[98.6109,2.4534],[98.6039,2.4655],[98.5941,2.4764],[98.5818,2.4866],[98.5106,2.4871],[98.5017,2.4787],[98.4834,2.4674],[98.4737,2.4646],[98.4458,2.4871],[98.431,2.4871],[98.4228,2.4813],[98.4151,2.4803],[98.4108,2.476],[98.4085,2.4702],[98.4036,2.4661],[98.3959,2.4642],[98.3936,2.4655],[98.3629,2.4658],[98.3557,2.4621],[98.3461,2.4498],[98.3447,2.4396],[98.3464,2.4332],[98.34,2.4321],[98.3405,2.4272],[98.3382,2.4251],[98.3291,2.4238],[98.3244,2.4257],[98.3146,2.4215],[98.3099,2.4241],[98.3028,2.4252],[98.2923,2.4237],[98.2887,2.4213],[98.2874,2.4144],[98.2951,2.4025],[98.2976,2.392],[98.296,2.381],[98.2904,2.3664],[98.2964,2.3504],[98.2954,2.3406],[98.2933,2.3379],[98.2798,2.3365],[98.2683,2.34],[98.2565,2.3465],[98.2471,2.3591],[98.2451,2.3602],[98.2417,2.3593],[98.2416,2.3573],[98.245,2.3543],[98.2483,2.3481],[98.2512,2.3291],[98.2514,2.2995],[98.254,2.2687],[98.2576,2.263],[98.2676,2.2568],[98.2664,2.2538],[98.2698,2.2418],[98.2647,2.2379],[98.2678,2.206],[98.2754,2.188],[98.2918,2.1775],[98.3038,2.1613],[98.3069,2.1598],[98.3234,2.1585],[98.3355,2.1484],[98.3419,2.1457],[98.3516,2.1446],[98.3728,2.1317],[98.3863,2.1185],[98.4175,2.113],[98.4292,2.1078],[98.4449,2.0977],[98.4497,2.0927],[98.5061,2.0797],[98.5197,2.0833],[98.5255,2.0835],[98.5283,2.082],[98.5394,2.0832],[98.549,2.0785],[98.5539,2.074],[98.5622,2.0746],[98.5759,2.0807],[98.5799,2.0797],[98.5832,2.0819],[98.592,2.083],[98.596,2.0712],[98.6065,2.0616],[98.6049,2.0542],[98.6022,2.0514],[98.6023,2.0483],[98.6081,2.039],[98.6044,2.0318],[98.6064,2.0226],[98.6231,2.0126],[98.6277,2.0153],[98.6319,2.0153],[98.6335,2.012],[98.6388,2.0085],[98.6413,2.0113],[98.6437,2.0191],[98.646,2.0206],[98.655,2.0158],[98.6693,2.0143],[98.6706,2.0122],[98.6759,2.0167],[98.6758,2.0156],[98.687,2.0183],[98.7265,2.1163],[98.725,2.1262],[98.7356,2.1268],[98.7393,2.1317],[98.7494,2.1314],[98.7659,2.1436],[98.7812,2.148],[98.7993,2.1582],[98.8165,2.1611],[98.8167,2.1695],[98.8111,2.1881],[98.8308,2.195],[98.8639,2.2023],[98.8743,2.2107],[98.8952,2.222],[98.9216,2.2293],[98.9251,2.2333],[98.9285,2.2336],[98.9407,2.2625]]],[[[98.8223,2.3457],[98.8226,2.343],[98.8245,2.3436],[98.8231,2.3459],[98.8223,2.3457]]],[[[98.8324,2.3532],[98.8319,2.3529],[98.8318,2.3514],[98.8325,2.3508],[98.8324,2.3532]]]]},"properties":{"GID_2":"IDN.32.6_1","GID_0":"IDN","COUNTRY":"Indonesia","GID_1":"IDN.32_1","NAME_1":"SumateraUtara","NL_NAME_1":"NA","NAME_2":"HumbangHasundutan","VARNAME_2":"NA","NL_NAME_2":"NA","TYPE_2":"Kabupaten","ENGTYPE_2":"Regency","CC_2":"1215","HASC_2":"ID.SU.HH","Data Indek":"Sumatera Utara","Data Ind_1":2,"Data Ind_2":"(1)","Data Ind_3":7.8,"Data Ind_4":89.07,"Data Ind_5":38887,"Data Ind_6":2.89,"Data Ind_7":13,"Data Ind_8":99.6,"Data Ind_9":87.66,"Data Ind10":0.16,"Data Ind11":"Sangat Tinggi"}},
{"type":"Feature","geometry":{"type":"Polygon","coordinates":[[[98.5486,2.8953],[98.5449,2.8981],[98.5404,2.8972],[98.5338,2.9029],[98.5331,2.9098],[98.5349,2.9282],[98.5455,2.9443],[98.5486,2.9605],[98.5536,2.9689],[98.55,2.9731],[98.5492,2.9781],[98.5515,2.9875],[98.5545,2.9914],[98.5511,3.0001],[98.5543,3.0168],[98.5575,3.0216],[98.5561,3.0235],[98.5565,3.0272],[98.5661,3.033],[98.5756,3.048],[98.5801,3.0509],[98.5864,3.0624],[98.5829,3.0781],[98.595,3.0948],[98.6006,3.0952],[98.6046,3.0992],[98.6064,3.1096],[98.6106,3.1108],[98.6159,3.1068],[98.622,3.1048],[98.6288,3.1158],[98.6275,3.1261],[98.6239,3.1317],[98.6196,3.1327],[98.6153,3.1313],[98.6119,3.1459],[98.6029,3.1579],[98.6013,3.1625],[98.6035,3.1701],[98.6012,3.1773],[98.6028,3.1815],[98.6111,3.1791],[98.6152,3.1836],[98.6121,3.1948],[98.6216,3.2069],[98.6204,3.2147],[98.6215,3.2186],[98.6267,3.2222],[98.6222,3.2323],[98.5998,3.2227],[98.5942,3.2177],[98.5879,3.2186],[98.5741,3.2095],[98.5681,3.2086],[98.5624,3.201],[98.5579,3.1994],[98.556,3.2003],[98.5535,3.2201],[98.5452,3.2319],[98.5373,3.2382],[98.523,3.2406],[98.5233,3.2358],[98.5205,3.2243],[98.5153,3.2158],[98.5009,3.2188],[98.4886,3.2283],[98.4833,3.2236],[98.4756,3.2225],[98.4656,3.2304],[98.4613,3.2312],[98.4581,3.2337],[98.4497,3.2476],[98.4464,3.2486],[98.4446,3.2474],[98.4359,3.2376],[98.4319,3.236],[98.4195,3.2465],[98.4048,3.2475],[98.3993,3.2496],[98.4,3.2574],[98.3984,3.2629],[98.3883,3.2696],[98.3811,3.2701],[98.3774,3.2733],[98.3736,3.2739],[98.3589,3.2863],[98.3522,3.2876],[98.355,3.271],[98.361,3.2509],[98.3663,3.2453],[98.3602,3.2339],[98.3541,3.2268],[98.3485,3.2221],[98.3374,3.2191],[98.314,3.2271],[98.298,3.2289],[98.2931,3.2432],[98.2882,3.2472],[98.2889,3.2528],[98.2875,3.2548],[98.2847,3.255],[98.2797,3.2521],[98.2749,3.2541],[98.2612,3.2493],[98.2327,3.2637],[98.2233,3.2707],[98.2179,3.2839],[98.2077,3.2815],[98.2009,3.2775],[98.1811,3.2802],[98.1742,3.2773],[98.1667,3.2797],[98.1412,3.2656],[98.1287,3.265],[98.1208,3.2663],[98.1173,3.2707],[98.1077,3.2912],[98.1085,3.2996],[98.0991,3.314],[98.0798,3.3196],[98.0717,3.3149],[98.0646,3.3184],[98.0587,3.3153],[98.0556,3.3155],[98.0441,3.3233],[98.0289,3.331],[98.0202,3.316],[98.0212,3.3029],[98.0139,3.2936],[97.9991,3.2846],[97.9844,3.2729],[97.9774,3.2727],[97.9701,3.2757],[97.9689,3.2743],[97.953,3.2716],[97.9496,3.2684],[97.9524,3.2678],[97.9587,3.2589],[97.945,3.2568],[97.9311,3.25],[97.9244,3.2521],[97.9228,3.2492],[97.9179,3.2552],[97.9162,3.263],[97.9129,3.2632],[97.9069,3.26],[97.9017,3.2608],[97.8936,3.2542],[97.8811,3.2555],[97.8781,3.253],[97.8734,3.2529],[97.8704,3.2496],[97.8818,3.2381],[97.8997,3.2428],[97.9077,3.2425],[97.9102,3.2437],[97.9149,3.2437],[97.921,3.2407],[97.922,3.2372],[97.9182,3.2324],[97.9143,3.2313],[97.9224,3.2285],[97.9269,3.2231],[97.9325,3.2098],[97.9378,3.2041],[97.9413,3.2055],[97.9435,3.2013],[97.9398,3.1936],[97.943,3.1751],[97.9385,3.1635],[97.9624,3.1464],[97.9756,3.1304],[97.9814,3.1165],[97.9794,3.0972],[97.9831,3.0865],[97.9866,3.0908],[97.9913,3.0919],[97.999,3.0873],[98.0028,3.0876],[98.0043,3.0853],[98.0135,3.0825],[98.016,3.0833],[98.0231,3.0803],[98.0278,3.0817],[98.0317,3.0781],[98.0384,3.0786],[98.0362,3.0912],[98.0294,3.1003],[98.028,3.1055],[98.0314,3.1147],[98.028,3.1217],[98.0359,3.1239],[98.0504,3.121],[98.0534,3.1191],[98.0597,3.1102],[98.0678,3.1027],[98.0756,3.0848],[98.0773,3.0746],[98.0854,3.0709],[98.098,3.071],[98.1093,3.0554],[98.1234,3.0538],[98.1317,3.049],[98.1391,3.0484],[98.1557,3.0672],[98.1699,3.0786],[98.1738,3.0796],[98.1915,3.053],[98.1962,3.05],[98.198,3.0456],[98.1974,3.032],[98.192,3.0212],[98.1964,2.9939],[98.2008,2.9841],[98.2044,2.9803],[98.2064,2.9723],[98.2159,2.9654],[98.2219,2.9523],[98.2488,2.9312],[98.2621,2.9467],[98.2714,2.955],[98.2852,2.9602],[98.2955,2.9659],[98.3023,2.9653],[98.3114,2.9711],[98.3152,2.9704],[98.3188,2.9671],[98.3443,2.9662],[98.3484,2.9627],[98.3637,2.9373],[98.3685,2.9325],[98.3865,2.9252],[98.412,2.9225],[98.4294,2.9174],[98.4322,2.9017],[98.4369,2.8923],[98.44,2.8903],[98.4486,2.8907],[98.4559,2.8832],[98.4625,2.8808],[98.4728,2.8742],[98.4824,2.8708],[98.4994,2.8682],[98.5159,2.871],[98.5215,2.8748],[98.5169,2.8793],[98.5233,2.8852],[98.5202,2.8958],[98.5284,2.8977],[98.5349,2.8947],[98.5363,2.8909],[98.5387,2.8893],[98.5384,2.8871],[98.5417,2.8831],[98.5401,2.8792],[98.5412,2.8743],[98.5443,2.8744],[98.5456,2.8729],[98.5493,2.8745],[98.5528,2.8739],[98.5548,2.8758],[98.5545,2.8813],[98.5489,2.8814],[98.5511,2.8872],[98.5486,2.8953]]]},"properties":{"GID_2":"IDN.32.7_1","GID_0":"IDN","COUNTRY":"Indonesia","GID_1":"IDN.32_1","NAME_1":"SumateraUtara","NL_NAME_1":"NA","NAME_2":"Karo","VARNAME_2":"NA","NL_NAME_2":"NA","TYPE_2":"Kabupaten","ENGTYPE_2":"Regency","CC_2":"1211","HASC_2":"ID.SU.KA","Data Indek":"Sumatera Utara","Data Ind_1":0,"Data Ind_2":"(0)","Data Ind_3":6.7,"Data Ind_4":195.77,"Data Ind_5":67703,"Data Ind_6":2.43,"Data Ind_7":24,"Data Ind_8":100,"Data Ind_9":92.57,"Data Ind10":-0.52,"Data Ind11":"Rendah"}},
{"type":"Feature","geometry":{"type":"Polygon","coordinates":[[[98.4749,3.5443],[98.4757,3.5557],[98.4809,3.5565],[98.4936,3.555],[98.4975,3.5596],[98.4967,3.5618],[98.4979,3.5625],[98.496,3.5661],[98.4971,3.5691],[98.5213,3.5696],[98.5334,3.5678],[98.5367,3.5726],[98.5351,3.593],[98.5325,3.5931],[98.5339,3.5943],[98.5331,3.5964],[98.5362,3.6068],[98.5356,3.6114],[98.5337,3.6113],[98.5331,3.6128],[98.5328,3.6208],[98.5256,3.6207],[98.5256,3.6293],[98.5161,3.6296],[98.5161,3.6317],[98.5119,3.6318],[98.5107,3.6334],[98.5118,3.6336],[98.5116,3.6417],[98.5166,3.6417],[98.5178,3.6457],[98.5114,3.6459],[98.5114,3.6523],[98.5179,3.6522],[98.5179,3.6536],[98.5169,3.6554],[98.5112,3.6555],[98.5111,3.6639],[98.5184,3.6642],[98.5183,3.6674],[98.5111,3.6671],[98.5109,3.6728],[98.5015,3.6725],[98.501,3.6683],[98.4951,3.6695],[98.4949,3.6678],[98.4922,3.6683],[98.4917,3.6662],[98.4893,3.6672],[98.4725,3.6478],[98.4681,3.649],[98.4679,3.6505],[98.4649,3.6501],[98.4598,3.6545],[98.4577,3.6552],[98.454,3.6531],[98.4467,3.6559],[98.4467,3.6515],[98.4516,3.6508],[98.4575,3.6526],[98.4604,3.6497],[98.4609,3.6441],[98.4719,3.6409],[98.4744,3.6356],[98.4738,3.6169],[98.4427,3.6128],[98.4407,3.6084],[98.4405,3.6054],[98.4451,3.6043],[98.4451,3.5984],[98.459,3.5944],[98.46,3.5962],[98.4609,3.5943],[98.4572,3.5921],[98.4603,3.5871],[98.4591,3.584],[98.4549,3.5825],[98.4579,3.5805],[98.4583,3.5767],[98.4569,3.5754],[98.4542,3.5788],[98.4524,3.5784],[98.4504,3.5696],[98.4466,3.5658],[98.4465,3.558],[98.4447,3.5548],[98.4463,3.5505],[98.445,3.5461],[98.4471,3.5413],[98.4457,3.5379],[98.4515,3.5348],[98.4535,3.5295],[98.4779,3.5283],[98.4777,3.5373],[98.4749,3.5443]]]},"properties":{"GID_2":"IDN.32.8_1","GID_0":"IDN","COUNTRY":"Indonesia","GID_1":"IDN.32_1","NAME_1":"SumateraUtara","NL_NAME_1":"NA","NAME_2":"KotaBinjai","VARNAME_2":"NA","NL_NAME_2":"NA","TYPE_2":"Kota","ENGTYPE_2":"City","CC_2":"1276","HASC_2":"ID.SU.BI","Data Indek":"Sumatera Utara","Data Ind_1":4,"Data Ind_2":"(0)","Data Ind_3":4.7,"Data Ind_4":3315.9,"Data Ind_5":44254,"Data Ind_6":1.5,"Data Ind_7":18,"Data Ind_8":100,"Data Ind_9":100,"Data Ind10":-0.28,"Data Ind11":"Sedang"}},
{"type":"Feature","geometry":{"type":"Polygon","coordinates":[[[98.6247,3.507],[98.6244,3.5113],[98.6236,3.5161],[98.6257,3.5188],[98.6281,3.5181],[98.6276,3.512],[98.6297,3.5116],[98.6285,3.5087],[98.63,3.5089],[98.6318,3.5058],[98.6302,3.503],[98.6324,3.5024],[98.6322,3.4998],[98.6336,3.4992],[98.632,3.4989],[98.634,3.4982],[98.6329,3.4976],[98.6339,3.4966],[98.6367,3.4972],[98.6347,3.4935],[98.6371,3.4905],[98.6357,3.4893],[98.6451,3.4882],[98.6446,3.4908],[98.6469,3.493],[98.646,3.4958],[98.6475,3.4982],[98.6482,3.4958],[98.6498,3.4971],[98.655,3.4962],[98.6555,3.5007],[98.659,3.5046],[98.6596,3.5084],[98.6586,3.5099],[98.6576,3.5084],[98.6555,3.5109],[98.6543,3.5173],[98.6567,3.5191],[98.6556,3.5196],[98.6576,3.5225],[98.6623,3.5224],[98.6617,3.5196],[98.6557,3.5196],[98.6617,3.5191],[98.6617,3.5149],[98.6771,3.5146],[98.6749,3.5158],[98.6784,3.5193],[98.6982,3.5184],[98.6983,3.5315],[98.7424,3.5294],[98.7422,3.5277],[98.7448,3.5281],[98.7452,3.5365],[98.7464,3.5378],[98.7396,3.5368],[98.7351,3.5384],[98.7349,3.5411],[98.7322,3.5412],[98.7314,3.5397],[98.729,3.5407],[98.7289,3.538],[98.7264,3.5383],[98.7267,3.5405],[98.7228,3.5408],[98.7229,3.5434],[98.7213,3.5434],[98.7219,3.5488],[98.7201,3.5516],[98.7268,3.5511],[98.7271,3.5681],[98.7286,3.5711],[98.7318,3.571],[98.734,3.5748],[98.7369,3.5747],[98.7383,3.5802],[98.7383,3.5814],[98.7311,3.5821],[98.7308,3.584],[98.7325,3.5861],[98.7362,3.586],[98.7408,3.5882],[98.7413,3.5923],[98.7399,3.594],[98.7415,3.599],[98.7118,3.6003],[98.7118,3.6022],[98.7066,3.6024],[98.7073,3.6174],[98.7097,3.6173],[98.7099,3.6266],[98.7078,3.6272],[98.7078,3.6287],[98.7038,3.6288],[98.7041,3.6263],[98.6934,3.6268],[98.6926,3.6431],[98.6948,3.6422],[98.6948,3.6454],[98.7017,3.6451],[98.703,3.6626],[98.7002,3.6626],[98.6919,3.6565],[98.6897,3.6565],[98.6922,3.6645],[98.6814,3.6681],[98.6804,3.6725],[98.6685,3.6718],[98.6694,3.6756],[98.6802,3.6754],[98.6803,3.6787],[98.6966,3.6779],[98.6947,3.6724],[98.7033,3.672],[98.7033,3.667],[98.7098,3.673],[98.7129,3.679],[98.7109,3.6842],[98.7087,3.6851],[98.7088,3.688],[98.7109,3.6881],[98.7114,3.6931],[98.7063,3.7027],[98.7076,3.7045],[98.7049,3.7064],[98.7054,3.7112],[98.7033,3.7117],[98.7047,3.715],[98.7069,3.7137],[98.7082,3.7172],[98.71,3.7176],[98.7098,3.7197],[98.7116,3.7188],[98.7123,3.7207],[98.7133,3.7198],[98.7138,3.7216],[98.7153,3.7214],[98.7152,3.7255],[98.7172,3.7233],[98.7204,3.7253],[98.725,3.72],[98.731,3.7204],[98.7267,3.7275],[98.727,3.7332],[98.7218,3.7345],[98.7181,3.7384],[98.7098,3.7414],[98.7072,3.7401],[98.7045,3.7409],[98.7053,3.7444],[98.7034,3.7467],[98.7052,3.7497],[98.7019,3.7512],[98.704,3.7664],[98.7067,3.7729],[98.7131,3.7795],[98.7164,3.7882],[98.7198,3.7919],[98.72,3.7947],[98.7179,3.7975],[98.7098,3.7908],[98.7063,3.7837],[98.7041,3.7827],[98.7006,3.7832],[98.7051,3.785],[98.7064,3.7882],[98.7047,3.7905],[98.6814,3.7885],[98.6798,3.7858],[98.6802,3.7771],[98.6786,3.7746],[98.6741,3.7732],[98.6755,3.77],[98.6807,3.7685],[98.6802,3.7674],[98.6752,3.769],[98.6745,3.7674],[98.6732,3.774],[98.6675,3.7762],[98.6634,3.7809],[98.6537,3.7819],[98.6485,3.7801],[98.6445,3.7745],[98.6321,3.7751],[98.6329,3.7723],[98.6364,3.7708],[98.6357,3.7678],[98.6299,3.7688],[98.6275,3.7672],[98.6253,3.7596],[98.6305,3.7557],[98.6308,3.752],[98.6345,3.7504],[98.6339,3.7469],[98.6361,3.7432],[98.6399,3.7426],[98.641,3.7393],[98.6426,3.7401],[98.6445,3.7378],[98.6534,3.7378],[98.6527,3.7321],[98.6505,3.7291],[98.6446,3.7309],[98.6459,3.7296],[98.6441,3.7291],[98.6457,3.7271],[98.6441,3.7265],[98.6451,3.7254],[98.644,3.7196],[98.6344,3.7203],[98.6305,3.7142],[98.6262,3.713],[98.6248,3.6997],[98.6318,3.6996],[98.6339,3.6907],[98.6333,3.6837],[98.6486,3.6834],[98.6516,3.6746],[98.6578,3.675],[98.6575,3.6703],[98.656,3.6692],[98.6576,3.6441],[98.6596,3.644],[98.6593,3.6387],[98.663,3.6373],[98.6634,3.6354],[98.6665,3.6353],[98.6644,3.632],[98.6643,3.624],[98.6601,3.6227],[98.6526,3.6152],[98.6304,3.6157],[98.6276,3.6127],[98.613,3.6121],[98.6131,3.6182],[98.6103,3.6184],[98.61,3.6132],[98.6054,3.6131],[98.6056,3.6186],[98.5993,3.6203],[98.6023,3.6164],[98.6016,3.6121],[98.6068,3.6104],[98.6052,3.5989],[98.6081,3.5958],[98.6039,3.5948],[98.6077,3.5946],[98.6082,3.593],[98.6044,3.5925],[98.6048,3.5884],[98.6021,3.5872],[98.6078,3.5813],[98.6113,3.5835],[98.6102,3.5782],[98.6084,3.5772],[98.6092,3.5707],[98.6073,3.5675],[98.6075,3.5658],[98.6114,3.564],[98.612,3.5622],[98.6067,3.5589],[98.6108,3.5596],[98.6119,3.5558],[98.6113,3.5536],[98.6062,3.5532],[98.6058,3.55],[98.5988,3.5465],[98.5931,3.5403],[98.5975,3.538],[98.601,3.5381],[98.6026,3.5339],[98.601,3.5329],[98.6023,3.5318],[98.5974,3.5281],[98.6022,3.5164],[98.6018,3.5127],[98.5966,3.5057],[98.5967,3.5008],[98.5934,3.4997],[98.5925,3.4975],[98.6001,3.4909],[98.6089,3.4967],[98.6172,3.4983],[98.6158,3.5033],[98.6206,3.5068],[98.6247,3.507]]]},"properties":{"GID_2":"IDN.32.9_1","GID_0":"IDN","COUNTRY":"Indonesia","GID_1":"IDN.32_1","NAME_1":"SumateraUtara","NL_NAME_1":"NA","NAME_2":"KotaMedan","VARNAME_2":"NA","NL_NAME_2":"NA","TYPE_2":"Kota","ENGTYPE_2":"City","CC_2":"1275","HASC_2":"ID.SU.ME","Data Indek":"Sumatera Utara","Data Ind_1":4,"Data Ind_2":"(0)","Data Ind_3":7.3,"Data Ind_4":8945.16,"Data Ind_5":392291,"Data Ind_6":0.74,"Data Ind_7":108,"Data Ind_8":100,"Data Ind_9":100,"Data Ind10":0,"Data Ind11":"Tinggi"}},
{"type":"Feature","geometry":{"type":"Polygon","coordinates":[[[99.7751,2.9207],[99.7874,2.9231],[99.7888,2.922],[99.7964,2.9268],[99.8037,2.9288],[99.8138,2.9263],[99.8164,2.9241],[99.831,2.9298],[99.8374,2.9368],[99.8375,2.9472],[99.8349,2.9554],[99.8217,2.9604],[99.8166,2.9652],[99.8105,2.9676],[99.8086,2.9704],[99.8068,2.9895],[99.8113,2.9936],[99.8194,2.9946],[99.8193,3.0248],[99.805,3.017],[99.7918,3.0169],[99.7953,3.0089],[99.766,3.009],[99.7817,2.97],[99.7625,2.969],[99.762,2.9665],[99.756,2.9606],[99.757,2.9538],[99.753,2.9421],[99.7742,2.9234],[99.7751,2.9207]]]},"properties":{"GID_2":"IDN.32.10_1","GID_0":"IDN","COUNTRY":"Indonesia","GID_1":"IDN.32_1","NAME_1":"SumateraUtara","NL_NAME_1":"NA","NAME_2":"KotaTanjungbalai","VARNAME_2":"NA","NL_NAME_2":"NA","TYPE_2":"Kota","ENGTYPE_2":"City","CC_2":"1272","HASC_2":"ID.SU.TB","Data Indek":"Sumatera Utara","Data Ind_1":2,"Data Ind_2":"(0)","Data Ind_3":10.7,"Data Ind_4":3130.63,"Data Ind_5":28712,"Data Ind_6":15.11,"Data Ind_7":10,"Data Ind_8":99.79,"Data Ind_9":100,"Data Ind10":-0.26,"Data Ind11":"Sedang"}},
{"type":"Feature","geometry":{"type":"MultiPolygon","coordinates":[[[[99.8578,1.8422],[99.8573,1.8675],[99.8564,1.9058],[99.8685,1.9137],[99.8772,1.9221],[99.8859,1.9445],[99.8885,1.9481],[99.9056,1.9587],[99.9178,1.958],[99.9233,1.9645],[99.9303,1.9692],[99.9402,1.9712],[99.9509,1.97],[99.979,1.9614],[99.9872,1.9654],[99.9895,1.9722],[99.9928,1.9747],[99.9965,1.9747],[99.9966,1.979],[100.0007,1.9826],[100.0021,1.9355],[100.0296,1.9351],[100.033,1.9365],[100.0398,1.9445],[100.0587,1.9853],[100.0551,1.9885],[100.0483,1.987],[100.0264,1.9942],[100.018,1.9941],[100.0147,1.9997],[100.0294,2.0115],[100.0326,2.0187],[100.0449,2.0304],[100.0442,2.0426],[100.0465,2.0534],[100.0445,2.0855],[100.0735,2.1051],[100.088,2.1047],[100.0951,2.1082],[100.1352,2.191],[100.2104,2.1932],[100.2131,2.2096],[100.3313,2.2122],[100.3651,2.2102],[100.3594,2.2117],[100.3499,2.2306],[100.3354,2.2534],[100.3336,2.2639],[100.3278,2.2759],[100.3174,2.2897],[100.3131,2.31],[100.3008,2.3401],[100.3019,2.3499],[100.2994,2.3565],[100.2955,2.4282],[100.2996,2.4462],[100.3001,2.4608],[100.3072,2.48],[100.3071,2.4913],[100.3196,2.5289],[100.3229,2.5454],[100.3202,2.5524],[100.3102,2.5593],[100.3087,2.559],[100.3045,2.5639],[100.3007,2.5647],[100.3006,2.567],[100.2958,2.5679],[100.2965,2.5704],[100.2932,2.5733],[100.2912,2.573],[100.2918,2.5745],[100.2897,2.5742],[100.2888,2.5765],[100.2856,2.5764],[100.2733,2.5942],[100.2699,2.6139],[100.2673,2.6137],[100.2629,2.6192],[100.2583,2.6204],[100.2489,2.6274],[100.2408,2.636],[100.2404,2.6384],[100.2352,2.6425],[100.2308,2.6529],[100.2307,2.6553],[100.2334,2.6576],[100.2318,2.6599],[100.2306,2.6585],[100.2298,2.6596],[100.2295,2.6646],[100.227,2.667],[100.2258,2.6728],[100.2224,2.6779],[100.2241,2.6859],[100.2206,2.6948],[100.2217,2.6982],[100.2206,2.7045],[100.2182,2.7063],[100.1947,2.712],[100.1709,2.7095],[100.1597,2.7043],[100.1477,2.696],[100.1326,2.6797],[100.1227,2.6589],[100.1212,2.62],[100.1219,2.6108],[100.1319,2.5728],[100.1366,2.5433],[100.1129,2.5462],[100.1045,2.5457],[100.0943,2.6153],[100.1001,2.6745],[100.0963,2.6861],[100.0907,2.6955],[100.0812,2.7046],[100.0764,2.7131],[100.0596,2.7302],[100.0492,2.7358],[100.0501,2.7178],[100.0538,2.711],[100.0581,2.6784],[100.0636,2.6589],[100.0694,2.6204],[100.0745,2.5447],[100.0661,2.5327],[100.0585,2.5257],[100.0525,2.5049],[100.0475,2.4967],[100.0401,2.4908],[100.0229,2.4615],[100.0149,2.4342],[100.0101,2.4216],[100.0059,2.4162],[100.001,2.3959],[99.9803,2.3647],[99.9707,2.3459],[99.9546,2.3199],[99.9444,2.285],[99.9333,2.262],[99.9339,2.2572],[99.9372,2.2529],[99.9441,2.2498],[99.9636,2.2029],[99.9302,2.1905],[99.8987,2.1813],[99.8165,2.1806],[99.785,2.1831],[99.7739,2.1818],[99.7716,2.177],[99.7712,2.1599],[99.7663,2.1379],[99.7608,2.1357],[99.7479,2.1342],[99.7445,2.1251],[99.7352,2.1201],[99.7303,2.1155],[99.727,2.1034],[99.7178,2.0861],[99.7102,2.0825],[99.6911,2.0788],[99.6715,2.069],[99.6701,2.0548],[99.6631,2.0462],[99.6619,2.038],[99.6683,2.036],[99.6835,2.0365],[99.6813,2.0271],[99.6879,2.0157],[99.6902,2.0017],[99.6875,1.9952],[99.6906,1.9696],[99.6775,1.9373],[99.7047,1.9299],[99.714,1.9631],[99.7323,1.9766],[99.7386,1.977],[99.7468,2.0037],[99.7636,2.0057],[99.7668,2.0073],[99.7697,2.0127],[99.7812,2.0171],[99.7914,2.0247],[99.7943,2.0235],[99.8004,2.0164],[99.8025,2.016],[99.8067,2.0215],[99.816,2.0257],[99.8242,2.0247],[99.8229,2.0202],[99.8242,2.0161],[99.8371,2.0193],[99.8455,2.0178],[99.8463,2.0158],[99.8435,2.0136],[99.8383,2],[99.8284,1.9936],[99.8418,1.9792],[99.841,1.9708],[99.8315,1.9329],[99.8347,1.9148],[99.8322,1.9115],[99.8242,1.9107],[99.8086,1.9036],[99.814,1.8954],[99.8174,1.8838],[99.816,1.8746],[99.812,1.8672],[99.8168,1.8611],[99.8234,1.8318],[99.8285,1.8257],[99.8366,1.8104],[99.8397,1.8021],[99.8394,1.7994],[99.85,1.805],[99.8557,1.8061],[99.86,1.8159],[99.8554,1.8333],[99.8578,1.8422]]],[[[100.1253,2.5481],[100.1243,2.5707],[100.1192,2.6001],[100.1183,2.641],[100.115,2.6382],[100.1132,2.625],[100.1154,2.5671],[100.118,2.5511],[100.1227,2.5476],[100.1253,2.5481]]]]},"properties":{"GID_2":"IDN.32.13_1","GID_0":"IDN","COUNTRY":"Indonesia","GID_1":"IDN.32_1","NAME_1":"SumateraUtara","NL_NAME_1":"NA","NAME_2":"Labuhanbatu","VARNAME_2":"NA","NL_NAME_2":"NA","TYPE_2":"Kabupaten","ENGTYPE_2":"Regency","CC_2":"1207","HASC_2":"ID.SU.LH","Data Indek":"Sumatera Utara","Data Ind_1":1,"Data Ind_2":"(0)","Data Ind_3":7.4,"Data Ind_4":190.1,"Data Ind_5":72763,"Data Ind_6":7.38,"Data Ind_7":20,"Data Ind_8":99.99,"Data Ind_9":97.96,"Data Ind10":-0.46,"Data Ind11":"Sedang"}},
{"type":"Feature","geometry":{"type":"MultiPolygon","coordinates":[[[[100.3168,1.4761],[100.3218,1.4775],[100.3237,1.4741],[100.3227,1.4638],[100.3198,1.4592],[100.3327,1.4601],[100.3576,1.4573],[100.3768,1.4553],[100.3828,1.4576],[100.3891,1.4636],[100.4014,1.4677],[100.4067,1.4721],[100.4102,1.4769],[100.4133,1.4857],[100.4108,1.4921],[100.4162,1.5022],[100.4225,1.5257],[100.4175,1.5365],[100.4125,1.5412],[100.4167,1.5523],[100.4128,1.5577],[100.4109,1.5663],[100.4115,1.572],[100.408,1.5755],[100.404,1.5859],[100.4103,1.5919],[100.414,1.6001],[100.4148,1.6095],[100.4112,1.6194],[100.4034,1.624],[100.4064,1.6396],[100.4126,1.6461],[100.412,1.6612],[100.407,1.6728],[100.4007,1.6656],[100.3899,1.6692],[100.4158,1.6899],[100.4228,1.7002],[100.4199,1.7016],[100.3797,1.6968],[100.3397,1.7125],[100.3461,1.7231],[100.3523,1.7378],[100.3538,1.7822],[100.3306,1.7846],[100.2962,1.7912],[100.2843,1.8007],[100.2777,1.8135],[100.2813,1.834],[100.28,1.8423],[100.2815,1.8651],[100.2885,1.8734],[100.2893,1.8768],[100.2922,1.8789],[100.3051,1.8823],[100.3112,1.8928],[100.3108,1.8997],[100.3144,1.9096],[100.3133,1.944],[100.3165,1.9981],[100.3155,2.0524],[100.3406,2.1277],[100.3636,2.1683],[100.3651,2.2102],[100.3313,2.2122],[100.2131,2.2096],[100.2104,2.1932],[100.1352,2.191],[100.0951,2.1082],[100.088,2.1047],[100.0735,2.1051],[100.0445,2.0855],[100.0465,2.0534],[100.0442,2.0426],[100.0449,2.0304],[100.0326,2.0187],[100.0294,2.0115],[100.0147,1.9997],[100.018,1.9941],[100.0264,1.9942],[100.0483,1.987],[100.0551,1.9885],[100.0587,1.9853],[100.0398,1.9445],[100.033,1.9365],[100.0296,1.9351],[100.0021,1.9355],[100.0007,1.9826],[99.9966,1.979],[99.9965,1.9747],[99.9928,1.9747],[99.9895,1.9722],[99.9872,1.9654],[99.979,1.9614],[99.9585,1.9681],[99.9402,1.9712],[99.9303,1.9692],[99.9233,1.9645],[99.9178,1.958],[99.9095,1.9591],[99.9036,1.9579],[99.8999,1.9541],[99.8933,1.9519],[99.8872,1.9468],[99.8772,1.9221],[99.8685,1.9137],[99.8564,1.9058],[99.8578,1.8422],[99.8554,1.8333],[99.86,1.8159],[99.8557,1.8061],[99.85,1.805],[99.8397,1.7995],[99.8301,1.7975],[99.8143,1.8071],[99.8039,1.8056],[99.7887,1.8103],[99.7851,1.8083],[99.7801,1.8087],[99.7663,1.8186],[99.7599,1.8195],[99.7596,1.8255],[99.7572,1.8275],[99.7507,1.8276],[99.7455,1.8298],[99.7279,1.8283],[99.7061,1.8189],[99.6954,1.8063],[99.6976,1.7907],[99.7046,1.7805],[99.7022,1.7628],[99.7159,1.7527],[99.7206,1.7417],[99.7317,1.7328],[99.7335,1.7241],[99.7653,1.7105],[99.7714,1.6966],[99.7898,1.6853],[99.7968,1.6828],[99.8026,1.6771],[99.8102,1.6733],[99.8166,1.673],[99.8283,1.6514],[99.8394,1.6441],[99.8463,1.637],[99.8512,1.6426],[99.8629,1.6625],[99.8841,1.6891],[99.8994,1.7165],[99.901,1.7175],[99.9057,1.7153],[99.9132,1.7154],[99.9215,1.694],[99.9263,1.6863],[99.9401,1.6491],[99.9533,1.6246],[99.9991,1.6374],[100.0029,1.64],[100.019,1.6631],[100.0403,1.6996],[100.049,1.7205],[100.0654,1.7251],[100.0766,1.7217],[100.0844,1.7129],[100.0983,1.7021],[100.1082,1.6906],[100.1224,1.6693],[100.1261,1.6587],[100.1393,1.6516],[100.1453,1.6312],[100.1552,1.6297],[100.1645,1.6223],[100.1652,1.6189],[100.1622,1.6099],[100.1721,1.5961],[100.1886,1.5881],[100.2016,1.5842],[100.2089,1.5755],[100.2091,1.5696],[100.2186,1.5669],[100.2326,1.552],[100.2402,1.5495],[100.2569,1.5366],[100.2705,1.5324],[100.2877,1.5206],[100.3058,1.5149],[100.3104,1.5114],[100.3184,1.5004],[100.3189,1.4881],[100.3168,1.4761]]],[[[100.4117,1.5656],[100.4145,1.5658],[100.4115,1.5662],[100.4117,1.5656]]]]},"properties":{"GID_2":"IDN.32.11_1","GID_0":"IDN","COUNTRY":"Indonesia","GID_1":"IDN.32_1","NAME_1":"SumateraUtara","NL_NAME_1":"NA","NAME_2":"LabuhanbatuSelatan","VARNAME_2":"NA","NL_NAME_2":"NA","TYPE_2":"Kabupaten","ENGTYPE_2":"Regency","CC_2":"1222","HASC_2":"ID.SU.LS","Data Indek":"Sumatera Utara","Data Ind_1":2,"Data Ind_2":"(0)","Data Ind_3":6.8,"Data Ind_4":111.13,"Data Ind_5":43967,"Data Ind_6":10.03,"Data Ind_7":20,"Data Ind_8":99.82,"Data Ind_9":92.59,"Data Ind10":-0.37,"Data Ind11":"Sedang"}},
{"type":"Feature","geometry":{"type":"Polygon","coordinates":[[[99.6631,2.0462],[99.6701,2.0548],[99.6715,2.069],[99.6911,2.0788],[99.7102,2.0825],[99.7178,2.0861],[99.727,2.1034],[99.7303,2.1155],[99.7352,2.1201],[99.7445,2.1251],[99.7479,2.1342],[99.7608,2.1357],[99.7663,2.1379],[99.7712,2.1599],[99.7716,2.177],[99.7739,2.1818],[99.785,2.1831],[99.8165,2.1806],[99.8987,2.1813],[99.9302,2.1905],[99.9636,2.2029],[99.9441,2.2498],[99.9372,2.2529],[99.9339,2.2572],[99.9333,2.262],[99.9444,2.285],[99.9546,2.3199],[99.9707,2.3459],[99.9803,2.3647],[100.001,2.3959],[100.0059,2.4162],[100.0101,2.4216],[100.0149,2.4342],[100.0229,2.4615],[100.0401,2.4908],[100.0475,2.4967],[100.0525,2.5049],[100.0585,2.5257],[100.0661,2.5327],[100.0745,2.5447],[100.0694,2.6204],[100.0636,2.6589],[100.0581,2.6784],[100.0538,2.711],[100.0501,2.7178],[100.0492,2.7357],[100.0372,2.7389],[100.0307,2.7381],[100.0192,2.7334],[100.0061,2.7223],[99.9905,2.6965],[99.989,2.675],[99.975,2.6715],[99.9688,2.674],[99.9632,2.6783],[99.9532,2.6912],[99.9512,2.6974],[99.956,2.714],[99.9602,2.7227],[99.9764,2.7409],[99.9779,2.7441],[99.9774,2.7521],[99.9824,2.7468],[99.9863,2.7473],[99.9909,2.7546],[99.9916,2.7798],[99.9939,2.7884],[99.9939,2.8081],[99.9954,2.8094],[99.9941,2.8123],[99.9953,2.8151],[99.9938,2.8166],[99.996,2.8178],[99.9933,2.8185],[99.9949,2.8237],[99.9948,2.8317],[99.9921,2.8339],[99.9924,2.8363],[99.991,2.8367],[99.989,2.8431],[99.9893,2.8509],[99.9847,2.8527],[99.9626,2.829],[99.9257,2.794],[99.884,2.7487],[99.8676,2.739],[99.8672,2.73],[99.8271,2.6965],[99.8222,2.6885],[99.7507,2.6253],[99.7467,2.6271],[99.7425,2.6262],[99.7255,2.6065],[99.7193,2.6045],[99.7122,2.5966],[99.6971,2.587],[99.6676,2.5872],[99.6544,2.5815],[99.6438,2.5802],[99.6434,2.5762],[99.6088,2.5752],[99.6068,2.5792],[99.5917,2.5857],[99.5868,2.5909],[99.5832,2.5913],[99.5781,2.5864],[99.5696,2.585],[99.5629,2.5945],[99.5596,2.6047],[99.5558,2.6062],[99.543,2.603],[99.5384,2.5922],[99.5284,2.5926],[99.5221,2.5906],[99.5173,2.5921],[99.5137,2.5886],[99.5036,2.5868],[99.4972,2.5833],[99.4855,2.5732],[99.4725,2.556],[99.4612,2.5508],[99.453,2.5412],[99.4493,2.505],[99.4507,2.5029],[99.45,2.5],[99.4462,2.4939],[99.4398,2.489],[99.4193,2.4605],[99.5031,2.3953],[99.5099,2.3968],[99.5156,2.3956],[99.5166,2.3982],[99.5196,2.3994],[99.517,2.4026],[99.5172,2.4059],[99.5109,2.411],[99.5098,2.4143],[99.5117,2.4166],[99.5159,2.4165],[99.5173,2.4189],[99.5176,2.4248],[99.514,2.431],[99.512,2.4397],[99.519,2.4551],[99.524,2.4603],[99.5238,2.4568],[99.5279,2.4499],[99.5225,2.4461],[99.5197,2.4408],[99.5231,2.4349],[99.5276,2.4322],[99.5256,2.4174],[99.5271,2.4132],[99.5264,2.4035],[99.5232,2.3944],[99.5241,2.3886],[99.5211,2.3871],[99.523,2.3785],[99.5188,2.3762],[99.5174,2.3723],[99.5176,2.3665],[99.5204,2.3634],[99.5196,2.3595],[99.5211,2.3549],[99.5198,2.3513],[99.5331,2.3435],[99.5515,2.3365],[99.5828,2.3281],[99.5834,2.318],[99.5853,2.3146],[99.583,2.311],[99.5779,2.3075],[99.5695,2.3059],[99.5644,2.3066],[99.5611,2.3023],[99.5557,2.3096],[99.5489,2.3069],[99.5448,2.293],[99.5466,2.2838],[99.5456,2.2718],[99.5469,2.2684],[99.5425,2.2658],[99.5402,2.2594],[99.5346,2.2563],[99.5363,2.2555],[99.5381,2.25],[99.537,2.2481],[99.53,2.2467],[99.5224,2.2417],[99.501,2.247],[99.4969,2.2433],[99.482,2.2427],[99.4762,2.2393],[99.4741,2.2337],[99.4649,2.2291],[99.4358,2.2174],[99.4229,2.2157],[99.4171,2.2134],[99.4156,2.2109],[99.4173,2.1994],[99.415,2.1933],[99.4043,2.176],[99.3939,2.1661],[99.3983,2.1563],[99.4071,2.1501],[99.4192,2.1364],[99.4357,2.1238],[99.4605,2.1264],[99.472,2.1195],[99.482,2.119],[99.503,2.1212],[99.5098,2.1239],[99.5122,2.1229],[99.5169,2.1022],[99.5226,2.0913],[99.5381,2.0915],[99.5504,2.079],[99.551,2.0771],[99.5462,2.0623],[99.5519,2.0543],[99.5562,2.0416],[99.5662,2.0291],[99.5734,2.029],[99.5803,2.0219],[99.5914,2.0147],[99.5931,2.011],[99.5963,2.01],[99.5977,2.0036],[99.6083,1.9969],[99.6216,1.9961],[99.6247,1.997],[99.627,2.0001],[99.6239,2.0143],[99.6172,2.0227],[99.6169,2.0411],[99.6366,2.0421],[99.6403,2.0366],[99.6555,2.0293],[99.6615,2.0367],[99.6631,2.0462]]]},"properties":{"GID_2":"IDN.32.12_1","GID_0":"IDN","COUNTRY":"Indonesia","GID_1":"IDN.32_1","NAME_1":"SumateraUtara","NL_NAME_1":"NA","NAME_2":"LabuhanbatuUtara","VARNAME_2":"NA","NL_NAME_2":"NA","TYPE_2":"Kabupaten","ENGTYPE_2":"Regency","CC_2":"1223","HASC_2":"ID.SU.LU","Data Indek":"Sumatera Utara","Data Ind_1":2,"Data Ind_2":"(0)","Data Ind_3":8.4,"Data Ind_4":112.72,"Data Ind_5":56448,"Data Ind_6":6.32,"Data Ind_7":22,"Data Ind_8":100,"Data Ind_9":87.78,"Data Ind10":-0.32,"Data Ind11":"Sedang"}},
{"type":"Feature","geometry":{"type":"Polygon","coordinates":[[[98.5274,2.8326],[98.526,2.8306],[98.5264,2.8274],[98.528,2.8238],[98.5257,2.8165],[98.5285,2.8127],[98.5281,2.7937],[98.5378,2.7874],[98.5444,2.786],[98.5478,2.7823],[98.5514,2.781],[98.5532,2.7751],[98.5571,2.7707],[98.5629,2.77],[98.5695,2.7573],[98.5701,2.7432],[98.573,2.7372],[98.5777,2.7364],[98.584,2.7325],[98.587,2.7336],[98.5885,2.7316],[98.5945,2.7331],[98.5949,2.7294],[98.5965,2.7286],[98.5963,2.7239],[98.5987,2.7207],[98.5981,2.7173],[98.6035,2.7136],[98.6051,2.7065],[98.6073,2.7036],[98.614,2.7026],[98.6172,2.6936],[98.6223,2.6907],[98.6227,2.6862],[98.6268,2.6845],[98.6244,2.677],[98.6273,2.6759],[98.6264,2.6705],[98.6278,2.6658],[98.6242,2.6639],[98.6232,2.6621],[98.6246,2.6613],[98.6201,2.6545],[98.6148,2.6497],[98.6144,2.6452],[98.6157,2.643],[98.6237,2.6422],[98.629,2.6469],[98.6316,2.6467],[98.6327,2.6453],[98.6322,2.6376],[98.634,2.6343],[98.6387,2.633],[98.6423,2.6383],[98.645,2.6346],[98.6464,2.6286],[98.6493,2.6273],[98.654,2.6284],[98.654,2.6338],[98.6578,2.6348],[98.6597,2.6277],[98.6711,2.6268],[98.6732,2.6286],[98.6725,2.625],[98.6746,2.6201],[98.6783,2.6179],[98.6876,2.6161],[98.6926,2.6103],[98.6933,2.6073],[98.6899,2.6063],[98.6863,2.5994],[98.6887,2.593],[98.686,2.5907],[98.6872,2.5869],[98.673,2.5769],[98.6745,2.5702],[98.6774,2.5708],[98.6772,2.5732],[98.686,2.5715],[98.6889,2.57],[98.6896,2.5656],[98.6762,2.5645],[98.674,2.5674],[98.6724,2.5674],[98.6672,2.5639],[98.6587,2.5628],[98.6562,2.5607],[98.6626,2.5573],[98.67,2.5469],[98.671,2.5477],[98.6699,2.5504],[98.6773,2.5531],[98.6738,2.5475],[98.6771,2.5453],[98.6854,2.5425],[98.6897,2.5451],[98.6869,2.538],[98.6877,2.5363],[98.6918,2.5358],[98.6936,2.5331],[98.6961,2.5335],[98.6995,2.538],[98.7011,2.5434],[98.705,2.5434],[98.7054,2.5476],[98.707,2.5488],[98.7102,2.5512],[98.7154,2.5505],[98.716,2.5429],[98.721,2.5398],[98.7203,2.5377],[98.7178,2.5375],[98.7209,2.5327],[98.7206,2.5235],[98.7241,2.5202],[98.7283,2.5198],[98.7353,2.5223],[98.7356,2.5191],[98.7397,2.512],[98.742,2.5116],[98.7423,2.5094],[98.7476,2.5074],[98.7505,2.5041],[98.7493,2.4911],[98.7531,2.4878],[98.7575,2.4881],[98.762,2.486],[98.7646,2.4804],[98.7669,2.4802],[98.7686,2.478],[98.7698,2.4695],[98.775,2.467],[98.7751,2.4564],[98.7758,2.4543],[98.7777,2.4553],[98.777,2.4502],[98.7815,2.4424],[98.7793,2.4379],[98.7886,2.435],[98.7907,2.4384],[98.7911,2.4433],[98.7961,2.4405],[98.798,2.437],[98.7974,2.4342],[98.7996,2.4322],[98.8075,2.4286],[98.8068,2.4215],[98.808,2.4187],[98.8107,2.4185],[98.8141,2.4153],[98.8154,2.4092],[98.8152,2.4017],[98.8106,2.4026],[98.8092,2.4013],[98.8088,2.3952],[98.8127,2.3947],[98.816,2.392],[98.8178,2.3812],[98.8228,2.3797],[98.8234,2.3763],[98.8304,2.3734],[98.8304,2.3709],[98.8341,2.3663],[98.8421,2.3624],[98.8383,2.3509],[98.8354,2.3555],[98.8257,2.3579],[98.8234,2.357],[98.8174,2.3495],[98.8164,2.3453],[98.821,2.3315],[98.8293,2.3238],[98.8344,2.3213],[98.8405,2.3219],[98.8441,2.324],[98.8472,2.3269],[98.8478,2.3339],[98.8502,2.334],[98.8543,2.3381],[98.8576,2.3355],[98.8565,2.3388],[98.86,2.3448],[98.8597,2.3491],[98.864,2.3508],[98.8699,2.3494],[98.8691,2.3455],[98.8742,2.3417],[98.8783,2.3448],[98.8812,2.3445],[98.8883,2.3478],[98.8932,2.3434],[98.8926,2.3413],[98.8951,2.339],[98.905,2.3344],[98.9103,2.3413],[98.9117,2.349],[98.9154,2.3492],[98.9167,2.3515],[98.9263,2.3547],[98.932,2.354],[98.9346,2.3573],[98.9448,2.3597],[98.9483,2.3533],[98.9541,2.3532],[98.956,2.3498],[98.9596,2.3506],[98.9601,2.3548],[98.9674,2.3426],[98.9683,2.3478],[98.9716,2.3411],[98.9758,2.3391],[98.9784,2.3384],[98.9809,2.3473],[98.9832,2.3487],[98.9871,2.347],[98.9885,2.3369],[98.9902,2.3364],[98.9922,2.3285],[98.9966,2.3221],[98.9991,2.3215],[99.0036,2.3266],[99.0047,2.3342],[99.0029,2.3378],[99.0086,2.3395],[99.008,2.3421],[99.0127,2.3396],[99.0147,2.3413],[99.0147,2.3469],[99.0225,2.3492],[99.0256,2.3537],[99.0258,2.3619],[99.0283,2.3639],[99.03,2.3639],[99.0367,2.3549],[99.0373,2.3497],[99.0419,2.3499],[99.053,2.3382],[99.0593,2.3351],[99.063,2.3377],[99.0629,2.3416],[99.0696,2.3475],[99.0737,2.349],[99.0795,2.345],[99.0828,2.3448],[99.0856,2.3489],[99.0839,2.3512],[99.0849,2.3524],[99.1003,2.355],[99.1058,2.3614],[99.1077,2.3576],[99.1154,2.3699],[99.1156,2.3737],[99.114,2.3759],[99.1223,2.3791],[99.1222,2.3746],[99.1267,2.3722],[99.1322,2.3728],[99.1475,2.3846],[99.1515,2.3917],[99.1501,2.3957],[99.1518,2.396],[99.1532,2.3991],[99.1517,2.4036],[99.1544,2.4099],[99.1545,2.4197],[99.1503,2.4305],[99.1446,2.4359],[99.1369,2.4343],[99.1354,2.438],[99.1322,2.4363],[99.13,2.438],[99.1213,2.4325],[99.1183,2.4232],[99.114,2.4219],[99.1147,2.4169],[99.1036,2.4144],[99.0998,2.4101],[99.0989,2.406],[99.0965,2.4093],[99.0903,2.4101],[99.0847,2.4071],[99.0779,2.4059],[99.0751,2.4025],[99.0683,2.4018],[99.0649,2.397],[99.0589,2.3987],[99.0483,2.3956],[99.0434,2.4041],[99.0437,2.4082],[99.0417,2.41],[99.0449,2.4123],[99.0448,2.414],[99.0473,2.4137],[99.0532,2.4221],[99.0539,2.43],[99.0585,2.4429],[99.0541,2.4441],[99.0576,2.4484],[99.0542,2.452],[99.0524,2.457],[99.0487,2.4595],[99.0487,2.4643],[99.051,2.4661],[99.0477,2.4674],[99.0461,2.4701],[99.046,2.4753],[99.0491,2.4802],[99.0483,2.489],[99.0366,2.5059],[99.036,2.51],[99.0389,2.5091],[99.0405,2.5115],[99.0321,2.5167],[99.0317,2.5219],[99.0335,2.5239],[99.0284,2.5208],[99.0114,2.5282],[99.0079,2.5324],[99.0085,2.5369],[99.0042,2.5425],[98.9935,2.5505],[98.9915,2.5484],[98.9956,2.5408],[98.9888,2.5417],[98.9871,2.5478],[98.9828,2.5512],[98.9833,2.5584],[98.9803,2.561],[98.9786,2.5552],[98.9735,2.5533],[98.9656,2.5656],[98.9636,2.5648],[98.9607,2.5674],[98.9546,2.5688],[98.9519,2.5679],[98.954,2.562],[98.949,2.5635],[98.9491,2.5678],[98.9462,2.5679],[98.941,2.5756],[98.9349,2.578],[98.9319,2.583],[98.9259,2.584],[98.924,2.5858],[98.9239,2.5932],[98.9278,2.5985],[98.9276,2.6002],[98.9232,2.6015],[98.9175,2.5972],[98.9155,2.5985],[98.9171,2.6032],[98.9133,2.6127],[98.9132,2.6207],[98.9081,2.6295],[98.9138,2.6346],[98.9248,2.6538],[98.9318,2.6518],[98.9332,2.6584],[98.9362,2.6595],[98.941,2.6556],[98.9424,2.6598],[98.9404,2.6671],[98.9349,2.6759],[98.9269,2.6726],[98.9248,2.6742],[98.9237,2.6837],[98.9156,2.6929],[98.9171,2.6947],[98.9225,2.6948],[98.9241,2.6967],[98.9173,2.7019],[98.9096,2.6977],[98.8956,2.701],[98.8871,2.7174],[98.8836,2.7212],[98.8769,2.7234],[98.8652,2.7325],[98.8551,2.7316],[98.853,2.7364],[98.8415,2.7408],[98.8346,2.7464],[98.8273,2.7571],[98.8267,2.7633],[98.8193,2.7709],[98.8102,2.7737],[98.8088,2.7711],[98.8111,2.7656],[98.8097,2.7649],[98.8059,2.7706],[98.8058,2.7759],[98.7917,2.7936],[98.7853,2.795],[98.7759,2.8005],[98.7711,2.8066],[98.7638,2.8085],[98.76,2.8128],[98.7562,2.814],[98.7527,2.8203],[98.7475,2.8194],[98.7429,2.824],[98.7357,2.8244],[98.7296,2.836],[98.726,2.8387],[98.7091,2.8424],[98.6918,2.8507],[98.6868,2.859],[98.6874,2.8654],[98.6803,2.8732],[98.6766,2.8741],[98.6741,2.873],[98.6707,2.867],[98.6695,2.8601],[98.6648,2.862],[98.6473,2.8563],[98.6356,2.8584],[98.63,2.8673],[98.622,2.868],[98.6178,2.8653],[98.612,2.869],[98.6048,2.8687],[98.6014,2.8729],[98.5978,2.8746],[98.5985,2.8816],[98.5947,2.8865],[98.587,2.8829],[98.5728,2.8838],[98.5699,2.8894],[98.5609,2.8917],[98.5571,2.8994],[98.5491,2.8912],[98.5511,2.8872],[98.5489,2.8814],[98.5545,2.8813],[98.5548,2.8758],[98.5528,2.8739],[98.5493,2.8745],[98.5456,2.8729],[98.5443,2.8744],[98.5416,2.874],[98.54,2.8782],[98.5417,2.8831],[98.5349,2.8947],[98.5284,2.8977],[98.5247,2.8958],[98.5204,2.8961],[98.5233,2.8852],[98.5169,2.8793],[98.5188,2.8764],[98.5249,2.8736],[98.5214,2.8679],[98.5244,2.8629],[98.524,2.8551],[98.5289,2.8475],[98.5252,2.8388],[98.5274,2.8326]],[[98.8223,2.3457],[98.8242,2.3443],[98.8237,2.3427],[98.8223,2.3436],[98.8223,2.3457]],[[98.8324,2.3532],[98.8326,2.3528],[98.8323,2.3507],[98.8318,2.352],[98.8324,2.3532]],[[98.7374,2.7549],[98.7443,2.7531],[98.7475,2.7532],[98.7511,2.7503],[98.7581,2.7405],[98.7632,2.7429],[98.7662,2.7399],[98.7706,2.7428],[98.7814,2.7419],[98.7896,2.7353],[98.7969,2.7324],[98.8139,2.7116],[98.813,2.704],[98.8258,2.69],[98.8315,2.6873],[98.8304,2.6845],[98.8398,2.6794],[98.843,2.6809],[98.8432,2.6796],[98.8495,2.6768],[98.8493,2.6747],[98.8515,2.6737],[98.8534,2.6744],[98.8522,2.6775],[98.8548,2.6781],[98.8636,2.6725],[98.8641,2.6684],[98.8623,2.6674],[98.8573,2.6693],[98.8517,2.664],[98.8685,2.6497],[98.8701,2.6454],[98.8882,2.622],[98.889,2.6145],[98.8916,2.6097],[98.8913,2.6034],[98.8963,2.5977],[98.9029,2.5804],[98.9084,2.5756],[98.9077,2.5654],[98.9258,2.5448],[98.9396,2.5337],[98.9437,2.5324],[98.9546,2.5243],[98.9557,2.5222],[98.9603,2.5207],[98.9702,2.511],[98.9723,2.5106],[98.9816,2.4915],[98.9839,2.4903],[98.9839,2.4862],[98.9893,2.4813],[98.9934,2.4741],[98.9921,2.4721],[98.994,2.467],[98.9915,2.462],[98.9841,2.4588],[98.9773,2.4527],[98.9695,2.4512],[98.9609,2.4451],[98.955,2.4462],[98.9495,2.4434],[98.9465,2.4445],[98.9453,2.4429],[98.9397,2.4449],[98.9374,2.44],[98.9347,2.4377],[98.9238,2.4333],[98.9159,2.4368],[98.9089,2.4351],[98.9006,2.4361],[98.8979,2.4305],[98.8919,2.4272],[98.8885,2.4278],[98.8877,2.432],[98.8846,2.4339],[98.8778,2.4325],[98.877,2.4303],[98.8745,2.4308],[98.8644,2.4344],[98.861,2.4385],[98.8597,2.4437],[98.8495,2.4478],[98.8463,2.4539],[98.8425,2.4544],[98.8396,2.4601],[98.8353,2.4585],[98.8329,2.4599],[98.8319,2.463],[98.8271,2.4634],[98.8191,2.4731],[98.8139,2.474],[98.8093,2.471],[98.8072,2.4653],[98.8026,2.4642],[98.8011,2.4652],[98.7992,2.4761],[98.801,2.4826],[98.7998,2.4833],[98.7992,2.4901],[98.7961,2.4916],[98.796,2.4963],[98.7843,2.5029],[98.7798,2.509],[98.7719,2.5075],[98.7646,2.5093],[98.7612,2.5071],[98.7585,2.5021],[98.757,2.5021],[98.7524,2.5095],[98.7456,2.5135],[98.7445,2.5178],[98.7433,2.5167],[98.7435,2.5224],[98.7405,2.5216],[98.7363,2.5243],[98.7332,2.5303],[98.7252,2.5362],[98.7209,2.5462],[98.7213,2.5509],[98.7198,2.5531],[98.7207,2.5581],[98.712,2.5704],[98.7118,2.5827],[98.7089,2.5856],[98.7087,2.5899],[98.7062,2.5923],[98.7047,2.5983],[98.6982,2.6061],[98.694,2.607],[98.6919,2.6127],[98.6891,2.615],[98.6927,2.621],[98.6918,2.6318],[98.6902,2.635],[98.6837,2.6387],[98.6829,2.642],[98.6878,2.6536],[98.6909,2.708],[98.6962,2.7303],[98.6978,2.733],[98.7131,2.7439],[98.7162,2.7507],[98.7207,2.7513],[98.7263,2.7588],[98.7349,2.7594],[98.7374,2.7549]],[[98.7456,2.7574],[98.7462,2.7573],[98.7478,2.7554],[98.7436,2.7563],[98.7456,2.7574]],[[98.6441,2.6464],[98.6482,2.6424],[98.647,2.6409],[98.6441,2.642],[98.6441,2.6464]],[[98.8859,2.3673],[98.8913,2.3677],[98.8945,2.3686],[98.8946,2.3801],[98.8965,2.382],[98.9016,2.3823],[98.9039,2.3785],[98.9033,2.3723],[98.9052,2.3656],[98.9108,2.3615],[98.9079,2.358],[98.9111,2.356],[98.9106,2.3525],[98.9006,2.3466],[98.8922,2.3491],[98.889,2.3527],[98.8885,2.3578],[98.884,2.3599],[98.8859,2.3673]]]},"properties":{"GID_2":"IDN.32.14_1","GID_0":"IDN","COUNTRY":"Indonesia","GID_1":"IDN.32_1","NAME_1":"SumateraUtara","NL_NAME_1":"NA","NAME_2":"LakeToba","VARNAME_2":"NA","NL_NAME_2":"NA","TYPE_2":"WaterBody","ENGTYPE_2":"WaterBody","CC_2":"NA","HASC_2":"NA","Data Indek":"","Data Ind_1":null,"Data Ind_2":"","Data Ind_3":null,"Data Ind_4":null,"Data Ind_5":null,"Data Ind_6":null,"Data Ind_7":null,"Data Ind_8":null,"Data Ind_9":null,"Data Ind10":null,"Data Ind11":""}},
{"type":"Feature","geometry":{"type":"MultiPolygon","coordinates":[[[[98.5095,3.3085],[98.5075,3.3121],[98.5031,3.3184],[98.5049,3.3285],[98.5008,3.3381],[98.5043,3.3469],[98.5047,3.3618],[98.5018,3.3719],[98.4995,3.3748],[98.4987,3.3852],[98.4956,3.3908],[98.5045,3.4008],[98.5047,3.4032],[98.5015,3.4069],[98.5012,3.4159],[98.5023,3.4258],[98.5046,3.4311],[98.5036,3.4385],[98.5069,3.4497],[98.5042,3.4544],[98.5089,3.4649],[98.5096,3.469],[98.5076,3.476],[98.5103,3.4807],[98.5109,3.4899],[98.5133,3.4938],[98.51,3.4951],[98.5132,3.4972],[98.514,3.5019],[98.5191,3.5104],[98.5208,3.5208],[98.5244,3.52],[98.5246,3.5222],[98.5202,3.5237],[98.5106,3.5312],[98.512,3.5394],[98.5078,3.5427],[98.5114,3.5442],[98.5091,3.5485],[98.5106,3.5527],[98.5081,3.5561],[98.5018,3.5598],[98.5008,3.5695],[98.4967,3.5688],[98.4975,3.5596],[98.4936,3.555],[98.4757,3.5564],[98.4749,3.5443],[98.4777,3.5373],[98.4779,3.5283],[98.4535,3.5295],[98.4515,3.5348],[98.4457,3.5379],[98.4471,3.5413],[98.445,3.5461],[98.4463,3.5505],[98.4447,3.5548],[98.4465,3.558],[98.4466,3.5658],[98.4504,3.5696],[98.4524,3.5784],[98.4542,3.5788],[98.4569,3.5754],[98.4583,3.5767],[98.4579,3.5805],[98.4549,3.5825],[98.4591,3.584],[98.4603,3.5871],[98.4572,3.5921],[98.4609,3.5943],[98.46,3.5962],[98.459,3.5944],[98.4451,3.5984],[98.4451,3.6043],[98.4405,3.6054],[98.4407,3.6084],[98.4427,3.6128],[98.4738,3.6169],[98.4744,3.6356],[98.4719,3.6409],[98.4609,3.6441],[98.4604,3.6497],[98.4575,3.6526],[98.4516,3.6508],[98.4467,3.6515],[98.4467,3.6559],[98.454,3.6531],[98.4577,3.6552],[98.4598,3.6545],[98.4649,3.6501],[98.4679,3.6505],[98.4681,3.649],[98.4725,3.6478],[98.4893,3.6672],[98.4917,3.6662],[98.4922,3.6683],[98.4949,3.6678],[98.4951,3.6695],[98.501,3.6683],[98.5049,3.6983],[98.5086,3.7079],[98.5068,3.712],[98.5081,3.7172],[98.5068,3.7221],[98.5087,3.7233],[98.5096,3.7294],[98.5067,3.7374],[98.5157,3.7591],[98.5224,3.7676],[98.5251,3.7755],[98.5317,3.7865],[98.5388,3.7929],[98.5526,3.7999],[98.5766,3.8157],[98.5744,3.8225],[98.5767,3.8236],[98.5803,3.8219],[98.5831,3.8232],[98.5831,3.8343],[98.5887,3.8353],[98.5955,3.8315],[98.6008,3.8343],[98.6018,3.8395],[98.5986,3.8481],[98.606,3.8537],[98.6064,3.8558],[98.6006,3.864],[98.6004,3.8674],[98.604,3.8691],[98.6059,3.8663],[98.609,3.8665],[98.6199,3.8839],[98.6236,3.8827],[98.6355,3.8842],[98.6411,3.8954],[98.6457,3.8967],[98.6508,3.905],[98.6573,3.9051],[98.661,3.9089],[98.658,3.9118],[98.6365,3.9178],[98.6357,3.9167],[98.6299,3.9176],[98.6241,3.9126],[98.6186,3.9151],[98.6113,3.9125],[98.6074,3.9135],[98.5997,3.9161],[98.598,3.9198],[98.5922,3.923],[98.5864,3.9241],[98.5848,3.9284],[98.583,3.9243],[98.5771,3.928],[98.5793,3.9288],[98.5795,3.9329],[98.5723,3.9376],[98.5716,3.9396],[98.5628,3.9383],[98.5622,3.9365],[98.5573,3.9385],[98.5551,3.9441],[98.5522,3.9453],[98.5585,3.9498],[98.5544,3.9623],[98.5578,3.9675],[98.557,3.9722],[98.551,3.9837],[98.5452,3.9829],[98.5385,3.9928],[98.5382,3.9981],[98.5425,4.0077],[98.5362,4.0128],[98.5303,4.0153],[98.5201,4.0167],[98.5185,4.0195],[98.5155,4.0197],[98.5119,4.0189],[98.5128,4.0172],[98.5085,4.0155],[98.5036,4.0175],[98.4978,4.0176],[98.4922,4.0123],[98.4886,4.012],[98.4865,4.0197],[98.4921,4.0288],[98.49,4.0307],[98.4802,4.036],[98.4728,4.0363],[98.4627,4.04],[98.4501,4.0411],[98.4457,4.0386],[98.4387,4.0421],[98.4344,4.0411],[98.4043,4.0689],[98.4028,4.0682],[98.4043,4.069],[98.4023,4.0707],[98.3903,4.0777],[98.3745,4.0745],[98.3716,4.0716],[98.3698,4.0735],[98.3525,4.0783],[98.3438,4.0754],[98.3277,4.0748],[98.3168,4.0727],[98.3113,4.0686],[98.311,4.0656],[98.3072,4.0902],[98.2984,4.1063],[98.2824,4.1145],[98.2805,4.1131],[98.2754,4.1202],[98.267,4.1232],[98.2567,4.1247],[98.2492,4.1304],[98.2499,4.127],[98.2461,4.1307],[98.2428,4.1298],[98.2363,4.1312],[98.2204,4.1277],[98.2144,4.1232],[98.2115,4.1248],[98.2115,4.1225],[98.2056,4.1181],[98.2036,4.1115],[98.1945,4.1035],[98.1934,4.1049],[98.1831,4.099],[98.1804,4.0993],[98.1907,4.1036],[98.1964,4.1089],[98.1947,4.1121],[98.1847,4.1101],[98.1762,4.1009],[98.1678,4.0867],[98.163,4.0815],[98.1628,4.0799],[98.1684,4.0739],[98.1667,4.0751],[98.1588,4.0817],[98.1619,4.0847],[98.1641,4.0935],[98.1708,4.1035],[98.1748,4.1228],[98.1735,4.1326],[98.1781,4.1454],[98.1699,4.1496],[98.1668,4.1493],[98.1573,4.1529],[98.1559,4.155],[98.162,4.1544],[98.1702,4.1574],[98.1704,4.1592],[98.1684,4.1602],[98.1821,4.1673],[98.1841,4.1749],[98.1854,4.1754],[98.1898,4.1733],[98.195,4.173],[98.2048,4.1777],[98.2066,4.1803],[98.2227,4.1818],[98.2365,4.1868],[98.2378,4.1924],[98.2456,4.1867],[98.2545,4.2027],[98.2507,4.2058],[98.2469,4.2222],[98.2462,4.2342],[98.2489,4.2459],[98.2491,4.2546],[98.2437,4.2707],[98.2468,4.2768],[98.2512,4.2792],[98.2528,4.2819],[98.2495,4.2929],[98.2444,4.2942],[98.2415,4.2928],[98.238,4.287],[98.2381,4.2835],[98.2366,4.2833],[98.2294,4.2862],[98.2303,4.2914],[98.229,4.2925],[98.2216,4.2881],[98.2174,4.2902],[98.2144,4.2872],[98.2104,4.2941],[98.211,4.2988],[98.2025,4.2976],[98.1999,4.3014],[98.198,4.3006],[98.1977,4.2949],[98.1946,4.2969],[98.1932,4.2938],[98.1862,4.2924],[98.1833,4.2886],[98.171,4.2895],[98.1605,4.2881],[98.1544,4.2903],[98.1565,4.2724],[98.1531,4.2647],[98.1499,4.2621],[98.1388,4.2587],[98.1371,4.2597],[98.1325,4.2572],[98.1286,4.2577],[98.126,4.2554],[98.1198,4.2583],[98.1187,4.2547],[98.1145,4.2526],[98.1088,4.2557],[98.1073,4.254],[98.099,4.2566],[98.0943,4.2607],[98.0829,4.2581],[98.0798,4.2594],[98.0766,4.2567],[98.077,4.253],[98.0704,4.2501],[98.0677,4.2459],[98.0716,4.2371],[98.0745,4.2344],[98.0788,4.2338],[98.0846,4.2295],[98.0862,4.2302],[98.0889,4.2285],[98.0916,4.2134],[98.0947,4.2075],[98.0934,4.2049],[98.0894,4.2033],[98.0892,4.1978],[98.0855,4.1933],[98.0816,4.1932],[98.0808,4.1962],[98.0774,4.1956],[98.0709,4.1899],[98.0614,4.1896],[98.0556,4.1861],[98.0568,4.1846],[98.0554,4.1801],[98.0658,4.1751],[98.0727,4.1586],[98.0717,4.1523],[98.0756,4.1475],[98.0735,4.1437],[98.0657,4.1386],[98.0559,4.1369],[98.0528,4.1338],[98.0562,4.1305],[98.0538,4.1193],[98.0498,4.1185],[98.051,4.1152],[98.0488,4.1116],[98.0516,4.106],[98.0503,4.1008],[98.0457,4.0981],[98.0459,4.0924],[98.0493,4.0853],[98.0462,4.0774],[98.0449,4.0776],[98.0441,4.057],[98.0417,4.0517],[98.0422,4.0438],[98.0399,4.0387],[98.0438,4.0289],[98.0469,4.027],[98.0428,4.0198],[98.0407,4.019],[98.0384,4.0217],[98.0323,4.0223],[98.0275,4.0195],[98.026,4.0162],[98.031,4.002],[98.0293,3.9919],[98.0314,3.9859],[98.0296,3.9806],[98.0367,3.9565],[98.0226,3.9669],[98.0164,3.9698],[98.0152,3.9631],[98.0039,3.9639],[98.0004,3.9549],[98.0004,3.9505],[97.9985,3.9501],[97.9932,3.9437],[97.99,3.9418],[97.9801,3.9412],[97.9781,3.9392],[97.9703,3.9371],[97.9661,3.9337],[97.9635,3.934],[97.9583,3.9295],[97.9553,3.9243],[97.9535,3.9241],[97.9563,3.9201],[97.9545,3.9154],[97.9573,3.902],[97.952,3.8897],[97.949,3.8902],[97.944,3.897],[97.9383,3.8968],[97.9369,3.895],[97.9336,3.8956],[97.9292,3.9024],[97.9154,3.9134],[97.9095,3.9131],[97.9085,3.9085],[97.9096,3.9063],[97.9078,3.9032],[97.9125,3.8981],[97.9106,3.8924],[97.9124,3.8855],[97.9157,3.8852],[97.9094,3.8786],[97.9089,3.8685],[97.9152,3.8606],[97.915,3.8517],[97.9175,3.8479],[97.9222,3.8452],[97.9156,3.8364],[97.9156,3.8325],[97.9097,3.8244],[97.9092,3.8188],[97.9077,3.8176],[97.9021,3.8182],[97.8959,3.8079],[97.8852,3.8007],[97.8824,3.7963],[97.8752,3.7927],[97.8694,3.7872],[97.861,3.7843],[97.8562,3.7753],[97.8489,3.7743],[97.8394,3.7671],[97.819,3.7442],[97.8152,3.7367],[97.8003,3.7227],[97.8038,3.7168],[97.8046,3.7104],[97.8191,3.6906],[97.8225,3.6813],[97.8278,3.6737],[97.8384,3.6685],[97.8444,3.6612],[97.8466,3.6532],[97.854,3.64],[97.8536,3.6269],[97.8719,3.6121],[97.8705,3.607],[97.8637,3.5989],[97.8636,3.5946],[97.867,3.5848],[97.8683,3.571],[97.8756,3.5652],[97.8848,3.5611],[97.8924,3.5591],[97.8978,3.5603],[97.9044,3.5569],[97.9097,3.5502],[97.9123,3.5437],[97.9126,3.5338],[97.9238,3.5122],[97.9205,3.5],[97.9216,3.4981],[97.9314,3.4921],[97.946,3.4894],[97.951,3.4846],[97.9582,3.4831],[97.9591,3.4816],[97.9498,3.4728],[97.9478,3.4666],[97.9414,3.4558],[97.9363,3.4504],[97.9337,3.4445],[97.935,3.4357],[97.9533,3.4085],[97.9487,3.4004],[97.947,3.3936],[97.9481,3.3915],[97.9525,3.3872],[97.9627,3.3828],[97.9745,3.3748],[97.9858,3.3706],[97.9969,3.3718],[98.0036,3.3682],[98.0107,3.3592],[98.0155,3.3476],[98.0222,3.3437],[98.0292,3.3306],[98.0441,3.3233],[98.0556,3.3155],[98.0587,3.3153],[98.0646,3.3184],[98.0717,3.3149],[98.0798,3.3196],[98.0991,3.314],[98.1085,3.2996],[98.1077,3.2912],[98.1173,3.2707],[98.1208,3.2663],[98.1287,3.265],[98.1412,3.2656],[98.1667,3.2797],[98.1742,3.2773],[98.1811,3.2802],[98.2009,3.2775],[98.2077,3.2815],[98.2179,3.2839],[98.2233,3.2707],[98.2327,3.2637],[98.2589,3.25],[98.2624,3.2493],[98.2665,3.2522],[98.2713,3.2518],[98.2749,3.2541],[98.2797,3.2521],[98.2847,3.255],[98.2875,3.2548],[98.2889,3.2528],[98.2882,3.2472],[98.2931,3.2432],[98.298,3.2289],[98.314,3.2271],[98.3261,3.2223],[98.34,3.219],[98.3485,3.2221],[98.3569,3.2295],[98.3663,3.2453],[98.361,3.2509],[98.355,3.271],[98.3512,3.2875],[98.3551,3.2874],[98.3589,3.2863],[98.3736,3.2739],[98.3774,3.2733],[98.3811,3.2701],[98.3883,3.2696],[98.3984,3.2629],[98.4,3.2574],[98.3993,3.2496],[98.4048,3.2475],[98.4195,3.2465],[98.4319,3.236],[98.4359,3.2376],[98.4446,3.2474],[98.4478,3.2483],[98.4516,3.2455],[98.4574,3.2344],[98.4646,3.23],[98.4716,3.2359],[98.4721,3.2383],[98.4685,3.2495],[98.4686,3.2555],[98.4733,3.2566],[98.4749,3.2709],[98.4703,3.2736],[98.4707,3.2778],[98.4797,3.2859],[98.4853,3.2888],[98.4866,3.2915],[98.4941,3.2951],[98.5043,3.3034],[98.5095,3.3085]]],[[[98.4998,3.2416],[98.4908,3.2357],[98.4886,3.2283],[98.4951,3.2222],[98.5009,3.2188],[98.5153,3.2158],[98.5205,3.2243],[98.5234,3.2378],[98.523,3.2406],[98.5201,3.2402],[98.5127,3.2435],[98.5055,3.2401],[98.4998,3.2416]]],[[[98.5573,3.9395],[98.5668,3.9392],[98.5699,3.9423],[98.5652,3.9468],[98.5607,3.9422],[98.5568,3.9411],[98.5573,3.9395]]],[[[98.5671,3.9473],[98.5663,3.9484],[98.5656,3.9475],[98.5664,3.9467],[98.5671,3.9473]]],[[[98.1782,4.1262],[98.1784,4.1264],[98.1785,4.1269],[98.1779,4.1269],[98.1782,4.1262]]],[[[98.1881,4.1271],[98.1874,4.1266],[98.1872,4.1258],[98.1893,4.1278],[98.1881,4.1271]]],[[[98.179,4.1266],[98.1802,4.1271],[98.1804,4.13],[98.1798,4.1292],[98.179,4.1266]]],[[[98.198,4.1147],[98.1999,4.1137],[98.2011,4.1155],[98.2,4.1185],[98.1993,4.1185],[98.198,4.1147]]],[[[98.2045,4.1277],[98.2025,4.1308],[98.1936,4.1292],[98.1864,4.1211],[98.1839,4.1145],[98.1964,4.1161],[98.1996,4.1206],[98.2042,4.1194],[98.2056,4.1255],[98.2045,4.1277]]],[[[98.192,4.1316],[98.1911,4.1322],[98.1927,4.135],[98.1881,4.1286],[98.1904,4.1293],[98.192,4.1316]]],[[[98.2647,4.1747],[98.2616,4.1763],[98.256,4.176],[98.252,4.174],[98.2431,4.1755],[98.2443,4.1693],[98.2389,4.1605],[98.2399,4.1591],[98.2368,4.1589],[98.2351,4.1507],[98.2326,4.147],[98.2357,4.1433],[98.2447,4.141],[98.2526,4.1333],[98.2591,4.1333],[98.2601,4.1376],[98.2706,4.1406],[98.2722,4.1424],[98.2701,4.1497],[98.2726,4.1528],[98.2748,4.1667],[98.2731,4.1716],[98.2695,4.1752],[98.2647,4.1747]]],[[[98.2049,4.1326],[98.2044,4.1315],[98.2058,4.1312],[98.2058,4.1333],[98.2049,4.1326]]],[[[98.204,4.1346],[98.2049,4.1373],[98.2021,4.1374],[98.1961,4.1313],[98.2031,4.1314],[98.204,4.1346]]],[[[98.203,4.1386],[98.2041,4.1403],[98.2038,4.1409],[98.201,4.1378],[98.203,4.1386]]],[[[98.1861,4.1354],[98.1831,4.1351],[98.1807,4.1321],[98.1812,4.1305],[98.1834,4.1313],[98.1861,4.1354]]],[[[98.1759,4.1297],[98.178,4.1281],[98.1806,4.1332],[98.1852,4.1377],[98.1844,4.143],[98.1783,4.1397],[98.1753,4.1333],[98.1759,4.1297]]]]},"properties":{"GID_2":"IDN.32.15_1","GID_0":"IDN","COUNTRY":"Indonesia","GID_1":"IDN.32_1","NAME_1":"SumateraUtara","NL_NAME_1":"NA","NAME_2":"Langkat","VARNAME_2":"NA","NL_NAME_2":"NA","TYPE_2":"Kabupaten","ENGTYPE_2":"Regency","CC_2":"1213","HASC_2":"ID.SU.LA","Data Indek":"Sumatera Utara","Data Ind_1":3,"Data Ind_2":"(0)","Data Ind_3":8.4,"Data Ind_4":177.52,"Data Ind_5":166525,"Data Ind_6":5.61,"Data Ind_7":39,"Data Ind_8":99.97,"Data Ind_9":91.34,"Data Ind10":-0.24,"Data Ind11":"Sedang"}},
{"type":"Feature","geometry":{"type":"MultiPolygon","coordinates":[[[[99.8042,0.4731],[99.8107,0.4638],[99.8179,0.4608],[99.8346,0.4584],[99.8368,0.4586],[99.8494,0.4699],[99.8591,0.4633],[99.8634,0.4649],[99.8702,0.4647],[99.8761,0.4686],[99.8823,0.4665],[99.8929,0.4705],[99.9042,0.4704],[99.9174,0.4816],[99.9202,0.4878],[99.9364,0.5035],[99.9462,0.5097],[99.9552,0.5104],[99.9611,0.5136],[99.9596,0.5161],[99.952,0.5205],[99.9502,0.5242],[99.9564,0.5308],[99.9647,0.5458],[99.9649,0.5544],[99.9608,0.5603],[99.9598,0.5695],[99.9517,0.5762],[99.9408,0.5928],[99.9308,0.5972],[99.9272,0.6042],[99.9204,0.6054],[99.9233,0.6153],[99.9088,0.6268],[99.9096,0.629],[99.9251,0.6312],[99.9252,0.6329],[99.916,0.6496],[99.9166,0.6548],[99.9134,0.6651],[99.9121,0.6782],[99.9111,0.6799],[99.9069,0.6808],[99.8962,0.6766],[99.893,0.6793],[99.8888,0.6868],[99.8855,0.6887],[99.8571,0.6829],[99.851,0.6834],[99.8309,0.6962],[99.8342,0.7013],[99.8352,0.709],[99.8297,0.7161],[99.8253,0.7359],[99.8261,0.7397],[99.8305,0.7442],[99.834,0.7514],[99.8335,0.7557],[99.8348,0.7575],[99.8436,0.7594],[99.8456,0.7622],[99.8462,0.7689],[99.8438,0.7721],[99.8448,0.776],[99.8431,0.7793],[99.8468,0.7911],[99.8438,0.7976],[99.8459,0.8077],[99.844,0.8156],[99.8375,0.8185],[99.8344,0.827],[99.8272,0.8313],[99.8259,0.8337],[99.8196,0.8364],[99.813,0.8471],[99.8057,0.85],[99.8,0.8573],[99.7908,0.8545],[99.7842,0.8579],[99.7688,0.859],[99.7646,0.864],[99.7594,0.8615],[99.7521,0.8663],[99.7446,0.8651],[99.7428,0.8747],[99.7331,0.8851],[99.7348,0.8903],[99.7341,0.8924],[99.7214,0.8954],[99.7186,0.9023],[99.7132,0.9063],[99.7128,0.9147],[99.7006,0.9268],[99.6897,0.9331],[99.676,0.9318],[99.6692,0.9274],[99.6606,0.9282],[99.6505,0.9194],[99.6432,0.9191],[99.6402,0.9202],[99.6357,0.9273],[99.6299,0.9311],[99.6254,0.9363],[99.6257,0.942],[99.6243,0.9441],[99.6145,0.9495],[99.6009,0.9514],[99.5954,0.9639],[99.5877,0.9684],[99.5863,0.9708],[99.5902,0.9773],[99.5893,0.9808],[99.5906,0.9833],[99.5988,0.9937],[99.5966,1.0081],[99.581,1.0194],[99.5731,1.0333],[99.5695,1.0417],[99.5679,1.0516],[99.5693,1.0612],[99.5681,1.0656],[99.5608,1.0693],[99.5467,1.0709],[99.5439,1.0913],[99.5391,1.0974],[99.5267,1.1072],[99.5136,1.1297],[99.51,1.1309],[99.4975,1.1292],[99.4953,1.1285],[99.4914,1.1211],[99.4745,1.1227],[99.4588,1.1152],[99.4435,1.1119],[99.4412,1.1098],[99.4367,1.099],[99.428,1.0923],[99.429,1.0822],[99.4243,1.076],[99.4241,1.0715],[99.4352,1.0652],[99.4357,1.0629],[99.4427,1.0562],[99.4443,1.0528],[99.4438,1.0431],[99.4455,1.039],[99.4422,1.0346],[99.4438,1.0305],[99.4433,1.0261],[99.4397,1.0219],[99.4405,0.9997],[99.4388,0.9873],[99.4431,0.9814],[99.4394,0.9758],[99.4364,0.9771],[99.4328,0.9757],[99.4281,0.9763],[99.4202,0.9799],[99.4215,0.9855],[99.4198,0.9882],[99.4122,0.9942],[99.407,0.9957],[99.3975,1.0064],[99.389,1.0056],[99.3866,1.0071],[99.3764,1.0227],[99.3726,1.0237],[99.3677,1.0201],[99.3599,1.0222],[99.3573,1.0183],[99.351,1.0172],[99.3483,1.0175],[99.347,1.0215],[99.3413,1.0256],[99.3363,1.0244],[99.3342,1.0307],[99.3305,1.0349],[99.3239,1.0384],[99.3198,1.0432],[99.3151,1.044],[99.3112,1.048],[99.3095,1.0546],[99.3057,1.0575],[99.3054,1.06],[99.2985,1.0641],[99.2898,1.079],[99.2825,1.0841],[99.2776,1.0954],[99.2718,1.0974],[99.2686,1.0962],[99.2688,1.0884],[99.2667,1.0836],[99.2677,1.0796],[99.2641,1.0739],[99.2659,1.0703],[99.2616,1.0662],[99.2638,1.0581],[99.2615,1.053],[99.256,1.0492],[99.2517,1.0485],[99.2496,1.0453],[99.2405,1.0421],[99.2358,1.0436],[99.2312,1.0487],[99.2284,1.0493],[99.2216,1.0487],[99.2222,1.0443],[99.221,1.0445],[99.2161,1.0549],[99.2187,1.0588],[99.2142,1.0623],[99.2182,1.0658],[99.2172,1.0697],[99.2094,1.0747],[99.2104,1.0808],[99.2033,1.0867],[99.2004,1.087],[99.1985,1.0908],[99.1926,1.0895],[99.1876,1.0958],[99.1844,1.0949],[99.1822,1.0978],[99.1776,1.0972],[99.1753,1.0935],[99.1712,1.0931],[99.1686,1.0986],[99.1664,1.0999],[99.1634,1.0981],[99.1566,1.0997],[99.1528,1.0982],[99.1514,1.1025],[99.1464,1.104],[99.1461,1.1072],[99.1347,1.1067],[99.1326,1.1106],[99.1302,1.1072],[99.1264,1.1088],[99.1219,1.1079],[99.1221,1.1027],[99.118,1.1011],[99.1173,1.1075],[99.1386,1.1592],[99.0706,1.1902],[99.0688,1.1922],[99.0706,1.1932],[99.0676,1.1979],[99.0639,1.197],[99.0494,1.2047],[99.049,1.2154],[99.0385,1.2252],[99.04,1.2487],[99.034,1.2518],[99.0316,1.256],[99.0305,1.2622],[99.0332,1.2655],[99.0303,1.2718],[99.0208,1.2691],[99.0146,1.2704],[99.0073,1.281],[99.0058,1.2875],[99.0003,1.2887],[98.9956,1.2926],[98.9919,1.2992],[98.9869,1.2983],[98.9805,1.3008],[98.9706,1.2999],[98.9655,1.3179],[98.9633,1.3195],[98.9584,1.3174],[98.9521,1.3284],[98.947,1.3295],[98.9384,1.3279],[98.9368,1.3291],[98.9269,1.3218],[98.9204,1.3106],[98.9209,1.3079],[98.9119,1.3026],[98.9084,1.2943],[98.9057,1.2923],[98.9028,1.2984],[98.9,1.2973],[98.8991,1.2948],[98.8968,1.2995],[98.8938,1.2968],[98.8887,1.3004],[98.885,1.2979],[98.8819,1.2987],[98.8814,1.2965],[98.8683,1.287],[98.8677,1.2822],[98.8699,1.2814],[98.8678,1.2792],[98.8561,1.288],[98.854,1.2859],[98.8522,1.2863],[98.8484,1.2973],[98.8447,1.2986],[98.8429,1.2883],[98.8441,1.2779],[98.869,1.2279],[98.8674,1.22],[98.8638,1.2179],[98.9083,1.1294],[98.9177,1.098],[98.9279,1.0442],[98.9743,0.9215],[98.9733,0.9201],[98.9761,0.8975],[98.9815,0.8831],[98.9819,0.8711],[98.9851,0.8645],[98.9839,0.8637],[98.9857,0.8541],[98.9821,0.8471],[98.9773,0.8451],[98.9709,0.8473],[98.9707,0.8453],[98.9745,0.8441],[98.9807,0.8359],[98.9841,0.8359],[98.9895,0.8329],[98.9933,0.8225],[98.9963,0.8201],[98.9995,0.8237],[99.0059,0.8231],[99.0063,0.8255],[99.0081,0.8263],[99.0127,0.8241],[99.0229,0.8233],[99.0129,0.8237],[99.0137,0.8187],[99.0203,0.8129],[99.0229,0.7989],[99.0329,0.7901],[99.0369,0.7841],[99.0381,0.7815],[99.0371,0.7795],[99.0409,0.7739],[99.0389,0.7703],[99.0429,0.7687],[99.0435,0.7619],[99.0483,0.7605],[99.0501,0.7527],[99.0527,0.7511],[99.0563,0.7435],[99.0583,0.7433],[99.0605,0.7197],[99.084,0.7198],[99.0603,0.7196],[99.0594,0.7138],[99.0566,0.71],[99.0593,0.705],[99.0621,0.6902],[99.0572,0.6842],[99.0558,0.6781],[99.0485,0.6715],[99.0499,0.6693],[99.0542,0.6708],[99.0606,0.6682],[99.0645,0.6638],[99.0659,0.6589],[99.0576,0.6552],[99.0552,0.6512],[99.0591,0.6474],[99.0577,0.6449],[99.0586,0.6391],[99.0533,0.6412],[99.0489,0.6456],[99.0451,0.6396],[99.0467,0.6357],[99.0505,0.6346],[99.0478,0.6302],[99.0499,0.6226],[99.0598,0.6214],[99.0613,0.6265],[99.0638,0.6277],[99.0663,0.6322],[99.0699,0.6299],[99.0749,0.6302],[99.0742,0.6241],[99.0771,0.6202],[99.0843,0.6203],[99.0872,0.6179],[99.0977,0.6031],[99.107,0.5767],[99.11,0.5608],[99.1079,0.5413],[99.1052,0.5325],[99.1019,0.5292],[99.0984,0.5288],[99.0887,0.5319],[99.0896,0.5258],[99.0949,0.5195],[99.0919,0.5087],[99.0942,0.504],[99.0979,0.5027],[99.1015,0.5033],[99.104,0.5081],[99.1128,0.5113],[99.1168,0.509],[99.1199,0.4965],[99.1188,0.4929],[99.1238,0.4889],[99.1279,0.4815],[99.135,0.4584],[99.138,0.4427],[99.1398,0.4204],[99.1371,0.3997],[99.1355,0.3981],[99.1341,0.3783],[99.1199,0.3629],[99.1207,0.3531],[99.1135,0.3493],[99.1113,0.3503],[99.1089,0.3459],[99.1149,0.3445],[99.1153,0.3407],[99.1199,0.3377],[99.1225,0.3387],[99.1285,0.3331],[99.1335,0.3331],[99.1349,0.3295],[99.1375,0.3329],[99.1415,0.3317],[99.1445,0.3333],[99.1475,0.3315],[99.1575,0.3085],[99.1605,0.2909],[99.1605,0.2745],[99.1581,0.2665],[99.1527,0.2633],[99.1459,0.2645],[99.1403,0.2627],[99.1401,0.2599],[99.1369,0.2571],[99.1373,0.2535],[99.1395,0.2509],[99.1509,0.2499],[99.1584,0.2456],[99.16,0.2422],[99.1583,0.2393],[99.1616,0.2406],[99.1635,0.2395],[99.1658,0.2362],[99.1664,0.2299],[99.1731,0.241],[99.1734,0.248],[99.1761,0.2524],[99.1843,0.2604],[99.1873,0.2661],[99.1946,0.2714],[99.1943,0.2822],[99.1998,0.2896],[99.2248,0.3079],[99.2367,0.3227],[99.2487,0.3325],[99.2655,0.3372],[99.2973,0.3369],[99.3146,0.3335],[99.3174,0.3346],[99.3341,0.358],[99.3498,0.3863],[99.3609,0.4118],[99.3661,0.4314],[99.3848,0.4492],[99.3883,0.4553],[99.3979,0.4649],[99.4057,0.4892],[99.4118,0.493],[99.4291,0.492],[99.4373,0.4957],[99.4456,0.5039],[99.4459,0.5064],[99.458,0.5149],[99.4628,0.5164],[99.4687,0.5236],[99.4744,0.5242],[99.4773,0.5266],[99.4804,0.5263],[99.4896,0.5296],[99.4914,0.5323],[99.5038,0.5395],[99.5192,0.552],[99.5208,0.5501],[99.5198,0.5457],[99.5133,0.5377],[99.5188,0.5353],[99.5223,0.5293],[99.5305,0.5218],[99.5469,0.5175],[99.5593,0.5106],[99.573,0.5095],[99.5764,0.5101],[99.5834,0.5157],[99.5905,0.516],[99.5938,0.5217],[99.5978,0.524],[99.6083,0.5248],[99.6193,0.5301],[99.6303,0.5427],[99.6383,0.547],[99.6419,0.5458],[99.6494,0.5402],[99.6493,0.5323],[99.6511,0.531],[99.6555,0.5312],[99.6611,0.5246],[99.6654,0.5162],[99.6616,0.5071],[99.6654,0.5017],[99.6664,0.4911],[99.6741,0.4843],[99.6763,0.476],[99.6828,0.4692],[99.7008,0.4681],[99.7087,0.4592],[99.7201,0.4524],[99.7267,0.4532],[99.7294,0.4552],[99.7351,0.4641],[99.7405,0.4768],[99.7514,0.479],[99.7577,0.4775],[99.7768,0.4818],[99.7853,0.4822],[99.8042,0.4731]]],[[[99.1495,0.2673],[99.1497,0.2677],[99.1485,0.2673],[99.1489,0.2671],[99.1495,0.2673]]],[[[99.1359,0.2641],[99.1359,0.2635],[99.1365,0.2635],[99.1367,0.2641],[99.1359,0.2641]]],[[[99.1109,0.3507],[99.1111,0.3513],[99.1101,0.3511],[99.1103,0.3507],[99.1109,0.3507]]],[[[99.0981,0.3628],[99.1035,0.3621],[99.1057,0.364],[99.1061,0.3656],[99.1041,0.3669],[99.1059,0.3704],[99.1045,0.3737],[99.1017,0.373],[99.0958,0.3657],[99.0908,0.3659],[99.089,0.3622],[99.0981,0.3628]]],[[[99.0441,0.7605],[99.0441,0.7599],[99.0443,0.7593],[99.0447,0.7605],[99.0441,0.7605]]],[[[99.0411,0.7621],[99.0395,0.7629],[99.0389,0.7615],[99.0403,0.7615],[99.0411,0.7621]]],[[[99.0379,0.7641],[99.0389,0.7651],[99.0357,0.7657],[99.0373,0.7641],[99.0379,0.7641]]],[[[99.0071,0.7787],[99.0075,0.7759],[99.0091,0.7753],[99.0111,0.7795],[99.0081,0.7803],[99.0071,0.7787]]],[[[98.9471,0.8577],[98.9523,0.8581],[98.9521,0.8595],[98.9461,0.8607],[98.9457,0.8583],[98.9471,0.8577]]],[[[98.9191,0.8735],[98.9213,0.8717],[98.9221,0.8737],[98.9205,0.8743],[98.9191,0.8735]]],[[[98.8197,1.2793],[98.8149,1.2765],[98.8135,1.2737],[98.8127,1.2699],[98.8145,1.2665],[98.8219,1.2657],[98.8267,1.2681],[98.8275,1.2741],[98.8255,1.2773],[98.8197,1.2793]]]]},"properties":{"GID_2":"IDN.32.16_1","GID_0":"IDN","COUNTRY":"Indonesia","GID_1":"IDN.32_1","NAME_1":"SumateraUtara","NL_NAME_1":"NA","NAME_2":"MandailingNatal","VARNAME_2":"NA","NL_NAME_2":"NA","TYPE_2":"Kabupaten","ENGTYPE_2":"Regency","CC_2":"1202","HASC_2":"ID.SU.MN","Data Indek":"Sumatera Utara","Data Ind_1":3,"Data Ind_2":"(1)","Data Ind_3":7.9,"Data Ind_4":78.44,"Data Ind_5":77801,"Data Ind_6":18.57,"Data Ind_7":30,"Data Ind_8":98.6,"Data Ind_9":87.96,"Data Ind10":0.32,"Data Ind11":"Sangat Tinggi"}},
{"type":"Feature","geometry":{"type":"MultiPolygon","coordinates":[[[[97.8489,0.9316],[97.8484,0.9303],[97.8443,0.9163],[97.8572,0.8846],[97.8663,0.8904],[97.874,0.8859],[97.8768,0.8893],[97.8854,0.8905],[97.8889,0.8883],[97.8911,0.8889],[97.8926,0.8851],[97.8973,0.8837],[97.902,0.8846],[97.9033,0.8948],[97.908,0.9039],[97.9194,0.9218],[97.9432,0.9492],[97.9472,0.9572],[97.946,0.965],[97.9417,0.9762],[97.9281,0.9955],[97.9192,1.0257],[97.8961,1.0547],[97.8885,1.0545],[97.8853,1.0519],[97.8805,1.0511],[97.8727,1.0523],[97.8657,1.0569],[97.8645,1.0551],[97.8655,1.0569],[97.8452,1.0774],[97.8437,1.0917],[97.8396,1.0941],[97.8356,1.0923],[97.8335,1.0931],[97.8283,1.1107],[97.816,1.1327],[97.8117,1.1392],[97.8005,1.1505],[97.7915,1.1531],[97.7757,1.1504],[97.7696,1.1511],[97.7649,1.154],[97.7504,1.1689],[97.7373,1.1659],[97.7308,1.1663],[97.7233,1.1687],[97.7151,1.1741],[97.7016,1.1736],[97.6902,1.1785],[97.6688,1.1525],[97.6634,1.139],[97.6436,1.1202],[97.6456,1.1192],[97.6468,1.1125],[97.6553,1.1183],[97.6625,1.1189],[97.6705,1.1232],[97.6734,1.1211],[97.6807,1.1218],[97.6851,1.1173],[97.6711,1.1086],[97.6473,1.1004],[97.6501,1.091],[97.6553,1.0828],[97.6433,1.0806],[97.6286,1.0814],[97.6157,1.0773],[97.6105,1.0796],[97.6094,1.0709],[97.6071,1.0642],[97.6058,1.064],[97.6124,1.0548],[97.6188,1.0592],[97.6233,1.065],[97.6358,1.0682],[97.6388,1.0659],[97.6464,1.0653],[97.6508,1.0613],[97.6385,1.0549],[97.6309,1.0549],[97.6246,1.0516],[97.6266,1.0451],[97.6196,1.0423],[97.6128,1.0302],[97.6224,1.0234],[97.6228,1.0205],[97.6282,1.0139],[97.6363,1.0129],[97.639,1.0086],[97.6422,1.0081],[97.6485,1.001],[97.6505,1.0008],[97.6499,1.0058],[97.6507,1.0077],[97.6531,1.0083],[97.6542,1.0042],[97.6566,1.0039],[97.6559,1.0024],[97.6574,1.0024],[97.6611,0.9975],[97.6612,0.9985],[97.6687,0.9992],[97.6715,1.0028],[97.6849,1.0069],[97.6851,1.0033],[97.6909,0.9965],[97.6888,0.9935],[97.69,0.9862],[97.6889,0.9835],[97.6919,0.9699],[97.6945,0.9328],[97.7183,0.9408],[97.7318,0.9477],[97.7513,0.9502],[97.7571,0.9455],[97.7609,0.9393],[97.7667,0.9351],[97.7757,0.9369],[97.7833,0.9327],[97.7913,0.9343],[97.795,0.9316],[97.7985,0.9249],[97.8097,0.9198],[97.8119,0.9198],[97.8159,0.9245],[97.8259,0.926],[97.833,0.9307],[97.8489,0.9316]]],[[[97.9663,1.0233],[97.9649,1.0237],[97.9645,1.0225],[97.9659,1.0217],[97.9663,1.0233]]],[[[97.9525,1.0259],[97.9539,1.0233],[97.9569,1.0245],[97.9553,1.0263],[97.9525,1.0259]]],[[[97.9767,1.0331],[97.9763,1.0331],[97.9765,1.0327],[97.9767,1.0327],[97.9767,1.0331]]],[[[97.9015,1.0753],[97.9055,1.0731],[97.9067,1.0767],[97.9039,1.0785],[97.9009,1.0769],[97.9015,1.0753]]],[[[97.9305,1.0801],[97.9301,1.0807],[97.9287,1.0797],[97.9297,1.0793],[97.9305,1.0801]]],[[[97.5744,1.1239],[97.5782,1.1212],[97.5862,1.1204],[97.606,1.1301],[97.6263,1.1739],[97.6227,1.1806],[97.621,1.195],[97.6156,1.1999],[97.6014,1.1956],[97.5871,1.1997],[97.5813,1.1943],[97.5761,1.2009],[97.5783,1.2151],[97.5603,1.2212],[97.5679,1.228],[97.569,1.233],[97.5645,1.2461],[97.5653,1.2582],[97.5697,1.2613],[97.5819,1.2605],[97.5832,1.2625],[97.5799,1.2688],[97.5711,1.2713],[97.5658,1.277],[97.5553,1.2825],[97.5412,1.2849],[97.5275,1.2792],[97.5075,1.2736],[97.4937,1.2606],[97.4937,1.2522],[97.5013,1.2378],[97.4835,1.2142],[97.4895,1.2007],[97.4875,1.1786],[97.4892,1.1765],[97.4892,1.1665],[97.4909,1.1602],[97.489,1.1533],[97.5,1.1416],[97.508,1.1541],[97.5159,1.1532],[97.531,1.1464],[97.5446,1.1347],[97.5645,1.1348],[97.572,1.1306],[97.5744,1.1239]]]]},"properties":{"GID_2":"IDN.32.20_1","GID_0":"IDN","COUNTRY":"Indonesia","GID_1":"IDN.32_1","NAME_1":"SumateraUtara","NL_NAME_1":"NA","NAME_2":"Nias","VARNAME_2":"NA","NL_NAME_2":"NA","TYPE_2":"Kabupaten","ENGTYPE_2":"Regency","CC_2":"1201","HASC_2":"ID.SU.NA","Data Indek":"Sumatera Utara","Data Ind_1":2,"Data Ind_2":"(0)","Data Ind_3":14.5,"Data Ind_4":174.55,"Data Ind_5":19986,"Data Ind_6":48.1,"Data Ind_7":14,"Data Ind_8":93.68,"Data Ind_9":77.65,"Data Ind10":0.16,"Data Ind11":"Sangat Tinggi"}},
{"type":"Feature","geometry":{"type":"MultiPolygon","coordinates":[[[[97.3617,0.8207],[97.3553,0.8336],[97.3517,0.8321],[97.3507,0.8331],[97.3507,0.8365],[97.3523,0.8358],[97.3496,0.842],[97.3447,0.8431],[97.3398,0.8419],[97.3358,0.8386],[97.3324,0.8323],[97.3322,0.8284],[97.3337,0.826],[97.3493,0.8128],[97.3592,0.8111],[97.3616,0.815],[97.3617,0.8207]]],[[[97.3839,0.8401],[97.3825,0.8427],[97.3799,0.8435],[97.3769,0.8421],[97.3757,0.8393],[97.3811,0.8345],[97.3837,0.8357],[97.3839,0.8401]]],[[[97.327,0.8549],[97.3211,0.8599],[97.3171,0.8599],[97.3103,0.8581],[97.3085,0.8539],[97.3121,0.8483],[97.3216,0.845],[97.3284,0.845],[97.3334,0.85],[97.327,0.8549]]],[[[97.3821,0.8583],[97.3769,0.8585],[97.3713,0.8629],[97.3641,0.8559],[97.3637,0.8521],[97.3695,0.8465],[97.3727,0.8481],[97.3813,0.8471],[97.3853,0.8557],[97.3849,0.8579],[97.3821,0.8583]]],[[[97.3343,0.8575],[97.3446,0.8621],[97.3488,0.8672],[97.3548,0.8672],[97.3554,0.8688],[97.3493,0.8742],[97.338,0.872],[97.3331,0.8683],[97.3293,0.8622],[97.3319,0.8573],[97.3343,0.8575]]],[[[97.2915,0.8683],[97.2849,0.8711],[97.2819,0.8703],[97.2847,0.8651],[97.2889,0.8631],[97.2909,0.8641],[97.2915,0.8683]]],[[[97.3571,0.8725],[97.3553,0.8747],[97.3493,0.8743],[97.3555,0.8691],[97.3571,0.8725]]],[[[97.3699,0.8807],[97.3719,0.8781],[97.3749,0.8779],[97.3715,0.8819],[97.3699,0.8807]]],[[[97.2787,0.9101],[97.2725,0.9157],[97.2679,0.9149],[97.2651,0.9113],[97.2667,0.9067],[97.2765,0.8981],[97.2829,0.8959],[97.2849,0.8975],[97.2847,0.8999],[97.2793,0.9059],[97.2787,0.9101]]],[[[97.3695,1.0788],[97.3977,1.015],[97.3991,1.0041],[97.4095,0.9686],[97.4105,0.9543],[97.4093,0.9479],[97.4045,0.9457],[97.4061,0.9399],[97.4101,0.9395],[97.4115,0.9471],[97.4143,0.9493],[97.4187,0.9499],[97.4257,0.9483],[97.4319,0.9425],[97.4505,0.9436],[97.4839,0.9391],[97.4915,0.9315],[97.4964,0.9314],[97.5012,0.9276],[97.5106,0.9206],[97.5109,0.9157],[97.5084,0.9153],[97.5068,0.9128],[97.5075,0.9089],[97.5098,0.9068],[97.5132,0.9057],[97.5158,0.9073],[97.5211,0.9053],[97.5316,0.8957],[97.541,0.893],[97.5443,0.8866],[97.546,0.892],[97.5517,0.8935],[97.5483,0.8968],[97.5479,0.9002],[97.5588,0.9104],[97.5616,0.911],[97.5616,0.9177],[97.5671,0.9247],[97.5608,0.9329],[97.5511,0.9308],[97.5455,0.9334],[97.5407,0.9383],[97.5417,0.9402],[97.5407,0.9442],[97.5479,0.9472],[97.5437,0.956],[97.549,0.9641],[97.5405,0.9729],[97.5372,0.9791],[97.5353,0.994],[97.5366,1.0085],[97.5456,1.0028],[97.552,1.0007],[97.5807,1.0066],[97.5963,1.0206],[97.5901,1.0348],[97.5974,1.0344],[97.6128,1.0302],[97.6196,1.0423],[97.6266,1.0451],[97.6246,1.0516],[97.6309,1.0549],[97.6385,1.0549],[97.6508,1.0613],[97.6464,1.0653],[97.6388,1.0659],[97.6358,1.0682],[97.6233,1.065],[97.6188,1.0592],[97.6124,1.0548],[97.6058,1.064],[97.6071,1.0642],[97.6094,1.0709],[97.6105,1.0796],[97.6157,1.0773],[97.6221,1.0785],[97.6213,1.08],[97.6324,1.0816],[97.631,1.0885],[97.6321,1.0955],[97.649,1.094],[97.6473,1.1004],[97.6434,1.1006],[97.6328,1.1049],[97.6302,1.1166],[97.6264,1.1121],[97.6198,1.108],[97.6137,1.1098],[97.5932,1.1101],[97.5862,1.1204],[97.5791,1.1206],[97.5744,1.1239],[97.572,1.1306],[97.5645,1.1348],[97.5446,1.1347],[97.531,1.1464],[97.5159,1.1532],[97.508,1.1541],[97.5,1.1416],[97.489,1.1533],[97.4811,1.1448],[97.4703,1.139],[97.4706,1.1277],[97.4689,1.1251],[97.4792,1.1171],[97.4819,1.1073],[97.4866,1.1029],[97.4889,1.0928],[97.4827,1.0949],[97.4775,1.0874],[97.4716,1.0921],[97.4582,1.1073],[97.4519,1.1181],[97.4463,1.1192],[97.4451,1.1182],[97.4452,1.1083],[97.4496,1.0966],[97.4398,1.0959],[97.4323,1.0915],[97.4222,1.0931],[97.4118,1.0916],[97.3985,1.0928],[97.3695,1.0788]]],[[[97.4285,0.9191],[97.4311,0.9175],[97.4327,0.9179],[97.4313,0.9217],[97.4285,0.9191]]],[[[97.4305,0.9311],[97.4313,0.9357],[97.4273,0.9371],[97.4249,0.9309],[97.4281,0.9295],[97.4305,0.9311]]]]},"properties":{"GID_2":"IDN.32.17_1","GID_0":"IDN","COUNTRY":"Indonesia","GID_1":"IDN.32_1","NAME_1":"SumateraUtara","NL_NAME_1":"NA","NAME_2":"NiasBarat","VARNAME_2":"NA","NL_NAME_2":"NA","TYPE_2":"Kabupaten","ENGTYPE_2":"Regency","CC_2":"1225","HASC_2":"ID.SU.NB","Data Indek":"Sumatera Utara","Data Ind_1":3,"Data Ind_2":"(0)","Data Ind_3":22.5,"Data Ind_4":213.53,"Data Ind_5":13635,"Data Ind_6":24.97,"Data Ind_7":15,"Data Ind_8":98.65,"Data Ind_9":58.1,"Data Ind10":0.26,"Data Ind11":"Sangat Tinggi"}},
{"type":"Feature","geometry":{"type":"MultiPolygon","coordinates":[[[[98.5025,-0.595],[98.499,-0.596],[98.4943,-0.6008],[98.4891,-0.6086],[98.4895,-0.6192],[98.5047,-0.6343],[98.5178,-0.6388],[98.5209,-0.6355],[98.5209,-0.6202],[98.5139,-0.6115],[98.5138,-0.605],[98.5118,-0.6003],[98.5061,-0.5958],[98.5025,-0.595]]],[[[98.4785,-0.5453],[98.4715,-0.5555],[98.4667,-0.5742],[98.4698,-0.574],[98.4778,-0.5683],[98.4851,-0.5573],[98.4854,-0.5523],[98.4885,-0.5506],[98.4905,-0.5507],[98.4923,-0.5537],[98.4893,-0.5586],[98.488,-0.5686],[98.491,-0.5722],[98.493,-0.5723],[98.4982,-0.5677],[98.5073,-0.5521],[98.5061,-0.5419],[98.4999,-0.538],[98.4968,-0.532],[98.4832,-0.5196],[98.4812,-0.5156],[98.4837,-0.5117],[98.4831,-0.5096],[98.4854,-0.5075],[98.4942,-0.5048],[98.4995,-0.4982],[98.5057,-0.4939],[98.5052,-0.4821],[98.5086,-0.4783],[98.5086,-0.4738],[98.5071,-0.468],[98.5045,-0.4645],[98.503,-0.4519],[98.5045,-0.4452],[98.5086,-0.439],[98.5077,-0.4336],[98.5049,-0.43],[98.5076,-0.4254],[98.5107,-0.4261],[98.5113,-0.4195],[98.5144,-0.4142],[98.5127,-0.408],[98.5,-0.3973],[98.5038,-0.388],[98.5058,-0.3966],[98.5074,-0.3972],[98.5103,-0.3924],[98.5156,-0.3962],[98.5137,-0.3903],[98.5222,-0.3789],[98.5181,-0.3776],[98.514,-0.3834],[98.5127,-0.3801],[98.5156,-0.3787],[98.515,-0.3745],[98.5104,-0.3712],[98.5126,-0.3707],[98.5169,-0.3757],[98.5197,-0.3763],[98.5236,-0.3742],[98.5244,-0.372],[98.5214,-0.366],[98.5224,-0.3599],[98.5175,-0.3521],[98.5156,-0.3517],[98.5157,-0.3483],[98.509,-0.3465],[98.5073,-0.3451],[98.5061,-0.3397],[98.5013,-0.3369],[98.4993,-0.3226],[98.492,-0.3141],[98.4934,-0.3101],[98.4906,-0.3014],[98.4765,-0.2899],[98.473,-0.2827],[98.4671,-0.2786],[98.4655,-0.2737],[98.4622,-0.2716],[98.4594,-0.2655],[98.4523,-0.2628],[98.4464,-0.2568],[98.4504,-0.2573],[98.4514,-0.2556],[98.4489,-0.2518],[98.445,-0.2501],[98.4474,-0.2475],[98.4409,-0.2455],[98.4296,-0.2503],[98.4236,-0.2432],[98.4168,-0.2407],[98.4134,-0.2428],[98.4132,-0.2448],[98.4163,-0.2509],[98.4244,-0.2576],[98.4249,-0.2619],[98.4231,-0.2632],[98.4288,-0.268],[98.4302,-0.278],[98.4351,-0.2826],[98.4401,-0.2839],[98.4416,-0.2901],[98.4408,-0.3008],[98.439,-0.3049],[98.4338,-0.3068],[98.4344,-0.3088],[98.4326,-0.3119],[98.4264,-0.3123],[98.4236,-0.3168],[98.4162,-0.3174],[98.4136,-0.3127],[98.4086,-0.3136],[98.4058,-0.3206],[98.3998,-0.3231],[98.3956,-0.3291],[98.3954,-0.335],[98.3932,-0.34],[98.3916,-0.3384],[98.3883,-0.3389],[98.3866,-0.3419],[98.3839,-0.3426],[98.384,-0.3493],[98.3815,-0.3554],[98.3825,-0.3696],[98.3724,-0.3815],[98.3744,-0.3891],[98.3743,-0.3992],[98.3776,-0.4043],[98.378,-0.408],[98.3781,-0.4431],[98.3748,-0.4615],[98.3716,-0.4669],[98.3649,-0.4653],[98.3549,-0.4706],[98.3559,-0.4759],[98.3525,-0.4781],[98.3522,-0.4801],[98.355,-0.4881],[98.3526,-0.4893],[98.3521,-0.4967],[98.344,-0.4978],[98.3484,-0.4996],[98.3461,-0.5018],[98.345,-0.5099],[98.3493,-0.514],[98.3452,-0.5189],[98.3365,-0.5227],[98.3266,-0.522],[98.3236,-0.512],[98.3243,-0.5088],[98.3225,-0.5074],[98.3176,-0.5089],[98.3161,-0.5125],[98.3044,-0.5132],[98.2876,-0.5215],[98.2905,-0.5257],[98.2986,-0.5301],[98.3137,-0.5293],[98.3262,-0.5318],[98.3348,-0.5397],[98.349,-0.5423],[98.3521,-0.5456],[98.3604,-0.5459],[98.3797,-0.5574],[98.3949,-0.5635],[98.4108,-0.5796],[98.4148,-0.5859],[98.4145,-0.5959],[98.4176,-0.598],[98.4211,-0.5967],[98.4257,-0.5918],[98.4263,-0.589],[98.4256,-0.5764],[98.4237,-0.57],[98.4163,-0.5677],[98.4156,-0.5653],[98.417,-0.5543],[98.4236,-0.5443],[98.4374,-0.538],[98.4419,-0.5375],[98.4463,-0.5393],[98.4497,-0.545],[98.4522,-0.5451],[98.4617,-0.5414],[98.4653,-0.5349],[98.4702,-0.5315],[98.4743,-0.5325],[98.4792,-0.5375],[98.4785,-0.5453]]],[[[98.5032,-0.5302],[98.4995,-0.5302],[98.5017,-0.534],[98.5055,-0.5327],[98.5032,-0.5302]]],[[[98.5251,-0.4944],[98.5229,-0.4929],[98.5194,-0.4943],[98.5166,-0.4991],[98.5171,-0.5018],[98.5209,-0.5016],[98.525,-0.4967],[98.5251,-0.4944]]],[[[98.5178,-0.4793],[98.5188,-0.4793],[98.519,-0.4755],[98.5176,-0.4762],[98.5178,-0.4793]]],[[[98.5174,-0.4556],[98.5161,-0.4546],[98.5143,-0.4558],[98.5155,-0.4574],[98.5174,-0.4556]]],[[[98.537,-0.3943],[98.5335,-0.3915],[98.5326,-0.3938],[98.5356,-0.397],[98.537,-0.3943]]],[[[98.5106,-0.3338],[98.5083,-0.3363],[98.5098,-0.3396],[98.5123,-0.3405],[98.5144,-0.3369],[98.5106,-0.3338]]],[[[98.3344,-0.1103],[98.3338,-0.106],[98.3356,-0.1024],[98.3386,-0.1018],[98.3393,-0.1],[98.333,-0.0926],[98.3261,-0.0918],[98.3234,-0.0971],[98.3238,-0.0992],[98.3211,-0.0988],[98.3183,-0.1035],[98.3224,-0.1132],[98.3194,-0.1172],[98.3203,-0.1253],[98.3261,-0.1324],[98.3402,-0.138],[98.3442,-0.1421],[98.3473,-0.1427],[98.3466,-0.1401],[98.3429,-0.1383],[98.3417,-0.1309],[98.3366,-0.1291],[98.3356,-0.1257],[98.3369,-0.1215],[98.3344,-0.1103]]],[[[98.3136,-0.0954],[98.3028,-0.0964],[98.3015,-0.0999],[98.3046,-0.1086],[98.3042,-0.1119],[98.3086,-0.1166],[98.3159,-0.1166],[98.3214,-0.1141],[98.3166,-0.1049],[98.3162,-0.0971],[98.3136,-0.0954]]],[[[98.2193,-0.1037],[98.2237,-0.111],[98.2284,-0.1093],[98.2287,-0.104],[98.2259,-0.1008],[98.2213,-0.101],[98.2193,-0.1037]]],[[[98.1852,-0.1367],[98.1857,-0.1417],[98.1876,-0.1434],[98.1896,-0.1429],[98.1963,-0.1355],[98.2033,-0.1322],[98.2055,-0.1295],[98.2078,-0.122],[98.207,-0.1141],[98.199,-0.1069],[98.1823,-0.118],[98.1832,-0.1322],[98.1852,-0.1367]]],[[[97.8994,-0.0941],[97.8922,-0.081],[97.8893,-0.0611],[97.872,-0.0627],[97.8605,-0.0612],[97.8371,-0.0642],[97.8377,-0.0696],[97.845,-0.0781],[97.8559,-0.0801],[97.8557,-0.0836],[97.8525,-0.0837],[97.8545,-0.0891],[97.857,-0.0913],[97.8633,-0.0929],[97.867,-0.0919],[97.8762,-0.0961],[97.8777,-0.1005],[97.8833,-0.1046],[97.8885,-0.1062],[97.896,-0.1025],[97.8988,-0.1006],[97.8994,-0.0941]]],[[[98.2836,-0.1085],[98.2854,-0.1098],[98.2888,-0.1041],[98.2886,-0.0986],[98.2835,-0.0985],[98.2808,-0.1002],[98.2811,-0.1053],[98.2836,-0.1085]]],[[[98.2623,-0.0918],[98.259,-0.0949],[98.2601,-0.1009],[98.2638,-0.1005],[98.2645,-0.0988],[98.2651,-0.0937],[98.2623,-0.0918]]],[[[98.3054,-0.0887],[98.3043,-0.0886],[98.3034,-0.0945],[98.3122,-0.0936],[98.3112,-0.09],[98.3054,-0.0887]]],[[[98.2858,-0.0933],[98.2908,-0.08],[98.2834,-0.0535],[98.2845,-0.0482],[98.2733,-0.0323],[98.2699,-0.0332],[98.2643,-0.0384],[98.2663,-0.0475],[98.2631,-0.058],[98.267,-0.0685],[98.2762,-0.077],[98.2821,-0.0865],[98.2822,-0.0931],[98.2858,-0.0933]]],[[[98.4113,-0.3084],[98.4075,-0.307],[98.4082,-0.3126],[98.4107,-0.3113],[98.4113,-0.3084]]],[[[98.5708,-0.3304],[98.5721,-0.332],[98.5702,-0.3324],[98.5707,-0.3339],[98.5735,-0.3355],[98.5778,-0.3351],[98.5796,-0.3324],[98.5786,-0.3274],[98.5764,-0.3256],[98.5761,-0.3292],[98.5708,-0.3304]]],[[[98.5419,-0.2438],[98.5264,-0.2317],[98.5207,-0.2314],[98.5203,-0.2294],[98.5233,-0.2271],[98.5191,-0.2271],[98.5166,-0.2292],[98.5142,-0.2269],[98.511,-0.2278],[98.5138,-0.2253],[98.519,-0.2245],[98.5197,-0.2218],[98.5093,-0.2236],[98.508,-0.215],[98.5042,-0.2149],[98.4931,-0.2097],[98.4928,-0.2033],[98.4954,-0.2025],[98.4967,-0.1984],[98.4929,-0.1931],[98.4955,-0.1924],[98.4958,-0.1891],[98.4908,-0.1864],[98.4918,-0.1847],[98.4903,-0.1819],[98.4866,-0.18],[98.4855,-0.1734],[98.4821,-0.1698],[98.4839,-0.1681],[98.4819,-0.1648],[98.4848,-0.163],[98.4851,-0.1607],[98.4811,-0.1576],[98.4786,-0.1576],[98.4779,-0.1506],[98.4751,-0.1475],[98.4771,-0.1472],[98.4804,-0.1412],[98.4879,-0.1375],[98.4872,-0.1354],[98.4796,-0.1352],[98.4844,-0.1297],[98.4838,-0.1231],[98.4779,-0.1205],[98.477,-0.1147],[98.471,-0.1117],[98.4685,-0.1078],[98.4703,-0.0926],[98.4613,-0.0862],[98.4587,-0.0858],[98.4569,-0.0883],[98.458,-0.0856],[98.4555,-0.0795],[98.4459,-0.0735],[98.4466,-0.072],[98.4439,-0.0679],[98.4457,-0.0659],[98.4423,-0.0576],[98.4374,-0.0541],[98.4366,-0.0489],[98.4242,-0.0365],[98.4227,-0.0331],[98.4215,-0.0324],[98.4187,-0.0373],[98.4186,-0.0271],[98.4147,-0.0196],[98.418,-0.0094],[98.418,-0.0048],[98.4153,0.0021],[98.4115,0.0016],[98.4084,-0.0028],[98.403,-0.0054],[98.3959,-0.0143],[98.3948,-0.0074],[98.391,-0.0047],[98.392,0.0045],[98.3901,0.0057],[98.3788,0.0073],[98.3768,0.0025],[98.3704,-0.0002],[98.3598,0.0019],[98.3535,0.0061],[98.3412,0.0022],[98.3337,-0.0022],[98.3302,-0.0077],[98.3247,-0.0092],[98.3213,-0.0142],[98.3039,-0.0147],[98.2941,-0.0193],[98.2957,-0.0226],[98.2982,-0.0236],[98.3055,-0.0236],[98.313,-0.0258],[98.319,-0.0321],[98.3278,-0.0295],[98.3266,-0.0345],[98.3291,-0.0361],[98.3384,-0.035],[98.3422,-0.0329],[98.3444,-0.0395],[98.3495,-0.0413],[98.3516,-0.0474],[98.3623,-0.0587],[98.3622,-0.0647],[98.3699,-0.0814],[98.3699,-0.0857],[98.3769,-0.0999],[98.381,-0.1046],[98.3785,-0.1095],[98.3771,-0.1098],[98.3751,-0.107],[98.3776,-0.1058],[98.3726,-0.1045],[98.3721,-0.1028],[98.3693,-0.1029],[98.3675,-0.1039],[98.3681,-0.1078],[98.3745,-0.1153],[98.3852,-0.1211],[98.3882,-0.1265],[98.3895,-0.1371],[98.3933,-0.1402],[98.3986,-0.1414],[98.4016,-0.1506],[98.4135,-0.1584],[98.4139,-0.1675],[98.4199,-0.168],[98.4229,-0.1707],[98.4254,-0.1768],[98.4236,-0.1791],[98.4236,-0.1844],[98.4319,-0.1846],[98.4348,-0.1892],[98.4358,-0.193],[98.4331,-0.1942],[98.4306,-0.1993],[98.4351,-0.2099],[98.4424,-0.2183],[98.4495,-0.2226],[98.4502,-0.2287],[98.4562,-0.2294],[98.454,-0.2314],[98.4546,-0.2329],[98.4696,-0.2495],[98.4767,-0.2648],[98.4968,-0.2888],[98.5006,-0.2891],[98.5012,-0.2931],[98.5071,-0.2979],[98.5035,-0.3083],[98.5097,-0.3134],[98.5116,-0.3214],[98.5201,-0.3228],[98.5272,-0.3325],[98.5237,-0.336],[98.5317,-0.3494],[98.536,-0.3529],[98.538,-0.3636],[98.5423,-0.3671],[98.544,-0.3753],[98.548,-0.3828],[98.5474,-0.386],[98.549,-0.3901],[98.551,-0.392],[98.5539,-0.392],[98.5591,-0.3884],[98.5585,-0.3796],[98.5543,-0.3735],[98.5448,-0.3662],[98.5452,-0.3541],[98.5415,-0.3481],[98.5461,-0.3421],[98.5496,-0.3416],[98.5529,-0.3326],[98.5589,-0.3307],[98.5662,-0.3317],[98.5685,-0.3297],[98.5697,-0.3242],[98.5665,-0.3145],[98.5684,-0.3092],[98.5702,-0.3119],[98.5717,-0.3115],[98.5706,-0.3035],[98.5722,-0.3026],[98.5734,-0.2929],[98.5716,-0.2926],[98.5694,-0.2974],[98.5709,-0.2917],[98.5723,-0.2905],[98.5733,-0.2798],[98.568,-0.2773],[98.5665,-0.2711],[98.5628,-0.2697],[98.5577,-0.2569],[98.5541,-0.2567],[98.5532,-0.253],[98.5491,-0.2499],[98.5493,-0.2482],[98.5419,-0.2438]]],[[[98.4949,-0.3149],[98.4969,-0.3149],[98.4977,-0.3129],[98.4955,-0.311],[98.4938,-0.3137],[98.4949,-0.3149]]],[[[98.4916,-0.2858],[98.4877,-0.2832],[98.4861,-0.2834],[98.4929,-0.2914],[98.4916,-0.2858]]],[[[98.4677,-0.2778],[98.4697,-0.2778],[98.4691,-0.2764],[98.4677,-0.2759],[98.4677,-0.2778]]],[[[98.381,-0.264],[98.3814,-0.2694],[98.3865,-0.2755],[98.3899,-0.2772],[98.3881,-0.2671],[98.3893,-0.2638],[98.3829,-0.2601],[98.381,-0.264]]],[[[98.4037,-0.2353],[98.4072,-0.2357],[98.4093,-0.2345],[98.4093,-0.2328],[98.3981,-0.2315],[98.4016,-0.2335],[98.4037,-0.2353]]],[[[98.3857,-0.2119],[98.3832,-0.2148],[98.3842,-0.216],[98.3887,-0.2152],[98.3886,-0.2122],[98.3857,-0.2119]]],[[[98.3731,-0.1984],[98.3741,-0.1969],[98.3711,-0.1957],[98.3715,-0.1977],[98.3731,-0.1984]]],[[[98.412,-0.171],[98.4128,-0.1695],[98.4116,-0.1691],[98.4081,-0.1714],[98.4107,-0.1724],[98.412,-0.171]]],[[[98.5295,-0.2242],[98.5313,-0.2254],[98.5311,-0.229],[98.5351,-0.2306],[98.5321,-0.2234],[98.5295,-0.2242]]],[[[98.5166,-0.1411],[98.5211,-0.1436],[98.5223,-0.1464],[98.5275,-0.1478],[98.527,-0.1421],[98.5191,-0.1391],[98.5167,-0.1359],[98.5147,-0.136],[98.5166,-0.1411]]],[[[98.5149,-0.1114],[98.5141,-0.1087],[98.511,-0.1093],[98.5108,-0.1115],[98.5147,-0.1156],[98.5149,-0.1114]]],[[[98.4959,-0.1149],[98.4981,-0.1145],[98.4965,-0.1121],[98.4929,-0.112],[98.4933,-0.1086],[98.4903,-0.1],[98.4876,-0.0985],[98.4861,-0.1029],[98.4885,-0.1096],[98.4917,-0.1111],[98.4933,-0.1151],[98.4959,-0.1149]]],[[[98.4785,-0.1147],[98.4794,-0.1205],[98.4845,-0.1223],[98.4845,-0.1182],[98.4864,-0.1166],[98.486,-0.1116],[98.4788,-0.1037],[98.4765,-0.1032],[98.4769,-0.0997],[98.4739,-0.0992],[98.4708,-0.1014],[98.4699,-0.1065],[98.472,-0.1108],[98.4785,-0.1147]]],[[[98.3606,-0.0954],[98.361,-0.0931],[98.3591,-0.093],[98.3589,-0.0941],[98.3606,-0.0954]]],[[[98.3496,-0.081],[98.3486,-0.0795],[98.3476,-0.0801],[98.348,-0.0813],[98.3496,-0.081]]],[[[98.3617,-0.0746],[98.3611,-0.0724],[98.3578,-0.0734],[98.358,-0.0761],[98.3619,-0.0771],[98.3617,-0.0746]]],[[[98.4519,-0.0195],[98.4499,-0.0185],[98.4521,-0.0233],[98.4526,-0.022],[98.4519,-0.0195]]],[[[98.4603,0.0344],[98.4565,0.0392],[98.4553,0.038],[98.457,0.0306],[98.4603,0.028],[98.4603,0.0301],[98.4603,0.0344]]],[[[98.3189,-0.0497],[98.3115,-0.0464],[98.312,-0.053],[98.313,-0.0548],[98.3155,-0.0548],[98.3147,-0.0576],[98.3173,-0.0579],[98.3176,-0.0628],[98.3204,-0.0623],[98.3215,-0.0632],[98.3205,-0.0645],[98.3179,-0.0645],[98.3137,-0.0678],[98.3114,-0.0643],[98.3118,-0.0622],[98.3092,-0.0636],[98.3056,-0.0625],[98.3061,-0.0602],[98.3048,-0.0594],[98.3019,-0.0611],[98.297,-0.0588],[98.2955,-0.0709],[98.2978,-0.0726],[98.3041,-0.0725],[98.3083,-0.0781],[98.3162,-0.0801],[98.3248,-0.0903],[98.3322,-0.0898],[98.3362,-0.0929],[98.3481,-0.0973],[98.3493,-0.0936],[98.3573,-0.0894],[98.3568,-0.0878],[98.3519,-0.0828],[98.3481,-0.0836],[98.3454,-0.081],[98.3463,-0.0722],[98.3412,-0.0748],[98.3441,-0.0712],[98.3436,-0.067],[98.3368,-0.0683],[98.3311,-0.0732],[98.3323,-0.0601],[98.3262,-0.0629],[98.3237,-0.0621],[98.3275,-0.0534],[98.3239,-0.051],[98.3197,-0.0513],[98.3189,-0.0497]]],[[[98.2147,0.0236],[98.2113,0.0238],[98.2117,0.0212],[98.2151,0.0186],[98.2172,0.0189],[98.2186,0.0227],[98.2147,0.0236]]],[[[98.2598,-0.0367],[98.2555,-0.0359],[98.2547,-0.0412],[98.2568,-0.0424],[98.2598,-0.0367]]],[[[98.5263,-0.0313],[98.5247,-0.0317],[98.5275,-0.0383],[98.5257,-0.0557],[98.5459,-0.0713],[98.5445,-0.0646],[98.5464,-0.0624],[98.5386,-0.0606],[98.5362,-0.057],[98.5329,-0.0389],[98.5297,-0.0324],[98.5263,-0.0313]]],[[[98.5022,-0.0567],[98.5041,-0.0519],[98.5063,-0.0509],[98.5028,-0.0432],[98.5025,-0.0379],[98.4999,-0.0368],[98.5008,-0.0353],[98.4984,-0.0316],[98.492,-0.0282],[98.4863,-0.0357],[98.4885,-0.0494],[98.4933,-0.0649],[98.4997,-0.0707],[98.5029,-0.0682],[98.5043,-0.0563],[98.5022,-0.0567]]],[[[98.9278,0.0544],[98.9285,0.048],[98.9317,0.0461],[98.9308,0.0511],[98.9278,0.0544]]],[[[98.6347,0.0734],[98.6293,0.0688],[98.6282,0.0647],[98.639,0.0686],[98.6395,0.0732],[98.6347,0.0734]]],[[[98.8964,0.0876],[98.8981,0.0885],[98.8968,0.0919],[98.894,0.0909],[98.8949,0.0876],[98.8964,0.0876]]],[[[98.8594,0.1159],[98.8571,0.1173],[98.8562,0.1173],[98.8581,0.1143],[98.8594,0.1159]]],[[[98.681,0.0767],[98.6855,0.0791],[98.6911,0.0752],[98.6989,0.0762],[98.7056,0.0799],[98.7264,0.076],[98.7315,0.0721],[98.7429,0.0767],[98.7492,0.0754],[98.749,0.071],[98.7617,0.0794],[98.7672,0.0806],[98.7687,0.0795],[98.77,0.0834],[98.7687,0.0885],[98.7788,0.0953],[98.7832,0.0963],[98.7887,0.0962],[98.7967,0.089],[98.8007,0.0914],[98.8087,0.0895],[98.8139,0.0924],[98.8184,0.0918],[98.8236,0.0852],[98.8286,0.0835],[98.8309,0.0792],[98.8324,0.0807],[98.854,0.0807],[98.8481,0.0843],[98.8461,0.0891],[98.8462,0.0912],[98.8538,0.0977],[98.8523,0.1068],[98.8545,0.1156],[98.8423,0.1346],[98.8363,0.1392],[98.8309,0.1401],[98.8207,0.1532],[98.8044,0.1662],[98.8015,0.1666],[98.8004,0.1703],[98.7925,0.1722],[98.792,0.1687],[98.7889,0.1663],[98.7788,0.1702],[98.7757,0.1746],[98.7744,0.1718],[98.7692,0.1709],[98.7634,0.1662],[98.762,0.1619],[98.7546,0.1608],[98.754,0.156],[98.7517,0.1564],[98.7492,0.16],[98.7422,0.165],[98.7397,0.1652],[98.7334,0.1594],[98.7282,0.1605],[98.7227,0.1572],[98.7152,0.1614],[98.7132,0.1604],[98.7134,0.1685],[98.7107,0.1729],[98.7124,0.173],[98.7126,0.1758],[98.7123,0.1772],[98.7088,0.1783],[98.7048,0.1776],[98.7013,0.1748],[98.6847,0.1729],[98.6806,0.1685],[98.6722,0.1727],[98.6697,0.1718],[98.6687,0.1693],[98.6668,0.1716],[98.6626,0.1724],[98.6617,0.1748],[98.6582,0.1757],[98.6519,0.1741],[98.646,0.1763],[98.639,0.1763],[98.6376,0.1748],[98.6351,0.1764],[98.6199,0.174],[98.6168,0.1766],[98.6155,0.1808],[98.6104,0.1813],[98.6087,0.1798],[98.598,0.179],[98.5928,0.1751],[98.5817,0.1736],[98.5745,0.1759],[98.5663,0.1735],[98.5597,0.1679],[98.5558,0.1619],[98.55,0.1609],[98.5487,0.1571],[98.5427,0.1516],[98.5395,0.151],[98.5369,0.1474],[98.5279,0.1447],[98.5253,0.1408],[98.5263,0.133],[98.531,0.1265],[98.5304,0.1168],[98.5356,0.103],[98.5371,0.1012],[98.5426,0.1014],[98.5469,0.0993],[98.549,0.095],[98.5553,0.0908],[98.5583,0.0909],[98.5651,0.0967],[98.5696,0.0967],[98.5726,0.0944],[98.576,0.0957],[98.5798,0.0932],[98.5862,0.0939],[98.5891,0.0897],[98.5929,0.0894],[98.596,0.0895],[98.5984,0.0926],[98.6024,0.0935],[98.6066,0.0898],[98.611,0.0894],[98.6163,0.0839],[98.624,0.0842],[98.6264,0.0866],[98.6277,0.0823],[98.6341,0.0795],[98.6383,0.0795],[98.6432,0.0818],[98.6484,0.0775],[98.6509,0.0779],[98.654,0.0732],[98.6653,0.0737],[98.6671,0.0769],[98.6734,0.081],[98.679,0.0763],[98.681,0.0767]]],[[[98.7897,0.1717],[98.7874,0.1751],[98.7866,0.1724],[98.7897,0.1697],[98.7897,0.1717]]],[[[98.2593,-0.0269],[98.2571,-0.0242],[98.2554,-0.0245],[98.2549,-0.0277],[98.2574,-0.0289],[98.2593,-0.0269]]],[[[98.2256,-0.0047],[98.2329,0.0017],[98.2346,0.0072],[98.2286,0.009],[98.2215,0.0068],[98.2169,0.002],[98.2162,-0.0043],[98.2188,-0.0092],[98.2215,-0.0092],[98.2256,-0.0047]]],[[[98.2542,0.0124],[98.2451,0.0027],[98.2459,-0.0007],[98.2491,-0.0008],[98.2524,0.0029],[98.2638,0.0081],[98.2661,0.0114],[98.2631,0.0148],[98.2542,0.0124]]],[[[98.2999,0.0532],[98.2955,0.0528],[98.2931,0.0499],[98.3008,0.0481],[98.3019,0.0511],[98.2999,0.0532]]],[[[98.23,0.0545],[98.2336,0.0512],[98.2371,0.0516],[98.2403,0.0545],[98.2399,0.0588],[98.2363,0.0617],[98.2278,0.0638],[98.2266,0.0619],[98.23,0.0545]]],[[[98.2154,0.0555],[98.2121,0.0548],[98.2115,0.0501],[98.2128,0.0492],[98.2164,0.0536],[98.2154,0.0555]]],[[[97.5588,0.9104],[97.5544,0.9051],[97.5522,0.9051],[97.5518,0.9031],[97.5492,0.9027],[97.5478,0.8981],[97.5518,0.8939],[97.5458,0.8917],[97.5448,0.8872],[97.5475,0.888],[97.5507,0.8868],[97.5563,0.881],[97.5578,0.8787],[97.5563,0.8701],[97.5586,0.8664],[97.5777,0.8564],[97.6024,0.8388],[97.6033,0.8238],[97.606,0.8138],[97.6089,0.8167],[97.6163,0.8137],[97.6272,0.8052],[97.633,0.7975],[97.6332,0.7923],[97.6295,0.7894],[97.6388,0.7797],[97.6414,0.7666],[97.6355,0.7609],[97.6368,0.7586],[97.646,0.7585],[97.6483,0.7515],[97.6547,0.7438],[97.6553,0.7382],[97.6496,0.733],[97.6559,0.7252],[97.6522,0.7141],[97.6586,0.7132],[97.6661,0.7008],[97.6681,0.6869],[97.6627,0.6831],[97.6613,0.6772],[97.6666,0.6696],[97.6674,0.6618],[97.6709,0.659],[97.6805,0.641],[97.684,0.6382],[97.6934,0.6244],[97.6956,0.6172],[97.6942,0.6021],[97.6905,0.5981],[97.6875,0.5997],[97.6841,0.5985],[97.6828,0.5913],[97.6838,0.5849],[97.6949,0.5762],[97.7011,0.5652],[97.7105,0.5613],[97.7211,0.5666],[97.7289,0.5671],[97.7322,0.5706],[97.7325,0.5782],[97.7345,0.5807],[97.7422,0.58],[97.745,0.5764],[97.7443,0.5739],[97.7479,0.5645],[97.7409,0.5595],[97.744,0.5537],[97.7477,0.5555],[97.7547,0.5539],[97.7669,0.5576],[97.7678,0.5612],[97.7719,0.5657],[97.7707,0.5718],[97.7757,0.5791],[97.7806,0.5801],[97.7861,0.5765],[97.7864,0.5669],[97.7889,0.5645],[97.7855,0.5629],[97.7838,0.5664],[97.7806,0.5678],[97.7789,0.5638],[97.7809,0.5531],[97.7865,0.5533],[97.7892,0.5563],[97.7872,0.5587],[97.7926,0.5618],[97.7956,0.5594],[97.7937,0.5564],[97.7944,0.5518],[97.7978,0.5504],[97.7998,0.5525],[97.798,0.5558],[97.7989,0.5578],[97.8038,0.5596],[97.8091,0.5492],[97.8149,0.5452],[97.8216,0.5432],[97.828,0.5456],[97.8216,0.5532],[97.8216,0.5553],[97.8202,0.5548],[97.8184,0.5576],[97.821,0.5627],[97.8197,0.5677],[97.8297,0.5648],[97.8323,0.5655],[97.8291,0.5601],[97.8367,0.5584],[97.8381,0.5624],[97.8367,0.5702],[97.8454,0.5741],[97.8527,0.5883],[97.8587,0.5939],[97.8626,0.5953],[97.8688,0.599],[97.8786,0.6012],[97.8854,0.6074],[97.8909,0.6199],[97.8987,0.6234],[97.9006,0.6262],[97.9002,0.63],[97.8952,0.6385],[97.896,0.6442],[97.893,0.6544],[97.8932,0.6632],[97.8961,0.6681],[97.8936,0.6758],[97.8981,0.6916],[97.8931,0.7044],[97.8977,0.714],[97.8914,0.7248],[97.8942,0.7366],[97.8929,0.7386],[97.8884,0.7391],[97.887,0.7428],[97.8878,0.7465],[97.8915,0.7505],[97.891,0.7532],[97.8934,0.7582],[97.8904,0.7619],[97.8908,0.7668],[97.9119,0.7986],[97.9115,0.8026],[97.9083,0.8029],[97.9076,0.8047],[97.9099,0.8151],[97.8971,0.8217],[97.8949,0.8265],[97.8981,0.8354],[97.8969,0.837],[97.8979,0.8385],[97.8943,0.8423],[97.8977,0.8502],[97.895,0.8572],[97.9039,0.8778],[97.9017,0.8847],[97.8973,0.8837],[97.8926,0.8851],[97.8911,0.8889],[97.8889,0.8883],[97.8854,0.8905],[97.8768,0.8893],[97.874,0.8859],[97.8663,0.8904],[97.8572,0.8846],[97.8443,0.9163],[97.8489,0.9316],[97.833,0.9307],[97.8259,0.926],[97.8159,0.9245],[97.8119,0.9198],[97.8097,0.9198],[97.7985,0.9249],[97.795,0.9316],[97.7913,0.9343],[97.7833,0.9327],[97.7757,0.9369],[97.7667,0.9351],[97.7609,0.9393],[97.7571,0.9455],[97.7513,0.9502],[97.7318,0.9477],[97.7183,0.9408],[97.6945,0.9328],[97.6919,0.9699],[97.6889,0.9835],[97.69,0.9862],[97.6888,0.9935],[97.6909,0.9965],[97.6851,1.0033],[97.6849,1.0069],[97.6715,1.0028],[97.6687,0.9992],[97.6612,0.9985],[97.6611,0.9975],[97.6574,1.0024],[97.6559,1.0024],[97.6566,1.0039],[97.6542,1.0042],[97.6531,1.0083],[97.6507,1.0077],[97.6499,1.0058],[97.6505,1.0008],[97.6485,1.001],[97.6422,1.0081],[97.639,1.0086],[97.6363,1.0129],[97.6282,1.0139],[97.6228,1.0205],[97.6224,1.0234],[97.618,1.0275],[97.6049,1.0329],[97.5901,1.0348],[97.5963,1.0206],[97.5807,1.0066],[97.552,1.0007],[97.5456,1.0028],[97.5366,1.0085],[97.5353,0.994],[97.5372,0.9791],[97.5405,0.9729],[97.549,0.9641],[97.5437,0.956],[97.5479,0.9472],[97.5407,0.9442],[97.5417,0.9402],[97.5407,0.9383],[97.5455,0.9334],[97.5511,0.9308],[97.5608,0.9329],[97.5671,0.9247],[97.5616,0.9177],[97.5616,0.911],[97.5588,0.9104]]]]},"properties":{"GID_2":"IDN.32.18_1","GID_0":"IDN","COUNTRY":"Indonesia","GID_1":"IDN.32_1","NAME_1":"SumateraUtara","NL_NAME_1":"NA","NAME_2":"NiasSelatan","VARNAME_2":"NA","NL_NAME_2":"NA","TYPE_2":"Kabupaten","ENGTYPE_2":"Regency","CC_2":"1214","HASC_2":"ID.SU.NS","Data Indek":"Sumatera Utara","Data Ind_1":3,"Data Ind_2":"(0)","Data Ind_3":16.2,"Data Ind_4":156.9,"Data Ind_5":44056,"Data Ind_6":26.75,"Data Ind_7":39,"Data Ind_8":95.95,"Data Ind_9":84.6,"Data Ind10":0.01,"Data Ind11":"Tinggi"}},
{"type":"Feature","geometry":{"type":"MultiPolygon","coordinates":[[[[97.5213,1.4234],[97.5108,1.4357],[97.5093,1.4447],[97.5074,1.4465],[97.5004,1.4469],[97.4957,1.4492],[97.4932,1.4553],[97.4938,1.4595],[97.4888,1.4726],[97.4834,1.4789],[97.4721,1.4794],[97.4675,1.4728],[97.4592,1.4704],[97.4416,1.4725],[97.4342,1.484],[97.4325,1.4999],[97.4268,1.5093],[97.424,1.5112],[97.4244,1.5156],[97.4223,1.5178],[97.4134,1.5225],[97.4105,1.5163],[97.4106,1.5034],[97.4047,1.4993],[97.3952,1.4994],[97.3913,1.5016],[97.3911,1.504],[97.3884,1.5057],[97.3874,1.5032],[97.3859,1.5036],[97.3861,1.5066],[97.3829,1.508],[97.3873,1.51],[97.3882,1.5083],[97.3893,1.509],[97.383,1.5134],[97.3785,1.5133],[97.3789,1.5116],[97.3768,1.5092],[97.3735,1.5162],[97.3757,1.5155],[97.3774,1.5171],[97.378,1.5221],[97.3722,1.5259],[97.3692,1.5311],[97.3534,1.5411],[97.3502,1.5415],[97.3387,1.536],[97.3361,1.5323],[97.3346,1.5241],[97.3435,1.5101],[97.3515,1.5034],[97.3499,1.5],[97.3515,1.496],[97.3486,1.4933],[97.3489,1.4891],[97.3451,1.4808],[97.3368,1.4724],[97.3327,1.4715],[97.33,1.4737],[97.319,1.461],[97.3106,1.4546],[97.2921,1.4475],[97.2904,1.449],[97.2857,1.4291],[97.2817,1.4233],[97.2755,1.4185],[97.2679,1.4161],[97.2613,1.4199],[97.2527,1.4117],[97.2435,1.4089],[97.2393,1.4103],[97.2399,1.4075],[97.2327,1.4127],[97.2283,1.4123],[97.2209,1.4053],[97.2071,1.4011],[97.2006,1.4019],[97.2003,1.4066],[97.193,1.4098],[97.1935,1.4135],[97.1962,1.4154],[97.1959,1.4175],[97.1938,1.4187],[97.1888,1.418],[97.1843,1.4157],[97.1773,1.4088],[97.1792,1.406],[97.1837,1.4072],[97.1884,1.4062],[97.1834,1.4042],[97.1841,1.3992],[97.1825,1.3995],[97.1816,1.397],[97.1789,1.3957],[97.1796,1.4016],[97.1783,1.4025],[97.1762,1.3982],[97.1714,1.3954],[97.1722,1.3969],[97.1715,1.3973],[97.1702,1.3959],[97.17,1.4012],[97.1737,1.4049],[97.1736,1.4075],[97.1629,1.412],[97.1587,1.4196],[97.1493,1.4221],[97.1365,1.4319],[97.1311,1.4285],[97.1297,1.4233],[97.1249,1.4285],[97.1241,1.4231],[97.1139,1.4183],[97.1063,1.4187],[97.1035,1.4215],[97.0951,1.4213],[97.0949,1.4231],[97.0921,1.4235],[97.0903,1.4197],[97.0833,1.4185],[97.0839,1.4211],[97.0823,1.4217],[97.0731,1.4177],[97.0671,1.4131],[97.0613,1.4151],[97.0591,1.4125],[97.0621,1.4047],[97.0671,1.4009],[97.0693,1.3947],[97.0737,1.3899],[97.0775,1.3909],[97.0825,1.4073],[97.0907,1.4083],[97.1005,1.4061],[97.1119,1.3989],[97.1247,1.3865],[97.1343,1.3803],[97.1401,1.3738],[97.1462,1.3703],[97.1546,1.3623],[97.1548,1.3591],[97.1602,1.3544],[97.1604,1.3507],[97.1627,1.3503],[97.167,1.3459],[97.1695,1.3376],[97.1756,1.3319],[97.1769,1.3287],[97.1843,1.3227],[97.1857,1.3164],[97.1908,1.311],[97.1957,1.2931],[97.202,1.2905],[97.208,1.2839],[97.2101,1.2779],[97.2063,1.2725],[97.2069,1.2675],[97.2095,1.2675],[97.2121,1.2725],[97.2175,1.2739],[97.2315,1.2659],[97.2327,1.2613],[97.2305,1.2583],[97.2321,1.2557],[97.2343,1.2553],[97.2369,1.2597],[97.2423,1.2611],[97.2496,1.2586],[97.2504,1.2549],[97.2481,1.2537],[97.2471,1.2503],[97.2581,1.2469],[97.2622,1.2424],[97.2633,1.2386],[97.2635,1.2313],[97.2602,1.2287],[97.2562,1.2281],[97.2573,1.2236],[97.2589,1.2226],[97.2574,1.2163],[97.2616,1.2135],[97.2655,1.214],[97.2667,1.2169],[97.2701,1.2174],[97.2755,1.2144],[97.2854,1.2044],[97.2871,1.1999],[97.2853,1.194],[97.288,1.1922],[97.2909,1.1935],[97.2928,1.1926],[97.3005,1.1808],[97.3006,1.1757],[97.2958,1.1682],[97.3009,1.1706],[97.31,1.169],[97.3201,1.1589],[97.3356,1.1352],[97.3444,1.1169],[97.3679,1.0818],[97.3695,1.0788],[97.3985,1.0928],[97.4118,1.0916],[97.4222,1.0931],[97.4323,1.0915],[97.4398,1.0959],[97.4496,1.0966],[97.4452,1.1083],[97.4451,1.1182],[97.4463,1.1192],[97.4519,1.1181],[97.4582,1.1073],[97.4716,1.0921],[97.4775,1.0874],[97.4827,1.0949],[97.4889,1.0928],[97.4866,1.1029],[97.4819,1.1073],[97.4792,1.1171],[97.4689,1.1251],[97.4706,1.1277],[97.4698,1.1369],[97.4703,1.139],[97.4841,1.1475],[97.4901,1.1561],[97.4892,1.1765],[97.4875,1.1786],[97.4893,1.2024],[97.4835,1.2142],[97.5013,1.2378],[97.4937,1.2522],[97.4937,1.2606],[97.5011,1.2687],[97.5102,1.2745],[97.4982,1.292],[97.4948,1.305],[97.4878,1.313],[97.4839,1.3266],[97.479,1.3371],[97.4707,1.3467],[97.4781,1.3715],[97.489,1.3781],[97.4864,1.3867],[97.4904,1.3898],[97.5041,1.41],[97.5213,1.4234]]],[[[97.0993,1.2131],[97.0983,1.2151],[97.0943,1.2141],[97.0987,1.2093],[97.1001,1.2011],[97.0975,1.2009],[97.0965,1.1993],[97.0951,1.2009],[97.0935,1.1993],[97.0987,1.1913],[97.1043,1.1965],[97.0993,1.2131]]],[[[97.0927,1.2321],[97.0885,1.2339],[97.0823,1.2311],[97.0827,1.2231],[97.0803,1.2163],[97.0823,1.2087],[97.0861,1.2093],[97.0841,1.2151],[97.0863,1.2217],[97.0927,1.2321]]],[[[97.1083,1.3557],[97.1113,1.3575],[97.1113,1.3605],[97.1003,1.3585],[97.1023,1.3525],[97.1063,1.3525],[97.1083,1.3557]]],[[[97.2251,1.4139],[97.2253,1.4141],[97.2253,1.4143],[97.2251,1.4139]]],[[[97.2223,1.4137],[97.2231,1.4135],[97.2235,1.4143],[97.2225,1.4145],[97.2223,1.4137]]],[[[97.2187,1.4255],[97.2153,1.4257],[97.2137,1.4235],[97.2157,1.4205],[97.2221,1.4209],[97.2221,1.4239],[97.2187,1.4255]]],[[[97.2253,1.4165],[97.2279,1.4155],[97.2285,1.4191],[97.2253,1.4191],[97.2253,1.4165]]],[[[97.2431,1.4297],[97.2427,1.4275],[97.2441,1.4273],[97.2443,1.4297],[97.2431,1.4297]]],[[[97.2289,1.4415],[97.2297,1.4397],[97.2321,1.4405],[97.2313,1.4421],[97.2289,1.4415]]],[[[97.2547,1.4545],[97.2547,1.4551],[97.2537,1.4551],[97.2545,1.4543],[97.2547,1.4545]]],[[[97.2599,1.4639],[97.2573,1.4657],[97.2537,1.4645],[97.2511,1.4615],[97.2439,1.4637],[97.2369,1.4623],[97.2341,1.4599],[97.2315,1.4529],[97.2345,1.4509],[97.2373,1.4543],[97.2415,1.4555],[97.2427,1.4597],[97.2541,1.4601],[97.2599,1.4639]]]]},"properties":{"GID_2":"IDN.32.19_1","GID_0":"IDN","COUNTRY":"Indonesia","GID_1":"IDN.32_1","NAME_1":"SumateraUtara","NL_NAME_1":"NA","NAME_2":"NiasUtara","VARNAME_2":"NA","NL_NAME_2":"NA","TYPE_2":"Kabupaten","ENGTYPE_2":"Regency","CC_2":"1224","HASC_2":"ID.SU.NU","Data Indek":"Sumatera Utara","Data Ind_1":5,"Data Ind_2":"(0)","Data Ind_3":20.8,"Data Ind_4":130.4,"Data Ind_5":19724,"Data Ind_6":25.66,"Data Ind_7":12,"Data Ind_8":96.79,"Data Ind_9":72.57,"Data Ind10":0.29,"Data Ind11":"Sangat Tinggi"}},
{"type":"Feature","geometry":{"type":"Polygon","coordinates":[[[99.8344,0.827],[99.8363,0.8201],[99.8402,0.8174],[99.8376,0.8221],[99.8415,0.8339],[99.8416,0.8486],[99.8308,0.8776],[99.8323,0.8837],[99.8407,0.8929],[99.857,0.8967],[99.8653,0.906],[99.8716,0.9074],[99.8793,0.905],[99.8818,0.9017],[99.8925,0.8969],[99.8984,0.896],[99.9008,0.8931],[99.9006,0.891],[99.9049,0.8887],[99.9411,0.8827],[99.9517,0.8793],[99.9595,0.8689],[99.9608,0.86],[99.9675,0.8507],[99.9731,0.8487],[99.9763,0.8499],[99.9838,0.845],[99.9966,0.8415],[100.0021,0.8435],[100.01,0.8403],[100.0347,0.8273],[100.0744,0.8012],[100.1197,0.7859],[100.136,0.7755],[100.1697,0.7647],[100.1837,0.7642],[100.1741,0.7719],[100.1645,0.783],[100.145,0.7937],[100.1243,0.8165],[100.1193,0.83],[100.1214,0.837],[100.129,0.8436],[100.1379,0.8441],[100.1341,0.8662],[100.1372,0.8813],[100.1426,0.8829],[100.1399,0.8922],[100.1414,0.8998],[100.135,0.9058],[100.1336,0.9003],[100.1155,0.8991],[100.1069,0.9079],[100.1078,0.9141],[100.1188,0.939],[100.1212,0.9356],[100.126,0.9339],[100.127,0.9297],[100.133,0.9255],[100.1353,0.9209],[100.1353,0.926],[100.1288,0.9308],[100.1299,0.9439],[100.1332,0.9497],[100.1439,0.9544],[100.1446,0.9616],[100.1479,0.9658],[100.1465,0.9722],[100.1475,0.9755],[100.1424,0.9777],[100.1394,0.9815],[100.1408,0.9844],[100.1435,0.986],[100.1458,0.9852],[100.1476,0.988],[100.1557,0.992],[100.1594,0.9957],[100.1625,1.0022],[100.1474,1.0118],[100.1374,1.0145],[100.1323,1.0203],[100.1389,1.0369],[100.1413,1.0581],[100.1402,1.0608],[100.1382,1.0613],[100.1298,1.0549],[100.1235,1.063],[100.1212,1.068],[100.1209,1.0737],[100.1226,1.0774],[100.1215,1.082],[100.1232,1.0941],[100.1285,1.1043],[100.1347,1.1121],[100.1418,1.1172],[100.1479,1.1191],[100.1482,1.1218],[100.1601,1.1203],[100.1704,1.1227],[100.1791,1.1175],[100.1803,1.12],[100.1831,1.1209],[100.1839,1.1245],[100.1776,1.1267],[100.1727,1.1335],[100.1661,1.1342],[100.1617,1.1494],[100.1582,1.1536],[100.1499,1.1582],[100.1434,1.1593],[100.1367,1.1664],[100.1322,1.1798],[100.1292,1.1783],[100.1302,1.1827],[100.129,1.1874],[100.1215,1.1969],[100.1164,1.1999],[100.1207,1.2134],[100.1185,1.2177],[100.1162,1.219],[100.1175,1.2285],[100.1162,1.2393],[100.1171,1.2442],[100.1219,1.2519],[100.12,1.2551],[100.1078,1.2678],[100.0744,1.2761],[100.0586,1.2984],[100.0503,1.3131],[100.0362,1.3191],[100.0294,1.3261],[100.0255,1.3357],[100.0254,1.3569],[100.0152,1.3623],[100.0108,1.3708],[100.0011,1.3803],[99.9929,1.382],[99.9714,1.3803],[99.9651,1.3772],[99.9543,1.3676],[99.9531,1.3756],[99.9545,1.3788],[99.9526,1.382],[99.9502,1.3978],[99.9432,1.4051],[99.9472,1.4155],[99.9442,1.4214],[99.9487,1.4278],[99.9469,1.4292],[99.9471,1.4321],[99.944,1.4394],[99.9282,1.4678],[99.9232,1.48],[99.9195,1.5255],[99.9174,1.5288],[99.9139,1.5271],[99.9153,1.5291],[99.9135,1.5297],[99.9156,1.531],[99.9129,1.5319],[99.9147,1.5343],[99.9082,1.5336],[99.9116,1.5349],[99.9081,1.5357],[99.9095,1.5388],[99.9035,1.5384],[99.9033,1.5427],[99.9017,1.5411],[99.898,1.5414],[99.898,1.543],[99.9023,1.5442],[99.8975,1.5487],[99.8494,1.5248],[99.8463,1.5202],[99.8444,1.5076],[99.8376,1.4976],[99.8169,1.4802],[99.7913,1.4618],[99.7436,1.4197],[99.7395,1.4203],[99.7214,1.4175],[99.7163,1.4149],[99.7104,1.4029],[99.7124,1.3998],[99.713,1.3932],[99.7043,1.385],[99.7028,1.3784],[99.7008,1.3765],[99.6963,1.3778],[99.6915,1.375],[99.6831,1.3745],[99.6774,1.3703],[99.6684,1.3604],[99.6657,1.3539],[99.6481,1.3426],[99.6397,1.3354],[99.6286,1.322],[99.6286,1.3187],[99.6261,1.315],[99.6193,1.3158],[99.61,1.3144],[99.6047,1.3121],[99.5983,1.3061],[99.584,1.3061],[99.5785,1.3045],[99.5732,1.3001],[99.5674,1.2859],[99.5624,1.2794],[99.5525,1.2796],[99.5426,1.2824],[99.5385,1.2817],[99.532,1.2734],[99.5102,1.2649],[99.5026,1.2631],[99.4752,1.2617],[99.4704,1.2575],[99.4664,1.2465],[99.4612,1.2396],[99.4522,1.2366],[99.4276,1.2332],[99.4212,1.2306],[99.419,1.2265],[99.4206,1.2169],[99.4304,1.1985],[99.4306,1.1879],[99.4325,1.1841],[99.4365,1.1809],[99.4473,1.1791],[99.4524,1.1763],[99.4616,1.1677],[99.4654,1.1595],[99.4841,1.1423],[99.5136,1.1297],[99.5267,1.1072],[99.5391,1.0974],[99.5439,1.0913],[99.5467,1.0709],[99.5608,1.0693],[99.5681,1.0656],[99.5693,1.0612],[99.5679,1.0516],[99.5695,1.0417],[99.5731,1.0333],[99.581,1.0194],[99.5939,1.0111],[99.5973,1.0064],[99.5988,0.9937],[99.5906,0.9833],[99.5893,0.9808],[99.5902,0.9773],[99.5863,0.9708],[99.5877,0.9684],[99.5954,0.9639],[99.6012,0.9511],[99.6145,0.9495],[99.6243,0.9441],[99.6257,0.942],[99.6254,0.9363],[99.6299,0.9311],[99.6357,0.9273],[99.6402,0.9202],[99.6432,0.9191],[99.6505,0.9194],[99.6613,0.9284],[99.6692,0.9274],[99.676,0.9318],[99.6887,0.9333],[99.6925,0.9315],[99.7006,0.9268],[99.7128,0.9147],[99.7132,0.9063],[99.7186,0.9023],[99.7214,0.8954],[99.7341,0.8924],[99.7348,0.8903],[99.7331,0.8851],[99.7428,0.8747],[99.7446,0.8651],[99.7521,0.8663],[99.7594,0.8615],[99.7646,0.864],[99.7688,0.859],[99.7842,0.8579],[99.7908,0.8545],[99.8,0.8573],[99.8057,0.85],[99.8132,0.8469],[99.8198,0.8362],[99.8259,0.8337],[99.8272,0.8313],[99.8344,0.827]],[[100.1007,1.0872],[100.1011,1.0909],[100.1108,1.0952],[100.1176,1.1012],[100.1143,1.0934],[100.1102,1.0903],[100.1078,1.0724],[100.106,1.0758],[100.1054,1.0839],[100.1043,1.086],[100.1007,1.0872]],[[100.1005,0.9395],[100.0955,0.9268],[100.0871,0.9351],[100.09,0.9456],[100.1028,0.9453],[100.1005,0.9395]]]},"properties":{"GID_2":"IDN.32.22_1","GID_0":"IDN","COUNTRY":"Indonesia","GID_1":"IDN.32_1","NAME_1":"SumateraUtara","NL_NAME_1":"NA","NAME_2":"PadangLawas","VARNAME_2":"NA","NL_NAME_2":"NA","TYPE_2":"Kabupaten","ENGTYPE_2":"Regency","CC_2":"1221","HASC_2":"ID.SU.PL","Data Indek":"Sumatera Utara","Data Ind_1":5,"Data Ind_2":"(0)","Data Ind_3":7.3,"Data Ind_4":72.99,"Data Ind_5":38535,"Data Ind_6":12.38,"Data Ind_7":19,"Data Ind_8":99.7,"Data Ind_9":89.47,"Data Ind10":-0.14,"Data Ind11":"Tinggi"}},
{"type":"Feature","geometry":{"type":"Polygon","coordinates":[[[99.4522,1.2366],[99.4612,1.2396],[99.4664,1.2465],[99.4704,1.2575],[99.4752,1.2617],[99.5026,1.2631],[99.5102,1.2649],[99.532,1.2734],[99.5385,1.2817],[99.5426,1.2824],[99.5525,1.2796],[99.5624,1.2794],[99.5674,1.2859],[99.5732,1.3001],[99.5785,1.3045],[99.584,1.3061],[99.5983,1.3061],[99.6047,1.3121],[99.61,1.3144],[99.6263,1.3152],[99.6286,1.3187],[99.6286,1.322],[99.6397,1.3354],[99.6481,1.3426],[99.6657,1.3539],[99.6684,1.3604],[99.6774,1.3703],[99.6831,1.3745],[99.6915,1.375],[99.6963,1.3778],[99.7008,1.3765],[99.7028,1.3784],[99.7043,1.385],[99.713,1.3932],[99.7124,1.3998],[99.7104,1.4029],[99.7163,1.4149],[99.7214,1.4175],[99.7395,1.4203],[99.7436,1.4197],[99.7913,1.4618],[99.8169,1.4802],[99.8376,1.4976],[99.8444,1.5076],[99.8463,1.5202],[99.8494,1.5248],[99.8975,1.5487],[99.9023,1.5442],[99.898,1.543],[99.898,1.5414],[99.9017,1.5411],[99.9033,1.5427],[99.9035,1.5384],[99.9095,1.5388],[99.9081,1.5357],[99.9116,1.5349],[99.9082,1.5336],[99.9147,1.5343],[99.9129,1.5319],[99.9156,1.531],[99.9135,1.5297],[99.9153,1.5291],[99.9139,1.5271],[99.9174,1.5288],[99.9195,1.5255],[99.9232,1.48],[99.9282,1.4678],[99.944,1.4394],[99.9471,1.4321],[99.9469,1.4292],[99.9487,1.4278],[99.9442,1.4214],[99.9472,1.4155],[99.9432,1.4051],[99.9502,1.3978],[99.9526,1.382],[99.9545,1.3788],[99.9531,1.3756],[99.9543,1.3676],[99.9651,1.3772],[99.9714,1.3803],[99.9929,1.382],[100.0011,1.3803],[100.0108,1.3708],[100.0152,1.3623],[100.0254,1.3569],[100.0316,1.3816],[100.0416,1.392],[100.051,1.3948],[100.0691,1.3987],[100.0869,1.4005],[100.0953,1.4004],[100.1005,1.3975],[100.1145,1.3951],[100.1255,1.3982],[100.136,1.4039],[100.1688,1.4027],[100.2008,1.3988],[100.2119,1.406],[100.2221,1.4098],[100.2372,1.4125],[100.2517,1.4128],[100.2657,1.423],[100.2834,1.4247],[100.2887,1.4231],[100.2964,1.4182],[100.3075,1.417],[100.3153,1.4254],[100.3247,1.4278],[100.3285,1.4308],[100.3312,1.4306],[100.3342,1.4341],[100.3427,1.436],[100.3396,1.4387],[100.3321,1.4398],[100.3275,1.4432],[100.3227,1.4429],[100.3194,1.4468],[100.3002,1.4527],[100.2852,1.4608],[100.2846,1.4627],[100.2794,1.4662],[100.2813,1.4751],[100.2853,1.4786],[100.2944,1.4736],[100.3035,1.4717],[100.309,1.4717],[100.3168,1.4761],[100.3189,1.4881],[100.3184,1.5004],[100.3109,1.5109],[100.3058,1.5149],[100.2877,1.5206],[100.2705,1.5324],[100.2569,1.5366],[100.2402,1.5495],[100.2326,1.552],[100.2186,1.5669],[100.2091,1.5696],[100.2089,1.5755],[100.2016,1.5842],[100.1886,1.5881],[100.173,1.5953],[100.1622,1.6099],[100.1652,1.6189],[100.1645,1.6223],[100.1552,1.6297],[100.1453,1.6312],[100.1393,1.6516],[100.1261,1.6587],[100.1224,1.6693],[100.1082,1.6906],[100.0983,1.7021],[100.0844,1.7129],[100.0766,1.7217],[100.0654,1.7251],[100.049,1.7205],[100.0403,1.6996],[100.019,1.6631],[100.0029,1.64],[99.9994,1.6375],[99.9545,1.6246],[99.9522,1.6256],[99.9443,1.6427],[99.9427,1.6433],[99.9433,1.6451],[99.9398,1.6499],[99.9262,1.6867],[99.9215,1.694],[99.9128,1.7156],[99.9057,1.7153],[99.901,1.7175],[99.8994,1.7165],[99.8841,1.6891],[99.8629,1.6625],[99.8512,1.6426],[99.8463,1.637],[99.8394,1.6441],[99.8283,1.6514],[99.8166,1.673],[99.8102,1.6733],[99.8026,1.6771],[99.7968,1.6828],[99.7898,1.6853],[99.7714,1.6966],[99.7653,1.7105],[99.7335,1.7241],[99.7317,1.7328],[99.7206,1.7417],[99.7159,1.7527],[99.7022,1.7628],[99.7046,1.7805],[99.6976,1.7907],[99.6952,1.8055],[99.7061,1.8189],[99.7279,1.8283],[99.7455,1.8298],[99.7507,1.8276],[99.7577,1.8273],[99.7596,1.8255],[99.7599,1.8195],[99.7663,1.8186],[99.7805,1.8085],[99.7851,1.8083],[99.7887,1.8103],[99.8039,1.8056],[99.8137,1.8072],[99.8202,1.8045],[99.8296,1.7976],[99.8394,1.7994],[99.8397,1.8021],[99.8366,1.8104],[99.8285,1.8257],[99.8234,1.8318],[99.8168,1.8611],[99.812,1.8672],[99.816,1.8746],[99.8174,1.8838],[99.814,1.8954],[99.8086,1.9036],[99.8242,1.9107],[99.8322,1.9115],[99.8347,1.9148],[99.8315,1.9329],[99.841,1.9708],[99.8418,1.9792],[99.8284,1.9936],[99.8383,2],[99.8419,2.0104],[99.8465,2.0167],[99.8421,2.0191],[99.8371,2.0193],[99.8242,2.0161],[99.8229,2.0202],[99.8242,2.0247],[99.816,2.0257],[99.8067,2.0215],[99.8025,2.016],[99.8004,2.0164],[99.7943,2.0235],[99.7914,2.0247],[99.7812,2.0171],[99.7697,2.0127],[99.7668,2.0073],[99.7636,2.0057],[99.7468,2.0037],[99.7386,1.977],[99.7323,1.9766],[99.714,1.9631],[99.7047,1.9299],[99.6775,1.9373],[99.6906,1.9696],[99.6875,1.9952],[99.6902,2.0017],[99.6879,2.0157],[99.6813,2.0271],[99.6835,2.0365],[99.6683,2.036],[99.6619,2.038],[99.6549,2.0291],[99.6403,2.0366],[99.6366,2.0421],[99.618,2.0416],[99.6162,2.0399],[99.617,2.0234],[99.6239,2.0143],[99.6271,2.0021],[99.6268,1.9994],[99.6241,1.9967],[99.6138,1.9957],[99.6035,1.9993],[99.5977,2.0036],[99.5963,2.01],[99.5931,2.011],[99.5914,2.0147],[99.5803,2.0219],[99.5723,2.0295],[99.5681,2.0282],[99.5658,2.0294],[99.5573,2.017],[99.5546,2.0088],[99.555,2],[99.5587,1.9921],[99.5581,1.9798],[99.5538,1.9731],[99.5491,1.9699],[99.5496,1.964],[99.5454,1.9559],[99.5451,1.9512],[99.5464,1.9482],[99.5531,1.9421],[99.5527,1.9324],[99.5549,1.9273],[99.5552,1.9213],[99.5595,1.9172],[99.5642,1.9155],[99.5669,1.912],[99.5747,1.912],[99.5764,1.9097],[99.5712,1.8989],[99.559,1.886],[99.56,1.8722],[99.5505,1.8668],[99.5481,1.8633],[99.5489,1.8597],[99.5539,1.8572],[99.5573,1.8441],[99.5674,1.8259],[99.5708,1.8105],[99.5649,1.777],[99.5659,1.7567],[99.5582,1.7502],[99.5519,1.7417],[99.5524,1.7372],[99.5509,1.7341],[99.553,1.73],[99.5494,1.7236],[99.5506,1.7175],[99.5388,1.7176],[99.5376,1.7212],[99.5332,1.7247],[99.5224,1.7261],[99.5186,1.7288],[99.5114,1.7263],[99.506,1.7218],[99.5022,1.7147],[99.4893,1.7094],[99.4774,1.7022],[99.4733,1.6964],[99.4714,1.6879],[99.4681,1.6839],[99.4669,1.6759],[99.4645,1.6722],[99.4592,1.6697],[99.4435,1.6671],[99.4394,1.6637],[99.4353,1.655],[99.4375,1.644],[99.4349,1.6252],[99.437,1.622],[99.444,1.6192],[99.4506,1.6138],[99.4543,1.6029],[99.4542,1.5927],[99.4471,1.5842],[99.4293,1.5746],[99.4109,1.5777],[99.4058,1.5757],[99.3977,1.5751],[99.3906,1.5721],[99.404,1.559],[99.4096,1.5575],[99.4171,1.5475],[99.4217,1.5316],[99.4268,1.526],[99.4342,1.5225],[99.4382,1.5181],[99.437,1.5149],[99.4329,1.5151],[99.4295,1.5117],[99.4142,1.5031],[99.4165,1.4993],[99.4192,1.4982],[99.4189,1.4962],[99.4081,1.4899],[99.4036,1.4836],[99.4012,1.4543],[99.4045,1.4469],[99.4039,1.4424],[99.407,1.4322],[99.4054,1.4316],[99.4005,1.4349],[99.3976,1.4334],[99.3966,1.4307],[99.4002,1.4259],[99.3998,1.4136],[99.3946,1.4131],[99.3867,1.4187],[99.3828,1.4253],[99.3698,1.4299],[99.3667,1.4324],[99.3558,1.434],[99.348,1.4316],[99.3459,1.4293],[99.3474,1.405],[99.3527,1.3981],[99.3638,1.3775],[99.3689,1.3621],[99.3778,1.353],[99.3859,1.3369],[99.3906,1.333],[99.3928,1.3232],[99.3908,1.3144],[99.4078,1.3003],[99.4126,1.285],[99.4192,1.2784],[99.4174,1.2674],[99.419,1.2608],[99.4161,1.2517],[99.424,1.2351],[99.4212,1.2306],[99.4313,1.2343],[99.4522,1.2366]],[[99.4204,1.4644],[99.4239,1.4689],[99.4239,1.4752],[99.4231,1.4765],[99.4341,1.4803],[99.4367,1.4755],[99.4332,1.4714],[99.4318,1.4671],[99.4335,1.4604],[99.4408,1.4539],[99.4442,1.4468],[99.4418,1.4335],[99.4354,1.4321],[99.4268,1.4342],[99.4253,1.439],[99.42,1.4441],[99.422,1.4443],[99.419,1.4463],[99.4213,1.4542],[99.4204,1.4644]]]},"properties":{"GID_2":"IDN.32.21_1","GID_0":"IDN","COUNTRY":"Indonesia","GID_1":"IDN.32_1","NAME_1":"SumateraUtara","NL_NAME_1":"NA","NAME_2":"PadangLawasUtara","VARNAME_2":"NA","NL_NAME_2":"NA","TYPE_2":"Kabupaten","ENGTYPE_2":"Regency","CC_2":"1220","HASC_2":"ID.SU.PU","Data Indek":"Sumatera Utara","Data Ind_1":1,"Data Ind_2":"(0)","Data Ind_3":8,"Data Ind_4":72.4,"Data Ind_5":37550,"Data Ind_6":15.14,"Data Ind_7":19,"Data Ind_8":99.99,"Data Ind_9":62.63,"Data Ind10":-0.15,"Data Ind11":"Tinggi"}},
{"type":"Feature","geometry":{"type":"Polygon","coordinates":[[[99.3207,1.3066],[99.3234,1.3077],[99.3285,1.31],[99.3491,1.3114],[99.35,1.3158],[99.3463,1.326],[99.3295,1.3506],[99.3083,1.3876],[99.3113,1.3909],[99.3059,1.3978],[99.3058,1.4063],[99.3078,1.4051],[99.3083,1.407],[99.3148,1.4049],[99.3191,1.4058],[99.3204,1.4],[99.3259,1.4041],[99.3248,1.4101],[99.3019,1.4386],[99.2988,1.4667],[99.2464,1.4703],[99.2367,1.468],[99.2313,1.4643],[99.2258,1.4557],[99.2273,1.4153],[99.2247,1.4146],[99.2218,1.4096],[99.2275,1.4046],[99.2289,1.3954],[99.2316,1.3917],[99.2368,1.3889],[99.24,1.3843],[99.2446,1.3811],[99.2458,1.3641],[99.248,1.3619],[99.2656,1.3619],[99.2697,1.3595],[99.2781,1.3581],[99.3016,1.3175],[99.3034,1.3118],[99.3101,1.3041],[99.3209,1.304],[99.3207,1.3066]]]},"properties":{"GID_2":"IDN.32.23_1","GID_0":"IDN","COUNTRY":"Indonesia","GID_1":"IDN.32_1","NAME_1":"SumateraUtara","NL_NAME_1":"NA","NAME_2":"Padangsidimpuan","VARNAME_2":"NA","NL_NAME_2":"NA","TYPE_2":"Kota","ENGTYPE_2":"City","CC_2":"1277","HASC_2":"ID.SU.PD","Data Indek":"Sumatera Utara","Data Ind_1":5,"Data Ind_2":"(0)","Data Ind_3":5.6,"Data Ind_4":1530.73,"Data Ind_5":35598,"Data Ind_6":35.77,"Data Ind_7":14,"Data Ind_8":99.65,"Data Ind_9":100,"Data Ind10":-0.07,"Data Ind11":"Tinggi"}},
{"type":"Feature","geometry":{"type":"Polygon","coordinates":[[[98.1839,2.3382],[98.1847,2.3306],[98.197,2.3113],[98.2309,2.2885],[98.2527,2.2761],[98.2512,2.3291],[98.2483,2.3481],[98.245,2.3543],[98.2416,2.3573],[98.2417,2.3593],[98.2451,2.3602],[98.2471,2.3591],[98.2565,2.3465],[98.2736,2.3381],[98.2875,2.3363],[98.2933,2.3379],[98.2954,2.3406],[98.2964,2.3504],[98.2904,2.3664],[98.296,2.381],[98.2976,2.392],[98.2951,2.4025],[98.2874,2.4144],[98.2887,2.4213],[98.2923,2.4237],[98.3028,2.4252],[98.3099,2.4241],[98.3146,2.4215],[98.3244,2.4257],[98.3291,2.4238],[98.3382,2.4251],[98.3405,2.4272],[98.34,2.4321],[98.3464,2.4332],[98.3447,2.4396],[98.3461,2.4498],[98.3557,2.4621],[98.3629,2.4658],[98.3936,2.4655],[98.3959,2.4642],[98.4036,2.4661],[98.4085,2.4702],[98.4108,2.476],[98.4151,2.4803],[98.4055,2.5],[98.4059,2.5081],[98.4003,2.5166],[98.3997,2.5201],[98.4096,2.5272],[98.4154,2.5289],[98.423,2.5282],[98.437,2.5225],[98.4491,2.5258],[98.4578,2.5342],[98.4647,2.5475],[98.4675,2.5492],[98.4646,2.5626],[98.4536,2.5705],[98.4408,2.5878],[98.425,2.6321],[98.4199,2.638],[98.4015,2.6425],[98.3966,2.6447],[98.3939,2.6478],[98.374,2.6526],[98.3564,2.6609],[98.3404,2.6785],[98.3369,2.6902],[98.3286,2.6969],[98.3052,2.701],[98.2955,2.7043],[98.2798,2.7164],[98.2716,2.7203],[98.2604,2.7193],[98.2529,2.7128],[98.2513,2.7083],[98.2458,2.7105],[98.2254,2.7231],[98.212,2.7276],[98.1972,2.7351],[98.1907,2.7411],[98.1865,2.75],[98.161,2.7684],[98.1446,2.7705],[98.1349,2.7753],[98.1307,2.7796],[98.1169,2.785],[98.1081,2.7763],[98.0952,2.7748],[98.0696,2.7648],[98.0763,2.7496],[98.0739,2.7471],[98.0716,2.7359],[98.0752,2.7265],[98.0864,2.7051],[98.1007,2.6894],[98.104,2.6821],[98.105,2.6644],[98.1032,2.6545],[98.1078,2.629],[98.1053,2.6263],[98.106,2.6205],[98.109,2.6171],[98.1107,2.6113],[98.1095,2.6065],[98.1074,2.6045],[98.0958,2.6028],[98.0853,2.6035],[98.0846,2.6017],[98.0835,2.5921],[98.0784,2.5823],[98.0769,2.5723],[98.0789,2.5663],[98.0778,2.5616],[98.0822,2.558],[98.082,2.5519],[98.0832,2.552],[98.0841,2.5496],[98.0817,2.5494],[98.0828,2.5429],[98.0812,2.5195],[98.0866,2.5016],[98.097,2.481],[98.1115,2.4634],[98.1158,2.4658],[98.1314,2.4463],[98.1428,2.4267],[98.1485,2.4213],[98.1732,2.3571],[98.1839,2.3382]]]},"properties":{"GID_2":"IDN.32.24_1","GID_0":"IDN","COUNTRY":"Indonesia","GID_1":"IDN.32_1","NAME_1":"SumateraUtara","NL_NAME_1":"NA","NAME_2":"PakpakBarat","VARNAME_2":"NA","NL_NAME_2":"NA","TYPE_2":"Kabupaten","ENGTYPE_2":"Regency","CC_2":"1216","HASC_2":"ID.SU.PB","Data Indek":"Sumatera Utara","Data Ind_1":1,"Data Ind_2":"(0)","Data Ind_3":6.4,"Data Ind_4":41.92,"Data Ind_5":9691,"Data Ind_6":33.46,"Data Ind_7":9,"Data Ind_8":100,"Data Ind_9":86.54,"Data Ind10":-0.28,"Data Ind11":"Sedang"}},
{"type":"Feature","geometry":{"type":"Polygon","coordinates":[[[99.0527,2.913],[99.0646,2.9179],[99.0689,2.9216],[99.0764,2.9247],[99.086,2.9334],[99.0935,2.9352],[99.0963,2.9338],[99.1003,2.9348],[99.106,2.9415],[99.0994,2.9415],[99.0991,2.9431],[99.0966,2.9436],[99.0929,2.9546],[99.1013,2.9597],[99.0983,2.9629],[99.0941,2.962],[99.0927,2.9594],[99.0879,2.9568],[99.0842,2.9557],[99.0815,2.9567],[99.0884,2.9646],[99.0878,2.9672],[99.0902,2.9724],[99.0845,2.9726],[99.0845,2.9739],[99.0816,2.9748],[99.0815,2.9786],[99.0947,2.9811],[99.0921,2.9878],[99.0926,2.9958],[99.0958,3.0059],[99.1003,3.0083],[99.1036,3.0066],[99.1027,3.0089],[99.1105,3.0158],[99.1066,3.0168],[99.1029,3.0149],[99.1017,3.0171],[99.1003,3.0156],[99.098,3.0161],[99.094,3.0141],[99.0923,3.0105],[99.0891,3.011],[99.0857,3.0156],[99.0822,3.0129],[99.0724,3.0137],[99.067,3.0113],[99.0631,3.0127],[99.0617,3.0086],[99.0573,3.0062],[99.0549,3.0079],[99.0507,3.0066],[99.0379,3.0074],[99.0369,2.9977],[99.0309,2.9965],[99.0294,2.9915],[99.0264,2.9908],[99.025,2.9858],[99.0214,2.9828],[99.0229,2.9756],[99.022,2.9718],[99.0259,2.9724],[99.0258,2.9681],[99.0247,2.96],[99.0223,2.9579],[99.0222,2.9524],[99.0219,2.9534],[99.0191,2.9491],[99.0223,2.943],[99.0242,2.9423],[99.0248,2.9386],[99.0269,2.9399],[99.0291,2.9371],[99.0301,2.9312],[99.033,2.9312],[99.0413,2.925],[99.0327,2.9193],[99.0388,2.9137],[99.0343,2.9102],[99.0259,2.9087],[99.0248,2.9043],[99.0167,2.8995],[99.0175,2.8905],[99.0228,2.8936],[99.0224,2.8919],[99.028,2.8922],[99.0351,2.9046],[99.0365,2.9043],[99.0396,2.9084],[99.046,2.9065],[99.0489,2.9071],[99.051,2.9084],[99.0527,2.913]]]},"properties":{"GID_2":"IDN.32.25_1","GID_0":"IDN","COUNTRY":"Indonesia","GID_1":"IDN.32_1","NAME_1":"SumateraUtara","NL_NAME_1":"NA","NAME_2":"Pematangsiantar","VARNAME_2":"NA","NL_NAME_2":"NA","TYPE_2":"Kota","ENGTYPE_2":"City","CC_2":"1273","HASC_2":"ID.SU.PS","Data Indek":"Sumatera Utara","Data Ind_1":0,"Data Ind_2":"(0)","Data Ind_3":6.2,"Data Ind_4":3677.58,"Data Ind_5":47815,"Data Ind_6":0.39,"Data Ind_7":29,"Data Ind_8":100,"Data Ind_9":100,"Data Ind10":-0.52,"Data Ind11":"Rendah"}},
{"type":"Feature","geometry":{"type":"MultiPolygon","coordinates":[[[[98.8071,2.3745],[98.8153,2.3714],[98.8271,2.3631],[98.8324,2.3619],[98.8383,2.3509],[98.8397,2.3519],[98.8392,2.3556],[98.8417,2.3633],[98.8341,2.3663],[98.8304,2.3709],[98.8304,2.3734],[98.8234,2.3763],[98.8213,2.3808],[98.8178,2.3812],[98.816,2.392],[98.8127,2.3947],[98.8088,2.3952],[98.8092,2.4013],[98.8106,2.4026],[98.8152,2.4017],[98.8154,2.4092],[98.8141,2.4153],[98.8107,2.4185],[98.808,2.4187],[98.8068,2.4215],[98.8075,2.4286],[98.7996,2.4322],[98.7974,2.4342],[98.798,2.437],[98.7961,2.4405],[98.7911,2.4433],[98.7907,2.4384],[98.7886,2.435],[98.7793,2.4379],[98.7815,2.4424],[98.777,2.4502],[98.7777,2.4553],[98.7758,2.4543],[98.7751,2.4564],[98.775,2.467],[98.7698,2.4695],[98.7686,2.478],[98.7669,2.4802],[98.7646,2.4804],[98.762,2.486],[98.7575,2.4881],[98.7531,2.4878],[98.7493,2.4911],[98.7505,2.5041],[98.7476,2.5074],[98.7423,2.5094],[98.742,2.5116],[98.7397,2.512],[98.7356,2.5191],[98.7353,2.5223],[98.7283,2.5198],[98.7241,2.5202],[98.7206,2.5235],[98.7209,2.5327],[98.7178,2.5375],[98.7203,2.5377],[98.721,2.5398],[98.716,2.5429],[98.7154,2.5505],[98.7102,2.5512],[98.707,2.5488],[98.7054,2.5476],[98.705,2.5434],[98.7011,2.5434],[98.6995,2.538],[98.6961,2.5335],[98.6936,2.5331],[98.6918,2.5358],[98.6877,2.5363],[98.6869,2.538],[98.6897,2.5451],[98.6854,2.5425],[98.6771,2.5453],[98.6738,2.5475],[98.6773,2.5531],[98.6699,2.5504],[98.671,2.5477],[98.67,2.5469],[98.6626,2.5573],[98.6562,2.5607],[98.6587,2.5628],[98.6672,2.5639],[98.6724,2.5674],[98.674,2.5674],[98.6762,2.5645],[98.6896,2.5656],[98.6889,2.57],[98.686,2.5715],[98.6772,2.5732],[98.6774,2.5708],[98.6745,2.5702],[98.673,2.5769],[98.6872,2.5869],[98.686,2.5907],[98.6887,2.593],[98.6861,2.5983],[98.6867,2.6009],[98.6899,2.6063],[98.6934,2.6079],[98.6876,2.6161],[98.6783,2.6179],[98.6746,2.6201],[98.6725,2.625],[98.6732,2.6286],[98.6711,2.6268],[98.6597,2.6277],[98.6578,2.6348],[98.654,2.6338],[98.654,2.6284],[98.6493,2.6273],[98.6464,2.6286],[98.645,2.6346],[98.6423,2.6383],[98.6387,2.633],[98.634,2.6343],[98.6322,2.6376],[98.6327,2.6453],[98.6316,2.6467],[98.629,2.6469],[98.6237,2.6422],[98.6157,2.643],[98.6144,2.6452],[98.6148,2.6497],[98.6201,2.6545],[98.6246,2.6613],[98.6232,2.6621],[98.6242,2.6639],[98.6278,2.6658],[98.6264,2.6705],[98.6273,2.6759],[98.6244,2.677],[98.6268,2.6845],[98.6227,2.6862],[98.6223,2.6907],[98.6172,2.6936],[98.614,2.7026],[98.6073,2.7036],[98.6051,2.7065],[98.6035,2.7136],[98.5981,2.7173],[98.5987,2.7207],[98.5963,2.7239],[98.5965,2.7286],[98.5949,2.7294],[98.5945,2.7331],[98.5885,2.7316],[98.587,2.7336],[98.584,2.7325],[98.5789,2.7354],[98.5743,2.7339],[98.5731,2.7311],[98.5725,2.7091],[98.5665,2.6837],[98.5549,2.5879],[98.5523,2.5815],[98.5469,2.5779],[98.5237,2.5687],[98.4987,2.5511],[98.4905,2.5469],[98.4865,2.5469],[98.4753,2.5523],[98.4669,2.5528],[98.4675,2.5492],[98.4647,2.5475],[98.4591,2.536],[98.4491,2.5258],[98.437,2.5225],[98.423,2.5282],[98.4154,2.5289],[98.4096,2.5272],[98.3997,2.5201],[98.4003,2.5166],[98.4059,2.5081],[98.4055,2.5],[98.4151,2.4803],[98.4228,2.4813],[98.431,2.4871],[98.4458,2.4871],[98.4737,2.4646],[98.4834,2.4674],[98.5017,2.4787],[98.5106,2.4871],[98.5818,2.4866],[98.5941,2.4764],[98.6039,2.4655],[98.6109,2.4534],[98.6137,2.4377],[98.6151,2.3984],[98.6295,2.4093],[98.6499,2.4194],[98.6595,2.4258],[98.6674,2.428],[98.6808,2.4287],[98.7066,2.4346],[98.749,2.4395],[98.7777,2.4201],[98.7889,2.4094],[98.7908,2.3996],[98.7988,2.3906],[98.8071,2.3745]]],[[[98.8778,2.4325],[98.881,2.4328],[98.8846,2.4339],[98.8877,2.432],[98.8885,2.4278],[98.8919,2.4272],[98.8979,2.4305],[98.9006,2.4361],[98.9089,2.4351],[98.9159,2.4368],[98.9238,2.4333],[98.9347,2.4377],[98.9374,2.44],[98.9397,2.4449],[98.9453,2.4429],[98.9465,2.4445],[98.9495,2.4434],[98.955,2.4462],[98.9609,2.4451],[98.9695,2.4512],[98.9773,2.4527],[98.9841,2.4588],[98.9915,2.462],[98.994,2.467],[98.9921,2.4721],[98.9934,2.4741],[98.9893,2.4813],[98.9839,2.4862],[98.9839,2.4903],[98.9816,2.4915],[98.9723,2.5106],[98.9702,2.511],[98.9603,2.5207],[98.9557,2.5222],[98.9546,2.5243],[98.9437,2.5324],[98.9396,2.5337],[98.9258,2.5448],[98.9077,2.5654],[98.9084,2.5756],[98.9029,2.5804],[98.8963,2.5977],[98.8913,2.6034],[98.8916,2.6097],[98.889,2.6145],[98.8882,2.622],[98.8701,2.6454],[98.8685,2.6497],[98.8517,2.664],[98.8573,2.6693],[98.8623,2.6674],[98.8641,2.6684],[98.8636,2.6725],[98.8548,2.6781],[98.8522,2.6775],[98.8534,2.6744],[98.8515,2.6737],[98.8493,2.6747],[98.8495,2.6768],[98.8432,2.6796],[98.843,2.6809],[98.8398,2.6794],[98.8304,2.6845],[98.8315,2.6873],[98.8258,2.69],[98.813,2.704],[98.8139,2.7116],[98.7969,2.7324],[98.7896,2.7353],[98.7814,2.7419],[98.7706,2.7428],[98.7662,2.7399],[98.7632,2.7429],[98.7581,2.7405],[98.7475,2.7532],[98.7374,2.7549],[98.7349,2.7594],[98.7263,2.7588],[98.7207,2.7513],[98.7162,2.7507],[98.7131,2.7439],[98.6978,2.733],[98.6962,2.7303],[98.6909,2.708],[98.6878,2.6536],[98.6829,2.642],[98.6837,2.6387],[98.6902,2.635],[98.6918,2.6318],[98.6927,2.621],[98.6891,2.615],[98.6919,2.6127],[98.694,2.607],[98.6982,2.6061],[98.7047,2.5983],[98.7062,2.5923],[98.7087,2.5899],[98.7089,2.5856],[98.7118,2.5827],[98.712,2.5704],[98.7207,2.5581],[98.7198,2.5524],[98.7236,2.5387],[98.7332,2.5303],[98.7363,2.5243],[98.7405,2.5216],[98.7435,2.5224],[98.7433,2.5167],[98.7445,2.5178],[98.7456,2.5135],[98.7524,2.5095],[98.756,2.5026],[98.7585,2.5021],[98.7612,2.5071],[98.7646,2.5093],[98.7719,2.5075],[98.7798,2.509],[98.7843,2.5029],[98.796,2.4963],[98.7961,2.4916],[98.7992,2.4901],[98.7998,2.4833],[98.801,2.4826],[98.7992,2.4761],[98.8001,2.4679],[98.8026,2.4642],[98.8072,2.4653],[98.8079,2.4691],[98.8105,2.4722],[98.8172,2.4739],[98.8271,2.4634],[98.8319,2.463],[98.8329,2.4599],[98.8353,2.4585],[98.8396,2.4601],[98.8425,2.4544],[98.8463,2.4539],[98.8495,2.4478],[98.8597,2.4437],[98.861,2.4385],[98.8646,2.4343],[98.877,2.4303],[98.8778,2.4325]]],[[[98.7456,2.7574],[98.7437,2.7567],[98.7471,2.7553],[98.7475,2.756],[98.7456,2.7574]]],[[[98.6441,2.6464],[98.6435,2.6432],[98.645,2.6415],[98.6481,2.6418],[98.6441,2.6464]]]]},"properties":{"GID_2":"IDN.32.26_1","GID_0":"IDN","COUNTRY":"Indonesia","GID_1":"IDN.32_1","NAME_1":"SumateraUtara","NL_NAME_1":"NA","NAME_2":"Samosir","VARNAME_2":"NA","NL_NAME_2":"NA","TYPE_2":"Kabupaten","ENGTYPE_2":"Regency","CC_2":"1217","HASC_2":"ID.SU.SA","Data Indek":"Sumatera Utara","Data Ind_1":0,"Data Ind_2":"(0)","Data Ind_3":10.8,"Data Ind_4":78.28,"Data Ind_5":26186,"Data Ind_6":16.92,"Data Ind_7":13,"Data Ind_8":99.98,"Data Ind_9":100,"Data Ind10":-0.47,"Data Ind11":"Sedang"}},
{"type":"Feature","geometry":{"type":"Polygon","coordinates":[[[99.0098,3.0485],[99.0083,3.065],[99.0071,3.0703],[99.0104,3.0752],[99.0186,3.0844],[99.0317,3.0948],[99.0326,3.1093],[99.0454,3.1135],[99.0464,3.1178],[99.0483,3.1187],[99.0754,3.1293],[99.0818,3.1293],[99.0818,3.1348],[99.0959,3.1346],[99.1129,3.143],[99.1373,3.164],[99.1378,3.1674],[99.1465,3.1675],[99.1503,3.1655],[99.1512,3.1672],[99.1572,3.1672],[99.1577,3.1703],[99.1681,3.1768],[99.1682,3.181],[99.1755,3.1856],[99.172,3.1969],[99.1866,3.197],[99.1865,3.1946],[99.1907,3.1945],[99.2003,3.2042],[99.2012,3.2092],[99.1992,3.2129],[99.2065,3.2191],[99.208,3.2174],[99.208,3.2236],[99.2136,3.2252],[99.214,3.2283],[99.2176,3.2307],[99.2188,3.2352],[99.2223,3.2371],[99.2352,3.2524],[99.2348,3.2668],[99.2447,3.2829],[99.2452,3.2899],[99.251,3.2948],[99.2597,3.311],[99.261,3.3176],[99.259,3.3221],[99.2628,3.3326],[99.2714,3.3428],[99.2875,3.371],[99.2918,3.3864],[99.3038,3.4142],[99.306,3.4254],[99.3153,3.4441],[99.3027,3.453],[99.3003,3.4511],[99.3014,3.4492],[99.3015,3.4474],[99.2992,3.4466],[99.297,3.447],[99.2962,3.4448],[99.2967,3.4477],[99.2999,3.4471],[99.3009,3.4491],[99.2967,3.4595],[99.2925,3.4639],[99.2862,3.4644],[99.2817,3.4624],[99.2704,3.4676],[99.261,3.4764],[99.2562,3.4838],[99.25,3.477],[99.2548,3.4838],[99.2486,3.496],[99.2444,3.4989],[99.2363,3.5],[99.2381,3.5001],[99.2383,3.5029],[99.24,3.5037],[99.2419,3.5025],[99.2396,3.5067],[99.2261,3.519],[99.2085,3.5303],[99.157,3.5582],[99.1452,3.5624],[99.1315,3.5643],[99.1256,3.5665],[99.121,3.5706],[99.1187,3.5689],[99.1182,3.5725],[99.1102,3.5767],[99.0763,3.6055],[99.0607,3.6158],[99.0544,3.6194],[99.0223,3.6298],[99.0128,3.6352],[99.0103,3.639],[98.9909,3.6524],[98.9638,3.6615],[98.9573,3.6677],[98.9553,3.6623],[98.9559,3.6662],[98.9536,3.6676],[98.9527,3.6714],[98.9519,3.6723],[98.9491,3.67],[98.9517,3.6739],[98.9436,3.6756],[98.9425,3.6749],[98.9443,3.6741],[98.9444,3.6684],[98.949,3.6647],[98.9461,3.6581],[98.9459,3.6472],[98.9385,3.6245],[98.93,3.6148],[98.9253,3.6128],[98.9188,3.6],[98.9213,3.5914],[98.9189,3.5863],[98.9191,3.5822],[98.9235,3.5754],[98.9338,3.5674],[98.9311,3.5542],[98.9262,3.5453],[98.933,3.5377],[98.931,3.5327],[98.9359,3.5251],[98.9368,3.5151],[98.9333,3.5031],[98.9363,3.4998],[98.9346,3.4912],[98.9199,3.4661],[98.9194,3.4549],[98.9143,3.449],[98.9163,3.4388],[98.9156,3.4284],[98.9187,3.4165],[98.9179,3.4113],[98.9208,3.4052],[98.9214,3.3988],[98.9189,3.389],[98.9166,3.3863],[98.9209,3.3812],[98.9163,3.3741],[98.9191,3.367],[98.9132,3.3582],[98.8983,3.3583],[98.8914,3.3568],[98.8871,3.3539],[98.8835,3.3537],[98.88,3.3504],[98.8795,3.3473],[98.8755,3.3479],[98.872,3.345],[98.8602,3.3405],[98.8575,3.3438],[98.8484,3.3366],[98.8448,3.3374],[98.8402,3.3298],[98.836,3.3293],[98.8325,3.3182],[98.8301,3.3153],[98.8199,3.313],[98.8143,3.3085],[98.8123,3.3046],[98.8076,3.3048],[98.7961,3.2984],[98.7956,3.2855],[98.7891,3.2756],[98.7737,3.2666],[98.7703,3.2617],[98.7709,3.2589],[98.7685,3.2528],[98.7639,3.2475],[98.7529,3.2398],[98.7496,3.2327],[98.7505,3.2287],[98.7486,3.2242],[98.7481,3.2148],[98.7501,3.209],[98.7515,3.209],[98.7589,3.2136],[98.7611,3.2204],[98.7706,3.2146],[98.7819,3.214],[98.7856,3.2158],[98.7888,3.2225],[98.8407,3.2224],[98.8435,3.2255],[98.8534,3.2297],[98.8554,3.2364],[98.86,3.2377],[98.8633,3.2413],[98.8629,3.2465],[98.865,3.2494],[98.8626,3.2577],[98.8649,3.2609],[98.9008,3.2601],[98.899,3.2564],[98.8999,3.2553],[98.9036,3.2591],[98.9091,3.2539],[98.9271,3.267],[98.9387,3.2719],[98.9413,3.276],[98.952,3.2764],[98.9553,3.2818],[98.9649,3.273],[98.9648,3.268],[98.9553,3.24],[98.9526,3.2219],[98.9492,3.2204],[98.9464,3.2152],[98.9412,3.2122],[98.9399,3.2075],[98.9945,3.2063],[98.9952,3.2087],[98.9991,3.2089],[98.999,3.2062],[99.0052,3.2055],[99.003,3.2023],[99.0003,3.1855],[98.9965,3.1818],[98.9878,3.1825],[98.9861,3.1725],[98.9649,3.1438],[98.9713,3.1369],[98.9721,3.1293],[98.9765,3.1293],[98.9868,3.124],[98.9856,3.1219],[98.9772,3.1188],[98.9769,3.1075],[98.9786,3.0927],[98.98,3.0919],[98.9815,3.082],[98.9807,3.0785],[98.9754,3.0673],[98.9563,3.0475],[98.9529,3.0382],[98.9359,3.0274],[98.9276,3.0159],[98.9592,3.0158],[98.9801,3.0194],[98.9996,3.027],[99.0015,3.0404],[99.0098,3.0485]],[[99.1243,3.3441],[99.1286,3.3493],[99.1354,3.3498],[99.14,3.3449],[99.1451,3.35],[99.1544,3.3416],[99.1593,3.3469],[99.1584,3.3478],[99.1596,3.3493],[99.1663,3.3557],[99.1546,3.3672],[99.1682,3.3741],[99.1689,3.3785],[99.1767,3.3715],[99.1774,3.3681],[99.1732,3.3663],[99.1727,3.3643],[99.1699,3.3644],[99.1681,3.36],[99.1719,3.3552],[99.1677,3.3532],[99.1677,3.3504],[99.1753,3.3496],[99.1781,3.3538],[99.1888,3.3583],[99.1938,3.3515],[99.1903,3.341],[99.1832,3.3373],[99.1824,3.3321],[99.1839,3.3311],[99.1874,3.3172],[99.1914,3.3178],[99.1926,3.3107],[99.1838,3.3089],[99.1818,3.3064],[99.1731,3.3065],[99.1731,3.3092],[99.1542,3.3091],[99.1554,3.3063],[99.153,3.3054],[99.1509,3.3056],[99.1495,3.308],[99.1462,3.3069],[99.1442,3.3117],[99.1404,3.3088],[99.1388,3.3096],[99.137,3.3051],[99.1426,3.296],[99.1438,3.2913],[99.137,3.2836],[99.1365,3.2811],[99.1381,3.2784],[99.1363,3.2776],[99.1249,3.2896],[99.119,3.3016],[99.1263,3.3074],[99.1291,3.3061],[99.1296,3.3088],[99.1324,3.3083],[99.1317,3.3117],[99.1335,3.3126],[99.1295,3.3179],[99.1301,3.3198],[99.1268,3.3213],[99.1293,3.3243],[99.1289,3.3279],[99.125,3.3293],[99.1249,3.3359],[99.1149,3.3358],[99.1144,3.3371],[99.1243,3.3441]]]},"properties":{"GID_2":"IDN.32.27_1","GID_0":"IDN","COUNTRY":"Indonesia","GID_1":"IDN.32_1","NAME_1":"SumateraUtara","NL_NAME_1":"NA","NAME_2":"SerdangBedagai","VARNAME_2":"NA","NL_NAME_2":"NA","TYPE_2":"Kabupaten","ENGTYPE_2":"Regency","CC_2":"1218","HASC_2":"ID.SU.SD","Data Indek":"Sumatera Utara","Data Ind_1":8,"Data Ind_2":"(0)","Data Ind_3":6.2,"Data Ind_4":359.16,"Data Ind_5":105754,"Data Ind_6":0.7,"Data Ind_7":26,"Data Ind_8":100,"Data Ind_9":95.88,"Data Ind10":-0.04,"Data Ind11":"Tinggi"}},
{"type":"Feature","geometry":{"type":"MultiPolygon","coordinates":[[[[98.7675,1.7133],[98.7686,1.7152],[98.7653,1.7166],[98.7633,1.7158],[98.7629,1.7137],[98.7595,1.7135],[98.7599,1.7087],[98.7621,1.7053],[98.7693,1.7062],[98.7675,1.7133]]],[[[98.7807,1.7297],[98.7785,1.7291],[98.7794,1.7267],[98.7816,1.7274],[98.7807,1.7297]]],[[[98.7687,1.7564],[98.7689,1.745],[98.7737,1.7422],[98.778,1.7345],[98.7812,1.7347],[98.7805,1.7326],[98.7825,1.7295],[98.7852,1.7283],[98.7884,1.7297],[98.7925,1.7255],[98.7953,1.7254],[98.797,1.7213],[98.8027,1.7233],[98.8029,1.7255],[98.8086,1.7295],[98.8022,1.7402],[98.7927,1.7511],[98.7948,1.7564],[98.7687,1.7564]]]]},"properties":{"GID_2":"IDN.32.28_1","GID_0":"IDN","COUNTRY":"Indonesia","GID_1":"IDN.32_1","NAME_1":"SumateraUtara","NL_NAME_1":"NA","NAME_2":"Sibolga","VARNAME_2":"NA","NL_NAME_2":"NA","TYPE_2":"Kota","ENGTYPE_2":"City","CC_2":"1271","HASC_2":"ID.SU.SB","Data Indek":"Sumatera Utara","Data Ind_1":1,"Data Ind_2":"(0)","Data Ind_3":10.3,"Data Ind_4":8041.5,"Data Ind_5":14415,"Data Ind_6":1.04,"Data Ind_7":8,"Data Ind_8":100,"Data Ind_9":100,"Data Ind10":-0.27,"Data Ind11":"Sedang"}},
{"type":"Feature","geometry":{"type":"MultiPolygon","coordinates":[[[[98.9919,2.6026],[98.9986,2.6115],[99.0001,2.6119],[99.0003,2.6101],[99.0048,2.6102],[99.0068,2.6137],[99.0155,2.6138],[99.0282,2.6192],[99.0392,2.6291],[99.0423,2.6337],[99.0495,2.629],[99.0641,2.6112],[99.0741,2.6046],[99.0729,2.6135],[99.0745,2.629],[99.0741,2.6444],[99.0811,2.6523],[99.0891,2.6683],[99.1077,2.6785],[99.1193,2.6811],[99.125,2.6968],[99.1342,2.711],[99.1466,2.7194],[99.1695,2.7484],[99.1762,2.7523],[99.1841,2.7544],[99.1991,2.7677],[99.2079,2.77],[99.2122,2.7857],[99.2161,2.7897],[99.2168,2.794],[99.22,2.795],[99.2283,2.8023],[99.2396,2.8067],[99.2411,2.8092],[99.2483,2.8125],[99.2511,2.8237],[99.2575,2.8305],[99.2566,2.8371],[99.26,2.8419],[99.2586,2.8458],[99.2645,2.851],[99.2656,2.8605],[99.2741,2.8655],[99.2838,2.8666],[99.2878,2.8698],[99.2891,2.8733],[99.2956,2.8706],[99.3039,2.8812],[99.3097,2.8791],[99.3165,2.8859],[99.3217,2.886],[99.3335,2.8944],[99.3411,2.8937],[99.3441,2.8957],[99.3486,2.8956],[99.3536,2.8915],[99.3555,2.8862],[99.3602,2.8826],[99.3713,2.8833],[99.3764,2.8857],[99.3833,2.8967],[99.3904,2.9004],[99.3915,2.9059],[99.3983,2.9149],[99.4033,2.917],[99.4083,2.9167],[99.4144,2.9216],[99.4203,2.9224],[99.4269,2.9289],[99.4438,2.9304],[99.4496,2.9407],[99.4557,2.9441],[99.4548,2.9565],[99.4629,2.9574],[99.4683,2.9612],[99.4743,2.9625],[99.4873,2.9765],[99.4906,2.9775],[99.4933,2.9815],[99.4966,2.983],[99.497,2.9875],[99.4944,2.9952],[99.496,3],[99.5003,3.0054],[99.5092,3.0116],[99.5191,3.0149],[99.5231,3.0209],[99.5221,3.0239],[99.5236,3.026],[99.5299,3.0304],[99.5335,3.0294],[99.5394,3.0356],[99.5441,3.0376],[99.544,3.0398],[99.5659,3.0775],[99.5465,3.0982],[99.5349,3.0995],[99.5177,3.109],[99.5082,3.1011],[99.4821,3.1119],[99.4928,3.1214],[99.4915,3.1219],[99.4219,3.1467],[99.3631,3.1511],[99.3975,3.2231],[99.407,3.2516],[99.403,3.2532],[99.3993,3.252],[99.3947,3.2446],[99.39,3.2507],[99.3874,3.2514],[99.387,3.2535],[99.379,3.2476],[99.3725,3.2458],[99.3724,3.2413],[99.3657,3.2347],[99.3646,3.2299],[99.3613,3.2254],[99.3626,3.2215],[99.358,3.2135],[99.3504,3.2274],[99.3444,3.2317],[99.344,3.2364],[99.342,3.238],[99.3453,3.2489],[99.3443,3.2522],[99.3473,3.2598],[99.3454,3.2684],[99.3484,3.2743],[99.3442,3.2877],[99.3086,3.2998],[99.3098,3.2905],[99.308,3.2837],[99.2981,3.2779],[99.2945,3.2728],[99.282,3.2708],[99.2693,3.2768],[99.2596,3.2657],[99.2639,3.2616],[99.2634,3.2563],[99.2549,3.2533],[99.2519,3.2567],[99.2405,3.2521],[99.2452,3.2439],[99.2384,3.2382],[99.2337,3.2253],[99.2305,3.221],[99.2311,3.2104],[99.2294,3.205],[99.231,3.2033],[99.2304,3.1997],[99.208,3.2236],[99.208,3.2174],[99.2065,3.2191],[99.1992,3.2129],[99.2012,3.2092],[99.2003,3.2042],[99.1907,3.1945],[99.1865,3.1946],[99.1866,3.197],[99.172,3.1969],[99.1755,3.1856],[99.1682,3.181],[99.1681,3.1768],[99.1577,3.1703],[99.1572,3.1672],[99.1512,3.1672],[99.1503,3.1655],[99.1465,3.1675],[99.1378,3.1674],[99.1373,3.164],[99.1129,3.143],[99.0959,3.1346],[99.0818,3.1348],[99.0818,3.1293],[99.0754,3.1293],[99.0483,3.1187],[99.0464,3.1178],[99.0454,3.1135],[99.0326,3.1093],[99.0317,3.0948],[99.0186,3.0844],[99.0071,3.0703],[99.0098,3.0485],[99.0015,3.0404],[99,3.0273],[98.9801,3.0194],[98.9573,3.0156],[98.9276,3.0159],[98.9359,3.0274],[98.9529,3.0382],[98.9563,3.0475],[98.9754,3.0673],[98.9807,3.0785],[98.9815,3.082],[98.98,3.0919],[98.9786,3.0927],[98.9769,3.1075],[98.9772,3.1188],[98.9856,3.1219],[98.9868,3.124],[98.9765,3.1293],[98.9721,3.1293],[98.9713,3.1369],[98.9649,3.1438],[98.9861,3.1725],[98.9878,3.1825],[98.9965,3.1818],[99.0003,3.1855],[99.003,3.2023],[99.0052,3.2055],[98.999,3.2062],[98.9991,3.2089],[98.9952,3.2087],[98.9945,3.2063],[98.9399,3.2075],[98.9412,3.2122],[98.9464,3.2152],[98.9492,3.2204],[98.9526,3.2219],[98.9553,3.24],[98.9648,3.268],[98.9649,3.273],[98.9553,3.2818],[98.952,3.2764],[98.9413,3.276],[98.9387,3.2719],[98.9271,3.267],[98.9091,3.2539],[98.9036,3.2591],[98.8999,3.2553],[98.899,3.2564],[98.9008,3.2601],[98.8649,3.2609],[98.8626,3.2577],[98.865,3.2494],[98.8629,3.2465],[98.8633,3.2413],[98.86,3.2377],[98.8554,3.2364],[98.8534,3.2297],[98.8435,3.2255],[98.8407,3.2224],[98.7888,3.2225],[98.7856,3.2158],[98.7819,3.214],[98.7706,3.2146],[98.7611,3.2204],[98.7574,3.212],[98.7501,3.209],[98.7481,3.2184],[98.7448,3.2169],[98.7342,3.2218],[98.7302,3.2203],[98.7235,3.2073],[98.7277,3.2034],[98.7294,3.1969],[98.7267,3.1853],[98.7305,3.1752],[98.7238,3.1491],[98.7172,3.133],[98.7088,3.103],[98.7058,3.0638],[98.7043,3.0598],[98.6945,3.0518],[98.6907,3.0505],[98.6874,3.0527],[98.6823,3.0674],[98.6734,3.0713],[98.6592,3.0666],[98.6461,3.0669],[98.6273,3.0625],[98.6247,3.0635],[98.6221,3.0718],[98.6205,3.0891],[98.6171,3.0972],[98.6134,3.1013],[98.6053,3.1041],[98.6046,3.0992],[98.6006,3.0952],[98.5954,3.0951],[98.5837,3.0799],[98.5829,3.0755],[98.5864,3.0624],[98.5801,3.0509],[98.5756,3.048],[98.5661,3.033],[98.5565,3.0272],[98.5561,3.0235],[98.5575,3.0216],[98.5543,3.0168],[98.5511,3.0001],[98.5545,2.9914],[98.5515,2.9875],[98.5492,2.9781],[98.55,2.9731],[98.5536,2.9689],[98.5486,2.9605],[98.5455,2.9443],[98.5341,2.9257],[98.5327,2.9043],[98.5379,2.8993],[98.5411,2.8969],[98.5457,2.8976],[98.5486,2.8953],[98.5491,2.8912],[98.5571,2.8994],[98.5609,2.8917],[98.5699,2.8894],[98.5718,2.8843],[98.5767,2.8828],[98.587,2.8829],[98.5947,2.8865],[98.5985,2.8816],[98.5978,2.8746],[98.6014,2.8729],[98.6048,2.8687],[98.612,2.869],[98.6178,2.8653],[98.622,2.868],[98.63,2.8673],[98.6356,2.8584],[98.6473,2.8563],[98.6648,2.862],[98.6688,2.8599],[98.6707,2.867],[98.6746,2.8736],[98.6803,2.8732],[98.6874,2.8654],[98.6868,2.859],[98.6918,2.8507],[98.7091,2.8424],[98.726,2.8387],[98.7296,2.836],[98.7357,2.8244],[98.7429,2.824],[98.7475,2.8194],[98.7527,2.8203],[98.7562,2.814],[98.76,2.8128],[98.7638,2.8085],[98.7711,2.8066],[98.7759,2.8005],[98.7853,2.795],[98.7917,2.7936],[98.8058,2.7759],[98.8059,2.7706],[98.8097,2.7649],[98.8111,2.7656],[98.8088,2.7711],[98.8102,2.7737],[98.8193,2.7709],[98.8267,2.7633],[98.8273,2.7571],[98.8346,2.7464],[98.8415,2.7408],[98.853,2.7364],[98.8551,2.7316],[98.8652,2.7325],[98.8769,2.7234],[98.8836,2.7212],[98.8871,2.7174],[98.8956,2.701],[98.9096,2.6977],[98.9173,2.7019],[98.9241,2.6967],[98.9225,2.6948],[98.9171,2.6947],[98.9156,2.6929],[98.9237,2.6837],[98.9248,2.6742],[98.9269,2.6726],[98.9349,2.6759],[98.9404,2.6671],[98.9424,2.6598],[98.941,2.6556],[98.9582,2.6471],[98.9567,2.6348],[98.9622,2.6259],[98.9631,2.6211],[98.961,2.6139],[98.9748,2.6026],[98.9793,2.6015],[98.9919,2.6026]],[[99.0369,2.9977],[99.0364,3.002],[99.0379,3.0074],[99.0507,3.0066],[99.0549,3.0079],[99.0578,3.0063],[99.0617,3.0086],[99.0631,3.0127],[99.067,3.0113],[99.0724,3.0137],[99.0822,3.0129],[99.0857,3.0156],[99.0891,3.011],[99.0923,3.0105],[99.094,3.0141],[99.098,3.0161],[99.1003,3.0156],[99.1017,3.0171],[99.1029,3.0149],[99.1066,3.0168],[99.1105,3.0158],[99.1027,3.0089],[99.1036,3.0066],[99.1003,3.0083],[99.0958,3.0059],[99.0926,2.9958],[99.0921,2.9878],[99.0947,2.9811],[99.0815,2.9786],[99.0816,2.9748],[99.0845,2.9739],[99.0845,2.9726],[99.0902,2.9724],[99.0878,2.9672],[99.0884,2.9646],[99.0815,2.9567],[99.0842,2.9557],[99.0879,2.9568],[99.0927,2.9594],[99.0941,2.962],[99.0983,2.9629],[99.1013,2.9597],[99.0929,2.9546],[99.0966,2.9436],[99.0991,2.9431],[99.0994,2.9415],[99.106,2.9415],[99.1003,2.9348],[99.0963,2.9338],[99.0935,2.9352],[99.086,2.9334],[99.0764,2.9247],[99.0689,2.9216],[99.0597,2.9149],[99.0527,2.913],[99.051,2.9084],[99.0489,2.9071],[99.046,2.9065],[99.0396,2.9084],[99.0365,2.9043],[99.0351,2.9046],[99.028,2.8922],[99.0224,2.8919],[99.0228,2.8936],[99.0175,2.8905],[99.0167,2.8995],[99.0248,2.9043],[99.0259,2.9087],[99.0343,2.9102],[99.0388,2.9137],[99.0327,2.9193],[99.0412,2.9243],[99.033,2.9312],[99.0301,2.9312],[99.0291,2.9371],[99.0269,2.9399],[99.0248,2.9386],[99.0242,2.9423],[99.0207,2.9452],[99.019,2.9494],[99.0219,2.9534],[99.0222,2.9524],[99.0223,2.9579],[99.0247,2.96],[99.0258,2.9681],[99.0259,2.9724],[99.022,2.9718],[99.0228,2.9759],[99.0208,2.9812],[99.025,2.9858],[99.026,2.9904],[99.0294,2.9915],[99.0309,2.9965],[99.0369,2.9977]]],[[[98.7481,3.2184],[98.7483,3.2185],[98.7482,3.2187],[98.7481,3.2188],[98.7481,3.2184]]]]},"properties":{"GID_2":"IDN.32.29_1","GID_0":"IDN","COUNTRY":"Indonesia","GID_1":"IDN.32_1","NAME_1":"SumateraUtara","NL_NAME_1":"NA","NAME_2":"Simalungun","VARNAME_2":"NA","NL_NAME_2":"NA","TYPE_2":"Kabupaten","ENGTYPE_2":"Regency","CC_2":"1209","HASC_2":"ID.SU.SM","Data Indek":"Sumatera Utara","Data Ind_1":5,"Data Ind_2":"(0)","Data Ind_3":6.9,"Data Ind_4":231.99,"Data Ind_5":159673,"Data Ind_6":0.35,"Data Ind_7":52,"Data Ind_8":99.99,"Data Ind_9":92.74,"Data Ind10":-0.2,"Data Ind11":"Tinggi"}},
{"type":"Feature","geometry":{"type":"MultiPolygon","coordinates":[[[[99.1634,1.0981],[99.166,1.0999],[99.1686,1.0986],[99.1712,1.0931],[99.1753,1.0935],[99.1773,1.0971],[99.1819,1.0979],[99.1844,1.0949],[99.1876,1.0958],[99.1926,1.0895],[99.1988,1.0906],[99.2004,1.087],[99.2033,1.0867],[99.2104,1.0808],[99.2094,1.0747],[99.2172,1.0697],[99.2182,1.0658],[99.2142,1.0623],[99.2187,1.0588],[99.2161,1.0549],[99.221,1.0445],[99.2222,1.0443],[99.2216,1.0487],[99.2284,1.0493],[99.2312,1.0487],[99.2358,1.0436],[99.2405,1.0421],[99.2496,1.0453],[99.2517,1.0485],[99.256,1.0492],[99.2615,1.053],[99.2638,1.0581],[99.2616,1.0662],[99.2659,1.0703],[99.2641,1.0739],[99.2677,1.0796],[99.2667,1.0836],[99.2688,1.0884],[99.2686,1.0962],[99.2718,1.0974],[99.2776,1.0954],[99.2825,1.0841],[99.2898,1.079],[99.2985,1.0641],[99.3054,1.06],[99.3057,1.0575],[99.3095,1.0546],[99.3112,1.048],[99.3151,1.044],[99.3198,1.0432],[99.3239,1.0384],[99.3305,1.0349],[99.3342,1.0307],[99.3363,1.0244],[99.3413,1.0256],[99.347,1.0215],[99.3483,1.0175],[99.351,1.0172],[99.3573,1.0183],[99.3599,1.0222],[99.3677,1.0201],[99.3726,1.0237],[99.3764,1.0227],[99.3866,1.0071],[99.389,1.0056],[99.3975,1.0064],[99.407,0.9957],[99.4122,0.9942],[99.4198,0.9882],[99.4215,0.9855],[99.4202,0.9799],[99.4281,0.9763],[99.4328,0.9757],[99.4364,0.9771],[99.4394,0.9758],[99.4431,0.9814],[99.4388,0.9873],[99.4405,0.9997],[99.4397,1.0222],[99.4433,1.0261],[99.4438,1.0305],[99.4422,1.0346],[99.4455,1.039],[99.4438,1.0431],[99.4444,1.0525],[99.4352,1.0652],[99.4241,1.0715],[99.4243,1.076],[99.429,1.0822],[99.428,1.0923],[99.4367,1.099],[99.4412,1.1098],[99.4435,1.1119],[99.4588,1.1152],[99.4745,1.1227],[99.4914,1.1211],[99.4953,1.1285],[99.5099,1.1309],[99.4841,1.1423],[99.4654,1.1595],[99.4616,1.1677],[99.4524,1.1763],[99.4473,1.1791],[99.4361,1.181],[99.431,1.1862],[99.4304,1.1985],[99.4214,1.215],[99.419,1.2254],[99.4198,1.229],[99.4242,1.2339],[99.4161,1.2517],[99.419,1.2608],[99.4174,1.2674],[99.4192,1.2784],[99.4126,1.285],[99.4078,1.3003],[99.3908,1.3144],[99.3928,1.3232],[99.391,1.3323],[99.3859,1.3369],[99.3778,1.353],[99.3689,1.3621],[99.3638,1.3775],[99.3527,1.3981],[99.3476,1.4045],[99.3457,1.4269],[99.3467,1.4307],[99.3519,1.4332],[99.3566,1.4341],[99.3665,1.4325],[99.3698,1.4299],[99.3828,1.4253],[99.3867,1.4187],[99.3946,1.4131],[99.3998,1.4136],[99.4002,1.4259],[99.3966,1.4307],[99.3976,1.4334],[99.4005,1.4349],[99.4054,1.4316],[99.407,1.4322],[99.4039,1.4424],[99.4045,1.4469],[99.4012,1.4543],[99.4036,1.4836],[99.4081,1.4899],[99.4189,1.4962],[99.4192,1.4982],[99.4165,1.4993],[99.4142,1.5031],[99.4295,1.5117],[99.4329,1.5151],[99.437,1.5149],[99.4382,1.5181],[99.4342,1.5225],[99.4268,1.526],[99.4217,1.5316],[99.4171,1.5475],[99.4096,1.5575],[99.404,1.559],[99.3906,1.5721],[99.3977,1.5751],[99.4058,1.5757],[99.4109,1.5777],[99.4293,1.5746],[99.4471,1.5842],[99.4542,1.5927],[99.4543,1.6029],[99.4506,1.6138],[99.444,1.6192],[99.437,1.622],[99.4349,1.6252],[99.4375,1.644],[99.4353,1.655],[99.4394,1.6637],[99.4435,1.6671],[99.4592,1.6697],[99.4645,1.6722],[99.4669,1.6759],[99.4681,1.6839],[99.4714,1.6879],[99.4733,1.6964],[99.4774,1.7022],[99.4893,1.7094],[99.5022,1.7147],[99.506,1.7218],[99.5114,1.7263],[99.5186,1.7288],[99.5224,1.7261],[99.5332,1.7247],[99.5376,1.7212],[99.5388,1.7176],[99.5504,1.7171],[99.5494,1.7236],[99.553,1.73],[99.5509,1.7341],[99.5524,1.7372],[99.5519,1.7417],[99.5582,1.7502],[99.5659,1.7567],[99.5649,1.777],[99.5705,1.8069],[99.5703,1.8145],[99.5674,1.8259],[99.5561,1.8471],[99.5542,1.8566],[99.5489,1.8597],[99.548,1.8627],[99.5505,1.8668],[99.56,1.8722],[99.5587,1.8853],[99.5712,1.8989],[99.5764,1.9104],[99.5747,1.912],[99.5669,1.912],[99.5642,1.9155],[99.5595,1.9172],[99.5552,1.9213],[99.5549,1.9273],[99.5527,1.9324],[99.5531,1.9421],[99.5464,1.9482],[99.5449,1.9529],[99.5496,1.964],[99.5491,1.9699],[99.5531,1.9723],[99.5578,1.9787],[99.5587,1.9921],[99.555,2],[99.5546,2.0088],[99.5573,2.017],[99.5658,2.0295],[99.556,2.0418],[99.5519,2.0543],[99.5463,2.0619],[99.551,2.0771],[99.5504,2.079],[99.5381,2.0915],[99.5226,2.0913],[99.5169,2.1022],[99.5131,2.1218],[99.5107,2.1237],[99.5027,2.1211],[99.4739,2.1192],[99.4595,2.1263],[99.4547,2.0947],[99.4499,2.0794],[99.4454,2.0257],[99.4479,2.01],[99.4473,2.0012],[99.458,1.9663],[99.4572,1.9546],[99.4523,1.9507],[99.4474,1.95],[99.4438,1.9513],[99.4389,1.9479],[99.419,1.9482],[99.4142,1.9439],[99.4044,1.94],[99.3799,1.9433],[99.3646,1.9369],[99.3537,1.9102],[99.3482,1.9065],[99.3417,1.9068],[99.3394,1.9045],[99.3407,1.8976],[99.3447,1.8948],[99.343,1.8899],[99.3438,1.884],[99.3415,1.8825],[99.3494,1.8747],[99.3466,1.8535],[99.3399,1.85],[99.3334,1.8408],[99.3248,1.8354],[99.3173,1.8336],[99.3115,1.8301],[99.3027,1.8064],[99.2938,1.789],[99.2969,1.7848],[99.2925,1.7738],[99.2774,1.7573],[99.2756,1.7595],[99.2177,1.6971],[99.2076,1.6972],[99.2012,1.6893],[99.1956,1.6863],[99.1841,1.676],[99.1705,1.6671],[99.1634,1.6647],[99.1487,1.6476],[99.145,1.6475],[99.1187,1.6485],[99.1168,1.6513],[99.1145,1.6511],[99.1107,1.6574],[99.1047,1.6614],[99.0972,1.6739],[99.0896,1.6816],[99.085,1.6913],[99.08,1.6941],[99.0779,1.6986],[99.0685,1.6968],[99.0617,1.6993],[99.0517,1.7001],[99.0603,1.6678],[99.057,1.643],[99.0449,1.629],[99.0379,1.6239],[99.0314,1.6068],[99.0294,1.5982],[99.0305,1.5903],[99.0273,1.5863],[99.0252,1.5766],[99.0214,1.5723],[99.0146,1.5692],[99.0119,1.5636],[99.0128,1.5564],[99.0049,1.5475],[99.0062,1.5425],[99.0017,1.5388],[98.9967,1.5385],[98.9922,1.5338],[98.9919,1.5275],[98.9883,1.5224],[98.9885,1.5125],[98.9922,1.511],[98.9942,1.5061],[99.0066,1.5023],[99.0135,1.4984],[99.0097,1.4848],[99.0119,1.4816],[99.0093,1.479],[99.0084,1.4736],[99.005,1.4716],[99.002,1.4707],[98.995,1.4725],[98.9907,1.4686],[98.981,1.4707],[98.9724,1.4638],[98.9691,1.467],[98.9619,1.46],[98.9645,1.4569],[98.971,1.4555],[98.9784,1.4555],[98.9829,1.4584],[98.9883,1.4542],[98.9849,1.4468],[98.9706,1.4391],[98.9676,1.4406],[98.9702,1.4449],[98.9679,1.4473],[98.9612,1.4469],[98.9566,1.4404],[98.9542,1.4445],[98.9485,1.4439],[98.9457,1.4469],[98.9412,1.4417],[98.9425,1.4353],[98.9351,1.44],[98.9266,1.4368],[98.9212,1.4413],[98.9239,1.4468],[98.9198,1.4464],[98.9168,1.4426],[98.9132,1.4476],[98.911,1.445],[98.9115,1.4409],[98.9064,1.4428],[98.9026,1.4393],[98.9014,1.44],[98.9024,1.4479],[98.8952,1.4469],[98.8969,1.4519],[98.8928,1.4525],[98.8877,1.45],[98.8837,1.4543],[98.8817,1.4492],[98.8799,1.4558],[98.8715,1.4659],[98.8697,1.463],[98.8707,1.4578],[98.8685,1.4546],[98.8648,1.4605],[98.866,1.4671],[98.8634,1.4664],[98.8595,1.4608],[98.8575,1.4621],[98.8561,1.4674],[98.8527,1.4598],[98.849,1.4618],[98.8489,1.4569],[98.8419,1.4611],[98.8389,1.4508],[98.8348,1.453],[98.832,1.4511],[98.8335,1.4461],[98.8381,1.4456],[98.8399,1.4415],[98.8433,1.4392],[98.8418,1.4349],[98.8429,1.4309],[98.8377,1.433],[98.8327,1.4282],[98.828,1.4326],[98.8246,1.4334],[98.8219,1.4308],[98.8213,1.4268],[98.8192,1.4277],[98.8183,1.4302],[98.8199,1.4342],[98.8177,1.4353],[98.8126,1.4305],[98.8074,1.4309],[98.8079,1.4258],[98.8052,1.4249],[98.8026,1.4261],[98.8023,1.4281],[98.8055,1.4327],[98.8006,1.4347],[98.7982,1.4304],[98.8006,1.425],[98.7982,1.4238],[98.7925,1.4276],[98.7873,1.4284],[98.785,1.4312],[98.7797,1.4316],[98.7851,1.4206],[98.8104,1.3934],[98.8235,1.3766],[98.8372,1.3545],[98.8463,1.3287],[98.8504,1.325],[98.8544,1.3149],[98.8522,1.3044],[98.8487,1.3019],[98.8423,1.3008],[98.8436,1.2976],[98.846,1.299],[98.8484,1.2973],[98.8522,1.2863],[98.854,1.2859],[98.8561,1.288],[98.8678,1.2792],[98.8699,1.2814],[98.8675,1.2833],[98.8691,1.288],[98.8814,1.2965],[98.8819,1.2987],[98.885,1.2979],[98.8887,1.3004],[98.8938,1.2968],[98.897,1.2994],[98.8991,1.2948],[98.9,1.2973],[98.9028,1.2984],[98.9057,1.2923],[98.9084,1.2943],[98.9119,1.3026],[98.9209,1.3079],[98.9204,1.3106],[98.9269,1.3218],[98.9368,1.3291],[98.9384,1.3279],[98.947,1.3295],[98.9521,1.3284],[98.9584,1.3174],[98.9633,1.3195],[98.9655,1.3179],[98.9706,1.2999],[98.9805,1.3008],[98.9869,1.2983],[98.9919,1.2992],[98.9956,1.2926],[99.0003,1.2887],[99.0058,1.2875],[99.0073,1.281],[99.0146,1.2704],[99.0208,1.2691],[99.0303,1.2718],[99.0332,1.2655],[99.0305,1.2622],[99.0316,1.256],[99.034,1.2518],[99.04,1.2487],[99.0385,1.2252],[99.049,1.2154],[99.0494,1.2047],[99.0639,1.197],[99.0676,1.1979],[99.0706,1.1932],[99.0688,1.1922],[99.0706,1.1902],[99.1386,1.1592],[99.1173,1.1075],[99.118,1.1011],[99.1221,1.1027],[99.1219,1.1079],[99.1264,1.1088],[99.1302,1.1072],[99.1326,1.1106],[99.1347,1.1067],[99.1461,1.1072],[99.1464,1.104],[99.1514,1.1025],[99.1528,1.0982],[99.1566,1.0997],[99.1634,1.0981]],[[99.2446,1.3811],[99.24,1.3843],[99.2368,1.3889],[99.2316,1.3917],[99.2289,1.3954],[99.2275,1.4046],[99.2218,1.4096],[99.2247,1.4146],[99.2273,1.4153],[99.2258,1.4557],[99.2343,1.4666],[99.2464,1.4703],[99.2988,1.4667],[99.3019,1.4386],[99.3248,1.4101],[99.3259,1.4041],[99.3204,1.4],[99.3191,1.4058],[99.3148,1.4049],[99.3083,1.407],[99.3078,1.4051],[99.3058,1.4063],[99.3059,1.3978],[99.3113,1.3909],[99.3083,1.3876],[99.3295,1.3506],[99.3463,1.326],[99.35,1.3158],[99.3494,1.3116],[99.3278,1.3099],[99.3207,1.3066],[99.3209,1.304],[99.3101,1.3041],[99.3034,1.3118],[99.3016,1.3175],[99.2781,1.3581],[99.2697,1.3595],[99.2656,1.3619],[99.2466,1.3628],[99.2453,1.3652],[99.2446,1.3811]]],[[[99.4268,1.4342],[99.435,1.4326],[99.4418,1.4335],[99.4443,1.446],[99.4408,1.4539],[99.4331,1.4612],[99.4318,1.4683],[99.4367,1.4754],[99.4341,1.4803],[99.4231,1.4765],[99.4242,1.4709],[99.4204,1.4644],[99.4213,1.4542],[99.4189,1.4469],[99.4253,1.439],[99.4268,1.4342]]]]},"properties":{"GID_2":"IDN.32.30_1","GID_0":"IDN","COUNTRY":"Indonesia","GID_1":"IDN.32_1","NAME_1":"SumateraUtara","NL_NAME_1":"NA","NAME_2":"TapanuliSelatan","VARNAME_2":"NA","NL_NAME_2":"NA","TYPE_2":"Kabupaten","ENGTYPE_2":"Regency","CC_2":"1203","HASC_2":"ID.SU.TP","Data Indek":"Sumatera Utara","Data Ind_1":2,"Data Ind_2":"(1)","Data Ind_3":6.2,"Data Ind_4":76.25,"Data Ind_5":47566,"Data Ind_6":24.99,"Data Ind_7":20,"Data Ind_8":99.42,"Data Ind_9":79.44,"Data Ind10":0.32,"Data Ind11":"Sangat Tinggi"}},
{"type":"Feature","geometry":{"type":"MultiPolygon","coordinates":[[[[98.9706,1.4391],[98.9845,1.4465],[98.987,1.4521],[98.9883,1.4542],[98.9829,1.4584],[98.9784,1.4555],[98.971,1.4555],[98.9645,1.4569],[98.9619,1.46],[98.9691,1.467],[98.9724,1.4638],[98.981,1.4707],[98.9907,1.4686],[98.995,1.4725],[99.002,1.4707],[99.005,1.4716],[99.0084,1.4736],[99.0093,1.479],[99.0119,1.4816],[99.0097,1.4848],[99.0135,1.4984],[99.0066,1.5023],[98.9942,1.5061],[98.9922,1.511],[98.9885,1.5125],[98.9883,1.5224],[98.9919,1.5275],[98.9922,1.5338],[98.9967,1.5385],[99.0017,1.5388],[99.0062,1.5425],[99.0049,1.5475],[99.0128,1.5564],[99.0119,1.5636],[99.0146,1.5692],[99.0214,1.5723],[99.0252,1.5766],[99.0273,1.5863],[99.0305,1.5903],[99.0294,1.5982],[99.0314,1.6068],[99.0379,1.6239],[99.0449,1.629],[99.057,1.643],[99.0603,1.6678],[99.0517,1.6992],[99.0618,1.6992],[99.0527,1.7132],[99.0506,1.7138],[99.0388,1.7021],[99.0298,1.6984],[99.0196,1.6905],[99.0172,1.6841],[99.012,1.6776],[99.0088,1.6642],[99.0017,1.6513],[98.9892,1.6508],[98.9863,1.6559],[98.9773,1.6618],[98.9696,1.6784],[98.9737,1.6976],[98.977,1.6993],[98.9835,1.7126],[98.9845,1.7216],[98.9827,1.7256],[98.9833,1.7364],[98.9887,1.7609],[98.9853,1.7719],[98.9808,1.7736],[98.9668,1.7641],[98.9581,1.7609],[98.9392,1.7604],[98.9331,1.7583],[98.923,1.7579],[98.9212,1.7563],[98.9129,1.7588],[98.907,1.7561],[98.8918,1.7544],[98.8811,1.7689],[98.8731,1.7933],[98.872,1.8021],[98.8605,1.8156],[98.8423,1.8242],[98.8261,1.8487],[98.815,1.8616],[98.8176,1.8664],[98.8158,1.8685],[98.8036,1.8724],[98.7885,1.8615],[98.7855,1.8685],[98.7852,1.8781],[98.7909,1.8894],[98.796,1.8891],[98.8087,1.8842],[98.8138,1.8862],[98.8159,1.8925],[98.8213,1.8996],[98.8202,1.9042],[98.8249,1.9117],[98.8228,1.919],[98.8236,1.926],[98.8196,1.9354],[98.8181,1.9441],[98.813,1.9446],[98.8071,1.9565],[98.7994,1.9601],[98.7806,1.9615],[98.7616,1.9577],[98.7467,1.9604],[98.7396,1.9593],[98.7353,1.9563],[98.7309,1.9589],[98.7226,1.9596],[98.7084,1.9661],[98.711,1.9683],[98.704,1.9743],[98.6908,1.9845],[98.6794,1.9895],[98.6829,2.008],[98.687,2.0183],[98.6758,2.0156],[98.6759,2.0167],[98.6706,2.0122],[98.6693,2.0143],[98.655,2.0158],[98.646,2.0206],[98.6437,2.0191],[98.6413,2.0113],[98.6388,2.0085],[98.6335,2.012],[98.6319,2.0153],[98.6277,2.0153],[98.6231,2.0126],[98.6128,2.0178],[98.6064,2.0226],[98.6042,2.0287],[98.6047,2.0342],[98.6081,2.039],[98.6023,2.0483],[98.6022,2.0514],[98.6049,2.0542],[98.6065,2.0616],[98.596,2.0712],[98.592,2.083],[98.5832,2.0819],[98.5799,2.0797],[98.5759,2.0807],[98.5622,2.0746],[98.5539,2.074],[98.549,2.0785],[98.5394,2.0832],[98.5283,2.082],[98.5255,2.0835],[98.5197,2.0833],[98.5061,2.0797],[98.4497,2.0927],[98.4449,2.0977],[98.4292,2.1078],[98.4175,2.113],[98.3863,2.1185],[98.3728,2.1317],[98.3516,2.1446],[98.3419,2.1457],[98.3355,2.1484],[98.3234,2.1585],[98.3069,2.1598],[98.3038,2.1613],[98.2918,2.1775],[98.2754,2.188],[98.2686,2.2033],[98.2647,2.2379],[98.2698,2.2418],[98.2664,2.2538],[98.2676,2.2568],[98.2576,2.263],[98.2543,2.2676],[98.2527,2.2761],[98.2309,2.2885],[98.197,2.3113],[98.188,2.2958],[98.1813,2.2591],[98.1781,2.253],[98.1725,2.2506],[98.1753,2.2485],[98.1788,2.2399],[98.1305,2.166],[98.1621,2.142],[98.1871,2.1155],[98.2088,2.106],[98.2236,2.0968],[98.2348,2.0867],[98.2431,2.0756],[98.2555,2.0695],[98.2609,2.0642],[98.2685,2.0534],[98.2716,2.0456],[98.2722,2.0389],[98.265,2.0291],[98.2661,2.0267],[98.2796,2.0285],[98.2804,2.0305],[98.2777,2.0365],[98.2781,2.0388],[98.2833,2.0428],[98.287,2.0435],[98.3101,2.0332],[98.3126,2.0345],[98.3126,2.0396],[98.3148,2.0429],[98.3183,2.0446],[98.3285,2.0422],[98.34,2.0464],[98.3545,2.0372],[98.3645,2.0262],[98.3687,2.0181],[98.3569,2.0033],[98.3608,2.0026],[98.3646,2.0048],[98.3741,2.0162],[98.3772,2.0165],[98.3925,2.0047],[98.3967,2.0076],[98.4035,2.0083],[98.4076,2.0066],[98.4166,2.0061],[98.4221,2.009],[98.4329,2.0066],[98.447,1.9997],[98.4906,1.9633],[98.5001,1.9508],[98.5002,1.9427],[98.5022,1.9407],[98.5077,1.9421],[98.5108,1.941],[98.5316,1.9164],[98.5432,1.9071],[98.561,1.8809],[98.562,1.8688],[98.5712,1.8623],[98.575,1.8628],[98.5744,1.8648],[98.5823,1.8619],[98.5891,1.8567],[98.5948,1.8475],[98.5995,1.8457],[98.6069,1.8392],[98.6213,1.8192],[98.6405,1.7988],[98.6537,1.7805],[98.6725,1.746],[98.6851,1.7345],[98.7193,1.7214],[98.7232,1.7158],[98.7265,1.716],[98.7278,1.7184],[98.7328,1.7171],[98.736,1.7204],[98.7394,1.7317],[98.7342,1.7313],[98.7313,1.7288],[98.7287,1.7315],[98.7287,1.7354],[98.7269,1.7369],[98.7304,1.74],[98.733,1.7478],[98.7326,1.7526],[98.7289,1.7572],[98.7329,1.7616],[98.7296,1.7621],[98.7316,1.7667],[98.7296,1.7673],[98.728,1.7659],[98.7179,1.7538],[98.7023,1.7692],[98.6929,1.7699],[98.6882,1.768],[98.685,1.772],[98.6817,1.7716],[98.6804,1.7698],[98.6811,1.7668],[98.675,1.7693],[98.6726,1.7672],[98.67,1.7678],[98.6689,1.7697],[98.6713,1.773],[98.6786,1.7744],[98.6979,1.7709],[98.6989,1.777],[98.7071,1.7856],[98.7246,1.7796],[98.7278,1.7745],[98.732,1.7765],[98.7356,1.7758],[98.7385,1.7779],[98.7367,1.7839],[98.7411,1.7823],[98.7433,1.7803],[98.7459,1.7723],[98.7525,1.7643],[98.7589,1.7648],[98.7683,1.7607],[98.7687,1.7564],[98.7948,1.7564],[98.7927,1.7511],[98.8022,1.7402],[98.8086,1.7295],[98.8029,1.7255],[98.8027,1.7233],[98.7998,1.7233],[98.7987,1.7213],[98.7962,1.7216],[98.7931,1.7194],[98.7891,1.7194],[98.7849,1.7225],[98.7804,1.7159],[98.7808,1.7121],[98.7843,1.7095],[98.7838,1.7054],[98.781,1.7046],[98.7817,1.7009],[98.785,1.7005],[98.7869,1.6907],[98.7948,1.6828],[98.8075,1.6892],[98.8114,1.6892],[98.8254,1.6778],[98.8283,1.6677],[98.8279,1.6641],[98.8194,1.6627],[98.8187,1.6613],[98.8208,1.6597],[98.829,1.659],[98.8381,1.6477],[98.84,1.6417],[98.8401,1.6291],[98.8391,1.6275],[98.833,1.6272],[98.8206,1.6009],[98.8134,1.6034],[98.807,1.6035],[98.8007,1.5979],[98.7995,1.5878],[98.7977,1.5843],[98.7955,1.5835],[98.7992,1.5784],[98.8075,1.5782],[98.809,1.5716],[98.8073,1.5679],[98.8037,1.5674],[98.8009,1.5698],[98.7919,1.5716],[98.7892,1.5799],[98.7826,1.5809],[98.781,1.5754],[98.7732,1.5678],[98.7724,1.5646],[98.7749,1.5546],[98.7692,1.5438],[98.7697,1.5364],[98.7686,1.5312],[98.7663,1.5285],[98.759,1.5304],[98.748,1.5409],[98.7417,1.5526],[98.7403,1.5595],[98.7334,1.5647],[98.7311,1.5682],[98.723,1.568],[98.7191,1.5711],[98.712,1.5644],[98.7182,1.5532],[98.7252,1.5484],[98.7291,1.5314],[98.7332,1.5242],[98.7377,1.5217],[98.7445,1.5103],[98.7595,1.5018],[98.7647,1.4947],[98.7755,1.4642],[98.776,1.4458],[98.7797,1.4316],[98.785,1.4312],[98.7873,1.4284],[98.7925,1.4276],[98.7982,1.4238],[98.8006,1.425],[98.7982,1.4304],[98.8006,1.4347],[98.8055,1.4327],[98.8023,1.4281],[98.8026,1.4261],[98.8052,1.4249],[98.8079,1.4258],[98.8074,1.4309],[98.8126,1.4305],[98.8177,1.4353],[98.8199,1.4342],[98.8183,1.4302],[98.8192,1.4277],[98.8213,1.4268],[98.8219,1.4308],[98.8246,1.4334],[98.828,1.4326],[98.8327,1.4282],[98.8377,1.433],[98.8429,1.4309],[98.8418,1.4349],[98.8433,1.4392],[98.8399,1.4415],[98.8381,1.4456],[98.8335,1.4461],[98.832,1.4511],[98.8348,1.453],[98.8389,1.4508],[98.8419,1.4611],[98.8489,1.4569],[98.849,1.4618],[98.8527,1.4598],[98.8561,1.4674],[98.8575,1.4621],[98.8595,1.4608],[98.8634,1.4664],[98.866,1.4671],[98.8648,1.4605],[98.8685,1.4546],[98.8707,1.4578],[98.8697,1.463],[98.8715,1.4659],[98.8799,1.4558],[98.8817,1.4492],[98.8837,1.4543],[98.8877,1.45],[98.8928,1.4525],[98.8969,1.4519],[98.8952,1.4469],[98.9024,1.4479],[98.9014,1.44],[98.9026,1.4393],[98.9064,1.4428],[98.9115,1.4409],[98.911,1.445],[98.9132,1.4476],[98.9168,1.4426],[98.9198,1.4464],[98.9239,1.4468],[98.9212,1.4413],[98.9266,1.4368],[98.9351,1.44],[98.9425,1.4353],[98.9412,1.4417],[98.9457,1.4469],[98.9485,1.4439],[98.9542,1.4445],[98.9566,1.4404],[98.9601,1.4461],[98.964,1.4477],[98.9697,1.4461],[98.97,1.4439],[98.9676,1.4406],[98.9706,1.4391]]],[[[98.4933,1.6654],[98.4975,1.6701],[98.497,1.6771],[98.5012,1.6762],[98.5054,1.6814],[98.4994,1.6842],[98.4961,1.6823],[98.4896,1.6823],[98.4896,1.6884],[98.4928,1.6964],[98.4821,1.7034],[98.456,1.702],[98.4415,1.6696],[98.4439,1.6513],[98.4602,1.6372],[98.4742,1.6396],[98.4924,1.6311],[98.5003,1.6241],[98.5162,1.6241],[98.5325,1.6297],[98.5381,1.6335],[98.5484,1.6307],[98.5512,1.625],[98.5512,1.6204],[98.5638,1.6152],[98.5684,1.6185],[98.5731,1.6189],[98.5782,1.6147],[98.5801,1.6185],[98.5796,1.6227],[98.5848,1.6246],[98.5983,1.6213],[98.6053,1.6114],[98.6109,1.6133],[98.6071,1.6274],[98.6058,1.6307],[98.6006,1.6335],[98.6006,1.6382],[98.5862,1.6457],[98.5862,1.6574],[98.5899,1.6626],[98.5871,1.6659],[98.5806,1.6607],[98.5792,1.6556],[98.5801,1.6504],[98.5764,1.6476],[98.5708,1.6481],[98.5661,1.6504],[98.5717,1.6654],[98.5717,1.6706],[98.5647,1.6711],[98.56,1.6781],[98.5563,1.6767],[98.5549,1.6739],[98.5502,1.6795],[98.5451,1.6819],[98.5479,1.6739],[98.547,1.6654],[98.539,1.6546],[98.5432,1.6518],[98.5344,1.641],[98.5283,1.6443],[98.5255,1.649],[98.5106,1.648],[98.505,1.6494],[98.5054,1.6541],[98.504,1.6565],[98.497,1.6532],[98.4919,1.656],[98.4938,1.6598],[98.4933,1.6654]]],[[[98.5492,1.853],[98.5442,1.8533],[98.5434,1.8478],[98.5492,1.853]]],[[[98.4975,1.9348],[98.4994,1.9385],[98.4957,1.937],[98.4953,1.9346],[98.4975,1.9348]]],[[[98.1826,2.0924],[98.1831,2.0948],[98.1789,2.0981],[98.1748,2.0922],[98.1772,2.0914],[98.1826,2.0924]]]]},"properties":{"GID_2":"IDN.32.31_1","GID_0":"IDN","COUNTRY":"Indonesia","GID_1":"IDN.32_1","NAME_1":"SumateraUtara","NL_NAME_1":"NA","NAME_2":"TapanuliTengah","VARNAME_2":"NA","NL_NAME_2":"NA","TYPE_2":"Kabupaten","ENGTYPE_2":"Regency","CC_2":"1204","HASC_2":"ID.SU.TT","Data Indek":"Sumatera Utara","Data Ind_1":4,"Data Ind_2":"(0)","Data Ind_3":11,"Data Ind_4":174.59,"Data Ind_5":52497,"Data Ind_6":13.8,"Data Ind_7":26,"Data Ind_8":99.85,"Data Ind_9":85.58,"Data Ind10":-0.11,"Data Ind11":"Tinggi"}},
{"type":"Feature","geometry":{"type":"MultiPolygon","coordinates":[[[[99.1187,1.6485],[99.1219,1.648],[99.1487,1.6476],[99.1634,1.6647],[99.1705,1.6671],[99.1841,1.676],[99.1956,1.6863],[99.2012,1.6893],[99.2076,1.6972],[99.2177,1.6971],[99.2756,1.7595],[99.2774,1.7573],[99.2925,1.7738],[99.2969,1.7848],[99.2938,1.789],[99.3027,1.8064],[99.3115,1.8301],[99.3173,1.8336],[99.3248,1.8354],[99.3334,1.8408],[99.3399,1.85],[99.3466,1.8535],[99.3494,1.8747],[99.3415,1.8825],[99.3438,1.884],[99.343,1.8899],[99.3447,1.8948],[99.3407,1.8976],[99.3394,1.9045],[99.3417,1.9068],[99.3482,1.9065],[99.3537,1.9102],[99.3646,1.9369],[99.3799,1.9433],[99.4044,1.94],[99.4142,1.9439],[99.419,1.9482],[99.4389,1.9479],[99.4438,1.9513],[99.4474,1.95],[99.4523,1.9507],[99.4572,1.9546],[99.458,1.9663],[99.4473,2.0012],[99.4479,2.01],[99.4454,2.0257],[99.4499,2.0794],[99.4547,2.0947],[99.4595,2.1263],[99.4357,2.1238],[99.4192,2.1364],[99.4071,2.1501],[99.3983,2.1563],[99.3939,2.1661],[99.3924,2.1662],[99.3923,2.169],[99.3896,2.1691],[99.3819,2.1666],[99.3797,2.1641],[99.3694,2.1436],[99.3655,2.143],[99.3421,2.1299],[99.3344,2.1233],[99.327,2.1243],[99.321,2.1223],[99.315,2.123],[99.3045,2.1177],[99.2972,2.1161],[99.2919,2.1117],[99.2775,2.1144],[99.263,2.1222],[99.2584,2.1225],[99.2474,2.1272],[99.2352,2.1452],[99.233,2.1514],[99.2197,2.1651],[99.208,2.1863],[99.2126,2.186],[99.2133,2.1876],[99.2118,2.1906],[99.2124,2.1947],[99.2106,2.1969],[99.2124,2.1982],[99.2108,2.2025],[99.2121,2.2129],[99.1988,2.2309],[99.1793,2.2317],[99.1601,2.2361],[99.1582,2.2374],[99.1584,2.2393],[99.1377,2.2566],[99.129,2.256],[99.1252,2.2593],[99.1183,2.2562],[99.1027,2.2551],[99.0968,2.2609],[99.0957,2.2676],[99.0843,2.2722],[99.067,2.2723],[99.0647,2.2704],[99.0579,2.2694],[99.0327,2.2544],[99.0253,2.253],[99.0025,2.2531],[99.0053,2.2684],[98.9993,2.2812],[98.9936,2.3047],[98.9871,2.347],[98.9832,2.3487],[98.9809,2.3473],[98.9784,2.3384],[98.9758,2.3391],[98.9716,2.3411],[98.9683,2.3478],[98.9674,2.3426],[98.9601,2.3548],[98.9596,2.3506],[98.956,2.3498],[98.9541,2.3532],[98.9483,2.3533],[98.9448,2.3597],[98.9346,2.3573],[98.932,2.354],[98.9263,2.3547],[98.9167,2.3515],[98.9154,2.3492],[98.9117,2.349],[98.9103,2.3413],[98.905,2.3344],[98.9028,2.3344],[98.8926,2.3413],[98.8932,2.3434],[98.8883,2.3478],[98.8812,2.3445],[98.8783,2.3448],[98.8742,2.3417],[98.8691,2.3455],[98.8699,2.3494],[98.864,2.3508],[98.8597,2.3491],[98.86,2.3448],[98.8565,2.3388],[98.859,2.3342],[98.8584,2.3317],[98.8663,2.3348],[98.874,2.3322],[98.886,2.3358],[98.8897,2.3285],[98.8932,2.3257],[98.9,2.327],[98.9241,2.324],[98.9284,2.3264],[98.9327,2.3224],[98.9378,2.3239],[98.9402,2.32],[98.9539,2.3213],[98.9587,2.3123],[98.9583,2.3101],[98.9643,2.301],[98.971,2.298],[98.9683,2.2831],[98.9727,2.275],[98.9724,2.2725],[98.9646,2.2744],[98.9647,2.2707],[98.9581,2.2673],[98.9407,2.2625],[98.9285,2.2336],[98.9251,2.2333],[98.9216,2.2293],[98.8952,2.222],[98.8743,2.2107],[98.8639,2.2023],[98.8308,2.195],[98.8111,2.1881],[98.8167,2.1695],[98.8165,2.1611],[98.7993,2.1582],[98.7812,2.148],[98.7659,2.1436],[98.7494,2.1314],[98.7393,2.1317],[98.7356,2.1268],[98.725,2.1262],[98.7265,2.1163],[98.6829,2.008],[98.6794,1.9895],[98.6908,1.9845],[98.704,1.9743],[98.711,1.9683],[98.7084,1.9661],[98.7255,1.9587],[98.7309,1.9589],[98.7353,1.9563],[98.7396,1.9593],[98.7467,1.9604],[98.7616,1.9577],[98.7806,1.9615],[98.7994,1.9601],[98.8071,1.9565],[98.813,1.9446],[98.8181,1.9441],[98.8196,1.9354],[98.8236,1.926],[98.8228,1.919],[98.8249,1.9117],[98.8202,1.9042],[98.8213,1.8996],[98.8159,1.8925],[98.8138,1.8862],[98.8087,1.8842],[98.796,1.8891],[98.7909,1.8894],[98.7852,1.8781],[98.7855,1.8685],[98.7885,1.8615],[98.8036,1.8724],[98.8158,1.8685],[98.8176,1.8664],[98.815,1.8616],[98.8261,1.8487],[98.8423,1.8242],[98.8605,1.8156],[98.872,1.8021],[98.8731,1.7933],[98.8811,1.7689],[98.8918,1.7544],[98.907,1.7561],[98.9129,1.7588],[98.9212,1.7563],[98.923,1.7579],[98.9331,1.7583],[98.9392,1.7604],[98.9581,1.7609],[98.9668,1.7641],[98.9808,1.7736],[98.9853,1.7719],[98.9887,1.7609],[98.9833,1.7364],[98.9827,1.7256],[98.9845,1.7216],[98.9835,1.7126],[98.977,1.6993],[98.9737,1.6976],[98.9696,1.6784],[98.9773,1.6618],[98.9863,1.6559],[98.9892,1.6508],[99.0017,1.6513],[99.0088,1.6642],[99.012,1.6776],[99.0172,1.6841],[99.0196,1.6905],[99.0298,1.6984],[99.0388,1.7021],[99.0516,1.7141],[99.0618,1.6992],[99.0685,1.6968],[99.0781,1.6984],[99.08,1.6941],[99.085,1.6913],[99.0896,1.6816],[99.0972,1.6739],[99.1047,1.6614],[99.1107,1.6574],[99.1145,1.6511],[99.1168,1.6513],[99.1187,1.6485]]],[[[98.884,2.3599],[98.8863,2.3589],[98.8885,2.3578],[98.889,2.3527],[98.8922,2.3491],[98.8987,2.3466],[98.9106,2.3525],[98.9111,2.356],[98.9079,2.358],[98.9108,2.3615],[98.9052,2.3656],[98.9033,2.3723],[98.9039,2.3785],[98.9016,2.3823],[98.8965,2.382],[98.8946,2.3801],[98.8945,2.3686],[98.8859,2.3673],[98.884,2.3599]]]]},"properties":{"GID_2":"IDN.32.32_1","GID_0":"IDN","COUNTRY":"Indonesia","GID_1":"IDN.32_1","NAME_1":"SumateraUtara","NL_NAME_1":"NA","NAME_2":"TapanuliUtara","VARNAME_2":"NA","NL_NAME_2":"NA","TYPE_2":"Kabupaten","ENGTYPE_2":"Regency","CC_2":"1205","HASC_2":"ID.SU.TU","Data Indek":"Sumatera Utara","Data Ind_1":1,"Data Ind_2":"(0)","Data Ind_3":7.5,"Data Ind_4":84.93,"Data Ind_5":58326,"Data Ind_6":9.77,"Data Ind_7":23,"Data Ind_8":99.95,"Data Ind_9":93.65,"Data Ind10":-0.43,"Data Ind11":"Sedang"}},
{"type":"Feature","geometry":{"type":"Polygon","coordinates":[[[99.1438,3.2913],[99.1378,3.3039],[99.137,3.3053],[99.1388,3.3096],[99.1404,3.3088],[99.1442,3.3117],[99.1462,3.3069],[99.1495,3.308],[99.1509,3.3056],[99.153,3.3054],[99.1554,3.3063],[99.1542,3.3091],[99.1731,3.3092],[99.1731,3.3065],[99.1818,3.3064],[99.1838,3.3089],[99.1926,3.3109],[99.1914,3.3178],[99.1874,3.3172],[99.1839,3.3311],[99.1824,3.3321],[99.1832,3.3373],[99.1903,3.341],[99.1938,3.3515],[99.1888,3.3583],[99.1781,3.3538],[99.1753,3.3496],[99.1677,3.3504],[99.1677,3.3532],[99.1719,3.3552],[99.1681,3.36],[99.1699,3.3644],[99.1727,3.3643],[99.1732,3.3663],[99.1774,3.3681],[99.1767,3.3715],[99.1689,3.3785],[99.1682,3.3741],[99.1546,3.3672],[99.1663,3.3557],[99.1596,3.3493],[99.1584,3.3478],[99.1593,3.3469],[99.1544,3.3416],[99.1451,3.35],[99.14,3.3449],[99.1354,3.3498],[99.1289,3.3499],[99.1243,3.3441],[99.1144,3.3371],[99.1149,3.3358],[99.1249,3.3359],[99.125,3.3293],[99.1289,3.3279],[99.1293,3.3243],[99.1268,3.3213],[99.1301,3.3198],[99.1295,3.3179],[99.1335,3.3126],[99.1317,3.3117],[99.1324,3.3083],[99.1296,3.3088],[99.1291,3.3061],[99.1263,3.3074],[99.119,3.3016],[99.1249,3.2896],[99.1363,3.2776],[99.1381,3.2784],[99.1365,3.2811],[99.137,3.2836],[99.1438,3.2913]]]},"properties":{"GID_2":"IDN.32.33_1","GID_0":"IDN","COUNTRY":"Indonesia","GID_1":"IDN.32_1","NAME_1":"SumateraUtara","NL_NAME_1":"NA","NAME_2":"Tebingtinggi","VARNAME_2":"NA","NL_NAME_2":"NA","TYPE_2":"Kota","ENGTYPE_2":"City","CC_2":"1274","HASC_2":"ID.SU.TG","Data Indek":"Sumatera Utara","Data Ind_1":6,"Data Ind_2":"(0)","Data Ind_3":8.7,"Data Ind_4":4671.13,"Data Ind_5":29645,"Data Ind_6":0.8,"Data Ind_7":15,"Data Ind_8":99.99,"Data Ind_9":100,"Data Ind10":-0.08,"Data Ind11":"Tinggi"}},
{"type":"Feature","geometry":{"type":"MultiPolygon","coordinates":[[[[99.233,2.1514],[99.2352,2.1452],[99.2474,2.1272],[99.2584,2.1225],[99.263,2.1222],[99.2775,2.1144],[99.2919,2.1117],[99.2972,2.1161],[99.3045,2.1177],[99.315,2.123],[99.321,2.1223],[99.327,2.1243],[99.3344,2.1233],[99.3421,2.1299],[99.3655,2.143],[99.3694,2.1436],[99.3819,2.1666],[99.3923,2.169],[99.3933,2.1654],[99.4092,2.1828],[99.4173,2.1994],[99.4156,2.2109],[99.4171,2.2134],[99.4229,2.2157],[99.4358,2.2174],[99.4649,2.2291],[99.4741,2.2337],[99.4762,2.2393],[99.482,2.2427],[99.4969,2.2433],[99.501,2.247],[99.5224,2.2417],[99.53,2.2467],[99.537,2.2481],[99.5381,2.25],[99.5363,2.2555],[99.5346,2.2563],[99.5402,2.2594],[99.5425,2.2658],[99.5469,2.2684],[99.5456,2.2718],[99.5466,2.2838],[99.5448,2.293],[99.5489,2.3069],[99.5557,2.3096],[99.5611,2.3023],[99.5642,2.3065],[99.5774,2.3073],[99.5849,2.3132],[99.5828,2.3281],[99.5515,2.3365],[99.5331,2.3435],[99.5198,2.3513],[99.5211,2.3549],[99.5196,2.3595],[99.5204,2.3634],[99.5176,2.3665],[99.5174,2.3723],[99.5188,2.3762],[99.523,2.3785],[99.5211,2.3871],[99.5241,2.3886],[99.5232,2.3944],[99.5264,2.4035],[99.5271,2.4132],[99.5256,2.4174],[99.5276,2.4322],[99.5231,2.4349],[99.5197,2.4408],[99.5225,2.4461],[99.5279,2.4499],[99.5238,2.4568],[99.524,2.4603],[99.519,2.4551],[99.512,2.4397],[99.514,2.431],[99.5176,2.4248],[99.5173,2.4189],[99.5159,2.4165],[99.5117,2.4166],[99.5098,2.4143],[99.5109,2.411],[99.5172,2.4059],[99.517,2.4026],[99.5196,2.3994],[99.5166,2.3982],[99.5156,2.3956],[99.5099,2.3968],[99.5031,2.3953],[99.4192,2.46],[99.4398,2.489],[99.4462,2.4939],[99.4506,2.5018],[99.4493,2.505],[99.4525,2.5403],[99.4612,2.5508],[99.4429,2.5625],[99.4558,2.5762],[99.4585,2.6008],[99.4458,2.5936],[99.4448,2.5868],[99.446,2.5823],[99.4435,2.5779],[99.4328,2.568],[99.4267,2.5704],[99.4214,2.5635],[99.4154,2.5605],[99.41,2.5618],[99.4105,2.5669],[99.4205,2.5899],[99.4264,2.5952],[99.4257,2.5976],[99.4055,2.5901],[99.3974,2.5824],[99.3911,2.5666],[99.3863,2.5638],[99.3832,2.5655],[99.3793,2.5647],[99.3733,2.5686],[99.3685,2.5683],[99.3648,2.5656],[99.3632,2.5661],[99.3597,2.5623],[99.3488,2.5604],[99.3454,2.5635],[99.3422,2.5624],[99.3418,2.5645],[99.3266,2.5662],[99.3246,2.5642],[99.3177,2.5632],[99.3146,2.5593],[99.3137,2.5618],[99.3106,2.5618],[99.3088,2.5541],[99.3085,2.5741],[99.3039,2.5743],[99.2934,2.564],[99.2852,2.559],[99.277,2.55],[99.2675,2.5493],[99.2554,2.5407],[99.2478,2.5394],[99.2387,2.5445],[99.2304,2.5448],[99.219,2.5367],[99.2136,2.5237],[99.2075,2.5295],[99.1837,2.5329],[99.1817,2.5389],[99.1811,2.5526],[99.1771,2.5571],[99.1673,2.5608],[99.1614,2.568],[99.1571,2.5681],[99.1454,2.5731],[99.14,2.572],[99.132,2.567],[99.1253,2.569],[99.1176,2.5688],[99.1137,2.5735],[99.1012,2.5719],[99.0981,2.5729],[99.0874,2.5818],[99.0765,2.595],[99.0741,2.6046],[99.0641,2.6112],[99.0495,2.629],[99.0423,2.6337],[99.0392,2.6291],[99.0282,2.6192],[99.0155,2.6138],[99.0068,2.6137],[99.0048,2.6102],[99.0003,2.6101],[99.0001,2.6119],[98.9986,2.6115],[98.9919,2.6026],[98.9772,2.6016],[98.961,2.6139],[98.9631,2.6211],[98.9622,2.6259],[98.9567,2.6348],[98.9582,2.6471],[98.9453,2.653],[98.9362,2.6595],[98.9332,2.6584],[98.932,2.6519],[98.9248,2.6538],[98.9165,2.6386],[98.908,2.6287],[98.9128,2.6221],[98.9133,2.6127],[98.9171,2.6032],[98.9155,2.5985],[98.9175,2.5972],[98.9232,2.6015],[98.9277,2.5998],[98.9239,2.5932],[98.924,2.5858],[98.9259,2.584],[98.9319,2.583],[98.9349,2.578],[98.941,2.5756],[98.9462,2.5679],[98.9491,2.5678],[98.9481,2.5644],[98.9497,2.5631],[98.9543,2.5624],[98.9519,2.5669],[98.953,2.5686],[98.9607,2.5674],[98.9636,2.5648],[98.9656,2.5656],[98.9735,2.5533],[98.9786,2.5552],[98.9803,2.561],[98.9833,2.5584],[98.9828,2.5512],[98.9871,2.5478],[98.9888,2.5417],[98.9956,2.5408],[98.9915,2.5484],[98.9935,2.5505],[99.0042,2.5425],[99.0085,2.5369],[99.0079,2.5324],[99.0114,2.5282],[99.0284,2.5208],[99.0335,2.5239],[99.0317,2.5219],[99.0321,2.5167],[99.0405,2.5115],[99.0393,2.5092],[99.0359,2.5096],[99.0393,2.5013],[99.0428,2.4986],[99.0483,2.489],[99.0491,2.4802],[99.046,2.4753],[99.0461,2.4701],[99.0477,2.4674],[99.051,2.4661],[99.0487,2.4643],[99.0487,2.4595],[99.0524,2.457],[99.0542,2.452],[99.0576,2.4484],[99.0541,2.4441],[99.0585,2.4429],[99.0539,2.43],[99.0532,2.4221],[99.0473,2.4137],[99.0448,2.414],[99.0449,2.4123],[99.0417,2.41],[99.0437,2.4082],[99.0434,2.4041],[99.0483,2.3956],[99.0589,2.3987],[99.0649,2.397],[99.0683,2.4018],[99.0751,2.4025],[99.0779,2.4059],[99.0847,2.4071],[99.0903,2.4101],[99.0965,2.4093],[99.0989,2.406],[99.0998,2.4101],[99.1036,2.4144],[99.1147,2.4169],[99.114,2.4219],[99.1183,2.4232],[99.1213,2.4325],[99.13,2.438],[99.1322,2.4363],[99.136,2.4379],[99.1375,2.434],[99.1446,2.4359],[99.1512,2.4291],[99.1545,2.4197],[99.1544,2.4099],[99.1517,2.4036],[99.1532,2.3991],[99.1518,2.396],[99.1501,2.3957],[99.1515,2.3917],[99.1475,2.3846],[99.1322,2.3728],[99.1267,2.3722],[99.1222,2.3746],[99.1223,2.3791],[99.114,2.3759],[99.1156,2.3737],[99.1154,2.3699],[99.1099,2.3593],[99.1074,2.3577],[99.1058,2.3614],[99.1003,2.355],[99.0849,2.3524],[99.0839,2.3512],[99.0856,2.3489],[99.0828,2.3448],[99.0795,2.345],[99.0737,2.349],[99.0696,2.3475],[99.0629,2.3416],[99.062,2.3363],[99.0575,2.335],[99.0419,2.3499],[99.0373,2.3497],[99.0367,2.3549],[99.03,2.3639],[99.0283,2.3639],[99.0258,2.3619],[99.0256,2.3537],[99.0225,2.3492],[99.0147,2.3469],[99.0147,2.3413],[99.0127,2.3396],[99.008,2.3421],[99.0086,2.3395],[99.0029,2.3378],[99.0047,2.3342],[99.0036,2.3266],[98.9991,2.3215],[98.9966,2.3221],[98.9922,2.3285],[98.9893,2.3371],[98.9936,2.3047],[98.9993,2.2812],[99.0053,2.2684],[99.0022,2.2535],[99.0253,2.253],[99.0327,2.2544],[99.0579,2.2694],[99.0647,2.2704],[99.067,2.2723],[99.0843,2.2722],[99.0957,2.2676],[99.0968,2.2609],[99.1027,2.2551],[99.1183,2.2562],[99.1252,2.2593],[99.129,2.256],[99.1377,2.2566],[99.1584,2.2393],[99.1582,2.2374],[99.1601,2.2361],[99.1793,2.2317],[99.1988,2.2309],[99.2121,2.2129],[99.2108,2.2025],[99.2124,2.1982],[99.2106,2.1969],[99.2124,2.1947],[99.2118,2.1906],[99.2133,2.1876],[99.2126,2.186],[99.208,2.1863],[99.2163,2.1703],[99.2272,2.1559],[99.233,2.1514]]],[[[99.4585,2.6008],[99.4584,2.6009],[99.4581,2.6011],[99.4585,2.6008]]]]},"properties":{"GID_2":"IDN.32.34_1","GID_0":"IDN","COUNTRY":"Indonesia","GID_1":"IDN.32_1","NAME_1":"SumateraUtara","NL_NAME_1":"NA","NAME_2":"TobaSamosir","VARNAME_2":"NA","NL_NAME_2":"NA","TYPE_2":"Kabupaten","ENGTYPE_2":"Regency","CC_2":"1206","HASC_2":"ID.SU.TR","Data Indek":"Sumatera Utara","Data Ind_1":0,"Data Ind_2":"(1)","Data Ind_3":7.2,"Data Ind_4":95.82,"Data Ind_5":39789,"Data Ind_6":3.64,"Data Ind_7":21,"Data Ind_8":99.77,"Data Ind_9":84.43,"Data Ind10":0.04,"Data Ind11":"Tinggi"}}
]}